holdout,n_train,n_test,r,r2
freq>20,48552,398,0.557728,0.311061
freq>5,46985,1965,0.520292,0.270704
freq>1,34867,14083,0.465272,0.216478
