fold,n_train,n_test,train_r,train_r2,test_r,test_r2,test_rho
0,48950,340042,0.762912,0.582034,0.248687,0.061845,0.223531
