fold,n_train,n_test,train_r,train_r2,test_r,test_r2,test_rho
0,48950,24461,0.762912,0.582034,0.146912,0.021583,0.135467
