k_folds,k_pls,n,cv_r,cv_r2,cv_rho
10,15,340042,0.475542,0.22614,0.401727
