word1,word2,preference,mlp_pred,fold
abetting,aiding,-5.121723175048828,0.18803784251213074,0
academic,parental,-4.740234375,0.06046956032514572,0
acceptance,recognition,0.36328125,0.08804339915513992,0
acoustic,electric,-5.0009765625,-0.06478893011808395,0
adenine,guanine,-7.71484375,-0.1356278955936432,0
adjustment,haggling,-9.967681884765625,-0.06523045897483826,0
adventures,pictures,6.238652229309082,0.11082043498754501,0
affirmation,liberation,1.455078125,-0.4204486608505249,0
afloat,popular,2.3040847778320312,-0.0739053413271904,0
agents,supplies,2.25,-0.17278698086738586,0
agreed,approved,0.31591796875,0.06993217021226883,0
ahead,shiver,2.0021896362304688,0.17685064673423767,0
airfields,factories,13.365234375,-0.011516936123371124,0
airfields,ports,0.041015625,-0.182575523853302,0
ands,ifs,2.16796875,-0.5617814660072327,0
angrier,angrier,-5.533203125,-0.05366497114300728,0
annoyance,disappointment,1.54296875,0.05154021829366684,0
annoyed,restless,-2.605865955352783,-0.14685112237930298,0
anthropology,voice,-7.5626220703125,0.0850774273276329,0
apart,floor,1.65625,0.24075940251350403,0
apologize,stuff,-5.8671875,0.08299834281206131,0
appalling,terrible,4.376190185546875,-0.3691958785057068,0
applauding,cheering,-3.3794708251953125,0.28031569719314575,0
aqueducts,sewers,-1.61517333984375,-0.7294918298721313,0
arm,arm,-2.56646728515625,-0.05366497114300728,0
aroused,irritated,0.6572265625,0.1707344353199005,0
arrogance,riches,-3.982177734375,-0.11718399822711945,0
arteries,veins,1.327972412109375,0.3734588027000427,0
arums,mangroves,0.7258892059326172,0.15428417921066284,0
associate,supporting,-1.3051681518554688,-0.2380427122116089,0
attack,attack,4.84765625,-0.05366497114300728,0
attack,defense,-0.44138336181640625,-0.04896779730916023,0
attractions,television,-5.810815334320068,-0.4453178346157074,0
away,away,-1.423828125,-0.05366497114300728,0
away,down,-4.27734375,-0.010225281119346619,0
away,good,-3.1514892578125,0.022639058530330658,0
axes,scythes,-4.2294921875,-0.12989811599254608,0
axes,shovels,4.674860000610352,-0.2364647388458252,0
axes,spades,-1.9794921875,-0.0773242935538292,0
bacon,bread,9.259765625,-0.8094404339790344,0
bacon,cornbread,1.32354736328125,0.056132785975933075,0
bald,stony,2.831759452819824,0.064979188144207,0
bald,toothless,-9.125,0.20119160413742065,0
bales,boxes,2.115234375,-0.17808948457241058,0
banged,clattered,3.95703125,0.03157941251993179,0
barrows,shovels,-0.8046875,0.8728188276290894,0
bat,scull,0.2435302734375,-0.11599527299404144,0
beast,men,-1.9326171875,-0.18957436084747314,0
beige,green,-3.499755859375,-0.04451780766248703,0
beneficent,patriarchal,-0.469895601272583,0.15008321404457092,0
better,better,1.64453125,-0.05366497114300728,0
better,good,3.932657241821289,-0.15570470690727234,0
better,popular,3.5546875,-0.45681852102279663,0
better,worse,4.38330078125,-0.11269371211528778,0
biblical,julian,7.9000244140625,0.38753193616867065,0
billboards,magazines,4.3228759765625,-0.46057265996932983,0
billions,billions,-10.3564453125,-0.05366497114300728,0
blanket,coat,5.547752380371094,0.1352643370628357,0
blanket,doll,-6.858951568603516,-0.1682763695716858,0
blanket,popbeads,0.9959545135498047,0.00573914498090744,0
blindfold,plaintively,-2.257080078125,0.16918310523033142,0
blink,sit,1.2021484375,-0.2879512310028076,0
blistered,bloody,6.95361328125,0.3560549020767212,0
blistered,burned,5.50537109375,-0.30634358525276184,0
bloody,guts,-0.8125839233398438,0.01510106772184372,0
bloody,terrible,0.728515625,-0.06808922439813614,0
bloody,well,-5.796875,0.3145235478878021,0
bloomers,sneakers,-6.05078125,-0.04509922116994858,0
blue,glowing,-2.770348072052002,0.09737551957368851,0
blue,gold,-0.404296875,0.1443629264831543,0
blue,green,-0.712890625,-0.0060643404722213745,0
blue,restless,-3.4307594299316406,-0.32263222336769104,0
bonnet,veil,1.5679597854614258,-0.29770705103874207,0
bony,discoloured,-8.689892768859863,0.19029942154884338,0
boobs,pubes,3.762451171875,-0.4027286767959595,0
brains,pluck,6.3209228515625,0.012133099138736725,0
bravely,unfalteringly,-2.484375,-0.33681270480155945,0
bravely,well,-2.9109039306640625,-0.15004321932792664,0
bread,fishes,0.33984375,0.009590111672878265,0
bread,salami,-0.14404296875,0.8892496228218079,0
bread,stuff,9.55810546875,0.24153673648834229,0
brickdust,paraffin,-2.232421875,-0.2201484739780426,0
brokenly,incoherently,-3.91748046875,0.3944104015827179,0
built,made,-8.3599853515625,-0.0837317705154419,0
burial,cremation,-2.439453125,-0.520122766494751,0
burned,burned,-3.5107421875,-0.05366497114300728,0
burned,spluttered,2.86328125,0.06942380219697952,0
bustling,dynamic,5.51171875,-0.34747210144996643,0
calcified,hardened,3.6241607666015625,-0.12691183388233185,0
calcium,oxygen,-11.830078125,-0.1547287404537201,0
calcium,phosphate,2.39208984375,-0.00884370505809784,0
calcium,plutonium,-2.57421875,-0.2689913809299469,0
caps,goals,-1.849609375,-0.30460599064826965,0
caps,nightgowns,2.080078125,-0.13043132424354553,0
carriage,servants,-3.28173828125,-0.08440162241458893,0
ceiling,floor,-4.38385009765625,0.9258714318275452,0
cement,sand,-2.2890625,-0.12045282870531082,0
cement,steel,0.0,0.19025519490242004,0
charts,pictures,-4.24609375,-0.3024393320083618,0
cheering,hooting,0.578125,-0.5826850533485413,0
cigars,lemonade,-1.1316680908203125,-0.46354374289512634,0
cinematography,photography,-2.6015625,-0.13200083374977112,0
citizenship,history,-1.07861328125,-0.1729901134967804,0
civil,commercial,-0.6575927734375,0.3605270981788635,0
cleaning,repairing,-2.2261962890625,0.4335618317127228,0
cleaning,stuff,1.945281744003296,0.1806364357471466,0
clever,good,-3.2764933109283447,0.13219135999679565,0
clever,honest,4.262077331542969,-0.2175394594669342,0
clever,industrious,10.03076171875,-0.32492613792419434,0
coat,hat,-4.44921875,-0.03831331431865692,0
comedy,dancing,0.7734375,-0.1607384979724884,0
comedy,songs,0.0,-0.12134570628404617,0
comfort,counsel,7.518962860107422,0.031883977353572845,0
comfort,delight,2.061685562133789,0.20661816000938416,0
comfort,edification,-0.0556640625,-0.15506494045257568,0
comfort,inspiration,-3.2900390625,0.19827595353126526,0
comfort,prosperity,-3.921875,-0.16973818838596344,0
comfort,riches,-1.01171875,0.06821747869253159,0
comfort,support,1.600001335144043,-0.08960229903459549,0
commanding,distinct,-5.853515625,-0.3942837417125702,0
commercial,corporate,5.537109375,-0.1832442581653595,0
commercial,ferry,-0.00824737548828125,0.38819825649261475,0
compliments,court,8.703125,0.361485093832016,0
comprehensiveness,depth,-3.3484458923339844,-0.051215194165706635,0
constitutionalism,economics,5.7025604248046875,-0.0810510441660881,0
contemptuous,curt,-4.55859375,-0.36960408091545105,0
contents,hat,-2.71533203125,-0.5368559956550598,0
contracts,licenses,-3.0703125,-0.11096972227096558,0
copper,gold,-2.4375,0.15679436922073364,0
copper,steel,-1.74951171875,-0.628433883190155,0
corn,oysters,1.42333984375,0.2867416739463806,0
correct,correct,-8.15234375,-0.05366497114300728,0
correct,erase,3.644287109375,-0.15280291438102722,0
correct,present,6.044683456420898,-0.35115596652030945,0
corrected,typed,2.51123046875,0.1498127579689026,0
coughs,groans,3.779296875,-0.5006496906280518,0
coughs,sings,1.17578125,-0.28326842188835144,0
court,perjury,-3.81707763671875,-0.23151487112045288,0
covert,ingenious,-5.726318359375,0.1590626835823059,0
cowered,such,14.83056640625,0.09144637733697891,0
creaked,swerved,8.513671875,0.4129585921764374,0
crepuscular,diurnal,5.693359375,0.15882351994514465,0
cricket,football,0.889312744140625,0.019875578582286835,0
crosser,crosser,2.1007080078125,-0.05366497114300728,0
crows,poultry,-4.65625,-0.24024513363838196,0
cubes,triangles,1.6767578125,-0.5053852796554565,0
danby,winter,-1.4720431566238403,-1.4088120460510254,0
dancers,wood,-3.009613037109375,-0.49612876772880554,0
dancing,dinner,-2.4037322998046875,-0.23006200790405273,0
dancing,drinking,-10.740234375,0.3264380991458893,0
deaf,stupid,-1.02642822265625,-0.3856004774570465,0
debauch,riot,-0.16796875,-0.2339341640472412,0
defector,stateless,-0.76953125,-0.6411622166633606,0
defense,offense,1.128173828125,-0.15301215648651123,0
dehydration,deprotonation,-2.1581192016601562,-0.09160421788692474,0
delight,tenderness,4.395111083984375,-0.43175384402275085,0
demonstrations,petitions,13.3538818359375,0.28643593192100525,0
depth,diameter,-2.6031494140625,0.19553831219673157,0
depth,information,0.37109375,-0.20469233393669128,0
depth,soundness,0.70703125,0.14091888070106506,0
despised,poor,-0.826171875,0.5554212331771851,0
devils,witches,-3.37890625,-0.19463442265987396,0
devious,ruthless,1.821929931640625,-0.6312194466590881,0
dim,misty,-10.287109375,-0.019635692238807678,0
dim,threatening,-6.86328125,0.11777997761964798,0
dinner,stuff,-2.1132583618164062,-0.16004523634910583,0
disappointment,doubt,6.3495635986328125,-0.4709884226322174,0
disappointment,neglect,2.512939453125,-0.1700955629348755,0
disappointment,sorrow,-2.718475341796875,-0.047744929790496826,0
disgraced,humiliated,4.4256591796875,-0.041723210364580154,0
dishonor,honor,-3.4873046875,-0.27792471647262573,0
disinherited,dispossessed,-1.38818359375,0.16476663947105408,0
dispatches,dispatches,-6.2244873046875,-0.05366497114300728,0
do,good,-4.262937545776367,0.5463691353797913,0
do,stuff,4.5341796875,-0.2755357623100281,0
do,undo,-1.525390625,0.36069610714912415,0
docile,industrious,-1.7421722412109375,-0.947336733341217,0
doll,hat,-3.2171478271484375,0.18135592341423035,0
doll,popbeads,-0.56591796875,-0.0898147001862526,0
dollhouse,men,-2.54193115234375,0.3583843410015106,0
doubt,speculation,-2.70166015625,0.03290073573589325,0
down,down,1.60546875,-0.05366497114300728,0
down,under,1.544921875,-0.1521930694580078,0
down,upstairs,-1.0532958507537842,0.3776283264160156,0
down,wireless,-2.64453125,0.13061586022377014,0
dramatically,suddenly,1.14117431640625,-0.16853168606758118,0
dreadful,terrible,-1.7822856903076172,-0.06604719907045364,0
drinking,drinking,1.79296875,-0.05366497114300728,0
drove,drove,13.49609375,-0.05366497114300728,0
economics,history,10.229379653930664,-0.43784210085868835,0
edge,point,-3.375,-0.26119786500930786,0
efficiently,smoothly,-7.7607421875,0.04288862645626068,0
electric,gravitational,-1.3647613525390625,-0.2984507381916046,0
electric,hybrid,-4.951171875,-0.02040133625268936,0
electronics,vehicles,-4.185791015625,-0.06232846528291702,0
eleventh,last,-12.671875,-0.07298307865858078,0
embarrassed,humiliated,0.6065673828125,-0.06797090172767639,0
embarrassed,mad,4.489013671875,-0.49187174439430237,0
embarrassed,restless,-5.2388763427734375,-0.10339360684156418,0
emeralds,gold,1.082763671875,0.5554183125495911,0
enlargement,thickening,-2.6353759765625,-0.2576363682746887,0
enthusiastic,excellent,-3.6103515625,-0.029617629945278168,0
enthusiastic,utensiles,-8.0703125,-0.3852246105670929,0
equal,honest,0.72265625,-0.04730408638715744,0
equal,opposite,-3.523059844970703,-0.4167100489139557,0
evening,morning,-0.826171875,-0.1420559585094452,0
evil,good,-7.943359375,-0.4803134500980377,0
evil,malicious,2.1413869857788086,0.06954466551542282,0
evil,unlucky,-4.876434326171875,-0.07335096597671509,0
exactly,well,0.0,-0.0702647790312767,0
excellent,good,4.580230712890625,-0.5923669934272766,0
excesses,shortages,-7.965118408203125,0.19950860738754272,0
exchanging,redeeming,2.826171875,-0.20548385381698608,0
exclamation,interrogation,-1.086395263671875,-0.35760578513145447,0
exhausting,futile,-1.4814453125,0.2013101875782013,0
expand,freeze,-1.3534632921218872,-0.14850428700447083,0
fabric,quilting,-12.03515625,-0.5800044536590576,0
faces,people,-2.7734375,-0.1169939860701561,0
factoring,factorisation,11.257789611816406,0.04487285017967224,0
fascinating,noble,-6.1328125,0.4316358268260956,0
fathoms,fathoms,-4.98828125,-0.05366497114300728,0
fatter,fatter,-1.330733299255371,-0.05366497114300728,0
features,profiles,-8.58984375,-0.04355625808238983,0
fed,housed,9.183053970336914,-0.04208451509475708,0
feedstocks,ligands,2.712890625,0.21585187315940857,0
felids,nimravids,0.36865234375,-0.3778108060359955,0
fielders,sluggers,-3.6055908203125,0.02171749621629715,0
figs,wasps,4.6572265625,0.09658918529748917,0
files,information,5.171875,0.19015708565711975,0
files,stuff,2.18359375,-0.053336821496486664,0
fishes,people,5.717529296875,-0.12703940272331238,0
flatter,flatter,-4.21484375,-0.05366497114300728,0
flatulence,shots,3.18212890625,-0.32422786951065063,0
flourishing,green,-4.43919563293457,0.05413813143968582,0
forests,schools,4.253269195556641,0.3618480861186981,0
former,present,-2.6122817993164062,-0.5619289875030518,0
former,quarter,-3.8349609375,0.6797747611999512,0
forties,under,3.9423828125,0.4334908425807953,0
frazil,pancake,-1.0110187530517578,-0.11911576986312866,0
freeze,shiver,5.379066467285156,-0.257024347782135,0
frequently,recently,0.33203125,0.0780409649014473,0
friendlessly,homelessly,2.79345703125,-0.09189952164888382,0
frustrated,irritated,-0.912109375,0.04479878395795822,0
frustrated,whining,-2.4209821224212646,-0.018012873828411102,0
future,present,2.193115234375,0.19237855076789856,0
gala,rare,-3.26806640625,-0.4483080506324768,0
gangsters,pimps,-4.051784515380859,0.12958115339279175,0
geological,zoological,-7.75390625,-0.10639633238315582,0
ghostly,good,20.74609375,0.03664953261613846,0
gifts,supplies,1.18505859375,0.30046558380126953,0
gleaming,greedy,-1.227508544921875,0.21684852242469788,0
gloves,hat,1.4609527587890625,-0.05454414337873459,0
glowing,immaculate,-9.84375,-0.3114392161369324,0
gold,green,5.31683349609375,-0.251907616853714,0
gold,tangerine,0.635498046875,0.22662416100502014,0
gold,treasure,7.6171875,0.17177632451057434,0
good,green,0.453704833984375,-0.07917763292789459,0
good,honest,-0.697265625,0.3798193037509918,0
good,honourable,-1.34375,-0.2838265001773834,0
good,informative,3.2314910888671875,-0.3469419479370117,0
good,mad,-10.838733673095703,0.17855432629585266,0
good,merciful,-14.386091232299805,-0.08349849283695221,0
good,noble,-3.23046875,0.14829984307289124,0
good,poor,-4.173095703125,-0.027823004871606827,0
good,straightforward,2.107421875,-0.07960894703865051,0
good,unconstrained,-1.6852760314941406,-0.262229859828949,0
good,well,0.5078125,0.19608443975448608,0
gowns,slippers,-9.252609252929688,-0.28696829080581665,0
grains,liquids,0.5029296875,0.44442757964134216,0
graphics,photography,-3.66796875,-0.7425983548164368,0
graphics,photos,-0.080078125,-0.28777584433555603,0
grave,questioning,2.302734375,-0.46220746636390686,0
grave,terrible,6.98046875,-0.312758207321167,0
grave,troubled,4.7421875,0.010789379477500916,0
green,green,0.0556640625,-0.05366497114300728,0
green,misty,-2.875,-0.08385057747364044,0
green,rust,3.4169921875,-0.1997833549976349,0
green,violet,10.357421875,-0.09382703900337219,0
green,wooded,5.1533203125,-0.19471222162246704,0
grows,grows,-3.8295211791992188,-0.05366497114300728,0
grumbling,whining,6.685546875,0.17690026760101318,0
guile,wile,-11.10894775390625,-0.06106121093034744,0
haggard,troubled,0.58978271484375,0.28383058309555054,0
handwritten,typed,2.78204345703125,0.48637011647224426,0
hardened,stabilised,1.362060546875,-0.09852248430252075,0
harps,songs,1.1416015625,0.21795624494552612,0
heaviness,sorrow,-2.03369140625,-0.20314869284629822,0
history,mythology,2.4376602172851562,0.44494619965553284,0
honest,honourable,5.2437744140625,-0.4201633036136627,0
honest,industrious,2.228515625,-0.14081579446792603,0
honest,poignant,3.779296875,0.1321256458759308,0
honest,straight,2.357746124267578,-0.2145412266254425,0
honest,straightforward,-1.919921875,0.17900913953781128,0
honor,manhood,1.173828125,-0.5173799991607666,0
honor,riches,3.542520523071289,0.12183669954538345,0
honor,serve,2.052734375,0.266472190618515,0
honor,service,2.548828125,-0.14484453201293945,0
honor,truthfulness,-2.7822265625,0.07892132550477982,0
honor,wisdom,-11.11328125,-0.15922583639621735,0
honourable,merciful,-4.5068359375,0.056996844708919525,0
honourable,necessary,1.483846664428711,0.06724556535482407,0
honourable,poor,0.044921875,0.15335452556610107,0
hopes,thoughts,-1.400390625,-0.23938453197479248,0
hormones,neurotransmitters,-2.1534318923950195,-0.29072389006614685,0
hugged,kissed,4.021938323974609,0.4154125154018402,0
humorously,jokingly,11.375934600830078,-0.05776084214448929,0
hurting,terrifying,0.1435546875,0.1182953491806984,0
hydrocarbons,oxygen,-1.78955078125,-0.30644384026527405,0
hymns,songs,-4.869140625,-0.09829547256231308,0
inaccurate,lurid,-14.533203125,-0.21377041935920715,0
indefensible,unjustified,-9.90478515625,0.21948716044425964,0
indonesian,malaysian,5.40234375,-0.29731854796409607,0
information,knowledge,4.54296875,-0.02219530940055847,0
information,pictures,-3.4719972610473633,0.14171084761619568,0
information,services,11.11083984375,-0.05852050706744194,0
information,support,5.0054168701171875,0.3849814236164093,0
information,tips,-0.415008544921875,0.37047475576400757,0
injury,predation,2.53564453125,-0.086029551923275,0
inputs,microphones,-2.895709991455078,-0.010691717267036438,0
ins,outs,-2.6231689453125,-0.05851886793971062,0
inside,under,6.51513671875,0.055973030626773834,0
insipid,poor,-2.9425048828125,-0.46521472930908203,0
insipid,stupid,5.426723480224609,-0.04273289814591408,0
insisting,insisting,-5.7275390625,-0.05366497114300728,0
inspections,inspections,-6.9716796875,-0.05366497114300728,0
instructions,pictures,4.36328125,-0.5232439041137695,0
inventors,scientists,-12.1142578125,0.2032359540462494,0
irritated,nervous,-0.00634765625,-0.5482257008552551,0
jagged,uneven,-1.634765625,0.4860638678073883,0
jammed,overheated,-1.640625,0.5180537104606628,0
journals,magazines,-2.3782958984375,-1.0360914468765259,0
joyfully,willingly,-7.484111785888672,-0.13596156239509583,0
judgment,taste,8.04296875,0.0638573095202446,0
juggled,stuff,-4.06640625,-0.39920178055763245,0
kid,mutton,-1.41357421875,-0.1550585776567459,0
knowledge,liberation,3.7564735412597656,-0.3195907771587372,0
knowledge,wisdom,1.146484375,0.550350546836853,0
lace,leather,3.056640625,0.09280236810445786,0
lace,needlework,-4.657432556152344,-0.13747909665107727,0
last,oldest,0.57861328125,0.01956213265657425,0
last,sixteenth,-0.63671875,0.23774656653404236,0
last,steepest,-4.265625,-0.270549476146698,0
last,twentieth,0.5507583618164062,0.2980252206325531,0
lefties,lefties,-3.201904296875,-0.05366497114300728,0
legitimate,popular,-0.39720964431762695,0.1333540678024292,0
lemonade,sandwiches,-3.695326089859009,-0.08308106660842896,0
libel,slander,-5.432982444763184,-0.08330264687538147,0
liberation,practicality,-0.6252949237823486,0.026459582149982452,0
lifelike,vivid,-5.735939025878906,0.12905412912368774,0
lipsticks,skirts,-11.78076171875,0.07783579081296921,0
liquid,vapor,-8.2900390625,-0.3837994635105133,0
loads,loads,-12.3330078125,-0.05366497114300728,0
longest,oldest,-5.872441291809082,0.22159412503242493,0
longest,widest,2.44921875,-0.13061033189296722,0
look,manner,-6.577362060546875,-0.5275370478630066,0
look,voice,-6.99609375,0.7738804817199707,0
loss,sorrow,-1.083984375,-0.03474537655711174,0
lurid,threatening,4.5517578125,-0.3246798813343048,0
lysosomes,peroxisomes,0.2080078125,-0.13159900903701782,0
made,sold,-9.341278076171875,0.22139054536819458,0
made,spent,3.463409423828125,-0.015659209340810776,0
majestically,silently,0.05859375,-0.2704989016056061,0
malicious,stupid,3.109375,0.09245046228170395,0
manner,voice,-12.65771484375,0.17847490310668945,0
maths,stuff,-1.0356264114379883,-0.23169341683387756,0
meagre,unpalatable,0.0,-0.0745682641863823,0
melodic,progressive,4.88671875,0.33148762583732605,0
men,men,10.904296875,-0.05366497114300728,0
men,munition,1.582183837890625,0.3154749870300293,0
men,people,1.5670466423034668,-0.26274576783180237,0
men,planes,4.985527038574219,-0.0499316044151783,0
men,secrets,-3.9736328125,0.6599999070167542,0
men,supplies,-1.3916015625,0.09041518718004227,0
mexican,vietnamese,-11.2109375,0.5751074552536011,0
mezcal,pulque,-0.6171875,-0.45062288641929626,0
millions,millions,3.052734375,-0.05366497114300728,0
miraculously,suddenly,-1.395263671875,-0.3448900878429413,0
motorcycles,quads,-5.3203125,-0.6628547310829163,0
mountainous,northern,6.01904296875,0.12097654491662979,0
mourning,sorrow,-0.608306884765625,0.13104701042175293,0
nervous,poor,1.31494140625,-0.29973822832107544,0
nervous,restless,-1.493927001953125,0.05507317930459976,0
nervous,shaky,5.328125,-0.05860353261232376,0
nervous,weak,4.01409912109375,0.06755679100751877,0
nitric,sulphuric,-3.29150390625,0.16457629203796387,0
normal,normal,3.7119140625,-0.05366497114300728,0
normal,well,-4.2390289306640625,0.3108156621456146,0
notorious,puzzling,-6.06195068359375,0.5529986619949341,0
notorious,valuable,-4.8929443359375,-0.13838762044906616,0
nut,washer,-10.8671875,-0.03513612598180771,0
offside,support,3.495849609375,-0.055354341864585876,0
oxygen,sulphur,4.76513671875,-0.25273409485816956,0
paints,pencils,-0.3746664524078369,0.3149971663951874,0
patiently,watchfully,-12.39453125,0.024728693068027496,0
patiently,well,4.252174377441406,-0.2928677797317505,0
peel,rot,-4.49072265625,-0.47937458753585815,0
people,plywood,-3.894500732421875,-0.07020048052072525,0
people,priest,-2.697265625,0.313392698764801,0
people,producers,-7.030564785003662,-0.22486668825149536,0
people,rituals,4.68359375,0.004832595586776733,0
people,servants,-6.068553924560547,0.21364232897758484,0
people,situations,-2.8759765625,0.30310535430908203,0
people,stuff,5.30859375,0.24762281775474548,0
people,supplies,-0.14453125,0.34500357508659363,0
people,vehicles,-1.9248046875,0.326903373003006,0
petrochemical,pharmaceutical,8.052396774291992,-0.1581285297870636,0
photography,videography,-0.814453125,-0.26534131169319153,0
picnics,such,-8.170791625976562,-0.03166862577199936,0
pictures,stuff,2.95703125,-0.07750368863344193,0
pieces,tags,0.36417388916015625,0.15027692914009094,0
plaster,wood,-1.976318359375,-0.03779847174882889,0
play,want,8.18634033203125,-0.12946195900440216,0
pluck,straight,2.7314453125,-0.37474462389945984,0
polynesian,scandinavian,10.781692504882812,0.35573485493659973,0
poor,unnoticed,1.55615234375,-0.06473157554864883,0
poor,weak,-1.625,0.2379533350467682,0
popular,saleable,-5.65234375,0.040720947086811066,0
postnatal,prenatal,-3.65625,-0.2647595703601837,0
practising,practising,-5.2464599609375,-0.05366497114300728,0
prejudice,stereotypes,-0.755859375,0.1673193871974945,0
profane,threatening,1.7459725141525269,-0.41355809569358826,0
professors,scientists,8.4820556640625,0.07652879506349564,0
prosper,well,-4.91015625,-0.48094382882118225,0
prosperity,welfare,-2.150390625,-0.15228810906410217,0
psychological,terrible,1.03125,0.14955782890319824,0
publications,scientists,-0.892578125,0.22808784246444702,0
rabbit,sit,-1.91796875,-0.17848631739616394,0
radium,sediments,2.2802734375,-0.38132408261299133,0
rained,rained,-0.87109375,-0.05366497114300728,0
rakes,spades,3.0602097511291504,0.2370944619178772,0
rare,shameful,3.38671875,0.30200010538101196,0
rare,uncommon,8.126269340515137,-0.21965503692626953,0
rare,valuable,-8.28125,-0.04659215360879898,0
rare,wicious,7.111328125,-0.18388274312019348,0
reformist,separatist,0.8074216842651367,-0.12365856021642685,0
restless,troubled,2.87506103515625,-0.4275035560131073,0
reverently,silently,-3.221923828125,-0.2888655662536621,0
reverently,tenderly,1.4765625,0.08636835962533951,0
rides,sings,-0.5412044525146484,0.21690723299980164,0
roll,roll,0.366546630859375,-0.05366497114300728,0
runs,shrieks,2.244140625,0.21146097779273987,0
sand,varnish,0.177490234375,0.17342427372932434,0
sandwiches,stuff,1.33660888671875,-0.1925446093082428,0
satisfied,triumphant,-7.464599609375,-0.39532747864723206,0
schools,schools,0.978515625,-0.05366497114300728,0
schools,services,3.2034912109375,-0.07878036797046661,0
schools,situations,-4.986198425292969,0.4412477910518646,0
schools,staff,-2.150390625,0.3126150667667389,0
schools,stuff,0.197357177734375,0.24521800875663757,0
seasons,weather,7.70703125,0.650008499622345,0
servants,servants,3.8275318145751953,-0.05366497114300728,0
service,such,4.212043762207031,0.4702589213848114,0
services,support,5.234375,-0.21692639589309692,0
shakes,twitches,0.171875,-0.19451379776000977,0
shortsighted,weak,-3.5390625,0.029164321720600128,0
shovels,spades,4.10693359375,-0.10823754966259003,0
shriller,shriller,-3.6920166015625,-0.05366497114300728,0
silently,smoothly,-2.2078475952148438,-0.0347212478518486,0
silently,sorrowfully,-8.856060981750488,0.041870735585689545,0
silently,suddenly,1.9215545654296875,-0.32257264852523804,0
sixteenth,twentieth,-0.7545766830444336,0.17344209551811218,0
slave,slave,-3.92578125,-0.05366497114300728,0
snot,stuff,10.239959716796875,0.133329838514328,0
sobbed,sobbed,-1.6824951171875,-0.05366497114300728,0
sodomites,usurers,-4.612279891967773,0.04151443392038345,0
sonatas,sonatinas,-2.71942138671875,0.07876972109079361,0
songs,stuff,5.335870742797852,0.4943266212940216,0
spent,weak,-4.193359375,0.6106594204902649,0
stacks,stacks,-4.5439453125,-0.05366497114300728,0
startling,terrible,1.361328125,-0.12344955652952194,0
steel,wood,-2.107025146484375,-0.3522907793521881,0
straight,sturdy,9.6015625,-0.11574552208185196,0
strenuously,well,3.926372528076172,0.12257643789052963,0
stuff,supplies,9.319917678833008,-0.16702917218208313,0
stuff,wood,6.0796661376953125,-0.024936474859714508,0
stupid,tedious,1.48583984375,0.13629522919654846,0
stupid,weak,0.5184326171875,0.07045308500528336,0
such,such,-15.736572265625,-0.05366497114300728,0
such,support,-0.8867759704589844,-0.3561100661754608,0
sunset,sunset,-6.492229461669922,-0.05366497114300728,0
supplies,vehicles,-0.19921875,0.6183233857154846,0
support,support,-2.57470703125,-0.05366497114300728,0
taste,wisdom,-1.5029296875,-0.4028482735157013,0
tomorrow,tomorrow,-1.11895751953125,-0.05366497114300728,0
tomorrow,yesterday,-3.091796875,-0.016468174755573273,0
trolls,witches,-2.791717529296875,0.019051261246204376,0
twain,twain,-3.45703125,-0.05366497114300728,0
uninjured,well,8.728271484375,-0.1344844102859497,0
varnish,wood,2.763671875,0.28450116515159607,0
vulnerable,weak,-4.29998779296875,0.056325845420360565,0
wave,wave,-6.6749267578125,-0.05366497114300728,0
worse,worse,-0.859375,-0.05366497114300728,0
worser,worser,-0.00574493408203125,-0.05366497114300728,0
accuracy,efficiency,-0.69970703125,0.07337646186351776,1
accuracy,range,-2.83416748046875,0.25908276438713074,1
acetone,ethanol,-4.688636779785156,-0.2993420362472534,1
across,across,-1.23046875,-0.07508811354637146,1
admiringly,kindly,-7.642578125,-0.2012217938899994,1
aeronauts,workers,-2.681640625,-0.0695081278681755,1
affairs,infidelities,-5.57586669921875,-0.30852532386779785,1
affection,approval,-8.30859375,-0.3019116520881653,1
affection,impatience,-1.865234375,-0.4213559031486511,1
afraid,lonely,-0.3736572265625,0.2296801507472992,1
again,again,-5.906593322753906,-0.07508811354637146,1
again,now,2.0235109329223633,0.49344661831855774,1
again,simply,0.10205078125,0.20199289917945862,1
again,so,-0.16985177993774414,-0.9962589740753174,1
agile,quick,-5.3271484375,0.2557370066642761,1
airy,pleasant,3.413670778274536,0.22860977053642273,1
airy,wholesome,0.69921875,-0.05028056725859642,1
albanian,serbian,-4.60003662109375,0.017397195100784302,1
alcohol,cocaine,-10.828125,-0.2153027504682541,1
allowances,exemptions,5.370669364929199,-0.15600892901420593,1
ample,comfortable,-1.5146484375,-0.09646163880825043,1
amputation,castration,-1.380615234375,-0.09509101510047913,1
anglican,catholic,2.265625,-0.01519690454006195,1
animals,games,8.716796875,-0.5011362433433533,1
animals,giggles,-4.076831817626953,-0.29685020446777344,1
animals,pets,-6.27734375,-0.25290948152542114,1
animals,trees,0.47372305393218994,-0.3365625739097595,1
anxiety,impatience,-1.8235242366790771,-0.12123826146125793,1
anxiety,nervousness,-0.43017578125,0.02527131885290146,1
anxiety,paranoia,-3.29296875,0.007085725665092468,1
anxiety,terror,-5.30810546875,-0.1628437340259552,1
anxiety,worry,-13.53955078125,-0.07167424261569977,1
approval,discussion,0.4296875,-0.4484100639820099,1
approval,satisfaction,0.4477405548095703,0.25260841846466064,1
approve,listen,3.1875,0.19407597184181213,1
apps,games,-0.046875,0.18586555123329163,1
armed,resolute,-1.1216354370117188,0.23666498064994812,1
armed,unarmed,-4.0528564453125,0.32892319560050964,1
armor,horse,-2.7885799407958984,-0.20373038947582245,1
aspirin,sterno,5.93951416015625,-0.05576644092798233,1
astonished,pained,-1.45654296875,-0.3073197603225708,1
astonishing,disheartening,1.1015625,-0.12173400819301605,1
ate,ate,-0.05599689483642578,-0.07508811354637146,1
ate,talked,3.4102325439453125,0.4295937120914459,1
athletics,games,3.872211456298828,-0.35070961713790894,1
athletics,wrestling,3.8046875,-0.19341325759887695,1
atrocities,death,1.796875,-0.32011041045188904,1
avoid,try,-0.9595947265625,0.36770394444465637,1
awed,mute,7.33203125,0.33333608508110046,1
balks,leas,2.087890625,0.10563014447689056,1
bands,performers,3.1328125,-0.1577061414718628,1
bare,barren,-5.23046875,-0.2688884139060974,1
bare,colder,-2.750732421875,-0.3304707407951355,1
bare,dusty,-5.7421875,-0.21150000393390656,1
bare,parched,-4.62109375,-0.6511880159378052,1
bare,rugged,0.2591552734375,-0.6047357320785522,1
bare,stark,-2.9881458282470703,-0.6132433414459229,1
bare,wet,5.609375,-0.7488162517547607,1
barns,fields,4.498712539672852,0.4189084768295288,1
barns,outbuildings,-3.25714111328125,-0.06727435439825058,1
barren,low,3.688232421875,0.22865334153175354,1
barren,parched,-0.5816650390625,0.11479109525680542,1
barren,rugged,0.77392578125,-0.351181298494339,1
bars,bars,-1.72265625,-0.07508811354637146,1
bars,bolts,-3.621002197265625,-0.06280047446489334,1
bars,pubs,-0.71405029296875,0.12652137875556946,1
bears,catamounts,-1.007354736328125,-0.28821703791618347,1
beds,paths,-0.099609375,-0.03995496407151222,1
before,now,2.3971710205078125,-0.015052080154418945,1
before,since,4.669921875,-0.01840665191411972,1
before,so,4.438931465148926,0.2552100121974945,1
before,whispered,-4.710693359375,0.06597861647605896,1
beheaded,condemned,5.967595100402832,0.245997816324234,1
beheaded,flayed,-1.1451053619384766,0.0972694456577301,1
benevolently,kindly,-7.687368392944336,-0.15548613667488098,1
beverages,food,-6.20703125,-0.25209158658981323,1
billiards,pool,-6.490234375,0.06676071882247925,1
biographical,critical,13.421875,0.02274465560913086,1
blogs,newspapers,-0.07143783569335938,0.17468474805355072,1
bloodshed,quarrels,5.10546875,0.442184716463089,1
borrowing,borrowing,-3.4462890625,-0.07508811354637146,1
bottle,glasses,-5.203125,0.03907220810651779,1
brave,intelligent,-1.015625,0.2952612340450287,1
brave,resolute,1.919921875,-0.06625853478908539,1
brave,warlike,-12.328125,0.06413476169109344,1
breadth,height,0.46349620819091797,0.20781418681144714,1
briefly,hurriedly,4.8301239013671875,0.023513689637184143,1
briefly,simply,7.673828125,0.544189453125,1
brightest,hottest,-7.52630615234375,0.15028128027915955,1
brightest,merriest,3.044921875,-0.26960456371307373,1
brightest,wisest,-10.459716796875,-0.168110191822052,1
brushed,brushed,8.241897583007812,-0.07508811354637146,1
brushed,pressed,4.672185897827148,0.6715419292449951,1
brushed,wet,-3.18359375,0.1520906686782837,1
buggies,horse,-6.7314453125,0.05580136179924011,1
buildings,furniture,2.173828125,-0.06447439640760422,1
buildings,land,-4.099365234375,-0.17514069378376007,1
buildings,towns,-3.505584716796875,-0.20269092917442322,1
buildings,track,3.685546875,0.06859107315540314,1
buildings,trees,9.69091796875,-0.18887776136398315,1
bull,cow,-0.5984416007995605,-0.20303453505039215,1
bull,trident,-5.404296875,-0.2005930244922638,1
bunny,horse,-1.8530120849609375,0.051275819540023804,1
buttercups,clover,-7.092647552490234,-0.23559701442718506,1
byzantine,roman,-3.7298736572265625,0.3459215462207794,1
calmness,equanimity,-0.595703125,0.17337648570537567,1
calvarium,face,-1.9750442504882812,0.2752949297428131,1
canoes,skiffs,-1.655029296875,0.10625851154327393,1
capacity,scaleability,5.216796875,0.19460338354110718,1
cardiovascular,nerve,-5.08984375,-0.06583483517169952,1
careless,pleasant,-4.5322265625,0.42477354407310486,1
careless,reckless,-6.19677734375,-0.06019996106624603,1
careless,shiftless,-0.8203125,0.34077805280685425,1
catholic,monarchical,-10.328125,-0.22545598447322845,1
cats,cows,7.119140625,0.042902395129203796,1
cats,stoats,-4.27734375,0.02480453997850418,1
centre,front,1.987060546875,0.2644663155078888,1
chafed,disappointed,0.85211181640625,0.18105849623680115,1
chain,collar,-0.620025634765625,-0.22488774359226227,1
charm,terror,6.4091901779174805,-0.12120380997657776,1
charming,dusty,0.353515625,-0.6890664100646973,1
charming,genial,4.9253692626953125,-0.15219613909721375,1
charming,respectable,3.375,-0.0574040487408638,1
charming,seductive,3.432373046875,-0.20396465063095093,1
charms,witchcraft,-7.310546875,-0.12709173560142517,1
charred,naked,-1.572265625,0.19130688905715942,1
chatter,strut,-0.2802734375,-0.2225136160850525,1
chilli,onions,3.593200206756592,0.44766882061958313,1
chills,shivers,4.677734375,0.39828839898109436,1
chirruping,twittering,-0.34375,0.18284359574317932,1
cinders,smoke,10.32421875,0.4145826995372772,1
circumcision,food,1.173828125,0.10509619116783142,1
circumcision,scarification,-4.85205078125,-0.24101530015468597,1
class,gender,9.7109375,-0.3522293269634247,1
class,snobbery,3.9676284790039062,-0.7111412286758423,1
clearly,simply,3.27734375,0.11791259050369263,1
clearly,succinctly,0.4661865234375,-0.12098634243011475,1
click,tell,1.00775146484375,0.7595884799957275,1
climb,climb,-3.0888671875,-0.07508811354637146,1
climb,jump,0.6083984375,-0.013634763658046722,1
club,fang,15.7001953125,-0.25976234674453735,1
club,lash,4.494140625,-0.530915379524231,1
cocaine,heroine,3.4921875,0.008109189569950104,1
colder,colder,-0.1259765625,-0.07508811354637146,1
colder,wetter,-6.394500732421875,-0.010137021541595459,1
colourful,gorgeous,0.16015625,0.376178115606308,1
comfortable,easy,1.734375,-0.31200993061065674,1
comfortable,jolly,7.35546875,0.02160477638244629,1
comfortable,low,-1.212890625,0.09021265804767609,1
comfortable,pleasant,2.951690673828125,-0.2105116993188858,1
comments,concern,-6.991943359375,-0.020102843642234802,1
commons,lords,6.693115234375,-0.17448961734771729,1
completeness,finality,-3.03125,0.002974681556224823,1
condemned,tried,-0.901947021484375,0.24026930332183838,1
confusing,sad,0.8531494140625,0.08399686217308044,1
considerable,effective,4.851205348968506,-0.04630583897233009,1
contemporary,contemporary,-5.599609375,-0.07508811354637146,1
cooler,cooler,-4.848479270935059,-0.07508811354637146,1
cooler,fresher,-3.0331878662109375,-0.3454844355583191,1
cooler,grayer,-11.100762367248535,0.07491704821586609,1
coolly,deliberately,7.78778076171875,0.12178824841976166,1
countermarch,march,-0.7721421718597412,-0.12249541282653809,1
cows,girls,2.7900390625,0.7017331123352051,1
cows,goats,7.418196678161621,-0.28677263855934143,1
cried,cried,2.69921875,-0.07508811354637146,1
cried,screamed,9.469451904296875,0.35016801953315735,1
cried,talked,-8.07421875,0.37126022577285767,1
crisp,curly,0.65771484375,0.15775229036808014,1
crisp,sunny,-4.58203125,-0.12829023599624634,1
critical,dictatorial,-16.298828125,-0.4148339331150055,1
criticism,discussion,1.3791732788085938,-0.158682182431221,1
cultured,intelligent,0.73388671875,0.07163374125957489,1
cunninger,cunninger,11.41546630859375,-0.07508811354637146,1
cup,silverware,-10.05712890625,0.20022377371788025,1
curmudgeonly,cynical,-9.205078125,-0.020874515175819397,1
damnation,death,2.44921875,0.14802826941013336,1
darkened,deepened,-2.54132080078125,0.057777345180511475,1
dearest,kindest,3.0095906257629395,0.0736737996339798,1
death,fugitive,-6.516845703125,0.23235571384429932,1
death,infamy,4.805351257324219,0.021642029285430908,1
death,infection,-0.50390625,-0.05125346779823303,1
death,prison,-0.480712890625,-0.2789115309715271,1
death,terror,-1.25390625,-0.008966237306594849,1
death,thirst,0.5164394378662109,0.16332989931106567,1
deep,deep,1.8600177764892578,-0.07508811354637146,1
deep,intelligent,1.3800625801086426,0.5123573541641235,1
deep,lonely,2.83270263671875,0.26189908385276794,1
deep,low,5.865234375,0.07627776265144348,1
deep,slow,5.188560962677002,0.507659912109375,1
deep,solitary,-7.307285308837891,-0.1081676185131073,1
deep,sullen,-0.390625,0.32098957896232605,1
deep,wide,0.8125076293945312,0.611495852470398,1
deepened,increased,0.828125,0.640823245048523,1
defiance,malediction,-1.236328125,0.10141026973724365,1
delusion,witchcraft,-4.568359375,-0.14150065183639526,1
details,subjects,-4.7868194580078125,0.27062270045280457,1
dienes,polyenes,5.11328125,-0.08753235638141632,1
differentiation,integration,-4.3046875,0.12526240944862366,1
dig,dig,6.796875,-0.07508811354637146,1
dining,sitting,-2.49755859375,0.19679179787635803,1
disappointed,puzzled,2.3125,0.06488075852394104,1
disappointed,sad,6.640357971191406,0.12230275571346283,1
discipline,holy,-4.9873809814453125,-0.22382225096225739,1
discipline,obedience,-0.5708084106445312,0.1462424099445343,1
discipline,satisfaction,2.8018627166748047,0.18390139937400818,1
discriminating,just,1.640625,-0.00468367338180542,1
disenfranchised,lonely,0.755889892578125,0.1632045954465866,1
dive,dive,-2.0908801555633545,-0.07508811354637146,1
dive,jump,7.25634765625,0.4805655777454376,1
dragging,slow,-4.7568359375,-0.011605456471443176,1
drenched,shivering,-7.9384765625,-0.12054797261953354,1
dressed,washed,-2.923828125,-0.06357760727405548,1
drinkning,eating,-1.3734419345855713,-0.013880815356969833,1
dukes,lords,-3.27685546875,0.3709617853164673,1
dusty,withered,-13.9248046875,0.5866832733154297,1
dynasties,kings,2.9111328125,0.33389395475387573,1
easy,joyful,-0.23974609375,0.008072972297668457,1
easy,pleasant,-1.9873046875,0.20785602927207947,1
easy,quick,-1.1720399856567383,-0.31620439887046814,1
easy,slow,1.544921875,-0.07723599672317505,1
eating,eating,-2.4019775390625,-0.07508811354637146,1
eating,food,4.241588592529297,0.5655986070632935,1
eating,sitting,4.38330078125,0.15789039433002472,1
eating,slurping,4.988365173339844,-0.3225257098674774,1
eating,thinking,7.818138122558594,0.2524445950984955,1
economically,safely,-1.8753242492675781,-0.14636026322841644,1
effective,quick,-1.32275390625,-0.2365378737449646,1
effective,rugged,-2.44769287109375,0.22826161980628967,1
electrodes,filaments,9.1484375,-0.13256388902664185,1
eloquent,grateful,7.4971923828125,0.23078525066375732,1
endothermic,homoeothermic,2.1410861015319824,-0.018487196415662766,1
enjoyments,surprises,5.0654296875,-0.09353034198284149,1
exceeded,reached,1.91943359375,0.04191581904888153,1
exist,move,0.158203125,0.29903921484947205,1
expensive,impractical,-6.80712890625,0.07182127237319946,1
expensive,just,12.868427276611328,-0.42584720253944397,1
expensive,showy,5.75830078125,-0.29599088430404663,1
exporters,importers,2.3227615356445312,0.07419145107269287,1
fatigue,terror,-3.023505449295044,-0.177720308303833,1
fearlessly,truly,4.0703125,-0.7662569284439087,1
feelings,thinking,-1.5121231079101562,-0.022008709609508514,1
fewer,fewer,7.2568359375,-0.07508811354637146,1
fibre,metal,-3.37890625,-0.11944924294948578,1
fields,fields,4.939453125,-0.07508811354637146,1
fields,mountains,-7.498687267303467,0.03922493755817413,1
fields,trees,-10.048652648925781,-0.134160578250885,1
fierce,resolute,5.4765625,-0.1963905692100525,1
films,musicals,1.4248046875,-0.1584128886461258,1
finding,seeking,-5.38671875,-0.4797775447368622,1
fingers,food,-6.62109375,-0.4614001512527466,1
fingers,gabbling,-0.755859375,-0.4534453749656677,1
fingers,penguin,2.396484375,-0.13413569331169128,1
firing,food,9.635986328125,0.5958913564682007,1
flapping,flapping,-1.072265625,-0.07508811354637146,1
flurry,worry,2.333984375,-0.003947526216506958,1
food,horse,-3.490386962890625,-0.47406408190727234,1
food,material,3.12060546875,-0.13551749289035797,1
food,news,-4.2991943359375,0.025170952081680298,1
food,newspapers,2.514739990234375,-0.11735624074935913,1
fools,weaklings,9.22998046875,-0.032714735716581345,1
forevermore,now,2.0138931274414062,-0.4221876859664917,1
forgotten,lonely,-2.578125,-0.08503623306751251,1
fought,fought,0.6220703125,-0.07508811354637146,1
front,hind,0.050318241119384766,-0.18053080141544342,1
frozen,wet,-7.41357421875,-0.1755165159702301,1
frugality,industry,-5.774169921875,0.20699965953826904,1
furniture,interiors,2.0504150390625,-0.38414862751960754,1
gaiters,smocks,-0.7509765625,0.3342568278312683,1
gashed,gored,1.950592041015625,-0.1665661334991455,1
genial,pleasant,5.650642395019531,-0.1389491707086563,1
geographic,magnetic,-3.57568359375,0.168515145778656,1
geographical,otherwise,1.91009521484375,-0.12843813002109528,1
geology,mineralogy,1.14239501953125,-0.11531825363636017,1
ginger,sugar,-4.423828125,0.2253006100654602,1
girls,women,4.19921875,0.012996472418308258,1
glitter,sequins,1.2300224304199219,0.028176240622997284,1
goats,knifes,-7.963533401489258,0.1725749373435974,1
gorgeous,sunny,-1.83929443359375,-0.4691013991832733,1
governments,militaries,2.389608383178711,0.8899517059326172,1
grab,try,-0.888671875,0.3573276102542877,1
grain,wheat,-10.2109375,-0.1959678828716278,1
grateful,low,-3.4364547729492188,0.19941258430480957,1
grateful,luxurious,-0.1881103515625,-0.29023313522338867,1
grayer,grayer,-2.9453125,-0.07508811354637146,1
greasing,loosening,-7.8251953125,-0.41195523738861084,1
guilty,uncomfortable,0.724609375,0.35124462842941284,1
gutters,trees,-4.6063232421875,-0.03982989490032196,1
handshakes,photo,1.5730328559875488,0.2435729205608368,1
happily,safely,0.470703125,-0.4099714159965515,1
harmless,pleasant,-1.48779296875,0.2963252365589142,1
harmless,small,-2.5546875,-0.09671729058027267,1
hate,hate,1.1992864608764648,-0.07508811354637146,1
hate,vengeance,4.99951171875,-0.16316452622413635,1
healed,humbled,10.329036712646484,0.2654137909412384,1
herbalists,naturopaths,-2.834632158279419,0.46358874440193176,1
heresy,schism,-0.4529876708984375,-0.06601858139038086,1
herodotean,homeric,2.54960298538208,-0.046082209795713425,1
hexagonal,monoclinic,-4.906705856323242,0.037740133702754974,1
hish,low,-5.349609375,0.22473683953285217,1
hither,yon,5.921875,0.04431818425655365,1
holy,just,-9.04296875,-0.0039004087448120117,1
honestly,truly,-5.6191558837890625,0.44370678067207336,1
horse,horse,-6.4722900390625,-0.07508811354637146,1
imitations,sentences,4.578125,-0.023998834192752838,1
impatience,revolt,2.490234375,0.10380871593952179,1
impractical,uncomfortable,-7.765625,0.04635714739561081,1
increased,stimulated,-0.9546356201171875,-0.3796599209308624,1
industry,obedience,1.2249755859375,-0.49856600165367126,1
infamy,shame,3.392578125,0.14696082472801208,1
insincerity,treachery,-6.2786865234375,-0.16455453634262085,1
inspection,repair,0.13671875,-0.29094645380973816,1
intelligent,pleasant,1.14599609375,0.5225000381469727,1
intelligent,superior,-4.40478515625,-0.1389491707086563,1
intelligent,unprejudiced,-0.9661788940429688,-0.21510905027389526,1
interested,kindly,-1.0179824829101562,-0.028912067413330078,1
interested,slow,-4.096114158630371,0.2797473967075348,1
interrupted,low,-4.876953125,0.4421192705631256,1
intimate,small,-6.64666748046875,0.4363168776035309,1
intimidate,try,2.66766357421875,0.08918353915214539,1
investments,pilgrimage,-5.5946044921875,-0.08155548572540283,1
just,pious,1.42578125,0.5534214973449707,1
just,rightful,3.1916685104370117,-0.3608856797218323,1
just,try,-2.822021484375,0.08988922834396362,1
kindest,wisest,6.67822265625,0.08598679304122925,1
kindly,philanthropic,-3.81201171875,-0.17792509496212006,1
kindly,pious,-0.390625,0.29526132345199585,1
kindly,pleasant,-7.7763671875,0.17774462699890137,1
kings,lords,8.435546875,-0.1633044183254242,1
kiss,tell,-1.61083984375,0.002681538462638855,1
knock,try,5.3740234375,0.3473809063434601,1
labored,slow,-1.7734375,-0.08857693523168564,1
laces,stays,0.79638671875,0.035984255373477936,1
laconic,slow,3.040771484375,0.226169615983963,1
land,mountains,3.09228515625,0.14462262392044067,1
land,naval,8.9072265625,0.11296628415584564,1
land,possessions,3.064453125,0.37235695123672485,1
land,seas,2.065673828125,0.884080171585083,1
land,try,12.71002197265625,0.21789631247520447,1
laxer,shaggier,0.447998046875,0.27123576402664185,1
lesbians,women,0.17422103881835938,-0.05817761272192001,1
lethality,range,-0.5308113098144531,0.3319021165370941,1
lettuce,radishes,8.49267578125,0.13353532552719116,1
lie,lie,6.248046875,-0.07508811354637146,1
lie,shoot,-5.447265625,-0.03392095863819122,1
listen,listen,-3.7630615234375,-0.07508811354637146,1
listen,pause,-0.0709228515625,0.38860756158828735,1
listen,try,6.0623626708984375,-0.029758714139461517,1
literature,newspapers,0.9373626708984375,0.00766482949256897,1
literature,religion,7.61126708984375,-0.22828993201255798,1
lonely,sad,0.525360107421875,0.1598385125398636,1
lonely,sick,-0.076416015625,0.013531811535358429,1
lonely,solitary,-10.2734375,-0.12000706046819687,1
lonely,wet,-4.58203125,-0.27378496527671814,1
lonely,wide,2.9942245483398438,0.634067177772522,1
low,lower,-7.714374542236328,0.24534520506858826,1
low,primary,0.738525390625,0.019413933157920837,1
low,quick,0.2513427734375,-0.05836494266986847,1
low,rounded,2.7529666423797607,-0.16572928428649902,1
low,sad,1.4375,-0.056382663547992706,1
low,slow,5.54638671875,0.26141223311424255,1
low,wet,9.527792930603027,-0.30598199367523193,1
lower,lower,2.9241714477539062,-0.07508811354637146,1
lower,slower,-2.08203125,0.03573475778102875,1
lowriders,women,3.00433349609375,0.30083829164505005,1
maimed,sick,2.8696603775024414,0.03829202800989151,1
manacle,prison,-0.00390625,-0.3422868549823761,1
march,sing,0.6284141540527344,-0.1341284215450287,1
memorizing,remark,10.28759765625,0.035130053758621216,1
mercury,mud,0.76953125,-0.22709225118160248,1
metal,woodwork,-5.81689453125,-0.12971459329128265,1
mid,small,-10.39888858795166,0.16579508781433105,1
moderator,panelist,10.623241424560547,-0.18890631198883057,1
molecules,solids,-1.998046875,-0.3005990982055664,1
mom,pop,-6.89453125,0.725509762763977,1
momentum,position,0.8145246505737305,-0.19007189571857452,1
monstrous,terrific,3.2431640625,-0.09060277044773102,1
morality,religion,-0.07755744457244873,-0.17790593206882477,1
mortice,tenon,0.4964599609375,-0.05751308053731918,1
mountains,plateaux,-5.529296875,0.003147341310977936,1
mountains,seas,-1.6328125,0.009976416826248169,1
mountains,trees,9.820392608642578,-0.1479749083518982,1
move,move,7.748779296875,-0.07508811354637146,1
move,position,8.947265625,0.10754930973052979,1
mud,slime,3.46484375,0.10157500207424164,1
mud,stones,1.8515625,0.13687115907669067,1
murdering,robbing,1.94451904296875,0.08552341163158417,1
murkier,murkier,1.64453125,-0.07508811354637146,1
naked,weaponless,1.4947509765625,0.4258226454257965,1
napkins,silverware,-11.8671875,-0.22669386863708496,1
nervously,peevishly,6.28125,-0.30126410722732544,1
newies,townies,3.666748046875,-0.07649947702884674,1
nicer,nicer,4.7421875,-0.07508811354637146,1
nights,nights,-3.9279916286468506,-0.07508811354637146,1
nodding,nodding,-4.456878662109375,-0.07508811354637146,1
nodding,rocking,0.14493751525878906,0.4273926317691803,1
now,now,-1.5703125,-0.07508811354637146,1
now,so,1.927734375,-0.3032979667186737,1
nursery,primary,-6.453216552734375,0.0020328015089035034,1
obedience,restraint,1.65380859375,-0.10218913108110428,1
obedience,socialization,6.8468017578125,0.180294930934906,1
obedience,terror,1.849090576171875,-0.11277873814105988,1
office,wealth,5.6776957511901855,1.08453369140625,1
oftener,oftener,1.494140625,-0.07508811354637146,1
opens,slams,2.60546875,-0.21125555038452148,1
outbuildings,trees,-0.1534423828125,0.15537884831428528,1
overalls,pigtails,-1.2744140625,-0.03842860460281372,1
pans,tachos,-8.06640625,-0.2859078347682953,1
parched,uncomfortable,-2.775390625,-0.07324057072401047,1
pauses,progresses,2.01318359375,-0.092833511531353,1
peculiar,quick,3.908203125,-0.7163373231887817,1
perishing,sickening,3.13037109375,0.23972883820533752,1
petrol,petrol,-8.9974365234375,-0.07508811354637146,1
pitched,unwound,2.976318359375,-0.32142579555511475,1
plainer,plainer,4.123046875,-0.07508811354637146,1
planning,thinking,-6.921875,0.0073361992835998535,1
pleasant,solitary,2.23828125,-0.42367008328437805,1
pleasant,wholesome,10.4892578125,-0.35969656705856323,1
portly,princely,10.8740234375,-0.3513716757297516,1
position,wealth,9.376953125,0.4945926368236542,1
possessions,products,-0.97607421875,0.15422841906547546,1
pressed,trodden,-1.495513916015625,0.010801158845424652,1
primitive,small,-9.2257080078125,0.16230203211307526,1
principle,purpose,-6.0810546875,-0.2766250967979431,1
prison,psychiatrists,2.8165359497070312,-0.0015773028135299683,1
processes,products,9.39794921875,0.394696444272995,1
processes,uses,-3.333984375,-0.3238523602485657,1
psychologists,sociologists,2.017578125,-0.11036869883537292,1
puffed,puffed,-2.623046875,-0.07508811354637146,1
puzzled,slow,-1.97265625,-0.19105061888694763,1
quick,resolute,5.5276947021484375,-0.21282538771629333,1
quick,skilful,-5.951488494873047,-0.09393244981765747,1
quick,small,4.84375,0.7044650316238403,1
raining,raining,0.76708984375,-0.07508811354637146,1
rarer,rarer,0.642578125,-0.07508811354637146,1
reached,rounded,6.8203125,0.19832617044448853,1
read,read,-0.7509765625,-0.07508811354637146,1
read,talked,3.453827381134033,0.206663578748703,1
read,try,-3.744140625,0.8627816438674927,1
realer,realer,4.763671875,-0.07508811354637146,1
realism,symbolism,3.1728515625,0.061951011419296265,1
reared,whinnied,-5.4349212646484375,0.4057951867580414,1
redder,redder,-0.574462890625,-0.07508811354637146,1
ride,shoot,5.798828125,-0.05819323658943176,1
rounded,rugged,-7.1478271484375,-0.23380549252033234,1
rubies,sapphires,3.685699462890625,-0.192108154296875,1
rugged,small,-1.556640625,0.5515549182891846,1
rugged,steep,-7.3477935791015625,0.09714375436306,1
rugged,thrifty,3.16546630859375,-0.1471644937992096,1
ruthlessness,treachery,1.1951751708984375,-0.05268371105194092,1
sad,sick,-2.6748046875,0.002113655209541321,1
sad,solitary,5.310546875,-0.0433553084731102,1
sad,sullen,0.962890625,-0.24336650967597961,1
safely,simply,-10.480224609375,0.18736368417739868,1
scowling,squinting,2.81787109375,-0.10539698600769043,1
screamed,screamed,-1.283121109008789,-0.07508811354637146,1
secretive,vengeful,7.419088840484619,0.5210410356521606,1
seductive,sexy,9.748046875,-0.03332693502306938,1
selective,skilful,8.509109497070312,0.038458168506622314,1
sepsis,thrombosis,-6.677001953125,-0.039702702313661575,1
serbian,yugoslav,-0.44625091552734375,0.2009882628917694,1
set,try,4.5404205322265625,0.06352509558200836,1
shale,stones,-5.003669738769531,0.05311127007007599,1
shell,shrapnel,4.49609375,0.1100427508354187,1
shoot,shoot,4.67578125,-0.07508811354637146,1
simply,strictly,-9.1552734375,-0.06889986991882324,1
slow,slower,4.6539154052734375,0.17713317275047302,1
slow,small,-1.1869239807128906,0.46772971749305725,1
slow,wearily,-1.474609375,0.0017399787902832031,1
slower,slower,-9.478515625,-0.07508811354637146,1
slower,surer,3.83453369140625,-0.29980966448783875,1
small,uncomfortable,0.6875,0.052666425704956055,1
small,unimportant,-1.3218531608581543,-0.11420883238315582,1
snake,stool,-1.6015625,-0.2651938796043396,1
so,so,-3.052032470703125,-0.07508811354637146,1
stool,truck,-4.6015625,-0.134135439991951,1
stranger,stranger,-4.073412895202637,-0.07508811354637146,1
stretched,stretched,7.56103515625,-0.07508811354637146,1
stunned,stupefied,1.2197265625,0.1277761459350586,1
sullen,wrathful,-2.388671875,-0.06549850106239319,1
sun,sun,-3.6796875,-0.07508811354637146,1
sunnier,sunnier,-0.6805419921875,-0.07508811354637146,1
swiftest,wisest,10.787345886230469,-0.07419554144144058,1
talked,talked,-2.9297099113464355,-0.07508811354637146,1
talked,walked,1.2948747873306274,0.24786671996116638,1
teaspoon,teaspoons,-1.54541015625,0.09871925413608551,1
thinking,thinking,2.9892578125,-0.07508811354637146,1
thinking,wishing,6.607471466064453,-0.4683273136615753,1
thousands,thousands,4.26171875,-0.07508811354637146,1
tighter,tighter,-6.93267822265625,-0.07508811354637146,1
trees,trees,0.1396484375,-0.07508811354637146,1
trees,undergrowth,-0.1552734375,-0.09347531199455261,1
tried,tried,-6.4013671875,-0.07508811354637146,1
try,try,-0.421142578125,-0.07508811354637146,1
walked,walked,-3.34100341796875,-0.07508811354637146,1
weeps,weeps,-4.677734375,-0.07508811354637146,1
wetter,wetter,-2.41552734375,-0.07508811354637146,1
whispered,wore,5.706298828125,-0.012505732476711273,1
wishing,wishing,4.688446044921875,-0.07508811354637146,1
younger,younger,1.4850616455078125,-0.07508811354637146,1
abloom,sweet,-0.1689453125,0.5943591594696045,2
abuse,derision,1.1767349243164062,-0.0189264714717865,2
abuse,profanity,0.00091552734375,0.39596274495124817,2
abuse,violence,-5.234157562255859,-0.005889967083930969,2
aching,hot,0.1930999755859375,-0.2428792119026184,2
acrid,hot,-6.8836669921875,-0.05606505274772644,2
acronyms,bits,0.427734375,0.35385826230049133,2
addictive,dangerous,-5.77734375,0.26090407371520996,2
addresses,names,-3.52197265625,0.5537275075912476,2
adorable,cute,9.313949584960938,0.25127527117729187,2
age,dirt,8.2119140625,0.22718888521194458,2
age,usage,-5.709148406982422,0.014905661344528198,2
algae,cyanobacteria,1.2650909423828125,0.38815775513648987,2
algae,pondweed,-0.2578125,0.06922070682048798,2
algae,salts,-0.8827552795410156,0.30500245094299316,2
always,always,3.03955078125,0.19543711841106415,2
always,everywhere,4.07421875,0.1207306832075119,2
amazed,furious,6.146484375,0.22492599487304688,2
amazed,screaming,-2.046875,0.12224631011486053,2
amazed,terrified,-4.518266677856445,0.12182199954986572,2
amazed,utter,-3.046875,0.004819884896278381,2
ambulance,police,-1.552734375,0.32079264521598816,2
amending,improving,-12.745086669921875,0.3396291732788086,2
amplifiers,loudspeakers,8.059417724609375,0.2748163938522339,2
analysis,commentary,-7.533203125,0.4072471857070923,2
analysis,presentation,-3.7421875,0.0645921528339386,2
analysis,remodeling,-6.145538330078125,0.041174039244651794,2
animated,fresh,6.855712890625,0.6809358596801758,2
antifreeze,polyester,-4.177978515625,-0.004533231258392334,2
arch,winsome,-9.14300537109375,0.2735700011253357,2
argue,debate,-1.50213623046875,0.16789856553077698,2
arrives,comes,-1.9019699096679688,-0.44185665249824524,2
artificial,insincere,10.56348991394043,0.13903383910655975,2
ascending,descending,-0.681060791015625,0.28486981987953186,2
ash,gas,-8.23031234741211,0.421061635017395,2
astrology,mathematics,-2.478515625,0.1723717451095581,2
aviation,certification,2.255859375,0.1838080734014511,2
backing,veering,1.66015625,0.12144584953784943,2
badminton,swimming,3.35888671875,0.19986197352409363,2
banking,finance,0.521484375,0.1240568608045578,2
banksia,eucalyptus,-8.6484375,-2.6553869247436523e-05,2
bark,crow,-9.1318359375,0.21656712889671326,2
basophils,eosinophils,-5.562522888183594,-0.30758967995643616,2
batteries,magnets,0.0054931640625,0.38137948513031006,2
beaded,embroidered,3.45703125,0.20868226885795593,2
bearskins,deerskins,5.791015625,0.10534694790840149,2
bedelia,sally,-2.239013671875,-0.44808492064476013,2
beetlebugs,caterpillars,-6.563751220703125,0.2213151752948761,2
begged,shivered,-2.13671875,0.006187230348587036,2
behaviourally,morphologically,1.5478515625,0.12178737670183182,2
bell,tentacles,-6.658229827880859,0.21562433242797852,2
bereavement,destruction,9.3955078125,0.4967552423477173,2
bettering,education,1.934906005859375,-0.5980467796325684,2
bias,discrimination,-0.03170299530029297,0.2381790429353714,2
biggest,gravest,4.576171875,-0.2865983247756958,2
binding,lawful,5.6669921875,0.0893106535077095,2
bionic,hot,-0.666015625,-0.14240172505378723,2
birds,dolls,-3.720703125,0.0002517104148864746,2
birds,mammals,6.064922332763672,0.5759158730506897,2
birds,mosquitoes,-7.7283935546875,-0.18949511647224426,2
bits,bits,-0.994140625,0.19543711841106415,2
bits,dirt,2.04248046875,-0.09647834300994873,2
bits,dust,-3.869140625,-0.18659961223602295,2
bits,strips,3.78271484375,0.3266000747680664,2
bitter,cloudy,-1.5775680541992188,-0.0853903591632843,2
bitter,furious,-4.027402877807617,0.1551738977432251,2
bitter,hot,6.941619873046875,-0.03995886445045471,2
bitter,malignant,-4.9248046875,-0.10143712162971497,2
bitter,proud,-1.5584754943847656,0.5730029344558716,2
bitter,repeated,1.2332019805908203,0.1358117163181305,2
bitter,sanguinary,-7.962890625,-0.25814923644065857,2
bland,innocent,0.13232421875,-0.5418490171432495,2
blankets,cushions,3.923828125,0.2668547034263611,2
blankets,dolls,-3.203125,0.02670714259147644,2
bleed,bleed,2.9892578125,0.19543711841106415,2
blinking,winking,-5.22265625,0.008286207914352417,2
blocks,box,2.59710693359375,0.2714077830314636,2
blocks,rebounds,0.53125,-0.008241698145866394,2
blocks,toys,-2.083953857421875,-0.4934000074863434,2
blooming,fresh,2.446941375732422,0.1500072479248047,2
blotched,red,3.833984375,-0.0730561912059784,2
blotched,wrinkled,-2.7856483459472656,0.06841333210468292,2
bluebells,cowslips,-8.8740234375,0.16685549914836884,2
bondage,distress,1.14508056640625,0.11984233558177948,2
bone,muscle,-2.626953125,0.2675102949142456,2
bored,impatient,-5.0263671875,0.2914591431617737,2
bored,neglected,2.60821533203125,0.14495524764060974,2
bored,tired,4.28680419921875,0.4689856469631195,2
bottles,bottles,0.5791015625,0.19543711841106415,2
bourbon,whiskey,4.91650390625,0.5781786441802979,2
box,tape,1.2751922607421875,-0.01024620234966278,2
boxing,swimming,0.5202045440673828,-0.005170941352844238,2
brusque,businesslike,1.37060546875,0.2608572244644165,2
bulkhead,deck,0.12109375,0.28836768865585327,2
burgers,shrimp,-1.1870187520980835,0.44141265749931335,2
burrows,feeds,-1.66375732421875,0.08171209692955017,2
calendar,email,0.6296911239624023,-0.26693299412727356,2
calms,storms,-4.67333984375,-0.009268045425415039,2
camaraderie,friendship,0.6953125,0.3271017074584961,2
came,listened,-4.951171875,0.7729595899581909,2
camels,donkeys,-5.50390625,0.04467576742172241,2
camels,goods,-1.2119903564453125,0.4000347852706909,2
cameras,toys,1.61328125,0.15191684663295746,2
candidacy,vote,-7.336212158203125,0.2346235066652298,2
cantons,cantons,0.181640625,0.19543711841106415,2
cap,weeping,-1.3221478462219238,-0.3369324505329132,2
capability,lines,-3.354248046875,-0.47197362780570984,2
catalysts,pigments,-9.1953125,0.24240818619728088,2
categories,subcategories,2.691326141357422,0.010394871234893799,2
challenges,controversies,1.869140625,0.0088883638381958,2
chapters,chapters,14.5283203125,0.19543711841106415,2
cheated,robbed,-9.15234375,0.27100712060928345,2
cheerfulness,courage,2.455078125,0.8935432434082031,2
cheese,egg,1.4375,0.28626057505607605,2
cheese,garlic,2.474609375,0.23909695446491241,2
cheese,meat,8.30859375,0.23086345195770264,2
cheese,tomato,-7.0047607421875,-0.18346533179283142,2
chemicals,heat,-10.27651309967041,0.49386677145957947,2
chemicals,polymers,2.456951141357422,0.4064210057258606,2
chuckles,nods,2.90673828125,0.03532257676124573,2
clandestine,immoderate,-6.13671875,0.5868147015571594,2
clatter,clicks,2.922515869140625,0.2711246907711029,2
clear,clear,-1.056640625,0.19543711841106415,2
clear,compelling,-6.5859375,-0.24764233827590942,2
clear,composed,-2.640625,0.3329245150089264,2
clear,fresh,0.6219329833984375,0.24611857533454895,2
clear,frosty,-0.212890625,0.43045973777770996,2
clear,full,-3.35546875,0.11677277088165283,2
clear,lighter,1.39312744140625,0.3717859983444214,2
clear,limpid,-1.548828125,-0.08971655368804932,2
clear,precise,5.26953125,-0.6246317625045776,2
clear,red,8.1796875,0.508110523223877,2
clear,regular,-0.9307861328125,-0.7632790803909302,2
clear,smooth,-5.124228477478027,-0.0043814778327941895,2
clear,specific,3.5703125,-0.30257144570350647,2
clear,starry,-8.084451675415039,1.1444698572158813,2
clear,sweet,-5.095458984375,0.37092453241348267,2
clear,true,1.189453125,-0.16645371913909912,2
clear,unhesitating,2.1337890625,-0.03904759883880615,2
clearer,clearer,-6.343830108642578,0.19543711841106415,2
clearer,louder,-3.3906478881835938,0.13667729496955872,2
climbed,climbed,-0.4049835205078125,0.19543711841106415,2
climbed,scrambled,-3.652587890625,0.17754843831062317,2
closed,forbidding,1.380075454711914,0.14997702836990356,2
closed,secured,-7.55218505859375,0.3333040475845337,2
closets,pantry,0.6015625,0.3064924478530884,2
cloudy,gray,8.4609375,-0.02251681685447693,2
coarse,scanty,2.43212890625,0.10835935920476913,2
coarse,tough,4.604066371917725,0.12755319476127625,2
cobwebs,dirt,-3.9375,0.221829354763031,2
cobwebs,dust,1.5068359375,0.5493040084838867,2
coins,medals,0.2568359375,0.015268176794052124,2
coins,notes,-2.123046875,-0.12651798129081726,2
combat,demolition,4.2705078125,-0.0031792372465133667,2
communicating,composition,3.466461181640625,0.2181234508752823,2
company,tiffany,3.44140625,-0.6224672794342041,2
compare,contrast,7.3603515625,0.12272019684314728,2
competitive,cultural,-0.2518310546875,-0.26075971126556396,2
complex,dangerous,-3.89715576171875,0.469078928232193,2
complex,proud,-8.713775634765625,0.612479567527771,2
complex,unresolved,4.028564453125,0.1878434270620346,2
complex,vast,-2.6530838012695312,0.08503503352403641,2
composition,singing,-4.713134765625,0.7151696681976318,2
computers,radio,-3.58489990234375,-0.006116777658462524,2
computers,science,-1.0160980224609375,-0.04360899329185486,2
comradery,friendship,5.939361572265625,0.15100538730621338,2
concordats,treaties,-4.544532775878906,0.34825560450553894,2
conditions,standards,-5.982879638671875,-0.1352902352809906,2
conferences,lectures,1.64599609375,0.501030445098877,2
confidence,courage,14.158203125,0.1941777467727661,2
confidence,encouragement,-1.725189208984375,0.13036218285560608,2
confidence,faith,-13.77366828918457,0.11108710616827011,2
confidence,friendship,0.9727783203125,-0.15761598944664001,2
confrontation,dissention,-4.839202880859375,0.22837300598621368,2
conscience,morals,-8.669857025146484,0.21956735849380493,2
conscience,reason,1.1199951171875,0.4664008915424347,2
consequentialism,deontology,-5.843376159667969,-0.03728391230106354,2
consistently,correctly,5.120758056640625,0.34437981247901917,2
convenience,friendship,0.01171875,0.3599826991558075,2
coordinated,disciplined,-2.27734375,0.027682796120643616,2
corals,shells,2.4765625,-0.09250572323799133,2
cordiality,friendship,-0.7041015625,0.2726632356643677,2
cormalite,limestone,1.380859375,-0.18225637078285217,2
courage,dignity,4.544921875,-0.10126855969429016,2
courage,discernment,2.765720844268799,-0.016483575105667114,2
courage,faith,0.714019775390625,0.1776036024093628,2
courage,optimism,-1.35186767578125,0.10989930480718613,2
courage,strength,1.79669189453125,0.18915924429893494,2
creamy,smooth,0.0,0.18991424143314362,2
creamy,sweet,0.46856689453125,0.15780580043792725,2
creamy,thick,-2.454345703125,-0.4702660143375397,2
criticized,unpopular,4.12579345703125,0.22190284729003906,2
crooked,dangerous,-1.33880615234375,0.10089077800512314,2
crude,early,-6.986328125,-0.15804293751716614,2
cruelty,injustice,3.48388671875,0.2877778708934784,2
cruelty,oppression,-3.6683316230773926,-0.17948707938194275,2
cruelty,selfishness,-1.4144287109375,0.02503257989883423,2
cruelty,violence,-2.2763671875,0.09757108241319656,2
cultural,education,-0.965972900390625,0.22744262218475342,2
cultural,personal,-5.616851806640625,0.37433627247810364,2
cultural,physical,-4.34375,0.500691294670105,2
cultural,publicity,-6.9375,0.023874133825302124,2
cultural,sporting,-2.8638916015625,-0.20121929049491882,2
curiously,suspiciously,-1.123046875,-0.046631842851638794,2
cushions,trucks,-3.463122844696045,0.15278291702270508,2
cute,innocent,-7.689453125,0.24019552767276764,2
cute,sweet,-5.481822967529297,0.5695446729660034,2
cyanotic,unresponsive,1.2431640625,0.18875686824321747,2
cycling,swimming,-7.4024658203125,0.03230978548526764,2
damanes,trespass,3.279632568359375,-0.07045719027519226,2
dangerous,hot,-3.620361328125,0.02761383354663849,2
dangerous,miserable,-4.66876220703125,0.03165355324745178,2
dangerous,true,-5.9322509765625,0.49907636642456055,2
dangerous,unpopular,4.53125,-0.3641248047351837,2
darkening,lightening,4.740930557250977,0.4764662981033325,2
datebooks,pens,-2.4453125,0.23776212334632874,2
deceit,dishonesty,-1.7706298828125,0.1567193567752838,2
deeds,documents,5.00439453125,0.4006653428077698,2
deeds,notes,-0.6127128601074219,0.5192867517471313,2
defeated,unpopular,8.41796875,0.1080128476023674,2
demolition,deterioration,0.431640625,0.18110698461532593,2
demolition,maintenance,-6.822174072265625,0.2872244119644165,2
demonolatry,idolatry,0.08984375,0.04045721888542175,2
deportment,dignity,6.044921875,-0.06746512651443481,2
depraved,sinful,6.860748291015625,0.021923750638961792,2
derision,drunkenness,-7.924980163574219,0.13992148637771606,2
destruction,misery,4.708953857421875,0.23778219521045685,2
destruction,rebirth,-2.44287109375,0.03088507056236267,2
destruction,war,1.90625,-0.10353904962539673,2
developed,modern,4.0026679039001465,-0.17814773321151733,2
dialogs,recitations,3.9150390625,-0.07020533084869385,2
dials,receiver,-0.1990966796875,0.058221787214279175,2
died,suffered,-4.22265625,0.3187585771083832,2
dignity,strength,-6.9052734375,0.060164421796798706,2
dinosaur,lion,-4.529998779296875,-0.044965773820877075,2
dirt,dust,-2.782684326171875,0.048776790499687195,2
dirt,poisons,0.8310165405273438,0.15261033177375793,2
disaster,failure,5.2239532470703125,0.22643119096755981,2
disciplined,regular,1.8805694580078125,0.29759061336517334,2
discrimination,fights,3.69140625,0.26390892267227173,2
discrimination,slavery,-0.213623046875,0.17562511563301086,2
discrimination,violence,-5.658203125,0.20828834176063538,2
dishonesty,injustice,23.939453125,0.10982299596071243,2
disobedience,misery,1.921142578125,0.19318249821662903,2
disobedience,negligence,4.542911529541016,0.07504726946353912,2
dispatch,neatness,-9.978515625,-0.2058236300945282,2
distress,misery,-4.737194061279297,0.19210128486156464,2
distress,privation,1.2827177047729492,-0.21285995841026306,2
dogs,dolls,-0.1787109375,0.12172602117061615,2
dogs,ferrets,0.6737689971923828,0.3732594847679138,2
dogs,pistols,2.84375,0.2867993116378784,2
dogs,poets,-3.142578125,0.3796861171722412,2
dollars,dollars,1.3602523803710938,0.19543711841106415,2
dolls,dolls,4.6751251220703125,0.19543711841106415,2
dolls,pram,-2.732849597930908,0.037417590618133545,2
dolls,toys,1.104736328125,-0.24318644404411316,2
domestic,local,7.517578125,-0.3177555501461029,2
domestic,sexual,-7.552734375,0.045527681708335876,2
dominant,official,-1.150970458984375,0.3074899911880493,2
downhearted,gloomy,-0.51953125,0.4644588828086853,2
dozens,dozens,-6.05078125,0.19543711841106415,2
draw,schedule,-3.2171854972839355,-0.7480150461196899,2
dreams,reality,4.7127838134765625,0.12042966485023499,2
dreams,stories,0.4931640625,0.011856943368911743,2
drongos,flycatchers,-5.26171875,0.22135713696479797,2
dug,dug,-2.98046875,0.19543711841106415,2
dumplings,steam,-3.63671875,0.22257481515407562,2
dust,gas,4.3984375,0.14342176914215088,2
dust,gravel,-7.88916015625,0.4793940782546997,2
dust,heat,2.8962831497192383,-0.007086962461471558,2
dust,waste,-12.6907958984375,0.0074940025806427,2
dweebs,geeks,-0.875396728515625,-0.14731255173683167,2
dyers,weavers,-11.35791015625,0.28014034032821655,2
early,extraordinary,0.2734375,0.06520520150661469,2
early,personal,-0.2734375,-0.5214166641235352,2
earthworks,megaliths,8.59197998046875,-0.11712920665740967,2
easier,easier,-6.677734375,0.19543711841106415,2
easier,lighter,0.499542236328125,0.20764607191085815,2
easier,louder,-1.793121337890625,0.07340475916862488,2
eddied,swirled,3.681708335876465,0.41371554136276245,2
education,pedagogy,2.560546875,-0.04377174377441406,2
education,science,-0.18950271606445312,0.7303858995437622,2
egg,tongue,4.3915252685546875,1.2834731340408325,2
elements,shapes,-2.184540271759033,0.3294219970703125,2
embarrassment,pleasure,5.533203125,0.32712429761886597,2
embeddings,manifolds,-7.8338623046875,0.251533567905426,2
emperors,empresses,8.508625030517578,0.05496290326118469,2
encouragement,praise,0.2666015625,0.20154237747192383,2
encouragement,warning,2.2890625,0.24354234337806702,2
enlarged,hollow,2.3173828125,0.12212847173213959,2
enlarged,reduced,7.095703125,0.1840161681175232,2
enlarged,revised,4.74346923828125,0.0887293890118599,2
enormous,majestic,-0.9602870941162109,0.414258748292923,2
enormous,powerful,3.2109375,0.2541787624359131,2
entertainments,parties,2.1634521484375,-0.11476132273674011,2
erect,fearless,4.01708984375,0.5213217735290527,2
erect,masterful,-6.893792152404785,0.3600620925426483,2
espresso,juice,-1.020263671875,0.3312830328941345,2
events,events,-1.216796875,0.19543711841106415,2
events,names,4.8515625,0.5582159757614136,2
events,relationships,5.132966041564941,-0.3335530459880829,2
events,stories,1.876953125,0.4549627900123596,2
example,precept,-0.8227195739746094,0.041026875376701355,2
exhausted,hot,3.4791107177734375,0.37590038776397705,2
expound,reason,-1.74603271484375,0.1392960399389267,2
exterior,interior,-1.09765625,0.2677299976348877,2
facts,myths,3.533203125,-0.22756066918373108,2
facts,names,2.6826171875,0.5590516328811646,2
faith,glory,-9.53515625,-0.37408027052879333,2
faith,morals,-2.3446502685546875,0.1885676383972168,2
faith,reason,-1.723388671875,0.193586528301239,2
faith,science,0.92431640625,0.013556376099586487,2
faith,violence,-3.41796875,-0.0652705729007721,2
fall,tumble,1.0318126678466797,0.4383382499217987,2
famous,hot,3.367748260498047,-0.21973931789398193,2
farming,livestock,4.78564453125,0.1643362194299698,2
fast,febrile,0.5703125,-0.03414425253868103,2
fast,furious,-2.66796875,0.5012349486351013,2
fast,mushy,-3.802734375,0.7601896524429321,2
fast,powerful,-0.389917254447937,-0.2677972614765167,2
fast,steadily,-3.4459149837493896,-0.25605103373527527,2
fast,sure,2.705078125,-0.33514681458473206,2
fast,thick,2.48046875,0.0396806001663208,2
fast,tough,-8.9375,-0.033079490065574646,2
fast,true,1.466796875,-0.2477475106716156,2
fearless,gallant,5.445959091186523,0.11683674901723862,2
fights,war,1.27734375,-0.05816420912742615,2
fits,starts,5.17901611328125,0.025572344660758972,2
flabby,wrinkled,-4.646484375,0.1915196031332016,2
flattery,persistence,5.048828125,0.16961592435836792,2
flattery,pleasure,2.828125,-0.22030866146087646,2
flattery,servility,0.6474704742431641,-0.03671230375766754,2
flies,mosquitoes,-6.5859375,-0.02467837929725647,2
flippers,lungs,7.0859375,0.4208080768585205,2
flopped,stumbled,-6.9814453125,0.37774360179901123,2
flushed,hoarse,-2.806640625,0.13162702322006226,2
flushed,hot,3.5291900634765625,0.35546693205833435,2
flushed,impatient,-2.8295974731445312,0.23202010989189148,2
flushed,radiant,-2.94140625,0.2479948103427887,2
flushed,red,-7.315784931182861,0.19532586634159088,2
flushed,tired,-7.222900390625,0.3391134738922119,2
flushed,unhappy,-0.9917373657226562,-0.34368231892585754,2
fog,storms,-1.4472005367279053,0.009380131959915161,2
fog,wind,2.10546875,0.05678488314151764,2
forage,gather,3.608661651611328,0.4965384304523468,2
foreboding,loneliness,2.190916061401367,-0.12251266837120056,2
founding,full,-1.9674941301345825,0.21066652238368988,2
founding,prominent,4.863037109375,-0.08505755662918091,2
freakier,freakier,-4.248779296875,0.19543711841106415,2
freight,luggage,-6.60009765625,0.24792565405368805,2
fresh,hot,2.20703125,-0.16577300429344177,2
fresh,sweet,-2.92462158203125,0.4139274060726166,2
fresh,unblemished,2.48388671875,0.02033713459968567,2
fresh,youthful,-0.251953125,-0.22139576077461243,2
friendship,intimacy,-3.013713836669922,0.268851101398468,2
friendship,loneliness,-5.34326171875,-0.04174128174781799,2
frog,wombat,-0.41015625,-0.5848793983459473,2
frosts,storms,3.16015625,0.3353402614593506,2
fuel,heating,5.2001800537109375,-0.23789557814598083,2
full,immediate,-5.4521484375,0.08808094263076782,2
full,transcendent,-3.55859375,-0.05656352639198303,2
full,true,-2.13623046875,-0.16865038871765137,2
furious,hot,-0.12424278259277344,0.09872229397296906,2
furious,sputtering,10.1875,0.03139013051986694,2
galaxies,matter,4.136249542236328,0.07911147177219391,2
gallant,shrewd,-2.763916015625,0.18448558449745178,2
gallons,gallons,-0.49708259105682373,0.19543711841106415,2
gas,matter,-17.30712890625,-0.1989763379096985,2
gas,steam,0.0,-0.14049658179283142,2
gaunt,gray,4.013671875,-0.42666903138160706,2
gaunt,hollow,5.38720703125,0.12481920421123505,2
gears,levers,1.1348800659179688,0.2576042413711548,2
gigantic,red,-7.45916748046875,0.11252127587795258,2
girl,goose,-0.4289371967315674,-0.055502355098724365,2
girl,stalking,-1.8422698974609375,-0.0082472562789917,2
global,local,-7.8251953125,-0.302946537733078,2
gloomy,stern,-0.12109375,-0.06530264019966125,2
gloomy,thick,1.5895957946777344,-0.07114464044570923,2
graduate,professional,10.77570915222168,0.40541741251945496,2
graduate,undergraduate,-2.4375,-0.07262837886810303,2
grame,grief,-5.978515625,-0.13051190972328186,2
gray,grewsome,-7.7288665771484375,0.2459898293018341,2
gray,red,-4.70556640625,0.4955732822418213,2
gray,scanty,-9.21337890625,0.24557678401470184,2
gray,tired,3.48291015625,0.7054591178894043,2
gray,yellow,-1.6025390625,-0.04297637939453125,2
grey,red,-1.9747657775878906,0.3216612637042999,2
grief,horror,9.707464218139648,-0.004586249589920044,2
grief,intrigue,3.30712890625,0.10860972106456757,2
grief,passion,-8.38427734375,0.10202983766794205,2
grief,rage,-7.2333984375,0.4268762469291687,2
grinned,looked,7.8486328125,-0.043803662061691284,2
harmonium,organ,-2.5078125,0.18495187163352966,2
hawed,himmed,5.0859375,0.4720945954322815,2
heaps,heaps,6.09375,0.19543711841106415,2
hearths,homes,1.639650821685791,0.035901591181755066,2
heat,strength,-6.7890625,0.16637307405471802,2
heiress,owner,5.03173828125,0.5455864071846008,2
heparin,histamine,8.166259765625,0.24660199880599976,2
heretics,nonbelievers,-15.3642578125,0.30998361110687256,2
highlights,shadows,4.65625,0.2746815085411072,2
hoarse,hollow,-1.9641990661621094,0.0067379772663116455,2
hollow,lightweight,-3.140655517578125,0.21671335399150848,2
hollow,muffled,2.310546875,0.5116488933563232,2
honeysuckles,jessamines,-0.464141845703125,0.2829894721508026,2
horrible,red,-1.03125,-0.24843436479568481,2
horrible,yellow,-3.9654541015625,0.26005643606185913,2
horror,misery,3.67252254486084,-0.2518784701824188,2
horror,rage,-3.8505859375,0.9650067090988159,2
hot,mixed,-3.953125,0.41251349449157715,2
hot,red,-2.9979248046875,0.19283942878246307,2
hot,smoking,-6.5439453125,0.004228413105010986,2
hot,steaming,3.0184593200683594,0.7369704246520996,2
hot,sultry,-10.27734375,0.3492717742919922,2
hot,sweet,12.303170204162598,0.4663054645061493,2
hot,tired,-1.4729100465774536,0.03267538547515869,2
hushed,penetrated,10.654296875,0.06849756836891174,2
illustrated,wrote,-5.62786865234375,-0.17717739939689636,2
immediate,personal,2.001953125,0.30485156178474426,2
immediate,stern,2.5087890625,0.5273233652114868,2
impatient,tired,3.14599609375,0.3405466675758362,2
increase,multiply,1.630859375,0.42457401752471924,2
ingratitude,suspicion,5.2060546875,0.11500627547502518,2
injustice,oppression,3.583984375,0.1713990569114685,2
injustice,slavery,-0.6794179677963257,0.23029762506484985,2
injustice,violence,-8.48046875,-0.19431355595588684,2
innocent,leige,-6.7900390625,0.2167210578918457,2
innocent,sweet,-2.6226840019226074,0.7977254390716553,2
inquiringly,politely,3.3701171875,0.16691496968269348,2
insincere,supercilious,-3.1790313720703125,0.10935764759778976,2
insults,violence,-3.4035987854003906,0.11001498997211456,2
junior,professional,4.7233123779296875,-0.4915908873081207,2
kinds,shapes,6.0234375,0.25522381067276,2
kinds,sorts,0.4912109375,0.18551161885261536,2
leaking,patched,-2.9805660247802734,0.11918806284666061,2
legos,lion,4.698606014251709,0.4107063114643097,2
leif,tarzan,-8.56640625,-0.38822516798973083,2
leukemia,lymphoma,-2.1265640258789062,-0.12608551979064941,2
lighter,lighter,9.763632774353027,0.19543711841106415,2
lighter,thinner,0.0,-0.12919887900352478,2
like,talking,6.144134521484375,-0.09160706400871277,2
limestone,marble,-0.7435789108276367,0.3191014528274536,2
limped,stuttered,-3.0764236450195312,0.3517327904701233,2
limpid,salutary,-0.20322799682617188,0.06543849408626556,2
listened,listened,6.24462890625,0.19543711841106415,2
listened,looked,5.220756530761719,0.08121006190776825,2
listened,watched,3.579559326171875,0.24390634894371033,2
local,provincial,1.3055686950683594,0.35847681760787964,2
loneliness,misery,9.792366027832031,-0.021151363849639893,2
looked,looked,-6.01953125,0.19543711841106415,2
looked,smelt,8.07421875,-0.10922867059707642,2
lost,loved,-0.765625,-0.026428014039993286,2
louder,louder,6.0048828125,0.19543711841106415,2
louder,repeated,-2.87109375,0.21881531178951263,2
louder,sharper,-3.9966812133789062,0.47440841794013977,2
loyalists,unionists,-2.8961181640625,0.25343865156173706,2
magisterial,police,-1.951171875,0.3348843455314636,2
magnet,toys,4.151645660400391,0.24733726680278778,2
magnificent,proud,-0.68157958984375,0.3927314877510071,2
majestic,powerful,-2.68408203125,-0.10354655981063843,2
majestic,soothing,-4.2471771240234375,0.18341955542564392,2
majestic,sublime,-1.3779296875,0.2739313542842865,2
malice,rage,-3.3865966796875,0.5560206174850464,2
marble,mosaic,0.210693359375,0.29447686672210693,2
maroon,red,1.265625,0.5363507270812988,2
maroon,yellow,-1.539953589439392,0.05994732677936554,2
mathematics,metamathematics,-5.5078125,0.03706289827823639,2
mathematics,science,-3.19140625,0.42226067185401917,2
mathematics,statistics,3.252368927001953,0.17063957452774048,2
matrimony,matrimony,1.833984375,0.19543711841106415,2
mauve,red,0.38556671142578125,0.11913970112800598,2
meaning,reason,-7.516632080078125,0.186723530292511,2
meaning,richness,0.2079761028289795,-0.20754793286323547,2
meat,meat,5.1953125,0.19543711841106415,2
meat,puddings,-2.669921875,-0.0261031836271286,2
metasedimentary,sedimentary,0.0,0.06505188345909119,2
metres,metres,0.0,0.19543711841106415,2
microprocessors,transistors,-0.08819580078125,0.28044968843460083,2
mightiest,richest,3.139789581298828,0.08444903790950775,2
miserable,tired,-6.429767608642578,0.1670394241809845,2
miserable,unhappy,1.649017333984375,0.0976843312382698,2
miserable,weeping,5.3790283203125,0.48377862572669983,2
missus,mister,-4.9453125,0.07145075500011444,2
modern,practical,-0.5949597358703613,0.32169628143310547,2
muffled,thick,2.907196044921875,-0.10119011998176575,2
mushrooms,tomatoes,3.5110626220703125,0.05136655271053314,2
necessity,urgency,0.12206649780273438,-0.1091751754283905,2
nestling,singing,-4.240234375,0.31390583515167236,2
northwest,west,4.58936882019043,0.43406176567077637,2
official,royal,-4.748046875,0.1624978482723236,2
on,on,-2.757568359375,0.19543711841106415,2
opponents,players,0.0,0.198869526386261,2
oppression,violence,3.7364959716796875,0.2675137221813202,2
outsiders,students,-7.901153564453125,0.5758882164955139,2
outsiders,wives,3.5694580078125,0.5285160541534424,2
overweight,unhappy,5.1351318359375,0.5141067504882812,2
paler,paler,0.384765625,0.19543711841106415,2
paler,thinner,-0.2607421875,0.11553186178207397,2
paler,tired,0.9518642425537109,0.17611224949359894,2
paperwork,signatures,-3.8720703125,0.33606863021850586,2
passion,rage,2.65771484375,-0.029420316219329834,2
personal,profanity,-8.904696464538574,-0.04058527946472168,2
personal,professional,0.0,0.399583101272583,2
phases,stages,10.896484375,0.3266441524028778,2
photographs,sketches,-7.7421875,0.0721365362405777,2
physical,sexual,0.8466796875,0.08402328193187714,2
pins,tape,4.064155578613281,-0.29102039337158203,2
placid,smooth,2.1768646240234375,0.15829652547836304,2
pleasure,rejoicing,-2.3399314880371094,-0.18543490767478943,2
poets,songwriters,-2.44287109375,0.20707368850708008,2
powdery,smooth,7.361328125,0.14040139317512512,2
powerful,precise,0.4345703125,-0.04896223545074463,2
powerful,stern,-3.88525390625,0.22209659218788147,2
powerful,vast,-1.203125,0.24901904165744781,2
praise,publicity,6.921875,0.25194239616394043,2
prematurity,smoking,0.8019161224365234,0.35035330057144165,2
presentation,spelling,-14.57275390625,0.21883200109004974,2
principal,supervisor,7.1339640617370605,0.038516104221343994,2
produced,wrote,-1.00067138671875,-0.06118932366371155,2
profanity,sanctity,-3.89453125,0.15263059735298157,2
profanity,sexual,-3.73046875,-0.2946954071521759,2
professional,student,1.1637420654296875,-0.20669254660606384,2
property,slaves,-1.92041015625,0.6527782678604126,2
proud,stern,0.544097900390625,-0.73157799243927,2
proud,swaggering,-2.974609375,-0.2220904529094696,2
proud,vain,1.8458619117736816,0.11169353127479553,2
pulled,pulled,0.7158203125,0.19543711841106415,2
radiant,red,-12.8994140625,-0.33166244626045227,2
radio,record,6.932708740234375,0.19205453991889954,2
rage,scorn,2.5217456817626953,-0.08257314562797546,2
rage,war,6.291015625,0.04600399732589722,2
rage,weeping,0.8013916015625,-0.5515055656433105,2
rains,storms,-5.0908203125,0.35671359300613403,2
rampant,red,0.8131556510925293,0.2823929190635681,2
randomness,statistics,-8.6318359375,-0.2822222113609314,2
rapidly,steadily,4.367462158203125,-0.17295429110527039,2
reason,science,10.76336669921875,-0.0043073296546936035,2
reason,tradition,-0.0636749267578125,0.159515842795372,2
receiver,recorder,6.6794281005859375,0.30250006914138794,2
recorder,tape,4.762939453125,-0.03151622414588928,2
red,red,5.90625,0.19543711841106415,2
red,thick,-5.6201171875,0.18686871230602264,2
red,wrinkled,-7.91015625,0.06131032109260559,2
red,yellow,-2.97265625,0.25529924035072327,2
rehashed,revised,-9.53643798828125,-0.1619022786617279,2
repeated,sterner,2.6162109375,0.18531534075737,2
rip,tip,-0.23583984375,-0.015278518199920654,2
rising,rising,-1.466796875,0.19543711841106415,2
run,run,-7.148834228515625,0.19543711841106415,2
run,shout,-1.609375,0.6209322214126587,2
samoyedic,yeniseian,-5.576629638671875,-0.07241764664649963,2
screaming,shouting,-1.6924972534179688,0.35196253657341003,2
secured,shut,7.3955078125,0.13321954011917114,2
sexuality,violence,-5.321277618408203,-0.16559693217277527,2
sharper,sharper,1.36328125,0.19543711841106415,2
shinyness,sunniness,6.476367950439453,-0.1693507432937622,2
shivered,suffered,5.63623046875,0.3824756145477295,2
shivered,watched,-10.833984375,0.62035071849823,2
shouting,shrieking,-6.6932373046875,0.3125401735305786,2
shouting,singing,2.587209701538086,-0.021074607968330383,2
shouting,talking,3.6865692138671875,0.1839192658662796,2
shrimp,snails,2.4548606872558594,0.09235796332359314,2
singing,talking,-1.8515625,-0.24228039383888245,2
skirmishing,trading,-2.3125,0.21565452218055725,2
sluggish,smooth,-3.0807418823242188,-0.01801493763923645,2
smoking,steaming,8.021484375,0.2793256938457489,2
smoking,talking,1.5694580078125,0.8269493579864502,2
smooth,sweet,2.455078125,0.7503268718719482,2
smooth,thick,-1.04296875,0.1407664716243744,2
spray,steam,-6.1735687255859375,0.35838037729263306,2
spreading,spreading,-1.19091796875,0.19543711841106415,2
sputtering,sputtering,1.208984375,0.19543711841106415,2
squak,squak,0.8943748474121094,0.19543711841106415,2
starved,tired,6.54296875,0.04898315668106079,2
steeper,steeper,-5.078125,0.19543711841106415,2
stem,stern,1.0576171875,-0.2336265742778778,2
stifling,thick,-1.1923828125,-0.25238481163978577,2
storms,wind,-2.53202486038208,0.3629722595214844,2
talking,talking,7.06640625,0.19543711841106415,2
tamer,tamer,-3.24169921875,0.19543711841106415,2
thick,tough,-6.66796875,0.30388474464416504,2
thick,yellow,-9.35595703125,-0.0861193835735321,2
thinner,thinner,-0.5847625732421875,0.19543711841106415,2
thumbs,toes,-3.5048980712890625,-0.06638255715370178,2
tired,unhappy,2.72454833984375,-0.2294231653213501,2
tired,uninspired,1.927734375,-0.14029106497764587,2
tradition,usage,-5.873744964599609,0.21748407185077667,2
trains,trucks,4.33154296875,0.16589590907096863,2
twice,twice,5.66015625,0.19543711841106415,2
tylenol,zithromax,2.427734375,0.3887493312358856,2
uncivilized,unlettered,-3.0341796875,0.18800203502178192,2
unhallowed,unwarranted,-5.16015625,0.13984456658363342,2
unwinding,winding,2.625732421875,0.2353246659040451,2
utter,vast,4.24755859375,-0.20438018441200256,2
village,village,3.421875,0.19543711841106415,2
violence,war,0.54351806640625,0.18403317034244537,2
wailings,weeping,-4.71875,-0.13846269249916077,2
watched,watched,1.73828125,0.19543711841106415,2
weeks,weeks,-0.05078125,0.19543711841106415,2
wider,wider,-5.60888671875,0.19543711841106415,2
wrastled,wrastled,-2.872100830078125,0.19543711841106415,2
wrinkled,yellow,4.630126953125,-0.08499622344970703,2
wrote,wrote,0.583984375,0.19543711841106415,2
yards,yards,-2.6875,0.19543711841106415,2
yellow,yellow,0.2841796875,0.19543711841106415,2
yours,yours,-9.140625,0.19543711841106415,2
abjurer,nowhere,-1.4022445678710938,-0.17371468245983124,3
above,around,-3.264892578125,0.008493632078170776,3
accidents,incidents,-2.588162899017334,-0.16653919219970703,3
accidents,problems,1.196044921875,-0.37979698181152344,3
acknowledge,state,9.571216583251953,-0.16836455464363098,3
actively,successfully,4.4901123046875,0.04384292662143707,3
acts,speaks,1.3087663650512695,0.13664568960666656,3
acts,talks,0.83984375,0.5673835277557373,3
adoration,love,4.25,0.16533003747463226,3
aerial,ground,4.498046875,-0.27884799242019653,3
aimlessly,unconsciously,-5.41162109375,0.2434084266424179,3
along,along,-2.892578125,-0.09855355322360992,3
along,watch,-0.376953125,0.01616554707288742,3
amused,rapid,-6.6761474609375,0.5126569271087646,3
anarchy,license,3.935791015625,0.011876516044139862,3
anguish,dejection,-3.3111953735351562,0.09685118496417999,3
ants,earth,8.2926025390625,0.2422225922346115,3
ants,termites,0.3692741394042969,0.2677631974220276,3
apologized,time,-4.668262481689453,-0.09397223591804504,3
apologized,went,-2.4140625,0.008355528116226196,3
apples,cake,-11.69140625,0.08954428136348724,3
aquatic,other,5.0419921875,0.6305897831916809,3
arab,egyptian,4.94580078125,-0.12076714634895325,3
area,league,-2.7255859375,0.06844411790370941,3
armies,battles,-2.6904296875,-0.20956161618232727,3
around,around,3.703125,-0.09855355322360992,3
arrivals,departures,-1.178619384765625,-0.27317994832992554,3
arrogant,hurtful,-6.27685546875,0.0376041978597641,3
arrogant,lying,-0.05859375,-0.23246003687381744,3
arrogant,opinionated,-7.001953125,0.3975391983985901,3
arrogant,quarrelsome,-1.8701171875,-0.019269391894340515,3
arrows,bow,0.2080078125,-0.3110237717628479,3
arrows,chimales,-6.7310791015625,0.08267848193645477,3
artists,cartoonists,-1.248046875,0.15437328815460205,3
artists,intellectuals,3.22088623046875,0.15857262909412384,3
artists,things,-1.814453125,0.2822951078414917,3
artists,writers,-6.766329765319824,-0.16437183320522308,3
ask,call,4.79949951171875,-0.2435726374387741,3
assassins,conspirators,-2.553955078125,-0.13605375587940216,3
assassins,cutthroats,3.58599853515625,-0.4104457497596741,3
assets,cash,5.489601135253906,0.1133144348859787,3
assets,exports,-2.97265625,-0.1909193992614746,3
atheistic,materialistic,7.7265625,0.3515339493751526,3
attentive,ready,-3.6597900390625,-0.22735105454921722,3
audience,critics,0.5342512130737305,0.02961178869009018,3
babbled,babbled,1.397979736328125,-0.09855355322360992,3
babied,petted,-0.9248046875,0.05495171248912811,3
babysit,come,6.7578125,-0.37039071321487427,3
backed,backed,-2.310302734375,-0.09855355322360992,3
backed,pranced,1.123046875,0.13229671120643616,3
backward,sideways,3.498241424560547,0.18131746351718903,3
balloon,boy,1.85546875,0.09307779371738434,3
barked,barked,-2.03485107421875,-0.09855355322360992,3
barleycorns,roots,3.6802215576171875,-0.05260026454925537,3
baskets,parcels,0.906005859375,0.09430737793445587,3
battles,disputes,3.0863916873931885,0.20813553035259247,3
battleships,cruisers,5.130859375,-0.017985641956329346,3
beating,beating,5.21881103515625,-0.09855355322360992,3
beggars,churches,-0.041015625,-0.131018728017807,3
belief,sentiment,-0.00604248046875,-0.17499743402004242,3
belief,thought,-2.32421875,0.09536847472190857,3
belief,unbelief,1.53533935546875,0.019890189170837402,3
berrid,dead,3.4906005859375,0.428044855594635,3
bewildering,many,-0.3402099609375,0.3338627219200134,3
black,black,9.417770385742188,-0.09855355322360992,3
black,cold,0.91259765625,0.04175439476966858,3
black,dismal,-2.271024227142334,0.11472462117671967,3
black,gay,-14.1552734375,0.02036464214324951,3
black,shiny,6.333984375,-0.024904996156692505,3
blatant,officious,0.04323625564575195,0.11540685594081879,3
bliss,suffering,3.074726104736328,0.13677816092967987,3
blows,blows,10.953903198242188,-0.09855355322360992,3
board,keel,12.62939453125,0.020247027277946472,3
boars,deer,-0.0862274169921875,-0.7171269655227661,3
boars,oxen,1.8203125,-0.18400827050209045,3
bonnets,dresses,-8.0654296875,0.4027882218360901,3
boots,clothing,3.2685546875,-0.007705114781856537,3
boots,coats,-2.82861328125,0.21976475417613983,3
bow,slide,6.541015625,0.1854085773229599,3
bowery,lofty,2.435546875,0.0813756138086319,3
boxed,wrestled,3.4970703125,-0.035834744572639465,3
bravery,cowardice,4.8369140625,-0.016706936061382294,3
bravery,enterprise,2.5660476684570312,-0.15669190883636475,3
breakfast,lunch,7.073028564453125,-0.03621511906385422,3
breakfast,supper,-6.12109375,0.16551364958286285,3
bribing,sleeping,-4.500301361083984,0.18467678129673004,3
build,come,2.6328125,-0.08782382309436798,3
burn,split,4.123046875,-0.2265460044145584,3
cake,fruit,1.794403076171875,-0.28115367889404297,3
cake,jelly,-4.408935546875,-0.07729291170835495,3
call,call,-5.952880859375,-0.09855355322360992,3
call,come,1.115234375,0.031849294900894165,3
camera,puzzle,-2.8193359375,0.337760329246521,3
carry,cash,-1.822265625,1.0108163356781006,3
cash,time,-4.9228515625,0.23078878223896027,3
casseroles,things,9.615234375,-0.2797221541404724,3
charitable,grand,10.76171875,-0.051992058753967285,3
cheat,steal,6.254913330078125,0.26901549100875854,3
churches,minsters,-5.71875,0.11835180222988129,3
churches,monasteries,3.59576416015625,-0.12010613828897476,3
cinematic,classical,0.5070915222167969,-0.0919995903968811,3
circumstances,fate,9.567220687866211,-0.07968030869960785,3
circumstances,time,-2.0105323791503906,0.1053202748298645,3
civilian,other,3.7184677124023438,-0.09256476163864136,3
clairvoyance,mesmerism,-1.0419921875,-0.3208650052547455,3
classical,quantum,-3.68585205078125,0.21041171252727509,3
clergy,nobility,1.791015625,-0.12923449277877808,3
closer,closer,3.62255859375,-0.09855355322360992,3
closer,longer,0.7285537719726562,0.4577254056930542,3
closer,warmer,-1.380859375,0.14107318222522736,3
clubs,societies,0.0,0.3389083743095398,3
clubs,things,-7.1787109375,0.31689584255218506,3
coats,dresses,-3.78515625,0.014038413763046265,3
coats,scarves,-4.266876220703125,0.19380350410938263,3
cold,cramp,-2.73370361328125,0.04668481647968292,3
cold,dead,-7.73406982421875,0.012233719229698181,3
cold,dire,6.667236328125,-0.47471219301223755,3
cold,intellectual,-4.01171875,0.3308819532394409,3
cold,lifeless,-10.728515625,0.48847121000289917,3
cold,rain,3.118408203125,-0.07710165530443192,3
cold,rainy,2.7467041015625,0.007500886917114258,3
cold,silent,-4.982911109924316,0.19154755771160126,3
cold,snow,-2.287109375,-0.218729630112648,3
cold,snowing,-6.2490234375,-0.2683064937591553,3
cold,steady,-0.17137813568115234,0.4932042360305786,3
cold,stiff,2.37872314453125,0.3667421340942383,3
cold,undemonstrative,0.28204345703125,-0.054796863347291946,3
cold,useless,1.064453125,0.029963098466396332,3
collectivism,individualism,5.7265625,0.6143554449081421,3
college,private,9.3106689453125,-0.05394330993294716,3
college,pro,9.54296875,0.4928320646286011,3
colleges,things,5.467498779296875,-0.114283487200737,3
coloring,drawing,-2.541015625,-0.3614955544471741,3
come,come,7.4765625,-0.09855355322360992,3
come,dine,5.734375,0.6890003681182861,3
come,hurry,4.494140625,0.07646684348583221,3
come,take,3.7452645301818848,0.12226696312427521,3
come,watch,-1.6177253723144531,0.7503806352615356,3
come,went,-0.1044921875,-0.11576046794652939,3
commitment,love,-2.338134765625,0.12242643535137177,3
committing,disciplining,-0.87890625,0.4034828543663025,3
communication,trade,-7.9658660888671875,-0.0788763165473938,3
companies,regiments,-4.78271484375,0.20774169266223907,3
conducting,finish,-2.100830078125,0.06110982596874237,3
congressional,public,4.583984375,0.21950025856494904,3
consent,order,2.2880859375,0.08542470633983612,3
constrained,mysterious,-1.216796875,0.3484022617340088,3
constrained,silent,-11.19036865234375,0.26430433988571167,3
cookie,napkin,-1.03619384765625,-0.27694326639175415,3
cooking,pottery,0.9114497900009155,-0.15735584497451782,3
cooking,residential,9.877792358398438,-0.01579933613538742,3
coronation,inauguration,-2.3369140625,-0.27730315923690796,3
courteous,friendly,4.28607177734375,0.18925826251506805,3
cowardice,meanness,-3.782470703125,0.10193654894828796,3
cowardly,slurring,3.4810791015625,-0.06281839311122894,3
crew,passengers,4.617829322814941,0.19065101444721222,3
critics,curators,-1.908203125,0.22827394306659698,3
critics,public,-10.3876953125,-0.07469111680984497,3
croaks,pneumonia,-4.54254150390625,-0.10883494466543198,3
crowded,noisy,3.453125,0.7790157794952393,3
crypts,muslins,5.534269332885742,0.15265697240829468,3
cunning,different,-4.021933555603027,0.6627074480056763,3
cunning,ready,0.8917236328125,0.0525377094745636,3
cunning,unscrupulous,0.70654296875,0.09915103018283844,3
currencies,problems,3.1884765625,-0.03592503070831299,3
curses,howls,4.6123046875,-0.09779126197099686,3
curses,threats,-4.568359375,-0.05291891098022461,3
daintiness,softness,-4.2279052734375,-0.03978182002902031,3
dallied,dallied,-7.818359375,-0.09855355322360992,3
dampish,lonesome,-3.129650115966797,-0.008628018200397491,3
dates,eras,-9.36260986328125,-0.20563657581806183,3
dates,numbers,-0.490234375,0.08042755722999573,3
dates,things,-7.6630859375,-0.16960176825523376,3
dates,time,-2.0051236152648926,0.13397233188152313,3
daycare,experiences,2.44921875,-0.10857738554477692,3
dead,decaying,1.6708984375,-0.4592454433441162,3
dead,stiff,5.972900390625,-0.22412770986557007,3
dead,useless,-2.87841796875,-0.13722479343414307,3
deed,thought,11.431187629699707,0.17261435091495514,3
delightfully,truthfully,-1.5634765625,-0.25750023126602173,3
delivery,style,0.2666015625,0.25762057304382324,3
desire,hope,-7.572265625,0.023214295506477356,3
desire,love,3.68798828125,-0.04723672196269035,3
diesel,gasoline,7.244180679321289,-0.013975672423839569,3
different,imaginative,1.4375,0.08615678548812866,3
dimmer,dimmer,1.9541015625,-0.09855355322360992,3
diplomatic,trade,-6.619140625,-0.24872170388698578,3
dirtier,dirtier,2.050537109375,-0.09855355322360992,3
discomfort,stress,1.4683837890625,-0.1353084146976471,3
discontentedly,idly,-3.85546875,-0.14458376169204712,3
discotheques,things,-2.26171875,0.3158624768257141,3
disease,fasting,2.1981201171875,-0.4248886704444885,3
disease,stress,-5.6749267578125,0.780016303062439,3
disease,suffering,-2.325439453125,0.6800254583358765,3
disease,wars,-3.563995361328125,0.06584770977497101,3
dishes,pots,0.62158203125,-0.15137934684753418,3
displaced,uprooted,-1.85693359375,0.12694986164569855,3
disturbances,wars,-2.0258712768554688,-0.04328066110610962,3
dodge,kick,2.876953125,0.06283985078334808,3
dotingly,fondly,3.5609755516052246,-0.06532278656959534,3
dresses,hose,4.351531982421875,-0.13087710738182068,3
drier,warmer,-3.1081809997558594,-0.3040582537651062,3
drowsier,drowsier,6.81640625,-0.09855355322360992,3
drunk,drunk,0.4072265625,-0.09855355322360992,3
drunk,loaded,-1.9375,-0.0035999715328216553,3
drunk,merry,3.6534032821655273,0.1741320639848709,3
duties,pleasures,-10.6102294921875,0.038545459508895874,3
duties,quotas,15.43359375,-0.2217729687690735,3
duties,tariffs,-0.019775390625,-0.156470388174057,3
duty,family,-6.052978515625,0.4751955270767212,3
duty,inclination,-1.2578125,0.3498832583427429,3
duty,love,8.582626342773438,0.6241840124130249,3
eagerly,quickly,0.2529296875,-0.03554416447877884,3
earth,sods,-2.5844802856445312,-0.3142245411872864,3
edibles,fruit,5.01611328125,-0.08218292146921158,3
ejaculation,orgasm,-1.6416015625,0.33795273303985596,3
elaborate,gay,6.524428367614746,0.5624414682388306,3
elegancies,luxuries,3.4921875,0.1259486824274063,3
embarrassing,inconvenient,-1.4023616313934326,0.029726877808570862,3
emergencies,wars,-4.912055969238281,-0.12813594937324524,3
employment,income,3.794921875,-0.17786075174808502,3
employment,industrial,1.213348388671875,0.1668090969324112,3
enthusiastically,quickly,-2.4761962890625,0.14097997546195984,3
evenly,quickly,1.798858642578125,0.046841561794281006,3
evidently,slowly,-1.1824951171875,-0.01267935335636139,3
execrable,unclean,5.0576171875,-0.18967655301094055,3
executions,trials,-6.5576171875,0.1532978117465973,3
explorer,martyr,-6.543256759643555,-0.17513275146484375,3
extended,reworked,-4.397380828857422,0.034361064434051514,3
extreme,rapid,-3.4731578826904297,0.24390722811222076,3
faded,shabby,-0.12939453125,0.1125590056180954,3
family,inheritance,0.838134765625,0.140446737408638,3
family,love,7.806640625,-0.001469448208808899,3
family,tribal,-1.0048000812530518,-0.05622965469956398,3
farmers,ranchers,-4.1640625,0.09315229952335358,3
fat,protein,-2.48663330078125,-0.11542306840419769,3
fatal,mysterious,0.819549560546875,-0.077154740691185,3
fatal,sinister,9.10791015625,0.012401215732097626,3
feminine,masculine,-6.807708740234375,-0.08991865813732147,3
fertility,love,2.9222564697265625,0.23536376655101776,3
fiercer,other,-5.9158935546875,-0.04253096878528595,3
finish,start,-0.463958740234375,0.2598564624786377,3
finished,released,-2.272125244140625,0.385037362575531,3
first,goal,0.0,-0.0740828588604927,3
first,ground,-3.625476837158203,-0.13005322217941284,3
first,largest,-1.636260986328125,0.29738062620162964,3
first,notable,0.603515625,-0.18572893738746643,3
first,original,6.211456298828125,0.35895097255706787,3
first,second,-0.7378346920013428,0.18412385880947113,3
first,sixth,1.141021728515625,0.380403995513916,3
fixed,known,-3.1015625,0.5466260313987732,3
fixed,running,-4.076171875,-0.036567673087120056,3
fixed,steady,-3.7421875,0.3835790753364563,3
fixed,variable,4.347475051879883,0.3101732134819031,3
flemish,german,-3.2251739501953125,-0.18579831719398499,3
flips,things,6.115017890930176,-0.27687543630599976,3
flooded,lifeless,-1.3740234375,0.24520809948444366,3
foam,paper,-5.711883544921875,0.1958175152540207,3
fondly,foolishly,0.615234375,-0.25945302844047546,3
foolishness,inaccuracy,-2.3778305053710938,-0.0010982751846313477,3
footsteps,voices,-1.040679931640625,0.023728445172309875,3
footsteps,whistling,3.724609375,0.28765684366226196,3
formulae,things,6.802734375,-0.13422156870365143,3
fossils,lithologies,5.6904296875,0.16060809791088104,3
fossils,minerals,-10.666015625,0.10874283313751221,3
fours,threes,3.33203125,0.41378962993621826,3
friendly,frolicsome,-2.0478515625,-0.13472817838191986,3
friendly,sympathetic,-5.1742401123046875,-0.11450588703155518,3
frolicsome,gay,1.8587799072265625,0.013457894325256348,3
fruit,sherbets,0.58203125,0.04857499897480011,3
fruit,suet,-2.806396484375,0.36269617080688477,3
further,further,7.0164794921875,-0.09855355322360992,3
fussing,grizzling,6.326115608215332,-0.19118796288967133,3
gasoline,time,1.96875,-0.0028533264994621277,3
gasps,sundry,14.1806640625,-0.3498886227607727,3
gay,merry,3.39453125,0.0654631108045578,3
gay,useless,4.37298583984375,-0.4422529935836792,3
gayer,gayer,0.103302001953125,-0.09855355322360992,3
given,taken,-1.0947265625,-0.21229401230812073,3
gladly,quickly,0.103515625,0.1226034015417099,3
glands,vessels,8.62353515625,0.2432379573583603,3
golder,phillipson,2.58984375,0.25312870740890503,3
goodness,love,-0.3037109375,0.25736647844314575,3
goodness,sincerity,-7.609375,0.015099674463272095,3
gracious,ready,-2.900390625,-0.18721799552440643,3
grand,lofty,-4.884521484375,-0.08113380521535873,3
grand,useful,-1.51397705078125,-1.1704862117767334e-05,3
grandest,happiest,5.155849456787109,0.03825297951698303,3
grimaces,speaks,13.91015625,0.025966569781303406,3
haltingly,slowly,-0.2578125,0.45218098163604736,3
handbags,jewelry,5.12353515625,-0.29241886734962463,3
hands,heels,6.4775390625,0.01869317889213562,3
hanged,quartered,-1.863525390625,0.2768956422805786,3
hanged,taken,-2.1769866943359375,0.41898447275161743,3
hardware,software,-1.0130996704101562,-0.07027280330657959,3
hasty,indifferent,-4.09765625,-0.023837551474571228,3
heavier,heavier,6.91552734375,-0.09855355322360992,3
heavier,longer,2.130859375,0.06557093560695648,3
heavier,second,6.137904167175293,0.04555484652519226,3
hibernation,reproduction,0.2392578125,0.10291872918605804,3
hissed,sputtered,2.9648494720458984,-0.12471766769886017,3
homesick,lonesome,7.84375,0.12342260777950287,3
honey,succotash,-0.5342121124267578,-0.07093732059001923,3
honorable,useful,0.62890625,0.02834373712539673,3
hope,love,-10.663818359375,0.4099724292755127,3
hope,pride,-12.3115234375,-0.06814391911029816,3
hope,watch,-0.419921875,-0.1914747655391693,3
horses,oxen,-1.09375,-0.12680859863758087,3
horses,riders,-3.614025115966797,0.4186376929283142,3
horses,sheep,-3.09765625,-0.2194107323884964,3
horses,waggons,-9.015785217285156,-0.09538467228412628,3
human,saurian,-8.46209716796875,0.13061589002609253,3
hurry,preparation,3.9873046875,0.11963863670825958,3
husband,husband,-6.942768096923828,-0.09855355322360992,3
ideas,oratory,1.08538818359375,-0.026505038142204285,3
ideas,things,1.69769287109375,-0.11698814481496811,3
improper,odors,-0.0274200439453125,-0.026478290557861328,3
inclination,time,1.37054443359375,-0.3472898602485657,3
incredulously,slowly,-0.6790599822998047,-0.03867172822356224,3
indifferently,lazily,8.05859375,0.3626256585121155,3
individually,slowly,-0.876953125,-0.33068278431892395,3
industrial,port,0.8487834930419922,-0.07698966562747955,3
industrial,residential,-12.352294921875,-0.08185447752475739,3
industrial,sectional,2.822265625,0.3536592125892639,3
industrial,tourist,-1.6474609375,-0.1741718351840973,3
industrial,trade,-4.457998275756836,-0.18614442646503448,3
ingredients,sauces,7.05078125,-0.0356462337076664,3
ingredients,time,-3.34375,0.4648447632789612,3
inscrutable,silent,-4.845703125,0.06428809463977814,3
intense,laborious,-1.21405029296875,0.15946157276630402,3
intense,passionate,-2.146484375,-0.01057782769203186,3
intense,thrilling,5.234375,-0.053544990718364716,3
invisible,silent,-6.193145751953125,-0.021134577691555023,3
island,town,-2.9871482849121094,0.3497248888015747,3
islands,jungles,0.927734375,0.18921367824077606,3
joys,tears,-2.8056640625,0.42859578132629395,3
kick,plunge,-5.954594135284424,-0.11456120014190674,3
kindergarten,kindergarten,-6.5313720703125,-0.09855355322360992,3
lame,stiff,-3.748046875,0.08232752978801727,3
lame,useless,-0.911468505859375,0.3773450255393982,3
languages,learning,1.498046875,0.19808770716190338,3
languages,scriptures,-2.84375,0.2718767523765564,3
largest,newest,-1.6081390380859375,0.34476417303085327,3
law,order,2.1318359375,0.03218249976634979,3
learning,love,1.51568603515625,0.27859848737716675,3
legend,story,10.669000625610352,0.029821887612342834,3
legislation,trade,1.46484375,-0.009374275803565979,3
less,less,-3.59765625,-0.09855355322360992,3
loaded,ready,2.55908203125,-0.09805900603532791,3
lofty,splendid,-5.5576171875,0.0579802542924881,3
longer,longer,0.1983642578125,-0.09855355322360992,3
looking,looking,8.947052001953125,-0.09855355322360992,3
love,pride,-11.9296875,0.2645588517189026,3
love,sincerity,2.139892578125,0.08406659960746765,3
love,sympathy,-2.281442642211914,0.15043024718761444,3
love,tears,13.2236328125,-0.010252714157104492,3
lumpier,lumpier,3.2802734375,-0.09855355322360992,3
lustily,together,-1.439361572265625,0.3703852891921997,3
mail,passengers,0.2578125,-0.08328067511320114,3
manufacturing,trade,3.392578125,-0.31374359130859375,3
many,many,-5.2265625,-0.09855355322360992,3
merry,thriving,0.861328125,-0.40304094552993774,3
minerals,protein,3.7294921875,0.12094016373157501,3
miscellaneous,sundry,-4.0701904296875,0.16171269118785858,3
moans,pants,1.19097900390625,-0.10604449361562729,3
moans,tears,5.572265625,0.07029789686203003,3
motor,perceptional,-2.6171875,0.1784789115190506,3
mudpuppies,olms,-6.317138671875,0.23507313430309296,3
mysterious,obsessive,-3.33203125,-0.19588690996170044,3
nets,nets,-4.2181396484375,-0.09855355322360992,3
nets,rubbish,3.39990234375,-0.20609503984451294,3
numbers,numbers,-1.181640625,-0.09855355322360992,3
numbers,symbols,-2.213775634765625,-0.3307799696922302,3
nursing,residential,-9.2213134765625,-0.17318598926067352,3
oaths,threats,-1.659423828125,-0.13339844346046448,3
observant,steady,5.258382797241211,0.7414196729660034,3
occidental,suggestion,-5.47347354888916,0.042160019278526306,3
online,ready,6.6021728515625,0.06505531072616577,3
opportunities,threats,2.599609375,0.4818970561027527,3
oppressions,wars,-6.303325653076172,0.42071008682250977,3
original,shocking,-8.454818725585938,-0.39062565565109253,3
original,simultaneous,-1.8203125,-0.22984451055526733,3
overwork,pneumonia,4.390411376953125,-0.2835226058959961,3
overwork,underfeeding,-2.04742431640625,0.22145812213420868,3
oxen,sheep,-4.3574066162109375,0.31429624557495117,3
packages,parcels,-3.57525634765625,0.1514553278684616,3
packages,suitcases,0.49072265625,0.1336628496646881,3
pages,pages,4.582366943359375,-0.09855355322360992,3
pants,shirts,5.4013671875,0.14084899425506592,3
pants,vocalizes,-9.1328125,0.19320844113826752,3
paper,points,2.5068359375,0.14224939048290253,3
paper,pulp,9.3486328125,0.3684570789337158,3
paper,puzzle,2.7682271003723145,-0.04020232707262039,3
paper,rubbish,-5.49464750289917,-0.19579479098320007,3
paper,things,-5.5576171875,0.4557255506515503,3
parish,public,0.7395172119140625,0.27594614028930664,3
peas,strawberries,0.08203125,0.19809497892856598,3
peeping,spying,-2.336444854736328,0.41027581691741943,3
perilous,uncertain,0.7717132568359375,0.12381942570209503,3
persecution,suffering,-7.6246337890625,0.13683930039405823,3
persevering,plodding,-6.3935546875,0.07356719672679901,3
persons,things,3.3037109375,-0.33008450269699097,3
picture,story,2.7734375,0.05874156951904297,3
piles,piles,-5.580078125,-0.09855355322360992,3
poorer,poorer,-3.9154586791992188,-0.09855355322360992,3
pots,pots,-3.8038330078125,-0.09855355322360992,3
pottery,statues,-0.235931396484375,-0.020974591374397278,3
powder,rifles,-1.6217041015625,0.37898141145706177,3
prayed,prayed,-3.04296875,-0.09855355322360992,3
preparation,study,-1.681640625,0.2988510727882385,3
preparation,thought,3.5302734375,-0.18442818522453308,3
pretend,pretend,4.36474609375,-0.09855355322360992,3
pride,prime,2.939311981201172,-0.011987417936325073,3
pride,risk,-10.313640594482422,0.42687076330184937,3
pride,vanity,-1.3828201293945312,-0.02631688117980957,3
private,public,-0.701171875,-0.1496460735797882,3
private,retail,-2.5751953125,-0.3453384041786194,3
private,state,-2.2647705078125,-0.2900777757167816,3
private,tribal,1.9580078125,-0.05399312078952789,3
problems,valium,7.63671875,0.43682342767715454,3
problems,worries,1.53466796875,-0.09054883569478989,3
public,state,19.06640625,-0.22994674742221832,3
public,wooden,-4.1884765625,0.4016117453575134,3
put,take,1.5517578125,0.09808537364006042,3
put,went,2.5554656982421875,0.5285449028015137,3
quality,quantity,-0.08528900146484375,0.17000816762447357,3
quicker,quicker,-5.8369140625,-0.09855355322360992,3
quickly,sharply,8.589546203613281,-0.18551835417747498,3
quickly,slowly,0.732421875,-0.02014290541410446,3
quickly,wisely,0.43804931640625,-0.0682104304432869,3
quotas,tariffs,2.2734375,0.053181976079940796,3
rain,snow,-10.431034088134766,-0.3378943204879761,3
rain,tears,1.52294921875,0.8945936560630798,3
rallies,talks,-2.032470703125,0.8105979561805725,3
ran,ran,-8.686225891113281,-0.09855355322360992,3
ready,silent,-4.2593994140625,0.07861284911632538,3
ready,steady,4.957920074462891,0.30256199836730957,3
ready,willing,2.1017613410949707,0.3795415759086609,3
really,really,-0.349639892578125,-0.09855355322360992,3
really,truthfully,-5.033050537109375,0.01333615928888321,3
rebellions,wars,-8.82177734375,-0.20473726093769073,3
rebo,things,4.2650146484375,-0.05084095150232315,3
rented,went,2.877330780029297,0.3879775404930115,3
repossessions,restrictions,2.32080078125,-0.0833430141210556,3
residential,retail,-3.5078125,-0.13124887645244598,3
respectful,sympathetic,-7.6516923904418945,-0.12180155515670776,3
rested,visited,0.8487129211425781,0.4865286946296692,3
retail,trade,3.7642924785614014,-0.2079055905342102,3
returned,taken,6.83599853515625,-0.09680972248315811,3
rifles,shotguns,4.247056007385254,-0.2906426787376404,3
risk,uncertainty,3.9931640625,0.22233568131923676,3
roadways,sidewalks,3.5012359619140625,0.08481091260910034,3
romp,roughhouse,1.8805313110351562,0.30407941341400146,3
ruined,uninhabited,-3.15185546875,0.07735171914100647,3
rung,rung,1.5185546875,-0.09855355322360992,3
running,running,-2.609375,-0.09855355322360992,3
running,stress,-2.449106216430664,0.347200870513916,3
salted,smoked,-0.50146484375,0.07827569544315338,3
satellites,spacecraft,0.5078125,-0.04000804200768471,3
scarcer,scarcer,-2.515625,-0.09855355322360992,3
scarves,turtlenecks,-0.037109375,-0.23979683220386505,3
schema,subschema,13.744140625,-0.14641407132148743,3
searchingly,slowly,0.1759357452392578,0.9496558904647827,3
serials,series,-2.80078125,-0.005503177642822266,3
series,shows,8.626708984375,0.06062792241573334,3
share,share,3.404296875,-0.09855355322360992,3
shoplifting,things,-6.742656707763672,0.013046324253082275,3
shows,things,-0.756591796875,0.05845630168914795,3
shudder,tremble,9.201620101928711,0.2231445163488388,3
silent,stiff,-5.818695068359375,-0.062317002564668655,3
silent,tearful,5.3859710693359375,0.46233320236206055,3
sincere,thorough,2.691162109375,-0.10977057367563248,3
skinnier,skinnier,-5.798828125,-0.09855355322360992,3
skis,things,3.69384765625,0.041423484683036804,3
sleeping,sleeping,1.75091552734375,-0.09855355322360992,3
slowly,unconsciously,-0.521484375,0.10660095512866974,3
slows,tires,-5.46875,0.12339408695697784,3
somehow,somewhere,-1.900390625,0.004692010581493378,3
sophistication,style,3.99609375,0.36360830068588257,3
speaks,turns,8.056640625,-0.06837787479162216,3
sponsor,witness,3.596435546875,0.24778826534748077,3
springs,tension,-0.2127685546875,-0.07095462083816528,3
stalkier,stalkier,-6.066162109375,-0.09855355322360992,3
stamps,turns,-0.268646240234375,-0.08357067406177521,3
start,tremble,-7.072334289550781,-0.1985442042350769,3
statues,things,12.926044464111328,-0.08053136616945267,3
steady,stiff,0.3076171875,0.30737078189849854,3
stiller,stiller,6.166015625,-0.09855355322360992,3
stress,tension,-3.69287109375,0.1944628208875656,3
study,thought,2.92581844329834,-0.3662797212600708,3
subtle,wondrous,2.714599609375,0.046483054757118225,3
suffering,time,4.759765625,0.16593246161937714,3
surrounded,taken,7.245647430419922,-0.06278911232948303,3
suspense,uncertainty,4.7734375,0.49124640226364136,3
sweeps,talks,-6.095703125,0.7565124034881592,3
talkative,thoughtless,1.52392578125,-0.1381843239068985,3
talks,talks,0.6643218994140625,-0.09855355322360992,3
talks,turns,0.11004638671875,-0.18883033096790314,3
tap,tap,-3.039400100708008,-0.09855355322360992,3
territory,trade,2.5504913330078125,0.6195507049560547,3
things,things,-4.517578125,-0.09855355322360992,3
things,tires,-1.708984375,0.1977427750825882,3
thought,thought,3.767578125,-0.09855355322360992,3
thought,time,0.370849609375,0.8632042407989502,3
time,time,7.092645645141602,-0.09855355322360992,3
time,ways,-0.421875,-0.6025188565254211,3
useful,willing,-1.6800537109375,-0.166635662317276,3
vanquished,victor,3.4346923828125,0.25955629348754883,3
vanquished,victors,2.6796875,0.10409952700138092,3
voices,whistling,14.908203125,-0.03747929632663727,3
warmer,warmer,-0.701934814453125,-0.09855355322360992,3
watch,watch,-6.479213714599609,-0.09855355322360992,3
weaker,weaker,-8.005859375,-0.09855355322360992,3
went,went,2.7275390625,-0.09855355322360992,3
wilder,wilder,0.01171875,-0.09855355322360992,3
absence,substitution,-11.28515625,0.18053752183914185,4
absorbing,long,6.1220703125,0.562260091304779,4
acceleration,velocity,13.32574462890625,0.21173396706581116,4
acquisition,opening,1.8177337646484375,0.4868267774581909,4
act,looks,-1.513671875,0.010878130793571472,4
act,snort,1.237649917602539,0.0224822536110878,4
admission,listing,-3.3051514625549316,0.4146237373352051,4
advantage,profit,-0.15534842014312744,0.20911112427711487,4
agencies,officers,1.83349609375,0.12954744696617126,4
alasia,gabrielle,-4.615234375,0.15463760495185852,4
alms,largesse,-5.66387939453125,0.13048963248729706,4
amazement,inquiry,-1.9755859375,0.2831974923610687,4
american,canadian,-11.2698974609375,0.1801948845386505,4
american,confederate,-6.7822265625,0.43712860345840454,4
american,foreign,-6.308349609375,0.31580406427383423,4
american,french,1.08984375,0.7515172362327576,4
american,irish,6.7265625,0.33111119270324707,4
anemone,roses,-3.87890625,0.40045642852783203,4
angle,distance,-10.552734375,0.2966330647468567,4
angrily,loudly,0.9800491333007812,0.12499124556779861,4
answered,considered,-4.1114501953125,0.08016420900821686,4
anxiously,long,1.7937383651733398,0.002453133463859558,4
apparel,implements,-7.01953125,0.052155107259750366,4
apparel,money,0.48193359375,0.15438759326934814,4
appetizing,nourishing,-6.45703125,0.23142579197883606,4
architecture,ceremonies,0.0,0.17260070145130157,4
architecture,skyscrapers,2.43359375,0.1748390644788742,4
architecture,workmanship,1.638671875,0.06575953215360641,4
architecture,works,5.2265625,0.33023595809936523,4
arduously,long,1.8341684341430664,0.47668594121932983,4
artistic,general,-0.21875,0.16924995183944702,4
artistic,international,7.640928268432617,-0.1935146600008011,4
artistic,social,3.43768310546875,0.554193913936615,4
artistic,technical,1.4360008239746094,0.10668987780809402,4
ashamed,enraged,-2.4453125,0.23989678919315338,4
ashamed,white,-0.7155838012695312,0.5173895955085754,4
asking,asking,6.0637006759643555,0.12385386973619461,4
atmospheric,solar,-5.494384765625,0.5574430227279663,4
authority,caution,-8.552734375,0.32167553901672363,4
authority,responsibility,-5.733512878417969,0.27257239818573,4
back,back,-2.4068546295166016,0.12385386973619461,4
back,electrical,-6.7705078125,0.12522351741790771,4
back,everyth,0.047119140625,0.7671608328819275,4
back,open,-0.89892578125,0.08142699301242828,4
back,out,4.2900390625,0.14873886108398438,4
back,upper,-5.4169921875,0.04388067126274109,4
back,work,0.27392578125,-0.026946723461151123,4
backup,medical,-3.402557373046875,-0.009876921772956848,4
bamboo,rice,1.2197265625,0.4168265461921692,4
banana,lavender,2.09765625,0.40696418285369873,4
banana,rice,-2.1484375,0.26730379462242126,4
barracks,warehouses,-8.374969482421875,0.07373880594968796,4
bass,piano,-1.7193222045898438,0.35081714391708374,4
battle,host,0.2216796875,0.5994976758956909,4
battle,work,-3.109375,0.24273864924907684,4
beaten,bruised,7.9892578125,0.3249660134315491,4
beaten,dispersed,-7.966796875,-0.015585437417030334,4
beaten,stabbed,4.1064453125,0.5978620052337646,4
bedevilment,confusion,1.2740478515625,0.43289363384246826,4
bees,beetles,-9.563543319702148,0.07162768393754959,4
bees,lindens,-3.2666015625,0.2531450390815735,4
beetles,rats,1.9697265625,0.10905607789754868,4
behavior,habitats,2.811614990234375,-0.012931093573570251,4
behavior,neurogenesis,0.2668914794921875,-0.0024794191122055054,4
behavior,size,-4.85546875,0.2676085829734802,4
behind,behind,-3.033203125,0.12385386973619461,4
bellow,hook,2.849609375,0.3440573215484619,4
beloved,dear,3.205078125,0.2653302550315857,4
beloved,loving,-1.29974365234375,1.060517430305481,4
bigger,bigger,-8.46875,0.12385386973619461,4
bigger,faster,-0.51904296875,0.01778540015220642,4
bigger,newer,1.2248554229736328,0.9798377752304077,4
bigger,prettier,-3.9823620319366455,0.11738305538892746,4
bison,cattle,-4.40234375,0.12413309514522552,4
bison,hybrids,-6.29571533203125,0.2105955332517624,4
bleeding,bruised,5.130859375,0.0016656965017318726,4
blessed,dear,0.0,0.5058944225311279,4
block,ring,-7.779296875,0.9617147445678711,4
blow,blow,4.9578857421875,0.12385386973619461,4
blow,bluster,1.9873046875,0.35246050357818604,4
blow,howl,4.455078125,0.11774992942810059,4
blues,whites,-6.4478302001953125,0.1911710500717163,4
bolder,bolder,7.253776550292969,0.12385386973619461,4
bouncing,bumping,-1.5355663299560547,0.16102038323879242,4
bowl,drinks,3.8525390625,0.3583282232284546,4
breathe,surface,0.0,0.46858155727386475,4
brethren,trust,-9.576171875,0.4509938955307007,4
brie,butter,-1.3453369140625,0.812012255191803,4
bright,cheerful,2.9833984375,0.45304542779922485,4
bright,fair,-1.380859375,0.6442553400993347,4
bright,glorious,-5.962890625,0.018157631158828735,4
bright,joyous,3.439208984375,0.09192654490470886,4
bright,keen,3.770751953125,0.19133758544921875,4
bright,peaceful,7.23779296875,-0.025729075074195862,4
bright,pure,-0.017578125,0.11212589591741562,4
bright,smiling,-2.409618377685547,0.0559164360165596,4
bright,snapping,4.9755859375,0.1407102793455124,4
bright,still,-1.44140625,0.7022821307182312,4
bright,white,-7.3612518310546875,0.1442580372095108,4
brightness,size,3.381103515625,0.4707689881324768,4
brooches,goblets,-0.98046875,0.49617916345596313,4
browned,healthy,0.94580078125,0.5318711996078491,4
bruised,jarred,-1.107421875,0.5291336178779602,4
bucks,saws,0.44402027130126953,0.2904456853866577,4
building,building,2.458759307861328,0.12385386973619461,4
building,development,-2.3232421875,0.268871545791626,4
buses,trams,0.8987326622009277,0.23365889489650726,4
butter,experience,0.282958984375,0.2810102701187134,4
butter,jam,-3.5599365234375,0.059334591031074524,4
cakes,candies,0.99981689453125,0.13822905719280243,4
cakes,doughnuts,4.3916015625,0.08914461731910706,4
cakes,pastries,-0.1849803924560547,0.30857932567596436,4
camps,cottages,-4.0888671875,0.047729894518852234,4
canadian,french,2.317138671875,0.4159325361251831,4
canadian,international,0.12345504760742188,0.4325208067893982,4
careful,long,1.8595695495605469,0.33426588773727417,4
catalogs,essays,4.361328125,0.24173679947853088,4
cattle,farms,6.855255126953125,0.21027067303657532,4
caution,delay,-3.5177001953125,-0.2179199606180191,4
caution,experience,-4.345703125,0.20090532302856445,4
caution,mystery,-1.282470703125,0.3878270387649536,4
celebrity,related,-2.18359375,0.47078651189804077,4
changeability,conformity,4.6552734375,0.2479257881641388,4
changed,changed,-4.993959426879883,0.12385386973619461,4
charisma,money,-1.97503662109375,0.49262744188308716,4
cheerful,cozy,-2.796875,0.31879326701164246,4
cheerful,smiling,-1.8819351196289062,0.46845555305480957,4
cheerful,surprised,1.318359375,0.3172704577445984,4
chives,onion,-3.689453125,0.46379655599594116,4
choicer,prettier,0.6328125,0.11756958812475204,4
church,work,-4.4052734375,0.1478477418422699,4
ciliates,radiolaria,-1.490234375,0.17295429110527039,4
clay,lead,-2.072265625,0.042020127177238464,4
clay,logs,-1.28271484375,0.14469178020954132,4
cleared,lined,4.739143371582031,0.3299393057823181,4
cliffs,gorges,-12.116943359375,0.09803202748298645,4
cliffs,hillsides,-0.47119140625,-0.025535866618156433,4
cliffs,riverbanks,-1.423828125,0.08023601770401001,4
clods,clumps,-7.044921875,0.24408215284347534,4
closing,opening,1.07208251953125,0.2602905333042145,4
collapsed,melted,-3.7933807373046875,0.007473699748516083,4
colors,forms,6.829141616821289,0.1416557878255844,4
colors,patterns,3.67041015625,0.23553159832954407,4
community,voluntary,-4.1015625,0.23524600267410278,4
concerted,concurrent,-10.4091796875,0.12280254065990448,4
condemnation,sentence,-10.750839233398438,0.24329403042793274,4
confusion,misinformation,-5.8721923828125,0.21851187944412231,4
confusion,panic,-1.33563232421875,0.2751554846763611,4
confusion,rumors,2.67578125,0.3855865001678467,4
considered,rejected,0.529052734375,0.6135454773902893,4
considered,still,2.703125,0.43260300159454346,4
conspiracy,forgery,-0.94140625,0.5819544196128845,4
constant,loud,-2.9873046875,0.1820530891418457,4
constant,perishable,-0.998046875,1.1008143424987793,4
continental,french,5.04541015625,0.5115106105804443,4
copyrights,rights,2.6523380279541016,-0.06656791269779205,4
corruption,cultism,-1.744140625,0.4222506284713745,4
cottages,houses,-5.28125,0.22986504435539246,4
country,kinship,4.5655517578125,0.2828371226787567,4
country,royalty,-6.26953125,-0.01946525275707245,4
crackers,fudges,-0.453125,0.15858538448810577,4
crackers,jam,0.4105949401855469,0.667384922504425,4
cranes,warehouses,-1.88507080078125,0.1388312131166458,4
creaks,squelches,-1.093501091003418,0.3133980631828308,4
criticize,denounce,4.333984375,0.3387487530708313,4
cross,disagreeable,3.618144989013672,-0.05812998116016388,4
cross,discontented,4.119384765625,0.01200462132692337,4
cross,fussy,3.544921875,0.2277287393808365,4
cross,unkind,2.333984375,0.05369531363248825,4
crowbars,picks,2.04449462890625,0.24665629863739014,4
curled,curled,-11.58740234375,0.12385386973619461,4
cytosine,thymine,3.109375,0.33401238918304443,4
damp,keen,0.832672119140625,0.05319516360759735,4
damp,loathsome,2.9326171875,0.09508571028709412,4
damp,long,3.4168739318847656,-0.1573018878698349,4
damp,thin,-5.349609375,-0.30039143562316895,4
damp,unwholesome,5.210968017578125,-0.029649093747138977,4
dance,music,0.74609375,0.47338396310806274,4
daring,heroic,-0.772216796875,-0.002056792378425598,4
daring,lateral,-14.61328125,-0.007901087403297424,4
daring,marvellous,0.8383522033691406,0.2163694053888321,4
daring,own,0.2060546875,0.5796806216239929,4
deafening,long,-5.056640625,0.47835785150527954,4
dear,long,0.344970703125,0.09608528763055801,4
dear,loving,-2.8128662109375,0.45042169094085693,4
dear,thoughtful,-4.635459899902344,0.23905831575393677,4
decorations,flags,2.691864013671875,0.13347531855106354,4
decorations,jewels,6.59747314453125,0.08964131772518158,4
decorations,tints,8.3984375,0.28282248973846436,4
delighted,flustered,0.34261882305145264,0.18347926437854767,4
delighted,smiling,0.723724365234375,0.001118674874305725,4
delighted,surprised,0.615234375,0.20463238656520844,4
denounce,preach,-0.075103759765625,-0.03011561930179596,4
detonators,fuses,2.51416015625,0.41832852363586426,4
development,production,6.4853515625,0.09881612658500671,4
development,testing,3.90234375,0.21206742525100708,4
diagrams,illustrations,-4.798828125,0.18769212067127228,4
dimpled,white,-3.484375,0.07241066545248032,4
dismally,long,1.591796875,0.3784775137901306,4
distance,size,13.544921875,0.42039769887924194,4
distance,terrain,-0.638671875,0.016230404376983643,4
distinctly,loud,-4.740478515625,0.12226852774620056,4
distinctly,loudly,0.8212890625,0.15711969137191772,4
dizzy,nauseated,0.011962890625,0.4141964912414551,4
drastic,long,4.78515625,0.24573172628879547,4
drinks,eats,-0.846588134765625,-0.23114480078220367,4
drinks,laughs,-0.0010986328125,0.21146364510059357,4
dropped,sunk,-2.546875,-0.12841789424419403,4
ducks,pelicans,-0.9716796875,0.19034916162490845,4
dull,long,-8.763671875,0.2576645016670227,4
dull,simple,3.900827169418335,0.11694119870662689,4
dull,spiritless,2.904298782348633,0.25618743896484375,4
dwellings,shops,3.544825553894043,0.47115641832351685,4
dysentery,famine,0.84765625,0.2481909692287445,4
ecological,molecular,-0.9326171875,0.45768094062805176,4
educated,scientific,-4.8155059814453125,0.1576044112443924,4
egotistical,unrefined,-6.48046875,0.5037267804145813,4
endangered,endemic,3.4153900146484375,0.25431370735168457,4
endure,work,0.9076595306396484,0.3564509153366089,4
energy,fire,0.580078125,0.1898915320634842,4
energy,stamina,8.615234375,0.17908357083797455,4
energy,valour,-3.7578139305114746,0.1206609457731247,4
engineer,managerial,-3.73193359375,0.37860265374183655,4
entertainment,lodging,-3.40234375,0.46490591764450073,4
entertainment,music,5.6103515625,0.7290963530540466,4
entertainment,profit,-1.12353515625,0.03449074923992157,4
equality,freedom,7.03759765625,0.13423047959804535,4
ermine,scarlet,-3.572265625,0.02266855537891388,4
evade,evade,2.485076904296875,0.12385386973619461,4
everyday,simple,-0.747955322265625,0.08487628400325775,4
exclusive,significant,2.6021804809570312,0.06005918234586716,4
exits,returns,-1.3735084533691406,-0.03893660008907318,4
experience,observation,-8.1943359375,0.24733880162239075,4
experience,responsibility,1.0392723083496094,-0.03359632194042206,4
experiments,observations,0.25,0.0013756006956100464,4
fagged,flustered,-4.94549560546875,0.36794567108154297,4
fair,frank,-10.66015625,0.29619264602661133,4
fair,legible,-14.6937255859375,0.2798762917518616,4
fair,peaceful,-5.4189453125,0.08651765435934067,4
fair,prosperous,-6.27227783203125,-0.14476241171360016,4
fair,pure,-0.796875,0.12548495829105377,4
fair,still,0.818359375,-0.02840302884578705,4
farms,houses,-2.8250732421875,0.4780077338218689,4
faster,faster,-1.359375,0.12385386973619461,4
fatiguing,long,-3.46484375,0.43732786178588867,4
feverish,ill,-3.37225341796875,0.22259199619293213,4
fevers,malarias,-6.125,0.15782304108142853,4
film,film,0.068359375,0.12385386973619461,4
film,music,0.556732177734375,1.3699389696121216,4
finches,larks,3.398681640625,0.08528374135494232,4
fire,lead,7.93792724609375,0.02780252695083618,4
fire,load,4.66778564453125,0.14235948026180267,4
fire,tools,1.822805404663086,-0.17735885083675385,4
fixedly,long,-2.9772262573242188,0.07430339604616165,4
flags,music,0.0,0.6079955101013184,4
flash,loud,2.4937591552734375,0.1468944251537323,4
fleecy,thin,5.5811767578125,0.2874043583869934,4
fleecy,white,1.109375,0.25854289531707764,4
fly,fly,-6.3121337890625,0.12385386973619461,4
foreign,international,4.444957733154297,0.2520333528518677,4
foreign,tanned,2.1171875,0.21318843960762024,4
foreign,ukrainian,-1.533935546875,0.052274301648139954,4
forgives,relents,-11.4111328125,0.276989221572876,4
frank,independent,-1.6162109375,0.2102990299463272,4
frank,offensive,-5.80419921875,0.46842682361602783,4
frank,open,-6.375,0.5377484560012817,4
freedoms,rights,-2.698883056640625,0.49702805280685425,4
french,irish,-4.0029296875,0.22239316999912262,4
french,music,4.67578125,0.8590109944343567,4
freshman,sophomore,1.10546875,0.18620561063289642,4
friend,playfellow,-1.3577404022216797,0.043983712792396545,4
furs,implements,3.212371826171875,0.29602402448654175,4
fuss,squeal,2.009124755859375,0.2148071825504303,4
fuss,stamp,3.8222429752349854,0.12942399084568024,4
gaping,muttering,-9.81982421875,0.34390097856521606,4
general,maddened,0.2520618438720703,0.48283249139785767,4
general,technical,1.93359375,0.2997511029243469,4
generations,generations,8.296875,0.12385386973619461,4
ghastly,long,-0.790830135345459,0.2216573804616928,4
ghastly,unending,1.85498046875,0.2778908610343933,4
godless,violent,-6.906829833984375,0.3099254369735718,4
grandma,grandpa,-5.884000301361084,0.29200834035873413,4
guerilla,independent,5.311171531677246,0.2413536161184311,4
gutturally,loudly,-3.758626937866211,0.2637060880661011,4
hammering,hammering,-3.1750612258911133,0.12385386973619461,4
hazelnut,raspberry,1.513671875,0.2582951784133911,4
healthy,long,0.0966796875,0.38962966203689575,4
healthy,obedient,4.552154541015625,0.40546172857284546,4
healthy,open,-0.66796875,0.14348921179771423,4
healthy,prosperous,-3.3917980194091797,0.13199147582054138,4
healthy,pure,3.5628662109375,0.30013102293014526,4
heart,joints,-2.248046875,0.2503994405269623,4
heart,renal,-1.6544687747955322,-0.024567142128944397,4
heartfelt,traditional,-1.3372917175292969,-0.10582228004932404,4
heartily,long,5.947265625,0.3152411878108978,4
hearty,loud,3.1902027130126953,0.058999866247177124,4
hearty,loving,-1.306640625,0.1604340672492981,4
hedonism,utilitarianism,-1.88671875,0.09339919686317444,4
helmsman,operator,4.72265625,0.22166767716407776,4
hoot,howl,-0.982421875,0.45975446701049805,4
hop,squeal,-0.6493124961853027,0.019979283213615417,4
hopelessly,vaguely,-0.244140625,0.22201263904571533,4
hops,jumps,-10.638671875,0.20676051080226898,4
horns,strings,-8.64508056640625,0.28356441855430603,4
hoss,hoss,-1.2838973999023438,0.12385386973619461,4
houses,houses,0.732421875,0.12385386973619461,4
houses,shops,0.8317922353744507,0.8528846502304077,4
houses,stores,2.029296875,0.11721852421760559,4
howl,howl,-6.173828125,0.12385386973619461,4
husk,sawdust,-4.80999755859375,0.16052885353565216,4
ill,weary,6.51849365234375,0.3094644546508789,4
ill,white,6.119140625,0.434683620929718,4
implements,tools,4.232421875,0.054391831159591675,4
incongruity,likeness,0.24527931213378906,0.34936952590942383,4
independent,savage,-3.431640625,0.14105841517448425,4
independent,sovereign,-2.951171875,0.16190069913864136,4
independent,wealthy,-2.859375,0.19464364647865295,4
indoors,out,0.8054733276367188,0.3312978148460388,4
infallible,sovereign,5.166015625,0.16852258145809174,4
innovation,technology,0.0,0.023933351039886475,4
inquiring,thoughtful,0.0,0.08785472810268402,4
inquiry,observation,3.1806640625,0.2413765788078308,4
insulting,violent,4.310546875,0.31714919209480286,4
intricate,long,11.637435913085938,0.10174393653869629,4
involuntary,voluntary,3.8310546875,0.07027915120124817,4
irish,nigerian,-1.7548828125,0.20987428724765778,4
jewels,money,4.501953125,-0.09373854100704193,4
jib,jigger,10.239635467529297,0.33572596311569214,4
joking,smiling,-5.6494140625,-0.109617218375206,4
journalists,officials,-7.9984130859375,0.25418779253959656,4
joyous,loud,-2.420928955078125,0.12117014080286026,4
joyous,smiling,-1.9140625,-0.14978055655956268,4
keen,peaceful,-3.78125,-0.14196999371051788,4
keener,keener,3.9775733947753906,0.12385386973619461,4
knowing,knowing,-2.509765625,0.12385386973619461,4
labor,money,-5.58984375,0.1620139181613922,4
lasting,long,6.140625,0.07555382698774338,4
laughs,looks,2.5318870544433594,0.4492628574371338,4
laughs,yells,-7.186309814453125,0.06198854744434357,4
lavender,white,1.3404541015625,0.17826823890209198,4
lessons,work,-7.6932373046875,0.17304544150829315,4
limping,lisping,-2.27496337890625,0.211441308259964,4
lived,struggled,8.449462890625,0.6012157797813416,4
lived,worked,-4.533203125,0.1652614176273346,4
lives,looks,0.051390647888183594,0.36381256580352783,4
lives,money,1.1962890625,0.4561738967895508,4
lives,work,1.2782440185546875,0.15101158618927002,4
lives,works,1.746713638305664,0.5553797483444214,4
logical,simple,8.562050819396973,0.01474703848361969,4
logs,stumps,-3.38916015625,0.12331174314022064,4
lone,long,0.252622127532959,0.006142929196357727,4
long,long,-7.232353210449219,0.12385386973619461,4
long,loud,-4.488037109375,0.4345446228981018,4
long,loudly,7.99951171875,0.3148144483566284,4
long,loving,-2.633892059326172,0.4235040545463562,4
long,lucidly,2.626953125,0.3508325219154358,4
long,narrow,-6.9677734375,0.4760875105857849,4
long,passionately,3.18359375,0.5326251983642578,4
long,peaceful,-7.31545352935791,0.40135306119918823,4
long,pointed,-0.781494140625,0.3017248511314392,4
long,prosperous,-0.613525390625,0.24389243125915527,4
long,significant,-5.15234375,0.48956793546676636,4
long,simple,7.244356155395508,0.2106366753578186,4
long,sinewy,-1.447265625,0.13756248354911804,4
long,slinking,0.333984375,0.37648195028305054,4
long,softly,-1.4271240234375,0.09174345433712006,4
long,storied,-3.988290309906006,0.42469465732574463,4
long,thin,5.7890625,0.0021214932203292847,4
long,thoughtfully,0.970703125,0.24908217787742615,4
long,untrimmed,0.6708984375,0.23923401534557343,4
long,varied,6.5,0.3607199192047119,4
long,violent,0.23046875,0.11569170653820038,4
long,wearisome,-14.623779296875,0.28109490871429443,4
long,weary,8.962890625,0.30147284269332886,4
long,white,5.0155029296875,0.08918774127960205,4
looks,moves,-2.3472900390625,0.5182289481163025,4
looks,works,-6.208929061889648,0.3992261290550232,4
loud,repetitive,-1.59375,0.18298907577991486,4
loud,rowdy,-5.5830078125,0.7563485503196716,4
loud,sudden,8.81494140625,0.22063609957695007,4
loud,throaty,-1.75787353515625,0.2717321515083313,4
loud,unnatural,2.0888595581054688,0.18710172176361084,4
loud,violent,-7.7608642578125,-0.11178691685199738,4
loving,pure,0.759037971496582,0.15031243860721588,4
loving,simple,-4.20703125,0.029779881238937378,4
lutes,tambourines,-4.7001953125,0.21859218180179596,4
machinery,textiles,4.7076263427734375,-0.1355564147233963,4
machines,technology,-9.637492179870605,-0.010819077491760254,4
machines,tools,-16.96728515625,-0.027182042598724365,4
madder,madder,-1.10888671875,0.12385386973619461,4
mangrove,passionfruit,-6.46044921875,0.21863648295402527,4
marathons,ultramarathons,1.6263427734375,0.32632768154144287,4
medical,scientific,-3.179443359375,0.2007220983505249,4
medical,social,3.548828125,-0.07839375734329224,4
medical,technical,-1.81705904006958,0.20472556352615356,4
meditation,prayer,13.40203857421875,0.10761478543281555,4
merchants,workmen,8.447265625,0.07275956869125366,4
midwest,southeastern,9.7044677734375,0.19449305534362793,4
mobile,social,0.11920166015625,0.30843472480773926,4
money,production,-10.730712890625,0.14613908529281616,4
money,records,2.9949722290039062,-0.026829317212104797,4
money,spices,12.574310302734375,0.16237744688987732,4
money,travelcards,7.58203125,0.2865322232246399,4
monsoonal,tropical,3.564453125,0.11925803869962692,4
morose,unfriendly,1.15423583984375,0.02996603399515152,4
mounted,stuffed,7.5226593017578125,0.9107303023338318,4
moves,uplifts,6.671875,0.13500726222991943,4
music,music,3.236572265625,0.12385386973619461,4
music,philosophy,-1.87109375,-0.28643542528152466,4
music,records,-1.072519302368164,0.003682345151901245,4
music,rhetorics,4.50006103515625,-0.25591182708740234,4
music,static,-7.1683349609375,0.26637178659439087,4
music,table,0.587890625,0.025967039167881012,4
music,work,4.214202880859375,-0.00024040043354034424,4
musically,philosophically,-7.519927978515625,0.29377228021621704,4
muttering,sobbing,-8.83984375,0.0031368136405944824,4
narrow,rakish,-1.07421875,-0.007198840379714966,4
narrow,triangular,-1.71875,0.2800295948982239,4
neck,neck,0.2548828125,0.12385386973619461,4
neighbors,travelers,-1.6376953125,0.15707193315029144,4
nephews,nieces,-7.0265045166015625,0.13275615870952606,4
observation,theory,-0.72564697265625,0.16914448142051697,4
offspring,parents,2.9439234733581543,0.5495836734771729,4
onward,out,1.654296875,0.5097424983978271,4
open,open,1.1455078125,0.12385386973619461,4
open,violent,-5.247447967529297,-0.15647800266742706,4
opening,shutting,2.70068359375,0.07533024251461029,4
optimists,toppers,1.4912109375,0.20200425386428833,4
oral,written,3.3123703002929688,0.029391460120677948,4
orders,returns,3.4638671875,0.19414713978767395,4
out,out,0.7578125,0.12385386973619461,4
parents,visitor,-3.4873046875,0.2652231454849243,4
passionately,strangely,-9.8360595703125,0.025499612092971802,4
peaceful,prosperous,8.0322265625,0.365248441696167,4
peaceful,smiling,3.7265625,0.3895413875579834,4
peaceful,still,-3.076171875,0.43323272466659546,4
peaceful,unopposed,-0.4365234375,0.17802050709724426,4
perfect,poofy,1.61572265625,0.21968358755111694,4
perfect,pure,-0.2978515625,0.2892237901687622,4
perfect,unbroken,-6.271620273590088,0.17200380563735962,4
pertly,promptly,-4.5576171875,0.18380673229694366,4
philosophy,theology,-8.548828125,0.1609492301940918,4
piano,violin,0.119598388671875,-0.2968670129776001,4
pike,spear,-0.4367828369140625,0.5772437453269958,4
plans,preparations,1.500244140625,0.13392844796180725,4
plaprer,plaprer,5.5521240234375,0.12385386973619461,4
pointed,terse,-5.038078308105469,0.6495778560638428,4
practise,practise,-4.3870849609375,0.12385386973619461,4
prayer,thanksgiving,2.1663665771484375,0.11421038210391998,4
prayer,worship,-1.1285858154296875,-0.2823641896247864,4
prettier,prettier,-0.4677734375,0.12385386973619461,4
production,technical,-1.7994194030761719,0.2631995677947998,4
production,transportation,0.0,0.2338498830795288,4
project,technical,-6.989797592163086,0.1762949675321579,4
projectors,televisions,2.8614654541015625,0.3011912405490875,4
punishment,rewards,-4.9130859375,0.0357193797826767,4
pure,simple,-4.472991943359375,0.31031113862991333,4
pure,sober,-7.328125,0.0998411551117897,4
pure,solid,-3.63525390625,0.2841747999191284,4
pure,white,3.6640625,0.15472832322120667,4
queerer,queerer,-8.731613159179688,0.12385386973619461,4
quivering,white,0.556640625,0.11036857217550278,4
rascals,shepherds,2.9239501953125,-0.0690201073884964,4
raved,stormed,0.0,0.5165616869926453,4
reading,studying,-4.322265625,0.06341351568698883,4
reports,rumors,7.14990234375,0.10809574276208878,4
responsibility,work,3.318359375,0.14130191504955292,4
restaurants,shops,6.531494140625,0.6712136268615723,4
rice,tallow,4.269801139831543,-0.04061342775821686,4
ring,stacker,-8.17578125,-0.20814643800258636,4
romantic,villainous,1.7412109375,-0.140756294131279,4
rope,textiles,-3.8044967651367188,0.2350967973470688,4
salvage,vandalizing,-0.1085205078125,0.1926836520433426,4
satin,spotted,0.0,0.31839293241500854,4
savage,treacherous,-1.52978515625,0.25580835342407227,4
scarlet,white,4.7728424072265625,0.34348320960998535,4
scholarly,sober,-4.2391510009765625,0.28068801760673523,4
scientific,technical,-1.34716796875,0.3111369013786316,4
seals,walruses,-5.4971923828125,0.15858954191207886,4
seasonal,tropical,1.0869216918945312,0.7565259337425232,4
sensitive,temperamental,7.35791015625,0.30391383171081543,4
settlement,transportation,-2.2322998046875,0.21897171437740326,4
shaven,spotted,0.7826995849609375,0.3802219033241272,4
significant,varied,2.0062255859375,0.1638754904270172,4
simple,slight,-6.754392623901367,0.3254842758178711,4
simple,touching,-6.802734375,0.8473947048187256,4
sleek,thoughtful,0.6748046875,0.28569239377975464,4
slight,thin,-2.55859375,0.13500666618347168,4
smiling,unhurried,0.73834228515625,0.10332236438989639,4
sober,thoughtful,-2.6252975463867188,0.25298550724983215,4
social,technical,-2.587890625,0.41867315769195557,4
social,traditional,2.243408203125,0.048853449523448944,4
social,youth,-1.3271484375,0.36675095558166504,4
softly,stealthily,1.71875,0.3895189166069031,4
solid,still,-0.419921875,-0.48129361867904663,4
solid,unbroken,-10.263671875,0.3885536789894104,4
starched,white,-2.515625,0.19887259602546692,4
still,thoughtful,2.886713981628418,0.2104020118713379,4
still,void,-1.1351432800292969,0.32882893085479736,4
still,white,-2.435546875,0.3848101496696472,4
stores,warehouses,2.1182403564453125,0.06129735708236694,4
stout,weatherly,-6.947265625,0.37614870071411133,4
strings,violin,1.3436431884765625,-0.035357311367988586,4
struggled,struggled,3.23974609375,0.12385386973619461,4
stumps,walls,0.228515625,0.22967500984668732,4
sudden,tremendous,-8.741950988769531,0.1917584240436554,4
sudden,unnatural,0.008056640625,0.31860193610191345,4
sudden,violent,-2.3271026611328125,0.08652149885892868,4
swaying,swaying,4.037841796875,0.12385386973619461,4
swaying,whirling,-4.95703125,0.47982609272003174,4
table,table,1.3642578125,0.12385386973619461,4
thin,white,4.776397705078125,0.13335876166820526,4
tickling,touching,-2.4038639068603516,0.3639620542526245,4
treacherous,vile,2.966942310333252,0.06598775833845139,4
treacherous,villainous,0.0,0.15789762139320374,4
treacherous,wicked,-3.490234375,0.17229285836219788,4
turned,turned,-0.5418701171875,0.12385386973619461,4
unafraid,unashamed,-5.58837890625,0.22897528111934662,4
unfriendly,unnatural,0.0,0.1669279932975769,4
ungoverned,violent,4.4326171875,0.11234893649816513,4
unkind,wicked,5.599609375,0.02503533661365509,4
unshaved,unwashed,-7.9306640625,0.1704680174589157,4
vindictive,violent,-10.41796875,0.008068770170211792,4
wanted,wanted,2.09210205078125,0.12385386973619461,4
warfare,work,-1.9384765625,1.078052043914795,4
wickeder,wickeder,-0.8428955078125,0.12385386973619461,4
work,work,2.82421875,0.12385386973619461,4
worked,worked,13.845703125,0.12385386973619461,4
worst,worst,2.5537109375,0.12385386973619461,4
abject,dejected,-4.47144889831543,0.08797913789749146,5
acceptive,efficient,-2.4735107421875,-0.02950330823659897,5
aches,pains,4.01715087890625,-0.14649519324302673,5
acting,performing,-5.540798187255859,0.016822941601276398,5
adapt,survive,-8.765625,-0.32542383670806885,5
addition,deletions,3.967926025390625,-0.04280058294534683,5
advice,assistance,7.66259765625,0.17278528213500977,5
advice,injunctions,-0.060546875,0.06649317592382431,5
advice,training,2.8681640625,0.03732554614543915,5
affordable,cheap,-3.892730712890625,-0.027912892401218414,5
aft,knelt,3.856992721557617,-0.02068062126636505,5
agitated,shocked,-2.4619140625,0.023808257654309273,5
agnostic,liberal,-4.438629150390625,-0.09554413706064224,5
ahing,umming,5.082365036010742,0.026650074869394302,5
alien,strange,-5.982421875,-0.4140217900276184,5
alternatively,secondarily,4.59228515625,0.09185575693845749,5
anecdotes,gossip,0.9833984375,-0.006877444684505463,5
anklets,bracelets,6.582763671875,0.0056709712371230125,5
anklets,wristlets,-3.3125,-0.3059079647064209,5
annoying,childish,-8.375091552734375,0.08693384379148483,5
annoying,strange,-1.98828125,0.2876448631286621,5
anticipation,intercourse,-9.16259765625,-0.11100645363330841,5
apartments,cars,3.95166015625,-0.19787245988845825,5
apologizing,crying,1.353515625,0.0466071218252182,5
appreciation,gratitude,0.0,0.13269492983818054,5
appropriately,directly,-1.726165771484375,-0.08444828540086746,5
arepas,cachapas,4.71087646484375,-0.19285933673381805,5
argued,argued,-4.482421875,0.016535861417651176,5
arrested,injured,-0.625701904296875,0.04902027174830437,5
arrested,punished,2.95623779296875,-0.14944350719451904,5
arrested,shot,14.3359375,-0.015251252800226212,5
arrested,tortured,-7.743461608886719,-0.098883256316185,5
articles,books,-9.0867919921875,-0.3678897023200989,5
articles,interviews,-2.72857666015625,-0.0015871599316596985,5
asleep,quieted,16.533203125,-0.1254955679178238,5
asleep,snoring,4.1292724609375,-0.2606448531150818,5
assistant,doorkeeper,3.5859375,-0.43218642473220825,5
astonishment,fright,6.46826171875,-0.08117856085300446,5
astonishment,incredulity,-1.3761138916015625,-0.0015911925584077835,5
astrophysical,geophysical,-0.90576171875,-0.22447282075881958,5
attractive,instructive,-5.36865234375,0.0674581527709961,5
attractive,interesting,0.005859375,-0.10304025560617447,5
attractive,proven,-0.4261474609375,-0.139001727104187,5
attractive,serviceable,-1.634765625,-0.01480945572257042,5
attractive,unique,5.01953125,-0.030291229486465454,5
attractive,viable,-0.21240234375,0.031097296625375748,5
awe,reverence,-1.3125,-0.005916565656661987,5
awful,profound,2.2496566772460938,-0.30984413623809814,5
awful,strange,-4.19090461730957,-0.4466511607170105,5
awkwardly,heavily,2.663132667541504,0.004125382751226425,5
balmy,mild,-1.84716796875,-0.38521909713745117,5
banquets,cheers,-5.123046875,-0.08628877997398376,5
barbarians,pirates,2.119873046875,-0.031348805874586105,5
bargains,coffins,6.23828125,-0.08178786933422089,5
basketball,tennis,-3.9052734375,-0.13758908212184906,5
beardless,handsome,5.18475341796875,0.14622433483600616,5
behavioural,cognitive,-0.48828125,-0.4528762698173523,5
behavioural,mental,6.6458282470703125,-0.06621552258729935,5
best,best,4.031982421875,0.016535861417651176,5
best,darlingest,-1.0311279296875,-0.08992171287536621,5
best,noblest,4.3837890625,0.06688518822193146,5
best,quickest,1.24951171875,-0.25304704904556274,5
best,smartest,-10.7806396484375,-0.22602009773254395,5
best,soundest,-3.806640625,-0.0805865153670311,5
biological,historical,1.97265625,-0.4671896696090698,5
blunt,rough,-9.494384765625,-0.33889466524124146,5
boastful,cheating,-1.505859375,-0.5537638664245605,5
boisterous,rude,0.80877685546875,0.03560144826769829,5
bollards,cars,0.5367321968078613,-0.258866548538208,5
books,happenings,-5.1708984375,0.05072996765375137,5
books,letters,3.73291015625,0.051059141755104065,5
books,movies,1.166015625,-0.11447092890739441,5
books,pamphlets,5.10107421875,0.14686185121536255,5
books,postage,-1.8434391021728516,-0.19074013829231262,5
books,studies,-2.00390625,-0.018081512302160263,5
books,theater,-6.2578125,-0.004240080714225769,5
bosses,budgets,-0.983062744140625,-0.06770020723342896,5
bosses,enemies,-1.4755859375,-0.0256095789372921,5
boulders,rocks,1.058349609375,-0.18466408550739288,5
bounds,training,1.18359375,-0.34380120038986206,5
bowling,tennis,-0.13100552558898926,-0.42536085844039917,5
boyish,free,7.9534912109375,-0.1723037213087082,5
breathless,panting,-0.626708984375,-0.6175517439842224,5
brighter,brighter,-2.2998046875,0.016535861417651176,5
brighter,content,-3.953033447265625,-0.26863956451416016,5
brighter,merrier,-2.39501953125,-0.34583085775375366,5
british,iraqi,3.1612548828125,0.02019210159778595,5
british,scottish,6.972259521484375,0.2048710733652115,5
british,spanish,1.7848339080810547,-0.07373303174972534,5
british,yank,-0.9013671875,0.2011445313692093,5
broad,eclectic,-0.03912353515625,-0.11507084965705872,5
broad,glittering,-3.123046875,-0.05104808509349823,5
broad,handcuffed,2.103515625,-0.14398851990699768,5
broad,leathery,6.10595703125,0.1177469864487648,5
broad,level,3.7744140625,-0.25520700216293335,5
broadcasting,journalism,0.0,-0.16719025373458862,5
broke,rotten,-2.193359375,-0.28893333673477173,5
bugs,fleas,0.62933349609375,-0.16803120076656342,5
bumps,tracks,10.87890625,-0.24788640439510345,5
calls,letters,-1.9928014278411865,-0.16990268230438232,5
cans,forks,0.3223876953125,-0.09362520277500153,5
capacities,powers,3.626953125,-0.08353979140520096,5
capital,financial,-3.59521484375,-0.3379821181297302,5
capital,government,-3.9237060546875,-0.0783318355679512,5
carotenoids,chlorophyll,-3.6201171875,-0.2372048944234848,5
carpets,rugs,-3.5401763916015625,-0.6211584806442261,5
cars,hats,0.9090957641601562,-0.30754828453063965,5
cars,lorries,-3.828857421875,0.028039954602718353,5
casual,playful,1.142578125,-0.0493701696395874,5
cat,dog,-2.78515625,0.07179521024227142,5
cat,puppy,8.312617301940918,-0.3297877311706543,5
catch,tame,0.955078125,-0.45363396406173706,5
catch,toss,0.1923828125,-0.3787362575531006,5
caverns,rocks,1.5360565185546875,0.04178310185670853,5
caverns,tunnels,-6.32135009765625,-0.035273097455501556,5
cedar,yew,2.842529296875,0.03455260768532753,5
cereals,toast,4.107421875,-0.21666322648525238,5
cereals,tobacco,4.98248291015625,-0.1909780502319336,5
change,decay,-5.462890625,-0.1032693088054657,5
changes,changes,-4.8203125,0.016535861417651176,5
character,comic,-1.4794921875,-0.35435742139816284,5
character,form,6.130859375,-0.2279817759990692,5
characteristic,interesting,-4.94140625,-0.0987573191523552,5
characteristic,unique,-1.233612060546875,-0.31212329864501953,5
characters,letters,8.1171875,0.12433374673128128,5
characters,movies,-4.4853515625,-0.21715323626995087,5
chattering,laughter,-1.9178466796875,0.051824577152729034,5
cheap,nice,3.3935546875,-0.02575942501425743,5
cheap,plentiful,-7.68408203125,-0.10070060193538666,5
cheerfully,pleasantly,0.609375,-0.08944713324308395,5
cheerfully,regularly,-5.19873046875,-0.1137312799692154,5
cheers,laughter,-1.0883712768554688,-0.25992119312286377,5
cheers,merriment,5.27099609375,-0.18788795173168182,5
chemically,physically,4.549678802490234,-0.20588244497776031,5
chivalry,courtesy,4.333984375,-0.032256901264190674,5
chivalry,right,-3.1812896728515625,-0.5166652798652649,5
christian,faithful,3.4965744018554688,7.843226194381714e-05,5
city,metropolitan,-3.83349609375,0.16645251214504242,5
clapping,laughter,1.576263427734375,-0.10807754844427109,5
clean,nice,-3.6894636154174805,0.10359220206737518,5
clean,painted,0.697265625,-0.29655057191848755,5
clean,roomy,0.54248046875,-0.060138098895549774,5
clean,shaved,0.9893951416015625,-0.10336536169052124,5
clean,trig,-1.78125,-0.5029462575912476,5
cliff,ray,-4.9342041015625,-0.0072950758039951324,5
clothe,make,-1.5986328125,0.012651816010475159,5
coaches,lorries,-3.3640880584716797,-0.2228151112794876,5
coal,peat,-1.81341552734375,0.1419888585805893,5
coal,salt,-2.84375,-0.5291653871536255,5
colloquially,officially,-8.66015625,-0.3274991512298584,5
colour,form,-2.451171875,-0.026066303253173828,5
colour,movement,1.130859375,-0.019767925143241882,5
colour,scent,12.766998291015625,-0.06032158434391022,5
colours,sizes,2.9962234497070312,-0.06128513067960739,5
communications,media,-6.147430419921875,0.06416343152523041,5
communications,training,2.32940673828125,-0.21154223382472992,5
compact,graceful,3.232469081878662,-0.08568552881479263,5
compass,rule,-3.947265625,-0.28990060091018677,5
complacence,sense,-2.51513671875,0.027846544981002808,5
complete,unabridged,-6.142578125,0.028301671147346497,5
components,systems,0.686767578125,-0.11481934785842896,5
conflicts,dramas,0.2763671875,-0.1944495141506195,5
connected,conscious,-6.8623046875,-0.3883276581764221,5
conscientious,reliable,-0.16711628437042236,0.07075552642345428,5
consistency,endurance,9.9140625,0.012635782361030579,5
constellations,stars,-5.015721797943115,0.2815473675727844,5
constraint,distrust,5.12109375,-0.010507915169000626,5
content,gratitude,-9.404541015625,0.04942202940583229,5
content,peace,5.328125,-0.037105247378349304,5
content,romance,5.38623046875,-0.2575303912162781,5
contentious,inefficient,6.22265625,-0.015084967017173767,5
cooked,cooked,-3.7578125,0.016535861417651176,5
corporeal,spiritual,-0.640625,0.039455536752939224,5
corridors,tunnels,1.6820068359375,-0.16949552297592163,5
cotton,groundnut,-0.9809646606445312,-0.1524350345134735,5
cotton,tobacco,5.48492431640625,-0.1566612422466278,5
countries,nations,0.53515625,0.07757316529750824,5
countries,others,-8.44140625,-0.014528051018714905,5
courtesy,reverence,-0.7534410953521729,-0.5230324864387512,5
courtesy,sense,-7.90625,-0.17701132595539093,5
craggy,handsome,-6.908203125,0.12528949975967407,5
crinkly,nice,4.91015625,-0.20303897559642792,5
crowed,prattled,11.983288764953613,-0.15986256301403046,5
cruising,crying,-3.28106689453125,-0.0788978710770607,5
crying,crying,3.635033130645752,0.016535861417651176,5
crying,kissing,1.06884765625,-0.5087682008743286,5
crying,pleading,-0.1367955207824707,-0.5118910670280457,5
crying,scared,-6.754119873046875,-0.08165933191776276,5
curiouser,curiouser,12.218017578125,0.016535861417651176,5
cut,foin,0.294921875,0.03702767938375473,5
cutest,sexiest,5.51953125,-0.005950085818767548,5
damaging,widespread,-2.35906982421875,0.15236283838748932,5
day,twilight,6.252895355224609,-0.01884416490793228,5
debris,rocks,-5.3878173828125,0.03133920580148697,5
decay,renewal,-7.11873722076416,-0.13387663662433624,5
defenses,equipment,8.10430908203125,-0.2387344390153885,5
defensive,difficult,-3.6337890625,0.04413001984357834,5
defensive,militant,6.806797981262207,-0.009494204074144363,5
defined,used,1.28515625,0.11035196483135223,5
dejected,distressed,-2.8349609375,-0.08540843427181244,5
dejected,inconsolable,2.2185745239257812,-0.11270560324192047,5
dejected,sore,-7.934478759765625,0.16073556244373322,5
difficult,rough,1.0693359375,-0.43820619583129883,5
dignified,remarkable,7.46875,-0.18209530413150787,5
dignified,solemn,-10.599609375,-0.09541270136833191,5
disbanded,scattered,-1.44140625,-0.013976320624351501,5
disconcerted,glum,1.2310711145401,0.03204341605305672,5
disputing,quarrelling,0.01953125,-0.08473837375640869,5
dissipated,free,-3.33642578125,0.13074547052383423,5
distant,strange,-2.8076171875,-0.3555240035057068,5
distracted,lawless,-1.5938736200332642,-0.0902261883020401,5
distressing,humiliating,-7.523963928222656,-0.12866494059562683,5
diverse,liberal,-4.1318359375,-0.05523037910461426,5
diverse,vibrant,-9.244195938110352,-0.1993650645017624,5
dog,man,0.642578125,-0.25192761421203613,5
dog,master,-7.08203125,0.015210520476102829,5
done,done,2.876800537109375,0.016535861417651176,5
done,opened,-3.693359375,-0.4281519651412964,5
done,over,7.03369140625,-0.21704436838626862,5
done,said,0.9560546875,0.13535566627979279,5
done,seen,-2.5343289375305176,-0.059970468282699585,5
doze,dream,3.81005859375,-0.3526703119277954,5
dramas,movies,0.793914794921875,-0.15633802115917206,5
drawn,painted,1.080078125,-0.08917473256587982,5
drill,training,7.1015625,-0.20674864947795868,5
driving,driving,-5.5390625,0.016535861417651176,5
driving,steroids,1.1904296875,0.5494110584259033,5
drowned,shot,-1.37493896484375,-0.08069854974746704,5
durable,viable,9.146484375,0.09344308823347092,5
east,middle,1.216796875,0.31887954473495483,5
ecclesiastic,moral,3.362548351287842,-0.036218345165252686,5
eerie,ominous,-6.814907073974609,-0.06440520286560059,5
efficient,reliable,6.31591796875,-0.4683912992477417,5
eggs,flour,-0.603515625,-0.4360502362251282,5
eggs,game,-0.3526153564453125,-0.3271734118461609,5
eggs,toast,5.794105529785156,-0.7930602431297302,5
eigenvalues,eigenvectors,-6.60546875,0.025328584015369415,5
elbow,scream,2.6259765625,0.011272657662630081,5
elegant,graceful,5.916015625,0.059346288442611694,5
elsewhere,here,7.962890625,-0.12491735816001892,5
emaciation,weakness,-4.7763671875,0.0013457238674163818,5
emerged,proliferated,-3.6901607513427734,-0.008084133267402649,5
empowerment,engagement,-1.0634765625,-0.1690298169851303,5
entreating,menacing,0.97113037109375,-0.28539836406707764,5
equipment,toy,-3.06829833984375,-0.032145023345947266,5
equipment,training,-11.9814453125,-0.5128056406974792,5
ethology,sociobiology,5.64501953125,-0.19879622757434845,5
even,nice,6.70529842376709,-0.16330111026763916,5
even,odd,-7.3984375,-0.0914858728647232,5
exhaustion,hunger,4.9912109375,-0.08861687779426575,5
exposure,hunger,2.513671875,-0.22428998351097107,5
expressly,purely,8.6640625,-0.3208542466163635,5
fainter,fainter,0.714141845703125,0.016535861417651176,5
faithful,spiritual,3.082338333129883,-0.4099896550178528,5
faithful,trusty,2.7919921875,0.1814916580915451,5
familiar,nice,2.5675506591796875,-0.12247432768344879,5
feces,urine,4.939079284667969,-0.7192749381065369,5
fictional,historical,1.53515625,-0.7620971202850342,5
filtered,zoned,4.453125,-0.13395966589450836,5
financial,governmental,-10.5283203125,-0.06708209216594696,5
financial,moral,3.076171875,0.11165127158164978,5
fishermen,millers,-3.567138671875,0.0051019638776779175,5
fishermen,pirates,1.6962890625,-0.32586002349853516,5
fitted,painted,3.47021484375,-0.029623493552207947,5
flour,mincemeat,-3.19921875,-0.6054644584655762,5
forcible,racy,-0.155609130859375,0.029504157602787018,5
form,line,3.300537109375,0.11037365347146988,5
form,survive,-1.75390625,-0.23736660182476044,5
fragile,rude,-4.971782684326172,0.07844489812850952,5
frantic,scattered,-1.5185546875,-0.04832939803600311,5
free,free,-1.787353515625,0.016535861417651176,5
free,scattered,-2.974609375,-0.2125300168991089,5
free,spontaneous,-6.11572265625,-0.2615931034088135,5
fright,weakness,-6.886673927307129,0.14097322523593903,5
frogs,rabbits,-5.482421875,-0.18057005107402802,5
funeral,save,-9.24285888671875,-0.29385459423065186,5
gambling,spending,2.326171875,0.021953031420707703,5
game,pot,-10.2001953125,0.1948157101869583,5
gamesters,runners,-4.73046875,-0.16134002804756165,5
gasp,kissing,2.46435546875,-0.3339202404022217,5
gasp,scream,0.501953125,0.056369245052337646,5
gasp,stare,2.333984375,-0.26722919940948486,5
gayety,laughter,-2.599609375,0.10800468921661377,5
gayety,merriment,-3.345703125,-0.30094873905181885,5
gayety,mirth,-5.96221923828125,-0.22276552021503448,5
gently,immediately,-1.382293701171875,-0.4234331250190735,5
gently,nice,-1.4140625,-0.25824612379074097,5
glans,prepuce,-0.8304200172424316,-0.02674238011240959,5
glum,solemn,-7.28662109375,-0.6331470608711243,5
gods,others,4.62847900390625,-0.7187023758888245,5
government,medicine,0.5915851593017578,0.1269606053829193,5
government,opposition,-4.84991455078125,-0.37612348794937134,5
government,rule,-2.01171875,-0.003420725464820862,5
graceful,unique,-1.8784615993499756,-0.5062879920005798,5
grew,grew,-2.746551513671875,0.016535861417651176,5
grocers,millers,0.865753173828125,-0.4093450903892517,5
grotesque,satire,0.734375,-0.14352113008499146,5
grotesque,strange,0.40380859375,0.019690360873937607,5
grunted,squealed,0.18061065673828125,-0.013847805559635162,5
hairy,rough,-7.92041015625,-0.057698942720890045,5
hand,hand,-2.080078125,0.016535861417651176,5
handsome,soldierly,2.1185150146484375,-0.521579384803772,5
handsome,taller,2.5048828125,-0.4917905330657959,5
harder,harder,3.349609375,0.016535861417651176,5
harder,thicker,-9.698378562927246,0.021735791116952896,5
hardships,heroism,-5.0078125,-0.10275338590145111,5
harmful,strange,0.9211597442626953,-0.012235533446073532,5
hats,robes,-6.05859375,0.07174628227949142,5
heathen,remote,-12.26171875,-0.025609102100133896,5
helicopters,paratroopers,9.577840805053711,-0.21825920045375824,5
here,here,-1.35546875,0.016535861417651176,5
here,hereafter,0.8201904296875,-0.3578122854232788,5
historical,spiritual,-2.8602447509765625,0.19942012429237366,5
homo,porno,2.765625,-0.09811277687549591,5
hooks,rods,-9.559768676757812,-0.06430573761463165,5
hospitable,interesting,14.33203125,-0.20057080686092377,5
hospitalised,injured,-4.023202896118164,0.09987358003854752,5
hours,hours,0.7251396179199219,0.016535861417651176,5
hub,spoke,4.441677093505859,0.14988473057746887,5
ice,rocks,-2.857025146484375,-0.02481100708246231,5
illuminated,spiritual,7.36065673828125,-0.0888858363032341,5
imaging,optical,7.6021013259887695,-0.07470779120922089,5
impulsive,rude,8.15283203125,0.09760593622922897,5
incident,romance,-0.7385809421539307,-0.3451138734817505,5
indented,numbered,0.0,0.15650856494903564,5
indistinguishable,strange,2.1777496337890625,-0.05183161795139313,5
initial,initial,8.86767578125,0.016535861417651176,5
injunctions,messages,-13.2109375,-0.013455744832754135,5
injured,shot,7.507080078125,0.07501314580440521,5
injured,woeful,1.683502197265625,-0.07936184853315353,5
insolent,rebellious,-7.91796875,0.05971026420593262,5
inspiring,profound,-1.1808090209960938,0.10530069470405579,5
instantaneously,unseen,7.66510009765625,-0.0066530704498291016,5
instructive,interesting,3.2734375,-0.44873279333114624,5
instructive,moral,0.85546875,-0.21738137304782867,5
intercourse,training,3.5305938720703125,-0.30232685804367065,5
interesting,quaint,-0.5553627014160156,-0.17244435846805573,5
interesting,remarkable,2.0556640625,-0.2079954594373703,5
interesting,strange,-5.752951622009277,-0.05821855366230011,5
interesting,surprising,-8.966796875,-0.04979574680328369,5
interesting,unique,8.927734375,0.05503854900598526,5
invaders,pirates,3.67431640625,-0.23942650854587555,5
jests,laughter,-0.82421875,-0.41462165117263794,5
kicked,kicked,-1.755859375,0.016535861417651176,5
kids,mortgages,-3.7349853515625,-0.012968536466360092,5
kids,starving,2.4169921875,-0.5392031073570251,5
kids,teen,7.1561279296875,-0.4818296432495117,5
ladder,man,-7.404296875,-0.45625197887420654,5
laugh,laugh,7.19140625,0.016535861417651176,5
laugh,scream,5.56982421875,-0.5668244361877441,5
laughter,merriment,-1.6550575494766235,-0.2394469827413559,5
laughter,noise,-7.046841621398926,-0.15707425773143768,5
laughter,peace,0.615234375,-0.023936137557029724,5
lawless,rough,1.9881131649017334,0.12744781374931335,5
lawless,uncontrolled,-9.375288009643555,-0.03242269530892372,5
letters,messages,2.7506103515625,-0.07286101579666138,5
letters,presents,0.108642578125,-0.700390100479126,5
letters,scrolls,2.562255859375,-0.11626563966274261,5
lime,salt,0.6414966583251953,-0.14765891432762146,5
linen,silver,0.64208984375,-0.10367251932621002,5
looting,vandalism,-8.787109375,-0.12641936540603638,5
lorries,said,4.2473907470703125,-0.2404107302427292,5
lumber,timbers,4.044921875,-0.1776352971792221,5
luxury,privilege,-1.9609375,0.1819397360086441,5
luxury,refinement,-1.30078125,-0.003506939858198166,5
machine,man,-8.8876953125,0.05465296655893326,5
magnesium,potassium,-2.896026611328125,0.08351285010576248,5
man,man,-4.1875,0.016535861417651176,5
man,master,0.5950927734375,-0.18588075041770935,5
man,prey,6.240814208984375,-0.4928368926048279,5
manned,trained,6.3897705078125,0.16237525641918182,5
marked,numbered,4.52587890625,0.4866107106208801,5
master,missis,5.23828125,-0.7118322849273682,5
mates,prey,7.419189453125,-0.4608243703842163,5
matured,mellowed,-6.958034515380859,-0.216195210814476,5
medicine,treatment,4.65478515625,-0.4084652066230774,5
medicine,treatments,1.4765625,-0.647983729839325,5
meek,mild,4.275390625,-0.2616977095603943,5
mental,moral,-7.51025390625,-0.0916435644030571,5
mental,spiritual,-12.410476684570312,-0.12362872064113617,5
merriment,mirth,-4.00390625,-0.025525618344545364,5
merriment,noise,-1.0477294921875,0.2317550629377365,5
messages,sightings,0.727078914642334,-0.526378870010376,5
mild,nice,2.4642391204833984,-0.3265873193740845,5
mild,windless,5.23828125,-0.20133443176746368,5
milked,sugared,-6.34716796875,-0.18847641348838806,5
mirth,peace,0.60986328125,-0.27474910020828247,5
mistrustful,uncanny,-0.322265625,-0.28393059968948364,5
moist,nice,0.783203125,-0.10276281833648682,5
molluscs,vertebrates,-3.46484375,-0.10400480031967163,5
moons,moons,-2.62939453125,0.016535861417651176,5
moons,suns,4.669921875,-0.09206555783748627,5
moral,spiritual,3.798828125,-0.2828395962715149,5
mothers,teachers,0.6473464965820312,-0.09770090878009796,5
mothers,toddlers,1.583984375,-0.10284465551376343,5
movement,noise,-4.760702133178711,-0.05397029221057892,5
movies,opera,1.5751953125,-0.3097715377807617,5
movies,theater,1.22607421875,-0.40779435634613037,5
movies,tv,-3.1654701232910156,-0.16445814073085785,5
moving,up,1.889204978942871,-0.41932690143585205,5
moving,wound,5.024269104003906,0.29774391651153564,5
nations,tribes,-0.283203125,0.11972993612289429,5
near,nice,4.810546875,0.436651349067688,5
near,remote,1.182952880859375,-0.04962639510631561,5
next,next,-6.31982421875,0.016535861417651176,5
nice,relaxed,-1.3690037727355957,-0.061820343136787415,5
nice,roasted,-7.769993782043457,-0.05914317071437836,5
nice,snug,3.576751708984375,-0.5528697967529297,5
nice,spooky,-2.453125,-0.5453843474388123,5
nice,unselfish,5.45574951171875,0.058516621589660645,5
noise,unintelligible,3.4756317138671875,-0.34136128425598145,5
nurses,nurses,4.883033275604248,0.016535861417651176,5
nurses,orderlies,1.245849609375,-0.4759509563446045,5
nurses,teachers,-7.9332275390625,0.07300698012113571,5
oblations,prayers,-5.9921875,-0.19718512892723083,5
odd,spooky,0.27735042572021484,-0.30034345388412476,5
odd,unique,1.1817626953125,-0.12593373656272888,5
older,older,2.5625,0.016535861417651176,5
older,taller,-7.9378662109375,-0.02383851632475853,5
older,tougher,2.3599510192871094,-0.05528782308101654,5
older,wiser,-3.25390625,0.08644689619541168,5
ominous,threatened,-5.401958465576172,0.05489908158779144,5
others,volunteers,-0.8432655334472656,0.06957466900348663,5
outdated,rough,-6.583984375,-0.002463873475790024,5
outfit,wagons,-4.28125,0.13141892850399017,5
outgunned,outnumbered,-10.3685302734375,0.07587181031703949,5
outposts,patrols,4.82421875,0.17481185495853424,5
over,over,6.040275573730469,0.016535861417651176,5
over,up,-1.5508217811584473,-0.07452932745218277,5
paratroopers,peasants,-12.208359718322754,-0.16302762925624847,5
paused,said,-8.390605926513672,-0.266660213470459,5
peace,purity,-1.1034483909606934,0.015606969594955444,5
peace,relaxation,-2.8253936767578125,-0.024122346192598343,5
pearl,silver,2.39990234375,0.07418985664844513,5
peep,see,5.357421875,0.0599086619913578,5
penalties,prizes,-0.5146484375,0.03970026969909668,5
penner,skupin,11.192436218261719,0.04861121624708176,5
penultimate,thirteenth,-4.0517578125,-0.1185314804315567,5
permanent,substantial,2.9200592041015625,0.28448188304901123,5
permanent,suitable,-1.7366485595703125,-0.4847574234008789,5
ph,temperature,1.099609375,-0.0378512367606163,5
picturesque,quaint,2.6399123668670654,-0.015265759080648422,5
picturesque,sleepy,0.000244140625,-0.5392431020736694,5
pillage,tribute,7.881618499755859,-0.10781283676624298,5
pirates,pirates,0.556396484375,0.016535861417651176,5
pirates,smugglers,-0.81170654296875,-0.05512887239456177,5
pirates,wenches,-8.884475708007812,0.30003976821899414,5
plantation,slabes,0.9441814422607422,-0.15977157652378082,5
plate,spoon,-3.78192138671875,-0.22984333336353302,5
pot,spoon,0.9931640625,-0.38714277744293213,5
potassium,sodium,0.537109375,-0.0510648638010025,5
powers,principalities,1.3430864810943604,-0.35518908500671387,5
presence,putrification,0.6572265625,-0.5807285308837891,5
pressure,temperature,0.0,-0.2995299696922302,5
previous,subsequent,-8.560546875,-0.36642104387283325,5
profound,remarkable,9.853515625,-0.05453282594680786,5
profound,resolved,13.445232391357422,0.04326184093952179,5
profound,surprising,-3.16796875,0.09456895291805267,5
pronounce,spell,-4.113037109375,-0.2036195546388626,5
queue,unique,1.65234375,0.1251537948846817,5
rabbits,rodents,-2.91796875,-0.17480100691318512,5
ragged,tawdry,1.477975845336914,-0.12680621445178986,5
raped,tortured,-0.71484375,-0.144254669547081,5
reels,rods,-1.7151808738708496,0.18921034038066864,5
registered,verified,-1.81396484375,-0.10360988974571228,5
rehabilitation,treatment,-1.9233779907226562,-0.092654749751091,5
reliable,supervised,-6.75390625,-0.1045229583978653,5
reliable,trusty,3.2545166015625,-0.25262558460235596,5
remarkable,strange,2.31591796875,-0.029096059501171112,5
remarkable,unique,-5.718809127807617,-0.35691457986831665,5
resorts,villages,-3.7802734375,-0.398640513420105,5
revolting,strange,-7.6937255859375,0.1917130947113037,5
rocks,wilds,0.0,-0.31241708993911743,5
rocks,woods,11.1875,-0.3305734395980835,5
romance,satire,3.2622833251953125,0.12620478868484497,5
rough,rude,-0.6037182807922363,-0.15865175426006317,5
safer,supervised,8.759765625,-0.05727000534534454,5
said,saluted,0.19127273559570312,0.21800218522548676,5
salt,vinegar,-1.146484375,0.0866047590970993,5
scared,scream,0.28515625,0.1704111248254776,5
scared,shy,5.0301513671875,-0.22371293604373932,5
scared,strange,-6.4912109375,-0.42930155992507935,5
see,touch,3.7421875,0.01743551343679428,5
seen,seen,-10.39453125,0.016535861417651176,5
seen,understood,17.30029296875,-0.07206268608570099,5
shy,strange,-1.718231201171875,-0.3438533544540405,5
smaller,smaller,1.9492454528808594,0.016535861417651176,5
smaller,thicker,-3.24462890625,-0.18317869305610657,5
sorrier,wiser,5.857421875,0.0025259535759687424,5
speak,swim,-9.904960632324219,-0.12046779692173004,5
special,unique,8.60009765625,-0.46268582344055176,5
special,urgent,-0.791015625,-0.24807505309581757,5
spectacular,unique,0.810546875,-0.37863481044769287,5
spicy,strange,-2.0361328125,-0.20476888120174408,5
spiritual,temporal,0.33184814453125,-0.01945926994085312,5
squealed,squealed,-0.19921875,0.016535861417651176,5
stable,unique,6.318359375,-0.25843966007232666,5
stare,stop,3.6484222412109375,-0.20436741411685944,5
stouter,stouter,2.3955078125,0.016535861417651176,5
strengthened,strengthened,12.127761840820312,0.016535861417651176,5
stretch,stretch,-3.17034912109375,0.016535861417651176,5
subtlety,timing,-7.077018737792969,0.0541483573615551,5
swim,swim,-13.061174392700195,0.016535861417651176,5
taboos,totems,5.533935546875,-0.22808614373207092,5
taller,taller,3.6291961669921875,0.016535861417651176,5
taught,used,-4.644624710083008,-0.1418077051639557,5
ten,twoscore,-5.28759765625,-0.006844842806458473,5
thicker,thicker,1.138671875,0.016535861417651176,5
through,through,5.636770725250244,0.016535861417651176,5
togs,whatnot,-3.794677734375,-0.1350746750831604,5
toy,toy,7.0331878662109375,0.016535861417651176,5
trained,trusty,-5.4617919921875,-0.10708272457122803,5
tribes,tribes,-8.365234375,0.016535861417651176,5
turbid,zaburlit,-8.6171875,-0.43390047550201416,5
unmoved,unobtrusive,-1.9582328796386719,-0.10402223467826843,5
up,up,-2.3251953125,0.016535861417651176,5
valk,valk,2.4054222106933594,0.016535861417651176,5
value,value,0.224609375,0.016535861417651176,5
waited,waited,3.65234375,0.016535861417651176,5
walks,walks,-4.349973201751709,0.016535861417651176,5
wept,wept,6.604106903076172,0.016535861417651176,5
whales,whaling,2.26806640625,-0.24675191938877106,5
whistle,whittle,-3.1849365234375,0.030544690787792206,5
wigwagging,woodcraft,0.3497898578643799,0.1530066579580307,5
wilds,woods,6.963249206542969,-0.1967313587665558,5
yet,yet,-0.13532209396362305,0.016535861417651176,5
accomplished,amiable,-4.8154296875,0.29573214054107666,6
accurate,strong,5.288958549499512,0.09651995450258255,6
action,adventure,-7.7039794921875,0.5180268287658691,6
action,evolution,-3.1962890625,-0.13750194013118744,6
action,excitement,-3.26904296875,0.20312167704105377,6
action,grace,1.62255859375,0.3119116425514221,6
active,curious,0.950899600982666,-0.20773737132549286,6
active,strong,-1.1124420166015625,0.2150205373764038,6
activities,gestures,-3.2446653842926025,0.26059284806251526,6
added,new,-9.30517578125,0.17740453779697418,6
adventure,excitement,-3.380767822265625,-0.02690388262271881,6
adventure,poetry,4.44775390625,0.40315085649490356,6
adventure,sport,3.2720947265625,0.08756977319717407,6
adventure,voyage,1.10546875,-0.01656109094619751,6
aerodromes,radar,-0.2109375,0.4693950414657593,6
agriculture,crafts,6.617792129516602,-0.06274710595607758,6
agriculture,forestry,-3.6982421875,0.1927991509437561,6
agriculture,gardening,-3.32763671875,0.22419314086437225,6
agriculture,hunting,-3.91796875,0.2934572994709015,6
ai,nao,-0.03515625,0.21237289905548096,6
alarm,excitement,0.12985002994537354,0.15907087922096252,6
alarm,perplexity,11.35127067565918,0.07552812993526459,6
alarm,triumph,4.15234375,0.052170395851135254,6
alcoholics,homosexuals,-4.1884765625,-0.026250794529914856,6
alone,far,3.6012039184570312,0.2063518911600113,6
alone,unobserved,-6.95068359375,-0.04301650822162628,6
ambition,conquest,2.4560546875,-0.18914733827114105,6
ambition,opulence,0.0,0.2532148063182831,6
ambition,vainglory,-0.59930419921875,0.23690921068191528,6
ammeters,voltmeters,-5.5643310546875,0.29104509949684143,6
amusement,diversion,0.253814697265625,0.4265015125274658,6
amusement,excitement,1.8876953125,0.20490320026874542,6
anger,excitement,4.798828125,-0.3621782064437866,6
anger,hatred,1.4599609375,-0.29282402992248535,6
anger,hostility,-7.66064453125,-0.191109761595726,6
anger,humiliation,3.126007080078125,0.5849171280860901,6
anger,jealousy,7.791999816894531,0.42580437660217285,6
anger,trouble,-3.8515625,-0.315552294254303,6
angry,anxious,-4.556640625,0.8052956461906433,6
angry,bewildered,-7.9150390625,-0.2999398112297058,6
angry,dark,-3.30859375,0.0007402151823043823,6
angry,frightened,5.450927734375,-0.21251605451107025,6
angry,grim,0.576171875,0.11030793190002441,6
angry,grudging,-7.169189453125,0.13221698999404907,6
angry,insubordinate,-9.090003967285156,-0.2144380658864975,6
angry,mean,-4.541259765625,-0.8430355191230774,6
angry,pale,-8.02071762084961,0.24584932625293732,6
angry,shrill,-9.052274703979492,-0.022341296076774597,6
angry,suspicious,-0.37384891510009766,0.09591078013181686,6
angry,upset,-4.220489501953125,0.33377373218536377,6
annual,maximum,-1.3272705078125,-0.11305634677410126,6
antidepressants,cholesterol,5.219425678253174,0.45814210176467896,6
antiques,artwork,-7.308349609375,-0.15736623108386993,6
anxious,eager,-10.2373046875,0.036667630076408386,6
anxious,frightened,-7.3172607421875,-0.0796157568693161,6
anxious,pale,-7.2239990234375,-0.33344584703445435,6
anxious,shuddering,10.17578125,0.17239373922348022,6
aristocracy,feudalism,-4.005500793457031,-0.39920127391815186,6
artillery,guns,-2.9757766723632812,0.24922813475131989,6
artillery,motorization,2.09765625,0.1557890623807907,6
artillery,troops,-1.734375,0.45513099431991577,6
arts,crafts,-5.14453125,0.19548939168453217,6
arts,sciences,-1.162353515625,0.17761757969856262,6
arts,sports,3.803363800048828,0.1952444612979889,6
artworks,objects,-1.9300537109375,0.18123406171798706,6
attention,care,-1.2814102172851562,0.6386968493461609,6
attention,eyes,3.409343719482422,0.4609280824661255,6
attention,zeal,-3.9423828125,0.730448305606842,6
autocrat,emperor,5.880859375,-0.07826872169971466,6
automobiles,clothes,2.953948974609375,0.06374560296535492,6
baby,daddy,-7.01953125,-0.3901301622390747,6
baby,father,15.9803466796875,-0.2185124307870865,6
baby,louise,4.58203125,0.7733542323112488,6
badass,big,7.961669921875,-0.05188305675983429,6
balls,pegs,-2.09765625,-0.3076590895652771,6
baritone,clarinet,1.27734375,0.2706591486930847,6
barks,ships,-5.441181659698486,0.1944466531276703,6
barley,rye,-3.43359375,0.0024955719709396362,6
barred,locked,2.979736328125,0.09295839071273804,6
basket,loaf,0.978515625,0.09384135901927948,6
basket,scissors,10.2314453125,0.24742856621742249,6
battered,dilapidated,-4.933837890625,0.3918771743774414,6
believe,think,-1.30859375,0.027417942881584167,6
believed,hiding,-0.97705078125,-0.20229323208332062,6
bewildered,confused,4.734375,0.08255527913570404,6
bewildered,dismayed,-3.7231178283691406,0.6145836710929871,6
bewildered,frightened,-6.58203125,0.09404736012220383,6
big,curious,6.341796875,-0.3535160422325134,6
big,dark,-4.31787109375,-0.6292921304702759,6
big,direct,3.3916015625,-1.0111349821090698,6
big,high,0.4534473419189453,0.021164581179618835,6
big,important,-8.61016845703125,-0.10846568644046783,6
big,mellow,-0.1396484375,-0.18315012753009796,6
big,new,-1.5208282470703125,0.389323890209198,6
big,round,7.39381217956543,0.007662370800971985,6
big,strong,-4.3056640625,-0.4856441020965576,6
big,successful,-0.87890625,-0.038908496499061584,6
big,wonderful,2.5305862426757812,0.03830257058143616,6
biggerer,clumsier,-8.2816162109375,0.1956888884305954,6
bigotry,intolerance,-7.64453125,0.3046773076057434,6
biscuit,tea,10.437469482421875,0.09099926054477692,6
blaze,curl,-2.9810333251953125,0.6212091445922852,6
bleak,raw,-4.734375,0.2864367365837097,6
blood,darkness,-1.5224609375,-0.8267918229103088,6
blood,filth,-7.530933380126953,-0.3378475308418274,6
blood,fluid,-4.1328125,-0.292982816696167,6
blood,grease,3.0234375,-0.2576722502708435,6
blood,soil,3.390625,0.5101420283317566,6
bloodless,pale,-1.6478748321533203,0.12763631343841553,6
boating,riding,-6.205078125,0.07577778398990631,6
bold,cautious,-6.669403076171875,0.34745633602142334,6
bold,new,-1.792236328125,0.6234533786773682,6
bold,round,11.201171875,0.03585121035575867,6
bold,successful,10.6015625,0.2805095613002777,6
bolt,eat,7.783203125,-0.5215728878974915,6
bonds,stocks,2.133327007293701,-0.054090067744255066,6
brake,marsh,-2.451171875,0.438946932554245,6
bravest,strongest,-9.0625,0.7560645341873169,6
brawny,strong,-14.494354248046875,-0.3422749638557434,6
brilliancy,dash,-5.936725616455078,-0.05095730721950531,6
brother,father,-0.611328125,-0.14065639674663544,6
brother,slept,0.0,0.5214402079582214,6
brushwood,rock,-5.1953125,0.2571285367012024,6
buckets,ladders,4.864582061767578,0.17911599576473236,6
bundles,wraps,1.3671875,0.2659337818622589,6
burning,slaying,-0.00714111328125,0.5381917357444763,6
busier,busier,-3.4375,0.1798277497291565,6
buying,going,-3.9812393188476562,-0.44671201705932617,6
cabbage,carrot,6.46484375,0.11256542801856995,6
campaign,political,0.006763458251953125,0.14204801619052887,6
cancer,depression,2.538210868835449,0.014532268047332764,6
capable,strong,-0.8046875,-0.46385782957077026,6
capitalism,feudalism,2.0937957763671875,0.1400037705898285,6
captured,shown,-2.9591064453125,-0.41040849685668945,6
carbon,iron,-3.1976242065429688,-0.360953152179718,6
carbon,nitrogen,3.6529769897460938,0.07589201629161835,6
carded,cleaned,2.41796875,0.14184901118278503,6
care,cleanliness,3.0406646728515625,-0.36205369234085083,6
care,harm,6.09375,-0.14076273143291473,6
care,mind,2.029296875,-0.11009453237056732,6
castles,cities,-3.5371475219726562,-0.5337414145469666,6
castles,fortresses,0.22705078125,0.19402964413166046,6
centuries,centuries,-0.41796875,0.1798277497291565,6
cf,kf,1.321380615234375,0.0225057452917099,6
chains,darkness,4.96484375,-0.19014917314052582,6
chains,locks,-4.4676513671875,0.07358156144618988,6
chains,mobiles,-0.304931640625,0.28836897015571594,6
champagne,flowers,0.26761627197265625,-0.17827488481998444,6
changing,working,-1.1064453125,0.15830916166305542,6
chatted,chatted,-3.1385498046875,0.1798277497291565,6
cheered,shouted,-1.3216705322265625,0.09474220871925354,6
chintz,silk,-5.6171875,0.25731852650642395,6
chocolate,tea,-5.4580078125,0.4337589740753174,6
cities,municipalities,-5.779296875,0.19243377447128296,6
cities,streets,-1.1226272583007812,0.47133880853652954,6
classic,formal,5.207794189453125,-0.5069507956504822,6
clatters,dinging,2.22265625,0.21801595389842987,6
clatters,rings,-2.0286865234375,0.05813482403755188,6
cleaned,dripped,0.61328125,0.3636566996574402,6
cleaned,restored,1.5087890625,0.2807958722114563,6
climatology,meteorology,1.0985805988311768,0.43239298462867737,6
clock,rubber,0.6331787109375,0.015593484044075012,6
close,dark,-3.685546875,-0.32391124963760376,6
close,grasping,8.2647705078125,0.31393325328826904,6
close,monitoring,-4.1606903076171875,0.1615748554468155,6
close,swift,-2.0919189453125,0.0654585212469101,6
close,tight,2.279296875,-0.05810682475566864,6
clothes,eyes,8.5994873046875,0.31781691312789917,6
clothes,gardens,-2.41015625,-0.4968377947807312,6
clothes,mind,1.189208984375,0.5074718594551086,6
clothes,shopping,0.0,0.12207064032554626,6
coals,iron,-0.70703125,0.0794239491224289,6
colorful,dark,-5.650390625,0.3005639314651489,6
colorful,unusual,0.569580078125,-0.009276226162910461,6
coming,coming,0.37109375,0.1798277497291565,6
coming,falling,3.19140625,0.3206334710121155,6
coming,going,1.8212890625,0.3335171639919281,6
compassion,help,-4.56005859375,0.20454643666744232,6
compete,fight,-2.5703125,0.0007441043853759766,6
complexity,evolution,-1.669189453125,-0.04231865704059601,6
confident,strong,5.357505798339844,-0.2635859251022339,6
confused,detected,2.45703125,0.12462101876735687,6
confused,frightened,5.70361328125,0.16474130749702454,6
confused,upset,3.229644775390625,0.8091628551483154,6
conquest,triumph,-10.111053466796875,0.6087357401847839,6
consular,passport,-2.1044921875,0.15052387118339539,6
contempt,contempt,-1.3990309238433838,0.1798277497291565,6
contempt,hatred,1.32421875,0.1820840835571289,6
contributors,supporters,3.6767578125,0.11770462989807129,6
conviction,trial,2.03125,0.09277604520320892,6
cook,eat,-2.4140625,-0.25848203897476196,6
costume,makeup,1.8564453125,0.12986482679843903,6
cowboys,frontiersmen,2.042407989501953,0.18164192140102386,6
crafts,industries,3.1751651763916016,0.48910391330718994,6
cranberry,turkey,-0.36328125,-0.33306246995925903,6
creased,stained,-1.2309722900390625,0.17443111538887024,6
criminalised,persecuted,-0.746490478515625,0.5346537232398987,6
crossly,pettishly,1.0234375,0.2035469114780426,6
crustaceans,insects,-1.5728759765625,-0.09040020406246185,6
cumin,pepper,-4.31640625,-0.1063276082277298,6
curious,new,0.43359375,0.6769226789474487,6
curious,strong,-4.986328125,0.3371196985244751,6
curious,wonderful,-2.553070068359375,0.009846970438957214,6
daddy,mummy,3.069580078125,0.5025398135185242,6
dark,dense,7.38330078125,1.0670751333236694,6
dark,dreary,7.688690185546875,0.1526859849691391,6
dark,fearful,-6.6630859375,-0.22552989423274994,6
dark,high,-2.421875,1.1274222135543823,6
dark,melancholy,-1.8359375,0.16098003089427948,6
dark,secret,-3.9658203125,0.36427736282348633,6
dark,starlight,-1.4057663679122925,0.24912025034427643,6
dark,swollen,-2.3065185546875,0.13927169144153595,6
dark,tangled,-2.2880859375,0.2403540313243866,6
dark,twisted,0.8716659545898438,0.6025225520133972,6
dark,ugly,3.224365234375,0.1763523817062378,6
dark,unforgiving,-3.486572265625,0.6701905131340027,6
dark,unshaven,-0.64013671875,0.8378119468688965,6
darker,darker,-1.595703125,0.1798277497291565,6
darker,denser,-3.167633056640625,0.8111890554428101,6
darkness,disappearance,3.912109375,-0.020347461104393005,6
darkness,silence,7.000099182128906,0.4536083936691284,6
darkness,solitude,8.848176002502441,0.4440714716911316,6
darter,madame,4.7177734375,0.12244804203510284,6
dash,enthusiasm,-6.816650390625,-0.25625717639923096,6
decades,decades,1.0205078125,0.1798277497291565,6
decayed,inexpensive,6.81768798828125,0.15049874782562256,6
degree,removal,11.37890625,-0.48235970735549927,6
delicate,lazy,1.1458740234375,0.25163909792900085,6
delicate,pale,-3.689208984375,0.6482700109481812,6
delicate,slender,5.220733642578125,0.016031816601753235,6
delightedly,largely,-3.4268798828125,0.14755043387413025,6
democratic,political,4.4322509765625,-0.1905628889799118,6
dense,frequent,-2.82421875,-0.24591891467571259,6
dense,massive,-2.09539794921875,0.13735800981521606,6
denser,denser,2.275390625,0.1798277497291565,6
depression,humiliation,-11.108871459960938,0.05204387009143829,6
desertion,silence,2.03875732421875,0.33134305477142334,6
detected,exposed,-0.2001953125,0.34608733654022217,6
detected,pursued,1.1409912109375,0.1855684518814087,6
devastating,massive,0.611175537109375,0.4024709463119507,6
devastating,tragic,-5.34912109375,-0.1894199699163437,6
dialect,vernacular,2.978515625,0.23486126959323883,6
dice,slice,-3.08203125,-0.049215272068977356,6
diligent,responsible,-3.154146194458008,0.8011104464530945,6
direct,interactive,1.6376953125,0.0871700793504715,6
direct,strong,-2.427734375,0.166483074426651,6
direct,write,9.443359375,0.4810717701911926,6
disciples,friends,0.737213134765625,-0.2439577430486679,6
disciples,interpreter,3.6796875,0.29319438338279724,6
disgrace,humiliation,-0.296875,0.22510574758052826,6
disgusting,gross,5.757260322570801,0.2370159924030304,6
disgusting,impetuous,8.151188850402832,-0.12389005720615387,6
dismayed,pale,2.8178744316101074,0.17203021049499512,6
disobedient,unruly,5.337646484375,0.2313745617866516,6
disposition,sale,-1.830810546875,0.09156983345746994,6
disposition,trial,0.444580078125,-0.1680019050836563,6
disrespectful,insubordinate,-2.0359268188476562,-0.036499425768852234,6
disrespectful,untamed,10.8759765625,-0.27763569355010986,6
dissident,political,4.992275238037109,0.03239081799983978,6
doctors,priests,9.3375244140625,-0.03285209834575653,6
dominican,haitian,-3.787109375,0.4026632308959961,6
dousings,leaps,-9.57861328125,0.3175414800643921,6
downforce,traction,-3.915069580078125,0.3143291473388672,6
drowsy,languid,7.17578125,0.7326121926307678,6
drywall,paint,0.20013427734375,-0.24038998782634735,6
dumfounded,quaking,-4.34765625,0.628487229347229,6
dunked,soaked,-4.50653076171875,-0.31726789474487305,6
dynastic,political,-6.993982791900635,-0.1860099881887436,6
eager,rapt,-0.5244140625,-0.08879585564136505,6
eager,shrill,-2.629791259765625,0.09439258277416229,6
eager,wondering,-7.918603420257568,-0.12097983062267303,6
earthly,heavenly,-2.6137237548828125,0.11359107494354248,6
eastern,south,-9.502105712890625,0.3328819274902344,6
eat,eat,-8.89794921875,0.1798277497291565,6
eat,loaf,2.5821533203125,0.24469688534736633,6
eat,rise,1.3777999877929688,-0.04777459800243378,6
eat,stay,-2.529296875,0.022451743483543396,6
eaten,gathered,0.5924835205078125,0.5130451917648315,6
eaten,slept,-2.893829345703125,0.05846452713012695,6
educational,entertaining,-9.939453125,-0.10684524476528168,6
educational,political,-1.7038097381591797,-0.1542762964963913,6
educational,religious,3.35546875,-0.095441535115242,6
efflorescences,encrustations,0.29205322265625,0.15973003208637238,6
elegance,grace,5.9423828125,0.1145252212882042,6
emperor,king,-2.232421875,0.30509546399116516,6
empires,leaders,6.175048828125,0.16105809807777405,6
entertaining,new,-1.6328125,0.09974221885204315,6
enthusiasm,excitement,5.34375,0.2798687815666199,6
enthusiasm,pep,0.314453125,-0.34558600187301636,6
enthusiasm,triumph,0.2627437114715576,0.08364225924015045,6
entirely,fully,0.515625,0.24810168147087097,6
entirely,thoroughly,-2.466796875,0.17390672862529755,6
eternal,strong,-2.291015625,0.01924164593219757,6
eventful,harassing,-13.9393310546875,-0.16912101209163666,6
eventful,new,0.2047576904296875,0.3173215091228485,6
excitement,exertion,-5.056640625,0.6123049855232239,6
excitement,triumph,1.5667834281921387,0.5116117596626282,6
excitement,trouble,-3.5205078125,-0.053125426173210144,6
executive,regulatory,-3.2291259765625,0.007058724761009216,6
extensive,new,-13.80670166015625,-0.16171710193157196,6
extensive,strong,-9.26031494140625,0.12618233263492584,6
extent,speed,-5.5146484375,0.6338158845901489,6
faggots,straw,-9.759521484375,0.3783947229385376,6
falling,flying,5.728515625,0.29992663860321045,6
false,groundless,6.20452880859375,-0.11216692626476288,6
false,wrong,14.502771377563477,0.8974668979644775,6
far,far,-0.326507568359375,0.1798277497291565,6
far,high,-2.3359375,0.004148915410041809,6
far,unused,-7.000433921813965,-0.4282430410385132,6
farder,farder,1.890106201171875,0.1798277497291565,6
farmer,wife,2.140625,0.05799311399459839,6
father,father,5.4423828125,0.1798277497291565,6
father,grandmother,2.541015625,0.37518906593322754,6
father,jm,-2.17578125,0.4412555694580078,6
father,son,-1.595703125,0.009039416909217834,6
fearful,unknown,9.6722412109375,-0.3899456262588501,6
fearful,wonderful,0.478515625,0.35507041215896606,6
fifth,smallest,-2.3076171875,0.30031776428222656,6
fight,hunt,-0.548828125,0.034104570746421814,6
fight,overcome,-7.701171875,-0.25473958253860474,6
fight,stand,1.634765625,-0.19857661426067352,6
fight,stay,4.93359375,0.1894827038049698,6
fight,wait,-4.7218852043151855,0.10987959802150726,6
fighting,hunting,-2.65118408203125,-0.010506957769393921,6
fighting,watching,-1.384368896484375,0.46396780014038086,6
fighting,working,-0.6419353485107422,-0.10056670010089874,6
fills,fills,-5.264072418212891,0.1798277497291565,6
find,seek,-0.06273460388183594,0.4427815079689026,6
fish,hunt,-6.943109512329102,-0.10275284945964813,6
fish,insects,11.193359375,0.31773555278778076,6
fish,loaves,8.8095703125,-0.3517579436302185,6
fish,plant,-0.2578125,0.2733844816684723,6
fish,squid,-9.776756286621094,0.16044826805591583,6
fish,vegetables,3.1845703125,-0.19743232429027557,6
flamingoes,mustard,-4.68310546875,0.41881895065307617,6
flatly,instantly,-6.93798828125,0.5080915689468384,6
flew,flew,5.971710205078125,0.1798277497291565,6
flew,fluttered,0.06703948974609375,-0.35555630922317505,6
flexible,flexuous,-0.51171875,0.08630281686782837,6
flexible,slender,1.61328125,0.318297415971756,6
flowers,gardens,0.5064239501953125,-0.07690666615962982,6
flowers,insects,4.635743141174316,0.38284897804260254,6
flowers,streamers,1.68701171875,-0.48102205991744995,6
flowers,vegetables,6.0029296875,0.2030181884765625,6
flowers,wines,-2.8388671875,-0.0379776805639267,6
fluttered,fluttered,8.983154296875,0.1798277497291565,6
fonder,fonder,1.9281437397003174,0.1798277497291565,6
fox,geese,-3.3808517456054688,-0.03611902892589569,6
frequent,prolonged,1.8603515625,0.3000826835632324,6
friends,lovers,3.6458568572998047,-0.060023173689842224,6
friends,owners,-1.35986328125,0.4113290309906006,6
frightened,pale,2.1953125,-0.19471560418605804,6
frightened,unmanageable,-1.1217079162597656,0.2888180613517761,6
frightened,wondering,-7.13037109375,0.02632632851600647,6
fruitful,important,0.98046875,0.05075901746749878,6
ganders,geese,-6.412109375,0.3883409798145294,6
gentleness,kindliness,-1.158203125,0.1299249827861786,6
gentleness,magnanimity,6.24560546875,0.08014790713787079,6
geocaching,letterboxing,-3.438692092895508,0.003800109028816223,6
geography,religious,1.83367919921875,-0.017485111951828003,6
gestures,sounds,7.884765625,0.18508583307266235,6
gestures,swipes,5.943653106689453,0.2539479732513428,6
gigglings,whisperings,4.564453125,-0.05257652699947357,6
gladness,refreshment,5.87109375,-0.3801364302635193,6
going,going,-7.899658203125,0.1798277497291565,6
going,motivated,8.46484375,0.40699851512908936,6
grace,majesty,-1.8841819763183594,-0.15645267069339752,6
grace,swiftness,-1.3050537109375,-0.019330143928527832,6
grace,truth,6.441371917724609,0.23257450759410858,6
grace,virulence,-9.4698486328125,0.009282186627388,6
gratin,pasta,-8.771484375,-0.14068974554538727,6
gravity,silence,-2.298828125,0.030113786458969116,6
gravity,years,-8.412139892578125,0.2066313475370407,6
grease,paint,-11.305635452270508,0.28078001737594604,6
greater,greater,-4.8249359130859375,0.1798277497291565,6
greater,new,0.9532299041748047,0.13451188802719116,6
greater,stronger,3.5328407287597656,-0.09590791165828705,6
greatest,strongest,0.34012508392333984,0.038882285356521606,6
grim,rocky,5.4832763671875,0.24969497323036194,6
grim,tense,9.943359375,0.22595049440860748,6
grim,ugly,-7.6396484375,-0.08740206062793732,6
grizzled,sparse,1.674896240234375,0.09206867218017578,6
groaned,swayed,-11.1898193359375,-0.7619708776473999,6
gross,wiggly,-5.03125,0.7737701535224915,6
grumpy,religious,0.0,-0.1970072239637375,6
guarded,locked,1.3232421875,0.3400309085845947,6
guarded,protective,1.3762989044189453,0.40843814611434937,6
guarded,suspicious,-3.1328201293945312,0.18575115501880646,6
guns,rockets,-2.921875,0.2656307816505432,6
guns,shades,-6.7139892578125,-0.2611941695213318,6
guns,ships,-1.6880512237548828,0.3193095624446869,6
guns,sticks,5.709266662597656,0.4231759309768677,6
halloaed,shouted,-3.6005859375,0.09408999979496002,6
hallucinations,paralysis,-4.1826171875,0.1309470236301422,6
hammers,iron,1.28857421875,-0.17670856416225433,6
handy,new,-3.79541015625,0.07535095512866974,6
handy,strong,-0.853515625,0.035713449120521545,6
harassed,pale,-0.72265625,0.412911057472229,6
harmonic,rhythmic,-2.49365234375,0.12781205773353577,6
hateful,mean,-2.390625,0.00027976930141448975,6
hatred,jealousy,1.16558837890625,0.13226935267448425,6
heir,son,8.45782470703125,0.7214033007621765,6
help,hold,0.029442787170410156,0.20936672389507294,6
help,shelter,5.080078125,-0.1241246908903122,6
help,stay,0.421875,0.34919148683547974,6
hide,seek,-15.63671875,0.20766443014144897,6
hiding,watching,-0.2099609375,0.45157647132873535,6
high,intermediate,-6.389404296875,-0.5063449740409851,6
high,rocky,-0.26708984375,0.09418340772390366,6
high,shrill,-0.04736328125,0.09211695939302444,6
high,strong,0.2283935546875,-0.2199959009885788,6
high,tight,-3.99853515625,0.005622416734695435,6
high,tower,-2.90380859375,0.5684627890586853,6
hoarser,rougher,4.967559814453125,0.3538537621498108,6
hockey,soccer,3.2685699462890625,0.30878835916519165,6
hold,pull,2.7682647705078125,0.3993082344532013,6
honesty,truth,5.0078125,0.16572308540344238,6
honeyeater,thornbill,-8.982421875,0.1680239588022232,6
hostility,intolerance,5.6533203125,0.35276833176612854,6
house,trance,-2.158203125,-0.10191477835178375,6
howled,howled,1.8249893188476562,0.1798277497291565,6
howled,shouted,0.5448837280273438,0.5529820322990417,6
howled,whined,0.0,0.16457411646842957,6
humans,pigs,-4.79736328125,0.16143041849136353,6
humans,spirits,2.19921875,-0.0038224607706069946,6
humiliation,rejection,-0.24609375,-0.13568831980228424,6
hums,plays,4.703125,-0.11735515296459198,6
hums,writes,-1.53662109375,0.3736690878868103,6
hungrier,hungrier,-7.30078125,0.1798277497291565,6
hunt,sport,-2.892333984375,0.18209737539291382,6
hunt,transform,-0.3577880859375,0.19763757288455963,6
images,sounds,6.798828125,0.3452104330062866,6
impertinent,troublesome,3.74639892578125,-0.364490270614624,6
impertinent,ugly,-5.3212890625,0.24769245088100433,6
import,sale,2.625,0.27810436487197876,6
important,new,-1.31553316116333,0.5395869612693787,6
important,unpleasant,4.109375,-0.028649792075157166,6
impotent,indecisive,-1.0363746881484985,0.34821924567222595,6
independence,triumph,0.25011444091796875,0.01487758755683899,6
industries,mines,0.6796875,0.17592757940292358,6
infertile,rocky,1.72198486328125,0.1594092845916748,6
inflamed,swollen,-9.502983093261719,0.12974445521831512,6
innocence,truth,-0.927978515625,-0.20303712785243988,6
instantly,neatly,-4.4345703125,-0.31060463190078735,6
instrumental,religious,-0.624267578125,-0.041740402579307556,6
invasions,troubles,-3.5859375,0.27228525280952454,6
iron,rock,-1.43994140625,0.4560164213180542,6
iron,vitamins,10.013885498046875,0.22588284313678741,6
ironic,tragic,-2.2005772590637207,0.338400661945343,6
iy,wonderful,5.4462890625,-0.09982864558696747,6
jealousies,troubles,-0.2490234375,0.22936807572841644,6
judicial,legal,0.1281280517578125,0.3192151188850403,6
labour,plant,7.107025146484375,0.510392963886261,6
lagged,lagged,7.34228515625,0.1798277497291565,6
lake,river,5.7579345703125,-0.1054592877626419,6
languid,pale,-0.8185746669769287,-0.07828734815120697,6
lazy,somnolent,14.03515625,-0.03308473527431488,6
legal,political,-4.7896728515625,-0.28599458932876587,6
legal,regulatory,0.26343774795532227,-0.15283425152301788,6
legal,religious,3.28521728515625,0.2425430417060852,6
ligaments,muscles,2.310415267944336,0.18640556931495667,6
linguistic,religious,0.55078125,-0.6017080545425415,6
lively,new,-9.733810424804688,0.27231720089912415,6
lively,tight,-2.467864990234375,0.3323022425174713,6
living,shop,2.287109375,0.4650002717971802,6
living,working,8.608846664428711,0.1453665792942047,6
locked,strong,2.130615234375,-0.0226147323846817,6
loyalty,truth,-2.201171875,0.003703862428665161,6
manipulated,tricked,-0.5322265625,0.03975383937358856,6
materials,objects,-2.51953125,-0.060695186257362366,6
mayo,mustard,7.0234375,-0.2161511331796646,6
meal,vegetables,8.267237663269043,0.35671770572662354,6
mean,nasty,-4.720703125,0.22468069195747375,6
mean,ugly,0.064453125,0.1427551656961441,6
melodious,strong,-6.5985107421875,0.2931784987449646,6
merrily,swiftly,-0.4931640625,-0.39513516426086426,6
military,political,-0.9921875,0.2150428146123886,6
military,politics,-4.2314453125,0.2786485552787781,6
military,religious,1.7165508270263672,0.33887022733688354,6
military,space,-3.783893585205078,0.7539266347885132,6
mines,quarries,2.3115310668945312,-0.18804030120372772,6
mines,torpedoes,1.822265625,0.2562576234340668,6
months,months,10.2476806640625,0.1798277497291565,6
months,years,-5.0892333984375,0.2458733767271042,6
mummy,mummy,2.5810546875,0.1798277497291565,6
murdered,skinned,8.442794799804688,-0.18729715049266815,6
narcissism,narcissism,-1.846552848815918,0.1798277497291565,6
nasty,ugly,3.244537353515625,0.027477100491523743,6
nasty,unpleasant,2.352020263671875,-0.06638012826442719,6
national,political,4.7568359375,0.18985572457313538,6
national,regional,-1.02734375,-0.17317567765712738,6
national,religious,5.46923828125,-0.4504324793815613,6
neatly,swiftly,-0.6015625,0.18289446830749512,6
neoendemism,paleoendemism,-3.168212890625,0.22757111489772797,6
never,off,-0.224609375,0.4760790467262268,6
new,pioneering,-0.890869140625,-0.1174449771642685,6
new,precious,-2.2421875,0.10306133329868317,6
new,strong,2.51641845703125,-0.47311896085739136,6
new,successful,-2.8554697036743164,0.15569011867046356,6
new,ugly,-5.861328125,0.8628890514373779,6
new,unusual,-0.975341796875,0.6652161478996277,6
new,wonderful,-1.84375,0.015752509236335754,6
nobles,princes,-13.896007537841797,0.6935902237892151,6
nodded,swayed,-3.3387184143066406,-0.19755028188228607,6
north,south,5.89453125,0.417959988117218,6
novelized,sung,6.9326171875,0.38935720920562744,6
numbness,tingling,6.96990966796875,0.11868060380220413,6
ober,ober,-2.5899710655212402,0.1798277497291565,6
oppressive,unpleasant,8.674930572509766,0.33317726850509644,6
oracular,sacred,-8.731842041015625,-0.11193479597568512,6
organization,rank,-0.30712890625,0.5338615775108337,6
ounces,ounces,-1.3134765625,0.1798277497291565,6
owl,raven,-1.1259775161743164,0.7728002071380615,6
packing,riding,7.36328125,0.04899357259273529,6
paint,paint,-8.1064453125,0.1798277497291565,6
painting,poetry,3.404296875,0.2085961401462555,6
pale,sickly,-1.64453125,0.26114964485168457,6
pale,veiny,-0.963134765625,-0.10395734012126923,6
pant,stand,-1.8781838417053223,0.18417051434516907,6
parliamentary,political,-3.2142333984375,0.15018169581890106,6
parliamentary,presidential,9.841796875,0.2840794026851654,6
passwords,usernames,-7.0244140625,0.26364174485206604,6
penniless,ugly,5.112087249755859,0.11725881695747375,6
perch,suckers,0.8910895586013794,0.31750941276550293,6
perplexity,trouble,2.18157958984375,-0.10492850840091705,6
plant,sow,-9.501953125,0.13264290988445282,6
plaques,tangles,-0.8341717720031738,0.06556655466556549,6
plasters,weights,-2.12322998046875,0.7587155699729919,6
plates,spoons,3.099609375,0.15816794335842133,6
plates,utensils,-8.17158317565918,-0.1256769448518753,6
plays,poetry,-6.8203125,0.32501187920570374,6
poetry,sports,-3.04156494140625,0.21716223657131195,6
poetry,wit,-4.7743072509765625,0.3815616965293884,6
poke,pull,-0.4462890625,0.449127733707428,6
political,political,2.0185546875,0.1798277497291565,6
political,religious,-0.02294921875,-0.2377997189760208,6
pray,wait,-2.22637939453125,-0.09002508223056793,6
precious,round,-4.849135398864746,0.2481498271226883,6
pressors,volume,9.95166015625,0.5700460076332092,6
profitable,reasonable,11.964599609375,0.14977872371673584,6
prolonged,searching,0.30078125,0.6518078446388245,6
pronunciation,tones,0.849609375,-0.10819713771343231,6
protective,strong,-7.28369140625,0.09026160836219788,6
prussian,russian,-2.966796875,-0.15729396045207977,6
publish,write,-0.98828125,0.2780841290950775,6
pumping,pumping,-2.682647705078125,0.1798277497291565,6
pushed,pushed,-1.0469551086425781,0.1798277497291565,6
ranks,species,-3.0703125,0.7104246020317078,6
recharged,reused,-0.6197509765625,0.06876273453235626,6
reefed,stowed,6.8447265625,-0.017285332083702087,6
refreshment,repose,3.064697265625,0.20431852340698242,6
regional,school,3.1634521484375,0.5303969383239746,6
religious,sports,-2.80078125,0.08447490632534027,6
remarried,reneged,-2.6873016357421875,0.20102429389953613,6
repose,shelter,3.25274658203125,-0.0839143842458725,6
rescue,search,2.0738372802734375,0.022756114602088928,6
resting,working,4.64453125,-0.020568013191223145,6
rhythmic,symmetrical,14.053390502929688,-0.4716153144836426,6
rings,sounds,6.3671875,0.7109095454216003,6
rise,spring,-12.693206787109375,-0.16101549565792084,6
rites,symbolisms,-0.53765869140625,0.012660816311836243,6
rock,soil,0.73828125,-0.6302642822265625,6
rock,thicket,-5.835205078125,-0.09452353417873383,6
rocky,tangled,4.283447265625,0.22033119201660156,6
rolls,rolls,0.9375,0.1798277497291565,6
rooms,rooms,-1.60565185546875,0.1798277497291565,6
round,round,-1.0311279296875,0.1798277497291565,6
round,strong,4.963720321655273,-0.565836489200592,6
rounder,rounder,2.4490737915039062,0.1798277497291565,6
rubber,wool,1.458984375,-0.0010448694229125977,6
russian,swedish,1.23443603515625,0.3364216685295105,6
russian,yiddish,3.49609375,-0.2459256500005722,6
sacred,secret,1.259765625,0.5282917022705078,6
sagacity,wit,-0.6771240234375,0.4561978578567505,6
savages,unintelligent,-1.7611198425292969,-0.052130237221717834,6
sea,shore,1.5390625,-0.1774137169122696,6
searched,searched,0.040283203125,0.1798277497291565,6
searching,searching,4.261960983276367,0.1798277497291565,6
secret,wrong,-0.025390625,0.4389238953590393,6
seeded,unseeded,-6.33544921875,0.4311872720718384,6
ships,shore,-3.279296875,-0.6464323997497559,6
ships,troops,-2.45849609375,-0.3275046944618225,6
shook,shook,8.615230560302734,0.1798277497291565,6
shopping,sunbathing,7.805141448974609,-0.03517182171344757,6
shrank,swelled,-8.443359375,-0.024182721972465515,6
shrill,unpleasant,-1.5907096862792969,-0.16379086673259735,6
silence,solitude,1.4457368850708008,0.31163257360458374,6
silk,tea,2.6396484375,0.1323811113834381,6
sinks,toilets,-6.26953125,0.10090132802724838,6
slept,slept,-2.337890625,0.1798277497291565,6
soaked,swollen,5.26007080078125,0.283277690410614,6
somewhat,thoroughly,4.8262939453125,0.4309525489807129,6
sounds,sounds,-0.44140625,0.1798277497291565,6
south,south,5.592617034912109,0.1798277497291565,6
sprightly,strong,-1.4305229187011719,-0.1304096132516861,6
squatting,thrusting,13.09552001953125,0.906931459903717,6
stand,stand,5.31939697265625,0.1798277497291565,6
stand,wait,-2.0594482421875,0.2540680170059204,6
stately,strong,1.0732402801513672,0.09547034651041031,6
stay,stay,-0.6611328125,0.1798277497291565,6
stay,think,2.208984375,0.11269022524356842,6
stops,thinks,-7.70703125,0.20498310029506683,6
streets,streets,-13.945104598999023,0.1798277497291565,6
strong,successful,4.204570770263672,0.452359139919281,6
strong,swift,7.431640625,-0.2994999885559082,6
strong,tight,2.005859375,0.37473738193511963,6
strong,tyrannous,10.6832275390625,0.3046298921108246,6
strong,unusual,-4.2275390625,-0.31953126192092896,6
stronger,stronger,12.187225341796875,0.1798277497291565,6
sullenly,unwillingly,-1.4161224365234375,-0.060005173087120056,6
sunsets,tea,-0.4802083969116211,0.3002610206604004,6
suspicious,wondering,-1.33868408203125,0.585004448890686,6
sympathize,understand,2.04681396484375,0.17326152324676514,6
think,think,4.3154296875,0.1798277497291565,6
think,wait,-10.275390625,-0.007064118981361389,6
thoroughly,vigorously,7.893402099609375,0.08365747332572937,6
trial,tribulations,0.634765625,0.3206624388694763,6
trial,trouble,-6.57269287109375,-0.02198132872581482,6
turkey,vegetables,-3.279296875,0.5812695622444153,6
turn,turn,11.647602081298828,0.1798277497291565,6
twos,twos,-4.826171875,0.1798277497291565,6
uglier,uglier,1.5185546875,0.1798277497291565,6
understand,write,-2.50390625,-0.4037732481956482,6
unhumanized,untamed,-2.681640625,0.41043341159820557,6
unknowable,unknown,1.65625,0.15622174739837646,6
vigorously,wrong,8.001190185546875,0.7196555733680725,6
wait,wait,0.954864501953125,0.1798277497291565,6
waking,watching,9.162109375,0.2428111433982849,6
weights,widths,8.639043807983398,-0.2561677098274231,6
wondering,wondering,5.045654296875,0.1798277497291565,6
working,working,-1.1025390625,0.1798277497291565,6
years,years,-0.0078125,0.1798277497291565,6
abandoned,old,-5.723358154296875,0.18743836879730225,7
acres,acres,-6.29296875,0.1695016622543335,7
activity,eagerness,-1.41961669921875,0.36488577723503113,7
activity,life,-6.7664794921875,0.16464278101921082,7
addiction,overdose,4.021484375,0.03062044084072113,7
adult,child,0.0,0.7409151792526245,7
adult,children,-1.5517578125,0.11033443361520767,7
advanced,brightened,-0.81890869140625,-0.0915483683347702,7
advertising,marketing,-5.1005859375,0.6768527626991272,7
agony,fear,-2.314697265625,0.3972179889678955,7
air,light,-8.75390625,0.07116231322288513,7
algerian,moroccan,4.96875,-0.7157468795776367,7
aloes,euphorbias,5.07861328125,0.2871193289756775,7
ambitious,worldly,0.2415618896484375,0.1870821714401245,7
ammunition,bombs,5.1316680908203125,0.3378605246543884,7
ammunition,weapons,4.9052734375,0.10431846976280212,7
ammunitions,weapons,2.4520263671875,0.1254197061061859,7
amuse,interest,-2.48583984375,0.41770219802856445,7
anatomy,morphology,3.751953125,-0.05180582404136658,7
antisemitic,nationalist,8.62054443359375,0.22081375122070312,7
anus,urogenital,-3.8010292053222656,-0.12408451735973358,7
asked,blushed,-3.0322265625,-0.07245142757892609,7
assault,robbery,0.1717529296875,0.22966155409812927,7
assured,final,5.6015625,0.4105615019798279,7
attentively,gravely,3.000582218170166,0.29905542731285095,7
autos,carriages,-7.0478515625,0.09780987352132797,7
bags,purses,-5.918701171875,0.18756648898124695,7
balanced,benign,2.591796875,-0.11298473179340363,7
ballets,operas,-2.08001708984375,-0.11373560130596161,7
barriers,queries,0.0,0.04787532985210419,7
bearer,flag,2.5756192207336426,0.029376134276390076,7
bedraggled,desperate,5.380615234375,0.2734938859939575,7
bedraggled,soiled,7.52655029296875,0.08628828078508377,7
belgian,dutch,1.1953125,0.40929001569747925,7
belgian,moroccan,-5.6109619140625,0.39575910568237305,7
bent,cramped,-2.40277099609375,0.34245240688323975,7
bent,old,-4.217964172363281,0.2319699078798294,7
bent,worn,-4.3037109375,0.22365300357341766,7
billeting,orientation,0.942138671875,0.20075184106826782,7
biology,genetics,-0.3076171875,0.04305863380432129,7
bittersweet,milk,7.4296875,0.06840431690216064,7
blabbing,tattling,-8.780660629272461,-0.12439428269863129,7
blind,cruel,4.911568641662598,0.4469301104545593,7
blind,helpless,-6.259765625,0.25459975004196167,7
blind,old,-0.582763671875,0.7236940264701843,7
blind,vague,-4.95068359375,-0.063651442527771,7
bloating,pain,-7.349958419799805,0.32455772161483765,7
blossoms,herbs,0.0,0.34238311648368835,7
blowing,blowing,3.8734130859375,0.1695016622543335,7
blowing,spitting,-6.966396331787109,-0.17523302137851715,7
blustering,rollicking,3.4140625,-0.2689233422279358,7
blustering,wild,11.745399475097656,-0.11560453474521637,7
boast,brag,-1.3701412677764893,0.07214001566171646,7
bombs,revolution,-5.61328125,0.04658402502536774,7
bombs,rowdies,-1.2160186767578125,0.027908116579055786,7
bombs,weapons,2.9713134765625,0.15395039319992065,7
bones,flesh,1.09814453125,0.09383045136928558,7
bones,organs,-2.89532470703125,-0.33743762969970703,7
bones,skeleton,0.74017333984375,-0.21340312063694,7
bones,skin,0.142578125,0.1253519058227539,7
bows,buckles,0.0,0.08447365462779999,7
bragged,bragged,-2.5443115234375,0.1695016622543335,7
bribery,extortion,1.1996917724609375,0.2864875793457031,7
bribery,promises,5.681529998779297,0.2024235725402832,7
bribes,promises,2.82421875,0.3172663450241089,7
brisk,light,-4.1668701171875,0.10999397188425064,7
bromides,iodides,6.4234619140625,-0.11080817878246307,7
bronchitis,scabies,0.9844472408294678,0.2481970638036728,7
brush,grass,-3.09930419921875,-0.010160565376281738,7
brush,poles,0.12890625,-0.27893608808517456,7
bucked,roared,-7.5953369140625,0.041280269622802734,7
bulletproof,tactical,9.345703125,-0.016247063875198364,7
bushels,bushels,-0.49390411376953125,0.1695016622543335,7
bushes,grass,2.92578125,0.2672789692878723,7
bushes,thorns,-2.14556884765625,-0.08611752092838287,7
businesses,citizens,-7.13671875,0.2796388864517212,7
businesses,colonies,7.757570266723633,-0.23931552469730377,7
businesses,properties,-6.35498046875,0.3680301308631897,7
butlers,sex,-8.390625,0.30093854665756226,7
calculated,deliberate,-6.0507659912109375,0.1527019441127777,7
calm,deadly,3.04248046875,0.24361658096313477,7
calm,delightful,-5.224609375,0.31074434518814087,7
calm,light,-0.15547943115234375,0.07691417634487152,7
calm,quiet,-5.8427734375,0.2575492858886719,7
calm,sedate,-4.90673828125,-0.1184375137090683,7
calm,stability,-1.7538604736328125,0.023867353796958923,7
calm,sunshine,2.578125,0.16328641772270203,7
canons,statutes,0.83984375,0.31221693754196167,7
carefulness,indifference,-3.7698845863342285,-0.0814894288778305,7
carriages,motorcars,-8.638397216796875,0.19737015664577484,7
cart,harness,0.5824588537216187,0.19802609086036682,7
cases,casks,-3.3158721923828125,0.31642502546310425,7
cases,complaints,-1.9892578125,0.39709240198135376,7
cases,presses,5.4853515625,-0.0976465493440628,7
caught,kept,-1.763671875,0.16449856758117676,7
celebrate,drink,2.828125,0.17238621413707733,7
central,large,1.452880859375,0.24501962959766388,7
charabancs,charabancs,-8.26123046875,0.1695016622543335,7
cheapest,easiest,-3.6953125,0.32934069633483887,7
chess,rugby,-6.404052734375,0.21586830914020538,7
child,child,3.3896484375,0.1695016622543335,7
children,gum,-6.33660888671875,-0.14236797392368317,7
children,hens,-8.01141357421875,-0.0778534859418869,7
children,ladies,-2.5194091796875,-0.06805309653282166,7
children,milk,6.829620361328125,0.19183868169784546,7
children,pensioners,0.921875,-0.24850909411907196,7
children,substitute,-1.7537384033203125,0.34547531604766846,7
citizens,musicians,3.673095703125,0.41294750571250916,7
citronellol,geraniol,0.21044921875,-0.046383410692214966,7
civilians,warriors,-4.291717529296875,0.3918560743331909,7
clapped,clapped,1.111328125,0.1695016622543335,7
clapped,roared,3.3671875,0.11379323899745941,7
claws,legs,-8.277299880981445,0.5178032517433167,7
clinopyroxene,nepheline,-2.408203125,0.1340865194797516,7
clues,criminals,0.8092041015625,0.09606806188821793,7
clues,maps,-6.53955078125,0.2237519770860672,7
cockroackes,temites,-8.1494140625,0.21845567226409912,7
collectors,museums,1.4490966796875,0.6516847014427185,7
concentrated,deliberate,-8.590797424316406,-0.004357233643531799,7
cones,tapes,-4.6416015625,0.04906809329986572,7
confined,insane,9.568305969238281,0.08285434544086456,7
connoisseurs,ladies,-3.43359375,0.44909554719924927,7
contamination,pollution,-5.3525390625,0.008764073252677917,7
contradictory,vague,-1.283203125,0.12258443236351013,7
convenient,large,-0.8779296875,-0.004481106996536255,7
convenient,serious,2.42547607421875,0.19064314663410187,7
copied,remembered,-6.2109375,0.04642702639102936,7
cornflakes,milk,-0.29395294189453125,0.08395316451787949,7
courageous,old,-7.015380859375,-0.0065339356660842896,7
cower,shrink,-4.869009017944336,0.08015589416027069,7
crackled,glowed,3.685546875,0.24110056459903717,7
crackled,roared,2.496917724609375,0.44710689783096313,7
crashing,crashing,4.32568359375,0.1695016622543335,7
crashing,thudding,3.0331015586853027,0.42339009046554565,7
creepy,impressive,7.4893798828125,0.43549686670303345,7
crime,drugs,-1.491455078125,0.22236695885658264,7
crime,sex,2.896209716796875,0.4389892816543579,7
criminality,hardship,1.02734375,-0.019432365894317627,7
criminals,dungeons,6.179473876953125,-0.03621499240398407,7
criminals,thieves,2.66796875,0.26798927783966064,7
criminals,vagabonds,-5.1361083984375,0.0073533207178115845,7
crops,harvest,-0.2084503173828125,0.07519733905792236,7
crops,properties,-0.8083267211914062,0.3801567852497101,7
crossness,meddling,-11.900390625,0.1470094621181488,7
cruel,disastrous,-4.71875,0.19442367553710938,7
cruel,envious,-5.46728515625,0.03327225148677826,7
cruel,inconceivable,2.09765625,0.030208483338356018,7
cruel,paranoid,8.68359375,-0.31981098651885986,7
cruel,stormy,2.2374935150146484,0.28313156962394714,7
cruel,wasteful,-4.4384765625,0.30107736587524414,7
cruel,wild,2.86346435546875,0.06843888014554977,7
curiosity,eagerness,1.857421875,0.25613677501678467,7
curiosity,interest,-0.28729248046875,0.43763530254364014,7
curiosity,pain,-9.8858642578125,0.19277051091194153,7
currently,formerly,-2.070474624633789,0.24266889691352844,7
curtsy,smile,4.74267578125,0.10082007199525833,7
dainty,particular,-0.4852447509765625,-0.0806230753660202,7
dainty,soft,4.2539215087890625,0.38965433835983276,7
danced,sang,0.09765625,0.16982567310333252,7
deliberate,mock,4.3515625,0.142059326171875,7
deliberated,sat,5.212890625,-0.12932340800762177,7
delightful,generous,2.400390625,-0.02155601978302002,7
delightful,quiet,-12.5546875,-0.14634846150875092,7
deliverance,guidance,3.6494140625,-0.04503390192985535,7
demandingly,harshly,8.039047241210938,-0.10937215387821198,7
democracy,socialism,2.376953125,-0.24179966747760773,7
dental,vision,9.1787109375,0.061487093567848206,7
depressed,quiet,-5.9666748046875,0.291535347700119,7
depressed,uneasy,1.50946044921875,0.19592316448688507,7
desolation,woe,-0.6806640625,0.3688299059867859,7
despatch,ease,10.158203125,-0.0008590072393417358,7
desperate,disorganized,10.16015625,0.11033239960670471,7
destiny,life,-7.970703125,0.3994542956352234,7
destiny,vision,-5.5919189453125,-0.22820068895816803,7
dialogues,fugues,-3.582305908203125,-0.04549647867679596,7
differences,resemblances,-3.009765625,0.2502962350845337,7
differences,variations,-4.218967437744141,0.2516111135482788,7
discovered,mined,0.1670989990234375,0.3332507610321045,7
discussions,meetings,1.0365219116210938,0.2213744819164276,7
diseases,genetics,2.2843017578125,0.02557063102722168,7
diseases,viruses,5.738525390625,0.07595331221818924,7
disheveled,wild,-0.431640625,0.22846189141273499,7
displayed,stored,-2.921875,0.13314872980117798,7
displays,exhibits,-3.7110891342163086,0.3188396990299225,7
dissolute,idle,-0.783203125,-0.13801057636737823,7
distributed,versioned,-13.31689453125,0.3900353014469147,7
drama,satirical,-1.3946914672851562,-0.1779254525899887,7
dread,eagerness,6.3074951171875,0.05373774468898773,7
dread,fear,-6.430084228515625,-0.052419766783714294,7
dreamless,drugged,-0.0859375,-0.19081659615039825,7
dress,jewellery,3.591552734375,-0.07735545933246613,7
dress,talk,-3.328857421875,0.050654903054237366,7
dress,towel,1.682856559753418,-0.14160580933094025,7
drink,drugs,2.751953125,0.1292952299118042,7
drink,sail,-1.19140625,-0.006586700677871704,7
drink,smile,-5.81396484375,0.31824028491973877,7
drink,talk,1.7119140625,-0.3248993158340454,7
driven,tugged,-1.7768535614013672,0.1495198905467987,7
drugs,homelessness,3.3125,0.2869828939437866,7
drugs,sex,6.7439727783203125,0.014967173337936401,7
drugs,weapons,-3.19921875,0.1281578093767166,7
duck,squash,0.64501953125,0.6946355700492859,7
dutch,english,0.28857421875,0.3225177526473999,7
eachother,nature,-13.4580078125,-0.4156913161277771,7
eagerness,exultation,-2.546875,0.20826055109500885,7
eagerness,regret,-2.5108673572540283,0.5127469897270203,7
earthquakes,tornadoes,0.76318359375,0.06271567940711975,7
earthquakes,volcanoes,-1.0201416015625,0.04712389409542084,7
ease,quiet,-0.28778076171875,-0.04439404606819153,7
economic,environmental,-0.6074066162109375,0.052168384194374084,7
editing,writing,-3.234375,0.2110287845134735,7
egoistic,inflexible,6.6484375,0.2721112370491028,7
enabling,enabling,2.5693359375,0.1695016622543335,7
engineers,physicists,-11.81170654296875,-0.08569858968257904,7
english,italian,4.718505859375,0.1257506161928177,7
epilepsy,schizophrenia,-2.6708984375,0.21435299515724182,7
erm,fertile,-7.421875,0.10971899330615997,7
erm,revolution,-3.8376312255859375,-0.4766967296600342,7
erm,talk,-3.337890625,0.18108482658863068,7
erm,weight,-5.654296875,0.3033601641654968,7
ever,ever,-1.25,0.1695016622543335,7
ever,forever,-8.259765625,0.1332491636276245,7
evildoers,murderers,-1.4541015625,-0.07505808770656586,7
excited,hysterical,5.12347412109375,-0.06966803967952728,7
excited,irritable,5.98828125,0.0852622464299202,7
excited,large,0.037109375,0.2525041401386261,7
excited,pleased,-1.772705078125,0.5751400589942932,7
excited,wild,14.833984375,0.17714965343475342,7
excited,wise,-10.33676528930664,-0.09401066601276398,7
exhibits,papers,-7.92919921875,0.1675388216972351,7
exhibits,sales,2.587890625,0.12734204530715942,7
experienced,old,-5.6953125,0.24540317058563232,7
experienced,wise,-4.4990234375,0.5010949373245239,7
expression,feeling,-3.0859375,0.09540603309869766,7
expression,spirit,2.521484375,-0.05079609155654907,7
extravagant,wasteful,1.5869140625,0.4972888231277466,7
fear,fury,2.9130859375,-0.27091437578201294,7
fear,indignation,5.55126953125,0.08223263174295425,7
fear,pain,-5.720703125,0.28421908617019653,7
feathered,furry,6.8720245361328125,0.24148353934288025,7
feeling,life,-1.8515625,0.41168105602264404,7
fertile,populous,-1.543212890625,0.6301106810569763,7
final,forth,-1.759765625,0.46486473083496094,7
final,fourth,-5.24822998046875,0.4026128053665161,7
flag,streamer,-0.43701171875,0.40712496638298035,7
flat,large,3.84326171875,0.20997564494609833,7
flat,sandy,6.906684875488281,-0.2538614273071289,7
flesh,flesh,-1.4921875,0.1695016622543335,7
fluorescence,ionization,0.8958358764648438,0.1933841109275818,7
folktales,legends,-1.2049713134765625,0.11881071329116821,7
forever,forever,4.07666015625,0.1695016622543335,7
forever,once,-1.158203125,0.0062286704778671265,7
formality,legality,6.71875,0.1842978596687317,7
fourth,only,10.880859375,-0.1436736136674881,7
fructose,glucose,-0.5886077880859375,0.053790152072906494,7
fuller,fuller,-5.11328125,0.1695016622543335,7
fuller,higher,1.09088134765625,-0.027842387557029724,7
furry,soft,-2.67913818359375,0.015763849020004272,7
fury,pain,-3.724609375,0.5004627108573914,7
fury,sound,-6.833984375,0.5256209969520569,7
garrulous,italian,5.715487003326416,0.18422718346118927,7
generous,large,-2.421217441558838,0.34743940830230713,7
generous,sportsmanlike,2.1796875,0.641169011592865,7
generous,virtuous,7.810371398925781,0.09452925622463226,7
gin,sex,-0.56158447265625,-0.06823232769966125,7
glad,lightsome,-6.90771484375,-0.4223092198371887,7
globalisation,imperialism,-0.54296875,0.06125324219465256,7
globalisation,industrialisation,7.323112487792969,-0.2864605188369751,7
gradually,irregularly,-11.585128784179688,-0.08769960701465607,7
grammar,words,0.9143238067626953,0.045512810349464417,7
grass,hay,-0.102783203125,0.14248280227184296,7
grasses,herbs,5.0615234375,0.2022494524717331,7
grasses,sedges,-0.7944793701171875,0.44703447818756104,7
grit,spirit,-0.278961181640625,0.05008576810359955,7
growling,growling,1.6708984375,0.1695016622543335,7
growling,grunting,4.955125331878662,0.25350555777549744,7
growling,snarling,-4.0345458984375,-0.08415289223194122,7
growly,raspy,-1.822265625,-0.09560425579547882,7
grunting,straining,0.5712890625,0.13607682287693024,7
grunts,shouts,-7.92529296875,0.21415619552135468,7
grunts,sighs,-4.1490478515625,0.31477880477905273,7
guitar,keyboards,-2.92578125,0.27201521396636963,7
habit,instinct,5.036090850830078,0.2394619882106781,7
hacking,stealing,-3.4923095703125,0.5100691318511963,7
hardship,pain,-4.219141006469727,0.22021852433681488,7
harshly,unjustly,-2.42626953125,0.3200870752334595,7
haughty,imperious,0.140625,-0.1134776920080185,7
haughty,pompous,2.931640625,0.3487996459007263,7
healthcare,hospitals,2.21875,0.06038663536310196,7
hear,obey,1.1707763671875,0.09167248010635376,7
hear,talk,-15.003052711486816,-0.18723566830158234,7
helpless,ignorant,1.4452323913574219,0.1044403463602066,7
herbs,perfumes,-4.271484375,0.4628950357437134,7
higher,higher,-1.681640625,0.1695016622543335,7
higher,hotter,-2.671875,-0.026204466819763184,7
hoed,hoed,-2.96875,0.1695016622543335,7
hospitals,hostels,-4.7714080810546875,0.2505107522010803,7
hotter,hotter,-4.504638671875,0.1695016622543335,7
hovels,palaces,-5.0869140625,0.35635989904403687,7
huge,influential,-1.587839126586914,0.06118188798427582,7
huge,unexpected,3.978515625,0.17611388862133026,7
humor,spirit,-0.546875,0.1438516527414322,7
humor,words,-0.45947265625,-0.017417877912521362,7
hurrahs,shouts,-2.55859375,0.3807368278503418,7
hurried,unconnected,-0.7633819580078125,0.014665663242340088,7
idle,ignorant,8.421875,0.01475079357624054,7
ignorant,laughable,-2.958984375,0.2600404620170593,7
ignorant,wild,0.268798828125,0.16369138658046722,7
inclusive,pragmatic,-1.4015350341796875,0.09731575101613998,7
indirect,vague,3.9052734375,0.28718119859695435,7
individual,mine,-0.53515625,0.34749263525009155,7
influential,large,-0.2524986267089844,0.10342433303594589,7
insinuating,soft,-7.702392578125,0.19019180536270142,7
instruments,themes,2.041015625,-0.04982176423072815,7
interest,life,8.953125,-0.12175042927265167,7
iranian,islamic,0.69921875,0.09684683382511139,7
iranian,persian,5.7725830078125,0.19108019769191742,7
islamic,nationalist,0.6748046875,0.14633245766162872,7
jounces,jounces,2.088958740234375,0.1695016622543335,7
kicking,rearing,4.8653564453125,0.18638542294502258,7
kicking,scrambling,4.7978515625,0.045292928814888,7
kill,torture,-2.563720703125,-0.17399747669696808,7
knotty,large,0.877685546875,0.10539331287145615,7
kurdish,turkish,-0.06624817848205566,-0.028431937098503113,7
lady,monkey,-7.600744247436523,0.5128841996192932,7
language,region,0.357421875,-0.3310038447380066,7
language,words,0.94091796875,0.2196882665157318,7
large,larger,5.015625,-0.1323339194059372,7
large,quiet,0.205078125,-0.1855364888906479,7
large,ripe,-1.4667870998382568,0.5288947224617004,7
large,scenic,-2.150146484375,-0.017227426171302795,7
large,selected,1.7912023067474365,-0.34967219829559326,7
large,staring,-6.895376205444336,0.10530538111925125,7
large,variegated,-5.3828125,-0.08526618778705597,7
large,wavy,-12.798828125,0.2553204596042633,7
large,woolly,1.7436332702636719,-0.13586609065532684,7
larger,larger,-8.497659683227539,0.1695016622543335,7
laughable,pathetic,-3.515625,-0.07088418304920197,7
leadership,ownership,2.298828125,0.16784034669399261,7
leadership,tactical,-0.38671875,0.0894470065832138,7
lean,tall,-5.380859375,0.10222965478897095,7
leisure,means,-7.20263671875,0.18759597837924957,7
liberty,life,3.847991943359375,0.09144158661365509,7
life,light,2.101963520050049,-0.03942711651325226,7
life,nature,-9.0986328125,0.18233494460582733,7
life,quickness,-5.73828125,0.18427443504333496,7
life,spirit,1.4150390625,0.24892041087150574,7
life,substance,4.4561767578125,-0.3159744143486023,7
light,queer,6.939083099365234,0.3859739899635315,7
light,room,9.507568359375,0.6850111484527588,7
light,sound,-2.35888671875,0.25960251688957214,7
light,sunshine,-7.8759765625,0.41012734174728394,7
light,varying,4.016357421875,0.08757925033569336,7
light,woolly,0.7296142578125,0.18261152505874634,7
lists,maps,2.34293270111084,0.22576330602169037,7
lithium,risperidone,-1.3043506145477295,0.35013914108276367,7
lordly,tall,-17.15848159790039,0.3395916223526001,7
maintaining,writing,-4.42181396484375,0.1775229275226593,7
maps,papers,-0.23828125,0.19741736352443695,7
marshland,meadow,6.526712894439697,0.24967333674430847,7
masterless,wretched,-7.546303749084473,-0.14315234124660492,7
masters,monks,-5.038356781005859,-0.3140556812286377,7
medicinal,vegetable,3.29931640625,0.4543572664260864,7
members,stewards,-7.36279296875,0.18026936054229736,7
menopausal,old,1.6828250885009766,0.05751856416463852,7
metaphorically,poetically,-7.333759307861328,0.21876974403858185,7
mine,mine,-4.9783935546875,0.1695016622543335,7
mine,thine,-1.236175537109375,-0.014224186539649963,7
moaning,sleepless,0.10589599609375,0.1898810714483261,7
morally,spiritually,4.146705627441406,0.16475427150726318,7
moroccan,turkish,2.5908050537109375,0.18331193923950195,7
mortification,pain,8.282581329345703,0.18340811133384705,7
mortification,regret,1.9666416645050049,0.18449667096138,7
muddy,sandy,-5.072265625,0.15155041217803955,7
muddy,soft,-5.4892578125,0.6551219820976257,7
murderers,thieves,2.3623046875,0.24350842833518982,7
musicians,singers,2.55078125,0.12373337894678116,7
mutinous,sulky,3.642578125,0.11351753026247025,7
mutual,spatial,4.474853515625,0.43561679124832153,7
nails,twine,-2.110858917236328,0.16729247570037842,7
niggardly,stingy,0.8129749298095703,0.30551594495773315,7
oceans,rivers,-4.040306091308594,0.09779065102338791,7
offerings,sacrifice,4.481727600097656,0.15840575098991394,7
often,often,0.203125,0.1695016622543335,7
old,seasoned,-3.49609375,-0.36240100860595703,7
old,senile,0.923583984375,-0.08396701514720917,7
old,unsure,6.9638671875,0.24728500843048096,7
old,wise,-10.384765625,0.15340518951416016,7
old,worn,4.0546875,-0.027470842003822327,7
once,once,3.88055419921875,0.1695016622543335,7
orchestra,singers,1.3299560546875,0.11306296288967133,7
organs,skin,-2.9765625,0.7392407655715942,7
packed,strapped,-5.728759765625,0.24879036843776703,7
paddled,rowed,-0.14349365234375,-0.10707004368305206,7
pain,regret,3.0565185546875,0.3088942766189575,7
pain,torture,3.3685121536254883,-0.17988087236881256,7
pain,weight,4.369140625,0.21313433349132538,7
paintings,sculptures,1.3902587890625,0.06940212845802307,7
pastures,rivers,17.110733032226562,0.46942079067230225,7
pathological,physiological,11.6591796875,0.16528435051441193,7
peritoneal,subdural,5.627685546875,0.01600077748298645,7
persian,purple,1.7919921875,0.006486654281616211,7
persian,turkish,15.390625,0.10124894976615906,7
pierced,punctured,5.1343841552734375,0.27073776721954346,7
pilgrims,traders,-8.229384422302246,0.2904890179634094,7
pinioned,shackled,3.587890625,0.3965579867362976,7
pirut,pup,7.0991363525390625,0.10183950513601303,7
pitted,scarred,-7.9887847900390625,0.13302026689052582,7
places,rivers,3.848029136657715,0.2509918212890625,7
planters,traders,-1.6416015625,-0.21163536608219147,7
playing,playing,-4.75634765625,0.1695016622543335,7
plucky,quiet,16.937288284301758,-0.042778462171554565,7
plump,tall,-2.8115234375,0.14806926250457764,7
polluting,toxic,-8.860382080078125,0.09528584033250809,7
practice,practice,-0.416015625,0.1695016622543335,7
practice,prescription,-4.310546875,0.18193113803863525,7
progress,stability,8.0799560546875,0.2565070390701294,7
progress,weight,3.349609375,0.5164071321487427,7
purse,sword,4.37548828125,-0.007816791534423828,7
quiet,reputable,9.4052734375,-0.382931649684906,7
quiet,reserved,5.95849609375,-0.3399742841720581,7
quiet,restful,2.906982421875,-0.037202149629592896,7
quiet,soft,-0.38525390625,0.16360974311828613,7
quiet,wild,0.939453125,-0.14143134653568268,7
quietly,subtly,0.8341827392578125,-0.3391333818435669,7
rifle,shotgun,2.620697021484375,0.17021772265434265,7
riflebirds,sicklebills,6.49609375,0.13460426032543182,7
sail,sail,-4.6256103515625,0.1695016622543335,7
sang,sang,-6.254646301269531,0.1695016622543335,7
scarred,worn,4.52197265625,0.3290523886680603,7
serious,unexpected,-5.734375,-0.1384209543466568,7
serious,wise,-3.74072265625,0.09272927790880203,7
shouts,sound,-0.42431640625,0.21035122871398926,7
shouts,trills,-15.4443359375,0.06077595055103302,7
sights,sights,8.017578125,0.1695016622543335,7
signification,signs,1.0439453125,0.040444716811180115,7
signs,words,3.4962158203125,0.5049103498458862,7
simplified,simplistic,-2.0067138671875,0.006695181131362915,7
skinny,tall,4.375091552734375,-0.35949820280075073,7
smell,sound,0.587890625,0.13572107255458832,7
smell,vision,3.12841796875,-0.1423119157552719,7
smile,smile,-1.8570556640625,0.1695016622543335,7
smile,talk,-0.302734375,-0.04296955466270447,7
snarling,spitting,-7.36572265625,0.0897977203130722,7
snarling,underhanded,-3.028839111328125,-0.013820052146911621,7
soft,tall,-0.298828125,0.1674869805574417,7
soft,wavy,-1.84716796875,-0.13667704164981842,7
soft,woolly,0.5037132501602173,0.3845563530921936,7
soiled,thumbed,-2.9917821884155273,0.07768659293651581,7
solidarity,subsidiarity,0.57763671875,-0.04696743190288544,7
sound,visibility,-7.92138671875,-0.5070735216140747,7
sparkled,widened,3.1650390625,0.13313063979148865,7
specially,symbolically,-5.382568359375,-0.09970451891422272,7
splashed,tugged,-6.785797119140625,-0.07652877271175385,7
staring,wild,11.58984375,0.19611713290214539,7
storm,sunshine,-0.50042724609375,0.29305726289749146,7
strawberry,strawberry,0.26513671875,0.1695016622543335,7
syrup,tar,-0.5859375,-0.09801389276981354,7
talk,talk,-5.63916015625,0.1695016622543335,7
tall,weight,1.3330078125,-0.09449900686740875,7
tugged,tugged,-1.693359375,0.1695016622543335,7
uneasy,wretched,2.08990478515625,0.09079277515411377,7
unexpected,unwelcome,2.0009765625,-0.014394864439964294,7
unloaded,unsaddled,-4.40625,0.30943208932876587,7
vague,woolly,-3.3165283203125,0.2983427345752716,7
verses,words,-1.3141326904296875,0.09198559075593948,7
wavier,wavier,0.013671875,0.1695016622543335,7
wild,woolly,1.7666015625,0.3391916751861572,7
wild,wooly,-0.51953125,0.21502818167209625,7
xxx,xxx,-0.814208984375,0.1695016622543335,7
ability,determination,4.564453125,0.10578223317861557,8
abort,miscarry,7.126953125,0.41807642579078674,8
aboyne,called,-1.33710777759552,-0.01701359450817108,8
absolutely,wholeheartedly,-6.3168792724609375,0.17437882721424103,8
acid,alkali,1.6728496551513672,-0.194657102227211,8
actress,comedian,-8.44140625,-0.025253847241401672,8
acute,earnest,1.8522415161132812,-0.041901394724845886,8
administrative,business,-1.4732818603515625,0.0851033627986908,8
administrative,territorial,-5.73358154296875,0.25034618377685547,8
aged,feeble,-3.1483230590820312,0.17223617434501648,8
aged,hungry,-15.0107421875,0.4367697238922119,8
aged,infirm,6.87109375,0.0793970376253128,8
aid,grant,1.3894577026367188,0.3905661702156067,8
alertness,power,0.0,0.3423289656639099,8
alive,beautiful,-3.78657865524292,0.2810021638870239,8
alive,brilliant,3.14599609375,0.06770271062850952,8
alive,sharp,7.18359375,-0.03215566277503967,8
alive,unharmed,-5.435050964355469,0.14183968305587769,8
alive,whole,1.3963851928710938,0.844679594039917,8
amantadine,rimantadine,-4.6111602783203125,0.45933568477630615,8
anarchic,unpredictable,0.3841552734375,0.0590648353099823,8
anarchist,communist,-8.3006591796875,-0.1670657843351364,8
angels,demons,6.322265625,0.41344597935676575,8
apologies,lies,0.0,0.07687950134277344,8
apologies,surprise,7.86328125,-0.18453116714954376,8
apologies,thanks,2.84375,0.41798341274261475,8
appeal,fortrial,4.48095703125,0.15820014476776123,8
appearance,function,-0.57427978515625,0.20551979541778564,8
appearance,functionality,3.349853515625,0.4302246570587158,8
appearance,rigging,-5.489350318908691,0.16061457991600037,8
applauded,laughed,-2.688720703125,0.5526524186134338,8
aristocrats,conservatives,0.810546875,0.11987060308456421,8
art,business,-8.96533203125,0.3917102813720703,8
art,culture,0.0,-0.4982788562774658,8
art,femininity,10.2861328125,0.19654175639152527,8
art,poems,3.1607666015625,0.019146859645843506,8
art,power,-5.857790470123291,0.08962307870388031,8
ascendancy,power,-0.24752461910247803,0.2805757522583008,8
aspects,epithets,3.243896484375,0.25922584533691406,8
astronomy,math,-13.0039701461792,0.34079283475875854,8
autopsy,identification,-3.63671875,0.10115403681993484,8
babies,boys,7.5537109375,0.2006363570690155,8
backpackers,climbers,-0.3269500732421875,0.3956918716430664,8
ballrooms,hotels,-4.090705871582031,0.03591589629650116,8
banksias,woodland,-0.4539794921875,0.010003253817558289,8
barges,boats,-2.21484375,0.3412321209907532,8
bearded,brown,7.0966796875,-0.04689778387546539,8
beautiful,brilliant,-0.02663421630859375,-0.051729992032051086,8
beautiful,busy,4.9691162109375,-0.3603426218032837,8
beautiful,carefree,-0.22597503662109375,-0.11399398744106293,8
beautiful,foolish,3.12322998046875,-0.1379856914281845,8
beautiful,great,4.090911865234375,0.038316547870635986,8
beautiful,historic,-2.83837890625,-0.1833149939775467,8
beautiful,kind,-2.7158203125,0.181283101439476,8
beautiful,neat,-8.996337890625,-0.3999505043029785,8
beautiful,rational,1.466094970703125,-0.4425817131996155,8
beautiful,serene,-3.228515625,-0.13367860019207,8
beautiful,shining,4.38671875,0.0011367946863174438,8
beautiful,smart,-6.671875,0.05811907351016998,8
beautiful,young,5.193359375,0.07253982126712799,8
beauty,happiness,-3.7861328125,0.21465381979942322,8
beauty,health,-5.09375,-0.02822364866733551,8
beauty,joy,-9.935653686523438,0.2576386630535126,8
beauty,placability,3.9521484375,-0.11351941525936127,8
beauty,rest,-6.23046875,-0.5462050437927246,8
beauty,ugliness,-12.189453125,0.0866822898387909,8
beg,beg,2.5693359375,0.18656902015209198,8
beg,cry,-1.9091873168945312,0.32787835597991943,8
behaves,interacts,-1.203125,0.13289624452590942,8
beliefs,rules,-6.632568359375,0.24488601088523865,8
belonging,unity,-3.9267578125,0.3904173672199249,8
belt,car,-7.3038330078125,0.08981682360172272,8
bile,lies,0.5888671875,0.16978757083415985,8
biscuits,nuts,-5.081684112548828,0.1739358901977539,8
biscuits,shortcake,-7.3310546875,0.09219685941934586,8
blast,damn,-0.1187744140625,-0.0315927118062973,8
bleaker,bleaker,5.23046875,0.18656902015209198,8
blew,blew,-3.1132659912109375,0.18656902015209198,8
blinked,gasped,0.19140625,0.19517995417118073,8
boats,sails,-3.1002941131591797,-0.11216582357883453,8
boats,shipping,-6.0517578125,0.362202525138855,8
bodies,minds,-4.78045654296875,0.1471739411354065,8
body,head,-2.2097206115722656,0.3458777666091919,8
body,limbs,-6.255012512207031,0.31271272897720337,8
body,soul,-3.88671875,0.28056252002716064,8
boiled,bubbled,3.32080078125,0.19765663146972656,8
boiled,pounded,-0.591796875,0.22448664903640747,8
boiling,evaporation,-11.689453125,0.04235304892063141,8
boldness,unconcern,-13.8603515625,0.0703984946012497,8
bookplates,trademarks,-2.1042633056640625,0.20260968804359436,8
boredom,disgust,-5.538238525390625,0.11596117168664932,8
bounces,imitates,-0.29596710205078125,-0.03652934730052948,8
bowls,cups,-10.953125,0.5378389358520508,8
boys,boys,-4.22515869140625,0.18656902015209198,8
boys,cooks,10.094482421875,0.3001173436641693,8
boys,mother,-0.3914642333984375,-0.5938326120376587,8
boys,quarry,4.03662109375,-0.010612472891807556,8
brick,glass,-3.618255615234375,0.291634202003479,8
brilliant,brown,0.3600006103515625,-0.30405741930007935,8
brilliant,striking,-4.759765625,0.12868797779083252,8
broken,empty,0.380767822265625,0.4145541787147522,8
broken,gnarled,-3.423095703125,0.2885146141052246,8
broken,sharp,6.12744140625,-0.004721313714981079,8
bronze,brown,3.1313018798828125,0.31960368156433105,8
brown,dry,-3.10986328125,-0.24955995380878448,8
brown,juicy,0.890289306640625,0.7205907702445984,8
brown,kind,2.998046875,0.779373288154602,8
brown,russet,-3.1435546875,0.1938137263059616,8
brown,shining,-5.742950439453125,-0.07936359941959381,8
bruising,scars,4.9226226806640625,0.7832861542701721,8
brushing,rustling,-3.242431640625,0.20993366837501526,8
brushing,washing,2.545135498046875,0.1519893854856491,8
bubbles,dimple,-3.664306640625,0.4201909303665161,8
bubbles,oil,-7.0546875,0.1876683533191681,8
bulkiest,heaviest,0.7021484375,0.10359139740467072,8
bullwinkle,julia,-4.2890625,0.20238611102104187,8
business,fun,-0.20703125,0.3395242989063263,8
bustle,stir,-8.8935546875,0.08066399395465851,8
caesium,thallium,6.6729736328125,0.2321041077375412,8
called,called,-2.969757080078125,0.18656902015209198,8
called,stopped,4.579401016235352,-0.10810764133930206,8
callers,visitors,-2.421875,0.1644085943698883,8
calling,calling,-9.339397430419922,0.18656902015209198,8
calling,laughing,8.2978515625,0.3068931996822357,8
candles,pizza,7.7333984375,0.1663348227739334,8
candles,ropes,3.8134918212890625,0.20355969667434692,8
cannibals,drunkards,4.091796875,0.022902920842170715,8
car,mother,3.8180556297302246,0.2456415593624115,8
car,pitcher,2.674954414367676,0.269432008266449,8
car,watches,-1.4228363037109375,0.4438665509223938,8
carol,song,-0.560546875,0.18300357460975647,8
cartridges,cassettes,-0.015625,0.26415643095970154,8
cells,organisms,5.57421875,-0.07241694629192352,8
ceramics,glass,9.0574951171875,0.08834661543369293,8
ceramics,metals,-0.92437744140625,0.23335985839366913,8
changeable,unpredictable,-2.954385280609131,0.2664300203323364,8
charismatic,pentecostal,-1.869140625,0.31820744276046753,8
chat,rest,7.374755859375,0.06577129662036896,8
chatting,greeting,-8.35943603515625,-0.044722750782966614,8
chatting,laughing,2.7952136993408203,0.06988902390003204,8
cheaper,divided,2.2935791015625,0.2532356381416321,8
cheep,stir,-2.5322265625,0.2098892331123352,8
cheer,cheer,-5.053363800048828,0.18656902015209198,8
cheer,happiness,-1.0078125,0.4128722548484802,8
cheer,shorten,5.123065948486328,0.298458069562912,8
cheery,helpful,0.5870513916015625,0.4762270450592041,8
cheery,soul,4.8359375,0.18959790468215942,8
chicken,mushroom,-5.619140625,0.49230480194091797,8
chicken,potatoes,-1.982421875,0.06695468723773956,8
chicken,waffles,-0.435455322265625,0.142471581697464,8
chink,daub,2.115234375,0.22901155054569244,8
chocolates,sweets,-3.81689453125,-0.07171528041362762,8
choky,little,1.0157012939453125,0.3048006594181061,8
clicking,rustling,8.125,0.026653409004211426,8
clicking,scraping,-1.8540321588516235,-0.01776944100856781,8
coally,tom,3.72344970703125,-0.15432338416576385,8
commandant,syndic,3.53759765625,0.0726013034582138,8
commandments,laws,2.994384765625,0.021794676780700684,8
common,european,-12.259765625,0.017337456345558167,8
common,indubitable,1.63232421875,0.26890790462493896,8
common,silly,-4.19921875,-0.02982272207736969,8
concluding,third,-9.9765625,0.4848899841308594,8
condescension,patronizing,4.8686370849609375,0.6142013669013977,8
consideration,honour,2.3984375,0.1455034613609314,8
console,pity,3.6328125,0.5827198028564453,8
consternation,surprise,-0.4829082489013672,0.4560319781303406,8
contact,separate,1.46234130859375,0.6570860743522644,8
convex,discrete,1.578125,0.416824072599411,8
courses,programs,0.04150390625,-0.33105963468551636,8
crayfish,spiders,-11.64599609375,0.2909446954727173,8
crazy,feeble,9.376953125,0.2503689229488373,8
crazy,fun,0.77392578125,0.307641863822937,8
crazy,funny,7.76220703125,0.6017910838127136,8
crazy,kinky,0.3310546875,0.501499593257904,8
crazy,silly,-1.9609375,0.12953269481658936,8
crippled,thief,2.4548492431640625,0.1506439745426178,8
crossdisciplinarity,multidisciplinarity,-8.216796875,0.2999098300933838,8
cry,cry,-2.98046875,0.18656902015209198,8
cry,fret,-5.5936279296875,-0.09144248068332672,8
cry,mourn,9.5030517578125,-0.0371059775352478,8
cry,pout,-14.3603515625,-0.06702376902103424,8
culture,health,-2.2214202880859375,0.1125650554895401,8
culture,laws,2.49169921875,-0.12689413130283356,8
culture,liberality,-7.827880859375,0.33534497022628784,8
cups,pitcher,-1.7264404296875,0.04785968363285065,8
cups,saucers,2.453125,0.2367417812347412,8
cursing,raving,8.96759033203125,0.5367371439933777,8
cursing,yelling,-4.18817138671875,0.5156317353248596,8
daisies,heather,-1.438720703125,0.30127543210983276,8
dances,torches,-1.1127723455429077,0.05358166992664337,8
days,days,0.681640625,0.18656902015209198,8
dearer,nearer,10.349932670593262,0.3946552276611328,8
deeper,deeper,-5.591651916503906,0.18656902015209198,8
delicious,juicy,-2.69952392578125,0.2777819037437439,8
delicious,supple,0.39013671875,0.12678730487823486,8
demons,dragons,-7.716796875,0.10982457548379898,8
depressions,sinkholes,2.33447265625,0.01778779923915863,8
deserted,empty,1.6796875,0.3560085892677307,8
deserters,refugees,5.53125,0.20202094316482544,8
detergent,oil,0.0,-0.1906135529279709,8
determination,resolution,4.77000093460083,0.32709938287734985,8
determined,young,4.9466552734375,0.10742239654064178,8
dg,mother,-0.50537109375,0.10999223589897156,8
dipped,dipped,3.388383388519287,0.18656902015209198,8
disappeared,failed,-6.912109375,0.3483961522579193,8
disappeared,passed,2.773895263671875,0.002597317099571228,8
discouragement,toil,-10.85546875,0.11753983795642853,8
discovery,exploration,-5.49365234375,0.3267820179462433,8
discretion,tact,4.5484619140625,-0.07044084370136261,8
disgust,surprise,1.6348648071289062,0.11459273099899292,8
distinctions,honours,0.10606002807617188,0.08054742962121964,8
distraught,moody,-2.8389892578125,0.3410020172595978,8
disturbed,perturbed,-0.890625,0.15768550336360931,8
divorced,married,10.271484375,-0.10219670832157135,8
doctor,patient,-0.8773355484008789,-0.7974856495857239,8
double,triple,8.9453125,-0.028250902891159058,8
drank,drank,-4.99786376953125,0.18656902015209198,8
drawings,engravings,8.255859375,0.13223189115524292,8
dreamed,heard,0.138671875,-0.22308097779750824,8
dried,uncovered,0.19220733642578125,-0.0815875381231308,8
dripping,torn,-2.255859375,-0.09348516166210175,8
drops,drops,7.4853515625,0.18656902015209198,8
dry,rustling,4.42652702331543,0.16631293296813965,8
dry,shining,-4.894809722900391,0.6030028462409973,8
dye,tool,6.0889892578125,0.22526562213897705,8
earlier,earlier,-1.1014175415039062,0.18656902015209198,8
earlier,later,4.23193359375,0.3424139618873596,8
earnest,sharp,5.368106842041016,-0.1851864904165268,8
earnestly,fiercely,5.9226531982421875,0.1295417845249176,8
earnestly,vehemently,0.11114501953125,0.039336249232292175,8
ears,head,8.313323974609375,0.2953949272632599,8
ears,noses,4.32476806640625,0.11598002910614014,8
eastbound,westbound,9.163639068603516,0.13908445835113525,8
easter,easter,-5.26953125,0.18656902015209198,8
electricity,magnetism,2.048952102661133,0.3777599036693573,8
electricity,oil,-6.025390625,0.36990809440612793,8
electricity,power,4.03515625,0.21967439353466034,8
emotional,rational,-7.8258056640625,0.01013772189617157,8
empty,forlorn,-0.9765625,0.43109995126724243,8
empty,hungry,4.587890625,0.03147478401660919,8
enjoyment,fun,4.13421630859375,0.18010036647319794,8
enjoyment,laughing,-4.359907627105713,0.05443030595779419,8
european,japanese,6.031913757324219,0.5041770935058594,8
european,negro,-1.4647216796875,0.25792357325553894,8
evaporation,transpiration,-4.04632568359375,0.28443020582199097,8
exact,truthful,3.734375,-0.017467811703681946,8
exasperated,rasping,-0.9177725315093994,0.27544647455215454,8
exercise,exercise,-3.772674560546875,0.18656902015209198,8
exercise,fun,1.3737068176269531,0.2751381993293762,8
experimentor,mother,-5.38671875,-0.030043616890907288,8
exploration,travel,-2.561279296875,0.3839527666568756,8
explosives,flamethrowers,1.8315277099609375,0.08270628750324249,8
extracts,tales,-7.579132080078125,-0.015589460730552673,8
fabulous,unreal,-3.1258544921875,0.3018740117549896,8
failed,failed,-6.467058181762695,0.18656902015209198,8
faintly,spasmodically,-8.7568359375,0.18912896513938904,8
fairer,happier,2.8640308380126953,0.34147560596466064,8
fallen,sorrowful,-18.17626953125,0.44505152106285095,8
farther,farther,-7.4063720703125,0.18656902015209198,8
fathers,sons,-6.98199462890625,-0.0060233473777771,8
fats,oils,-3.4453125,0.27960333228111267,8
females,young,-9.657272338867188,0.06081204116344452,8
fern,moss,0.8466796875,0.45238226652145386,8
ferns,moss,8.9697265625,0.4193429946899414,8
fluids,rest,-8.41162109375,0.6105907559394836,8
focused,sharp,-8.2738037109375,0.09110245108604431,8
foggy,foul,5.64453125,0.195601224899292,8
foolish,headstrong,0.0,0.021060213446617126,8
foolish,naughty,-0.552490234375,0.1992247849702835,8
foolish,rash,1.8328958749771118,-0.19234217703342438,8
foolish,silly,-10.2279052734375,0.28265702724456787,8
foolish,young,-3.546875,0.13054606318473816,8
forgiving,patient,3.2001953125,0.12962105870246887,8
found,stopped,0.30078125,-0.1497705727815628,8
frankly,freely,7.2001800537109375,0.12131475657224655,8
friendships,laughing,2.892578125,-0.2457413226366043,8
frills,frills,1.0986328125,0.18656902015209198,8
fruitsome,great,-5.67138671875,-0.07371528446674347,8
fun,funny,-4.913412094116211,-0.02571144700050354,8
fun,happiness,6.1658935546875,0.3591848611831665,8
fun,joy,-1.87109375,0.5197640657424927,8
fun,laughing,1.921875,0.22958093881607056,8
fun,loose,-9.22509765625,-0.1896483153104782,8
fun,mischief,5.712165355682373,0.08730238676071167,8
funny,laughing,-6.018524169921875,0.23604494333267212,8
funny,rural,-0.5606842041015625,-0.05021210014820099,8
funny,smart,-5.674871444702148,0.07088425755500793,8
funny,spirited,-8.369140625,-0.26443642377853394,8
funny,weird,-1.32177734375,0.15540346503257751,8
gabble,nonsense,-1.1364649534225464,-0.0524030476808548,8
gallows,whip,-6.0314178466796875,0.1922256052494049,8
gaped,stared,3.72412109375,0.338689923286438,8
gasped,laughed,1.8955078125,0.29336968064308167,8
gasped,sprayed,2.04296875,-0.008949577808380127,8
gasped,stared,4.537670612335205,0.07273314893245697,8
gasped,wheezed,-12.955078125,0.06832420825958252,8
gentlest,meekest,4.9091796875,0.011739537119865417,8
glass,pour,1.5506460666656494,0.19185876846313477,8
glee,happiness,-4.67645263671875,0.2336694896221161,8
glee,joy,-1.81298828125,0.17272667586803436,8
grandmere,mother,-3.947265625,-0.007794126868247986,8
grapes,ham,-6.455078125,0.06254346668720245,8
grassland,redwood,1.421875,0.53128981590271,8
grassland,woodland,11.332382202148438,0.19138361513614655,8
greasiness,thickness,3.892578125,0.09768266975879669,8
great,kind,1.3978843688964844,0.01588355004787445,8
great,little,-6.556640625,0.5727186799049377,8
great,mighty,-7.5380859375,0.31098899245262146,8
great,mystical,-5.960601806640625,-0.0005053728818893433,8
great,novel,4.64453125,-0.5373536348342896,8
great,shining,6.05517578125,-0.04118041694164276,8
great,ultimate,0.423828125,-0.38321924209594727,8
greener,greener,5.9453125,0.18656902015209198,8
gripped,powerless,-6.986328125,0.4868864417076111,8
groups,individuals,1.5939035415649414,0.3300358057022095,8
grow,grow,-3.169921875,0.18656902015209198,8
grow,implant,5.60546875,-0.1329205483198166,8
grow,spread,7.4191508293151855,-0.16001273691654205,8
growing,growing,-4.54986572265625,0.18656902015209198,8
growing,young,3.50201416015625,-0.06759287416934967,8
growth,jobs,0.044921875,0.3508033752441406,8
guilt,sin,-1.2162895202636719,0.44001948833465576,8
gullets,lies,5.4375,0.10102785378694534,8
gumbo,jambalaya,-1.27685546875,0.014303609728813171,8
ham,mushroom,-0.8291778564453125,0.28704559803009033,8
happiness,health,-1.89453125,-0.37410295009613037,8
happiness,joy,1.619140625,0.42731916904449463,8
happiness,sadness,-1.0640177726745605,-0.33265650272369385,8
hardy,vigorous,2.763671875,0.10951662808656693,8
hardy,young,7.75030517578125,0.12921570241451263,8
harshness,unkindness,2.5146484375,0.48884862661361694,8
hasidic,mystical,0.0697336196899414,0.4038469195365906,8
head,shoulders,-0.9501953125,0.5674159526824951,8
headstrong,rash,-1.7401657104492188,0.36086177825927734,8
headstrong,wilful,1.4541015625,0.27247488498687744,8
health,illness,2.576129913330078,-0.09954996407032013,8
heard,knew,1.7852783203125,0.3670806288719177,8
heard,laughed,-4.652153015136719,0.3069113790988922,8
heard,recognised,-1.6253662109375,0.29621222615242004,8
heard,smiled,4.465171813964844,0.12624624371528625,8
heavy,layered,5.859375,-0.4647575616836548,8
heavy,pugnacious,-2.977783203125,0.20516619086265564,8
heavy,sharp,0.7822265625,0.1596023440361023,8
heavy,unsteady,5.6005859375,0.04066811501979828,8
helpful,kind,-6.5947265625,0.3090181350708008,8
heterogeneous,homogeneous,0.685546875,0.4688009023666382,8
holly,ivy,3.173828125,-0.005813315510749817,8
homogeneous,isotropic,-2.057506561279297,0.2569102942943573,8
hoped,hoped,-1.53515625,0.18656902015209198,8
humble,serene,-5.09210205078125,0.3154749870300293,8
humble,sorrowful,2.758880615234375,0.5812959671020508,8
hundreds,hundreds,-4.482421875,0.18656902015209198,8
hungry,needy,-4.36083984375,0.4073161482810974,8
hungry,young,-9.6219482421875,0.49705034494400024,8
illness,surgery,-1.86932373046875,1.4272483587265015,8
illogical,rambling,3.16256046295166,0.1561865508556366,8
imagininary,self,-8.6064453125,0.24506494402885437,8
indigenous,territorial,8.703125,0.0666034072637558,8
individuals,institutions,3.55859375,-0.06783019006252289,8
inexperience,shortcomings,0.08048665523529053,-0.22651661932468414,8
inexperienced,young,1.110931396484375,0.08115404844284058,8
influence,power,-2.375,0.26333993673324585,8
ink,oil,0.0,0.34588414430618286,8
inquiries,reminiscences,-4.0791015625,0.19094698131084442,8
institutions,power,4.40185546875,0.3713587522506714,8
institutions,pupils,5.002197265625,0.17170098423957825,8
iodine,tyrosine,-2.4970703125,0.12070256471633911,8
isolated,rural,-4.002871036529541,0.42437127232551575,8
ivy,moss,5.737480163574219,-0.21441607177257538,8
jealous,selfish,-0.57861328125,0.39997798204421997,8
jobs,roads,-3.640625,0.28227007389068604,8
joy,power,6.384765625,-0.3073153495788574,8
joy,rest,-7.5096435546875,-0.14298824965953827,8
joy,sadness,-1.552734375,-0.037791088223457336,8
joy,song,-5.826404571533203,0.26632869243621826,8
joy,surprise,6.99462890625,-0.0892527848482132,8
jumped,jumped,-6.865203857421875,0.18656902015209198,8
justice,reward,5.5706787109375,0.358920156955719,8
kind,patient,-3.236323833465576,-0.07886417210102081,8
kind,polite,-5.6695404052734375,-0.5038477778434753,8
kind,righteous,0.900390625,0.1945849061012268,8
kind,smart,-5.0902862548828125,-0.14782176911830902,8
kit,ropes,-8.124755859375,0.10317777097225189,8
knew,respected,-1.2160491943359375,-0.10110525786876678,8
knew,suspected,4.7039794921875,0.12859487533569336,8
later,later,2.91015625,0.18656902015209198,8
laughed,laughed,-3.896484375,0.18656902015209198,8
laughed,lay,-4.51171875,-0.15000410377979279,8
laughed,scrapped,9.634765625,-0.003525644540786743,8
laughed,stopped,4.828125,0.05427081882953644,8
laughing,laughing,3.14453125,0.18656902015209198,8
laughing,lengthened,-8.787109375,-0.012582018971443176,8
laughing,nonsense,2.6180877685546875,0.055288657546043396,8
laughing,pointing,4.936767578125,-0.16088245809078217,8
laughing,snorting,4.072059631347656,0.31681472063064575,8
laughing,tickled,6.33282470703125,-0.022648945450782776,8
laughing,yelling,-2.9884033203125,0.17109771072864532,8
laws,rules,0.3101755380630493,0.5812253952026367,8
laws,theories,8.1138916015625,0.6304296851158142,8
leave,need,2.77593994140625,0.4902939796447754,8
left,left,0.01611328125,0.18656902015209198,8
legendary,mythical,-3.5107421875,0.4710114598274231,8
lemon,oil,0.16162109375,0.19278426468372345,8
lesser,lesser,4.724945068359375,0.18656902015209198,8
little,naughty,2.970703125,-0.12485863268375397,8
little,twiggy,4.066760540008545,0.20394544303417206,8
little,young,-8.049530029296875,0.09755390882492065,8
littler,littler,6.798828125,0.18656902015209198,8
lizards,spiders,7.31562614440918,0.16306662559509277,8
lnfluence,power,7.7570343017578125,0.3270484209060669,8
losses,reward,-4.4100470542907715,0.2812002897262573,8
lots,lots,3.171253204345703,0.18656902015209198,8
lunatic,silly,3.10888671875,0.1553591936826706,8
massages,yoga,1.8515625,0.05574063956737518,8
mechanics,use,-3.61474609375,0.035286009311676025,8
mighty,unmistakable,-2.0888671875,0.1260785311460495,8
mime,nonverbals,1.814453125,0.09872666001319885,8
mime,pointing,2.6609153747558594,-0.5455880761146545,8
minutes,minutes,-0.662109375,0.18656902015209198,8
miserly,squalid,-3.5843305587768555,0.0712609738111496,8
moss,tussocks,-2.15283203125,0.17216014862060547,8
mother,mother,0.48430633544921875,0.18656902015209198,8
mother,sons,-9.199363708496094,0.15914495289325714,8
motorways,roads,3.1162109375,0.012322768568992615,8
mystical,prophetic,6.7890625,0.21427834033966064,8
naive,young,1.2835693359375,-0.04989613592624664,8
naughty,wilful,-4.49702262878418,0.37546977400779724,8
nearer,nearer,-1.7630987167358398,0.18656902015209198,8
nearer,possible,1.66748046875,0.4779317378997803,8
neat,petite,5.287109375,-0.004576593637466431,8
neat,smart,-6.762848854064941,0.20531202852725983,8
neat,tidy,2.133026123046875,-0.1540481299161911,8
notebook,pencil,-1.90283203125,0.007423475384712219,8
novel,pleasing,-8.66845703125,0.09437837451696396,8
novel,striking,-4.013774871826172,0.47099554538726807,8
nuggets,nuggets,-2.237619400024414,0.18656902015209198,8
oil,pitch,7.44921875,0.18974697589874268,8
ones,zeroes,2.110595703125,0.43238168954849243,8
ones,zeros,-2.4900736808776855,0.3221226930618286,8
orgies,perversions,-9.076416015625,0.39142900705337524,8
passing,passing,-3.072265625,0.18656902015209198,8
patching,patching,3.54541015625,0.18656902015209198,8
pencil,slate,0.6692276000976562,0.23878906667232513,8
perceptive,rational,7.6903076171875,-0.16890372335910797,8
peril,toil,6.135009765625,0.3622046709060669,8
perplexed,worried,5.977739334106445,0.222615584731102,8
personable,young,7.489501953125,0.1690891534090042,8
pie,potatoes,-10.948684692382812,-0.3471081852912903,8
plants,protista,-1.201171875,0.3728561997413635,8
plants,protists,-0.5757904052734375,0.1679978370666504,8
plants,relatives,-4.1846923828125,0.13843196630477905,8
poems,sayings,13.367115020751953,-0.013458847999572754,8
poems,tales,6.63199520111084,-0.2835659980773926,8
potatoes,stew,-2.919886827468872,0.2682693600654602,8
pour,stir,-6.9677734375,-0.07579891383647919,8
power,power,-17.00550079345703,0.18656902015209198,8
preteens,teenagers,1.193359375,0.1522601842880249,8
programs,protocols,3.0822067260742188,0.44676434993743896,8
protesting,rioting,2.7216796875,0.1764417439699173,8
puking,shock,-8.163647651672363,0.2920510470867157,8
purtier,purtier,-3.974609375,0.18656902015209198,8
quake,shake,0.93359375,0.05144074559211731,8
quicksand,swamp,15.697265625,0.5967683792114258,8
rasping,scraping,-7.710319519042969,0.4468771815299988,8
rational,smart,1.97265625,-0.019846126437187195,8
realistic,striking,5.623046875,0.297817200422287,8
rebelling,rioting,11.920120239257812,0.29188206791877747,8
recover,rest,-1.6708984375,0.439020037651062,8
refreshing,rest,-2.6558837890625,0.057515501976013184,8
refreshing,unmistakable,9.972167015075684,0.40035852789878845,8
rehab,rest,-11.822036743164062,0.7262774109840393,8
rehydrate,rest,0.12637710571289062,0.27161645889282227,8
rein,whip,0.745361328125,0.17273879051208496,8
replenish,rest,0.4286537170410156,0.2529379725456238,8
restarted,stopped,4.749591827392578,0.5053582191467285,8
rhyme,rune,7.822231292724609,0.20563781261444092,8
rigging,sails,-0.42529296875,0.19116578996181488,8
rigging,spars,1.591796875,-0.006753087043762207,8
rolling,wheeled,-5.2734375,0.4469528794288635,8
rolling,yelling,-3.99609375,0.3884738087654114,8
ropes,sails,-2.4565396308898926,-0.11198167502880096,8
ropes,spars,-4.18756103515625,0.42798101902008057,8
rows,rows,-1.1328125,0.18656902015209198,8
rub,rub,-6.129403114318848,0.18656902015209198,8
rustling,snuffling,-14.443359375,0.16662874817848206,8
sadness,stillness,-0.888671875,0.07418285310268402,8
sandstorms,whirlwinds,-2.9846839904785156,0.21607762575149536,8
saved,saved,-3.12890625,0.18656902015209198,8
scold,scold,6.72265625,0.18656902015209198,8
scratched,scratched,1.37939453125,0.18656902015209198,8
screw,struggle,-6.979717254638672,0.474553644657135,8
seedy,stressful,-0.3268890380859375,-0.0343894362449646,8
seesaw,swing,-2.814453125,0.661825954914093,8
selfish,wilful,-2.8789477348327637,0.1733887791633606,8
sharp,spirited,-5.624263763427734,-0.1444358378648758,8
shipping,transport,2.2123870849609375,0.13087527453899384,8
sin,wickedness,2.64013671875,-0.09683246910572052,8
smart,young,-4.021484375,0.15137922763824463,8
smiled,smiled,2.322265625,0.18656902015209198,8
smiled,stared,-2.3603515625,0.06164133548736572,8
sorrowful,stolen,-6.578125,-0.17813532054424286,8
spies,traitors,-0.3085136413574219,-0.09893186390399933,8
sporadic,weird,0.4638671875,-0.18695075809955597,8
spread,spread,4.115234375,0.18656902015209198,8
stalwart,vigorous,0.4111328125,0.7410517334938049,8
stared,stared,4.7025146484375,0.18656902015209198,8
stared,stopped,-0.423828125,0.205625981092453,8
stopped,wheeled,-1.4938430786132812,0.12617045640945435,8
stunning,young,4.1591796875,0.20920419692993164,8
sucking,sucking,-4.482421875,0.18656902015209198,8
superficial,superficial,-0.138671875,0.18656902015209198,8
swing,swing,4.88916015625,0.18656902015209198,8
third,third,5.255859375,0.18656902015209198,8
thus,thus,-7.7274169921875,0.18656902015209198,8
tolerance,unity,-1.072265625,0.14548587799072266,8
tourists,vagrants,2.96484375,0.6424038410186768,8
tourists,visitors,0.28515625,0.34875065088272095,8
untrained,unwarlike,4.316505432128906,0.28031206130981445,8
untrained,young,6.228515625,0.409074604511261,8
untried,young,4.2744140625,0.4983651041984558,8
use,washing,-0.177734375,-0.12124566733837128,8
use,yardage,-1.95654296875,0.33016493916511536,8
vigorous,young,0.11770248413085938,0.054205939173698425,8
viral,young,0.3388671875,0.07405026257038116,8
watches,websites,-4.609375,0.10129891335964203,8
waving,yelling,5.455078125,0.18193413317203522,8
wondered,wondered,1.474609375,0.18656902015209198,8
wuss,wuss,-3.861083984375,0.18656902015209198,8
aboriginal,natural,11.38525390625,0.07620666921138763,9
absolute,real,2.716489791870117,0.8791763782501221,9
absolute,rich,-1.5234375,0.481075257062912,9
acquired,natural,4.068359375,0.12253603339195251,9
actual,real,1.2815093994140625,0.059719815850257874,9
admirable,exciting,-4.267578125,0.6563355922698975,9
admirable,fine,1.296875,0.34541597962379456,9
admiration,respect,1.5390625,0.03885382413864136,9
admiration,wonder,-3.6666259765625,0.29936304688453674,9
adventurers,explorers,4.189369201660156,-0.016181141138076782,9
affirmative,negative,-10.35302734375,0.0016281530261039734,9
affrighted,fled,0.4669189453125,-0.3246387243270874,9
affrighted,trembling,0.08984375,0.46519598364830017,9
ages,ages,-6.928462505340576,-0.12070340663194656,9
aggression,appeasement,1.5721116065979004,-0.13543933629989624,9
aggression,kindness,-0.208984375,-0.03994664549827576,9
aging,frail,-6.3260498046875,-0.01039247214794159,9
ambulances,generators,1.94921875,-0.07431624829769135,9
amusing,exciting,-8.1990966796875,0.10039792954921722,9
ancient,due,0.830078125,0.04773212969303131,9
ancient,rich,-3.270374298095703,0.18148475885391235,9
antibacterial,antiviral,-1.3153481483459473,-0.13032780587673187,9
arabesques,sprigs,-0.96759033203125,0.16691231727600098,9
armenian,jewish,5.2236328125,-0.1870459020137787,9
arms,breasts,-0.053070068359375,0.1374734342098236,9
arthritis,psoriasis,-0.6892249584197998,-0.054680366069078445,9
artifacts,attributes,0.52734375,0.0026390403509140015,9
asian,asian,-2.9244813919067383,-0.12070340663194656,9
asian,portuguese,0.53125,0.4036947190761566,9
asian,shit,-10.236806869506836,0.20872092247009277,9
aunt,grandmamma,8.237060546875,-0.12382075935602188,9
axe,knife,-5.650390625,-0.14506348967552185,9
babbling,noises,-4.412109375,0.1153358519077301,9
bacteria,parasites,-4.067626953125,-0.09962531179189682,9
baked,crumbling,-3.298828125,0.5013161897659302,9
balloons,kites,2.2905616760253906,-0.0714329332113266,9
bananas,plantains,-3.1171875,-0.03057750314474106,9
banding,convection,-1.0908203125,-0.006612107157707214,9
bats,slings,-3.863800048828125,-0.26946887373924255,9
bayou,forest,-4.04296875,0.000727728009223938,9
beams,boards,4.76422119140625,-0.10390796512365341,9
beef,gravy,-1.3437957763671875,0.07704158127307892,9
befurbelowed,beruffled,-2.283203125,0.1523255705833435,9
behaviour,effort,0.49951171875,-0.23909902572631836,9
behold,despair,9.3846435546875,0.38997015357017517,9
beneficial,safe,-4.048828125,-0.0063650161027908325,9
berries,drupes,-5.068359375,-0.11637827754020691,9
berries,fruits,-4.5703125,0.41796788573265076,9
berries,leaves,3.904296875,-0.02717036008834839,9
berries,orange,-3.078125,-0.0612533800303936,9
berries,seeds,0.775390625,-0.0761319175362587,9
beryls,turquoises,7.8544921875,-0.018034018576145172,9
bitten,transformed,0.70849609375,0.04783545434474945,9
bizarre,genuine,-8.649124145507812,0.008084841072559357,9
blight,sickness,-3.911865234375,-0.39672768115997314,9
blotches,pimples,-4.3154296875,-0.04153452813625336,9
blundering,sinning,1.2756109237670898,-0.21548566222190857,9
blushes,smiles,0.0,-0.04636131972074509,9
botany,zoology,1.325408935546875,-0.055051252245903015,9
boughs,leaves,-2.498046875,0.0686260461807251,9
bounty,luck,-3.124380111694336,0.24400776624679565,9
brooks,hills,4.7421875,-0.27260786294937134,9
broom,ponytail,16.866851806640625,-0.03976358473300934,9
brotherly,sisterly,9.21875,-0.11278360337018967,9
bubble,froth,-4.09375,0.009218476712703705,9
bubble,melt,-6.557147979736328,0.37559494376182556,9
burglars,tramps,6.54833984375,0.10388192534446716,9
by,by,-8.617477416992188,-0.12070340663194656,9
cables,switches,3.8018991947174072,-0.14736464619636536,9
cajole,push,-10.455322265625,-0.05342300236225128,9
calming,cooling,-9.88671875,-0.264756441116333,9
capelin,launce,5.74652099609375,-0.0939723551273346,9
carefully,cautiously,2.292734146118164,-0.21275335550308228,9
carelessly,innocently,-17.41796875,-0.07398572564125061,9
censure,reproach,-2.99609375,0.23791012167930603,9
cha,mot,-5.634033203125,1.0277254581451416,9
chair,cover,-2.564453125,-0.09228643774986267,9
chair,cowboy,0.81787109375,-0.416433185338974,9
chair,door,1.5703125,0.13240653276443481,9
chairs,settees,14.6630859375,0.16576793789863586,9
charcoal,wire,10.505859375,0.0279960036277771,9
charity,kindness,-3.8472700119018555,-0.07586858421564102,9
cheaply,easily,-1.64385986328125,0.08596563339233398,9
chewing,swallowing,7.31202507019043,0.12663590908050537,9
chill,gloom,-2.232421875,-0.12108100950717926,9
chill,penetrating,-6.7816925048828125,0.04222428798675537,9
chilling,hard,-1.8939895629882812,0.2679896652698517,9
chips,sausage,7.535400390625,0.5546838045120239,9
choke,cough,-4.82568359375,0.11749103665351868,9
cigarettes,coffee,0.072265625,-0.1431272029876709,9
circled,circled,-2.0446600914001465,-0.12070340663194656,9
cj,vf,2.17578125,0.15744474530220032,9
cleanse,purify,-0.79296875,-0.31244635581970215,9
clouds,convection,-4.11932373046875,-0.3791697323322296,9
clouds,mist,1.2846322059631348,0.16608095169067383,9
clouds,surf,6.022705078125,0.022244364023208618,9
coatings,semiconductors,0.8242263793945312,-0.10391635447740555,9
coffee,conversation,6.1611328125,-0.23877927660942078,9
coffee,cookies,3.3203125,0.5028283596038818,9
coffee,more,-3.6620025634765625,0.39742323756217957,9
coffee,shit,-2.9965133666992188,0.2449924647808075,9
coke,shit,-9.5098876953125,0.46096882224082947,9
collected,cool,0.46875,0.1821390688419342,9
collected,correlated,8.72149658203125,0.13135182857513428,9
color,shape,-7.4580078125,0.032721132040023804,9
color,warmth,3.6922168731689453,-0.32082563638687134,9
combustion,corrosion,-11.138458251953125,0.14341837167739868,9
combustion,respiration,6.78515625,-0.15172475576400757,9
complications,mortality,10.836570739746094,0.016825392842292786,9
computered,transcribed,-6.560546875,-0.06716801226139069,9
concerts,nightclubs,1.0745124816894531,0.14030668139457703,9
condensed,distilled,3.1942138671875,-0.07110044360160828,9
confessed,killed,-3.5546875,-0.11691998690366745,9
confiding,tender,-3.29595947265625,0.37284621596336365,9
conspiracies,plots,-3.697265625,0.014332011342048645,9
constantly,hard,5.551104545593262,0.5776791572570801,9
contented,happy,3.646484375,-0.045092739164829254,9
contented,thankful,-1.0908203125,-0.011431142687797546,9
contrary,ungrateful,-5.173611164093018,0.06389951705932617,9
controlled,natural,3.8665771484375,0.14247626066207886,9
cool,cool,1.1240234375,-0.12070340663194656,9
cool,hard,-1.5634469985961914,0.427141398191452,9
cool,harden,8.0390625,0.14748486876487732,9
cool,lovely,6.0634765625,0.2815261483192444,9
cool,shadowy,3.72064208984375,0.06417018175125122,9
cool,short,-3.0679931640625,-0.0779881477355957,9
cool,warm,4.845889091491699,0.12860530614852905,9
cool,wetting,3.654796600341797,-0.26726341247558594,9
cordial,warm,-7.675079345703125,0.375957727432251,9
corrosion,electrochemistry,-3.806211471557617,0.2161954641342163,9
corrupted,rich,-11.59710693359375,0.07787543535232544,9
cough,cough,6.28515625,-0.12070340663194656,9
cowed,trembling,-3.912689208984375,0.5421121120452881,9
crabs,periwinkles,-4.306892395019531,-0.09733369946479797,9
created,destroyed,4.06005859375,-0.07711808383464813,9
created,directed,4.69232177734375,0.0869532972574234,9
cries,cries,-6.29931640625,-0.12070340663194656,9
cries,falls,-0.93359375,-0.15494287014007568,9
cries,jeers,-10.829869270324707,-0.04896727204322815,9
cries,noises,3.255859375,-0.08996310830116272,9
crumbling,dirty,-3.9030134677886963,-0.04260256886482239,9
crumbs,water,4.582855224609375,0.005509689450263977,9
dams,railroads,3.0148096084594727,-0.4037275016307831,9
dbottle,teapot,6.16064453125,-0.030106768012046814,9
decorating,unpacking,3.639892578125,0.18916836380958557,9
dedicated,hard,0.7757568359375,0.03773429989814758,9
dedicated,talented,0.06601977348327637,-0.10110315680503845,9
deepest,finest,1.435546875,0.2339428961277008,9
defiled,killed,2.5235595703125,0.37514904141426086,9
deliberation,skill,-2.49609375,-0.27598482370376587,9
demeanor,speech,2.267529010772705,-0.15495282411575317,9
deposed,fled,1.25836181640625,-0.34595462679862976,9
designs,prototypes,5.84765625,0.10132628679275513,9
desk,door,-4.390796661376953,0.260730117559433,9
desolate,pitiful,6.236246109008789,-0.055291883647441864,9
despair,gloom,10.58367919921875,0.26934877038002014,9
despair,weariness,-8.48828125,0.05239933729171753,9
destroyed,plundered,-3.1309237480163574,0.13590434193611145,9
die,go,-2.2900390625,-0.05578284710645676,9
die,live,11.279447555541992,-0.05491110682487488,9
die,overheat,3.59765625,0.12716785073280334,9
die,pine,0.685546875,0.17554113268852234,9
die,sicken,0.810546875,0.3232065737247467,9
dimms,processors,-0.7948112487792969,-0.12677933275699615,9
dipping,lifting,-3.826416015625,-0.12619978189468384,9
directed,founded,7.73046875,-0.08597790449857712,9
dirtiest,hardest,6.703125,0.10655651986598969,9
dirty,dirty,8.596435546875,-0.12070340663194656,9
dirty,dumpy,1.0736160278320312,-0.019466370344161987,9
dirty,filthy,-9.321910858154297,-0.3836837708950043,9
dirty,hard,-4.06396484375,-0.18969734013080597,9
dirty,mane,8.16815185546875,0.013987302780151367,9
disappear,evaporate,5.40234375,-0.22748948633670807,9
displeased,grieved,-8.1171875,0.07553641498088837,9
displeased,mortified,1.2424850463867188,-0.08881441503763199,9
donkey,shrek,-10.71728515625,0.20935454964637756,9
door,wall,-6.222015380859375,-0.12731456756591797,9
due,proper,2.904296875,-0.28272873163223267,9
dumpy,listless,17.736328125,0.09202629327774048,9
dumpy,short,-1.6396484375,0.33087703585624695,9
dwarves,elves,-0.88067626953125,0.07939042150974274,9
dwarves,midgets,5.61572265625,0.11872084438800812,9
dying,wounded,-3.6064453125,-0.040961720049381256,9
easily,naturally,11.0,-0.28150278329849243,9
eels,soles,4.430419921875,0.5459059476852417,9
elastic,sticky,2.58837890625,-0.13766759634017944,9
elated,happy,1.9267578125,0.0015330836176872253,9
elves,gnomes,3.8432044982910156,0.020833224058151245,9
embalming,mummification,4.783203125,0.3968665301799774,9
engaging,speaking,2.3974609375,0.18194249272346497,9
enterprising,hard,-4.537109375,0.02853916585445404,9
erases,sponge,2.93896484375,-0.1537739336490631,9
escape,flight,-3.3515625,-0.018593549728393555,9
escape,return,-5.278316497802734,0.04107116162776947,9
escape,safety,-2.95947265625,-0.10337282717227936,9
evidence,procedure,4.455078125,-0.025478191673755646,9
exchanged,recycled,3.5008087158203125,-0.20309409499168396,9
exciting,hard,-3.504688262939453,-0.030440598726272583,9
exciting,severe,-2.29534912109375,0.006295621395111084,9
exile,poverty,1.740234375,0.4210352599620819,9
existing,projected,-3.72265625,-0.1541174203157425,9
explore,go,1.93212890625,0.2051536738872528,9
explorers,sailors,-3.5136051177978516,-0.06432098895311356,9
faint,indistinct,10.40460205078125,-0.4615883231163025,9
faint,lovely,0.90234375,0.0233076810836792,9
faithless,perverse,0.6343994140625,0.28724241256713867,9
falls,trips,-2.541015625,0.07731705904006958,9
favour,kindness,-9.3311767578125,0.3168904185295105,9
feasts,sake,10.41455078125,-0.09962876886129379,9
fences,sheds,0.1435546875,-0.17323464155197144,9
fertilizer,seeds,6.133056640625,0.04553841054439545,9
few,scattering,2.7514405250549316,-0.06058240681886673,9
few,short,-0.7884521484375,0.1345629096031189,9
fia,mot,-6.30078125,-0.26427796483039856,9
fidelity,luck,3.47613525390625,0.18401005864143372,9
field,flood,1.146484375,0.020010516047477722,9
field,forest,-1.5814208984375,0.0563444048166275,9
figures,lights,8.83245849609375,0.08987215161323547,9
filthy,yonkers,-5.33642578125,-0.04673030972480774,9
finally,then,-5.1266279220581055,-0.15913863480091095,9
fine,flyaway,2.931640625,-0.2374110072851181,9
fine,lovely,14.977846145629883,0.222449392080307,9
fine,loyal,-4.32470703125,-0.39314645528793335,9
fine,pretty,5.72265625,0.7004199028015137,9
fine,warm,-1.642578125,0.043296441435813904,9
finest,hardest,-0.30859375,0.017623499035835266,9
firm,hard,-2.150063991546631,0.6771072149276733,9
firm,unyielding,-11.0859375,-0.128844752907753,9
fled,gone,6.79296875,0.2848929762840271,9
flint,rubble,1.0175666809082031,0.08044637739658356,9
flint,stone,3.787109375,-0.37675097584724426,9
flow,flow,1.333984375,-0.12070340663194656,9
following,safety,-4.90380859375,-0.12701773643493652,9
fondness,respect,2.794344902038574,-0.18534675240516663,9
forbearance,patience,-4.297330856323242,0.2194802165031433,9
forest,plain,1.0439453125,0.2410074770450592,9
forest,stream,-0.5306739807128906,0.3586287200450897,9
fornication,matchmaking,1.486328125,0.04728025197982788,9
forward,return,-10.8466796875,-0.10311996936798096,9
frail,pretty,6.15228271484375,0.198894202709198,9
freckles,shit,-7.009765625,0.23024526238441467,9
fruits,leaves,-0.6814308166503906,-0.49268847703933716,9
fruits,seeds,2.160888671875,-0.49399232864379883,9
frustration,research,-5.2216796875,-0.020127706229686737,9
funnier,funnier,0.19423294067382812,-0.12070340663194656,9
fussily,noisily,-2.380514144897461,0.019402801990509033,9
gasping,singed,-1.1056275367736816,-0.05967862531542778,9
gasping,trembling,-8.59228515625,-0.0715993344783783,9
gazed,gazed,-2.280029296875,-0.12070340663194656,9
gazed,sympathized,-1.1015625,-0.05875508487224579,9
gentle,loyal,-2.8016357421875,-0.20701777935028076,9
gentle,pretty,1.657517910003662,0.882543683052063,9
gentle,refined,-3.8983917236328125,0.5285972356796265,9
gentle,safe,5.252685546875,-0.0685177594423294,9
gentle,tender,7.809135437011719,0.3744755685329437,9
gentle,valiant,4.442901611328125,0.17606383562088013,9
gentle,warm,0.0,0.3431868553161621,9
gerken,leigh,-5.832305908203125,0.8290772438049316,9
gloom,unhappiness,-4.7568359375,-0.12338386476039886,9
gnomes,pixies,-4.376190185546875,-0.1419433057308197,9
go,go,1.53924560546875,-0.12070340663194656,9
go,grumble,-1.3583984375,-0.02670418471097946,9
go,inquire,-4.825122833251953,0.05134101212024689,9
go,live,-4.37890625,0.6130813360214233,9
go,push,-1.9158935546875,-0.08878692984580994,9
go,return,6.02392578125,0.2954425811767578,9
go,sleep,0.83154296875,0.1980069875717163,9
go,switch,1.57373046875,-0.01875309646129608,9
goatees,tattoos,5.53515625,0.3864388167858124,9
golden,pink,1.57696533203125,0.4258404076099396,9
golden,rosy,3.0126266479492188,0.34536513686180115,9
golden,warm,1.710296630859375,-0.07654057443141937,9
gone,vanished,1.66015625,-0.0803854838013649,9
grasslands,woodlands,5.602786064147949,-0.027639836072921753,9
gravy,starch,0.49609375,0.08378826081752777,9
guitarist,keyboardist,-1.76171875,0.17098063230514526,9
half,half,-2.413787841796875,-0.12070340663194656,9
half,inch,1.3446245193481445,0.231531023979187,9
hall,saw,-6.0244140625,0.041399940848350525,9
hammer,saw,-1.10382080078125,-0.09210316836833954,9
hammer,screwdriver,-0.6694817543029785,-0.09223252534866333,9
happy,harmonious,0.94586181640625,-0.0010604709386825562,9
happy,hurt,-2.9937744140625,0.0673058032989502,9
happy,natural,-3.46337890625,-0.445658802986145,9
happy,pretty,3.49609375,0.2317560911178589,9
happy,proper,-1.307373046875,-0.10292579233646393,9
happy,rich,6.46052360534668,-0.041251376271247864,9
happy,rosy,-7.57452392578125,0.17094340920448303,9
happy,safe,-0.3519287109375,-0.017437338829040527,9
happy,thankful,3.865234375,0.1535080373287201,9
happy,there,-3.3566179275512695,-0.05430613458156586,9
happy,warm,-8.06640625,0.15017154812812805,9
hard,harsh,8.22705078125,0.14274144172668457,9
hard,heartless,0.8876953125,-0.009841598570346832,9
hard,painful,5.8077392578125,-0.18460698425769806,9
hard,severe,6.638071060180664,-0.13213878870010376,9
hard,square,-4.56640625,-0.01916573941707611,9
hard,tiresome,-8.903915405273438,-0.22426968812942505,9
hard,trying,-2.7473526000976562,-0.4535577595233917,9
hard,unyielding,-3.165822982788086,-0.5236163139343262,9
harsh,unfair,-6.1181640625,-0.2023317813873291,9
harsh,unpleasing,6.117717742919922,0.053285881876945496,9
hawks,kites,-1.5873489379882812,0.0524616539478302,9
hawks,owls,12.50390625,0.10990796983242035,9
haze,mist,3.6640625,-0.12878140807151794,9
hearing,speech,0.08579111099243164,-0.06526796519756317,9
heartless,unsentimental,1.29278564453125,-0.1832500398159027,9
hills,lakes,-2.54638671875,0.013713419437408447,9
hills,streams,-5.1976318359375,-0.09238457679748535,9
home,live,6.31640625,0.07970614731311798,9
home,safety,10.3037109375,-0.06631501764059067,9
home,ship,-6.290283203125,-0.21363776922225952,9
home,there,-3.1435546875,-0.10798902064561844,9
homeless,wandering,0.0,0.18212968111038208,9
hoots,jeers,2.59228515625,-0.08121154457330704,9
hoping,trying,0.0,-0.10612058639526367,9
hoping,waiting,-6.3896484375,-0.12489436566829681,9
hunted,hunted,-3.786740303039551,-0.12070340663194656,9
hunted,rose,-4.4951171875,0.03282013535499573,9
hurt,killed,-4.576171875,-0.02173895388841629,9
hurt,unhappiness,0.4968852996826172,-0.09528259932994843,9
hurt,wounded,-1.3134765625,0.17858150601387024,9
hydrogen,rubidium,-1.3700027465820312,0.37479451298713684,9
ignorance,poverty,1.29296875,-0.05943756550550461,9
ignorance,sloth,3.5364952087402344,0.06621314585208893,9
inconsiderate,irresponsible,4.611328125,0.00042269378900527954,9
innocently,naturally,-1.526123046875,-0.04637282341718674,9
institutional,structural,1.408203125,-0.07297289371490479,9
insubordination,treason,3.56488037109375,0.0383722186088562,9
insurrection,treason,-1.51171875,0.15940579771995544,9
intrapreneurial,startup,8.039482116699219,0.07966969907283783,9
irresponsible,sadic,2.2880859375,0.12542620301246643,9
jewish,muslim,2.671875,0.20531406998634338,9
jewish,polish,-0.292111873626709,0.1147240549325943,9
judy,punch,0.09423828125,-0.10925565659999847,9
jumping,tossing,2.4235382080078125,-0.0730038434267044,9
killed,mutilated,6.66119384765625,0.19336363673210144,9
killed,trapped,0.324462890625,0.35447731614112854,9
killed,vanished,-2.505859375,0.06179782748222351,9
killed,wounded,-5.916015625,0.029487669467926025,9
kilograms,pounds,4.419921875,0.011298775672912598,9
kindness,respect,6.578069686889648,-0.2272523045539856,9
kindness,teaching,2.16650390625,-0.39744120836257935,9
kindness,understanding,3.896484375,0.027054190635681152,9
kisses,smiles,7.34375,0.017059311270713806,9
knights,soldiers,0.6980161666870117,-0.050984181463718414,9
lakes,streams,-12.1396484375,-0.33358651399612427,9
layers,layers,7.10546875,-0.12070340663194656,9
leagues,leagues,-2.6891860961914062,-0.12070340663194656,9
leaping,taunting,1.6787109375,0.08394657075405121,9
leaping,vaulting,-4.340850830078125,-0.318520724773407,9
leaves,primroses,3.125,0.3033991754055023,9
lecturing,teaching,9.072265625,-0.09506687521934509,9
lifting,shaking,5.38671875,0.5744761228561401,9
lights,noises,1.11328125,0.32051077485084534,9
lights,ornaments,-1.276529312133789,-0.30153197050094604,9
listless,uninterested,-3.476806640625,-0.1106669008731842,9
literal,plain,-5.052452087402344,0.03044825792312622,9
live,sleep,-1.6523895263671875,0.4805165231227875,9
lotions,splints,9.421142578125,0.24625828862190247,9
lovable,lovely,2.986328125,-0.003552943468093872,9
lovable,warm,0.39453125,0.31149157881736755,9
lovely,real,-3.08154296875,-0.1928166002035141,9
lovely,talented,-0.39453125,-0.6886316537857056,9
lovely,tender,1.11279296875,-0.08078737556934357,9
lovely,warm,-1.34765625,0.08885422348976135,9
lovingly,submissively,-15.99609375,0.03685280680656433,9
lovingly,warmly,-1.88037109375,0.25933727622032166,9
luck,skill,-2.728515625,0.029271036386489868,9
magic,wonder,-3.4990234375,-0.07818309217691422,9
main,orignal,-3.6530418395996094,-0.23149776458740234,9
major,minor,5.77362060546875,-0.158980131149292,9
marches,protests,6.323211669921875,0.10200832784175873,9
medication,therapy,-0.55859375,0.2548394501209259,9
microscopes,telescopes,-6.9248046875,-0.03413878381252289,9
miles,miles,8.33938980102539,-0.12070340663194656,9
misfortune,poverty,-6.894775390625,0.0013040155172348022,9
modifying,updating,15.59375,-0.14426261186599731,9
mold,pat,-4.0673828125,-0.0026856064796447754,9
monkeys,shit,-5.37823486328125,0.23521247506141663,9
more,more,5.2548828125,-0.12070340663194656,9
mortar,stone,-2.8828125,-0.08239041268825531,9
mot,smiles,3.17095947265625,0.7325562238693237,9
motionless,prone,-2.673248291015625,-0.14687098562717438,9
murder,treason,-7.912109375,0.07240594923496246,9
name,shape,0.8534317016601562,0.4034810960292816,9
narrower,shorter,5.107276916503906,0.610357403755188,9
natural,proper,4.246814727783203,-0.10486975312232971,9
natural,safe,5.054574966430664,-0.25478214025497437,9
natural,synthetic,-3.800445556640625,0.26623085141181946,9
natural,unconcerned,1.318359375,-0.05264107510447502,9
neater,neater,-3.839022159576416,-0.12070340663194656,9
needles,silks,0.802734375,-0.14747771620750427,9
needles,thimbles,-6.08984375,-0.03926563262939453,9
negative,positive,2.1255741119384766,0.09011119604110718,9
negative,substandard,3.22265625,-0.5458859205245972,9
night,sunlight,4.8641357421875,0.7631514072418213,9
nouns,pronouns,-3.66015625,0.03565795719623566,9
oblong,square,1.52337646484375,-0.02190496027469635,9
olios,tarts,-2.0859375,-0.20445701479911804,9
orange,pineapple,7.40155029296875,-0.027052171528339386,9
orange,pink,0.998046875,0.24173060059547424,9
oranges,wine,0.82177734375,0.047503918409347534,9
ornaments,slides,-1.90625,0.1118415892124176,9
override,unlock,8.8876953125,0.23703011870384216,9
painful,pitiful,-2.4599609375,-0.05904211848974228,9
painful,severe,5.440135955810547,-0.09812624752521515,9
participation,victories,-5.295989990234375,-0.1107393279671669,9
pine,spruce,0.484375,0.015865370631217957,9
plain,pretty,1.3791656494140625,0.17991408705711365,9
plain,square,-0.86798095703125,0.02056749165058136,9
plain,unattractive,12.703125,-0.26092785596847534,9
plenty,plenty,-0.091796875,-0.12070340663194656,9
plenty,warmth,3.2568359375,0.2767433822154999,9
plotting,scheming,5.72021484375,0.04115147888660431,9
policemen,reporters,-2.4501953125,0.3304958939552307,9
policemen,soldiers,1.1785411834716797,-0.12060665339231491,9
policies,procedures,-3.31640625,0.021242111921310425,9
policies,programmes,-3.4437828063964844,-0.22540929913520813,9
pondered,pondered,9.789794921875,-0.12070340663194656,9
pounds,pounds,3.232961893081665,-0.12070340663194656,9
pounds,throbs,-0.28125,0.22667381167411804,9
pretty,refined,5.857177734375,-0.15837684273719788,9
pretty,safe,-1.1112184524536133,-0.32596492767333984,9
prim,proper,1.1822576522827148,-0.01577983796596527,9
primed,waiting,1.647491455078125,0.23562738299369812,9
procedure,structures,-6.361328125,0.2381342351436615,9
projects,texts,-1.59765625,0.002286657691001892,9
proper,safe,-1.0394515991210938,-0.10552474111318588,9
proposals,recommendations,2.06689453125,0.1099788248538971,9
protests,texts,-3.0584487915039062,0.0049576908349990845,9
prowess,skill,-0.927734375,-0.13063481450080872,9
pry,push,1.6319427490234375,0.17407658696174622,9
pushback,taxi,0.5327053070068359,0.6382056474685669,9
question,wonder,9.92724609375,0.10297784209251404,9
ragtags,scum,11.11712646484375,0.09998708963394165,9
railroads,utilities,5.9375,-0.007644616067409515,9
real,symbolic,-4.947265625,0.1365792453289032,9
real,valid,4.0537109375,-0.09642774611711502,9
rent,taxes,1.314453125,-0.15189966559410095,9
reproach,strife,3.1247901916503906,-0.014442488551139832,9
research,teaching,-5.336589336395264,-0.013152912259101868,9
resinous,vitreous,5.19350004196167,0.02546173334121704,9
respect,understanding,5.12548828125,0.05373623967170715,9
results,scores,-2.218806505203247,0.2025756537914276,9
return,sleep,8.132125854492188,0.23558631539344788,9
rich,rich,2.64013671875,-0.12070340663194656,9
rich,warm,-1.0028940439224243,1.0552419424057007,9
richer,richer,5.1328125,-0.12070340663194656,9
riflemen,soldiers,-0.41796875,0.12027108669281006,9
rockholes,streams,0.79150390625,-0.016691982746124268,9
roped,tied,2.098419189453125,-0.39181214570999146,9
rose,rose,-1.8994855880737305,-0.12070340663194656,9
rose,waxed,-4.544921875,0.18878716230392456,9
rosy,warm,-4.827667236328125,0.34015756845474243,9
rubble,spoil,-10.0302734375,-0.32769399881362915,9
sadder,sadder,-2.669921875,-0.12070340663194656,9
safe,sheltered,6.0264892578125,-0.3770119547843933,9
safe,warm,8.753875732421875,0.45087960362434387,9
safety,security,-4.85546875,-0.12567885220050812,9
sailors,soldiers,-0.593597412109375,-0.12707063555717468,9
savory,tender,-1.846923828125,0.42797061800956726,9
saw,shrieked,-4.174781799316406,0.08195151388645172,9
scalded,smashed,4.30859375,0.18518725037574768,9
scholars,soldiers,-13.888671875,-0.21893413364887238,9
scholars,sultans,1.6767578125,-0.12565943598747253,9
seamen,soldiers,-0.318359375,-0.06589063256978989,9
seclusion,shyness,2.8331451416015625,0.026041164994239807,9
security,warmth,-0.8369140625,0.22610723972320557,9
seeds,shit,3.908447265625,0.9228160381317139,9
severe,unaccustomed,3.0177001953125,-0.31053656339645386,9
shanties,sheds,6.394859313964844,0.2452031672000885,9
short,snappish,-0.9443359375,-0.08152051270008087,9
short,square,-4.1437225341796875,-0.016223058104515076,9
short,stubby,0.556396484375,-0.49442365765571594,9
short,thickly,-3.666015625,0.029977723956108093,9
shorter,shorter,-2.5838165283203125,-0.12070340663194656,9
silences,speech,1.1028518676757812,0.2563490867614746,9
singly,then,-2.582275390625,0.06349831819534302,9
sinning,sinning,-4.171875,-0.12070340663194656,9
sister,twin,-5.1898193359375,0.43788740038871765,9
sleep,sleep,-3.577789306640625,-0.12070340663194656,9
sleepier,sleepier,-7.501213073730469,-0.12070340663194656,9
smiles,sobs,-0.232421875,0.16782227158546448,9
smiles,waves,0.9580078125,-0.046920910477638245,9
sniffed,sniffed,0.0390625,-0.12070340663194656,9
soap,water,-5.943359375,0.03237271308898926,9
sole,undivided,4.076038360595703,-0.42436081171035767,9
sorry,thankful,-0.3919677734375,-0.2264145016670227,9
speech,swallowing,3.588134765625,0.09323883056640625,9
squeeze,squeeze,6.583984375,-0.12070340663194656,9
squirming,struggling,7.213056564331055,0.4334990084171295,9
sticky,warm,0.537109375,0.26824751496315,9
subjective,symbolic,1.85546875,0.17908218502998352,9
sunlight,water,-3.978515625,0.10304570198059082,9
swifter,swifter,-11.2559814453125,-0.12070340663194656,9
then,then,-0.34497833251953125,-0.12070340663194656,9
then,there,5.30859375,0.01116923987865448,9
there,there,-4.37939453125,-0.12070340663194656,9
tied,wrapped,2.220916748046875,-0.08917906880378723,9
tiresome,trite,5.288695812225342,0.0778069794178009,9
tons,tons,7.839599609375,-0.12070340663194656,9
trembling,twitching,6.74609375,-0.07523263990879059,9
trembling,waiting,0.484375,0.005830928683280945,9
trying,trying,-6.38818359375,-0.12070340663194656,9
twirled,twirled,-2.1861801147460938,-0.12070340663194656,9
vanished,vanishing,1.966094970703125,-0.019884198904037476,9
victual,water,-2.8441162109375,0.7061939239501953,9
waiting,waiting,-3.9952468872070312,-0.12070340663194656,9
wall,water,-0.46484375,0.10205106437206268,9
warm,welcoming,1.29443359375,-0.5636820793151855,9
water,water,12.603515625,-0.12070340663194656,9
water,wine,-3.19140625,-0.5642603635787964,9
whiter,whiter,3.5161819458007812,-0.12070340663194656,9
