word1,word2,preference,mlp_pred,fold
abetting,aiding,-5.121723175048828,0.11976584792137146,0
academic,parental,-4.740234375,0.14932987093925476,0
acceptance,recognition,0.36328125,-0.12480191886425018,0
acoustic,electric,-5.0009765625,0.8286569118499756,0
adenine,guanine,-7.71484375,0.32991743087768555,0
adjustment,haggling,-9.967681884765625,-0.002349630231037736,0
adventures,pictures,6.238652229309082,0.8131763339042664,0
affirmation,liberation,1.455078125,0.08073747158050537,0
afloat,popular,2.3040847778320312,-0.10759665071964264,0
agents,supplies,2.25,0.10717101395130157,0
agreed,approved,0.31591796875,0.027641193941235542,0
ahead,shiver,2.0021896362304688,0.4477127492427826,0
airfields,factories,13.365234375,-0.00026587117463350296,0
airfields,ports,0.041015625,-0.14497867226600647,0
ands,ifs,2.16796875,0.1357494741678238,0
angrier,angrier,-5.533203125,0.5128277540206909,0
annoyance,disappointment,1.54296875,-0.19492024183273315,0
annoyed,restless,-2.605865955352783,0.3112129271030426,0
anthropology,voice,-7.5626220703125,-0.2997572422027588,0
apart,floor,1.65625,-0.3136589825153351,0
apologize,stuff,-5.8671875,0.1652209758758545,0
appalling,terrible,4.376190185546875,0.14879615604877472,0
applauding,cheering,-3.3794708251953125,0.1793297678232193,0
aqueducts,sewers,-1.61517333984375,-0.022202471271157265,0
arm,arm,-2.56646728515625,-0.19585341215133667,0
aroused,irritated,0.6572265625,-0.4831797182559967,0
arrogance,riches,-3.982177734375,0.329378217458725,0
arteries,veins,1.327972412109375,0.06849773973226547,0
arums,mangroves,0.7258892059326172,0.30387070775032043,0
associate,supporting,-1.3051681518554688,-0.12084052711725235,0
attack,attack,4.84765625,0.021418780088424683,0
attack,defense,-0.44138336181640625,0.03982535004615784,0
attractions,television,-5.810815334320068,0.07567078620195389,0
away,away,-1.423828125,0.13825999200344086,0
away,down,-4.27734375,-0.022005021572113037,0
away,good,-3.1514892578125,-0.03592580929398537,0
axes,scythes,-4.2294921875,-0.08609765768051147,0
axes,shovels,4.674860000610352,-0.13725535571575165,0
axes,spades,-1.9794921875,-0.12993204593658447,0
bacon,bread,9.259765625,0.27456721663475037,0
bacon,cornbread,1.32354736328125,0.10208076238632202,0
bald,stony,2.831759452819824,0.11041796207427979,0
bald,toothless,-9.125,0.30913522839546204,0
bales,boxes,2.115234375,-0.11054407060146332,0
banged,clattered,3.95703125,0.0681796595454216,0
barrows,shovels,-0.8046875,0.15317657589912415,0
bat,scull,0.2435302734375,-0.14933040738105774,0
beast,men,-1.9326171875,0.2966945469379425,0
beige,green,-3.499755859375,0.4049353301525116,0
beneficent,patriarchal,-0.469895601272583,-0.26801857352256775,0
better,better,1.64453125,0.2843782305717468,0
better,good,3.932657241821289,-0.1384456306695938,0
better,popular,3.5546875,0.13553090393543243,0
better,worse,4.38330078125,0.47414591908454895,0
biblical,julian,7.9000244140625,0.06975078582763672,0
billboards,magazines,4.3228759765625,0.20640970766544342,0
billions,billions,-10.3564453125,0.024099014699459076,0
blanket,coat,5.547752380371094,-0.5620254874229431,0
blanket,doll,-6.858951568603516,-0.5574466586112976,0
blanket,popbeads,0.9959545135498047,-0.6164892911911011,0
blindfold,plaintively,-2.257080078125,0.45031416416168213,0
blink,sit,1.2021484375,-0.004406794905662537,0
blistered,bloody,6.95361328125,-0.06673745810985565,0
blistered,burned,5.50537109375,-0.16528484225273132,0
bloody,guts,-0.8125839233398438,0.3142189681529999,0
bloody,terrible,0.728515625,-0.3159569799900055,0
bloody,well,-5.796875,0.04479321837425232,0
bloomers,sneakers,-6.05078125,-0.12358900904655457,0
blue,glowing,-2.770348072052002,0.13415862619876862,0
blue,gold,-0.404296875,-0.1363179087638855,0
blue,green,-0.712890625,-0.3108430504798889,0
blue,restless,-3.4307594299316406,-0.12670469284057617,0
bonnet,veil,1.5679597854614258,-0.05072754994034767,0
bony,discoloured,-8.689892768859863,-0.2026761770248413,0
boobs,pubes,3.762451171875,0.24146345257759094,0
brains,pluck,6.3209228515625,0.8073103427886963,0
bravely,unfalteringly,-2.484375,0.1229269951581955,0
bravely,well,-2.9109039306640625,0.4728744924068451,0
bread,fishes,0.33984375,-0.03552747890353203,0
bread,salami,-0.14404296875,0.1711369901895523,0
bread,stuff,9.55810546875,0.11932943761348724,0
brickdust,paraffin,-2.232421875,-0.011027559638023376,0
brokenly,incoherently,-3.91748046875,0.509800136089325,0
built,made,-8.3599853515625,-0.5354638695716858,0
burial,cremation,-2.439453125,-0.11976991593837738,0
burned,burned,-3.5107421875,0.5107831954956055,0
burned,spluttered,2.86328125,0.2998623549938202,0
bustling,dynamic,5.51171875,0.16608673334121704,0
calcified,hardened,3.6241607666015625,-0.12511654198169708,0
calcium,oxygen,-11.830078125,-0.22382302582263947,0
calcium,phosphate,2.39208984375,-0.166515052318573,0
calcium,plutonium,-2.57421875,-0.19645437598228455,0
caps,goals,-1.849609375,0.3739086091518402,0
caps,nightgowns,2.080078125,0.1156478226184845,0
carriage,servants,-3.28173828125,0.4127750098705292,0
ceiling,floor,-4.38385009765625,0.14360274374485016,0
cement,sand,-2.2890625,-0.4018684923648834,0
cement,steel,0.0,-0.06322561949491501,0
charts,pictures,-4.24609375,0.039268117398023605,0
cheering,hooting,0.578125,0.09686020016670227,0
cigars,lemonade,-1.1316680908203125,0.03277185559272766,0
cinematography,photography,-2.6015625,0.026243457570672035,0
citizenship,history,-1.07861328125,-0.1992720514535904,0
civil,commercial,-0.6575927734375,-0.44463905692100525,0
cleaning,repairing,-2.2261962890625,-0.09765638411045074,0
cleaning,stuff,1.945281744003296,-0.2556504011154175,0
clever,good,-3.2764933109283447,0.030868053436279297,0
clever,honest,4.262077331542969,0.07035066932439804,0
clever,industrious,10.03076171875,-0.41651347279548645,0
coat,hat,-4.44921875,0.46441367268562317,0
comedy,dancing,0.7734375,0.3133501410484314,0
comedy,songs,0.0,0.23934301733970642,0
comfort,counsel,7.518962860107422,0.5130463242530823,0
comfort,delight,2.061685562133789,0.15641769766807556,0
comfort,edification,-0.0556640625,0.024501293897628784,0
comfort,inspiration,-3.2900390625,0.16240130364894867,0
comfort,prosperity,-3.921875,-0.15430337190628052,0
comfort,riches,-1.01171875,0.10447907447814941,0
comfort,support,1.600001335144043,0.11193732917308807,0
commanding,distinct,-5.853515625,0.8356101512908936,0
commercial,corporate,5.537109375,-0.41550639271736145,0
commercial,ferry,-0.00824737548828125,-0.09929782152175903,0
compliments,court,8.703125,-0.02101544477045536,0
comprehensiveness,depth,-3.3484458923339844,-0.006640538573265076,0
constitutionalism,economics,5.7025604248046875,0.11725442856550217,0
contemptuous,curt,-4.55859375,-0.3815076947212219,0
contents,hat,-2.71533203125,-0.2880517542362213,0
contracts,licenses,-3.0703125,-0.22491274774074554,0
copper,gold,-2.4375,-0.20473447442054749,0
copper,steel,-1.74951171875,-0.017154095694422722,0
corn,oysters,1.42333984375,0.47360095381736755,0
correct,correct,-8.15234375,-0.40113553404808044,0
correct,erase,3.644287109375,-0.3291810154914856,0
correct,present,6.044683456420898,-0.15542791783809662,0
corrected,typed,2.51123046875,-0.007199794054031372,0
coughs,groans,3.779296875,0.3262629508972168,0
coughs,sings,1.17578125,0.5163326263427734,0
court,perjury,-3.81707763671875,-0.22717055678367615,0
covert,ingenious,-5.726318359375,-0.17142990231513977,0
cowered,such,14.83056640625,0.63511061668396,0
creaked,swerved,8.513671875,0.21422384679317474,0
crepuscular,diurnal,5.693359375,0.21934042870998383,0
cricket,football,0.889312744140625,0.2700812518596649,0
crosser,crosser,2.1007080078125,-0.15321186184883118,0
crows,poultry,-4.65625,0.035637013614177704,0
cubes,triangles,1.6767578125,0.15427906811237335,0
danby,winter,-1.4720431566238403,0.3341691195964813,0
dancers,wood,-3.009613037109375,0.18466806411743164,0
dancing,dinner,-2.4037322998046875,0.01906934380531311,0
dancing,drinking,-10.740234375,0.39866551756858826,0
deaf,stupid,-1.02642822265625,0.33314719796180725,0
debauch,riot,-0.16796875,0.07113729417324066,0
defector,stateless,-0.76953125,0.0179746150970459,0
defense,offense,1.128173828125,0.6388360857963562,0
dehydration,deprotonation,-2.1581192016601562,0.20659655332565308,0
delight,tenderness,4.395111083984375,-0.1394394487142563,0
demonstrations,petitions,13.3538818359375,0.03548107668757439,0
depth,diameter,-2.6031494140625,0.34402525424957275,0
depth,information,0.37109375,0.27142372727394104,0
depth,soundness,0.70703125,0.06656143069267273,0
despised,poor,-0.826171875,-0.08419810980558395,0
devils,witches,-3.37890625,-0.20363061130046844,0
devious,ruthless,1.821929931640625,-0.3160865902900696,0
dim,misty,-10.287109375,0.1216178834438324,0
dim,threatening,-6.86328125,0.09278590977191925,0
dinner,stuff,-2.1132583618164062,0.7810500264167786,0
disappointment,doubt,6.3495635986328125,-0.23966556787490845,0
disappointment,neglect,2.512939453125,0.1041206419467926,0
disappointment,sorrow,-2.718475341796875,-0.27775222063064575,0
disgraced,humiliated,4.4256591796875,-0.4147619307041168,0
dishonor,honor,-3.4873046875,-0.10555741935968399,0
disinherited,dispossessed,-1.38818359375,-0.3496805727481842,0
dispatches,dispatches,-6.2244873046875,0.11493504792451859,0
do,good,-4.262937545776367,0.31542953848838806,0
do,stuff,4.5341796875,0.14511790871620178,0
do,undo,-1.525390625,0.5625710487365723,0
docile,industrious,-1.7421722412109375,0.4521137773990631,0
doll,hat,-3.2171478271484375,0.056856587529182434,0
doll,popbeads,-0.56591796875,-0.5184383392333984,0
dollhouse,men,-2.54193115234375,-0.15462252497673035,0
doubt,speculation,-2.70166015625,0.4833711087703705,0
down,down,1.60546875,0.47317472100257874,0
down,under,1.544921875,0.2634015679359436,0
down,upstairs,-1.0532958507537842,0.2415943592786789,0
down,wireless,-2.64453125,0.17533764243125916,0
dramatically,suddenly,1.14117431640625,-0.23483538627624512,0
dreadful,terrible,-1.7822856903076172,0.31617066264152527,0
drinking,drinking,1.79296875,0.6435391306877136,0
drove,drove,13.49609375,-0.11832624673843384,0
economics,history,10.229379653930664,0.4539632499217987,0
edge,point,-3.375,0.04293382912874222,0
efficiently,smoothly,-7.7607421875,0.1458061933517456,0
electric,gravitational,-1.3647613525390625,-0.3455512821674347,0
electric,hybrid,-4.951171875,-0.24822291731834412,0
electronics,vehicles,-4.185791015625,0.09838242828845978,0
eleventh,last,-12.671875,-0.024773765355348587,0
embarrassed,humiliated,0.6065673828125,0.28918740153312683,0
embarrassed,mad,4.489013671875,0.3359404504299164,0
embarrassed,restless,-5.2388763427734375,0.20193371176719666,0
emeralds,gold,1.082763671875,-0.16294296085834503,0
enlargement,thickening,-2.6353759765625,0.45385053753852844,0
enthusiastic,excellent,-3.6103515625,-0.2868262827396393,0
enthusiastic,utensiles,-8.0703125,-0.3478024899959564,0
equal,honest,0.72265625,-0.1837688386440277,0
equal,opposite,-3.523059844970703,-0.35581693053245544,0
evening,morning,-0.826171875,0.8552420735359192,0
evil,good,-7.943359375,0.2106868028640747,0
evil,malicious,2.1413869857788086,0.20417538285255432,0
evil,unlucky,-4.876434326171875,0.1454281210899353,0
exactly,well,0.0,0.3963397443294525,0
excellent,good,4.580230712890625,-0.04164081811904907,0
excesses,shortages,-7.965118408203125,0.030745849013328552,0
exchanging,redeeming,2.826171875,0.06445864588022232,0
exclamation,interrogation,-1.086395263671875,-0.24863466620445251,0
exhausting,futile,-1.4814453125,0.2873537838459015,0
expand,freeze,-1.3534632921218872,0.13453862071037292,0
fabric,quilting,-12.03515625,0.0756664127111435,0
faces,people,-2.7734375,0.27370500564575195,0
factoring,factorisation,11.257789611816406,-0.09887225925922394,0
fascinating,noble,-6.1328125,-0.2137577086687088,0
fathoms,fathoms,-4.98828125,0.13828709721565247,0
fatter,fatter,-1.330733299255371,0.257968008518219,0
features,profiles,-8.58984375,0.6324918270111084,0
fed,housed,9.183053970336914,-0.5994444489479065,0
feedstocks,ligands,2.712890625,-0.22728317975997925,0
felids,nimravids,0.36865234375,-0.19376730918884277,0
fielders,sluggers,-3.6055908203125,0.22387507557868958,0
figs,wasps,4.6572265625,0.38144397735595703,0
files,information,5.171875,0.11091528832912445,0
files,stuff,2.18359375,0.005590468645095825,0
fishes,people,5.717529296875,0.07692106068134308,0
flatter,flatter,-4.21484375,0.0037865859922021627,0
flatulence,shots,3.18212890625,0.023021012544631958,0
flourishing,green,-4.43919563293457,-0.729963481426239,0
forests,schools,4.253269195556641,0.1149349957704544,0
former,present,-2.6122817993164062,0.060874368995428085,0
former,quarter,-3.8349609375,-0.29719123244285583,0
forties,under,3.9423828125,0.54344242811203,0
frazil,pancake,-1.0110187530517578,0.02956201881170273,0
freeze,shiver,5.379066467285156,-0.050057705491781235,0
frequently,recently,0.33203125,0.5853365063667297,0
friendlessly,homelessly,2.79345703125,0.4010462164878845,0
frustrated,irritated,-0.912109375,-0.15175089240074158,0
frustrated,whining,-2.4209821224212646,0.12744930386543274,0
future,present,2.193115234375,0.07574462890625,0
gala,rare,-3.26806640625,0.3161296546459198,0
gangsters,pimps,-4.051784515380859,-0.2580537497997284,0
geological,zoological,-7.75390625,-0.29057055711746216,0
ghostly,good,20.74609375,-0.14549726247787476,0
gifts,supplies,1.18505859375,0.42162835597991943,0
gleaming,greedy,-1.227508544921875,-0.24650417268276215,0
gloves,hat,1.4609527587890625,0.012963447719812393,0
glowing,immaculate,-9.84375,0.38035014271736145,0
gold,green,5.31683349609375,0.06471642851829529,0
gold,tangerine,0.635498046875,0.09043969213962555,0
gold,treasure,7.6171875,-0.04182915389537811,0
good,green,0.453704833984375,0.06964913010597229,0
good,honest,-0.697265625,-0.5343040823936462,0
good,honourable,-1.34375,0.07154691219329834,0
good,informative,3.2314910888671875,-0.5862747430801392,0
good,mad,-10.838733673095703,0.13527041673660278,0
good,merciful,-14.386091232299805,0.3932735323905945,0
good,noble,-3.23046875,-0.11671221256256104,0
good,poor,-4.173095703125,-0.19740770757198334,0
good,straightforward,2.107421875,-0.10463602840900421,0
good,unconstrained,-1.6852760314941406,-0.31392350792884827,0
good,well,0.5078125,0.22537429630756378,0
gowns,slippers,-9.252609252929688,0.11392128467559814,0
grains,liquids,0.5029296875,0.05751308798789978,0
graphics,photography,-3.66796875,-0.10596117377281189,0
graphics,photos,-0.080078125,-0.080490343272686,0
grave,questioning,2.302734375,0.32934117317199707,0
grave,terrible,6.98046875,-0.3393184244632721,0
grave,troubled,4.7421875,0.3776240944862366,0
green,green,0.0556640625,-0.38438087701797485,0
green,misty,-2.875,-0.15469646453857422,0
green,rust,3.4169921875,-0.07734857499599457,0
green,violet,10.357421875,0.33437925577163696,0
green,wooded,5.1533203125,-0.06033618748188019,0
grows,grows,-3.8295211791992188,0.2579928934574127,0
grumbling,whining,6.685546875,0.4404694736003876,0
guile,wile,-11.10894775390625,0.24735090136528015,0
haggard,troubled,0.58978271484375,-0.14954474568367004,0
handwritten,typed,2.78204345703125,0.05762515217065811,0
hardened,stabilised,1.362060546875,-0.05851776897907257,0
harps,songs,1.1416015625,0.08758857846260071,0
heaviness,sorrow,-2.03369140625,-0.372077614068985,0
history,mythology,2.4376602172851562,0.22330167889595032,0
honest,honourable,5.2437744140625,-0.004964563995599747,0
honest,industrious,2.228515625,-0.11159543693065643,0
honest,poignant,3.779296875,0.6538832187652588,0
honest,straight,2.357746124267578,0.023516938090324402,0
honest,straightforward,-1.919921875,0.36357301473617554,0
honor,manhood,1.173828125,0.044302478432655334,0
honor,riches,3.542520523071289,0.7339667677879333,0
honor,serve,2.052734375,-0.1879865825176239,0
honor,service,2.548828125,-0.04573819786310196,0
honor,truthfulness,-2.7822265625,0.82517009973526,0
honor,wisdom,-11.11328125,-0.13593517243862152,0
honourable,merciful,-4.5068359375,-0.10816563665866852,0
honourable,necessary,1.483846664428711,-0.17648932337760925,0
honourable,poor,0.044921875,-0.37339600920677185,0
hopes,thoughts,-1.400390625,0.5372230410575867,0
hormones,neurotransmitters,-2.1534318923950195,-0.0037273282650858164,0
hugged,kissed,4.021938323974609,-0.2786451280117035,0
humorously,jokingly,11.375934600830078,0.19459465146064758,0
hurting,terrifying,0.1435546875,0.06523792445659637,0
hydrocarbons,oxygen,-1.78955078125,0.7467327117919922,0
hymns,songs,-4.869140625,-0.18712002038955688,0
inaccurate,lurid,-14.533203125,0.6721886396408081,0
indefensible,unjustified,-9.90478515625,0.11034184694290161,0
indonesian,malaysian,5.40234375,-0.5444262027740479,0
information,knowledge,4.54296875,-0.20144230127334595,0
information,pictures,-3.4719972610473633,0.19927197694778442,0
information,services,11.11083984375,-0.24334415793418884,0
information,support,5.0054168701171875,0.2584182918071747,0
information,tips,-0.415008544921875,0.025075532495975494,0
injury,predation,2.53564453125,0.2525697946548462,0
inputs,microphones,-2.895709991455078,-0.0459425263106823,0
ins,outs,-2.6231689453125,0.24519798159599304,0
inside,under,6.51513671875,0.08654835820198059,0
insipid,poor,-2.9425048828125,0.05013837665319443,0
insipid,stupid,5.426723480224609,-0.48746511340141296,0
insisting,insisting,-5.7275390625,0.24932757019996643,0
inspections,inspections,-6.9716796875,0.10061582922935486,0
instructions,pictures,4.36328125,0.3158513903617859,0
inventors,scientists,-12.1142578125,-0.06430377066135406,0
irritated,nervous,-0.00634765625,-0.11608777195215225,0
jagged,uneven,-1.634765625,0.19062308967113495,0
jammed,overheated,-1.640625,0.14912889897823334,0
journals,magazines,-2.3782958984375,-0.2765357792377472,0
joyfully,willingly,-7.484111785888672,0.614774763584137,0
judgment,taste,8.04296875,0.36830952763557434,0
juggled,stuff,-4.06640625,0.1116388738155365,0
kid,mutton,-1.41357421875,0.24807389080524445,0
knowledge,liberation,3.7564735412597656,0.084786556661129,0
knowledge,wisdom,1.146484375,-0.3448334336280823,0
lace,leather,3.056640625,0.17028893530368805,0
lace,needlework,-4.657432556152344,0.20369650423526764,0
last,oldest,0.57861328125,-0.2529723048210144,0
last,sixteenth,-0.63671875,0.534997820854187,0
last,steepest,-4.265625,0.5094331502914429,0
last,twentieth,0.5507583618164062,0.06722734868526459,0
lefties,lefties,-3.201904296875,-0.2077653706073761,0
legitimate,popular,-0.39720964431762695,-0.3371773064136505,0
lemonade,sandwiches,-3.695326089859009,0.3204394280910492,0
libel,slander,-5.432982444763184,-0.6046871542930603,0
liberation,practicality,-0.6252949237823486,-0.09742863476276398,0
lifelike,vivid,-5.735939025878906,0.17972616851329803,0
lipsticks,skirts,-11.78076171875,0.643090546131134,0
liquid,vapor,-8.2900390625,0.015120290219783783,0
loads,loads,-12.3330078125,-0.2683117389678955,0
longest,oldest,-5.872441291809082,-0.4514544904232025,0
longest,widest,2.44921875,-0.06978166848421097,0
look,manner,-6.577362060546875,-0.2875352203845978,0
look,voice,-6.99609375,-0.04267784580588341,0
loss,sorrow,-1.083984375,0.025219770148396492,0
lurid,threatening,4.5517578125,-0.3213588297367096,0
lysosomes,peroxisomes,0.2080078125,0.11814750730991364,0
made,sold,-9.341278076171875,-0.3110611140727997,0
made,spent,3.463409423828125,-0.20799171924591064,0
majestically,silently,0.05859375,0.09230680763721466,0
malicious,stupid,3.109375,-0.7598395943641663,0
manner,voice,-12.65771484375,0.40897682309150696,0
maths,stuff,-1.0356264114379883,0.4434206485748291,0
meagre,unpalatable,0.0,0.11421404033899307,0
melodic,progressive,4.88671875,0.46199652552604675,0
men,men,10.904296875,0.05644164979457855,0
men,munition,1.582183837890625,0.06193273514509201,0
men,people,1.5670466423034668,-0.14716744422912598,0
men,planes,4.985527038574219,0.38808441162109375,0
men,secrets,-3.9736328125,0.008360050618648529,0
men,supplies,-1.3916015625,-0.14090850949287415,0
mexican,vietnamese,-11.2109375,-0.34952718019485474,0
mezcal,pulque,-0.6171875,-0.006700657308101654,0
millions,millions,3.052734375,0.07887347042560577,0
miraculously,suddenly,-1.395263671875,0.04349042475223541,0
motorcycles,quads,-5.3203125,0.1724204123020172,0
mountainous,northern,6.01904296875,0.4719754457473755,0
mourning,sorrow,-0.608306884765625,0.022954091429710388,0
nervous,poor,1.31494140625,0.17637333273887634,0
nervous,restless,-1.493927001953125,0.27772122621536255,0
nervous,shaky,5.328125,0.2379807084798813,0
nervous,weak,4.01409912109375,0.7135212421417236,0
nitric,sulphuric,-3.29150390625,-0.25016745924949646,0
normal,normal,3.7119140625,0.2600403130054474,0
normal,well,-4.2390289306640625,0.00839899480342865,0
notorious,puzzling,-6.06195068359375,-0.06467941403388977,0
notorious,valuable,-4.8929443359375,0.10307158529758453,0
nut,washer,-10.8671875,-0.7858831882476807,0
offside,support,3.495849609375,0.1529650092124939,0
oxygen,sulphur,4.76513671875,0.08672280609607697,0
paints,pencils,-0.3746664524078369,0.9070419669151306,0
patiently,watchfully,-12.39453125,0.05055852606892586,0
patiently,well,4.252174377441406,0.792292594909668,0
peel,rot,-4.49072265625,0.256551057100296,0
people,plywood,-3.894500732421875,-0.03279560059309006,0
people,priest,-2.697265625,0.030108019709587097,0
people,producers,-7.030564785003662,0.4591042995452881,0
people,rituals,4.68359375,0.13914251327514648,0
people,servants,-6.068553924560547,0.01807941496372223,0
people,situations,-2.8759765625,0.14349719882011414,0
people,stuff,5.30859375,-0.01496894657611847,0
people,supplies,-0.14453125,-0.2467106580734253,0
people,vehicles,-1.9248046875,-0.009087681770324707,0
petrochemical,pharmaceutical,8.052396774291992,-0.4500839412212372,0
photography,videography,-0.814453125,-0.019573885947465897,0
picnics,such,-8.170791625976562,0.49286073446273804,0
pictures,stuff,2.95703125,0.23218591511249542,0
pieces,tags,0.36417388916015625,0.140158548951149,0
plaster,wood,-1.976318359375,-0.07595586031675339,0
play,want,8.18634033203125,0.020688297227025032,0
pluck,straight,2.7314453125,0.4893573820590973,0
polynesian,scandinavian,10.781692504882812,-0.21748848259449005,0
poor,unnoticed,1.55615234375,0.04730384424328804,0
poor,weak,-1.625,-0.5360121130943298,0
popular,saleable,-5.65234375,-0.4609433114528656,0
postnatal,prenatal,-3.65625,-0.08884695172309875,0
practising,practising,-5.2464599609375,0.031960129737854004,0
prejudice,stereotypes,-0.755859375,-0.13908910751342773,0
profane,threatening,1.7459725141525269,-0.21891258656978607,0
professors,scientists,8.4820556640625,-0.07323922216892242,0
prosper,well,-4.91015625,-0.10858460515737534,0
prosperity,welfare,-2.150390625,-0.3030032217502594,0
psychological,terrible,1.03125,-0.1328350007534027,0
publications,scientists,-0.892578125,-0.35393431782722473,0
rabbit,sit,-1.91796875,0.7109360098838806,0
radium,sediments,2.2802734375,0.13779807090759277,0
rained,rained,-0.87109375,0.42894822359085083,0
rakes,spades,3.0602097511291504,0.053343042731285095,0
rare,shameful,3.38671875,0.2795514464378357,0
rare,uncommon,8.126269340515137,0.06638387590646744,0
rare,valuable,-8.28125,-0.35164326429367065,0
rare,wicious,7.111328125,0.0535694882273674,0
reformist,separatist,0.8074216842651367,-0.1845453828573227,0
restless,troubled,2.87506103515625,-0.24821683764457703,0
reverently,silently,-3.221923828125,0.6680397987365723,0
reverently,tenderly,1.4765625,0.4228968918323517,0
rides,sings,-0.5412044525146484,0.464847594499588,0
roll,roll,0.366546630859375,0.3379112184047699,0
runs,shrieks,2.244140625,0.2697061002254486,0
sand,varnish,0.177490234375,-0.13323244452476501,0
sandwiches,stuff,1.33660888671875,0.04411866515874863,0
satisfied,triumphant,-7.464599609375,0.13074196875095367,0
schools,schools,0.978515625,-0.03253774717450142,0
schools,services,3.2034912109375,0.09466323256492615,0
schools,situations,-4.986198425292969,0.11967635154724121,0
schools,staff,-2.150390625,0.3784274160861969,0
schools,stuff,0.197357177734375,-0.252262145280838,0
seasons,weather,7.70703125,0.009694814682006836,0
servants,servants,3.8275318145751953,0.24610576033592224,0
service,such,4.212043762207031,1.0118759870529175,0
services,support,5.234375,-0.17992368340492249,0
shakes,twitches,0.171875,-0.22702878713607788,0
shortsighted,weak,-3.5390625,0.06492067873477936,0
shovels,spades,4.10693359375,0.22484469413757324,0
shriller,shriller,-3.6920166015625,-0.027169127017259598,0
silently,smoothly,-2.2078475952148438,0.36816638708114624,0
silently,sorrowfully,-8.856060981750488,0.286186546087265,0
silently,suddenly,1.9215545654296875,0.6750828623771667,0
sixteenth,twentieth,-0.7545766830444336,-0.4014222323894501,0
slave,slave,-3.92578125,0.11949197947978973,0
snot,stuff,10.239959716796875,0.4727976322174072,0
sobbed,sobbed,-1.6824951171875,0.1289026141166687,0
sodomites,usurers,-4.612279891967773,-0.05067329853773117,0
sonatas,sonatinas,-2.71942138671875,0.3117871880531311,0
songs,stuff,5.335870742797852,0.19852572679519653,0
spent,weak,-4.193359375,0.9410138130187988,0
stacks,stacks,-4.5439453125,0.2935931384563446,0
startling,terrible,1.361328125,0.228339284658432,0
steel,wood,-2.107025146484375,-0.18341398239135742,0
straight,sturdy,9.6015625,-0.16279350221157074,0
strenuously,well,3.926372528076172,0.876473605632782,0
stuff,supplies,9.319917678833008,0.13823118805885315,0
stuff,wood,6.0796661376953125,-0.03307023644447327,0
stupid,tedious,1.48583984375,0.892068088054657,0
stupid,weak,0.5184326171875,0.2758660614490509,0
such,such,-15.736572265625,0.19832083582878113,0
such,support,-0.8867759704589844,-0.573066771030426,0
sunset,sunset,-6.492229461669922,0.5085185170173645,0
supplies,vehicles,-0.19921875,0.22010090947151184,0
support,support,-2.57470703125,-0.06645380705595016,0
taste,wisdom,-1.5029296875,0.06391740590333939,0
tomorrow,tomorrow,-1.11895751953125,-0.1298930048942566,0
tomorrow,yesterday,-3.091796875,0.22481362521648407,0
trolls,witches,-2.791717529296875,0.3741636276245117,0
twain,twain,-3.45703125,-0.004322022199630737,0
uninjured,well,8.728271484375,-0.12717057764530182,0
varnish,wood,2.763671875,-0.02846350707113743,0
vulnerable,weak,-4.29998779296875,-0.038602061569690704,0
wave,wave,-6.6749267578125,-0.08246925473213196,0
worse,worse,-0.859375,0.17825454473495483,0
worser,worser,-0.00574493408203125,0.18357053399085999,0
accuracy,efficiency,-0.69970703125,-0.0698656290769577,1
accuracy,range,-2.83416748046875,0.22711022198200226,1
acetone,ethanol,-4.688636779785156,-0.2188907116651535,1
across,across,-1.23046875,0.24661973118782043,1
admiringly,kindly,-7.642578125,-0.3259783387184143,1
aeronauts,workers,-2.681640625,-0.3520042300224304,1
affairs,infidelities,-5.57586669921875,-0.4408090114593506,1
affection,approval,-8.30859375,-0.2270120531320572,1
affection,impatience,-1.865234375,0.15823441743850708,1
afraid,lonely,-0.3736572265625,0.20707693696022034,1
again,again,-5.906593322753906,-0.07465346157550812,1
again,now,2.0235109329223633,0.48056560754776,1
again,simply,0.10205078125,-0.45187950134277344,1
again,so,-0.16985177993774414,0.11585699021816254,1
agile,quick,-5.3271484375,-0.03934614360332489,1
airy,pleasant,3.413670778274536,-0.07222793996334076,1
airy,wholesome,0.69921875,0.3629157245159149,1
albanian,serbian,-4.60003662109375,0.3240087032318115,1
alcohol,cocaine,-10.828125,-0.08497841656208038,1
allowances,exemptions,5.370669364929199,0.605654239654541,1
ample,comfortable,-1.5146484375,-0.36071228981018066,1
amputation,castration,-1.380615234375,-0.2034228891134262,1
anglican,catholic,2.265625,0.11922459304332733,1
animals,games,8.716796875,-0.2324114888906479,1
animals,giggles,-4.076831817626953,-0.03641693294048309,1
animals,pets,-6.27734375,-0.3354809284210205,1
animals,trees,0.47372305393218994,0.0010773539543151855,1
anxiety,impatience,-1.8235242366790771,0.19803614914417267,1
anxiety,nervousness,-0.43017578125,-0.022740736603736877,1
anxiety,paranoia,-3.29296875,-0.15541665256023407,1
anxiety,terror,-5.30810546875,-0.052574798464775085,1
anxiety,worry,-13.53955078125,-0.44506728649139404,1
approval,discussion,0.4296875,0.3745273947715759,1
approval,satisfaction,0.4477405548095703,0.11011142283678055,1
approve,listen,3.1875,-0.5591738820075989,1
apps,games,-0.046875,-0.11374922096729279,1
armed,resolute,-1.1216354370117188,-0.10757316648960114,1
armed,unarmed,-4.0528564453125,0.44593173265457153,1
armor,horse,-2.7885799407958984,-0.30350691080093384,1
aspirin,sterno,5.93951416015625,-0.15710891783237457,1
astonished,pained,-1.45654296875,-0.05574430525302887,1
astonishing,disheartening,1.1015625,0.16036443412303925,1
ate,ate,-0.05599689483642578,0.6322180032730103,1
ate,talked,3.4102325439453125,0.3123093247413635,1
athletics,games,3.872211456298828,-0.805476188659668,1
athletics,wrestling,3.8046875,-0.569259524345398,1
atrocities,death,1.796875,-0.16512341797351837,1
avoid,try,-0.9595947265625,-0.15239979326725006,1
awed,mute,7.33203125,0.14596255123615265,1
balks,leas,2.087890625,0.02400532364845276,1
bands,performers,3.1328125,-0.6818976402282715,1
bare,barren,-5.23046875,-0.40406090021133423,1
bare,colder,-2.750732421875,-0.02434512972831726,1
bare,dusty,-5.7421875,0.027089297771453857,1
bare,parched,-4.62109375,0.06804962456226349,1
bare,rugged,0.2591552734375,-0.7001140117645264,1
bare,stark,-2.9881458282470703,-0.8571432828903198,1
bare,wet,5.609375,-0.3186642527580261,1
barns,fields,4.498712539672852,0.12700454890727997,1
barns,outbuildings,-3.25714111328125,-0.3669888377189636,1
barren,low,3.688232421875,0.33893391489982605,1
barren,parched,-0.5816650390625,0.07993973046541214,1
barren,rugged,0.77392578125,0.13430026173591614,1
bars,bars,-1.72265625,-0.202078178524971,1
bars,bolts,-3.621002197265625,-0.35666197538375854,1
bars,pubs,-0.71405029296875,-0.48761749267578125,1
bears,catamounts,-1.007354736328125,-0.5156054496765137,1
beds,paths,-0.099609375,-0.4386802315711975,1
before,now,2.3971710205078125,0.23013216257095337,1
before,since,4.669921875,0.19610464572906494,1
before,so,4.438931465148926,0.538652777671814,1
before,whispered,-4.710693359375,0.08039139211177826,1
beheaded,condemned,5.967595100402832,0.3294369578361511,1
beheaded,flayed,-1.1451053619384766,0.26174524426460266,1
benevolently,kindly,-7.687368392944336,0.10960131883621216,1
beverages,food,-6.20703125,0.32162153720855713,1
billiards,pool,-6.490234375,-0.29070615768432617,1
biographical,critical,13.421875,0.537738561630249,1
blogs,newspapers,-0.07143783569335938,-0.020829200744628906,1
bloodshed,quarrels,5.10546875,-0.11014284193515778,1
borrowing,borrowing,-3.4462890625,-0.8366880416870117,1
bottle,glasses,-5.203125,0.0266362726688385,1
brave,intelligent,-1.015625,0.27048593759536743,1
brave,resolute,1.919921875,-1.151885986328125,1
brave,warlike,-12.328125,0.10650365054607391,1
breadth,height,0.46349620819091797,0.24282003939151764,1
briefly,hurriedly,4.8301239013671875,-0.13140083849430084,1
briefly,simply,7.673828125,0.16833770275115967,1
brightest,hottest,-7.52630615234375,-0.6089919805526733,1
brightest,merriest,3.044921875,-0.0709657222032547,1
brightest,wisest,-10.459716796875,0.16105209290981293,1
brushed,brushed,8.241897583007812,-0.05230031907558441,1
brushed,pressed,4.672185897827148,0.09286954998970032,1
brushed,wet,-3.18359375,-0.22092770040035248,1
buggies,horse,-6.7314453125,0.24282485246658325,1
buildings,furniture,2.173828125,-0.09224905073642731,1
buildings,land,-4.099365234375,-1.0116403102874756,1
buildings,towns,-3.505584716796875,-0.03313456475734711,1
buildings,track,3.685546875,-0.14002831280231476,1
buildings,trees,9.69091796875,-0.7627755403518677,1
bull,cow,-0.5984416007995605,-0.4684748649597168,1
bull,trident,-5.404296875,0.06344954669475555,1
bunny,horse,-1.8530120849609375,-0.5367540717124939,1
buttercups,clover,-7.092647552490234,-0.10859273374080658,1
byzantine,roman,-3.7298736572265625,0.5109309554100037,1
calmness,equanimity,-0.595703125,-0.128347709774971,1
calvarium,face,-1.9750442504882812,-0.11374033987522125,1
canoes,skiffs,-1.655029296875,0.3206324577331543,1
capacity,scaleability,5.216796875,-0.410868763923645,1
cardiovascular,nerve,-5.08984375,0.3405482769012451,1
careless,pleasant,-4.5322265625,0.3483594059944153,1
careless,reckless,-6.19677734375,0.0597238689661026,1
careless,shiftless,-0.8203125,-0.6764395833015442,1
catholic,monarchical,-10.328125,0.3290380835533142,1
cats,cows,7.119140625,-0.021425917744636536,1
cats,stoats,-4.27734375,-0.4681847095489502,1
centre,front,1.987060546875,0.3731224536895752,1
chafed,disappointed,0.85211181640625,0.6785964965820312,1
chain,collar,-0.620025634765625,-0.7014563679695129,1
charm,terror,6.4091901779174805,-0.27731359004974365,1
charming,dusty,0.353515625,-0.18286730349063873,1
charming,genial,4.9253692626953125,0.1721101701259613,1
charming,respectable,3.375,-0.5624423027038574,1
charming,seductive,3.432373046875,0.1184329241514206,1
charms,witchcraft,-7.310546875,0.05915467441082001,1
charred,naked,-1.572265625,0.46706146001815796,1
chatter,strut,-0.2802734375,0.40782424807548523,1
chilli,onions,3.593200206756592,0.04941451549530029,1
chills,shivers,4.677734375,0.48860228061676025,1
chirruping,twittering,-0.34375,0.5481964349746704,1
cinders,smoke,10.32421875,0.11835815012454987,1
circumcision,food,1.173828125,0.19607700407505035,1
circumcision,scarification,-4.85205078125,0.12546929717063904,1
class,gender,9.7109375,-0.8889429569244385,1
class,snobbery,3.9676284790039062,-0.2465667873620987,1
clearly,simply,3.27734375,0.27202895283699036,1
clearly,succinctly,0.4661865234375,0.07024036347866058,1
click,tell,1.00775146484375,0.6427276134490967,1
climb,climb,-3.0888671875,0.3298758268356323,1
climb,jump,0.6083984375,-0.1436140090227127,1
club,fang,15.7001953125,0.42785266041755676,1
club,lash,4.494140625,-0.03978532552719116,1
cocaine,heroine,3.4921875,-0.10402031242847443,1
colder,colder,-0.1259765625,-0.09840090572834015,1
colder,wetter,-6.394500732421875,0.28992506861686707,1
colourful,gorgeous,0.16015625,0.19857898354530334,1
comfortable,easy,1.734375,-0.48124903440475464,1
comfortable,jolly,7.35546875,0.21414043009281158,1
comfortable,low,-1.212890625,0.06866025924682617,1
comfortable,pleasant,2.951690673828125,-0.09079302847385406,1
comments,concern,-6.991943359375,-0.16803790628910065,1
commons,lords,6.693115234375,-0.41620779037475586,1
completeness,finality,-3.03125,0.18166831135749817,1
condemned,tried,-0.901947021484375,-0.19635827839374542,1
confusing,sad,0.8531494140625,0.37177717685699463,1
considerable,effective,4.851205348968506,0.27021846175193787,1
contemporary,contemporary,-5.599609375,0.09859752655029297,1
cooler,cooler,-4.848479270935059,-0.36176371574401855,1
cooler,fresher,-3.0331878662109375,0.06755110621452332,1
cooler,grayer,-11.100762367248535,0.0557294636964798,1
coolly,deliberately,7.78778076171875,-0.28370505571365356,1
countermarch,march,-0.7721421718597412,0.1320355236530304,1
cows,girls,2.7900390625,0.6169907450675964,1
cows,goats,7.418196678161621,-0.5501764416694641,1
cried,cried,2.69921875,-0.5979961156845093,1
cried,screamed,9.469451904296875,-0.2145376056432724,1
cried,talked,-8.07421875,0.7929964065551758,1
crisp,curly,0.65771484375,0.13351139426231384,1
crisp,sunny,-4.58203125,-0.09004049003124237,1
critical,dictatorial,-16.298828125,0.005200564861297607,1
criticism,discussion,1.3791732788085938,0.31641465425491333,1
cultured,intelligent,0.73388671875,-0.49822497367858887,1
cunninger,cunninger,11.41546630859375,-0.22880680859088898,1
cup,silverware,-10.05712890625,-0.5590433478355408,1
curmudgeonly,cynical,-9.205078125,0.12427955865859985,1
damnation,death,2.44921875,-0.23516146838665009,1
darkened,deepened,-2.54132080078125,-0.2642727494239807,1
dearest,kindest,3.0095906257629395,-0.6103694438934326,1
death,fugitive,-6.516845703125,0.0727974995970726,1
death,infamy,4.805351257324219,-0.118109330534935,1
death,infection,-0.50390625,-0.2873322367668152,1
death,prison,-0.480712890625,-0.9395382404327393,1
death,terror,-1.25390625,0.2708609104156494,1
death,thirst,0.5164394378662109,-0.0922781378030777,1
deep,deep,1.8600177764892578,-0.6324000358581543,1
deep,intelligent,1.3800625801086426,-0.49658238887786865,1
deep,lonely,2.83270263671875,-1.523513674736023,1
deep,low,5.865234375,-0.1958819180727005,1
deep,slow,5.188560962677002,-0.41184842586517334,1
deep,solitary,-7.307285308837891,0.015160158276557922,1
deep,sullen,-0.390625,-0.5522016286849976,1
deep,wide,0.8125076293945312,0.12875263392925262,1
deepened,increased,0.828125,0.37521249055862427,1
defiance,malediction,-1.236328125,0.6601604223251343,1
delusion,witchcraft,-4.568359375,-0.4855262041091919,1
details,subjects,-4.7868194580078125,0.0431077778339386,1
dienes,polyenes,5.11328125,-0.40652596950531006,1
differentiation,integration,-4.3046875,-0.5263303518295288,1
dig,dig,6.796875,0.057767048478126526,1
dining,sitting,-2.49755859375,0.08912177383899689,1
disappointed,puzzled,2.3125,0.017392724752426147,1
disappointed,sad,6.640357971191406,0.40545302629470825,1
discipline,holy,-4.9873809814453125,-0.3237089514732361,1
discipline,obedience,-0.5708084106445312,-0.11917252838611603,1
discipline,satisfaction,2.8018627166748047,-0.0712205320596695,1
discriminating,just,1.640625,0.06468711793422699,1
disenfranchised,lonely,0.755889892578125,0.7248728275299072,1
dive,dive,-2.0908801555633545,-0.2053540199995041,1
dive,jump,7.25634765625,0.24269869923591614,1
dragging,slow,-4.7568359375,-0.2320459634065628,1
drenched,shivering,-7.9384765625,0.27231526374816895,1
dressed,washed,-2.923828125,0.6592134237289429,1
drinkning,eating,-1.3734419345855713,-0.28681695461273193,1
dukes,lords,-3.27685546875,-0.35860776901245117,1
dusty,withered,-13.9248046875,0.34557271003723145,1
dynasties,kings,2.9111328125,-0.09693069756031036,1
easy,joyful,-0.23974609375,-0.02047392725944519,1
easy,pleasant,-1.9873046875,-0.024894848465919495,1
easy,quick,-1.1720399856567383,-0.768878698348999,1
easy,slow,1.544921875,-0.08752964437007904,1
eating,eating,-2.4019775390625,0.7372954487800598,1
eating,food,4.241588592529297,-0.1400524526834488,1
eating,sitting,4.38330078125,-0.09159548580646515,1
eating,slurping,4.988365173339844,-0.5388461351394653,1
eating,thinking,7.818138122558594,0.24107550084590912,1
economically,safely,-1.8753242492675781,-0.43828147649765015,1
effective,quick,-1.32275390625,-0.4354727864265442,1
effective,rugged,-2.44769287109375,0.1459180861711502,1
electrodes,filaments,9.1484375,-0.503665566444397,1
eloquent,grateful,7.4971923828125,-0.21535183489322662,1
endothermic,homoeothermic,2.1410861015319824,-0.00013227760791778564,1
enjoyments,surprises,5.0654296875,0.415644109249115,1
exceeded,reached,1.91943359375,0.2012649029493332,1
exist,move,0.158203125,0.09913361072540283,1
expensive,impractical,-6.80712890625,0.1914101541042328,1
expensive,just,12.868427276611328,0.34325993061065674,1
expensive,showy,5.75830078125,-0.07910804450511932,1
exporters,importers,2.3227615356445312,-0.7065320611000061,1
fatigue,terror,-3.023505449295044,0.16880491375923157,1
fearlessly,truly,4.0703125,-0.841975212097168,1
feelings,thinking,-1.5121231079101562,-0.46769601106643677,1
fewer,fewer,7.2568359375,-0.12408970296382904,1
fibre,metal,-3.37890625,0.3661838173866272,1
fields,fields,4.939453125,0.1771044284105301,1
fields,mountains,-7.498687267303467,-0.11369939148426056,1
fields,trees,-10.048652648925781,-0.05035795271396637,1
fierce,resolute,5.4765625,-0.0011329203844070435,1
films,musicals,1.4248046875,-0.2240247279405594,1
finding,seeking,-5.38671875,-0.3631237745285034,1
fingers,food,-6.62109375,-0.6484144330024719,1
fingers,gabbling,-0.755859375,-1.2121293544769287,1
fingers,penguin,2.396484375,-0.18582575023174286,1
firing,food,9.635986328125,0.20592863857746124,1
flapping,flapping,-1.072265625,0.01845717430114746,1
flurry,worry,2.333984375,-0.1892937570810318,1
food,horse,-3.490386962890625,-0.43674588203430176,1
food,material,3.12060546875,-0.23969055712223053,1
food,news,-4.2991943359375,-1.0144703388214111,1
food,newspapers,2.514739990234375,-0.5122402310371399,1
fools,weaklings,9.22998046875,-0.14938224852085114,1
forevermore,now,2.0138931274414062,-0.1341490000486374,1
forgotten,lonely,-2.578125,-0.022071033716201782,1
fought,fought,0.6220703125,0.3610590100288391,1
front,hind,0.050318241119384766,0.00815679132938385,1
frozen,wet,-7.41357421875,-0.423517107963562,1
frugality,industry,-5.774169921875,0.4733200669288635,1
furniture,interiors,2.0504150390625,-0.07613284885883331,1
gaiters,smocks,-0.7509765625,0.16029979288578033,1
gashed,gored,1.950592041015625,0.4470769166946411,1
genial,pleasant,5.650642395019531,-0.5617450475692749,1
geographic,magnetic,-3.57568359375,0.5047628283500671,1
geographical,otherwise,1.91009521484375,-0.46519172191619873,1
geology,mineralogy,1.14239501953125,-0.1875060349702835,1
ginger,sugar,-4.423828125,0.0255575031042099,1
girls,women,4.19921875,0.39446473121643066,1
glitter,sequins,1.2300224304199219,-0.4792748689651489,1
goats,knifes,-7.963533401489258,0.010623201727867126,1
gorgeous,sunny,-1.83929443359375,-0.20137609541416168,1
governments,militaries,2.389608383178711,1.0158464908599854,1
grab,try,-0.888671875,0.0029537230730056763,1
grain,wheat,-10.2109375,-0.42223823070526123,1
grateful,low,-3.4364547729492188,-0.6099681854248047,1
grateful,luxurious,-0.1881103515625,-0.21303607523441315,1
grayer,grayer,-2.9453125,0.27660465240478516,1
greasing,loosening,-7.8251953125,-0.37067484855651855,1
guilty,uncomfortable,0.724609375,-0.6885300874710083,1
gutters,trees,-4.6063232421875,-0.3330317735671997,1
handshakes,photo,1.5730328559875488,-0.6007519960403442,1
happily,safely,0.470703125,-0.16782431304454803,1
harmless,pleasant,-1.48779296875,0.001405462622642517,1
harmless,small,-2.5546875,0.11951975524425507,1
hate,hate,1.1992864608764648,0.09275679290294647,1
hate,vengeance,4.99951171875,-0.3469977378845215,1
healed,humbled,10.329036712646484,0.0856316015124321,1
herbalists,naturopaths,-2.834632158279419,0.09731665998697281,1
heresy,schism,-0.4529876708984375,0.06043687462806702,1
herodotean,homeric,2.54960298538208,-0.14929427206516266,1
hexagonal,monoclinic,-4.906705856323242,-0.06937794387340546,1
hish,low,-5.349609375,0.2461978793144226,1
hither,yon,5.921875,-0.39968955516815186,1
holy,just,-9.04296875,-0.08590535819530487,1
honestly,truly,-5.6191558837890625,-0.12050123512744904,1
horse,horse,-6.4722900390625,0.3277885317802429,1
imitations,sentences,4.578125,0.3390296399593353,1
impatience,revolt,2.490234375,-0.29628986120224,1
impractical,uncomfortable,-7.765625,-0.4639049768447876,1
increased,stimulated,-0.9546356201171875,0.20478934049606323,1
industry,obedience,1.2249755859375,0.08513662964105606,1
infamy,shame,3.392578125,0.07646763324737549,1
insincerity,treachery,-6.2786865234375,-0.1033640056848526,1
inspection,repair,0.13671875,0.15513139963150024,1
intelligent,pleasant,1.14599609375,-0.282903254032135,1
intelligent,superior,-4.40478515625,0.3271442651748657,1
intelligent,unprejudiced,-0.9661788940429688,-0.5346775054931641,1
interested,kindly,-1.0179824829101562,0.3550887107849121,1
interested,slow,-4.096114158630371,0.06004820764064789,1
interrupted,low,-4.876953125,0.366974413394928,1
intimate,small,-6.64666748046875,0.47620999813079834,1
intimidate,try,2.66766357421875,0.7569076418876648,1
investments,pilgrimage,-5.5946044921875,-0.20855776965618134,1
just,pious,1.42578125,0.11180541664361954,1
just,rightful,3.1916685104370117,-0.4352273941040039,1
just,try,-2.822021484375,0.10193042457103729,1
kindest,wisest,6.67822265625,0.18155911564826965,1
kindly,philanthropic,-3.81201171875,0.029024720191955566,1
kindly,pious,-0.390625,0.31660595536231995,1
kindly,pleasant,-7.7763671875,-0.4897329807281494,1
kings,lords,8.435546875,-0.11811594665050507,1
kiss,tell,-1.61083984375,0.17599524557590485,1
knock,try,5.3740234375,0.2931695580482483,1
labored,slow,-1.7734375,-0.39513134956359863,1
laces,stays,0.79638671875,-0.22681351006031036,1
laconic,slow,3.040771484375,0.3355242609977722,1
land,mountains,3.09228515625,0.046287357807159424,1
land,naval,8.9072265625,0.13001678884029388,1
land,possessions,3.064453125,-0.35846447944641113,1
land,seas,2.065673828125,-0.22707684338092804,1
land,try,12.71002197265625,0.11858606338500977,1
laxer,shaggier,0.447998046875,0.027036204934120178,1
lesbians,women,0.17422103881835938,-0.1381959766149521,1
lethality,range,-0.5308113098144531,-0.6209795475006104,1
lettuce,radishes,8.49267578125,0.0331585556268692,1
lie,lie,6.248046875,0.5584906935691833,1
lie,shoot,-5.447265625,0.28542470932006836,1
listen,listen,-3.7630615234375,-0.38165557384490967,1
listen,pause,-0.0709228515625,0.08896075189113617,1
listen,try,6.0623626708984375,-0.3910924792289734,1
literature,newspapers,0.9373626708984375,-0.5016517639160156,1
literature,religion,7.61126708984375,0.16732533276081085,1
lonely,sad,0.525360107421875,0.07444693893194199,1
lonely,sick,-0.076416015625,-0.24722708761692047,1
lonely,solitary,-10.2734375,-0.29204005002975464,1
lonely,wet,-4.58203125,0.07538279891014099,1
lonely,wide,2.9942245483398438,0.024197295308113098,1
low,lower,-7.714374542236328,-0.2064157873392105,1
low,primary,0.738525390625,-1.2374823093414307,1
low,quick,0.2513427734375,-0.5457693338394165,1
low,rounded,2.7529666423797607,-0.45273804664611816,1
low,sad,1.4375,-0.5136797428131104,1
low,slow,5.54638671875,-0.8342702388763428,1
low,wet,9.527792930603027,-0.8162504434585571,1
lower,lower,2.9241714477539062,0.047835543751716614,1
lower,slower,-2.08203125,-0.7620622515678406,1
lowriders,women,3.00433349609375,-0.3202243447303772,1
maimed,sick,2.8696603775024414,0.3328346610069275,1
manacle,prison,-0.00390625,0.21644660830497742,1
march,sing,0.6284141540527344,-0.0903637558221817,1
memorizing,remark,10.28759765625,0.4441344738006592,1
mercury,mud,0.76953125,0.07302039116621017,1
metal,woodwork,-5.81689453125,-0.20670412480831146,1
mid,small,-10.39888858795166,0.042105287313461304,1
moderator,panelist,10.623241424560547,-0.9932465553283691,1
molecules,solids,-1.998046875,-0.1335146576166153,1
mom,pop,-6.89453125,0.3635309338569641,1
momentum,position,0.8145246505737305,-0.019893810153007507,1
monstrous,terrific,3.2431640625,-0.10004167258739471,1
morality,religion,-0.07755744457244873,-0.1064637154340744,1
mortice,tenon,0.4964599609375,0.30946552753448486,1
mountains,plateaux,-5.529296875,0.27080148458480835,1
mountains,seas,-1.6328125,0.21020859479904175,1
mountains,trees,9.820392608642578,-0.008262842893600464,1
move,move,7.748779296875,-0.09297512471675873,1
move,position,8.947265625,-0.5248087644577026,1
mud,slime,3.46484375,-0.5975085496902466,1
mud,stones,1.8515625,-0.19854645431041718,1
murdering,robbing,1.94451904296875,-0.29287582635879517,1
murkier,murkier,1.64453125,0.1266806721687317,1
naked,weaponless,1.4947509765625,-0.16674555838108063,1
napkins,silverware,-11.8671875,-0.6603233814239502,1
nervously,peevishly,6.28125,0.22141283750534058,1
newies,townies,3.666748046875,-0.3706643581390381,1
nicer,nicer,4.7421875,-0.2734493017196655,1
nights,nights,-3.9279916286468506,-0.08058048784732819,1
nodding,nodding,-4.456878662109375,-0.4079520106315613,1
nodding,rocking,0.14493751525878906,0.44996970891952515,1
now,now,-1.5703125,-0.39542412757873535,1
now,so,1.927734375,-0.008798137307167053,1
nursery,primary,-6.453216552734375,-0.5653613209724426,1
obedience,restraint,1.65380859375,-0.21664877235889435,1
obedience,socialization,6.8468017578125,-0.26634854078292847,1
obedience,terror,1.849090576171875,-0.4004676342010498,1
office,wealth,5.6776957511901855,0.23723195493221283,1
oftener,oftener,1.494140625,0.030812129378318787,1
opens,slams,2.60546875,-0.2182549387216568,1
outbuildings,trees,-0.1534423828125,0.08035871386528015,1
overalls,pigtails,-1.2744140625,-0.6789581775665283,1
pans,tachos,-8.06640625,-0.26149803400039673,1
parched,uncomfortable,-2.775390625,-0.3018057346343994,1
pauses,progresses,2.01318359375,-0.7674111127853394,1
peculiar,quick,3.908203125,-0.23142565786838531,1
perishing,sickening,3.13037109375,0.5798255205154419,1
petrol,petrol,-8.9974365234375,-0.4942495822906494,1
pitched,unwound,2.976318359375,-0.4961392879486084,1
plainer,plainer,4.123046875,-0.10142622888088226,1
planning,thinking,-6.921875,-0.04072348773479462,1
pleasant,solitary,2.23828125,-0.26561081409454346,1
pleasant,wholesome,10.4892578125,0.2862513065338135,1
portly,princely,10.8740234375,-0.24271957576274872,1
position,wealth,9.376953125,0.3922955095767975,1
possessions,products,-0.97607421875,-0.39622223377227783,1
pressed,trodden,-1.495513916015625,-0.05890507996082306,1
primitive,small,-9.2257080078125,-0.19600068032741547,1
principle,purpose,-6.0810546875,-0.5886085033416748,1
prison,psychiatrists,2.8165359497070312,0.142354816198349,1
processes,products,9.39794921875,0.06701050698757172,1
processes,uses,-3.333984375,-1.2736997604370117,1
psychologists,sociologists,2.017578125,0.04198692739009857,1
puffed,puffed,-2.623046875,0.13444285094738007,1
puzzled,slow,-1.97265625,-0.39743292331695557,1
quick,resolute,5.5276947021484375,-0.20085914433002472,1
quick,skilful,-5.951488494873047,-0.17058350145816803,1
quick,small,4.84375,0.11186398565769196,1
raining,raining,0.76708984375,0.058855414390563965,1
rarer,rarer,0.642578125,0.18018004298210144,1
reached,rounded,6.8203125,-0.04507534205913544,1
read,read,-0.7509765625,0.2332558035850525,1
read,talked,3.453827381134033,0.4151061177253723,1
read,try,-3.744140625,0.13987818360328674,1
realer,realer,4.763671875,-0.8635681867599487,1
realism,symbolism,3.1728515625,-0.09964703023433685,1
reared,whinnied,-5.4349212646484375,0.1902620494365692,1
redder,redder,-0.574462890625,0.2785015106201172,1
ride,shoot,5.798828125,-0.23247863352298737,1
rounded,rugged,-7.1478271484375,-0.0245693176984787,1
rubies,sapphires,3.685699462890625,-0.24508322775363922,1
rugged,small,-1.556640625,0.08602333068847656,1
rugged,steep,-7.3477935791015625,0.00971202552318573,1
rugged,thrifty,3.16546630859375,0.09583356231451035,1
ruthlessness,treachery,1.1951751708984375,-0.3518833518028259,1
sad,sick,-2.6748046875,0.658428430557251,1
sad,solitary,5.310546875,-0.5560782551765442,1
sad,sullen,0.962890625,0.09716026484966278,1
safely,simply,-10.480224609375,0.01942552626132965,1
scowling,squinting,2.81787109375,-0.1679793745279312,1
screamed,screamed,-1.283121109008789,0.6445069313049316,1
secretive,vengeful,7.419088840484619,-0.8946918249130249,1
seductive,sexy,9.748046875,-0.0948808342218399,1
selective,skilful,8.509109497070312,-0.0008250027894973755,1
sepsis,thrombosis,-6.677001953125,-0.3792741298675537,1
serbian,yugoslav,-0.44625091552734375,-0.339907169342041,1
set,try,4.5404205322265625,0.7988823652267456,1
shale,stones,-5.003669738769531,0.024678289890289307,1
shell,shrapnel,4.49609375,0.008701637387275696,1
shoot,shoot,4.67578125,-0.7016914486885071,1
simply,strictly,-9.1552734375,-0.06610532104969025,1
slow,slower,4.6539154052734375,-0.5493696331977844,1
slow,small,-1.1869239807128906,0.29075944423675537,1
slow,wearily,-1.474609375,-0.22496820986270905,1
slower,slower,-9.478515625,-0.20224227011203766,1
slower,surer,3.83453369140625,-0.3211618661880493,1
small,uncomfortable,0.6875,-0.4205886721611023,1
small,unimportant,-1.3218531608581543,0.24669285118579865,1
snake,stool,-1.6015625,-0.5483686327934265,1
so,so,-3.052032470703125,0.6251503825187683,1
stool,truck,-4.6015625,0.05542738735675812,1
stranger,stranger,-4.073412895202637,0.18312238156795502,1
stretched,stretched,7.56103515625,0.166299968957901,1
stunned,stupefied,1.2197265625,0.9029896259307861,1
sullen,wrathful,-2.388671875,-0.3646621108055115,1
sun,sun,-3.6796875,0.19747626781463623,1
sunnier,sunnier,-0.6805419921875,0.5009005665779114,1
swiftest,wisest,10.787345886230469,-0.7815483808517456,1
talked,talked,-2.9297099113464355,0.6213740110397339,1
talked,walked,1.2948747873306274,0.2290361225605011,1
teaspoon,teaspoons,-1.54541015625,-0.20905838906764984,1
thinking,thinking,2.9892578125,-0.4728963375091553,1
thinking,wishing,6.607471466064453,-0.005072429776191711,1
thousands,thousands,4.26171875,-0.4816831946372986,1
tighter,tighter,-6.93267822265625,0.3531060814857483,1
trees,trees,0.1396484375,-0.28624457120895386,1
trees,undergrowth,-0.1552734375,0.4052847623825073,1
tried,tried,-6.4013671875,0.013551995158195496,1
try,try,-0.421142578125,-0.682680606842041,1
walked,walked,-3.34100341796875,-0.30208539962768555,1
weeps,weeps,-4.677734375,0.08983835577964783,1
wetter,wetter,-2.41552734375,-0.02809131145477295,1
whispered,wore,5.706298828125,0.058743253350257874,1
wishing,wishing,4.688446044921875,-0.05398760735988617,1
younger,younger,1.4850616455078125,0.4695260524749756,1
abloom,sweet,-0.1689453125,0.6615069508552551,2
abuse,derision,1.1767349243164062,0.40694743394851685,2
abuse,profanity,0.00091552734375,-0.20724593102931976,2
abuse,violence,-5.234157562255859,-0.7215377688407898,2
aching,hot,0.1930999755859375,0.1380244940519333,2
acrid,hot,-6.8836669921875,0.352714478969574,2
acronyms,bits,0.427734375,0.1765948086977005,2
addictive,dangerous,-5.77734375,0.6115133762359619,2
addresses,names,-3.52197265625,0.3007360100746155,2
adorable,cute,9.313949584960938,0.11243335902690887,2
age,dirt,8.2119140625,-0.1700868308544159,2
age,usage,-5.709148406982422,-0.047394655644893646,2
algae,cyanobacteria,1.2650909423828125,0.5495897531509399,2
algae,pondweed,-0.2578125,-0.2634758949279785,2
algae,salts,-0.8827552795410156,0.6011167168617249,2
always,always,3.03955078125,-0.7011889815330505,2
always,everywhere,4.07421875,0.047935113310813904,2
amazed,furious,6.146484375,-0.1196732372045517,2
amazed,screaming,-2.046875,-0.5149892568588257,2
amazed,terrified,-4.518266677856445,0.32260745763778687,2
amazed,utter,-3.046875,-0.21886895596981049,2
ambulance,police,-1.552734375,0.24051932990550995,2
amending,improving,-12.745086669921875,0.2490636557340622,2
amplifiers,loudspeakers,8.059417724609375,0.36247044801712036,2
analysis,commentary,-7.533203125,0.6565123796463013,2
analysis,presentation,-3.7421875,-0.3842114210128784,2
analysis,remodeling,-6.145538330078125,0.15126051008701324,2
animated,fresh,6.855712890625,0.1230684369802475,2
antifreeze,polyester,-4.177978515625,-0.18853722512722015,2
arch,winsome,-9.14300537109375,0.1708945482969284,2
argue,debate,-1.50213623046875,-0.5325016975402832,2
arrives,comes,-1.9019699096679688,0.44171416759490967,2
artificial,insincere,10.56348991394043,-0.12745100259780884,2
ascending,descending,-0.681060791015625,-0.17123833298683167,2
ash,gas,-8.23031234741211,0.6751958727836609,2
astrology,mathematics,-2.478515625,0.46361690759658813,2
aviation,certification,2.255859375,0.03752933442592621,2
backing,veering,1.66015625,-0.6581010818481445,2
badminton,swimming,3.35888671875,-0.28635507822036743,2
banking,finance,0.521484375,-0.7999879717826843,2
banksia,eucalyptus,-8.6484375,0.35300755500793457,2
bark,crow,-9.1318359375,-0.14780808985233307,2
basophils,eosinophils,-5.562522888183594,0.24107663333415985,2
batteries,magnets,0.0054931640625,-0.24632969498634338,2
beaded,embroidered,3.45703125,0.18605776131153107,2
bearskins,deerskins,5.791015625,0.15280567109584808,2
bedelia,sally,-2.239013671875,0.2648303508758545,2
beetlebugs,caterpillars,-6.563751220703125,-0.042089201509952545,2
begged,shivered,-2.13671875,0.06518733501434326,2
behaviourally,morphologically,1.5478515625,0.4955506920814514,2
bell,tentacles,-6.658229827880859,0.4245465397834778,2
bereavement,destruction,9.3955078125,0.7248318195343018,2
bettering,education,1.934906005859375,-1.131700873374939,2
bias,discrimination,-0.03170299530029297,-0.5099489688873291,2
biggest,gravest,4.576171875,-0.6284620761871338,2
binding,lawful,5.6669921875,0.23393549025058746,2
bionic,hot,-0.666015625,0.14458803832530975,2
birds,dolls,-3.720703125,-0.09798378497362137,2
birds,mammals,6.064922332763672,0.3399341106414795,2
birds,mosquitoes,-7.7283935546875,-0.33318981528282166,2
bits,bits,-0.994140625,-0.041460081934928894,2
bits,dirt,2.04248046875,-0.01576438546180725,2
bits,dust,-3.869140625,-0.3290902376174927,2
bits,strips,3.78271484375,-0.0735088437795639,2
bitter,cloudy,-1.5775680541992188,-0.057539552450180054,2
bitter,furious,-4.027402877807617,-0.026789851486682892,2
bitter,hot,6.941619873046875,-0.424993097782135,2
bitter,malignant,-4.9248046875,-0.19014784693717957,2
bitter,proud,-1.5584754943847656,-0.03562337905168533,2
bitter,repeated,1.2332019805908203,-0.23308485746383667,2
bitter,sanguinary,-7.962890625,0.4913209080696106,2
bland,innocent,0.13232421875,-0.07834175229072571,2
blankets,cushions,3.923828125,-0.045394107699394226,2
blankets,dolls,-3.203125,0.04907242953777313,2
bleed,bleed,2.9892578125,0.11082769930362701,2
blinking,winking,-5.22265625,0.045082613825798035,2
blocks,box,2.59710693359375,-0.30737119913101196,2
blocks,rebounds,0.53125,-0.472353458404541,2
blocks,toys,-2.083953857421875,-0.09918685257434845,2
blooming,fresh,2.446941375732422,0.1736525148153305,2
blotched,red,3.833984375,0.19303320348262787,2
blotched,wrinkled,-2.7856483459472656,0.008227363228797913,2
bluebells,cowslips,-8.8740234375,-0.3359830975532532,2
bondage,distress,1.14508056640625,-0.2973422408103943,2
bone,muscle,-2.626953125,0.02802310883998871,2
bored,impatient,-5.0263671875,-0.16168156266212463,2
bored,neglected,2.60821533203125,0.2838451862335205,2
bored,tired,4.28680419921875,0.3717554211616516,2
bottles,bottles,0.5791015625,0.1499689668416977,2
bourbon,whiskey,4.91650390625,0.7533472180366516,2
box,tape,1.2751922607421875,0.20373286306858063,2
boxing,swimming,0.5202045440673828,-0.36379343271255493,2
brusque,businesslike,1.37060546875,-0.023241490125656128,2
bulkhead,deck,0.12109375,0.05687052011489868,2
burgers,shrimp,-1.1870187520980835,0.400401771068573,2
burrows,feeds,-1.66375732421875,0.209700807929039,2
calendar,email,0.6296911239624023,0.6150649189949036,2
calms,storms,-4.67333984375,-0.24630314111709595,2
camaraderie,friendship,0.6953125,-0.173380509018898,2
came,listened,-4.951171875,-0.08545680344104767,2
camels,donkeys,-5.50390625,0.11844997107982635,2
camels,goods,-1.2119903564453125,0.03115302324295044,2
cameras,toys,1.61328125,0.09069450199604034,2
candidacy,vote,-7.336212158203125,0.03368024528026581,2
cantons,cantons,0.181640625,0.2955780029296875,2
cap,weeping,-1.3221478462219238,-0.22307652235031128,2
capability,lines,-3.354248046875,-0.5643764138221741,2
catalysts,pigments,-9.1953125,-0.31903553009033203,2
categories,subcategories,2.691326141357422,-0.7132927179336548,2
challenges,controversies,1.869140625,0.24388675391674042,2
chapters,chapters,14.5283203125,0.7578778862953186,2
cheated,robbed,-9.15234375,0.3691335916519165,2
cheerfulness,courage,2.455078125,0.8519560098648071,2
cheese,egg,1.4375,0.15679894387722015,2
cheese,garlic,2.474609375,-0.22390353679656982,2
cheese,meat,8.30859375,0.5330169796943665,2
cheese,tomato,-7.0047607421875,-1.2765365839004517,2
chemicals,heat,-10.27651309967041,0.2659206986427307,2
chemicals,polymers,2.456951141357422,0.7500365376472473,2
chuckles,nods,2.90673828125,-0.08050952851772308,2
clandestine,immoderate,-6.13671875,0.2756163477897644,2
clatter,clicks,2.922515869140625,-0.16034185886383057,2
clear,clear,-1.056640625,0.9735466837882996,2
clear,compelling,-6.5859375,-0.2709335386753082,2
clear,composed,-2.640625,0.13386417925357819,2
clear,fresh,0.6219329833984375,-0.12101419270038605,2
clear,frosty,-0.212890625,0.5459834337234497,2
clear,full,-3.35546875,-0.22494342923164368,2
clear,lighter,1.39312744140625,1.5411678552627563,2
clear,limpid,-1.548828125,0.5264546275138855,2
clear,precise,5.26953125,0.24301265180110931,2
clear,red,8.1796875,-0.41082727909088135,2
clear,regular,-0.9307861328125,-0.25996702909469604,2
clear,smooth,-5.124228477478027,0.10590900480747223,2
clear,specific,3.5703125,0.13853661715984344,2
clear,starry,-8.084451675415039,0.584924042224884,2
clear,sweet,-5.095458984375,0.5741086602210999,2
clear,true,1.189453125,-0.0687175989151001,2
clear,unhesitating,2.1337890625,-0.4408982992172241,2
clearer,clearer,-6.343830108642578,0.5333812832832336,2
clearer,louder,-3.3906478881835938,0.3090564012527466,2
climbed,climbed,-0.4049835205078125,0.14108340442180634,2
climbed,scrambled,-3.652587890625,0.04835920035839081,2
closed,forbidding,1.380075454711914,0.05503162741661072,2
closed,secured,-7.55218505859375,0.8579966425895691,2
closets,pantry,0.6015625,-0.5282077789306641,2
cloudy,gray,8.4609375,0.137581005692482,2
coarse,scanty,2.43212890625,0.14586956799030304,2
coarse,tough,4.604066371917725,-0.023426413536071777,2
cobwebs,dirt,-3.9375,-0.15158456563949585,2
cobwebs,dust,1.5068359375,-0.006366431713104248,2
coins,medals,0.2568359375,-0.3728206157684326,2
coins,notes,-2.123046875,0.48205697536468506,2
combat,demolition,4.2705078125,0.3448839783668518,2
communicating,composition,3.466461181640625,0.17823247611522675,2
company,tiffany,3.44140625,-0.25171008706092834,2
compare,contrast,7.3603515625,-0.573989748954773,2
competitive,cultural,-0.2518310546875,-0.04337714612483978,2
complex,dangerous,-3.89715576171875,-0.03221522271633148,2
complex,proud,-8.713775634765625,0.6857134103775024,2
complex,unresolved,4.028564453125,0.18297706544399261,2
complex,vast,-2.6530838012695312,-0.45984983444213867,2
composition,singing,-4.713134765625,-0.22019019722938538,2
computers,radio,-3.58489990234375,-0.21561327576637268,2
computers,science,-1.0160980224609375,-0.4401245713233948,2
comradery,friendship,5.939361572265625,0.15213404595851898,2
concordats,treaties,-4.544532775878906,-0.1441999077796936,2
conditions,standards,-5.982879638671875,-0.567854106426239,2
conferences,lectures,1.64599609375,0.1824846714735031,2
confidence,courage,14.158203125,-0.18520322442054749,2
confidence,encouragement,-1.725189208984375,-0.3213386535644531,2
confidence,faith,-13.77366828918457,-0.5510851740837097,2
confidence,friendship,0.9727783203125,-0.39858269691467285,2
confrontation,dissention,-4.839202880859375,0.11444579064846039,2
conscience,morals,-8.669857025146484,0.0913868099451065,2
conscience,reason,1.1199951171875,0.5441663265228271,2
consequentialism,deontology,-5.843376159667969,-0.05144788324832916,2
consistently,correctly,5.120758056640625,0.22970826923847198,2
convenience,friendship,0.01171875,-0.2656266987323761,2
coordinated,disciplined,-2.27734375,0.31965404748916626,2
corals,shells,2.4765625,-0.8663032054901123,2
cordiality,friendship,-0.7041015625,-0.039655812084674835,2
cormalite,limestone,1.380859375,0.3172023892402649,2
courage,dignity,4.544921875,0.05281691253185272,2
courage,discernment,2.765720844268799,-0.22013579308986664,2
courage,faith,0.714019775390625,0.057505711913108826,2
courage,optimism,-1.35186767578125,0.7714890241622925,2
courage,strength,1.79669189453125,0.22919128835201263,2
creamy,smooth,0.0,-0.11019791662693024,2
creamy,sweet,0.46856689453125,-0.5533860325813293,2
creamy,thick,-2.454345703125,-0.7396535873413086,2
criticized,unpopular,4.12579345703125,0.3887304663658142,2
crooked,dangerous,-1.33880615234375,0.48420053720474243,2
crude,early,-6.986328125,0.13050691783428192,2
cruelty,injustice,3.48388671875,-0.12170644104480743,2
cruelty,oppression,-3.6683316230773926,-0.06957496702671051,2
cruelty,selfishness,-1.4144287109375,-0.2914298176765442,2
cruelty,violence,-2.2763671875,-0.2030736207962036,2
cultural,education,-0.965972900390625,0.07382671535015106,2
cultural,personal,-5.616851806640625,0.7206389307975769,2
cultural,physical,-4.34375,-0.6268972158432007,2
cultural,publicity,-6.9375,-0.8180133700370789,2
cultural,sporting,-2.8638916015625,-0.4411584138870239,2
curiously,suspiciously,-1.123046875,-0.3008310794830322,2
cushions,trucks,-3.463122844696045,-0.07854262739419937,2
cute,innocent,-7.689453125,-0.07618467509746552,2
cute,sweet,-5.481822967529297,-0.31426799297332764,2
cyanotic,unresponsive,1.2431640625,0.16091515123844147,2
cycling,swimming,-7.4024658203125,-0.3759847581386566,2
damanes,trespass,3.279632568359375,-0.05470679700374603,2
dangerous,hot,-3.620361328125,0.596818208694458,2
dangerous,miserable,-4.66876220703125,-0.08631443977355957,2
dangerous,true,-5.9322509765625,-0.394586980342865,2
dangerous,unpopular,4.53125,0.22709093987941742,2
darkening,lightening,4.740930557250977,0.5762122273445129,2
datebooks,pens,-2.4453125,0.5279335379600525,2
deceit,dishonesty,-1.7706298828125,0.1291380375623703,2
deeds,documents,5.00439453125,-0.15983286499977112,2
deeds,notes,-0.6127128601074219,-0.09690806269645691,2
defeated,unpopular,8.41796875,0.2580910325050354,2
demolition,deterioration,0.431640625,1.0025931596755981,2
demolition,maintenance,-6.822174072265625,0.07998743653297424,2
demonolatry,idolatry,0.08984375,0.18302364647388458,2
deportment,dignity,6.044921875,0.11066244542598724,2
depraved,sinful,6.860748291015625,0.14308135211467743,2
derision,drunkenness,-7.924980163574219,-0.029147803783416748,2
destruction,misery,4.708953857421875,-0.19322393834590912,2
destruction,rebirth,-2.44287109375,-0.41317683458328247,2
destruction,war,1.90625,0.22696729004383087,2
developed,modern,4.0026679039001465,0.059622034430503845,2
dialogs,recitations,3.9150390625,0.2657378911972046,2
dials,receiver,-0.1990966796875,-0.38423287868499756,2
died,suffered,-4.22265625,-1.1002941131591797,2
dignity,strength,-6.9052734375,-0.06442227959632874,2
dinosaur,lion,-4.529998779296875,0.30169790983200073,2
dirt,dust,-2.782684326171875,0.06854641437530518,2
dirt,poisons,0.8310165405273438,0.1705440729856491,2
disaster,failure,5.2239532470703125,0.19730092585086823,2
disciplined,regular,1.8805694580078125,0.25460970401763916,2
discrimination,fights,3.69140625,-0.18003985285758972,2
discrimination,slavery,-0.213623046875,-0.16925981640815735,2
discrimination,violence,-5.658203125,-0.02025195211172104,2
dishonesty,injustice,23.939453125,-0.2144218385219574,2
disobedience,misery,1.921142578125,0.18642331659793854,2
disobedience,negligence,4.542911529541016,-0.2729796767234802,2
dispatch,neatness,-9.978515625,0.03574378788471222,2
distress,misery,-4.737194061279297,0.4123709201812744,2
distress,privation,1.2827177047729492,-0.11214844882488251,2
dogs,dolls,-0.1787109375,0.14959348738193512,2
dogs,ferrets,0.6737689971923828,-0.5412763357162476,2
dogs,pistols,2.84375,-0.2750087380409241,2
dogs,poets,-3.142578125,0.6080667972564697,2
dollars,dollars,1.3602523803710938,0.12887905538082123,2
dolls,dolls,4.6751251220703125,-0.5495942831039429,2
dolls,pram,-2.732849597930908,0.11351864039897919,2
dolls,toys,1.104736328125,-0.9862908124923706,2
domestic,local,7.517578125,0.18133430182933807,2
domestic,sexual,-7.552734375,-0.5322543978691101,2
dominant,official,-1.150970458984375,-0.21380433440208435,2
downhearted,gloomy,-0.51953125,-0.2560187876224518,2
dozens,dozens,-6.05078125,-0.10259443521499634,2
draw,schedule,-3.2171854972839355,-0.3256326913833618,2
dreams,reality,4.7127838134765625,-0.7095771431922913,2
dreams,stories,0.4931640625,-0.2749009132385254,2
drongos,flycatchers,-5.26171875,-0.11707252264022827,2
dug,dug,-2.98046875,0.02407778799533844,2
dumplings,steam,-3.63671875,-0.09827275574207306,2
dust,gas,4.3984375,0.10842229425907135,2
dust,gravel,-7.88916015625,0.23066939413547516,2
dust,heat,2.8962831497192383,0.19597594439983368,2
dust,waste,-12.6907958984375,0.9573337435722351,2
dweebs,geeks,-0.875396728515625,0.4890570044517517,2
dyers,weavers,-11.35791015625,0.40911179780960083,2
early,extraordinary,0.2734375,-0.44433361291885376,2
early,personal,-0.2734375,0.3046516180038452,2
earthworks,megaliths,8.59197998046875,-0.37692877650260925,2
easier,easier,-6.677734375,0.24067117273807526,2
easier,lighter,0.499542236328125,0.34030914306640625,2
easier,louder,-1.793121337890625,0.35132962465286255,2
eddied,swirled,3.681708335876465,0.21405066549777985,2
education,pedagogy,2.560546875,0.014989867806434631,2
education,science,-0.18950271606445312,-0.6635125875473022,2
egg,tongue,4.3915252685546875,0.6216260194778442,2
elements,shapes,-2.184540271759033,-0.26541751623153687,2
embarrassment,pleasure,5.533203125,0.4051204323768616,2
embeddings,manifolds,-7.8338623046875,-0.47802263498306274,2
emperors,empresses,8.508625030517578,-0.21602323651313782,2
encouragement,praise,0.2666015625,-0.009230569005012512,2
encouragement,warning,2.2890625,0.5292800068855286,2
enlarged,hollow,2.3173828125,0.471613347530365,2
enlarged,reduced,7.095703125,-0.7484268546104431,2
enlarged,revised,4.74346923828125,0.2727597951889038,2
enormous,majestic,-0.9602870941162109,0.27040421962738037,2
enormous,powerful,3.2109375,-0.17762842774391174,2
entertainments,parties,2.1634521484375,-0.7963913679122925,2
erect,fearless,4.01708984375,0.06079162657260895,2
erect,masterful,-6.893792152404785,0.203382208943367,2
espresso,juice,-1.020263671875,0.07661493122577667,2
events,events,-1.216796875,0.15733353793621063,2
events,names,4.8515625,-0.3625076413154602,2
events,relationships,5.132966041564941,-1.1032147407531738,2
events,stories,1.876953125,-0.14970235526561737,2
example,precept,-0.8227195739746094,0.2914736270904541,2
exhausted,hot,3.4791107177734375,0.4690229296684265,2
expound,reason,-1.74603271484375,0.011877521872520447,2
exterior,interior,-1.09765625,-0.2813527584075928,2
facts,myths,3.533203125,0.02933734655380249,2
facts,names,2.6826171875,-0.2749740481376648,2
faith,glory,-9.53515625,0.040761977434158325,2
faith,morals,-2.3446502685546875,-0.4279868006706238,2
faith,reason,-1.723388671875,-0.36181342601776123,2
faith,science,0.92431640625,-1.203639030456543,2
faith,violence,-3.41796875,-0.5189168453216553,2
fall,tumble,1.0318126678466797,0.3191869258880615,2
famous,hot,3.367748260498047,-0.40266454219818115,2
farming,livestock,4.78564453125,0.8379454016685486,2
fast,febrile,0.5703125,-0.3648005723953247,2
fast,furious,-2.66796875,-0.4237862229347229,2
fast,mushy,-3.802734375,0.8828971982002258,2
fast,powerful,-0.389917254447937,0.049162060022354126,2
fast,steadily,-3.4459149837493896,-0.9799004793167114,2
fast,sure,2.705078125,-0.873274028301239,2
fast,thick,2.48046875,-0.28267335891723633,2
fast,tough,-8.9375,-0.40714025497436523,2
fast,true,1.466796875,-0.3084373474121094,2
fearless,gallant,5.445959091186523,-0.5788431763648987,2
fights,war,1.27734375,0.09683118760585785,2
fits,starts,5.17901611328125,-0.13343651592731476,2
flabby,wrinkled,-4.646484375,-0.2439175546169281,2
flattery,persistence,5.048828125,-0.3190441131591797,2
flattery,pleasure,2.828125,-0.04748143255710602,2
flattery,servility,0.6474704742431641,-0.4724251627922058,2
flies,mosquitoes,-6.5859375,-0.2704348862171173,2
flippers,lungs,7.0859375,0.6023975014686584,2
flopped,stumbled,-6.9814453125,-0.11514010280370712,2
flushed,hoarse,-2.806640625,0.08799533545970917,2
flushed,hot,3.5291900634765625,0.357879102230072,2
flushed,impatient,-2.8295974731445312,-0.10036918520927429,2
flushed,radiant,-2.94140625,-0.14994701743125916,2
flushed,red,-7.315784931182861,-0.14528830349445343,2
flushed,tired,-7.222900390625,0.6608507037162781,2
flushed,unhappy,-0.9917373657226562,-0.18731842935085297,2
fog,storms,-1.4472005367279053,-0.3148777484893799,2
fog,wind,2.10546875,0.13964708149433136,2
forage,gather,3.608661651611328,0.982503354549408,2
foreboding,loneliness,2.190916061401367,-0.17809753119945526,2
founding,full,-1.9674941301345825,0.7472193241119385,2
founding,prominent,4.863037109375,0.06305454671382904,2
freakier,freakier,-4.248779296875,0.13233236968517303,2
freight,luggage,-6.60009765625,0.2760855555534363,2
fresh,hot,2.20703125,0.18308739364147186,2
fresh,sweet,-2.92462158203125,0.31305158138275146,2
fresh,unblemished,2.48388671875,0.19182150065898895,2
fresh,youthful,-0.251953125,0.3524092435836792,2
friendship,intimacy,-3.013713836669922,-0.1411239057779312,2
friendship,loneliness,-5.34326171875,-0.41019701957702637,2
frog,wombat,-0.41015625,0.6576080918312073,2
frosts,storms,3.16015625,-0.15323421359062195,2
fuel,heating,5.2001800537109375,0.066921666264534,2
full,immediate,-5.4521484375,0.2539265751838684,2
full,transcendent,-3.55859375,-0.035361044108867645,2
full,true,-2.13623046875,-0.1920938342809677,2
furious,hot,-0.12424278259277344,0.2323669046163559,2
furious,sputtering,10.1875,-0.24238497018814087,2
galaxies,matter,4.136249542236328,0.03231394290924072,2
gallant,shrewd,-2.763916015625,0.07053960859775543,2
gallons,gallons,-0.49708259105682373,-0.6488955616950989,2
gas,matter,-17.30712890625,-0.6050708293914795,2
gas,steam,0.0,-0.3696536421775818,2
gaunt,gray,4.013671875,0.3756381869316101,2
gaunt,hollow,5.38720703125,0.4178088903427124,2
gears,levers,1.1348800659179688,-0.47641944885253906,2
gigantic,red,-7.45916748046875,0.20426197350025177,2
girl,goose,-0.4289371967315674,-0.8635286688804626,2
girl,stalking,-1.8422698974609375,0.24352358281612396,2
global,local,-7.8251953125,-0.27181944251060486,2
gloomy,stern,-0.12109375,-0.11608479917049408,2
gloomy,thick,1.5895957946777344,-0.05982343852519989,2
graduate,professional,10.77570915222168,0.2765005826950073,2
graduate,undergraduate,-2.4375,0.43453097343444824,2
grame,grief,-5.978515625,-0.2130342721939087,2
gray,grewsome,-7.7288665771484375,-0.17261283099651337,2
gray,red,-4.70556640625,0.2738592028617859,2
gray,scanty,-9.21337890625,-0.07214769721031189,2
gray,tired,3.48291015625,-0.4304872155189514,2
gray,yellow,-1.6025390625,0.15007402002811432,2
grey,red,-1.9747657775878906,-0.06753309071063995,2
grief,horror,9.707464218139648,-0.028927743434906006,2
grief,intrigue,3.30712890625,0.6216658353805542,2
grief,passion,-8.38427734375,0.09847894310951233,2
grief,rage,-7.2333984375,-0.03330241143703461,2
grinned,looked,7.8486328125,0.11499528586864471,2
harmonium,organ,-2.5078125,0.14841602742671967,2
hawed,himmed,5.0859375,0.468003511428833,2
heaps,heaps,6.09375,0.17258523404598236,2
hearths,homes,1.639650821685791,0.054127663373947144,2
heat,strength,-6.7890625,-0.2269219011068344,2
heiress,owner,5.03173828125,0.31060951948165894,2
heparin,histamine,8.166259765625,-0.016018226742744446,2
heretics,nonbelievers,-15.3642578125,-0.10042281448841095,2
highlights,shadows,4.65625,-0.759844958782196,2
hoarse,hollow,-1.9641990661621094,0.4110456705093384,2
hollow,lightweight,-3.140655517578125,0.507219672203064,2
hollow,muffled,2.310546875,0.046331629157066345,2
honeysuckles,jessamines,-0.464141845703125,-0.12133434414863586,2
horrible,red,-1.03125,-0.2782253921031952,2
horrible,yellow,-3.9654541015625,-0.9110226631164551,2
horror,misery,3.67252254486084,-0.18574030697345734,2
horror,rage,-3.8505859375,-0.1902683973312378,2
hot,mixed,-3.953125,0.5388757586479187,2
hot,red,-2.9979248046875,-0.2919818162918091,2
hot,smoking,-6.5439453125,-0.16101408004760742,2
hot,steaming,3.0184593200683594,-0.135877326130867,2
hot,sultry,-10.27734375,0.5076009631156921,2
hot,sweet,12.303170204162598,0.6807653307914734,2
hot,tired,-1.4729100465774536,0.07332521677017212,2
hushed,penetrated,10.654296875,-0.4378974437713623,2
illustrated,wrote,-5.62786865234375,-0.5260147452354431,2
immediate,personal,2.001953125,0.004938691854476929,2
immediate,stern,2.5087890625,0.34325480461120605,2
impatient,tired,3.14599609375,0.06926171481609344,2
increase,multiply,1.630859375,-0.5133042931556702,2
ingratitude,suspicion,5.2060546875,-0.2458256483078003,2
injustice,oppression,3.583984375,0.013811841607093811,2
injustice,slavery,-0.6794179677963257,0.31574398279190063,2
injustice,violence,-8.48046875,-0.4370648264884949,2
innocent,leige,-6.7900390625,0.780414342880249,2
innocent,sweet,-2.6226840019226074,0.5055991411209106,2
inquiringly,politely,3.3701171875,-0.588032603263855,2
insincere,supercilious,-3.1790313720703125,0.26648199558258057,2
insults,violence,-3.4035987854003906,0.01368945837020874,2
junior,professional,4.7233123779296875,-0.06420722603797913,2
kinds,shapes,6.0234375,-0.013258382678031921,2
kinds,sorts,0.4912109375,-0.12721550464630127,2
leaking,patched,-2.9805660247802734,0.026552006602287292,2
legos,lion,4.698606014251709,0.19562523066997528,2
leif,tarzan,-8.56640625,-0.6156450510025024,2
leukemia,lymphoma,-2.1265640258789062,0.8188802599906921,2
lighter,lighter,9.763632774353027,-0.5002727508544922,2
lighter,thinner,0.0,0.4844871163368225,2
like,talking,6.144134521484375,-1.07743501663208,2
limestone,marble,-0.7435789108276367,0.6582285165786743,2
limped,stuttered,-3.0764236450195312,-0.050908446311950684,2
limpid,salutary,-0.20322799682617188,0.2655559778213501,2
listened,listened,6.24462890625,-0.7514926195144653,2
listened,looked,5.220756530761719,-0.044613152742385864,2
listened,watched,3.579559326171875,0.008577316999435425,2
local,provincial,1.3055686950683594,0.09354604780673981,2
loneliness,misery,9.792366027832031,-0.5555038452148438,2
looked,looked,-6.01953125,0.026225656270980835,2
looked,smelt,8.07421875,-0.20906475186347961,2
lost,loved,-0.765625,-0.2705646753311157,2
louder,louder,6.0048828125,0.0036425888538360596,2
louder,repeated,-2.87109375,-0.3443750739097595,2
louder,sharper,-3.9966812133789062,0.04840077459812164,2
loyalists,unionists,-2.8961181640625,0.0017289519309997559,2
magisterial,police,-1.951171875,0.09688723087310791,2
magnet,toys,4.151645660400391,-0.6499386429786682,2
magnificent,proud,-0.68157958984375,0.12936721742153168,2
majestic,powerful,-2.68408203125,-0.11444569379091263,2
majestic,soothing,-4.2471771240234375,-0.1327177733182907,2
majestic,sublime,-1.3779296875,0.0006691217422485352,2
malice,rage,-3.3865966796875,-0.014985457062721252,2
marble,mosaic,0.210693359375,0.5791090130805969,2
maroon,red,1.265625,0.23285548388957977,2
maroon,yellow,-1.539953589439392,0.08615580201148987,2
mathematics,metamathematics,-5.5078125,0.5299942493438721,2
mathematics,science,-3.19140625,0.2276894897222519,2
mathematics,statistics,3.252368927001953,0.39831048250198364,2
matrimony,matrimony,1.833984375,0.30838584899902344,2
mauve,red,0.38556671142578125,0.150673970580101,2
meaning,reason,-7.516632080078125,-0.6270866394042969,2
meaning,richness,0.2079761028289795,-0.4600598216056824,2
meat,meat,5.1953125,0.0395745187997818,2
meat,puddings,-2.669921875,-0.46400660276412964,2
metasedimentary,sedimentary,0.0,0.030530020594596863,2
metres,metres,0.0,0.6389991641044617,2
microprocessors,transistors,-0.08819580078125,0.07333509624004364,2
mightiest,richest,3.139789581298828,0.3271734118461609,2
miserable,tired,-6.429767608642578,-0.0577179491519928,2
miserable,unhappy,1.649017333984375,-0.22725236415863037,2
miserable,weeping,5.3790283203125,-1.168809175491333,2
missus,mister,-4.9453125,0.4262077212333679,2
modern,practical,-0.5949597358703613,0.07459037005901337,2
muffled,thick,2.907196044921875,-0.05322353541851044,2
mushrooms,tomatoes,3.5110626220703125,-0.1846849024295807,2
necessity,urgency,0.12206649780273438,-0.09487433731555939,2
nestling,singing,-4.240234375,-0.3941308856010437,2
northwest,west,4.58936882019043,0.07797633111476898,2
official,royal,-4.748046875,-0.12858319282531738,2
on,on,-2.757568359375,-1.1234146356582642,2
opponents,players,0.0,0.18155618011951447,2
oppression,violence,3.7364959716796875,0.2853606939315796,2
outsiders,students,-7.901153564453125,-0.01382380723953247,2
outsiders,wives,3.5694580078125,0.21879376471042633,2
overweight,unhappy,5.1351318359375,0.3596739172935486,2
paler,paler,0.384765625,-0.23408371210098267,2
paler,thinner,-0.2607421875,-0.1330302506685257,2
paler,tired,0.9518642425537109,0.023059114813804626,2
paperwork,signatures,-3.8720703125,0.09000875055789948,2
passion,rage,2.65771484375,-0.5344225764274597,2
personal,profanity,-8.904696464538574,-0.2682695686817169,2
personal,professional,0.0,-0.17523740231990814,2
phases,stages,10.896484375,1.2130236625671387,2
photographs,sketches,-7.7421875,-0.5362147092819214,2
physical,sexual,0.8466796875,-0.9118510484695435,2
pins,tape,4.064155578613281,-0.2915686368942261,2
placid,smooth,2.1768646240234375,0.0954512357711792,2
pleasure,rejoicing,-2.3399314880371094,-0.2757010757923126,2
poets,songwriters,-2.44287109375,0.7120290398597717,2
powdery,smooth,7.361328125,-0.057606689631938934,2
powerful,precise,0.4345703125,0.30609583854675293,2
powerful,stern,-3.88525390625,0.009084999561309814,2
powerful,vast,-1.203125,0.22755150496959686,2
praise,publicity,6.921875,-0.1518304944038391,2
prematurity,smoking,0.8019161224365234,0.7957936525344849,2
presentation,spelling,-14.57275390625,-0.23779790103435516,2
principal,supervisor,7.1339640617370605,-0.32406967878341675,2
produced,wrote,-1.00067138671875,0.747036874294281,2
profanity,sanctity,-3.89453125,-0.11617317795753479,2
profanity,sexual,-3.73046875,-0.41284555196762085,2
professional,student,1.1637420654296875,-0.5323265194892883,2
property,slaves,-1.92041015625,-0.345813512802124,2
proud,stern,0.544097900390625,0.14896373450756073,2
proud,swaggering,-2.974609375,-0.4906212091445923,2
proud,vain,1.8458619117736816,-0.9061472415924072,2
pulled,pulled,0.7158203125,-0.1993803232908249,2
radiant,red,-12.8994140625,-0.7846776247024536,2
radio,record,6.932708740234375,0.4789974093437195,2
rage,scorn,2.5217456817626953,-0.07815256714820862,2
rage,war,6.291015625,-0.6888831853866577,2
rage,weeping,0.8013916015625,-0.02481973171234131,2
rains,storms,-5.0908203125,-0.1048879474401474,2
rampant,red,0.8131556510925293,-0.4263625741004944,2
randomness,statistics,-8.6318359375,0.004549488425254822,2
rapidly,steadily,4.367462158203125,-0.7123280167579651,2
reason,science,10.76336669921875,0.14918501675128937,2
reason,tradition,-0.0636749267578125,-0.07029029726982117,2
receiver,recorder,6.6794281005859375,-0.018518894910812378,2
recorder,tape,4.762939453125,-0.49187785387039185,2
red,red,5.90625,-0.2789883315563202,2
red,thick,-5.6201171875,-0.11668014526367188,2
red,wrinkled,-7.91015625,0.27055585384368896,2
red,yellow,-2.97265625,0.16447706520557404,2
rehashed,revised,-9.53643798828125,0.12495921552181244,2
repeated,sterner,2.6162109375,-0.4411683678627014,2
rip,tip,-0.23583984375,-0.15073448419570923,2
rising,rising,-1.466796875,-0.6358740925788879,2
run,run,-7.148834228515625,0.4863763451576233,2
run,shout,-1.609375,0.7865082621574402,2
samoyedic,yeniseian,-5.576629638671875,-0.7296649813652039,2
screaming,shouting,-1.6924972534179688,0.3401264548301697,2
secured,shut,7.3955078125,0.07888950407505035,2
sexuality,violence,-5.321277618408203,-0.2522090971469879,2
sharper,sharper,1.36328125,-0.36918115615844727,2
shinyness,sunniness,6.476367950439453,-0.5412614941596985,2
shivered,suffered,5.63623046875,0.5598562955856323,2
shivered,watched,-10.833984375,0.19493751227855682,2
shouting,shrieking,-6.6932373046875,-0.06686267256736755,2
shouting,singing,2.587209701538086,-0.30308812856674194,2
shouting,talking,3.6865692138671875,0.30871617794036865,2
shrimp,snails,2.4548606872558594,-0.09417498856782913,2
singing,talking,-1.8515625,-0.7275646328926086,2
skirmishing,trading,-2.3125,-0.24640712141990662,2
sluggish,smooth,-3.0807418823242188,-0.09163469821214676,2
smoking,steaming,8.021484375,-0.14108772575855255,2
smoking,talking,1.5694580078125,-0.1531985104084015,2
smooth,sweet,2.455078125,0.32069242000579834,2
smooth,thick,-1.04296875,-0.30533313751220703,2
spray,steam,-6.1735687255859375,0.09350195527076721,2
spreading,spreading,-1.19091796875,0.1318434327840805,2
sputtering,sputtering,1.208984375,0.2923879623413086,2
squak,squak,0.8943748474121094,0.15077732503414154,2
starved,tired,6.54296875,0.15924154222011566,2
steeper,steeper,-5.078125,0.21843986213207245,2
stem,stern,1.0576171875,0.5280571579933167,2
stifling,thick,-1.1923828125,0.3544919490814209,2
storms,wind,-2.53202486038208,-0.1848810613155365,2
talking,talking,7.06640625,-0.7322880625724792,2
tamer,tamer,-3.24169921875,-0.5645811557769775,2
thick,tough,-6.66796875,0.5345384478569031,2
thick,yellow,-9.35595703125,0.13087986409664154,2
thinner,thinner,-0.5847625732421875,0.07626765966415405,2
thumbs,toes,-3.5048980712890625,0.22360147535800934,2
tired,unhappy,2.72454833984375,-0.06334881484508514,2
tired,uninspired,1.927734375,0.35160332918167114,2
tradition,usage,-5.873744964599609,-0.2353082001209259,2
trains,trucks,4.33154296875,-0.6967646479606628,2
twice,twice,5.66015625,0.440685510635376,2
tylenol,zithromax,2.427734375,0.5355568528175354,2
uncivilized,unlettered,-3.0341796875,0.7721803784370422,2
unhallowed,unwarranted,-5.16015625,-0.06426306813955307,2
unwinding,winding,2.625732421875,-0.1196584403514862,2
utter,vast,4.24755859375,-0.5356588959693909,2
village,village,3.421875,-0.6625253558158875,2
violence,war,0.54351806640625,0.01289089024066925,2
wailings,weeping,-4.71875,-0.7724188566207886,2
watched,watched,1.73828125,-0.8523252606391907,2
weeks,weeks,-0.05078125,-0.057834185659885406,2
wider,wider,-5.60888671875,-0.27031439542770386,2
wrastled,wrastled,-2.872100830078125,0.3075944781303406,2
wrinkled,yellow,4.630126953125,-0.8130704760551453,2
wrote,wrote,0.583984375,-0.7824764251708984,2
yards,yards,-2.6875,-0.5013859272003174,2
yellow,yellow,0.2841796875,-0.18718695640563965,2
yours,yours,-9.140625,-0.44456547498703003,2
abjurer,nowhere,-1.4022445678710938,-0.16391783952713013,3
above,around,-3.264892578125,0.13366129994392395,3
accidents,incidents,-2.588162899017334,0.17170073091983795,3
accidents,problems,1.196044921875,0.5504410862922668,3
acknowledge,state,9.571216583251953,-0.03981002792716026,3
actively,successfully,4.4901123046875,-0.07657073438167572,3
acts,speaks,1.3087663650512695,-0.6016481518745422,3
acts,talks,0.83984375,-0.2435310333967209,3
adoration,love,4.25,-0.6053214073181152,3
aerial,ground,4.498046875,-0.4913296699523926,3
aimlessly,unconsciously,-5.41162109375,-0.023003872483968735,3
along,along,-2.892578125,0.23634076118469238,3
along,watch,-0.376953125,-0.6175531148910522,3
amused,rapid,-6.6761474609375,0.19847841560840607,3
anarchy,license,3.935791015625,-0.029443737119436264,3
anguish,dejection,-3.3111953735351562,-0.10860240459442139,3
ants,earth,8.2926025390625,-0.13389776647090912,3
ants,termites,0.3692741394042969,-0.06587930023670197,3
apologized,time,-4.668262481689453,-0.14052070677280426,3
apologized,went,-2.4140625,-0.4733842611312866,3
apples,cake,-11.69140625,0.05216482654213905,3
aquatic,other,5.0419921875,0.2957693338394165,3
arab,egyptian,4.94580078125,0.20333287119865417,3
area,league,-2.7255859375,-0.0015637688338756561,3
armies,battles,-2.6904296875,0.16985413432121277,3
around,around,3.703125,0.02361774817109108,3
arrivals,departures,-1.178619384765625,-0.17354139685630798,3
arrogant,hurtful,-6.27685546875,0.2515314817428589,3
arrogant,lying,-0.05859375,-0.5233770608901978,3
arrogant,opinionated,-7.001953125,-0.13002006709575653,3
arrogant,quarrelsome,-1.8701171875,0.03274494782090187,3
arrows,bow,0.2080078125,-0.07050254940986633,3
arrows,chimales,-6.7310791015625,-0.13340429961681366,3
artists,cartoonists,-1.248046875,0.30453941226005554,3
artists,intellectuals,3.22088623046875,0.46206149458885193,3
artists,things,-1.814453125,0.2095726728439331,3
artists,writers,-6.766329765319824,0.4309729039669037,3
ask,call,4.79949951171875,-0.6177601218223572,3
assassins,conspirators,-2.553955078125,0.8360232710838318,3
assassins,cutthroats,3.58599853515625,0.11982208490371704,3
assets,cash,5.489601135253906,-0.20622746646404266,3
assets,exports,-2.97265625,0.1581370085477829,3
atheistic,materialistic,7.7265625,-0.6516703367233276,3
attentive,ready,-3.6597900390625,-0.5073233246803284,3
audience,critics,0.5342512130737305,0.46042782068252563,3
babbled,babbled,1.397979736328125,0.8973903059959412,3
babied,petted,-0.9248046875,-0.025235828012228012,3
babysit,come,6.7578125,-0.5625876188278198,3
backed,backed,-2.310302734375,-0.605162501335144,3
backed,pranced,1.123046875,0.44094282388687134,3
backward,sideways,3.498241424560547,-0.14114731550216675,3
balloon,boy,1.85546875,-0.38739779591560364,3
barked,barked,-2.03485107421875,-0.24197819828987122,3
barleycorns,roots,3.6802215576171875,-0.01611742004752159,3
baskets,parcels,0.906005859375,-0.4666634202003479,3
battles,disputes,3.0863916873931885,0.23481136560440063,3
battleships,cruisers,5.130859375,0.4643656015396118,3
beating,beating,5.21881103515625,0.49251437187194824,3
beggars,churches,-0.041015625,0.1504116654396057,3
belief,sentiment,-0.00604248046875,-0.22751790285110474,3
belief,thought,-2.32421875,-0.5576841235160828,3
belief,unbelief,1.53533935546875,-0.01818668469786644,3
berrid,dead,3.4906005859375,-0.3636656403541565,3
bewildering,many,-0.3402099609375,0.013093415647745132,3
black,black,9.417770385742188,0.3179737329483032,3
black,cold,0.91259765625,-0.10260491073131561,3
black,dismal,-2.271024227142334,-0.45373982191085815,3
black,gay,-14.1552734375,0.5927092432975769,3
black,shiny,6.333984375,-0.2682534158229828,3
blatant,officious,0.04323625564575195,0.541295051574707,3
bliss,suffering,3.074726104736328,0.33753854036331177,3
blows,blows,10.953903198242188,-0.6862515807151794,3
board,keel,12.62939453125,-0.021505434066057205,3
boars,deer,-0.0862274169921875,0.16581502556800842,3
boars,oxen,1.8203125,-0.03705732151865959,3
bonnets,dresses,-8.0654296875,0.04207656905055046,3
boots,clothing,3.2685546875,-0.04388304427266121,3
boots,coats,-2.82861328125,-0.1384715884923935,3
bow,slide,6.541015625,-0.39748191833496094,3
bowery,lofty,2.435546875,-0.5903217196464539,3
boxed,wrestled,3.4970703125,0.18503424525260925,3
bravery,cowardice,4.8369140625,0.15259791910648346,3
bravery,enterprise,2.5660476684570312,-0.10461479425430298,3
breakfast,lunch,7.073028564453125,0.020993594080209732,3
breakfast,supper,-6.12109375,-0.031614091247320175,3
bribing,sleeping,-4.500301361083984,0.10628454387187958,3
build,come,2.6328125,-0.4484495222568512,3
burn,split,4.123046875,0.28962090611457825,3
cake,fruit,1.794403076171875,-0.21051394939422607,3
cake,jelly,-4.408935546875,-0.20245501399040222,3
call,call,-5.952880859375,-0.37105265259742737,3
call,come,1.115234375,0.11040191352367401,3
camera,puzzle,-2.8193359375,-0.6231353282928467,3
carry,cash,-1.822265625,-0.35968708992004395,3
cash,time,-4.9228515625,-0.25896474719047546,3
casseroles,things,9.615234375,-0.33802998065948486,3
charitable,grand,10.76171875,-0.01719408854842186,3
cheat,steal,6.254913330078125,-0.5514172911643982,3
churches,minsters,-5.71875,-0.028442859649658203,3
churches,monasteries,3.59576416015625,0.180912047624588,3
cinematic,classical,0.5070915222167969,0.014481816440820694,3
circumstances,fate,9.567220687866211,0.8345075249671936,3
circumstances,time,-2.0105323791503906,0.16175858676433563,3
civilian,other,3.7184677124023438,-0.09449803829193115,3
clairvoyance,mesmerism,-1.0419921875,-0.20940972864627838,3
classical,quantum,-3.68585205078125,0.9801639914512634,3
clergy,nobility,1.791015625,-0.030808713287115097,3
closer,closer,3.62255859375,0.794915497303009,3
closer,longer,0.7285537719726562,0.11758892238140106,3
closer,warmer,-1.380859375,0.8828352093696594,3
clubs,societies,0.0,0.1703115850687027,3
clubs,things,-7.1787109375,1.1308252811431885,3
coats,dresses,-3.78515625,-0.012941833585500717,3
coats,scarves,-4.266876220703125,0.03729085996747017,3
cold,cramp,-2.73370361328125,0.20400559902191162,3
cold,dead,-7.73406982421875,-0.17084157466888428,3
cold,dire,6.667236328125,-0.3524613678455353,3
cold,intellectual,-4.01171875,0.06218201294541359,3
cold,lifeless,-10.728515625,0.23180937767028809,3
cold,rain,3.118408203125,-0.025831732898950577,3
cold,rainy,2.7467041015625,-0.04844176396727562,3
cold,silent,-4.982911109924316,0.14319221675395966,3
cold,snow,-2.287109375,0.2717761993408203,3
cold,snowing,-6.2490234375,0.21928906440734863,3
cold,steady,-0.17137813568115234,-0.5196576118469238,3
cold,stiff,2.37872314453125,0.09679362177848816,3
cold,undemonstrative,0.28204345703125,0.27120327949523926,3
cold,useless,1.064453125,0.3444977402687073,3
collectivism,individualism,5.7265625,0.017650168389081955,3
college,private,9.3106689453125,-0.03576553240418434,3
college,pro,9.54296875,0.4008976221084595,3
colleges,things,5.467498779296875,0.01653730869293213,3
coloring,drawing,-2.541015625,-0.07836121320724487,3
come,come,7.4765625,0.40234264731407166,3
come,dine,5.734375,-0.05952834337949753,3
come,hurry,4.494140625,-0.42521655559539795,3
come,take,3.7452645301818848,-0.6509541869163513,3
come,watch,-1.6177253723144531,-0.09982417523860931,3
come,went,-0.1044921875,-0.3248254060745239,3
commitment,love,-2.338134765625,-0.24347543716430664,3
committing,disciplining,-0.87890625,0.3816511332988739,3
communication,trade,-7.9658660888671875,-0.055007945746183395,3
companies,regiments,-4.78271484375,0.6062175631523132,3
conducting,finish,-2.100830078125,-0.21143677830696106,3
congressional,public,4.583984375,-0.2681442201137543,3
consent,order,2.2880859375,0.0791020393371582,3
constrained,mysterious,-1.216796875,-0.7833196520805359,3
constrained,silent,-11.19036865234375,1.1057355403900146,3
cookie,napkin,-1.03619384765625,0.04707092419266701,3
cooking,pottery,0.9114497900009155,-0.14455759525299072,3
cooking,residential,9.877792358398438,-0.29595693945884705,3
coronation,inauguration,-2.3369140625,-0.3420269191265106,3
courteous,friendly,4.28607177734375,-0.17541098594665527,3
cowardice,meanness,-3.782470703125,0.46820586919784546,3
cowardly,slurring,3.4810791015625,-0.7105898261070251,3
crew,passengers,4.617829322814941,0.016767296940088272,3
critics,curators,-1.908203125,0.09293955564498901,3
critics,public,-10.3876953125,0.24913626909255981,3
croaks,pneumonia,-4.54254150390625,-0.923971951007843,3
crowded,noisy,3.453125,0.15282180905342102,3
crypts,muslins,5.534269332885742,-0.10138548910617828,3
cunning,different,-4.021933555603027,0.3503960371017456,3
cunning,ready,0.8917236328125,-0.296852707862854,3
cunning,unscrupulous,0.70654296875,-0.22124814987182617,3
currencies,problems,3.1884765625,0.23509174585342407,3
curses,howls,4.6123046875,-0.04815974459052086,3
curses,threats,-4.568359375,0.25778722763061523,3
daintiness,softness,-4.2279052734375,-0.08202435076236725,3
dallied,dallied,-7.818359375,0.35759761929512024,3
dampish,lonesome,-3.129650115966797,-0.6128617525100708,3
dates,eras,-9.36260986328125,0.43381592631340027,3
dates,numbers,-0.490234375,0.06224435940384865,3
dates,things,-7.6630859375,-0.06693136692047119,3
dates,time,-2.0051236152648926,-0.014197107404470444,3
daycare,experiences,2.44921875,-0.07397910952568054,3
dead,decaying,1.6708984375,-0.026541227474808693,3
dead,stiff,5.972900390625,0.7223008275032043,3
dead,useless,-2.87841796875,0.16706445813179016,3
deed,thought,11.431187629699707,-0.11444416642189026,3
delightfully,truthfully,-1.5634765625,0.11131367087364197,3
delivery,style,0.2666015625,-0.09983928501605988,3
desire,hope,-7.572265625,0.021048087626695633,3
desire,love,3.68798828125,-0.4918632507324219,3
diesel,gasoline,7.244180679321289,0.09834371507167816,3
different,imaginative,1.4375,0.08773812651634216,3
dimmer,dimmer,1.9541015625,1.0128577947616577,3
diplomatic,trade,-6.619140625,0.06264267861843109,3
dirtier,dirtier,2.050537109375,0.13743183016777039,3
discomfort,stress,1.4683837890625,-0.025699008256196976,3
discontentedly,idly,-3.85546875,-0.29516345262527466,3
discotheques,things,-2.26171875,-0.3115817904472351,3
disease,fasting,2.1981201171875,0.32964715361595154,3
disease,stress,-5.6749267578125,0.9818939566612244,3
disease,suffering,-2.325439453125,0.22255370020866394,3
disease,wars,-3.563995361328125,0.10917319357395172,3
dishes,pots,0.62158203125,0.0714728981256485,3
displaced,uprooted,-1.85693359375,0.7487474679946899,3
disturbances,wars,-2.0258712768554688,0.3975570499897003,3
dodge,kick,2.876953125,-0.502500593662262,3
dotingly,fondly,3.5609755516052246,0.33768436312675476,3
dresses,hose,4.351531982421875,-0.23560580611228943,3
drier,warmer,-3.1081809997558594,-0.147166907787323,3
drowsier,drowsier,6.81640625,0.6518604159355164,3
drunk,drunk,0.4072265625,-0.1122763454914093,3
drunk,loaded,-1.9375,0.019040975719690323,3
drunk,merry,3.6534032821655273,-0.39147135615348816,3
duties,pleasures,-10.6102294921875,0.3289321959018707,3
duties,quotas,15.43359375,0.24854639172554016,3
duties,tariffs,-0.019775390625,-0.1117376983165741,3
duty,family,-6.052978515625,0.6169347167015076,3
duty,inclination,-1.2578125,0.6575154662132263,3
duty,love,8.582626342773438,0.678737998008728,3
eagerly,quickly,0.2529296875,1.3225315809249878,3
earth,sods,-2.5844802856445312,-0.15032051503658295,3
edibles,fruit,5.01611328125,-0.3079618215560913,3
ejaculation,orgasm,-1.6416015625,-0.29870450496673584,3
elaborate,gay,6.524428367614746,-0.1775282770395279,3
elegancies,luxuries,3.4921875,0.5481250882148743,3
embarrassing,inconvenient,-1.4023616313934326,0.359671413898468,3
emergencies,wars,-4.912055969238281,0.44275549054145813,3
employment,income,3.794921875,0.09412196278572083,3
employment,industrial,1.213348388671875,0.19673538208007812,3
enthusiastically,quickly,-2.4761962890625,-0.04114260897040367,3
evenly,quickly,1.798858642578125,-0.014631982892751694,3
evidently,slowly,-1.1824951171875,-0.24513928592205048,3
execrable,unclean,5.0576171875,0.2754599153995514,3
executions,trials,-6.5576171875,0.2580181062221527,3
explorer,martyr,-6.543256759643555,-0.2206738144159317,3
extended,reworked,-4.397380828857422,-0.019629526883363724,3
extreme,rapid,-3.4731578826904297,0.058486465364694595,3
faded,shabby,-0.12939453125,-0.183206707239151,3
family,inheritance,0.838134765625,-0.1814880669116974,3
family,love,7.806640625,-0.045480359345674515,3
family,tribal,-1.0048000812530518,-0.030819471925497055,3
farmers,ranchers,-4.1640625,0.8713704943656921,3
fat,protein,-2.48663330078125,-0.28629863262176514,3
fatal,mysterious,0.819549560546875,0.3137241005897522,3
fatal,sinister,9.10791015625,0.22817155718803406,3
feminine,masculine,-6.807708740234375,-0.22640776634216309,3
fertility,love,2.9222564697265625,0.359314501285553,3
fiercer,other,-5.9158935546875,0.9776952862739563,3
finish,start,-0.463958740234375,0.019599396735429764,3
finished,released,-2.272125244140625,-0.49212878942489624,3
first,goal,0.0,-0.48031628131866455,3
first,ground,-3.625476837158203,-0.29914963245391846,3
first,largest,-1.636260986328125,0.3314349949359894,3
first,notable,0.603515625,0.03170007839798927,3
first,original,6.211456298828125,-0.103354811668396,3
first,second,-0.7378346920013428,0.3368855118751526,3
first,sixth,1.141021728515625,0.33610695600509644,3
fixed,known,-3.1015625,0.03862578049302101,3
fixed,running,-4.076171875,0.08904208242893219,3
fixed,steady,-3.7421875,0.2183992862701416,3
fixed,variable,4.347475051879883,-0.6647407412528992,3
flemish,german,-3.2251739501953125,-0.17185962200164795,3
flips,things,6.115017890930176,-0.2576521933078766,3
flooded,lifeless,-1.3740234375,0.3155480623245239,3
foam,paper,-5.711883544921875,0.32917773723602295,3
fondly,foolishly,0.615234375,-0.1792283058166504,3
foolishness,inaccuracy,-2.3778305053710938,0.04677033796906471,3
footsteps,voices,-1.040679931640625,0.30745190382003784,3
footsteps,whistling,3.724609375,0.5755921006202698,3
formulae,things,6.802734375,-0.14889724552631378,3
fossils,lithologies,5.6904296875,-0.30502215027809143,3
fossils,minerals,-10.666015625,-0.2620677649974823,3
fours,threes,3.33203125,0.21006309986114502,3
friendly,frolicsome,-2.0478515625,-0.14778584241867065,3
friendly,sympathetic,-5.1742401123046875,-0.6836676597595215,3
frolicsome,gay,1.8587799072265625,0.3212762176990509,3
fruit,sherbets,0.58203125,0.02525698021054268,3
fruit,suet,-2.806396484375,0.05992220714688301,3
further,further,7.0164794921875,0.24139568209648132,3
fussing,grizzling,6.326115608215332,-0.7230331897735596,3
gasoline,time,1.96875,0.0005450136959552765,3
gasps,sundry,14.1806640625,-0.1331581473350525,3
gay,merry,3.39453125,0.2743140459060669,3
gay,useless,4.37298583984375,-0.4815170466899872,3
gayer,gayer,0.103302001953125,1.0905025005340576,3
given,taken,-1.0947265625,-0.5410610437393188,3
gladly,quickly,0.103515625,-0.9139204621315002,3
glands,vessels,8.62353515625,-0.15853798389434814,3
golder,phillipson,2.58984375,-0.3749886751174927,3
goodness,love,-0.3037109375,-0.4073847234249115,3
goodness,sincerity,-7.609375,-0.3589244484901428,3
gracious,ready,-2.900390625,-0.24689695239067078,3
grand,lofty,-4.884521484375,-0.09548129141330719,3
grand,useful,-1.51397705078125,0.206841841340065,3
grandest,happiest,5.155849456787109,0.18700465559959412,3
grimaces,speaks,13.91015625,0.011330876499414444,3
haltingly,slowly,-0.2578125,-0.01083892211318016,3
handbags,jewelry,5.12353515625,-0.12359237670898438,3
hands,heels,6.4775390625,0.4064710736274719,3
hanged,quartered,-1.863525390625,0.16770875453948975,3
hanged,taken,-2.1769866943359375,-0.10198315978050232,3
hardware,software,-1.0130996704101562,-0.1228799968957901,3
hasty,indifferent,-4.09765625,-0.021864261478185654,3
heavier,heavier,6.91552734375,0.1596069633960724,3
heavier,longer,2.130859375,0.7463025450706482,3
heavier,second,6.137904167175293,-0.25356486439704895,3
hibernation,reproduction,0.2392578125,-0.18581412732601166,3
hissed,sputtered,2.9648494720458984,0.08232806622982025,3
homesick,lonesome,7.84375,0.1403118371963501,3
honey,succotash,-0.5342121124267578,-0.28071898221969604,3
honorable,useful,0.62890625,-0.6905838847160339,3
hope,love,-10.663818359375,0.809968888759613,3
hope,pride,-12.3115234375,0.4743296504020691,3
hope,watch,-0.419921875,-0.009176976978778839,3
horses,oxen,-1.09375,0.33926498889923096,3
horses,riders,-3.614025115966797,0.36518019437789917,3
horses,sheep,-3.09765625,0.18012505769729614,3
horses,waggons,-9.015785217285156,0.3511050343513489,3
human,saurian,-8.46209716796875,0.39499056339263916,3
hurry,preparation,3.9873046875,0.13442295789718628,3
husband,husband,-6.942768096923828,1.027445673942566,3
ideas,oratory,1.08538818359375,-0.3373023271560669,3
ideas,things,1.69769287109375,0.18247950077056885,3
improper,odors,-0.0274200439453125,-0.0707777589559555,3
inclination,time,1.37054443359375,0.591631293296814,3
incredulously,slowly,-0.6790599822998047,0.27040600776672363,3
indifferently,lazily,8.05859375,-0.4627692997455597,3
individually,slowly,-0.876953125,0.5284491181373596,3
industrial,port,0.8487834930419922,-0.20653216540813446,3
industrial,residential,-12.352294921875,0.14811250567436218,3
industrial,sectional,2.822265625,-0.19776782393455505,3
industrial,tourist,-1.6474609375,0.39720314741134644,3
industrial,trade,-4.457998275756836,-0.04795091226696968,3
ingredients,sauces,7.05078125,0.3454225957393646,3
ingredients,time,-3.34375,0.04274025931954384,3
inscrutable,silent,-4.845703125,-0.5937525033950806,3
intense,laborious,-1.21405029296875,0.7608138918876648,3
intense,passionate,-2.146484375,-0.6839449405670166,3
intense,thrilling,5.234375,-0.1088760495185852,3
invisible,silent,-6.193145751953125,-0.04586460813879967,3
island,town,-2.9871482849121094,0.31082844734191895,3
islands,jungles,0.927734375,-0.610995352268219,3
joys,tears,-2.8056640625,-0.009563442319631577,3
kick,plunge,-5.954594135284424,0.5342136025428772,3
kindergarten,kindergarten,-6.5313720703125,0.23008227348327637,3
lame,stiff,-3.748046875,0.48952311277389526,3
lame,useless,-0.911468505859375,0.44000378251075745,3
languages,learning,1.498046875,0.12635675072669983,3
languages,scriptures,-2.84375,-0.1173190325498581,3
largest,newest,-1.6081390380859375,0.3135227560997009,3
law,order,2.1318359375,-0.3299280107021332,3
learning,love,1.51568603515625,0.04833434894680977,3
legend,story,10.669000625610352,-0.3885001838207245,3
legislation,trade,1.46484375,0.4357600808143616,3
less,less,-3.59765625,0.668368935585022,3
loaded,ready,2.55908203125,0.1642417460680008,3
lofty,splendid,-5.5576171875,-0.17145729064941406,3
longer,longer,0.1983642578125,0.8115418553352356,3
looking,looking,8.947052001953125,-0.5255601406097412,3
love,pride,-11.9296875,-0.7565953135490417,3
love,sincerity,2.139892578125,-0.5488174557685852,3
love,sympathy,-2.281442642211914,0.2976066768169403,3
love,tears,13.2236328125,-0.3388937711715698,3
lumpier,lumpier,3.2802734375,0.053970593959093094,3
lustily,together,-1.439361572265625,0.6257752776145935,3
mail,passengers,0.2578125,-0.7234653830528259,3
manufacturing,trade,3.392578125,0.15844440460205078,3
many,many,-5.2265625,-0.4389621913433075,3
merry,thriving,0.861328125,1.1496243476867676,3
minerals,protein,3.7294921875,0.42391473054885864,3
miscellaneous,sundry,-4.0701904296875,0.13698454201221466,3
moans,pants,1.19097900390625,0.655024528503418,3
moans,tears,5.572265625,0.8432535529136658,3
motor,perceptional,-2.6171875,0.2347363829612732,3
mudpuppies,olms,-6.317138671875,-0.4589869976043701,3
mysterious,obsessive,-3.33203125,-0.011520620435476303,3
nets,nets,-4.2181396484375,-0.4348928928375244,3
nets,rubbish,3.39990234375,-0.11848407983779907,3
numbers,numbers,-1.181640625,0.02014538273215294,3
numbers,symbols,-2.213775634765625,-0.07882407307624817,3
nursing,residential,-9.2213134765625,0.3967636227607727,3
oaths,threats,-1.659423828125,-0.10135431587696075,3
observant,steady,5.258382797241211,-0.07976135611534119,3
occidental,suggestion,-5.47347354888916,-0.09795993566513062,3
online,ready,6.6021728515625,-0.592869758605957,3
opportunities,threats,2.599609375,0.7284153699874878,3
oppressions,wars,-6.303325653076172,0.7573035955429077,3
original,shocking,-8.454818725585938,-0.08399441838264465,3
original,simultaneous,-1.8203125,-0.2553735077381134,3
overwork,pneumonia,4.390411376953125,-0.1700282245874405,3
overwork,underfeeding,-2.04742431640625,-0.1832178831100464,3
oxen,sheep,-4.3574066162109375,-0.4069020450115204,3
packages,parcels,-3.57525634765625,0.22587642073631287,3
packages,suitcases,0.49072265625,-0.0320548377931118,3
pages,pages,4.582366943359375,0.1118364930152893,3
pants,shirts,5.4013671875,-0.16760462522506714,3
pants,vocalizes,-9.1328125,0.14569544792175293,3
paper,points,2.5068359375,-0.5838367342948914,3
paper,pulp,9.3486328125,-0.21624773740768433,3
paper,puzzle,2.7682271003723145,-0.019872184842824936,3
paper,rubbish,-5.49464750289917,0.17906565964221954,3
paper,things,-5.5576171875,0.1966475397348404,3
parish,public,0.7395172119140625,-0.07843028008937836,3
peas,strawberries,0.08203125,0.544762372970581,3
peeping,spying,-2.336444854736328,0.3183821439743042,3
perilous,uncertain,0.7717132568359375,0.09792280197143555,3
persecution,suffering,-7.6246337890625,0.7450235486030579,3
persevering,plodding,-6.3935546875,0.1584320068359375,3
persons,things,3.3037109375,0.02121536061167717,3
picture,story,2.7734375,-0.3966905474662781,3
piles,piles,-5.580078125,-0.4514051377773285,3
poorer,poorer,-3.9154586791992188,0.5167611837387085,3
pots,pots,-3.8038330078125,-0.119058758020401,3
pottery,statues,-0.235931396484375,-0.23967231810092926,3
powder,rifles,-1.6217041015625,-0.34983503818511963,3
prayed,prayed,-3.04296875,0.3162512481212616,3
preparation,study,-1.681640625,0.1487189531326294,3
preparation,thought,3.5302734375,-0.3728035092353821,3
pretend,pretend,4.36474609375,0.3455401659011841,3
pride,prime,2.939311981201172,-0.13025861978530884,3
pride,risk,-10.313640594482422,0.7045210599899292,3
pride,vanity,-1.3828201293945312,0.6139435768127441,3
private,public,-0.701171875,0.05143800750374794,3
private,retail,-2.5751953125,0.09695598483085632,3
private,state,-2.2647705078125,0.25756001472473145,3
private,tribal,1.9580078125,-0.128029927611351,3
problems,valium,7.63671875,0.06295903027057648,3
problems,worries,1.53466796875,0.5212845802307129,3
public,state,19.06640625,-0.10902217030525208,3
public,wooden,-4.1884765625,0.04841168597340584,3
put,take,1.5517578125,-0.2726506292819977,3
put,went,2.5554656982421875,0.002991318702697754,3
quality,quantity,-0.08528900146484375,0.18193292617797852,3
quicker,quicker,-5.8369140625,1.1875300407409668,3
quickly,sharply,8.589546203613281,0.37178513407707214,3
quickly,slowly,0.732421875,0.7461750507354736,3
quickly,wisely,0.43804931640625,0.5182400345802307,3
quotas,tariffs,2.2734375,-0.12106555700302124,3
rain,snow,-10.431034088134766,0.4314925968647003,3
rain,tears,1.52294921875,0.7304031848907471,3
rallies,talks,-2.032470703125,0.3306155502796173,3
ran,ran,-8.686225891113281,1.322811245918274,3
ready,silent,-4.2593994140625,-0.3536401689052582,3
ready,steady,4.957920074462891,0.11039778590202332,3
ready,willing,2.1017613410949707,-0.9208506941795349,3
really,really,-0.349639892578125,0.5176383852958679,3
really,truthfully,-5.033050537109375,-0.10943393409252167,3
rebellions,wars,-8.82177734375,0.8243138194084167,3
rebo,things,4.2650146484375,-0.04806772246956825,3
rented,went,2.877330780029297,-0.20845891535282135,3
repossessions,restrictions,2.32080078125,0.9037485718727112,3
residential,retail,-3.5078125,0.28122758865356445,3
respectful,sympathetic,-7.6516923904418945,-0.09232702851295471,3
rested,visited,0.8487129211425781,0.6134078502655029,3
retail,trade,3.7642924785614014,0.18576514720916748,3
returned,taken,6.83599853515625,-0.2816777527332306,3
rifles,shotguns,4.247056007385254,-0.3950355350971222,3
risk,uncertainty,3.9931640625,-0.264579176902771,3
roadways,sidewalks,3.5012359619140625,-0.23612231016159058,3
romp,roughhouse,1.8805313110351562,-0.24516111612319946,3
ruined,uninhabited,-3.15185546875,-0.12361188232898712,3
rung,rung,1.5185546875,0.07848085463047028,3
running,running,-2.609375,0.25989124178886414,3
running,stress,-2.449106216430664,-0.05522153526544571,3
salted,smoked,-0.50146484375,-0.04014819487929344,3
satellites,spacecraft,0.5078125,0.057704899460077286,3
scarcer,scarcer,-2.515625,-0.049191441386938095,3
scarves,turtlenecks,-0.037109375,-0.20883332192897797,3
schema,subschema,13.744140625,-0.7013707756996155,3
searchingly,slowly,0.1759357452392578,-0.284797728061676,3
serials,series,-2.80078125,0.21987032890319824,3
series,shows,8.626708984375,0.13367965817451477,3
share,share,3.404296875,-0.5666318535804749,3
shoplifting,things,-6.742656707763672,-0.4689931571483612,3
shows,things,-0.756591796875,-0.14015647768974304,3
shudder,tremble,9.201620101928711,0.25187501311302185,3
silent,stiff,-5.818695068359375,0.255962997674942,3
silent,tearful,5.3859710693359375,0.02355477586388588,3
sincere,thorough,2.691162109375,0.49201297760009766,3
skinnier,skinnier,-5.798828125,-0.16544586420059204,3
skis,things,3.69384765625,-0.4107585549354553,3
sleeping,sleeping,1.75091552734375,0.09151995182037354,3
slowly,unconsciously,-0.521484375,0.31894707679748535,3
slows,tires,-5.46875,0.5757584571838379,3
somehow,somewhere,-1.900390625,-0.39255163073539734,3
sophistication,style,3.99609375,0.34203264117240906,3
speaks,turns,8.056640625,-0.6858285665512085,3
sponsor,witness,3.596435546875,-0.11939935386180878,3
springs,tension,-0.2127685546875,-0.4485302269458771,3
stalkier,stalkier,-6.066162109375,0.2816927433013916,3
stamps,turns,-0.268646240234375,-0.01331963762640953,3
start,tremble,-7.072334289550781,-0.15398073196411133,3
statues,things,12.926044464111328,-0.28006279468536377,3
steady,stiff,0.3076171875,0.17068970203399658,3
stiller,stiller,6.166015625,0.4371538758277893,3
stress,tension,-3.69287109375,0.4524124264717102,3
study,thought,2.92581844329834,-0.5444756150245667,3
subtle,wondrous,2.714599609375,-0.8503815531730652,3
suffering,time,4.759765625,0.24227744340896606,3
surrounded,taken,7.245647430419922,0.11094959080219269,3
suspense,uncertainty,4.7734375,-0.3978733718395233,3
sweeps,talks,-6.095703125,0.4936785101890564,3
talkative,thoughtless,1.52392578125,-0.22427362203598022,3
talks,talks,0.6643218994140625,-0.5714755058288574,3
talks,turns,0.11004638671875,-0.5833763480186462,3
tap,tap,-3.039400100708008,-0.5078303813934326,3
territory,trade,2.5504913330078125,-0.21285147964954376,3
things,things,-4.517578125,0.03504777327179909,3
things,tires,-1.708984375,-0.39021873474121094,3
thought,thought,3.767578125,-0.37400540709495544,3
thought,time,0.370849609375,-0.1649187207221985,3
time,time,7.092645645141602,0.3612750768661499,3
time,ways,-0.421875,-0.2739078998565674,3
useful,willing,-1.6800537109375,-0.1728980988264084,3
vanquished,victor,3.4346923828125,-0.05048322305083275,3
vanquished,victors,2.6796875,-0.058085113763809204,3
voices,whistling,14.908203125,0.28850752115249634,3
warmer,warmer,-0.701934814453125,0.5558188557624817,3
watch,watch,-6.479213714599609,-0.10333684086799622,3
weaker,weaker,-8.005859375,0.35692229866981506,3
went,went,2.7275390625,0.39842844009399414,3
wilder,wilder,0.01171875,0.021024350076913834,3
absence,substitution,-11.28515625,0.6966561079025269,4
absorbing,long,6.1220703125,0.10847657173871994,4
acceleration,velocity,13.32574462890625,-0.3309209644794464,4
acquisition,opening,1.8177337646484375,-0.0037566646933555603,4
act,looks,-1.513671875,0.27745169401168823,4
act,snort,1.237649917602539,0.5621803998947144,4
admission,listing,-3.3051514625549316,-0.238229900598526,4
advantage,profit,-0.15534842014312744,0.15395626425743103,4
agencies,officers,1.83349609375,0.16072794795036316,4
alasia,gabrielle,-4.615234375,-0.2611733078956604,4
alms,largesse,-5.66387939453125,0.1339741349220276,4
amazement,inquiry,-1.9755859375,0.14025360345840454,4
american,canadian,-11.2698974609375,-0.08860073238611221,4
american,confederate,-6.7822265625,-0.3870106339454651,4
american,foreign,-6.308349609375,-0.9845425486564636,4
american,french,1.08984375,-0.9725016951560974,4
american,irish,6.7265625,-0.5569079518318176,4
anemone,roses,-3.87890625,-0.2816501259803772,4
angle,distance,-10.552734375,0.13595417141914368,4
angrily,loudly,0.9800491333007812,-0.6433554887771606,4
answered,considered,-4.1114501953125,-0.4335298538208008,4
anxiously,long,1.7937383651733398,-0.4774222671985626,4
apparel,implements,-7.01953125,0.13709768652915955,4
apparel,money,0.48193359375,0.4772135615348816,4
appetizing,nourishing,-6.45703125,-0.035328857600688934,4
architecture,ceremonies,0.0,-0.15074914693832397,4
architecture,skyscrapers,2.43359375,-0.049148302525281906,4
architecture,workmanship,1.638671875,0.6362545490264893,4
architecture,works,5.2265625,0.3807261884212494,4
arduously,long,1.8341684341430664,-0.5988969802856445,4
artistic,general,-0.21875,-0.426741361618042,4
artistic,international,7.640928268432617,0.49249887466430664,4
artistic,social,3.43768310546875,-0.002139635384082794,4
artistic,technical,1.4360008239746094,-0.3066580295562744,4
ashamed,enraged,-2.4453125,-0.21835172176361084,4
ashamed,white,-0.7155838012695312,-0.37283647060394287,4
asking,asking,6.0637006759643555,0.3502049744129181,4
atmospheric,solar,-5.494384765625,-0.0749116837978363,4
authority,caution,-8.552734375,0.5763816833496094,4
authority,responsibility,-5.733512878417969,0.024544499814510345,4
back,back,-2.4068546295166016,-0.1267004907131195,4
back,electrical,-6.7705078125,0.27121204137802124,4
back,everyth,0.047119140625,0.562216579914093,4
back,open,-0.89892578125,-0.4888063371181488,4
back,out,4.2900390625,-0.36233285069465637,4
back,upper,-5.4169921875,-0.22380857169628143,4
back,work,0.27392578125,0.03983049839735031,4
backup,medical,-3.402557373046875,0.30417513847351074,4
bamboo,rice,1.2197265625,0.29610466957092285,4
banana,lavender,2.09765625,0.14890480041503906,4
banana,rice,-2.1484375,-0.04879715293645859,4
barracks,warehouses,-8.374969482421875,-0.07934623956680298,4
bass,piano,-1.7193222045898438,-0.4385334253311157,4
battle,host,0.2216796875,0.6823785901069641,4
battle,work,-3.109375,0.2359999418258667,4
beaten,bruised,7.9892578125,-0.18515262007713318,4
beaten,dispersed,-7.966796875,-0.3025010824203491,4
beaten,stabbed,4.1064453125,-0.21052286028862,4
bedevilment,confusion,1.2740478515625,0.6317670345306396,4
bees,beetles,-9.563543319702148,0.2622160315513611,4
bees,lindens,-3.2666015625,0.8415879011154175,4
beetles,rats,1.9697265625,-0.4025775194168091,4
behavior,habitats,2.811614990234375,-0.023200660943984985,4
behavior,neurogenesis,0.2668914794921875,-0.08514842391014099,4
behavior,size,-4.85546875,0.18050223588943481,4
behind,behind,-3.033203125,-0.0704432800412178,4
bellow,hook,2.849609375,0.10836061090230942,4
beloved,dear,3.205078125,0.32355445623397827,4
beloved,loving,-1.29974365234375,0.4642980098724365,4
bigger,bigger,-8.46875,-0.05013548582792282,4
bigger,faster,-0.51904296875,0.36222726106643677,4
bigger,newer,1.2248554229736328,-0.31419214606285095,4
bigger,prettier,-3.9823620319366455,-0.08435335010290146,4
bison,cattle,-4.40234375,-0.060613490641117096,4
bison,hybrids,-6.29571533203125,-0.2579095959663391,4
bleeding,bruised,5.130859375,-0.15051108598709106,4
blessed,dear,0.0,0.18353891372680664,4
block,ring,-7.779296875,0.0753619596362114,4
blow,blow,4.9578857421875,0.32587140798568726,4
blow,bluster,1.9873046875,0.14285725355148315,4
blow,howl,4.455078125,0.24591246247291565,4
blues,whites,-6.4478302001953125,-0.5219371318817139,4
bolder,bolder,7.253776550292969,-0.12976738810539246,4
bouncing,bumping,-1.5355663299560547,-0.32552140951156616,4
bowl,drinks,3.8525390625,0.13424479961395264,4
breathe,surface,0.0,0.11065938323736191,4
brethren,trust,-9.576171875,0.455585241317749,4
brie,butter,-1.3453369140625,0.03178694099187851,4
bright,cheerful,2.9833984375,0.35213032364845276,4
bright,fair,-1.380859375,0.12990137934684753,4
bright,glorious,-5.962890625,0.17180511355400085,4
bright,joyous,3.439208984375,0.0785757526755333,4
bright,keen,3.770751953125,0.27053168416023254,4
bright,peaceful,7.23779296875,0.3720073699951172,4
bright,pure,-0.017578125,-0.22836421430110931,4
bright,smiling,-2.409618377685547,0.1614607572555542,4
bright,snapping,4.9755859375,-0.19833800196647644,4
bright,still,-1.44140625,0.042867593467235565,4
bright,white,-7.3612518310546875,-0.2177116870880127,4
brightness,size,3.381103515625,-0.5348901152610779,4
brooches,goblets,-0.98046875,-0.2766517996788025,4
browned,healthy,0.94580078125,-0.2207537591457367,4
bruised,jarred,-1.107421875,0.19619548320770264,4
bucks,saws,0.44402027130126953,-0.3034699261188507,4
building,building,2.458759307861328,-0.26807889342308044,4
building,development,-2.3232421875,0.015517763793468475,4
buses,trams,0.8987326622009277,0.5048093199729919,4
butter,experience,0.282958984375,-0.2074066698551178,4
butter,jam,-3.5599365234375,0.13917997479438782,4
cakes,candies,0.99981689453125,-0.34688717126846313,4
cakes,doughnuts,4.3916015625,0.4817153811454773,4
cakes,pastries,-0.1849803924560547,0.5280301570892334,4
camps,cottages,-4.0888671875,0.44445133209228516,4
canadian,french,2.317138671875,-0.8145956993103027,4
canadian,international,0.12345504760742188,-0.13029900193214417,4
careful,long,1.8595695495605469,0.3017728328704834,4
catalogs,essays,4.361328125,-0.1034381315112114,4
cattle,farms,6.855255126953125,0.2308749556541443,4
caution,delay,-3.5177001953125,0.49390357732772827,4
caution,experience,-4.345703125,0.44456350803375244,4
caution,mystery,-1.282470703125,0.2678505480289459,4
celebrity,related,-2.18359375,0.3557426929473877,4
changeability,conformity,4.6552734375,-0.3112837076187134,4
changed,changed,-4.993959426879883,-0.2989876866340637,4
charisma,money,-1.97503662109375,-0.2093202769756317,4
cheerful,cozy,-2.796875,0.359281063079834,4
cheerful,smiling,-1.8819351196289062,0.16724839806556702,4
cheerful,surprised,1.318359375,0.49396955966949463,4
chives,onion,-3.689453125,0.22948378324508667,4
choicer,prettier,0.6328125,-0.2764544188976288,4
church,work,-4.4052734375,0.4362472891807556,4
ciliates,radiolaria,-1.490234375,0.032261185348033905,4
clay,lead,-2.072265625,-0.2182757556438446,4
clay,logs,-1.28271484375,0.3002842366695404,4
cleared,lined,4.739143371582031,-0.16513556241989136,4
cliffs,gorges,-12.116943359375,0.3072514533996582,4
cliffs,hillsides,-0.47119140625,-0.6032409071922302,4
cliffs,riverbanks,-1.423828125,0.24840202927589417,4
clods,clumps,-7.044921875,0.5841231942176819,4
closing,opening,1.07208251953125,-0.3288152515888214,4
collapsed,melted,-3.7933807373046875,-0.13130754232406616,4
colors,forms,6.829141616821289,-0.09221126139163971,4
colors,patterns,3.67041015625,0.1507275104522705,4
community,voluntary,-4.1015625,0.02322172373533249,4
concerted,concurrent,-10.4091796875,0.24409374594688416,4
condemnation,sentence,-10.750839233398438,0.28170502185821533,4
confusion,misinformation,-5.8721923828125,-0.4880419075489044,4
confusion,panic,-1.33563232421875,0.38519349694252014,4
confusion,rumors,2.67578125,0.18964684009552002,4
considered,rejected,0.529052734375,-0.33111318945884705,4
considered,still,2.703125,0.32928526401519775,4
conspiracy,forgery,-0.94140625,0.2353232502937317,4
constant,loud,-2.9873046875,0.6893214583396912,4
constant,perishable,-0.998046875,-0.24054208397865295,4
continental,french,5.04541015625,-0.8622331619262695,4
copyrights,rights,2.6523380279541016,-0.17044660449028015,4
corruption,cultism,-1.744140625,-0.20219340920448303,4
cottages,houses,-5.28125,0.24521487951278687,4
country,kinship,4.5655517578125,0.37152642011642456,4
country,royalty,-6.26953125,0.5926001667976379,4
crackers,fudges,-0.453125,0.18328499794006348,4
crackers,jam,0.4105949401855469,0.237473726272583,4
cranes,warehouses,-1.88507080078125,-0.2623973786830902,4
creaks,squelches,-1.093501091003418,0.768672525882721,4
criticize,denounce,4.333984375,-0.03762652724981308,4
cross,disagreeable,3.618144989013672,-0.47294774651527405,4
cross,discontented,4.119384765625,-0.6067882180213928,4
cross,fussy,3.544921875,-0.27948620915412903,4
cross,unkind,2.333984375,-0.1920931041240692,4
crowbars,picks,2.04449462890625,-0.09321380406618118,4
curled,curled,-11.58740234375,-0.43182045221328735,4
cytosine,thymine,3.109375,0.16123434901237488,4
damp,keen,0.832672119140625,0.3054417073726654,4
damp,loathsome,2.9326171875,0.27821025252342224,4
damp,long,3.4168739318847656,0.137567400932312,4
damp,thin,-5.349609375,-0.03189355134963989,4
damp,unwholesome,5.210968017578125,0.14058029651641846,4
dance,music,0.74609375,-0.13453122973442078,4
daring,heroic,-0.772216796875,-0.286844402551651,4
daring,lateral,-14.61328125,-0.15552231669425964,4
daring,marvellous,0.8383522033691406,0.5923169851303101,4
daring,own,0.2060546875,0.3868156373500824,4
deafening,long,-5.056640625,0.06133574992418289,4
dear,long,0.344970703125,-0.4581439793109894,4
dear,loving,-2.8128662109375,-0.5388064980506897,4
dear,thoughtful,-4.635459899902344,-0.3008997142314911,4
decorations,flags,2.691864013671875,0.68202143907547,4
decorations,jewels,6.59747314453125,0.2192988097667694,4
decorations,tints,8.3984375,0.12395410984754562,4
delighted,flustered,0.34261882305145264,-0.2073078602552414,4
delighted,smiling,0.723724365234375,-0.18313860893249512,4
delighted,surprised,0.615234375,1.2038124799728394,4
denounce,preach,-0.075103759765625,-0.13182100653648376,4
detonators,fuses,2.51416015625,0.6384040117263794,4
development,production,6.4853515625,-0.24060142040252686,4
development,testing,3.90234375,-0.23513159155845642,4
diagrams,illustrations,-4.798828125,-0.03456353396177292,4
dimpled,white,-3.484375,-0.0011530891060829163,4
dismally,long,1.591796875,0.2377242147922516,4
distance,size,13.544921875,0.34266698360443115,4
distance,terrain,-0.638671875,0.005285970866680145,4
distinctly,loud,-4.740478515625,-0.49927887320518494,4
distinctly,loudly,0.8212890625,-0.4439154863357544,4
dizzy,nauseated,0.011962890625,0.0638309046626091,4
drastic,long,4.78515625,0.2724291682243347,4
drinks,eats,-0.846588134765625,-0.12287136912345886,4
drinks,laughs,-0.0010986328125,-0.0709007978439331,4
dropped,sunk,-2.546875,-0.3549359142780304,4
ducks,pelicans,-0.9716796875,0.03911267966032028,4
dull,long,-8.763671875,0.22893983125686646,4
dull,simple,3.900827169418335,-0.2688949704170227,4
dull,spiritless,2.904298782348633,0.2982291281223297,4
dwellings,shops,3.544825553894043,0.6825123429298401,4
dysentery,famine,0.84765625,-0.03790508955717087,4
ecological,molecular,-0.9326171875,0.3418627977371216,4
educated,scientific,-4.8155059814453125,-0.2493196427822113,4
egotistical,unrefined,-6.48046875,-0.21099510788917542,4
endangered,endemic,3.4153900146484375,0.1542593240737915,4
endure,work,0.9076595306396484,-0.03636803478002548,4
energy,fire,0.580078125,1.136433720588684,4
energy,stamina,8.615234375,-0.18650546669960022,4
energy,valour,-3.7578139305114746,-0.2939801812171936,4
engineer,managerial,-3.73193359375,0.13539528846740723,4
entertainment,lodging,-3.40234375,0.7473570704460144,4
entertainment,music,5.6103515625,-0.6524568200111389,4
entertainment,profit,-1.12353515625,0.25497153401374817,4
equality,freedom,7.03759765625,-0.4182354807853699,4
ermine,scarlet,-3.572265625,-0.2271612286567688,4
evade,evade,2.485076904296875,0.32372167706489563,4
everyday,simple,-0.747955322265625,0.014490284025669098,4
exclusive,significant,2.6021804809570312,-0.03956431895494461,4
exits,returns,-1.3735084533691406,-0.2944762706756592,4
experience,observation,-8.1943359375,-0.4280766248703003,4
experience,responsibility,1.0392723083496094,-0.6384398341178894,4
experiments,observations,0.25,-0.07939810305833817,4
fagged,flustered,-4.94549560546875,-0.22073501348495483,4
fair,frank,-10.66015625,-0.3049294352531433,4
fair,legible,-14.6937255859375,-0.11333215981721878,4
fair,peaceful,-5.4189453125,-0.0984831303358078,4
fair,prosperous,-6.27227783203125,0.13994145393371582,4
fair,pure,-0.796875,0.24388137459754944,4
fair,still,0.818359375,0.2434893250465393,4
farms,houses,-2.8250732421875,0.21627798676490784,4
faster,faster,-1.359375,-0.3199833631515503,4
fatiguing,long,-3.46484375,0.5225663185119629,4
feverish,ill,-3.37225341796875,-0.1282464563846588,4
fevers,malarias,-6.125,0.12521889805793762,4
film,film,0.068359375,-0.36240315437316895,4
film,music,0.556732177734375,0.19376787543296814,4
finches,larks,3.398681640625,0.18695053458213806,4
fire,lead,7.93792724609375,-0.1075964942574501,4
fire,load,4.66778564453125,-0.3391306698322296,4
fire,tools,1.822805404663086,-0.2599942982196808,4
fixedly,long,-2.9772262573242188,-0.3953142762184143,4
flags,music,0.0,-0.23866823315620422,4
flash,loud,2.4937591552734375,0.1933419108390808,4
fleecy,thin,5.5811767578125,0.4010152220726013,4
fleecy,white,1.109375,0.10746737569570541,4
fly,fly,-6.3121337890625,-0.1849346160888672,4
foreign,international,4.444957733154297,0.1328027844429016,4
foreign,tanned,2.1171875,-0.16259828209877014,4
foreign,ukrainian,-1.533935546875,-0.8398703336715698,4
forgives,relents,-11.4111328125,0.08705856651067734,4
frank,independent,-1.6162109375,-0.24177172780036926,4
frank,offensive,-5.80419921875,0.4193127155303955,4
frank,open,-6.375,-0.2087540626525879,4
freedoms,rights,-2.698883056640625,-0.45681706070899963,4
french,irish,-4.0029296875,-0.8471775650978088,4
french,music,4.67578125,-0.7632066011428833,4
freshman,sophomore,1.10546875,-0.5593246817588806,4
friend,playfellow,-1.3577404022216797,-0.11934085935354233,4
furs,implements,3.212371826171875,0.2438163459300995,4
fuss,squeal,2.009124755859375,0.2778230309486389,4
fuss,stamp,3.8222429752349854,-0.07750219851732254,4
gaping,muttering,-9.81982421875,0.03301864117383957,4
general,maddened,0.2520618438720703,0.02981843799352646,4
general,technical,1.93359375,-0.1119399443268776,4
generations,generations,8.296875,0.24566790461540222,4
ghastly,long,-0.790830135345459,-0.0227644219994545,4
ghastly,unending,1.85498046875,0.09199049323797226,4
godless,violent,-6.906829833984375,-0.7319126725196838,4
grandma,grandpa,-5.884000301361084,0.5300873517990112,4
guerilla,independent,5.311171531677246,-0.09402859956026077,4
gutturally,loudly,-3.758626937866211,-0.6676250696182251,4
hammering,hammering,-3.1750612258911133,0.2806885838508606,4
hazelnut,raspberry,1.513671875,-0.22325116395950317,4
healthy,long,0.0966796875,0.44401800632476807,4
healthy,obedient,4.552154541015625,-0.1941794455051422,4
healthy,open,-0.66796875,0.12191813439130783,4
healthy,prosperous,-3.3917980194091797,-0.11934424191713333,4
healthy,pure,3.5628662109375,0.16676712036132812,4
heart,joints,-2.248046875,-0.3106704354286194,4
heart,renal,-1.6544687747955322,-0.0015778541564941406,4
heartfelt,traditional,-1.3372917175292969,-0.31181567907333374,4
heartily,long,5.947265625,-0.9767946004867554,4
hearty,loud,3.1902027130126953,0.48482847213745117,4
hearty,loving,-1.306640625,0.18546366691589355,4
hedonism,utilitarianism,-1.88671875,-0.5516150593757629,4
helmsman,operator,4.72265625,0.04594407230615616,4
hoot,howl,-0.982421875,0.0703154131770134,4
hop,squeal,-0.6493124961853027,-0.10701800137758255,4
hopelessly,vaguely,-0.244140625,-0.3900426924228668,4
hops,jumps,-10.638671875,0.10738303512334824,4
horns,strings,-8.64508056640625,-0.3814830183982849,4
hoss,hoss,-1.2838973999023438,-0.21585193276405334,4
houses,houses,0.732421875,-0.08224526792764664,4
houses,shops,0.8317922353744507,0.9858983755111694,4
houses,stores,2.029296875,-0.529245913028717,4
howl,howl,-6.173828125,-0.12810562551021576,4
husk,sawdust,-4.80999755859375,0.3384602665901184,4
ill,weary,6.51849365234375,-0.4100677967071533,4
ill,white,6.119140625,0.2278687059879303,4
implements,tools,4.232421875,-0.18577517569065094,4
incongruity,likeness,0.24527931213378906,0.09187712520360947,4
independent,savage,-3.431640625,-0.7639666199684143,4
independent,sovereign,-2.951171875,-0.3770503103733063,4
independent,wealthy,-2.859375,-0.48262691497802734,4
indoors,out,0.8054733276367188,0.6730799078941345,4
infallible,sovereign,5.166015625,0.34729844331741333,4
innovation,technology,0.0,0.18942809104919434,4
inquiring,thoughtful,0.0,0.0022442787885665894,4
inquiry,observation,3.1806640625,0.39960330724716187,4
insulting,violent,4.310546875,0.215960294008255,4
intricate,long,11.637435913085938,0.014573372900485992,4
involuntary,voluntary,3.8310546875,0.31587278842926025,4
irish,nigerian,-1.7548828125,-0.5056049823760986,4
jewels,money,4.501953125,0.18033653497695923,4
jib,jigger,10.239635467529297,0.2679104804992676,4
joking,smiling,-5.6494140625,0.011602409183979034,4
journalists,officials,-7.9984130859375,-0.024409569799900055,4
joyous,loud,-2.420928955078125,0.508712649345398,4
joyous,smiling,-1.9140625,-0.15884965658187866,4
keen,peaceful,-3.78125,0.5392123460769653,4
keener,keener,3.9775733947753906,-0.3549065887928009,4
knowing,knowing,-2.509765625,0.2420678734779358,4
labor,money,-5.58984375,-0.14053785800933838,4
lasting,long,6.140625,0.08814512938261032,4
laughs,looks,2.5318870544433594,-0.41979411244392395,4
laughs,yells,-7.186309814453125,-0.9498476982116699,4
lavender,white,1.3404541015625,-0.07296793907880783,4
lessons,work,-7.6932373046875,0.2573344111442566,4
limping,lisping,-2.27496337890625,0.06564649194478989,4
lived,struggled,8.449462890625,0.22802385687828064,4
lived,worked,-4.533203125,-0.12512609362602234,4
lives,looks,0.051390647888183594,0.4242902994155884,4
lives,money,1.1962890625,-0.214204341173172,4
lives,work,1.2782440185546875,1.1015546321868896,4
lives,works,1.746713638305664,-0.269985556602478,4
logical,simple,8.562050819396973,-0.030986197292804718,4
logs,stumps,-3.38916015625,-0.0398329421877861,4
lone,long,0.252622127532959,0.35099509358406067,4
long,long,-7.232353210449219,0.020407579839229584,4
long,loud,-4.488037109375,-0.6230980753898621,4
long,loudly,7.99951171875,0.4873586893081665,4
long,loving,-2.633892059326172,-0.4628116190433502,4
long,lucidly,2.626953125,-0.3008630871772766,4
long,narrow,-6.9677734375,-0.37079018354415894,4
long,passionately,3.18359375,-0.14085599780082703,4
long,peaceful,-7.31545352935791,0.707051157951355,4
long,pointed,-0.781494140625,0.30117911100387573,4
long,prosperous,-0.613525390625,0.2874278426170349,4
long,significant,-5.15234375,0.14906296133995056,4
long,simple,7.244356155395508,0.39814186096191406,4
long,sinewy,-1.447265625,-0.10422641783952713,4
long,slinking,0.333984375,-0.22377532720565796,4
long,softly,-1.4271240234375,-0.2632775604724884,4
long,storied,-3.988290309906006,-0.01762702316045761,4
long,thin,5.7890625,-0.13872769474983215,4
long,thoughtfully,0.970703125,-0.049890704452991486,4
long,untrimmed,0.6708984375,-0.45717084407806396,4
long,varied,6.5,-0.029851458966732025,4
long,violent,0.23046875,0.37928855419158936,4
long,wearisome,-14.623779296875,-0.14173662662506104,4
long,weary,8.962890625,0.2008940875530243,4
long,white,5.0155029296875,-0.39167243242263794,4
looks,moves,-2.3472900390625,0.14993011951446533,4
looks,works,-6.208929061889648,-0.06688222289085388,4
loud,repetitive,-1.59375,0.131873220205307,4
loud,rowdy,-5.5830078125,0.24548065662384033,4
loud,sudden,8.81494140625,0.7214272022247314,4
loud,throaty,-1.75787353515625,-0.053520992398262024,4
loud,unnatural,2.0888595581054688,0.6527834534645081,4
loud,violent,-7.7608642578125,0.12458427995443344,4
loving,pure,0.759037971496582,-0.42461705207824707,4
loving,simple,-4.20703125,-0.2586309015750885,4
lutes,tambourines,-4.7001953125,0.5026668906211853,4
machinery,textiles,4.7076263427734375,-0.13954508304595947,4
machines,technology,-9.637492179870605,-0.20356914401054382,4
machines,tools,-16.96728515625,-0.10962912440299988,4
madder,madder,-1.10888671875,-0.21706753969192505,4
mangrove,passionfruit,-6.46044921875,-0.19597366452217102,4
marathons,ultramarathons,1.6263427734375,-0.24869278073310852,4
medical,scientific,-3.179443359375,0.17092549800872803,4
medical,social,3.548828125,1.0128653049468994,4
medical,technical,-1.81705904006958,0.08561710268259048,4
meditation,prayer,13.40203857421875,0.2286357879638672,4
merchants,workmen,8.447265625,0.1191427931189537,4
midwest,southeastern,9.7044677734375,-0.1299619972705841,4
mobile,social,0.11920166015625,-0.12190503627061844,4
money,production,-10.730712890625,-0.2836914360523224,4
money,records,2.9949722290039062,0.25521790981292725,4
money,spices,12.574310302734375,-0.5674092173576355,4
money,travelcards,7.58203125,0.4072408080101013,4
monsoonal,tropical,3.564453125,0.0011551454663276672,4
morose,unfriendly,1.15423583984375,-0.26797908544540405,4
mounted,stuffed,7.5226593017578125,0.4133678674697876,4
moves,uplifts,6.671875,-0.45561689138412476,4
music,music,3.236572265625,0.40593481063842773,4
music,philosophy,-1.87109375,-0.36228132247924805,4
music,records,-1.072519302368164,-0.3545876145362854,4
music,rhetorics,4.50006103515625,-0.08412548154592514,4
music,static,-7.1683349609375,0.23279985785484314,4
music,table,0.587890625,-0.32612958550453186,4
music,work,4.214202880859375,0.28814101219177246,4
musically,philosophically,-7.519927978515625,-0.5128468871116638,4
muttering,sobbing,-8.83984375,0.06981121748685837,4
narrow,rakish,-1.07421875,-0.012916363775730133,4
narrow,triangular,-1.71875,-0.11963631957769394,4
neck,neck,0.2548828125,0.23499292135238647,4
neighbors,travelers,-1.6376953125,0.44323354959487915,4
nephews,nieces,-7.0265045166015625,-0.26832517981529236,4
observation,theory,-0.72564697265625,-0.24377405643463135,4
offspring,parents,2.9439234733581543,0.894890546798706,4
onward,out,1.654296875,-0.14657443761825562,4
open,open,1.1455078125,0.3718949258327484,4
open,violent,-5.247447967529297,-0.19954371452331543,4
opening,shutting,2.70068359375,-0.07063224911689758,4
optimists,toppers,1.4912109375,-0.016302786767482758,4
oral,written,3.3123703002929688,0.10881365090608597,4
orders,returns,3.4638671875,-0.3687971234321594,4
out,out,0.7578125,0.3447299897670746,4
parents,visitor,-3.4873046875,0.009168706834316254,4
passionately,strangely,-9.8360595703125,-0.5703266263008118,4
peaceful,prosperous,8.0322265625,0.3995509147644043,4
peaceful,smiling,3.7265625,0.04735814779996872,4
peaceful,still,-3.076171875,-0.12069166451692581,4
peaceful,unopposed,-0.4365234375,-0.09105684608221054,4
perfect,poofy,1.61572265625,-0.27536511421203613,4
perfect,pure,-0.2978515625,-0.27915945649147034,4
perfect,unbroken,-6.271620273590088,0.055641643702983856,4
pertly,promptly,-4.5576171875,-0.08298391848802567,4
philosophy,theology,-8.548828125,-0.38734397292137146,4
piano,violin,0.119598388671875,0.24051496386528015,4
pike,spear,-0.4367828369140625,0.10727886110544205,4
plans,preparations,1.500244140625,0.004532225430011749,4
plaprer,plaprer,5.5521240234375,0.019131772220134735,4
pointed,terse,-5.038078308105469,-0.0024762749671936035,4
practise,practise,-4.3870849609375,1.0307978391647339,4
prayer,thanksgiving,2.1663665771484375,0.5743614435195923,4
prayer,worship,-1.1285858154296875,-0.08314073830842972,4
prettier,prettier,-0.4677734375,-0.02704746276140213,4
production,technical,-1.7994194030761719,-0.42016902565956116,4
production,transportation,0.0,0.15939942002296448,4
project,technical,-6.989797592163086,-0.16899406909942627,4
projectors,televisions,2.8614654541015625,0.36470627784729004,4
punishment,rewards,-4.9130859375,-0.5834338068962097,4
pure,simple,-4.472991943359375,0.058929167687892914,4
pure,sober,-7.328125,0.05317758768796921,4
pure,solid,-3.63525390625,0.5883784294128418,4
pure,white,3.6640625,0.007022880017757416,4
queerer,queerer,-8.731613159179688,-0.11959248036146164,4
quivering,white,0.556640625,-0.003585800528526306,4
rascals,shepherds,2.9239501953125,-0.14953172206878662,4
raved,stormed,0.0,-0.04362521320581436,4
reading,studying,-4.322265625,-0.08044030517339706,4
reports,rumors,7.14990234375,-0.3687173128128052,4
responsibility,work,3.318359375,0.13263863325119019,4
restaurants,shops,6.531494140625,0.40681135654449463,4
rice,tallow,4.269801139831543,-0.23911914229393005,4
ring,stacker,-8.17578125,-0.4323204755783081,4
romantic,villainous,1.7412109375,-0.4049057364463806,4
rope,textiles,-3.8044967651367188,0.2610841691493988,4
salvage,vandalizing,-0.1085205078125,0.3195528984069824,4
satin,spotted,0.0,-0.020451635122299194,4
savage,treacherous,-1.52978515625,-0.7903045415878296,4
scarlet,white,4.7728424072265625,-0.24390968680381775,4
scholarly,sober,-4.2391510009765625,-0.650409460067749,4
scientific,technical,-1.34716796875,0.17579156160354614,4
seals,walruses,-5.4971923828125,0.21938025951385498,4
seasonal,tropical,1.0869216918945312,0.29891282320022583,4
sensitive,temperamental,7.35791015625,0.045147694647312164,4
settlement,transportation,-2.2322998046875,0.03117559105157852,4
shaven,spotted,0.7826995849609375,0.23117616772651672,4
significant,varied,2.0062255859375,-0.1827532947063446,4
simple,slight,-6.754392623901367,-0.4934104084968567,4
simple,touching,-6.802734375,0.3718886375427246,4
sleek,thoughtful,0.6748046875,-0.2861505150794983,4
slight,thin,-2.55859375,-0.4050620198249817,4
smiling,unhurried,0.73834228515625,-0.37773558497428894,4
sober,thoughtful,-2.6252975463867188,-0.0924740582704544,4
social,technical,-2.587890625,-0.0025701746344566345,4
social,traditional,2.243408203125,-0.19157418608665466,4
social,youth,-1.3271484375,0.08612074702978134,4
softly,stealthily,1.71875,-0.02221742272377014,4
solid,still,-0.419921875,-1.0333051681518555,4
solid,unbroken,-10.263671875,0.016434602439403534,4
starched,white,-2.515625,-0.19065681099891663,4
still,thoughtful,2.886713981628418,0.2757859230041504,4
still,void,-1.1351432800292969,0.011606357991695404,4
still,white,-2.435546875,0.32428258657455444,4
stores,warehouses,2.1182403564453125,-0.21110808849334717,4
stout,weatherly,-6.947265625,0.03832753747701645,4
strings,violin,1.3436431884765625,0.03482895344495773,4
struggled,struggled,3.23974609375,-0.43752914667129517,4
stumps,walls,0.228515625,0.650708794593811,4
sudden,tremendous,-8.741950988769531,0.7393680810928345,4
sudden,unnatural,0.008056640625,0.46477389335632324,4
sudden,violent,-2.3271026611328125,1.0511252880096436,4
swaying,swaying,4.037841796875,0.28157687187194824,4
swaying,whirling,-4.95703125,0.07787499576807022,4
table,table,1.3642578125,-0.12197299301624298,4
thin,white,4.776397705078125,-0.6333588361740112,4
tickling,touching,-2.4038639068603516,-0.04184655100107193,4
treacherous,vile,2.966942310333252,0.009710773825645447,4
treacherous,villainous,0.0,-0.7339717745780945,4
treacherous,wicked,-3.490234375,-0.036536820232868195,4
turned,turned,-0.5418701171875,-1.1759419441223145,4
unafraid,unashamed,-5.58837890625,-0.3257695734500885,4
unfriendly,unnatural,0.0,-0.09043929725885391,4
ungoverned,violent,4.4326171875,0.059119515120983124,4
unkind,wicked,5.599609375,0.3649188280105591,4
unshaved,unwashed,-7.9306640625,-0.04763326793909073,4
vindictive,violent,-10.41796875,-0.17748984694480896,4
wanted,wanted,2.09210205078125,0.33535870909690857,4
warfare,work,-1.9384765625,0.5581474900245667,4
wickeder,wickeder,-0.8428955078125,-0.08141931146383286,4
work,work,2.82421875,1.0952296257019043,4
worked,worked,13.845703125,0.48371970653533936,4
worst,worst,2.5537109375,-0.011444807052612305,4
abject,dejected,-4.47144889831543,-0.36456459760665894,5
acceptive,efficient,-2.4735107421875,-0.5618350505828857,5
aches,pains,4.01715087890625,0.22540220618247986,5
acting,performing,-5.540798187255859,0.7045939564704895,5
adapt,survive,-8.765625,0.32871773838996887,5
addition,deletions,3.967926025390625,-0.5593247413635254,5
advice,assistance,7.66259765625,0.40728217363357544,5
advice,injunctions,-0.060546875,0.12256419658660889,5
advice,training,2.8681640625,0.4367014765739441,5
affordable,cheap,-3.892730712890625,0.1635521650314331,5
aft,knelt,3.856992721557617,-0.45507049560546875,5
agitated,shocked,-2.4619140625,0.05207569897174835,5
agnostic,liberal,-4.438629150390625,-0.15225231647491455,5
ahing,umming,5.082365036010742,0.20563051104545593,5
alien,strange,-5.982421875,-0.14049875736236572,5
alternatively,secondarily,4.59228515625,-0.7860115766525269,5
anecdotes,gossip,0.9833984375,0.03987279534339905,5
anklets,bracelets,6.582763671875,0.3178892135620117,5
anklets,wristlets,-3.3125,0.39685559272766113,5
annoying,childish,-8.375091552734375,-0.04444585740566254,5
annoying,strange,-1.98828125,-0.4213734269142151,5
anticipation,intercourse,-9.16259765625,0.1789790391921997,5
apartments,cars,3.95166015625,-0.25983333587646484,5
apologizing,crying,1.353515625,-0.06370177865028381,5
appreciation,gratitude,0.0,-0.02732020616531372,5
appropriately,directly,-1.726165771484375,0.03596007823944092,5
arepas,cachapas,4.71087646484375,-0.27306821942329407,5
argued,argued,-4.482421875,0.1314277946949005,5
arrested,injured,-0.625701904296875,-0.2932577431201935,5
arrested,punished,2.95623779296875,0.31565800309181213,5
arrested,shot,14.3359375,0.6046198010444641,5
arrested,tortured,-7.743461608886719,-0.9234843850135803,5
articles,books,-9.0867919921875,-0.7600776553153992,5
articles,interviews,-2.72857666015625,-0.39036911725997925,5
asleep,quieted,16.533203125,-0.4017726182937622,5
asleep,snoring,4.1292724609375,-0.10059284418821335,5
assistant,doorkeeper,3.5859375,-0.03321775794029236,5
astonishment,fright,6.46826171875,0.00474141538143158,5
astonishment,incredulity,-1.3761138916015625,0.27521446347236633,5
astrophysical,geophysical,-0.90576171875,-0.4337371587753296,5
attractive,instructive,-5.36865234375,-0.3716525733470917,5
attractive,interesting,0.005859375,-0.18643000721931458,5
attractive,proven,-0.4261474609375,0.10198202729225159,5
attractive,serviceable,-1.634765625,-0.12761038541793823,5
attractive,unique,5.01953125,-0.08695769309997559,5
attractive,viable,-0.21240234375,0.08939802646636963,5
awe,reverence,-1.3125,0.03549998998641968,5
awful,profound,2.2496566772460938,-0.42453810572624207,5
awful,strange,-4.19090461730957,-0.10176557302474976,5
awkwardly,heavily,2.663132667541504,-0.41506415605545044,5
balmy,mild,-1.84716796875,-0.04405117779970169,5
banquets,cheers,-5.123046875,-0.03890134394168854,5
barbarians,pirates,2.119873046875,-0.21838171780109406,5
bargains,coffins,6.23828125,0.8510951399803162,5
basketball,tennis,-3.9052734375,-0.20685286819934845,5
beardless,handsome,5.18475341796875,0.42378562688827515,5
behavioural,cognitive,-0.48828125,0.33143794536590576,5
behavioural,mental,6.6458282470703125,-0.9468953013420105,5
best,best,4.031982421875,-0.05108986794948578,5
best,darlingest,-1.0311279296875,-0.19566068053245544,5
best,noblest,4.3837890625,0.2082597017288208,5
best,quickest,1.24951171875,-0.06315693259239197,5
best,smartest,-10.7806396484375,-0.38089287281036377,5
best,soundest,-3.806640625,-0.4485653042793274,5
biological,historical,1.97265625,-0.9946237206459045,5
blunt,rough,-9.494384765625,-0.28717976808547974,5
boastful,cheating,-1.505859375,-0.07052650302648544,5
boisterous,rude,0.80877685546875,0.895499050617218,5
bollards,cars,0.5367321968078613,0.24368008971214294,5
books,happenings,-5.1708984375,0.09082911908626556,5
books,letters,3.73291015625,-0.8183836340904236,5
books,movies,1.166015625,0.06444945931434631,5
books,pamphlets,5.10107421875,-0.23107774555683136,5
books,postage,-1.8434391021728516,-0.11763988435268402,5
books,studies,-2.00390625,0.231683611869812,5
books,theater,-6.2578125,0.20185333490371704,5
bosses,budgets,-0.983062744140625,-0.09793210029602051,5
bosses,enemies,-1.4755859375,0.43071573972702026,5
boulders,rocks,1.058349609375,0.5523444414138794,5
bounds,training,1.18359375,-0.07338479161262512,5
bowling,tennis,-0.13100552558898926,-0.020840421319007874,5
boyish,free,7.9534912109375,-0.6956379413604736,5
breathless,panting,-0.626708984375,-0.38608115911483765,5
brighter,brighter,-2.2998046875,-0.1744891107082367,5
brighter,content,-3.953033447265625,-0.07332916557788849,5
brighter,merrier,-2.39501953125,-0.2686639726161957,5
british,iraqi,3.1612548828125,0.5695119500160217,5
british,scottish,6.972259521484375,0.22820121049880981,5
british,spanish,1.7848339080810547,0.4976819157600403,5
british,yank,-0.9013671875,0.2618345320224762,5
broad,eclectic,-0.03912353515625,-0.8805007338523865,5
broad,glittering,-3.123046875,-0.48461833596229553,5
broad,handcuffed,2.103515625,-0.14506089687347412,5
broad,leathery,6.10595703125,-0.0880652666091919,5
broad,level,3.7744140625,-0.6687140464782715,5
broadcasting,journalism,0.0,-0.1574261486530304,5
broke,rotten,-2.193359375,-0.40808987617492676,5
bugs,fleas,0.62933349609375,0.899681031703949,5
bumps,tracks,10.87890625,0.05392943322658539,5
calls,letters,-1.9928014278411865,-0.5485783815383911,5
cans,forks,0.3223876953125,0.31139761209487915,5
capacities,powers,3.626953125,0.527611494064331,5
capital,financial,-3.59521484375,-0.43085309863090515,5
capital,government,-3.9237060546875,0.1725565791130066,5
carotenoids,chlorophyll,-3.6201171875,-0.031794533133506775,5
carpets,rugs,-3.5401763916015625,-0.22998668253421783,5
cars,hats,0.9090957641601562,0.6906294226646423,5
cars,lorries,-3.828857421875,0.484566330909729,5
casual,playful,1.142578125,-0.15730035305023193,5
cat,dog,-2.78515625,0.250725656747818,5
cat,puppy,8.312617301940918,-0.4208586812019348,5
catch,tame,0.955078125,0.30659836530685425,5
catch,toss,0.1923828125,-0.24635782837867737,5
caverns,rocks,1.5360565185546875,0.09138527512550354,5
caverns,tunnels,-6.32135009765625,0.24122312664985657,5
cedar,yew,2.842529296875,0.42998236417770386,5
cereals,toast,4.107421875,0.3889971375465393,5
cereals,tobacco,4.98248291015625,0.3174044191837311,5
change,decay,-5.462890625,-0.27681151032447815,5
changes,changes,-4.8203125,-0.608672559261322,5
character,comic,-1.4794921875,0.34727299213409424,5
character,form,6.130859375,0.0015286505222320557,5
characteristic,interesting,-4.94140625,-0.4854563772678375,5
characteristic,unique,-1.233612060546875,-0.3787025511264801,5
characters,letters,8.1171875,-0.5058315396308899,5
characters,movies,-4.4853515625,0.07307539880275726,5
chattering,laughter,-1.9178466796875,0.3419567942619324,5
cheap,nice,3.3935546875,0.18615776300430298,5
cheap,plentiful,-7.68408203125,0.13456034660339355,5
cheerfully,pleasantly,0.609375,0.12284266948699951,5
cheerfully,regularly,-5.19873046875,0.183040052652359,5
cheers,laughter,-1.0883712768554688,-0.03691372275352478,5
cheers,merriment,5.27099609375,-0.15618357062339783,5
chemically,physically,4.549678802490234,-0.2727874517440796,5
chivalry,courtesy,4.333984375,-0.0705111175775528,5
chivalry,right,-3.1812896728515625,-0.18654480576515198,5
christian,faithful,3.4965744018554688,0.6204336285591125,5
city,metropolitan,-3.83349609375,-0.48055413365364075,5
clapping,laughter,1.576263427734375,0.014607936143875122,5
clean,nice,-3.6894636154174805,0.03930521011352539,5
clean,painted,0.697265625,0.08057403564453125,5
clean,roomy,0.54248046875,-0.08232701569795609,5
clean,shaved,0.9893951416015625,-0.5209108591079712,5
clean,trig,-1.78125,0.34066033363342285,5
cliff,ray,-4.9342041015625,-0.13910755515098572,5
clothe,make,-1.5986328125,-0.19210095703601837,5
coaches,lorries,-3.3640880584716797,0.7125869989395142,5
coal,peat,-1.81341552734375,0.09124505519866943,5
coal,salt,-2.84375,0.07532605528831482,5
colloquially,officially,-8.66015625,-0.4355835020542145,5
colour,form,-2.451171875,-0.017612963914871216,5
colour,movement,1.130859375,0.18264475464820862,5
colour,scent,12.766998291015625,0.34680765867233276,5
colours,sizes,2.9962234497070312,0.3178037106990814,5
communications,media,-6.147430419921875,-0.15377503633499146,5
communications,training,2.32940673828125,-0.0490763783454895,5
compact,graceful,3.232469081878662,0.06362795829772949,5
compass,rule,-3.947265625,0.16700798273086548,5
complacence,sense,-2.51513671875,0.8030331134796143,5
complete,unabridged,-6.142578125,-0.26846352219581604,5
components,systems,0.686767578125,0.8038724660873413,5
conflicts,dramas,0.2763671875,-0.07950864732265472,5
connected,conscious,-6.8623046875,-0.0034815818071365356,5
conscientious,reliable,-0.16711628437042236,0.4290391802787781,5
consistency,endurance,9.9140625,0.5914583802223206,5
constellations,stars,-5.015721797943115,0.28466930985450745,5
constraint,distrust,5.12109375,0.2885206937789917,5
content,gratitude,-9.404541015625,0.4899248480796814,5
content,peace,5.328125,0.7149143815040588,5
content,romance,5.38623046875,0.5398092269897461,5
contentious,inefficient,6.22265625,0.19769138097763062,5
cooked,cooked,-3.7578125,-0.40168383717536926,5
corporeal,spiritual,-0.640625,-0.3815491199493408,5
corridors,tunnels,1.6820068359375,0.026435688138008118,5
cotton,groundnut,-0.9809646606445312,0.03918696939945221,5
cotton,tobacco,5.48492431640625,0.18544650077819824,5
countries,nations,0.53515625,-0.10680750012397766,5
countries,others,-8.44140625,0.39284175634384155,5
courtesy,reverence,-0.7534410953521729,-0.43909183144569397,5
courtesy,sense,-7.90625,0.09188714623451233,5
craggy,handsome,-6.908203125,-0.09525507688522339,5
crinkly,nice,4.91015625,0.3259877562522888,5
crowed,prattled,11.983288764953613,-0.40567746758461,5
cruising,crying,-3.28106689453125,0.3771236538887024,5
crying,crying,3.635033130645752,-0.6597895622253418,5
crying,kissing,1.06884765625,-0.1789167821407318,5
crying,pleading,-0.1367955207824707,-0.22966182231903076,5
crying,scared,-6.754119873046875,0.06693419814109802,5
curiouser,curiouser,12.218017578125,0.31068432331085205,5
cut,foin,0.294921875,0.25509047508239746,5
cutest,sexiest,5.51953125,0.4751926064491272,5
damaging,widespread,-2.35906982421875,0.25772643089294434,5
day,twilight,6.252895355224609,0.11243616044521332,5
debris,rocks,-5.3878173828125,0.2691648006439209,5
decay,renewal,-7.11873722076416,0.38552528619766235,5
defenses,equipment,8.10430908203125,0.0306721031665802,5
defensive,difficult,-3.6337890625,-0.10830551385879517,5
defensive,militant,6.806797981262207,-0.08087559044361115,5
defined,used,1.28515625,-0.15098345279693604,5
dejected,distressed,-2.8349609375,-0.41068533062934875,5
dejected,inconsolable,2.2185745239257812,-0.642989993095398,5
dejected,sore,-7.934478759765625,-0.013329870998859406,5
difficult,rough,1.0693359375,-0.7649822235107422,5
dignified,remarkable,7.46875,0.5735347867012024,5
dignified,solemn,-10.599609375,-0.017648376524448395,5
disbanded,scattered,-1.44140625,-0.2254793792963028,5
disconcerted,glum,1.2310711145401,0.04011765122413635,5
disputing,quarrelling,0.01953125,0.31155967712402344,5
dissipated,free,-3.33642578125,-0.05260738730430603,5
distant,strange,-2.8076171875,-0.04855077713727951,5
distracted,lawless,-1.5938736200332642,-0.41093844175338745,5
distressing,humiliating,-7.523963928222656,-0.18424217402935028,5
diverse,liberal,-4.1318359375,0.060666024684906006,5
diverse,vibrant,-9.244195938110352,0.10878849029541016,5
dog,man,0.642578125,-0.33115002512931824,5
dog,master,-7.08203125,0.12128198146820068,5
done,done,2.876800537109375,-0.0036137253046035767,5
done,opened,-3.693359375,-0.2917402982711792,5
done,over,7.03369140625,0.17700445652008057,5
done,said,0.9560546875,-0.060514628887176514,5
done,seen,-2.5343289375305176,-0.42856818437576294,5
doze,dream,3.81005859375,0.2998063564300537,5
dramas,movies,0.793914794921875,0.024064242839813232,5
drawn,painted,1.080078125,0.31867802143096924,5
drill,training,7.1015625,0.23774993419647217,5
driving,driving,-5.5390625,0.2965127229690552,5
driving,steroids,1.1904296875,0.9317204356193542,5
drowned,shot,-1.37493896484375,0.1009323000907898,5
durable,viable,9.146484375,0.04162076115608215,5
east,middle,1.216796875,0.3082032799720764,5
ecclesiastic,moral,3.362548351287842,-0.17720113694667816,5
eerie,ominous,-6.814907073974609,-0.0025100409984588623,5
efficient,reliable,6.31591796875,-0.10801133513450623,5
eggs,flour,-0.603515625,-0.3348676562309265,5
eggs,game,-0.3526153564453125,-0.21337813138961792,5
eggs,toast,5.794105529785156,-0.16834643483161926,5
eigenvalues,eigenvectors,-6.60546875,-0.10545559227466583,5
elbow,scream,2.6259765625,0.058604925870895386,5
elegant,graceful,5.916015625,0.03645065426826477,5
elsewhere,here,7.962890625,-0.5395916104316711,5
emaciation,weakness,-4.7763671875,0.06233710050582886,5
emerged,proliferated,-3.6901607513427734,-0.4757053256034851,5
empowerment,engagement,-1.0634765625,0.227865070104599,5
entreating,menacing,0.97113037109375,-0.5166141986846924,5
equipment,toy,-3.06829833984375,0.5524910092353821,5
equipment,training,-11.9814453125,0.3178391456604004,5
ethology,sociobiology,5.64501953125,0.14578381180763245,5
even,nice,6.70529842376709,-0.25350403785705566,5
even,odd,-7.3984375,-0.34606224298477173,5
exhaustion,hunger,4.9912109375,-0.09350275248289108,5
exposure,hunger,2.513671875,-0.092869833111763,5
expressly,purely,8.6640625,0.4985864758491516,5
fainter,fainter,0.714141845703125,-0.437778502702713,5
faithful,spiritual,3.082338333129883,-1.1002897024154663,5
faithful,trusty,2.7919921875,0.040807515382766724,5
familiar,nice,2.5675506591796875,0.3506605327129364,5
feces,urine,4.939079284667969,-0.4704572558403015,5
fictional,historical,1.53515625,-0.47334781289100647,5
filtered,zoned,4.453125,-0.452257364988327,5
financial,governmental,-10.5283203125,-0.14832866191864014,5
financial,moral,3.076171875,-0.010598912835121155,5
fishermen,millers,-3.567138671875,-0.7199797630310059,5
fishermen,pirates,1.6962890625,-0.6000159978866577,5
fitted,painted,3.47021484375,0.3771556615829468,5
flour,mincemeat,-3.19921875,-0.18674036860466003,5
forcible,racy,-0.155609130859375,-0.206581711769104,5
form,line,3.300537109375,-0.1468791514635086,5
form,survive,-1.75390625,0.2572020888328552,5
fragile,rude,-4.971782684326172,0.3396456241607666,5
frantic,scattered,-1.5185546875,-0.4448868930339813,5
free,free,-1.787353515625,-0.5140582323074341,5
free,scattered,-2.974609375,-0.5903274416923523,5
free,spontaneous,-6.11572265625,-0.5360488891601562,5
fright,weakness,-6.886673927307129,0.12228226661682129,5
frogs,rabbits,-5.482421875,-0.5183979868888855,5
funeral,save,-9.24285888671875,-0.38292956352233887,5
gambling,spending,2.326171875,0.23448753356933594,5
game,pot,-10.2001953125,0.7875258922576904,5
gamesters,runners,-4.73046875,0.2885046899318695,5
gasp,kissing,2.46435546875,-0.1144435703754425,5
gasp,scream,0.501953125,-0.12323242425918579,5
gasp,stare,2.333984375,0.4923064112663269,5
gayety,laughter,-2.599609375,0.1974501609802246,5
gayety,merriment,-3.345703125,0.2338266670703888,5
gayety,mirth,-5.96221923828125,0.026649951934814453,5
gently,immediately,-1.382293701171875,-0.3447609543800354,5
gently,nice,-1.4140625,-0.2403934895992279,5
glans,prepuce,-0.8304200172424316,0.45328575372695923,5
glum,solemn,-7.28662109375,0.14017853140830994,5
gods,others,4.62847900390625,0.10417497158050537,5
government,medicine,0.5915851593017578,-0.18691959977149963,5
government,opposition,-4.84991455078125,-0.29904717206954956,5
government,rule,-2.01171875,-0.2642364501953125,5
graceful,unique,-1.8784615993499756,0.035112619400024414,5
grew,grew,-2.746551513671875,-0.7435112595558167,5
grocers,millers,0.865753173828125,0.06542570888996124,5
grotesque,satire,0.734375,-0.3664082884788513,5
grotesque,strange,0.40380859375,0.11306846141815186,5
grunted,squealed,0.18061065673828125,-0.3218742907047272,5
hairy,rough,-7.92041015625,-0.6681576371192932,5
hand,hand,-2.080078125,0.3530224561691284,5
handsome,soldierly,2.1185150146484375,-1.6418540477752686,5
handsome,taller,2.5048828125,-0.32277482748031616,5
harder,harder,3.349609375,0.135509192943573,5
harder,thicker,-9.698378562927246,-0.1916007101535797,5
hardships,heroism,-5.0078125,-0.2354794144630432,5
harmful,strange,0.9211597442626953,-0.015168622136116028,5
hats,robes,-6.05859375,-0.34997329115867615,5
heathen,remote,-12.26171875,-0.21098989248275757,5
helicopters,paratroopers,9.577840805053711,-0.3443931043148041,5
here,here,-1.35546875,0.8140093684196472,5
here,hereafter,0.8201904296875,-0.2476334273815155,5
historical,spiritual,-2.8602447509765625,0.27324190735816956,5
homo,porno,2.765625,0.5258117914199829,5
hooks,rods,-9.559768676757812,0.33917945623397827,5
hospitable,interesting,14.33203125,-0.10393750667572021,5
hospitalised,injured,-4.023202896118164,0.5741888284683228,5
hours,hours,0.7251396179199219,-0.28340965509414673,5
hub,spoke,4.441677093505859,0.18273866176605225,5
ice,rocks,-2.857025146484375,0.33242374658584595,5
illuminated,spiritual,7.36065673828125,-0.7755454182624817,5
imaging,optical,7.6021013259887695,0.32978391647338867,5
impulsive,rude,8.15283203125,-0.6751417517662048,5
incident,romance,-0.7385809421539307,0.6167364716529846,5
indented,numbered,0.0,-0.32278668880462646,5
indistinguishable,strange,2.1777496337890625,-0.06976672261953354,5
initial,initial,8.86767578125,-0.3000407814979553,5
injunctions,messages,-13.2109375,-0.045827269554138184,5
injured,shot,7.507080078125,-0.021759778261184692,5
injured,woeful,1.683502197265625,0.0010634660720825195,5
insolent,rebellious,-7.91796875,-0.28778043389320374,5
inspiring,profound,-1.1808090209960938,0.14944300055503845,5
instantaneously,unseen,7.66510009765625,0.3012247085571289,5
instructive,interesting,3.2734375,0.1862272024154663,5
instructive,moral,0.85546875,-0.018042922019958496,5
intercourse,training,3.5305938720703125,0.5927544832229614,5
interesting,quaint,-0.5553627014160156,-0.27289873361587524,5
interesting,remarkable,2.0556640625,-0.659098207950592,5
interesting,strange,-5.752951622009277,0.08087748289108276,5
interesting,surprising,-8.966796875,-0.30218130350112915,5
interesting,unique,8.927734375,-0.29869431257247925,5
invaders,pirates,3.67431640625,-0.34850162267684937,5
jests,laughter,-0.82421875,0.5470572710037231,5
kicked,kicked,-1.755859375,-0.5105375051498413,5
kids,mortgages,-3.7349853515625,0.5846725702285767,5
kids,starving,2.4169921875,-0.4888388514518738,5
kids,teen,7.1561279296875,0.1457374095916748,5
ladder,man,-7.404296875,-0.20451897382736206,5
laugh,laugh,7.19140625,-0.0694972574710846,5
laugh,scream,5.56982421875,0.2055748999118805,5
laughter,merriment,-1.6550575494766235,-0.10441415011882782,5
laughter,noise,-7.046841621398926,-0.5840440988540649,5
laughter,peace,0.615234375,-0.30723056197166443,5
lawless,rough,1.9881131649017334,0.00645408034324646,5
lawless,uncontrolled,-9.375288009643555,-0.32194995880126953,5
letters,messages,2.7506103515625,-0.17927029728889465,5
letters,presents,0.108642578125,-0.47244173288345337,5
letters,scrolls,2.562255859375,0.11496594548225403,5
lime,salt,0.6414966583251953,0.4191220998764038,5
linen,silver,0.64208984375,-0.014942385256290436,5
looting,vandalism,-8.787109375,0.05648775398731232,5
lorries,said,4.2473907470703125,0.35559719800949097,5
lumber,timbers,4.044921875,-0.7482772469520569,5
luxury,privilege,-1.9609375,-0.09958399087190628,5
luxury,refinement,-1.30078125,0.22577974200248718,5
machine,man,-8.8876953125,0.37504374980926514,5
magnesium,potassium,-2.896026611328125,0.6440027356147766,5
man,man,-4.1875,-0.18897686898708344,5
man,master,0.5950927734375,-0.38696423172950745,5
man,prey,6.240814208984375,-0.4291333854198456,5
manned,trained,6.3897705078125,-0.7011268138885498,5
marked,numbered,4.52587890625,0.45755428075790405,5
master,missis,5.23828125,-0.3152543604373932,5
mates,prey,7.419189453125,0.4090871214866638,5
matured,mellowed,-6.958034515380859,0.06493394076824188,5
medicine,treatment,4.65478515625,-0.28645026683807373,5
medicine,treatments,1.4765625,-0.5119963884353638,5
meek,mild,4.275390625,0.038426920771598816,5
mental,moral,-7.51025390625,0.4430304169654846,5
mental,spiritual,-12.410476684570312,0.2963533401489258,5
merriment,mirth,-4.00390625,0.5014528036117554,5
merriment,noise,-1.0477294921875,0.30208659172058105,5
messages,sightings,0.727078914642334,0.14042633771896362,5
mild,nice,2.4642391204833984,-0.32045644521713257,5
mild,windless,5.23828125,-0.6426553130149841,5
milked,sugared,-6.34716796875,0.18427449464797974,5
mirth,peace,0.60986328125,-0.3323507308959961,5
mistrustful,uncanny,-0.322265625,-0.5740537643432617,5
moist,nice,0.783203125,-0.14499500393867493,5
molluscs,vertebrates,-3.46484375,-0.033010706305503845,5
moons,moons,-2.62939453125,0.008023738861083984,5
moons,suns,4.669921875,0.613980233669281,5
moral,spiritual,3.798828125,0.7446553111076355,5
mothers,teachers,0.6473464965820312,-0.8972817659378052,5
mothers,toddlers,1.583984375,0.39165765047073364,5
movement,noise,-4.760702133178711,-0.2766794264316559,5
movies,opera,1.5751953125,-0.5732489824295044,5
movies,theater,1.22607421875,0.0708177238702774,5
movies,tv,-3.1654701232910156,-0.13342173397541046,5
moving,up,1.889204978942871,-0.16775985062122345,5
moving,wound,5.024269104003906,-0.16994330286979675,5
nations,tribes,-0.283203125,-0.3185257613658905,5
near,nice,4.810546875,-0.0747515857219696,5
near,remote,1.182952880859375,0.15450036525726318,5
next,next,-6.31982421875,0.5546807646751404,5
nice,relaxed,-1.3690037727355957,-0.03968396782875061,5
nice,roasted,-7.769993782043457,0.3859524130821228,5
nice,snug,3.576751708984375,0.31583458185195923,5
nice,spooky,-2.453125,0.2407032549381256,5
nice,unselfish,5.45574951171875,-0.36088085174560547,5
noise,unintelligible,3.4756317138671875,-0.33802175521850586,5
nurses,nurses,4.883033275604248,0.43898874521255493,5
nurses,orderlies,1.245849609375,-0.0964113175868988,5
nurses,teachers,-7.9332275390625,0.05907183885574341,5
oblations,prayers,-5.9921875,0.6256738305091858,5
odd,spooky,0.27735042572021484,-0.24823665618896484,5
odd,unique,1.1817626953125,0.017057165503501892,5
older,older,2.5625,-0.15432032942771912,5
older,taller,-7.9378662109375,-0.3641741871833801,5
older,tougher,2.3599510192871094,-0.002078816294670105,5
older,wiser,-3.25390625,0.02377273142337799,5
ominous,threatened,-5.401958465576172,0.2585042119026184,5
others,volunteers,-0.8432655334472656,0.10142359137535095,5
outdated,rough,-6.583984375,-0.5965769290924072,5
outfit,wagons,-4.28125,0.2421874701976776,5
outgunned,outnumbered,-10.3685302734375,-0.4526272118091583,5
outposts,patrols,4.82421875,0.00325128436088562,5
over,over,6.040275573730469,0.0014836639165878296,5
over,up,-1.5508217811584473,-0.4256238341331482,5
paratroopers,peasants,-12.208359718322754,0.008966028690338135,5
paused,said,-8.390605926513672,-0.4549245834350586,5
peace,purity,-1.1034483909606934,0.5731795430183411,5
peace,relaxation,-2.8253936767578125,-0.6528368592262268,5
pearl,silver,2.39990234375,0.06663969159126282,5
peep,see,5.357421875,-0.36931487917900085,5
penalties,prizes,-0.5146484375,-0.0805094838142395,5
penner,skupin,11.192436218261719,1.1348087787628174,5
penultimate,thirteenth,-4.0517578125,-0.28579339385032654,5
permanent,substantial,2.9200592041015625,-0.2815030515193939,5
permanent,suitable,-1.7366485595703125,-0.6679356694221497,5
ph,temperature,1.099609375,-0.5620200634002686,5
picturesque,quaint,2.6399123668670654,-0.0738658607006073,5
picturesque,sleepy,0.000244140625,-0.1059471145272255,5
pillage,tribute,7.881618499755859,0.06188786029815674,5
pirates,pirates,0.556396484375,-0.5194368362426758,5
pirates,smugglers,-0.81170654296875,0.08966872096061707,5
pirates,wenches,-8.884475708007812,-0.03358900547027588,5
plantation,slabes,0.9441814422607422,0.8632150292396545,5
plate,spoon,-3.78192138671875,-0.2946728467941284,5
pot,spoon,0.9931640625,-0.25265806913375854,5
potassium,sodium,0.537109375,0.033833667635917664,5
powers,principalities,1.3430864810943604,0.01739025115966797,5
presence,putrification,0.6572265625,0.7843275666236877,5
pressure,temperature,0.0,0.23552566766738892,5
previous,subsequent,-8.560546875,-0.21315598487854004,5
profound,remarkable,9.853515625,-0.37623050808906555,5
profound,resolved,13.445232391357422,-0.05283878743648529,5
profound,surprising,-3.16796875,0.048616886138916016,5
pronounce,spell,-4.113037109375,-0.22554396092891693,5
queue,unique,1.65234375,-0.052557796239852905,5
rabbits,rodents,-2.91796875,0.9272868037223816,5
ragged,tawdry,1.477975845336914,-0.28835970163345337,5
raped,tortured,-0.71484375,-0.6756996512413025,5
reels,rods,-1.7151808738708496,0.20525777339935303,5
registered,verified,-1.81396484375,0.1372753381729126,5
rehabilitation,treatment,-1.9233779907226562,-0.28243330121040344,5
reliable,supervised,-6.75390625,-0.5567708015441895,5
reliable,trusty,3.2545166015625,0.19421565532684326,5
remarkable,strange,2.31591796875,0.12309595942497253,5
remarkable,unique,-5.718809127807617,-0.06279093027114868,5
resorts,villages,-3.7802734375,-0.1640273779630661,5
revolting,strange,-7.6937255859375,0.5869365334510803,5
rocks,wilds,0.0,0.5268645882606506,5
rocks,woods,11.1875,0.10293251276016235,5
romance,satire,3.2622833251953125,-0.025313913822174072,5
rough,rude,-0.6037182807922363,-0.13108515739440918,5
safer,supervised,8.759765625,-0.337066650390625,5
said,saluted,0.19127273559570312,-0.16951122879981995,5
salt,vinegar,-1.146484375,-0.33489280939102173,5
scared,scream,0.28515625,-0.13385377824306488,5
scared,shy,5.0301513671875,-0.3378615379333496,5
scared,strange,-6.4912109375,0.12965375185012817,5
see,touch,3.7421875,0.30895528197288513,5
seen,seen,-10.39453125,0.5450024604797363,5
seen,understood,17.30029296875,0.2980523109436035,5
shy,strange,-1.718231201171875,0.187258780002594,5
smaller,smaller,1.9492454528808594,0.3209690749645233,5
smaller,thicker,-3.24462890625,-0.14223092794418335,5
sorrier,wiser,5.857421875,-0.31039929389953613,5
speak,swim,-9.904960632324219,0.0003168433904647827,5
special,unique,8.60009765625,-0.17482706904411316,5
special,urgent,-0.791015625,-0.37554165720939636,5
spectacular,unique,0.810546875,-0.31201961636543274,5
spicy,strange,-2.0361328125,-0.5132403373718262,5
spiritual,temporal,0.33184814453125,-0.18026205897331238,5
squealed,squealed,-0.19921875,-0.04229894280433655,5
stable,unique,6.318359375,-0.0024775564670562744,5
stare,stop,3.6484222412109375,0.5477935671806335,5
stouter,stouter,2.3955078125,0.25739967823028564,5
strengthened,strengthened,12.127761840820312,-0.5298579931259155,5
stretch,stretch,-3.17034912109375,-0.13538502156734467,5
subtlety,timing,-7.077018737792969,0.5253592729568481,5
swim,swim,-13.061174392700195,0.01311492919921875,5
taboos,totems,5.533935546875,-0.0837472677230835,5
taller,taller,3.6291961669921875,-0.19068141281604767,5
taught,used,-4.644624710083008,0.04460829496383667,5
ten,twoscore,-5.28759765625,-0.1916835904121399,5
thicker,thicker,1.138671875,-0.16644635796546936,5
through,through,5.636770725250244,0.7345088124275208,5
togs,whatnot,-3.794677734375,0.9293834567070007,5
toy,toy,7.0331878662109375,0.18122202157974243,5
trained,trusty,-5.4617919921875,0.7929814457893372,5
tribes,tribes,-8.365234375,0.30700868368148804,5
turbid,zaburlit,-8.6171875,-0.2930959463119507,5
unmoved,unobtrusive,-1.9582328796386719,-0.4202570915222168,5
up,up,-2.3251953125,-0.1288173496723175,5
valk,valk,2.4054222106933594,-0.1640448272228241,5
value,value,0.224609375,0.23889440298080444,5
waited,waited,3.65234375,0.45882493257522583,5
walks,walks,-4.349973201751709,-0.029462724924087524,5
wept,wept,6.604106903076172,-0.7827509045600891,5
whales,whaling,2.26806640625,-0.4354652762413025,5
whistle,whittle,-3.1849365234375,-0.2804562747478485,5
wigwagging,woodcraft,0.3497898578643799,0.4916563034057617,5
wilds,woods,6.963249206542969,0.3803712725639343,5
yet,yet,-0.13532209396362305,0.6433727145195007,5
accomplished,amiable,-4.8154296875,-0.0961046889424324,6
accurate,strong,5.288958549499512,-0.25149673223495483,6
action,adventure,-7.7039794921875,-0.17208203673362732,6
action,evolution,-3.1962890625,-0.7789313793182373,6
action,excitement,-3.26904296875,0.0864509865641594,6
action,grace,1.62255859375,-0.6923538446426392,6
active,curious,0.950899600982666,0.2048620879650116,6
active,strong,-1.1124420166015625,0.4460228681564331,6
activities,gestures,-3.2446653842926025,0.3406563401222229,6
added,new,-9.30517578125,-0.3891403079032898,6
adventure,excitement,-3.380767822265625,-0.12734216451644897,6
adventure,poetry,4.44775390625,-0.9281288981437683,6
adventure,sport,3.2720947265625,-0.30128657817840576,6
adventure,voyage,1.10546875,-0.8235862255096436,6
aerodromes,radar,-0.2109375,-0.19831892848014832,6
agriculture,crafts,6.617792129516602,0.15696683526039124,6
agriculture,forestry,-3.6982421875,-0.03943592309951782,6
agriculture,gardening,-3.32763671875,-0.1567905843257904,6
agriculture,hunting,-3.91796875,-0.034084759652614594,6
ai,nao,-0.03515625,-0.20830243825912476,6
alarm,excitement,0.12985002994537354,-0.15574133396148682,6
alarm,perplexity,11.35127067565918,-0.3449958860874176,6
alarm,triumph,4.15234375,-0.7145794630050659,6
alcoholics,homosexuals,-4.1884765625,-0.1282036006450653,6
alone,far,3.6012039184570312,0.4827115535736084,6
alone,unobserved,-6.95068359375,-0.0803663358092308,6
ambition,conquest,2.4560546875,-0.3983229994773865,6
ambition,opulence,0.0,-0.444740355014801,6
ambition,vainglory,-0.59930419921875,-0.8025449514389038,6
ammeters,voltmeters,-5.5643310546875,-0.040449097752571106,6
amusement,diversion,0.253814697265625,-0.2755727767944336,6
amusement,excitement,1.8876953125,-0.6894975900650024,6
anger,excitement,4.798828125,-1.0761820077896118,6
anger,hatred,1.4599609375,-0.1758863776922226,6
anger,hostility,-7.66064453125,0.18243882060050964,6
anger,humiliation,3.126007080078125,-0.25146517157554626,6
anger,jealousy,7.791999816894531,-0.1278453767299652,6
anger,trouble,-3.8515625,-0.720215916633606,6
angry,anxious,-4.556640625,-0.08557728677988052,6
angry,bewildered,-7.9150390625,0.03896679729223251,6
angry,dark,-3.30859375,-0.19314002990722656,6
angry,frightened,5.450927734375,-0.011999253183603287,6
angry,grim,0.576171875,0.012372903525829315,6
angry,grudging,-7.169189453125,-0.3148278594017029,6
angry,insubordinate,-9.090003967285156,-0.24528634548187256,6
angry,mean,-4.541259765625,-0.22719630599021912,6
angry,pale,-8.02071762084961,0.3515147864818573,6
angry,shrill,-9.052274703979492,-0.16097280383110046,6
angry,suspicious,-0.37384891510009766,-0.008559852838516235,6
angry,upset,-4.220489501953125,0.06649874895811081,6
annual,maximum,-1.3272705078125,-0.49406737089157104,6
antidepressants,cholesterol,5.219425678253174,-0.17059165239334106,6
antiques,artwork,-7.308349609375,-0.6707302927970886,6
anxious,eager,-10.2373046875,-0.41184765100479126,6
anxious,frightened,-7.3172607421875,0.5295016765594482,6
anxious,pale,-7.2239990234375,0.6253334283828735,6
anxious,shuddering,10.17578125,-0.4196610450744629,6
aristocracy,feudalism,-4.005500793457031,-0.26573798060417175,6
artillery,guns,-2.9757766723632812,-0.15739843249320984,6
artillery,motorization,2.09765625,-0.1821768432855606,6
artillery,troops,-1.734375,0.07307187467813492,6
arts,crafts,-5.14453125,-0.03929857909679413,6
arts,sciences,-1.162353515625,-0.014833904802799225,6
arts,sports,3.803363800048828,-1.249022126197815,6
artworks,objects,-1.9300537109375,-0.2555253505706787,6
attention,care,-1.2814102172851562,-0.025592222809791565,6
attention,eyes,3.409343719482422,-0.4107651710510254,6
attention,zeal,-3.9423828125,0.3906248211860657,6
autocrat,emperor,5.880859375,-0.22706955671310425,6
automobiles,clothes,2.953948974609375,0.03651133179664612,6
baby,daddy,-7.01953125,-0.393318772315979,6
baby,father,15.9803466796875,-0.9179571866989136,6
baby,louise,4.58203125,-0.1429331749677658,6
badass,big,7.961669921875,0.19702023267745972,6
balls,pegs,-2.09765625,0.5707554817199707,6
baritone,clarinet,1.27734375,0.0776086375117302,6
barks,ships,-5.441181659698486,0.5213521718978882,6
barley,rye,-3.43359375,0.29552915692329407,6
barred,locked,2.979736328125,0.6148606538772583,6
basket,loaf,0.978515625,-0.07442720979452133,6
basket,scissors,10.2314453125,0.4532010555267334,6
battered,dilapidated,-4.933837890625,0.3482057452201843,6
believe,think,-1.30859375,0.02189212292432785,6
believed,hiding,-0.97705078125,-0.14064578711986542,6
bewildered,confused,4.734375,0.033178411424160004,6
bewildered,dismayed,-3.7231178283691406,-0.5747109055519104,6
bewildered,frightened,-6.58203125,0.25167930126190186,6
big,curious,6.341796875,0.5718172192573547,6
big,dark,-4.31787109375,0.262753427028656,6
big,direct,3.3916015625,-0.2729354798793793,6
big,high,0.4534473419189453,0.4353490471839905,6
big,important,-8.61016845703125,-0.7738118767738342,6
big,mellow,-0.1396484375,0.21986442804336548,6
big,new,-1.5208282470703125,0.06929788738489151,6
big,round,7.39381217956543,0.3268105089664459,6
big,strong,-4.3056640625,0.44861990213394165,6
big,successful,-0.87890625,0.16346997022628784,6
big,wonderful,2.5305862426757812,-0.1503857672214508,6
biggerer,clumsier,-8.2816162109375,0.15625149011611938,6
bigotry,intolerance,-7.64453125,-0.5015919804573059,6
biscuit,tea,10.437469482421875,-0.013768844306468964,6
blaze,curl,-2.9810333251953125,0.2883951663970947,6
bleak,raw,-4.734375,0.19403225183486938,6
blood,darkness,-1.5224609375,-0.7268661260604858,6
blood,filth,-7.530933380126953,-0.19423583149909973,6
blood,fluid,-4.1328125,0.5099667310714722,6
blood,grease,3.0234375,0.009088419377803802,6
blood,soil,3.390625,-0.2895987033843994,6
bloodless,pale,-1.6478748321533203,0.1567763090133667,6
boating,riding,-6.205078125,-0.5891543626785278,6
bold,cautious,-6.669403076171875,0.3876027762889862,6
bold,new,-1.792236328125,-0.3202022314071655,6
bold,round,11.201171875,-0.06646812707185745,6
bold,successful,10.6015625,0.055873118340969086,6
bolt,eat,7.783203125,-0.3312695622444153,6
bonds,stocks,2.133327007293701,-0.14929640293121338,6
brake,marsh,-2.451171875,0.04723235219717026,6
bravest,strongest,-9.0625,0.040247149765491486,6
brawny,strong,-14.494354248046875,-0.3763047754764557,6
brilliancy,dash,-5.936725616455078,-0.45553499460220337,6
brother,father,-0.611328125,-0.9606032967567444,6
brother,slept,0.0,-0.5393326878547668,6
brushwood,rock,-5.1953125,0.43721187114715576,6
buckets,ladders,4.864582061767578,0.6497710943222046,6
bundles,wraps,1.3671875,0.3439632058143616,6
burning,slaying,-0.00714111328125,0.5619673132896423,6
busier,busier,-3.4375,0.23141825199127197,6
buying,going,-3.9812393188476562,-0.6161668300628662,6
cabbage,carrot,6.46484375,0.1673223376274109,6
campaign,political,0.006763458251953125,0.2277160882949829,6
cancer,depression,2.538210868835449,-0.37329989671707153,6
capable,strong,-0.8046875,0.09296943992376328,6
capitalism,feudalism,2.0937957763671875,-0.3668902516365051,6
captured,shown,-2.9591064453125,-0.5265973210334778,6
carbon,iron,-3.1976242065429688,-1.0831804275512695,6
carbon,nitrogen,3.6529769897460938,-0.3655950129032135,6
carded,cleaned,2.41796875,0.30467599630355835,6
care,cleanliness,3.0406646728515625,-0.6227640509605408,6
care,harm,6.09375,-0.834479808807373,6
care,mind,2.029296875,0.13696348667144775,6
castles,cities,-3.5371475219726562,-0.16541031002998352,6
castles,fortresses,0.22705078125,0.47870391607284546,6
centuries,centuries,-0.41796875,-0.19828197360038757,6
cf,kf,1.321380615234375,-1.073399305343628,6
chains,darkness,4.96484375,-0.03559485822916031,6
chains,locks,-4.4676513671875,-0.22159415483474731,6
chains,mobiles,-0.304931640625,-0.43995559215545654,6
champagne,flowers,0.26761627197265625,0.23914960026741028,6
changing,working,-1.1064453125,-0.22453957796096802,6
chatted,chatted,-3.1385498046875,0.3346053957939148,6
cheered,shouted,-1.3216705322265625,-0.14757663011550903,6
chintz,silk,-5.6171875,0.11650281399488449,6
chocolate,tea,-5.4580078125,-0.8497015237808228,6
cities,municipalities,-5.779296875,0.5449126958847046,6
cities,streets,-1.1226272583007812,0.28747937083244324,6
classic,formal,5.207794189453125,-0.8117009401321411,6
clatters,dinging,2.22265625,0.10773291438817978,6
clatters,rings,-2.0286865234375,-0.2904339134693146,6
cleaned,dripped,0.61328125,-0.23355832695960999,6
cleaned,restored,1.5087890625,0.18599510192871094,6
climatology,meteorology,1.0985805988311768,-0.7424659729003906,6
clock,rubber,0.6331787109375,0.40209782123565674,6
close,dark,-3.685546875,-0.14886429905891418,6
close,grasping,8.2647705078125,-0.07447992265224457,6
close,monitoring,-4.1606903076171875,0.28998932242393494,6
close,swift,-2.0919189453125,-0.5511499047279358,6
close,tight,2.279296875,0.27416715025901794,6
clothes,eyes,8.5994873046875,-0.020428605377674103,6
clothes,gardens,-2.41015625,-0.31906330585479736,6
clothes,mind,1.189208984375,0.17111560702323914,6
clothes,shopping,0.0,0.003825865685939789,6
coals,iron,-0.70703125,0.11434242874383926,6
colorful,dark,-5.650390625,-0.01189897209405899,6
colorful,unusual,0.569580078125,-0.6567520499229431,6
coming,coming,0.37109375,-0.19347482919692993,6
coming,falling,3.19140625,-1.0215262174606323,6
coming,going,1.8212890625,-0.07380176335573196,6
compassion,help,-4.56005859375,0.09523161500692368,6
compete,fight,-2.5703125,-0.19327881932258606,6
complexity,evolution,-1.669189453125,-0.8980475664138794,6
confident,strong,5.357505798339844,0.23988527059555054,6
confused,detected,2.45703125,0.13537564873695374,6
confused,frightened,5.70361328125,0.09352808445692062,6
confused,upset,3.229644775390625,0.12053432315587997,6
conquest,triumph,-10.111053466796875,-0.3446715176105499,6
consular,passport,-2.1044921875,-0.41119450330734253,6
contempt,contempt,-1.3990309238433838,-0.26538002490997314,6
contempt,hatred,1.32421875,-0.14166414737701416,6
contributors,supporters,3.6767578125,0.326911062002182,6
conviction,trial,2.03125,0.06089862436056137,6
cook,eat,-2.4140625,-0.45898354053497314,6
costume,makeup,1.8564453125,0.24618113040924072,6
cowboys,frontiersmen,2.042407989501953,-0.05852080136537552,6
crafts,industries,3.1751651763916016,0.6545140743255615,6
cranberry,turkey,-0.36328125,0.21057462692260742,6
creased,stained,-1.2309722900390625,-0.37286466360092163,6
criminalised,persecuted,-0.746490478515625,0.42178934812545776,6
crossly,pettishly,1.0234375,0.13228335976600647,6
crustaceans,insects,-1.5728759765625,-0.015662290155887604,6
cumin,pepper,-4.31640625,0.015177793800830841,6
curious,new,0.43359375,-0.0071159787476062775,6
curious,strong,-4.986328125,-0.05982214957475662,6
curious,wonderful,-2.553070068359375,-0.3715464770793915,6
daddy,mummy,3.069580078125,0.656557559967041,6
dark,dense,7.38330078125,0.1734251081943512,6
dark,dreary,7.688690185546875,0.28624147176742554,6
dark,fearful,-6.6630859375,-0.23351311683654785,6
dark,high,-2.421875,0.3487890660762787,6
dark,melancholy,-1.8359375,-0.07383007556200027,6
dark,secret,-3.9658203125,-0.4106212854385376,6
dark,starlight,-1.4057663679122925,-0.23941579461097717,6
dark,swollen,-2.3065185546875,0.067842997610569,6
dark,tangled,-2.2880859375,0.18805402517318726,6
dark,twisted,0.8716659545898438,0.5329170227050781,6
dark,ugly,3.224365234375,-0.2986361086368561,6
dark,unforgiving,-3.486572265625,-0.3960529863834381,6
dark,unshaven,-0.64013671875,0.2672717273235321,6
darker,darker,-1.595703125,0.46056246757507324,6
darker,denser,-3.167633056640625,0.4552426338195801,6
darkness,disappearance,3.912109375,-0.2353200614452362,6
darkness,silence,7.000099182128906,-0.7030379772186279,6
darkness,solitude,8.848176002502441,-0.6668788194656372,6
darter,madame,4.7177734375,0.261576384305954,6
dash,enthusiasm,-6.816650390625,-0.5961560606956482,6
decades,decades,1.0205078125,0.1709333062171936,6
decayed,inexpensive,6.81768798828125,-0.052442967891693115,6
degree,removal,11.37890625,-0.4720841348171234,6
delicate,lazy,1.1458740234375,-0.1627950668334961,6
delicate,pale,-3.689208984375,0.25139668583869934,6
delicate,slender,5.220733642578125,0.056917302310466766,6
delightedly,largely,-3.4268798828125,0.015378437936306,6
democratic,political,4.4322509765625,-0.602601945400238,6
dense,frequent,-2.82421875,0.38948294520378113,6
dense,massive,-2.09539794921875,-0.19238054752349854,6
denser,denser,2.275390625,-0.3343551456928253,6
depression,humiliation,-11.108871459960938,-0.6051228046417236,6
desertion,silence,2.03875732421875,-1.036013126373291,6
detected,exposed,-0.2001953125,-0.03716561943292618,6
detected,pursued,1.1409912109375,0.4621350169181824,6
devastating,massive,0.611175537109375,-0.015184618532657623,6
devastating,tragic,-5.34912109375,-0.5810563564300537,6
dialect,vernacular,2.978515625,-0.29537615180015564,6
dice,slice,-3.08203125,0.17805516719818115,6
diligent,responsible,-3.154146194458008,0.1302957832813263,6
direct,interactive,1.6376953125,-0.346189022064209,6
direct,strong,-2.427734375,0.3769257068634033,6
direct,write,9.443359375,0.4966048002243042,6
disciples,friends,0.737213134765625,-0.6930575370788574,6
disciples,interpreter,3.6796875,-0.11683837324380875,6
disgrace,humiliation,-0.296875,-0.8567559123039246,6
disgusting,gross,5.757260322570801,0.3398533761501312,6
disgusting,impetuous,8.151188850402832,-0.6676342487335205,6
dismayed,pale,2.8178744316101074,0.05099181830883026,6
disobedient,unruly,5.337646484375,-0.006132759153842926,6
disposition,sale,-1.830810546875,-0.19199132919311523,6
disposition,trial,0.444580078125,-0.05344221740961075,6
disrespectful,insubordinate,-2.0359268188476562,0.3667498826980591,6
disrespectful,untamed,10.8759765625,-0.2872307002544403,6
dissident,political,4.992275238037109,-0.335084468126297,6
doctors,priests,9.3375244140625,-0.06151465326547623,6
dominican,haitian,-3.787109375,0.29984307289123535,6
dousings,leaps,-9.57861328125,0.26338356733322144,6
downforce,traction,-3.915069580078125,0.053686872124671936,6
drowsy,languid,7.17578125,-0.027112185955047607,6
drywall,paint,0.20013427734375,0.4723907709121704,6
dumfounded,quaking,-4.34765625,-0.13480983674526215,6
dunked,soaked,-4.50653076171875,-0.4699687957763672,6
dynastic,political,-6.993982791900635,-0.33980029821395874,6
eager,rapt,-0.5244140625,0.41713106632232666,6
eager,shrill,-2.629791259765625,0.14861080050468445,6
eager,wondering,-7.918603420257568,-0.24520114064216614,6
earthly,heavenly,-2.6137237548828125,0.029784545302391052,6
eastern,south,-9.502105712890625,-0.13061556220054626,6
eat,eat,-8.89794921875,-1.1608682870864868,6
eat,loaf,2.5821533203125,-0.3138866722583771,6
eat,rise,1.3777999877929688,-0.33491969108581543,6
eat,stay,-2.529296875,-0.24066710472106934,6
eaten,gathered,0.5924835205078125,-0.21703603863716125,6
eaten,slept,-2.893829345703125,-0.24159610271453857,6
educational,entertaining,-9.939453125,-0.5854552984237671,6
educational,political,-1.7038097381591797,0.0010283663868904114,6
educational,religious,3.35546875,-0.8611445426940918,6
efflorescences,encrustations,0.29205322265625,0.1526365578174591,6
elegance,grace,5.9423828125,-0.45853090286254883,6
emperor,king,-2.232421875,0.07505493611097336,6
empires,leaders,6.175048828125,0.10611241310834885,6
entertaining,new,-1.6328125,-0.1304028034210205,6
enthusiasm,excitement,5.34375,-1.1518083810806274,6
enthusiasm,pep,0.314453125,-0.4708368182182312,6
enthusiasm,triumph,0.2627437114715576,-1.1556975841522217,6
entirely,fully,0.515625,-0.3658894896507263,6
entirely,thoroughly,-2.466796875,-0.12053173035383224,6
eternal,strong,-2.291015625,-0.3924250900745392,6
eventful,harassing,-13.9393310546875,-0.2541098892688751,6
eventful,new,0.2047576904296875,0.18200111389160156,6
excitement,exertion,-5.056640625,-0.7061028480529785,6
excitement,triumph,1.5667834281921387,-0.5218088030815125,6
excitement,trouble,-3.5205078125,0.19890767335891724,6
executive,regulatory,-3.2291259765625,-0.0838962197303772,6
extensive,new,-13.80670166015625,0.47632408142089844,6
extensive,strong,-9.26031494140625,0.048980988562107086,6
extent,speed,-5.5146484375,-0.38853922486305237,6
faggots,straw,-9.759521484375,0.13720113039016724,6
falling,flying,5.728515625,0.03382999449968338,6
false,groundless,6.20452880859375,0.10440216213464737,6
false,wrong,14.502771377563477,-0.41179928183555603,6
far,far,-0.326507568359375,0.37517082691192627,6
far,high,-2.3359375,0.03747539967298508,6
far,unused,-7.000433921813965,0.22475722432136536,6
farder,farder,1.890106201171875,-0.011540740728378296,6
farmer,wife,2.140625,-0.5861761569976807,6
father,father,5.4423828125,-0.017790362238883972,6
father,grandmother,2.541015625,0.7500594854354858,6
father,jm,-2.17578125,-1.000805139541626,6
father,son,-1.595703125,0.20826023817062378,6
fearful,unknown,9.6722412109375,-0.5898146629333496,6
fearful,wonderful,0.478515625,-0.2073948085308075,6
fifth,smallest,-2.3076171875,0.6552736163139343,6
fight,hunt,-0.548828125,-0.02250838652253151,6
fight,overcome,-7.701171875,-0.3974374532699585,6
fight,stand,1.634765625,-0.12599515914916992,6
fight,stay,4.93359375,-0.06529314070940018,6
fight,wait,-4.7218852043151855,-0.4801068603992462,6
fighting,hunting,-2.65118408203125,-0.4690724015235901,6
fighting,watching,-1.384368896484375,0.6741544604301453,6
fighting,working,-0.6419353485107422,0.5157381296157837,6
fills,fills,-5.264072418212891,0.13887938857078552,6
find,seek,-0.06273460388183594,-0.6912608742713928,6
fish,hunt,-6.943109512329102,-0.12836572527885437,6
fish,insects,11.193359375,0.45202428102493286,6
fish,loaves,8.8095703125,0.49404340982437134,6
fish,plant,-0.2578125,-0.15991276502609253,6
fish,squid,-9.776756286621094,-0.33052149415016174,6
fish,vegetables,3.1845703125,0.5913510322570801,6
flamingoes,mustard,-4.68310546875,-0.11253487318754196,6
flatly,instantly,-6.93798828125,-0.46291765570640564,6
flew,flew,5.971710205078125,1.1196662187576294,6
flew,fluttered,0.06703948974609375,0.14394217729568481,6
flexible,flexuous,-0.51171875,0.2396797239780426,6
flexible,slender,1.61328125,0.08952619880437851,6
flowers,gardens,0.5064239501953125,0.29389262199401855,6
flowers,insects,4.635743141174316,-0.15069428086280823,6
flowers,streamers,1.68701171875,0.525342583656311,6
flowers,vegetables,6.0029296875,0.8023355007171631,6
flowers,wines,-2.8388671875,-0.22775757312774658,6
fluttered,fluttered,8.983154296875,0.2347283959388733,6
fonder,fonder,1.9281437397003174,0.02087249606847763,6
fox,geese,-3.3808517456054688,0.09618977457284927,6
frequent,prolonged,1.8603515625,-0.19158586859703064,6
friends,lovers,3.6458568572998047,0.1787538230419159,6
friends,owners,-1.35986328125,0.3969801068305969,6
frightened,pale,2.1953125,0.08359698206186295,6
frightened,unmanageable,-1.1217079162597656,0.3197964131832123,6
frightened,wondering,-7.13037109375,0.16420915722846985,6
fruitful,important,0.98046875,-1.4924284219741821,6
ganders,geese,-6.412109375,-0.479647696018219,6
gentleness,kindliness,-1.158203125,-0.3882010281085968,6
gentleness,magnanimity,6.24560546875,-0.15680482983589172,6
geocaching,letterboxing,-3.438692092895508,0.518898606300354,6
geography,religious,1.83367919921875,-0.6842091083526611,6
gestures,sounds,7.884765625,0.061764709651470184,6
gestures,swipes,5.943653106689453,0.0727631226181984,6
gigglings,whisperings,4.564453125,0.11616069823503494,6
gladness,refreshment,5.87109375,-0.6553766131401062,6
going,going,-7.899658203125,-0.08746740967035294,6
going,motivated,8.46484375,0.009360916912555695,6
grace,majesty,-1.8841819763183594,-0.22106823325157166,6
grace,swiftness,-1.3050537109375,-0.10038939118385315,6
grace,truth,6.441371917724609,-0.7101672291755676,6
grace,virulence,-9.4698486328125,-0.18584831058979034,6
gratin,pasta,-8.771484375,-0.14571110904216766,6
gravity,silence,-2.298828125,-0.37669268250465393,6
gravity,years,-8.412139892578125,-0.2864235043525696,6
grease,paint,-11.305635452270508,0.3705624043941498,6
greater,greater,-4.8249359130859375,0.151937335729599,6
greater,new,0.9532299041748047,-0.773627519607544,6
greater,stronger,3.5328407287597656,-0.8137074112892151,6
greatest,strongest,0.34012508392333984,-0.05587838590145111,6
grim,rocky,5.4832763671875,-0.28699183464050293,6
grim,tense,9.943359375,-0.14131060242652893,6
grim,ugly,-7.6396484375,0.6505126357078552,6
grizzled,sparse,1.674896240234375,0.3422544300556183,6
groaned,swayed,-11.1898193359375,0.1447449028491974,6
gross,wiggly,-5.03125,0.022793658077716827,6
grumpy,religious,0.0,-0.2786654829978943,6
guarded,locked,1.3232421875,-0.14523908495903015,6
guarded,protective,1.3762989044189453,0.5566430687904358,6
guarded,suspicious,-3.1328201293945312,-0.3322092890739441,6
guns,rockets,-2.921875,0.02409430593252182,6
guns,shades,-6.7139892578125,0.29529616236686707,6
guns,ships,-1.6880512237548828,0.10038823634386063,6
guns,sticks,5.709266662597656,-0.026011258363723755,6
halloaed,shouted,-3.6005859375,-0.2868342995643616,6
hallucinations,paralysis,-4.1826171875,0.06562725454568863,6
hammers,iron,1.28857421875,0.9376267194747925,6
handy,new,-3.79541015625,-0.49400538206100464,6
handy,strong,-0.853515625,0.12955442070960999,6
harassed,pale,-0.72265625,0.3884677290916443,6
harmonic,rhythmic,-2.49365234375,-0.2415820062160492,6
hateful,mean,-2.390625,-0.3242543339729309,6
hatred,jealousy,1.16558837890625,-0.27891212701797485,6
heir,son,8.45782470703125,-0.027419045567512512,6
help,hold,0.029442787170410156,0.3047610819339752,6
help,shelter,5.080078125,-0.50684654712677,6
help,stay,0.421875,-0.24514660239219666,6
hide,seek,-15.63671875,-0.44211500883102417,6
hiding,watching,-0.2099609375,0.007634125649929047,6
high,intermediate,-6.389404296875,-0.25435397028923035,6
high,rocky,-0.26708984375,0.44354528188705444,6
high,shrill,-0.04736328125,0.194015234708786,6
high,strong,0.2283935546875,0.5100402235984802,6
high,tight,-3.99853515625,0.3536847233772278,6
high,tower,-2.90380859375,0.652675986289978,6
hoarser,rougher,4.967559814453125,-0.38072144985198975,6
hockey,soccer,3.2685699462890625,-0.38990193605422974,6
hold,pull,2.7682647705078125,0.33369678258895874,6
honesty,truth,5.0078125,-0.5468592643737793,6
honeyeater,thornbill,-8.982421875,0.5231871604919434,6
hostility,intolerance,5.6533203125,-0.04797668009996414,6
house,trance,-2.158203125,-0.7453939318656921,6
howled,howled,1.8249893188476562,0.4073413908481598,6
howled,shouted,0.5448837280273438,0.3987889289855957,6
howled,whined,0.0,0.04248421639204025,6
humans,pigs,-4.79736328125,0.48081207275390625,6
humans,spirits,2.19921875,-0.3026753067970276,6
humiliation,rejection,-0.24609375,-0.3195838928222656,6
hums,plays,4.703125,-0.36697056889533997,6
hums,writes,-1.53662109375,-0.39134731888771057,6
hungrier,hungrier,-7.30078125,0.3214403986930847,6
hunt,sport,-2.892333984375,-0.13985159993171692,6
hunt,transform,-0.3577880859375,0.15902084112167358,6
images,sounds,6.798828125,-0.667026698589325,6
impertinent,troublesome,3.74639892578125,-0.17496415972709656,6
impertinent,ugly,-5.3212890625,0.11329158395528793,6
import,sale,2.625,0.03958836942911148,6
important,new,-1.31553316116333,-0.6499744653701782,6
important,unpleasant,4.109375,-0.2673523426055908,6
impotent,indecisive,-1.0363746881484985,-0.1600252240896225,6
independence,triumph,0.25011444091796875,-0.6375307440757751,6
industries,mines,0.6796875,0.19099441170692444,6
infertile,rocky,1.72198486328125,-0.1515112817287445,6
inflamed,swollen,-9.502983093261719,-0.012798741459846497,6
innocence,truth,-0.927978515625,-0.666022777557373,6
instantly,neatly,-4.4345703125,0.2526401877403259,6
instrumental,religious,-0.624267578125,-0.7397841215133667,6
invasions,troubles,-3.5859375,-0.7902030944824219,6
iron,rock,-1.43994140625,0.02480166405439377,6
iron,vitamins,10.013885498046875,-0.33395540714263916,6
ironic,tragic,-2.2005772590637207,-0.31934654712677,6
iy,wonderful,5.4462890625,-0.36330318450927734,6
jealousies,troubles,-0.2490234375,-0.1463392674922943,6
judicial,legal,0.1281280517578125,-0.7859266996383667,6
labour,plant,7.107025146484375,0.42936429381370544,6
lagged,lagged,7.34228515625,0.18150994181632996,6
lake,river,5.7579345703125,0.5221719145774841,6
languid,pale,-0.8185746669769287,-0.11153292655944824,6
lazy,somnolent,14.03515625,-0.2915576696395874,6
legal,political,-4.7896728515625,-0.3618043065071106,6
legal,regulatory,0.26343774795532227,0.22752538323402405,6
legal,religious,3.28521728515625,-1.2975925207138062,6
ligaments,muscles,2.310415267944336,0.049949243664741516,6
linguistic,religious,0.55078125,-0.42388561367988586,6
lively,new,-9.733810424804688,0.34484797716140747,6
lively,tight,-2.467864990234375,0.044719718396663666,6
living,shop,2.287109375,-0.0024675577878952026,6
living,working,8.608846664428711,0.01134190708398819,6
locked,strong,2.130615234375,0.2705623507499695,6
loyalty,truth,-2.201171875,0.45390933752059937,6
manipulated,tricked,-0.5322265625,0.2418203353881836,6
materials,objects,-2.51953125,0.3142406940460205,6
mayo,mustard,7.0234375,-0.36933523416519165,6
meal,vegetables,8.267237663269043,0.13319742679595947,6
mean,nasty,-4.720703125,0.21608209609985352,6
mean,ugly,0.064453125,-0.18716201186180115,6
melodious,strong,-6.5985107421875,-0.044247083365917206,6
merrily,swiftly,-0.4931640625,0.08710324019193649,6
military,political,-0.9921875,0.7525244951248169,6
military,politics,-4.2314453125,-0.22686025500297546,6
military,religious,1.7165508270263672,0.24954161047935486,6
military,space,-3.783893585205078,0.8043931126594543,6
mines,quarries,2.3115310668945312,0.7193533182144165,6
mines,torpedoes,1.822265625,0.20683100819587708,6
months,months,10.2476806640625,-0.056695736944675446,6
months,years,-5.0892333984375,-0.1891283094882965,6
mummy,mummy,2.5810546875,-0.3790971636772156,6
murdered,skinned,8.442794799804688,0.14360031485557556,6
narcissism,narcissism,-1.846552848815918,-0.5954744219779968,6
nasty,ugly,3.244537353515625,0.2824881672859192,6
nasty,unpleasant,2.352020263671875,-0.3245776295661926,6
national,political,4.7568359375,-0.6178575158119202,6
national,regional,-1.02734375,0.18260407447814941,6
national,religious,5.46923828125,-0.9307648539543152,6
neatly,swiftly,-0.6015625,0.6078832149505615,6
neoendemism,paleoendemism,-3.168212890625,-0.1759788691997528,6
never,off,-0.224609375,0.06595563143491745,6
new,pioneering,-0.890869140625,-0.1006229817867279,6
new,precious,-2.2421875,-0.40003740787506104,6
new,strong,2.51641845703125,-0.09179361909627914,6
new,successful,-2.8554697036743164,0.12303925305604935,6
new,ugly,-5.861328125,0.06779517978429794,6
new,unusual,-0.975341796875,0.24754711985588074,6
new,wonderful,-1.84375,-1.0361738204956055,6
nobles,princes,-13.896007537841797,-0.4152776598930359,6
nodded,swayed,-3.3387184143066406,0.1646040678024292,6
north,south,5.89453125,-0.227913498878479,6
novelized,sung,6.9326171875,0.17734366655349731,6
numbness,tingling,6.96990966796875,-0.012368384748697281,6
ober,ober,-2.5899710655212402,-0.08268854022026062,6
oppressive,unpleasant,8.674930572509766,-0.031217001378536224,6
oracular,sacred,-8.731842041015625,-0.06853129714727402,6
organization,rank,-0.30712890625,0.2814492881298065,6
ounces,ounces,-1.3134765625,-0.006821040064096451,6
owl,raven,-1.1259775161743164,0.3010494112968445,6
packing,riding,7.36328125,0.49872511625289917,6
paint,paint,-8.1064453125,0.7626792192459106,6
painting,poetry,3.404296875,-0.7213649153709412,6
pale,sickly,-1.64453125,0.008778654038906097,6
pale,veiny,-0.963134765625,-0.02978656440973282,6
pant,stand,-1.8781838417053223,-0.16567397117614746,6
parliamentary,political,-3.2142333984375,-0.09729497134685516,6
parliamentary,presidential,9.841796875,0.1099085733294487,6
passwords,usernames,-7.0244140625,0.23604658246040344,6
penniless,ugly,5.112087249755859,-0.05867082625627518,6
perch,suckers,0.8910895586013794,-0.1005171611905098,6
perplexity,trouble,2.18157958984375,-0.2621340751647949,6
plant,sow,-9.501953125,0.37182390689849854,6
plaques,tangles,-0.8341717720031738,-0.006033681333065033,6
plasters,weights,-2.12322998046875,0.5556272864341736,6
plates,spoons,3.099609375,0.12125182896852493,6
plates,utensils,-8.17158317565918,-0.15379780530929565,6
plays,poetry,-6.8203125,-0.21043309569358826,6
poetry,sports,-3.04156494140625,-0.5616775751113892,6
poetry,wit,-4.7743072509765625,-0.1407160758972168,6
poke,pull,-0.4462890625,0.17167240381240845,6
political,political,2.0185546875,0.37293222546577454,6
political,religious,-0.02294921875,-0.5331870913505554,6
pray,wait,-2.22637939453125,-0.11124064773321152,6
precious,round,-4.849135398864746,0.021398328244686127,6
pressors,volume,9.95166015625,0.8625832796096802,6
profitable,reasonable,11.964599609375,-0.34510213136672974,6
prolonged,searching,0.30078125,0.06902336329221725,6
pronunciation,tones,0.849609375,-0.46211931109428406,6
protective,strong,-7.28369140625,0.32030805945396423,6
prussian,russian,-2.966796875,-0.02414589375257492,6
publish,write,-0.98828125,0.03627418726682663,6
pumping,pumping,-2.682647705078125,0.17989733815193176,6
pushed,pushed,-1.0469551086425781,-0.011333275586366653,6
ranks,species,-3.0703125,0.12339960783720016,6
recharged,reused,-0.6197509765625,0.19263452291488647,6
reefed,stowed,6.8447265625,0.14013132452964783,6
refreshment,repose,3.064697265625,-0.052498482167720795,6
regional,school,3.1634521484375,-0.3469298183917999,6
religious,sports,-2.80078125,0.21478816866874695,6
remarried,reneged,-2.6873016357421875,0.50249183177948,6
repose,shelter,3.25274658203125,-0.4325617551803589,6
rescue,search,2.0738372802734375,-0.01316283643245697,6
resting,working,4.64453125,0.6590566039085388,6
rhythmic,symmetrical,14.053390502929688,-0.5259367227554321,6
rings,sounds,6.3671875,-0.6436823010444641,6
rise,spring,-12.693206787109375,-0.14456838369369507,6
rites,symbolisms,-0.53765869140625,-0.07603194564580917,6
rock,soil,0.73828125,-0.18078556656837463,6
rock,thicket,-5.835205078125,0.32673776149749756,6
rocky,tangled,4.283447265625,0.7663489580154419,6
rolls,rolls,0.9375,-0.14023888111114502,6
rooms,rooms,-1.60565185546875,0.023290760815143585,6
round,round,-1.0311279296875,0.5613882541656494,6
round,strong,4.963720321655273,-0.2846500277519226,6
rounder,rounder,2.4490737915039062,0.8070236444473267,6
rubber,wool,1.458984375,0.543422520160675,6
russian,swedish,1.23443603515625,-0.002250887453556061,6
russian,yiddish,3.49609375,0.14850538969039917,6
sacred,secret,1.259765625,-0.6994435787200928,6
sagacity,wit,-0.6771240234375,-0.4961012303829193,6
savages,unintelligent,-1.7611198425292969,-0.2040397822856903,6
sea,shore,1.5390625,-0.3416445851325989,6
searched,searched,0.040283203125,0.1364353895187378,6
searching,searching,4.261960983276367,-0.40065497159957886,6
secret,wrong,-0.025390625,-0.2628815174102783,6
seeded,unseeded,-6.33544921875,-0.11078514903783798,6
ships,shore,-3.279296875,-0.04246494919061661,6
ships,troops,-2.45849609375,-0.05226675420999527,6
shook,shook,8.615230560302734,0.5213661789894104,6
shopping,sunbathing,7.805141448974609,0.19880133867263794,6
shrank,swelled,-8.443359375,0.05157225579023361,6
shrill,unpleasant,-1.5907096862792969,-0.10053154081106186,6
silence,solitude,1.4457368850708008,-1.1255708932876587,6
silk,tea,2.6396484375,-0.29386183619499207,6
sinks,toilets,-6.26953125,-0.059590376913547516,6
slept,slept,-2.337890625,-0.8179486989974976,6
soaked,swollen,5.26007080078125,-0.036112889647483826,6
somewhat,thoroughly,4.8262939453125,-0.5927326679229736,6
sounds,sounds,-0.44140625,0.28559765219688416,6
south,south,5.592617034912109,-0.37914109230041504,6
sprightly,strong,-1.4305229187011719,0.10877308994531631,6
squatting,thrusting,13.09552001953125,0.08568764477968216,6
stand,stand,5.31939697265625,0.2898229956626892,6
stand,wait,-2.0594482421875,0.06260759383440018,6
stately,strong,1.0732402801513672,-0.3445667028427124,6
stay,stay,-0.6611328125,-0.8589206337928772,6
stay,think,2.208984375,0.09342174977064133,6
stops,thinks,-7.70703125,0.5267311930656433,6
streets,streets,-13.945104598999023,0.5150442123413086,6
strong,successful,4.204570770263672,0.08833909779787064,6
strong,swift,7.431640625,-0.03909223526716232,6
strong,tight,2.005859375,-0.05121780186891556,6
strong,tyrannous,10.6832275390625,0.18504321575164795,6
strong,unusual,-4.2275390625,-0.24011272192001343,6
stronger,stronger,12.187225341796875,0.6802161931991577,6
sullenly,unwillingly,-1.4161224365234375,-0.05990114063024521,6
sunsets,tea,-0.4802083969116211,0.28227826952934265,6
suspicious,wondering,-1.33868408203125,0.5076199769973755,6
sympathize,understand,2.04681396484375,-0.6777088642120361,6
think,think,4.3154296875,-0.26110342144966125,6
think,wait,-10.275390625,0.5112380981445312,6
thoroughly,vigorously,7.893402099609375,-0.3119848668575287,6
trial,tribulations,0.634765625,-0.11825686693191528,6
trial,trouble,-6.57269287109375,-0.9267816543579102,6
turkey,vegetables,-3.279296875,0.15910732746124268,6
turn,turn,11.647602081298828,0.040476590394973755,6
twos,twos,-4.826171875,0.4345991611480713,6
uglier,uglier,1.5185546875,0.1165710911154747,6
understand,write,-2.50390625,-0.1741529405117035,6
unhumanized,untamed,-2.681640625,-0.056320615112781525,6
unknowable,unknown,1.65625,-0.5511971116065979,6
vigorously,wrong,8.001190185546875,-0.15502476692199707,6
wait,wait,0.954864501953125,-0.04997692257165909,6
waking,watching,9.162109375,-0.24406233429908752,6
weights,widths,8.639043807983398,-0.41715556383132935,6
wondering,wondering,5.045654296875,-0.23387101292610168,6
working,working,-1.1025390625,0.4209359586238861,6
years,years,-0.0078125,0.5558949112892151,6
abandoned,old,-5.723358154296875,-0.22738929092884064,7
acres,acres,-6.29296875,0.5809715986251831,7
activity,eagerness,-1.41961669921875,0.5318836569786072,7
activity,life,-6.7664794921875,-0.20200584828853607,7
addiction,overdose,4.021484375,0.10975642502307892,7
adult,child,0.0,0.47196251153945923,7
adult,children,-1.5517578125,0.30625954270362854,7
advanced,brightened,-0.81890869140625,-0.8900244832038879,7
advertising,marketing,-5.1005859375,0.1754268854856491,7
agony,fear,-2.314697265625,1.0828278064727783,7
air,light,-8.75390625,0.2677914500236511,7
algerian,moroccan,4.96875,-0.1389482468366623,7
aloes,euphorbias,5.07861328125,0.0637625902891159,7
ambitious,worldly,0.2415618896484375,0.08659835159778595,7
ammunition,bombs,5.1316680908203125,0.5103653073310852,7
ammunition,weapons,4.9052734375,0.2253243327140808,7
ammunitions,weapons,2.4520263671875,0.5823009610176086,7
amuse,interest,-2.48583984375,0.5576646327972412,7
anatomy,morphology,3.751953125,-0.3314867615699768,7
antisemitic,nationalist,8.62054443359375,0.2854127883911133,7
anus,urogenital,-3.8010292053222656,-0.18021760880947113,7
asked,blushed,-3.0322265625,-0.19293345510959625,7
assault,robbery,0.1717529296875,0.17672063410282135,7
assured,final,5.6015625,-0.6809001564979553,7
attentively,gravely,3.000582218170166,0.4308186173439026,7
autos,carriages,-7.0478515625,0.1741180270910263,7
bags,purses,-5.918701171875,-0.369448721408844,7
balanced,benign,2.591796875,-0.19166092574596405,7
ballets,operas,-2.08001708984375,-0.025966748595237732,7
barriers,queries,0.0,0.32795262336730957,7
bearer,flag,2.5756192207336426,0.10968391597270966,7
bedraggled,desperate,5.380615234375,-0.14276687800884247,7
bedraggled,soiled,7.52655029296875,0.13623040914535522,7
belgian,dutch,1.1953125,-0.32546573877334595,7
belgian,moroccan,-5.6109619140625,0.8991001844406128,7
bent,cramped,-2.40277099609375,-0.2128601223230362,7
bent,old,-4.217964172363281,0.26455622911453247,7
bent,worn,-4.3037109375,0.3549434542655945,7
billeting,orientation,0.942138671875,-0.1608818918466568,7
biology,genetics,-0.3076171875,0.05801062285900116,7
bittersweet,milk,7.4296875,-0.2111806720495224,7
blabbing,tattling,-8.780660629272461,-0.5519700646400452,7
blind,cruel,4.911568641662598,0.48110610246658325,7
blind,helpless,-6.259765625,-0.002878516912460327,7
blind,old,-0.582763671875,0.8513337969779968,7
blind,vague,-4.95068359375,-0.06848298013210297,7
bloating,pain,-7.349958419799805,0.02790328860282898,7
blossoms,herbs,0.0,-0.07600231468677521,7
blowing,blowing,3.8734130859375,-0.5368087887763977,7
blowing,spitting,-6.966396331787109,-0.7080485820770264,7
blustering,rollicking,3.4140625,-0.5286055207252502,7
blustering,wild,11.745399475097656,-0.06258802115917206,7
boast,brag,-1.3701412677764893,0.43704015016555786,7
bombs,revolution,-5.61328125,0.6375477910041809,7
bombs,rowdies,-1.2160186767578125,0.4118121862411499,7
bombs,weapons,2.9713134765625,-0.023581206798553467,7
bones,flesh,1.09814453125,-0.3300676941871643,7
bones,organs,-2.89532470703125,-0.5771394371986389,7
bones,skeleton,0.74017333984375,-0.24469299614429474,7
bones,skin,0.142578125,0.2867627739906311,7
bows,buckles,0.0,0.23673087358474731,7
bragged,bragged,-2.5443115234375,0.5671015381813049,7
bribery,extortion,1.1996917724609375,-0.018050342798233032,7
bribery,promises,5.681529998779297,-0.03811176121234894,7
bribes,promises,2.82421875,0.12401828169822693,7
brisk,light,-4.1668701171875,0.08855165541172028,7
bromides,iodides,6.4234619140625,-0.9627606272697449,7
bronchitis,scabies,0.9844472408294678,0.0571412593126297,7
brush,grass,-3.09930419921875,-0.24215058982372284,7
brush,poles,0.12890625,-0.14816702902317047,7
bucked,roared,-7.5953369140625,-0.8817303776741028,7
bulletproof,tactical,9.345703125,0.16930843889713287,7
bushels,bushels,-0.49390411376953125,0.18031758069992065,7
bushes,grass,2.92578125,0.10137122869491577,7
bushes,thorns,-2.14556884765625,0.06385838985443115,7
businesses,citizens,-7.13671875,0.5730268955230713,7
businesses,colonies,7.757570266723633,-0.3841876983642578,7
businesses,properties,-6.35498046875,0.31217288970947266,7
butlers,sex,-8.390625,-0.6510846018791199,7
calculated,deliberate,-6.0507659912109375,-0.14866338670253754,7
calm,deadly,3.04248046875,0.3453761339187622,7
calm,delightful,-5.224609375,0.5418463349342346,7
calm,light,-0.15547943115234375,0.25384366512298584,7
calm,quiet,-5.8427734375,0.4791533350944519,7
calm,sedate,-4.90673828125,-0.7858367562294006,7
calm,stability,-1.7538604736328125,0.2945686876773834,7
calm,sunshine,2.578125,0.8848917484283447,7
canons,statutes,0.83984375,-0.3691549301147461,7
carefulness,indifference,-3.7698845863342285,-0.26796573400497437,7
carriages,motorcars,-8.638397216796875,0.39273953437805176,7
cart,harness,0.5824588537216187,-0.008242502808570862,7
cases,casks,-3.3158721923828125,0.37964725494384766,7
cases,complaints,-1.9892578125,0.7211835384368896,7
cases,presses,5.4853515625,0.2657150626182556,7
caught,kept,-1.763671875,-0.7474127411842346,7
celebrate,drink,2.828125,-0.2350401133298874,7
central,large,1.452880859375,0.2739452123641968,7
charabancs,charabancs,-8.26123046875,-0.4784318208694458,7
cheapest,easiest,-3.6953125,-0.21239276230335236,7
chess,rugby,-6.404052734375,-0.6155363917350769,7
child,child,3.3896484375,-0.5176374316215515,7
children,gum,-6.33660888671875,-0.08263619244098663,7
children,hens,-8.01141357421875,0.30861586332321167,7
children,ladies,-2.5194091796875,0.009909093379974365,7
children,milk,6.829620361328125,-0.29395121335983276,7
children,pensioners,0.921875,0.2593100965023041,7
children,substitute,-1.7537384033203125,-0.16796742379665375,7
citizens,musicians,3.673095703125,0.692838728427887,7
citronellol,geraniol,0.21044921875,-0.6451371312141418,7
civilians,warriors,-4.291717529296875,0.6041609048843384,7
clapped,clapped,1.111328125,-0.39227497577667236,7
clapped,roared,3.3671875,-0.7596896290779114,7
claws,legs,-8.277299880981445,0.44315505027770996,7
clinopyroxene,nepheline,-2.408203125,0.12647372484207153,7
clues,criminals,0.8092041015625,-0.09981967508792877,7
clues,maps,-6.53955078125,-0.13838373124599457,7
cockroackes,temites,-8.1494140625,-0.2701728940010071,7
collectors,museums,1.4490966796875,0.08145111054182053,7
concentrated,deliberate,-8.590797424316406,-0.622948944568634,7
cones,tapes,-4.6416015625,0.2117352932691574,7
confined,insane,9.568305969238281,-0.02218867838382721,7
connoisseurs,ladies,-3.43359375,0.9568024277687073,7
contamination,pollution,-5.3525390625,-0.561514675617218,7
contradictory,vague,-1.283203125,-0.3157370090484619,7
convenient,large,-0.8779296875,0.26740315556526184,7
convenient,serious,2.42547607421875,0.5247896909713745,7
copied,remembered,-6.2109375,0.2749226689338684,7
cornflakes,milk,-0.29395294189453125,-0.11239998042583466,7
courageous,old,-7.015380859375,0.0532175749540329,7
cower,shrink,-4.869009017944336,-0.008969098329544067,7
crackled,glowed,3.685546875,-0.6687333583831787,7
crackled,roared,2.496917724609375,-0.5362293124198914,7
crashing,crashing,4.32568359375,-0.4701218008995056,7
crashing,thudding,3.0331015586853027,0.2827760577201843,7
creepy,impressive,7.4893798828125,0.24623526632785797,7
crime,drugs,-1.491455078125,-0.23794345557689667,7
crime,sex,2.896209716796875,0.10703053325414658,7
criminality,hardship,1.02734375,0.3401797115802765,7
criminals,dungeons,6.179473876953125,-0.09015913307666779,7
criminals,thieves,2.66796875,0.6575973629951477,7
criminals,vagabonds,-5.1361083984375,0.15180812776088715,7
crops,harvest,-0.2084503173828125,-0.1391913741827011,7
crops,properties,-0.8083267211914062,0.010402604937553406,7
crossness,meddling,-11.900390625,0.2898787260055542,7
cruel,disastrous,-4.71875,-0.2971964478492737,7
cruel,envious,-5.46728515625,0.12490440160036087,7
cruel,inconceivable,2.09765625,-0.15502844750881195,7
cruel,paranoid,8.68359375,-0.09916026890277863,7
cruel,stormy,2.2374935150146484,0.25566262006759644,7
cruel,wasteful,-4.4384765625,0.20715057849884033,7
cruel,wild,2.86346435546875,0.00013114511966705322,7
curiosity,eagerness,1.857421875,0.7261440753936768,7
curiosity,interest,-0.28729248046875,0.7874407172203064,7
curiosity,pain,-9.8858642578125,0.9302845597267151,7
currently,formerly,-2.070474624633789,0.28550681471824646,7
curtsy,smile,4.74267578125,1.1606425046920776,7
dainty,particular,-0.4852447509765625,-0.2436397224664688,7
dainty,soft,4.2539215087890625,0.3882235884666443,7
danced,sang,0.09765625,-0.4864141345024109,7
deliberate,mock,4.3515625,-0.8135714530944824,7
deliberated,sat,5.212890625,-1.3072093725204468,7
delightful,generous,2.400390625,-0.4822017550468445,7
delightful,quiet,-12.5546875,-0.02905595302581787,7
deliverance,guidance,3.6494140625,0.11666931211948395,7
demandingly,harshly,8.039047241210938,-0.7006351351737976,7
democracy,socialism,2.376953125,0.11051203310489655,7
dental,vision,9.1787109375,0.05564098060131073,7
depressed,quiet,-5.9666748046875,0.2763289511203766,7
depressed,uneasy,1.50946044921875,0.1188579648733139,7
desolation,woe,-0.6806640625,0.6471730470657349,7
despatch,ease,10.158203125,-0.12641994655132294,7
desperate,disorganized,10.16015625,-1.0556092262268066,7
destiny,life,-7.970703125,-0.2120390683412552,7
destiny,vision,-5.5919189453125,0.3086361885070801,7
dialogues,fugues,-3.582305908203125,-0.3585965633392334,7
differences,resemblances,-3.009765625,-0.010516062378883362,7
differences,variations,-4.218967437744141,-0.12120528519153595,7
discovered,mined,0.1670989990234375,0.445773184299469,7
discussions,meetings,1.0365219116210938,0.4312261939048767,7
diseases,genetics,2.2843017578125,-0.8573647141456604,7
diseases,viruses,5.738525390625,0.20224320888519287,7
disheveled,wild,-0.431640625,-0.6323077082633972,7
displayed,stored,-2.921875,0.21177791059017181,7
displays,exhibits,-3.7110891342163086,0.02908782660961151,7
dissolute,idle,-0.783203125,-0.40191322565078735,7
distributed,versioned,-13.31689453125,0.035167619585990906,7
drama,satirical,-1.3946914672851562,0.121262326836586,7
dread,eagerness,6.3074951171875,0.9936431050300598,7
dread,fear,-6.430084228515625,-0.08348269760608673,7
dreamless,drugged,-0.0859375,-0.4747467637062073,7
dress,jewellery,3.591552734375,-0.2999059557914734,7
dress,talk,-3.328857421875,-0.28798067569732666,7
dress,towel,1.682856559753418,0.6528109908103943,7
drink,drugs,2.751953125,-0.04725874960422516,7
drink,sail,-1.19140625,-0.4492829442024231,7
drink,smile,-5.81396484375,0.0924958884716034,7
drink,talk,1.7119140625,0.5198671221733093,7
driven,tugged,-1.7768535614013672,-0.5001232624053955,7
drugs,homelessness,3.3125,-0.19743575155735016,7
drugs,sex,6.7439727783203125,0.9016614556312561,7
drugs,weapons,-3.19921875,0.03319385647773743,7
duck,squash,0.64501953125,-0.2894575595855713,7
dutch,english,0.28857421875,0.2344723492860794,7
eachother,nature,-13.4580078125,-0.721609354019165,7
eagerness,exultation,-2.546875,0.43250638246536255,7
eagerness,regret,-2.5108673572540283,0.5067744851112366,7
earthquakes,tornadoes,0.76318359375,-0.14990584552288055,7
earthquakes,volcanoes,-1.0201416015625,-0.0005303770303726196,7
ease,quiet,-0.28778076171875,0.18796782195568085,7
economic,environmental,-0.6074066162109375,0.5605032444000244,7
editing,writing,-3.234375,0.4775547981262207,7
egoistic,inflexible,6.6484375,-0.07726307213306427,7
enabling,enabling,2.5693359375,-0.1742783635854721,7
engineers,physicists,-11.81170654296875,-0.5767848491668701,7
english,italian,4.718505859375,0.4554558992385864,7
epilepsy,schizophrenia,-2.6708984375,0.935867965221405,7
erm,fertile,-7.421875,0.10411575436592102,7
erm,revolution,-3.8376312255859375,-0.32088732719421387,7
erm,talk,-3.337890625,0.19812309741973877,7
erm,weight,-5.654296875,-0.4145151376724243,7
ever,ever,-1.25,-0.0823407918214798,7
ever,forever,-8.259765625,-0.2801087498664856,7
evildoers,murderers,-1.4541015625,-0.17974968254566193,7
excited,hysterical,5.12347412109375,-0.47841984033584595,7
excited,irritable,5.98828125,0.05639524757862091,7
excited,large,0.037109375,-0.09823589026927948,7
excited,pleased,-1.772705078125,0.5843127369880676,7
excited,wild,14.833984375,0.010701224207878113,7
excited,wise,-10.33676528930664,-0.2874455451965332,7
exhibits,papers,-7.92919921875,0.24645793437957764,7
exhibits,sales,2.587890625,0.5438809394836426,7
experienced,old,-5.6953125,-0.46261048316955566,7
experienced,wise,-4.4990234375,-0.030769959092140198,7
expression,feeling,-3.0859375,-0.13585524260997772,7
expression,spirit,2.521484375,0.345375120639801,7
extravagant,wasteful,1.5869140625,0.925212562084198,7
fear,fury,2.9130859375,0.23685665428638458,7
fear,indignation,5.55126953125,0.10311318188905716,7
fear,pain,-5.720703125,0.8870901465415955,7
feathered,furry,6.8720245361328125,-0.03688919544219971,7
feeling,life,-1.8515625,0.5279644727706909,7
fertile,populous,-1.543212890625,0.38424229621887207,7
final,forth,-1.759765625,-0.1965412050485611,7
final,fourth,-5.24822998046875,0.6202728748321533,7
flag,streamer,-0.43701171875,0.42904049158096313,7
flat,large,3.84326171875,-0.9124124646186829,7
flat,sandy,6.906684875488281,-0.45510488748550415,7
flesh,flesh,-1.4921875,-0.08637498319149017,7
fluorescence,ionization,0.8958358764648438,-0.11964528262615204,7
folktales,legends,-1.2049713134765625,0.4999610185623169,7
forever,forever,4.07666015625,-0.31003332138061523,7
forever,once,-1.158203125,0.1308533400297165,7
formality,legality,6.71875,-0.43279343843460083,7
fourth,only,10.880859375,-0.9638453125953674,7
fructose,glucose,-0.5886077880859375,-0.02536863088607788,7
fuller,fuller,-5.11328125,0.0357789546251297,7
fuller,higher,1.09088134765625,-0.4293743371963501,7
furry,soft,-2.67913818359375,0.31006795167922974,7
fury,pain,-3.724609375,0.11719535291194916,7
fury,sound,-6.833984375,0.11841726303100586,7
garrulous,italian,5.715487003326416,-0.09934468567371368,7
generous,large,-2.421217441558838,-0.0235673189163208,7
generous,sportsmanlike,2.1796875,-0.04356996715068817,7
generous,virtuous,7.810371398925781,-0.5417118668556213,7
gin,sex,-0.56158447265625,0.5982048511505127,7
glad,lightsome,-6.90771484375,-0.3808819651603699,7
globalisation,imperialism,-0.54296875,-0.10885421931743622,7
globalisation,industrialisation,7.323112487792969,-0.23392455279827118,7
gradually,irregularly,-11.585128784179688,0.3136139512062073,7
grammar,words,0.9143238067626953,-0.14649026095867157,7
grass,hay,-0.102783203125,-0.3436894416809082,7
grasses,herbs,5.0615234375,0.6794851422309875,7
grasses,sedges,-0.7944793701171875,0.559596598148346,7
grit,spirit,-0.278961181640625,-0.4059215784072876,7
growling,growling,1.6708984375,-0.02554483711719513,7
growling,grunting,4.955125331878662,0.23941881954669952,7
growling,snarling,-4.0345458984375,-0.4830304980278015,7
growly,raspy,-1.822265625,0.6603770852088928,7
grunting,straining,0.5712890625,-0.7245532870292664,7
grunts,shouts,-7.92529296875,-0.6019594073295593,7
grunts,sighs,-4.1490478515625,-0.738208532333374,7
guitar,keyboards,-2.92578125,0.216111421585083,7
habit,instinct,5.036090850830078,0.09007681906223297,7
hacking,stealing,-3.4923095703125,0.19861716032028198,7
hardship,pain,-4.219141006469727,0.5636939406394958,7
harshly,unjustly,-2.42626953125,-0.3266509175300598,7
haughty,imperious,0.140625,0.17949539422988892,7
haughty,pompous,2.931640625,0.0037233680486679077,7
healthcare,hospitals,2.21875,-0.4287617802619934,7
hear,obey,1.1707763671875,-0.13146226108074188,7
hear,talk,-15.003052711486816,0.09554837644100189,7
helpless,ignorant,1.4452323913574219,-0.11244238913059235,7
herbs,perfumes,-4.271484375,0.49192339181900024,7
higher,higher,-1.681640625,0.35957610607147217,7
higher,hotter,-2.671875,-0.2333885282278061,7
hoed,hoed,-2.96875,-0.7597154974937439,7
hospitals,hostels,-4.7714080810546875,-0.3653736114501953,7
hotter,hotter,-4.504638671875,-0.8335636258125305,7
hovels,palaces,-5.0869140625,0.6306291222572327,7
huge,influential,-1.587839126586914,-0.22222988307476044,7
huge,unexpected,3.978515625,-0.20208431780338287,7
humor,spirit,-0.546875,-0.25073450803756714,7
humor,words,-0.45947265625,0.1801901012659073,7
hurrahs,shouts,-2.55859375,-0.020418241620063782,7
hurried,unconnected,-0.7633819580078125,-0.30870258808135986,7
idle,ignorant,8.421875,-0.02838324010372162,7
ignorant,laughable,-2.958984375,0.2973196506500244,7
ignorant,wild,0.268798828125,-0.2911466360092163,7
inclusive,pragmatic,-1.4015350341796875,-0.2814093828201294,7
indirect,vague,3.9052734375,0.1994437873363495,7
individual,mine,-0.53515625,0.1824781894683838,7
influential,large,-0.2524986267089844,0.39361849427223206,7
insinuating,soft,-7.702392578125,0.012231767177581787,7
instruments,themes,2.041015625,-0.3829299211502075,7
interest,life,8.953125,-0.18694756925106049,7
iranian,islamic,0.69921875,0.2964172661304474,7
iranian,persian,5.7725830078125,0.6783108115196228,7
islamic,nationalist,0.6748046875,0.4602888822555542,7
jounces,jounces,2.088958740234375,-0.13690976798534393,7
kicking,rearing,4.8653564453125,0.05706687271595001,7
kicking,scrambling,4.7978515625,0.22257573902606964,7
kill,torture,-2.563720703125,0.8590369820594788,7
knotty,large,0.877685546875,-0.12564431130886078,7
kurdish,turkish,-0.06624817848205566,0.21291066706180573,7
lady,monkey,-7.600744247436523,-0.6227976083755493,7
language,region,0.357421875,1.0098752975463867,7
language,words,0.94091796875,0.4502822160720825,7
large,larger,5.015625,-0.48424726724624634,7
large,quiet,0.205078125,-0.4714183211326599,7
large,ripe,-1.4667870998382568,-0.07501359283924103,7
large,scenic,-2.150146484375,-0.9900729060173035,7
large,selected,1.7912023067474365,0.24786968529224396,7
large,staring,-6.895376205444336,-0.2982412576675415,7
large,variegated,-5.3828125,-0.350341796875,7
large,wavy,-12.798828125,-0.1381082683801651,7
large,woolly,1.7436332702636719,-0.9467198252677917,7
larger,larger,-8.497659683227539,-0.18267177045345306,7
laughable,pathetic,-3.515625,0.13684581220149994,7
leadership,ownership,2.298828125,0.23588211834430695,7
leadership,tactical,-0.38671875,0.4417276978492737,7
lean,tall,-5.380859375,0.3210551142692566,7
leisure,means,-7.20263671875,0.11151334643363953,7
liberty,life,3.847991943359375,0.253373384475708,7
life,light,2.101963520050049,0.7682333588600159,7
life,nature,-9.0986328125,-0.2568514943122864,7
life,quickness,-5.73828125,0.16791675984859467,7
life,spirit,1.4150390625,0.6549954414367676,7
life,substance,4.4561767578125,-0.3945487141609192,7
light,queer,6.939083099365234,0.22574205696582794,7
light,room,9.507568359375,0.428361177444458,7
light,sound,-2.35888671875,0.005926147103309631,7
light,sunshine,-7.8759765625,0.8164591193199158,7
light,varying,4.016357421875,-0.5602118372917175,7
light,woolly,0.7296142578125,0.9542780518531799,7
lists,maps,2.34293270111084,-0.21658356487751007,7
lithium,risperidone,-1.3043506145477295,0.4362527132034302,7
lordly,tall,-17.15848159790039,-0.5652598738670349,7
maintaining,writing,-4.42181396484375,0.049429669976234436,7
maps,papers,-0.23828125,0.325752317905426,7
marshland,meadow,6.526712894439697,-0.12909965217113495,7
masterless,wretched,-7.546303749084473,-0.9089366793632507,7
masters,monks,-5.038356781005859,-0.0318923145532608,7
medicinal,vegetable,3.29931640625,0.3207230865955353,7
members,stewards,-7.36279296875,0.12204352021217346,7
menopausal,old,1.6828250885009766,0.33975479006767273,7
metaphorically,poetically,-7.333759307861328,0.03120143711566925,7
mine,mine,-4.9783935546875,-0.1790481060743332,7
mine,thine,-1.236175537109375,0.06535188853740692,7
moaning,sleepless,0.10589599609375,-0.3585340976715088,7
morally,spiritually,4.146705627441406,-0.38137584924697876,7
moroccan,turkish,2.5908050537109375,0.14880748093128204,7
mortification,pain,8.282581329345703,0.4496932029724121,7
mortification,regret,1.9666416645050049,0.4499269127845764,7
muddy,sandy,-5.072265625,0.5351849794387817,7
muddy,soft,-5.4892578125,0.35352468490600586,7
murderers,thieves,2.3623046875,0.45510542392730713,7
musicians,singers,2.55078125,0.36662957072257996,7
mutinous,sulky,3.642578125,-0.3379596471786499,7
mutual,spatial,4.474853515625,0.277593195438385,7
nails,twine,-2.110858917236328,-0.05193397402763367,7
niggardly,stingy,0.8129749298095703,-0.8125303387641907,7
oceans,rivers,-4.040306091308594,0.5518074631690979,7
offerings,sacrifice,4.481727600097656,-0.32582199573516846,7
often,often,0.203125,-0.12599872052669525,7
old,seasoned,-3.49609375,-1.0137466192245483,7
old,senile,0.923583984375,0.3449324369430542,7
old,unsure,6.9638671875,-0.3414956331253052,7
old,wise,-10.384765625,0.40120837092399597,7
old,worn,4.0546875,-0.20427612960338593,7
once,once,3.88055419921875,0.2764973044395447,7
orchestra,singers,1.3299560546875,-0.015590950846672058,7
organs,skin,-2.9765625,0.5378403663635254,7
packed,strapped,-5.728759765625,-0.1761852651834488,7
paddled,rowed,-0.14349365234375,-0.729329526424408,7
pain,regret,3.0565185546875,-0.06800363957881927,7
pain,torture,3.3685121536254883,-0.06960216164588928,7
pain,weight,4.369140625,1.0934513807296753,7
paintings,sculptures,1.3902587890625,-0.5301915407180786,7
pastures,rivers,17.110733032226562,0.3587830364704132,7
pathological,physiological,11.6591796875,0.21748127043247223,7
peritoneal,subdural,5.627685546875,-0.2023916095495224,7
persian,purple,1.7919921875,0.44910019636154175,7
persian,turkish,15.390625,-0.3816140294075012,7
pierced,punctured,5.1343841552734375,-0.5533133149147034,7
pilgrims,traders,-8.229384422302246,0.19626618921756744,7
pinioned,shackled,3.587890625,0.05520327389240265,7
pirut,pup,7.0991363525390625,-0.1262182742357254,7
pitted,scarred,-7.9887847900390625,-0.33010751008987427,7
places,rivers,3.848029136657715,0.03625620901584625,7
planters,traders,-1.6416015625,-0.4757341742515564,7
playing,playing,-4.75634765625,-0.7420570850372314,7
plucky,quiet,16.937288284301758,0.0012613385915756226,7
plump,tall,-2.8115234375,0.15679329633712769,7
polluting,toxic,-8.860382080078125,0.2162407785654068,7
practice,practice,-0.416015625,-0.3027156591415405,7
practice,prescription,-4.310546875,0.23379115760326385,7
progress,stability,8.0799560546875,0.2972894608974457,7
progress,weight,3.349609375,0.12973366677761078,7
purse,sword,4.37548828125,-0.9570016264915466,7
quiet,reputable,9.4052734375,0.06638602912425995,7
quiet,reserved,5.95849609375,-0.9789658188819885,7
quiet,restful,2.906982421875,-0.7530971765518188,7
quiet,soft,-0.38525390625,0.25272321701049805,7
quiet,wild,0.939453125,-0.17471973598003387,7
quietly,subtly,0.8341827392578125,-0.9399047493934631,7
rifle,shotgun,2.620697021484375,-0.5141310095787048,7
riflebirds,sicklebills,6.49609375,0.051771774888038635,7
sail,sail,-4.6256103515625,-0.3087652921676636,7
sang,sang,-6.254646301269531,-1.3109114170074463,7
scarred,worn,4.52197265625,-0.08663038909435272,7
serious,unexpected,-5.734375,-0.3440578579902649,7
serious,wise,-3.74072265625,-0.5182533860206604,7
shouts,sound,-0.42431640625,0.08146661520004272,7
shouts,trills,-15.4443359375,0.20986299216747284,7
sights,sights,8.017578125,0.5315231084823608,7
signification,signs,1.0439453125,0.6641462445259094,7
signs,words,3.4962158203125,0.21258239448070526,7
simplified,simplistic,-2.0067138671875,-0.0017148107290267944,7
skinny,tall,4.375091552734375,-1.2745705842971802,7
smell,sound,0.587890625,0.4870581030845642,7
smell,vision,3.12841796875,1.093947410583496,7
smile,smile,-1.8570556640625,0.5499064326286316,7
smile,talk,-0.302734375,-0.12987841665744781,7
snarling,spitting,-7.36572265625,-1.0128319263458252,7
snarling,underhanded,-3.028839111328125,-1.0529513359069824,7
soft,tall,-0.298828125,-0.7430152893066406,7
soft,wavy,-1.84716796875,-0.2181396633386612,7
soft,woolly,0.5037132501602173,-0.4549504518508911,7
soiled,thumbed,-2.9917821884155273,-1.2243661880493164,7
solidarity,subsidiarity,0.57763671875,0.43860703706741333,7
sound,visibility,-7.92138671875,0.09235334396362305,7
sparkled,widened,3.1650390625,-0.9108942151069641,7
specially,symbolically,-5.382568359375,-0.2621496915817261,7
splashed,tugged,-6.785797119140625,-0.40169185400009155,7
staring,wild,11.58984375,-0.1820579618215561,7
storm,sunshine,-0.50042724609375,0.6993139386177063,7
strawberry,strawberry,0.26513671875,-0.17802773416042328,7
syrup,tar,-0.5859375,0.7725135684013367,7
talk,talk,-5.63916015625,0.31068599224090576,7
tall,weight,1.3330078125,0.4253774881362915,7
tugged,tugged,-1.693359375,-0.81937575340271,7
uneasy,wretched,2.08990478515625,-0.6858776807785034,7
unexpected,unwelcome,2.0009765625,-0.2722177505493164,7
unloaded,unsaddled,-4.40625,0.042178526520729065,7
vague,woolly,-3.3165283203125,-0.13368691504001617,7
verses,words,-1.3141326904296875,0.11841877549886703,7
wavier,wavier,0.013671875,-0.5946606993675232,7
wild,woolly,1.7666015625,0.39593249559402466,7
wild,wooly,-0.51953125,-0.04577343165874481,7
xxx,xxx,-0.814208984375,-0.7885448336601257,7
ability,determination,4.564453125,-0.04651442542672157,8
abort,miscarry,7.126953125,0.10002779960632324,8
aboyne,called,-1.33710777759552,-0.35709577798843384,8
absolutely,wholeheartedly,-6.3168792724609375,-0.8456966876983643,8
acid,alkali,1.6728496551513672,-0.290515661239624,8
actress,comedian,-8.44140625,0.05632674694061279,8
acute,earnest,1.8522415161132812,-0.5238845348358154,8
administrative,business,-1.4732818603515625,-0.15913954377174377,8
administrative,territorial,-5.73358154296875,0.6046894788742065,8
aged,feeble,-3.1483230590820312,-0.09075231850147247,8
aged,hungry,-15.0107421875,-0.4887195825576782,8
aged,infirm,6.87109375,-0.4258309006690979,8
aid,grant,1.3894577026367188,-0.016869738698005676,8
alertness,power,0.0,-0.10059583187103271,8
alive,beautiful,-3.78657865524292,0.28126072883605957,8
alive,brilliant,3.14599609375,-0.029632113873958588,8
alive,sharp,7.18359375,-0.21044693887233734,8
alive,unharmed,-5.435050964355469,0.1999027132987976,8
alive,whole,1.3963851928710938,0.18065759539604187,8
amantadine,rimantadine,-4.6111602783203125,0.1849643588066101,8
anarchic,unpredictable,0.3841552734375,0.7148905992507935,8
anarchist,communist,-8.3006591796875,-0.6313064098358154,8
angels,demons,6.322265625,-0.40543103218078613,8
apologies,lies,0.0,-0.21691852807998657,8
apologies,surprise,7.86328125,0.21600177884101868,8
apologies,thanks,2.84375,-0.3208023011684418,8
appeal,fortrial,4.48095703125,0.03621134161949158,8
appearance,function,-0.57427978515625,-0.21096518635749817,8
appearance,functionality,3.349853515625,0.2581445276737213,8
appearance,rigging,-5.489350318908691,-0.36466825008392334,8
applauded,laughed,-2.688720703125,0.48120975494384766,8
aristocrats,conservatives,0.810546875,-0.13745063543319702,8
art,business,-8.96533203125,-0.25686824321746826,8
art,culture,0.0,-0.2068033516407013,8
art,femininity,10.2861328125,-0.1441124528646469,8
art,poems,3.1607666015625,-0.04204036295413971,8
art,power,-5.857790470123291,-0.8064565062522888,8
ascendancy,power,-0.24752461910247803,0.11737267673015594,8
aspects,epithets,3.243896484375,-0.12069160491228104,8
astronomy,math,-13.0039701461792,-0.21459431946277618,8
autopsy,identification,-3.63671875,-0.07039330899715424,8
babies,boys,7.5537109375,0.3459957242012024,8
backpackers,climbers,-0.3269500732421875,-0.2206864356994629,8
ballrooms,hotels,-4.090705871582031,-0.47993987798690796,8
banksias,woodland,-0.4539794921875,-0.16376113891601562,8
barges,boats,-2.21484375,-0.14462316036224365,8
bearded,brown,7.0966796875,-0.033010438084602356,8
beautiful,brilliant,-0.02663421630859375,-0.07030370831489563,8
beautiful,busy,4.9691162109375,-0.6900513172149658,8
beautiful,carefree,-0.22597503662109375,-0.4298025071620941,8
beautiful,foolish,3.12322998046875,-0.013743072748184204,8
beautiful,great,4.090911865234375,-1.0592241287231445,8
beautiful,historic,-2.83837890625,-0.629855751991272,8
beautiful,kind,-2.7158203125,-0.4234471619129181,8
beautiful,neat,-8.996337890625,-0.1336544007062912,8
beautiful,rational,1.466094970703125,-0.0036083608865737915,8
beautiful,serene,-3.228515625,-0.04633726179599762,8
beautiful,shining,4.38671875,-0.21336565911769867,8
beautiful,smart,-6.671875,-0.5272855758666992,8
beautiful,young,5.193359375,-0.33910927176475525,8
beauty,happiness,-3.7861328125,0.06051431596279144,8
beauty,health,-5.09375,-0.4421156644821167,8
beauty,joy,-9.935653686523438,0.43698668479919434,8
beauty,placability,3.9521484375,-0.21061286330223083,8
beauty,rest,-6.23046875,-0.7382664084434509,8
beauty,ugliness,-12.189453125,-0.32979699969291687,8
beg,beg,2.5693359375,-1.3476625680923462,8
beg,cry,-1.9091873168945312,-0.39968377351760864,8
behaves,interacts,-1.203125,0.26572737097740173,8
beliefs,rules,-6.632568359375,-0.5824317932128906,8
belonging,unity,-3.9267578125,0.3917742371559143,8
belt,car,-7.3038330078125,-0.22379983961582184,8
bile,lies,0.5888671875,-0.039187490940093994,8
biscuits,nuts,-5.081684112548828,0.40853726863861084,8
biscuits,shortcake,-7.3310546875,0.05672413110733032,8
blast,damn,-0.1187744140625,0.1915019154548645,8
bleaker,bleaker,5.23046875,-0.11989426612854004,8
blew,blew,-3.1132659912109375,0.027260929346084595,8
blinked,gasped,0.19140625,-0.43028759956359863,8
boats,sails,-3.1002941131591797,0.11659689247608185,8
boats,shipping,-6.0517578125,-0.020553581416606903,8
bodies,minds,-4.78045654296875,-0.11068814992904663,8
body,head,-2.2097206115722656,0.29999876022338867,8
body,limbs,-6.255012512207031,0.5300854444503784,8
body,soul,-3.88671875,-0.20556636154651642,8
boiled,bubbled,3.32080078125,-0.0840480849146843,8
boiled,pounded,-0.591796875,-0.08984441310167313,8
boiling,evaporation,-11.689453125,0.16818195581436157,8
boldness,unconcern,-13.8603515625,0.2636748254299164,8
bookplates,trademarks,-2.1042633056640625,0.04772505164146423,8
boredom,disgust,-5.538238525390625,0.007391840219497681,8
bounces,imitates,-0.29596710205078125,-0.1101091206073761,8
bowls,cups,-10.953125,0.3122408986091614,8
boys,boys,-4.22515869140625,-0.39195409417152405,8
boys,cooks,10.094482421875,0.13350407779216766,8
boys,mother,-0.3914642333984375,-0.11855749040842056,8
boys,quarry,4.03662109375,0.3353816866874695,8
brick,glass,-3.618255615234375,0.040057674050331116,8
brilliant,brown,0.3600006103515625,-0.3084237575531006,8
brilliant,striking,-4.759765625,-0.6322462558746338,8
broken,empty,0.380767822265625,0.35057979822158813,8
broken,gnarled,-3.423095703125,0.13757628202438354,8
broken,sharp,6.12744140625,-0.00259515643119812,8
bronze,brown,3.1313018798828125,-0.12907516956329346,8
brown,dry,-3.10986328125,0.25081801414489746,8
brown,juicy,0.890289306640625,-0.11488699167966843,8
brown,kind,2.998046875,0.23160943388938904,8
brown,russet,-3.1435546875,0.010315820574760437,8
brown,shining,-5.742950439453125,0.18605804443359375,8
bruising,scars,4.9226226806640625,0.28848448395729065,8
brushing,rustling,-3.242431640625,0.032314546406269073,8
brushing,washing,2.545135498046875,0.1842004656791687,8
bubbles,dimple,-3.664306640625,-0.2328290343284607,8
bubbles,oil,-7.0546875,-0.2432253658771515,8
bulkiest,heaviest,0.7021484375,0.4350840449333191,8
bullwinkle,julia,-4.2890625,-0.15494811534881592,8
business,fun,-0.20703125,0.09044782817363739,8
bustle,stir,-8.8935546875,0.008300259709358215,8
caesium,thallium,6.6729736328125,0.36587655544281006,8
called,called,-2.969757080078125,-0.6590499877929688,8
called,stopped,4.579401016235352,-0.6645841002464294,8
callers,visitors,-2.421875,-0.35200178623199463,8
calling,calling,-9.339397430419922,-0.2881971597671509,8
calling,laughing,8.2978515625,0.8716444969177246,8
candles,pizza,7.7333984375,-0.42050960659980774,8
candles,ropes,3.8134918212890625,-0.04874221980571747,8
cannibals,drunkards,4.091796875,-0.09139803051948547,8
car,mother,3.8180556297302246,0.13649341464042664,8
car,pitcher,2.674954414367676,0.18782201409339905,8
car,watches,-1.4228363037109375,-0.6727170944213867,8
carol,song,-0.560546875,-0.14580784738063812,8
cartridges,cassettes,-0.015625,-0.39635318517684937,8
cells,organisms,5.57421875,0.04975001513957977,8
ceramics,glass,9.0574951171875,0.17510102689266205,8
ceramics,metals,-0.92437744140625,0.15141193568706512,8
changeable,unpredictable,-2.954385280609131,0.20371568202972412,8
charismatic,pentecostal,-1.869140625,0.355750173330307,8
chat,rest,7.374755859375,0.2782464027404785,8
chatting,greeting,-8.35943603515625,0.10782593488693237,8
chatting,laughing,2.7952136993408203,0.2200545072555542,8
cheaper,divided,2.2935791015625,-0.12131020426750183,8
cheep,stir,-2.5322265625,0.08856624364852905,8
cheer,cheer,-5.053363800048828,0.18024465441703796,8
cheer,happiness,-1.0078125,0.39308297634124756,8
cheer,shorten,5.123065948486328,0.016868948936462402,8
cheery,helpful,0.5870513916015625,0.08414393663406372,8
cheery,soul,4.8359375,0.22543108463287354,8
chicken,mushroom,-5.619140625,0.35479655861854553,8
chicken,potatoes,-1.982421875,0.03456103801727295,8
chicken,waffles,-0.435455322265625,0.07012684643268585,8
chink,daub,2.115234375,0.06452347338199615,8
chocolates,sweets,-3.81689453125,-0.14379769563674927,8
choky,little,1.0157012939453125,0.11160214245319366,8
clicking,rustling,8.125,-0.02827618271112442,8
clicking,scraping,-1.8540321588516235,-0.04378022998571396,8
coally,tom,3.72344970703125,-0.4096205234527588,8
commandant,syndic,3.53759765625,-0.22611671686172485,8
commandments,laws,2.994384765625,-0.9409793615341187,8
common,european,-12.259765625,0.27918487787246704,8
common,indubitable,1.63232421875,-0.03839694708585739,8
common,silly,-4.19921875,-0.6192367672920227,8
concluding,third,-9.9765625,-0.4049955904483795,8
condescension,patronizing,4.8686370849609375,0.49850767850875854,8
consideration,honour,2.3984375,0.22005051374435425,8
console,pity,3.6328125,0.5022177696228027,8
consternation,surprise,-0.4829082489013672,0.05041246861219406,8
contact,separate,1.46234130859375,-0.5129204988479614,8
convex,discrete,1.578125,0.4724940061569214,8
courses,programs,0.04150390625,0.1889270544052124,8
crayfish,spiders,-11.64599609375,-0.304745078086853,8
crazy,feeble,9.376953125,0.45492875576019287,8
crazy,fun,0.77392578125,-0.33906468749046326,8
crazy,funny,7.76220703125,0.20853546261787415,8
crazy,kinky,0.3310546875,0.1792544424533844,8
crazy,silly,-1.9609375,-0.8326063752174377,8
crippled,thief,2.4548492431640625,-0.13612572848796844,8
crossdisciplinarity,multidisciplinarity,-8.216796875,0.10852546989917755,8
cry,cry,-2.98046875,0.33846431970596313,8
cry,fret,-5.5936279296875,-0.10033509135246277,8
cry,mourn,9.5030517578125,0.06553690135478973,8
cry,pout,-14.3603515625,0.2882484197616577,8
culture,health,-2.2214202880859375,-0.39672601222991943,8
culture,laws,2.49169921875,0.11975473165512085,8
culture,liberality,-7.827880859375,0.3589097857475281,8
cups,pitcher,-1.7264404296875,0.08966308832168579,8
cups,saucers,2.453125,-0.07722914963960648,8
cursing,raving,8.96759033203125,-0.2269906997680664,8
cursing,yelling,-4.18817138671875,-0.2863912880420685,8
daisies,heather,-1.438720703125,-0.23177582025527954,8
dances,torches,-1.1127723455429077,0.2184390127658844,8
days,days,0.681640625,0.11914923787117004,8
dearer,nearer,10.349932670593262,0.40272217988967896,8
deeper,deeper,-5.591651916503906,0.43939656019210815,8
delicious,juicy,-2.69952392578125,0.3626946210861206,8
delicious,supple,0.39013671875,0.2359689474105835,8
demons,dragons,-7.716796875,-0.9547302722930908,8
depressions,sinkholes,2.33447265625,-0.1736890971660614,8
deserted,empty,1.6796875,-0.7452791333198547,8
deserters,refugees,5.53125,-0.2177400439977646,8
detergent,oil,0.0,-0.42147454619407654,8
determination,resolution,4.77000093460083,0.09293802082538605,8
determined,young,4.9466552734375,-0.45433586835861206,8
dg,mother,-0.50537109375,-0.06057699769735336,8
dipped,dipped,3.388383388519287,-1.1574143171310425,8
disappeared,failed,-6.912109375,-0.50304114818573,8
disappeared,passed,2.773895263671875,-0.389532208442688,8
discouragement,toil,-10.85546875,-0.0842718631029129,8
discovery,exploration,-5.49365234375,-0.3232770264148712,8
discretion,tact,4.5484619140625,-0.335512638092041,8
disgust,surprise,1.6348648071289062,-0.3131594657897949,8
distinctions,honours,0.10606002807617188,0.1972571611404419,8
distraught,moody,-2.8389892578125,-0.27781012654304504,8
disturbed,perturbed,-0.890625,0.1895187497138977,8
divorced,married,10.271484375,-0.13240286707878113,8
doctor,patient,-0.8773355484008789,-0.1924302875995636,8
double,triple,8.9453125,-1.1443183422088623,8
drank,drank,-4.99786376953125,0.24497634172439575,8
drawings,engravings,8.255859375,-0.11334095150232315,8
dreamed,heard,0.138671875,-0.5772361159324646,8
dried,uncovered,0.19220733642578125,0.4307154417037964,8
dripping,torn,-2.255859375,-0.197734534740448,8
drops,drops,7.4853515625,-0.11772647500038147,8
dry,rustling,4.42652702331543,0.012767300009727478,8
dry,shining,-4.894809722900391,0.18584418296813965,8
dye,tool,6.0889892578125,-0.3031946122646332,8
earlier,earlier,-1.1014175415039062,-0.18432772159576416,8
earlier,later,4.23193359375,-0.2007567137479782,8
earnest,sharp,5.368106842041016,0.11942541599273682,8
earnestly,fiercely,5.9226531982421875,0.14874835312366486,8
earnestly,vehemently,0.11114501953125,-0.09452435374259949,8
ears,head,8.313323974609375,0.3984203040599823,8
ears,noses,4.32476806640625,0.3836146891117096,8
eastbound,westbound,9.163639068603516,0.4593338966369629,8
easter,easter,-5.26953125,0.11738203465938568,8
electricity,magnetism,2.048952102661133,-0.19582857191562653,8
electricity,oil,-6.025390625,0.33100104331970215,8
electricity,power,4.03515625,-0.16961444914340973,8
emotional,rational,-7.8258056640625,0.30822789669036865,8
empty,forlorn,-0.9765625,0.17326675355434418,8
empty,hungry,4.587890625,0.05727621912956238,8
enjoyment,fun,4.13421630859375,0.12449634075164795,8
enjoyment,laughing,-4.359907627105713,0.1120554655790329,8
european,japanese,6.031913757324219,0.6601908206939697,8
european,negro,-1.4647216796875,0.1513969600200653,8
evaporation,transpiration,-4.04632568359375,-0.08815156668424606,8
exact,truthful,3.734375,-0.5014888048171997,8
exasperated,rasping,-0.9177725315093994,0.42523112893104553,8
exercise,exercise,-3.772674560546875,0.35251563787460327,8
exercise,fun,1.3737068176269531,0.2598074972629547,8
experimentor,mother,-5.38671875,0.1341550648212433,8
exploration,travel,-2.561279296875,0.11135309934616089,8
explosives,flamethrowers,1.8315277099609375,-0.15974454581737518,8
extracts,tales,-7.579132080078125,-0.0892801284790039,8
fabulous,unreal,-3.1258544921875,-0.2072046399116516,8
failed,failed,-6.467058181762695,-0.12209230661392212,8
faintly,spasmodically,-8.7568359375,0.17611762881278992,8
fairer,happier,2.8640308380126953,0.1791709065437317,8
fallen,sorrowful,-18.17626953125,0.05474230647087097,8
farther,farther,-7.4063720703125,0.01796799898147583,8
fathers,sons,-6.98199462890625,-0.46786612272262573,8
fats,oils,-3.4453125,0.022332020103931427,8
females,young,-9.657272338867188,-0.4687134325504303,8
fern,moss,0.8466796875,0.03752000629901886,8
ferns,moss,8.9697265625,0.1364731788635254,8
fluids,rest,-8.41162109375,-0.5656010508537292,8
focused,sharp,-8.2738037109375,0.3400192856788635,8
foggy,foul,5.64453125,-0.2883540689945221,8
foolish,headstrong,0.0,-0.35210829973220825,8
foolish,naughty,-0.552490234375,0.055408939719200134,8
foolish,rash,1.8328958749771118,-0.3874305188655853,8
foolish,silly,-10.2279052734375,-0.8620545268058777,8
foolish,young,-3.546875,-0.09336021542549133,8
forgiving,patient,3.2001953125,-0.2852262854576111,8
found,stopped,0.30078125,-0.4841110408306122,8
frankly,freely,7.2001800537109375,-0.046444132924079895,8
friendships,laughing,2.892578125,-0.3856871724128723,8
frills,frills,1.0986328125,-0.12474571168422699,8
fruitsome,great,-5.67138671875,0.14407263696193695,8
fun,funny,-4.913412094116211,-0.14313720166683197,8
fun,happiness,6.1658935546875,0.031135454773902893,8
fun,joy,-1.87109375,-0.17694546282291412,8
fun,laughing,1.921875,-0.36265456676483154,8
fun,loose,-9.22509765625,-0.4512578547000885,8
fun,mischief,5.712165355682373,0.06516629457473755,8
funny,laughing,-6.018524169921875,-0.4745939373970032,8
funny,rural,-0.5606842041015625,-0.2183542549610138,8
funny,smart,-5.674871444702148,0.1886780560016632,8
funny,spirited,-8.369140625,-0.36191684007644653,8
funny,weird,-1.32177734375,0.10056346654891968,8
gabble,nonsense,-1.1364649534225464,-0.8155044317245483,8
gallows,whip,-6.0314178466796875,0.2237149477005005,8
gaped,stared,3.72412109375,0.1269051879644394,8
gasped,laughed,1.8955078125,0.2542094588279724,8
gasped,sprayed,2.04296875,-0.6119298934936523,8
gasped,stared,4.537670612335205,0.44425129890441895,8
gasped,wheezed,-12.955078125,0.16005009412765503,8
gentlest,meekest,4.9091796875,-0.4578261375427246,8
glass,pour,1.5506460666656494,0.11831396818161011,8
glee,happiness,-4.67645263671875,-0.034469105303287506,8
glee,joy,-1.81298828125,0.26201149821281433,8
grandmere,mother,-3.947265625,-0.2585848569869995,8
grapes,ham,-6.455078125,0.018603742122650146,8
grassland,redwood,1.421875,0.4038136601448059,8
grassland,woodland,11.332382202148438,0.1504892259836197,8
greasiness,thickness,3.892578125,0.29156723618507385,8
great,kind,1.3978843688964844,-0.5273170471191406,8
great,little,-6.556640625,0.17885273694992065,8
great,mighty,-7.5380859375,-0.21511472761631012,8
great,mystical,-5.960601806640625,-0.6561942100524902,8
great,novel,4.64453125,-0.5390857458114624,8
great,shining,6.05517578125,-0.22016878426074982,8
great,ultimate,0.423828125,-0.7872911691665649,8
greener,greener,5.9453125,0.385291188955307,8
gripped,powerless,-6.986328125,0.09209610521793365,8
groups,individuals,1.5939035415649414,0.018038690090179443,8
grow,grow,-3.169921875,-0.9727540612220764,8
grow,implant,5.60546875,-0.22362111508846283,8
grow,spread,7.4191508293151855,-0.23681490123271942,8
growing,growing,-4.54986572265625,0.45368170738220215,8
growing,young,3.50201416015625,-0.5063273906707764,8
growth,jobs,0.044921875,0.48728567361831665,8
guilt,sin,-1.2162895202636719,0.2533738613128662,8
gullets,lies,5.4375,-0.6546300649642944,8
gumbo,jambalaya,-1.27685546875,0.20245230197906494,8
ham,mushroom,-0.8291778564453125,0.09294462203979492,8
happiness,health,-1.89453125,-0.17152023315429688,8
happiness,joy,1.619140625,0.2480875551700592,8
happiness,sadness,-1.0640177726745605,-0.60980224609375,8
hardy,vigorous,2.763671875,-0.11482992023229599,8
hardy,young,7.75030517578125,0.06096354126930237,8
harshness,unkindness,2.5146484375,0.5887818932533264,8
hasidic,mystical,0.0697336196899414,-0.010096155107021332,8
head,shoulders,-0.9501953125,0.014227807521820068,8
headstrong,rash,-1.7401657104492188,0.11024169623851776,8
headstrong,wilful,1.4541015625,0.025734111666679382,8
health,illness,2.576129913330078,-0.011011630296707153,8
heard,knew,1.7852783203125,-0.7024198770523071,8
heard,laughed,-4.652153015136719,-0.10209968686103821,8
heard,recognised,-1.6253662109375,-0.5150953531265259,8
heard,smiled,4.465171813964844,-0.15231159329414368,8
heavy,layered,5.859375,-0.618689239025116,8
heavy,pugnacious,-2.977783203125,0.055786341428756714,8
heavy,sharp,0.7822265625,-0.06293985992670059,8
heavy,unsteady,5.6005859375,0.3269265592098236,8
helpful,kind,-6.5947265625,-0.5373753309249878,8
heterogeneous,homogeneous,0.685546875,-0.07141714543104172,8
holly,ivy,3.173828125,0.22222712635993958,8
homogeneous,isotropic,-2.057506561279297,-0.15250083804130554,8
hoped,hoped,-1.53515625,0.01110219955444336,8
humble,serene,-5.09210205078125,-0.14559954404830933,8
humble,sorrowful,2.758880615234375,-0.055393122136592865,8
hundreds,hundreds,-4.482421875,-0.09247975051403046,8
hungry,needy,-4.36083984375,0.2474547028541565,8
hungry,young,-9.6219482421875,-0.46108245849609375,8
illness,surgery,-1.86932373046875,0.4718296527862549,8
illogical,rambling,3.16256046295166,0.12206260859966278,8
imagininary,self,-8.6064453125,0.30539751052856445,8
indigenous,territorial,8.703125,0.3466925621032715,8
individuals,institutions,3.55859375,0.9013454914093018,8
inexperience,shortcomings,0.08048665523529053,-0.22125086188316345,8
inexperienced,young,1.110931396484375,0.6248727440834045,8
influence,power,-2.375,-0.14473222196102142,8
ink,oil,0.0,-0.3567245602607727,8
inquiries,reminiscences,-4.0791015625,0.331337571144104,8
institutions,power,4.40185546875,0.2959631085395813,8
institutions,pupils,5.002197265625,0.05185425281524658,8
iodine,tyrosine,-2.4970703125,-0.21495118737220764,8
isolated,rural,-4.002871036529541,0.07298709452152252,8
ivy,moss,5.737480163574219,0.04641508311033249,8
jealous,selfish,-0.57861328125,-0.08180056512355804,8
jobs,roads,-3.640625,0.5873709917068481,8
joy,power,6.384765625,-0.3765210509300232,8
joy,rest,-7.5096435546875,0.15268062055110931,8
joy,sadness,-1.552734375,-0.13492125272750854,8
joy,song,-5.826404571533203,-0.26603150367736816,8
joy,surprise,6.99462890625,-0.21249271929264069,8
jumped,jumped,-6.865203857421875,-0.8015246391296387,8
justice,reward,5.5706787109375,-0.14467179775238037,8
kind,patient,-3.236323833465576,-0.839266300201416,8
kind,polite,-5.6695404052734375,-1.072026252746582,8
kind,righteous,0.900390625,-0.4315620958805084,8
kind,smart,-5.0902862548828125,-0.43122100830078125,8
kit,ropes,-8.124755859375,0.28321370482444763,8
knew,respected,-1.2160491943359375,-0.9424289464950562,8
knew,suspected,4.7039794921875,-0.4725576639175415,8
later,later,2.91015625,-0.33325743675231934,8
laughed,laughed,-3.896484375,0.2072126865386963,8
laughed,lay,-4.51171875,-0.08915525674819946,8
laughed,scrapped,9.634765625,0.25131112337112427,8
laughed,stopped,4.828125,0.14024309813976288,8
laughing,laughing,3.14453125,0.22816553711891174,8
laughing,lengthened,-8.787109375,0.03244658559560776,8
laughing,nonsense,2.6180877685546875,0.12606152892112732,8
laughing,pointing,4.936767578125,-0.08793017268180847,8
laughing,snorting,4.072059631347656,0.060765340924263,8
laughing,tickled,6.33282470703125,-0.10762151330709457,8
laughing,yelling,-2.9884033203125,0.07749670743942261,8
laws,rules,0.3101755380630493,0.056100472807884216,8
laws,theories,8.1138916015625,0.8352933526039124,8
leave,need,2.77593994140625,-0.10837319493293762,8
left,left,0.01611328125,-1.0695204734802246,8
legendary,mythical,-3.5107421875,-0.20931997895240784,8
lemon,oil,0.16162109375,-0.1699114292860031,8
lesser,lesser,4.724945068359375,-0.684811532497406,8
little,naughty,2.970703125,-0.6569905877113342,8
little,twiggy,4.066760540008545,-0.5637110471725464,8
little,young,-8.049530029296875,-1.2164225578308105,8
littler,littler,6.798828125,-0.10905790328979492,8
lizards,spiders,7.31562614440918,0.25358012318611145,8
lnfluence,power,7.7570343017578125,0.215666264295578,8
losses,reward,-4.4100470542907715,-0.30400413274765015,8
lots,lots,3.171253204345703,-0.7010263204574585,8
lunatic,silly,3.10888671875,-0.203426331281662,8
massages,yoga,1.8515625,-0.19238339364528656,8
mechanics,use,-3.61474609375,0.2676887810230255,8
mighty,unmistakable,-2.0888671875,0.13039954006671906,8
mime,nonverbals,1.814453125,0.3330322802066803,8
mime,pointing,2.6609153747558594,-0.3845849633216858,8
minutes,minutes,-0.662109375,-0.230604887008667,8
miserly,squalid,-3.5843305587768555,0.7056393623352051,8
moss,tussocks,-2.15283203125,-0.03371809422969818,8
mother,mother,0.48430633544921875,0.18214020133018494,8
mother,sons,-9.199363708496094,-0.11578655242919922,8
motorways,roads,3.1162109375,0.6863427758216858,8
mystical,prophetic,6.7890625,-0.45828789472579956,8
naive,young,1.2835693359375,-0.1422269642353058,8
naughty,wilful,-4.49702262878418,-0.03212715685367584,8
nearer,nearer,-1.7630987167358398,-0.023757755756378174,8
nearer,possible,1.66748046875,0.45261478424072266,8
neat,petite,5.287109375,-0.8645061254501343,8
neat,smart,-6.762848854064941,-0.25006240606307983,8
neat,tidy,2.133026123046875,-0.21433021128177643,8
notebook,pencil,-1.90283203125,-0.1131862998008728,8
novel,pleasing,-8.66845703125,-0.18984553217887878,8
novel,striking,-4.013774871826172,-0.30115965008735657,8
nuggets,nuggets,-2.237619400024414,-0.16913798451423645,8
oil,pitch,7.44921875,0.6543703079223633,8
ones,zeroes,2.110595703125,-0.08172857761383057,8
ones,zeros,-2.4900736808776855,-0.0644727349281311,8
orgies,perversions,-9.076416015625,0.11779084801673889,8
passing,passing,-3.072265625,0.133438378572464,8
patching,patching,3.54541015625,0.09637904167175293,8
pencil,slate,0.6692276000976562,0.36926624178886414,8
perceptive,rational,7.6903076171875,-0.026357501745224,8
peril,toil,6.135009765625,-0.0578470379114151,8
perplexed,worried,5.977739334106445,0.015424102544784546,8
personable,young,7.489501953125,-0.20651720464229584,8
pie,potatoes,-10.948684692382812,0.09378369152545929,8
plants,protista,-1.201171875,0.19025039672851562,8
plants,protists,-0.5757904052734375,-0.08179637789726257,8
plants,relatives,-4.1846923828125,0.44843578338623047,8
poems,sayings,13.367115020751953,-0.7448744773864746,8
poems,tales,6.63199520111084,-0.12160004675388336,8
potatoes,stew,-2.919886827468872,-0.3692927956581116,8
pour,stir,-6.9677734375,-0.01942119374871254,8
power,power,-17.00550079345703,-0.2783702611923218,8
preteens,teenagers,1.193359375,-0.059659674763679504,8
programs,protocols,3.0822067260742188,0.2472083866596222,8
protesting,rioting,2.7216796875,-0.01225396990776062,8
puking,shock,-8.163647651672363,-0.3019487261772156,8
purtier,purtier,-3.974609375,0.23073017597198486,8
quake,shake,0.93359375,-0.5324119329452515,8
quicksand,swamp,15.697265625,0.11529994010925293,8
rasping,scraping,-7.710319519042969,-0.049833133816719055,8
rational,smart,1.97265625,-0.09338051080703735,8
realistic,striking,5.623046875,0.15579429268836975,8
rebelling,rioting,11.920120239257812,0.019018344581127167,8
recover,rest,-1.6708984375,0.26065561175346375,8
refreshing,rest,-2.6558837890625,-0.07553514838218689,8
refreshing,unmistakable,9.972167015075684,0.36248674988746643,8
rehab,rest,-11.822036743164062,0.17608654499053955,8
rehydrate,rest,0.12637710571289062,0.16408216953277588,8
rein,whip,0.745361328125,0.304741233587265,8
replenish,rest,0.4286537170410156,-0.057747915387153625,8
restarted,stopped,4.749591827392578,-0.3183811902999878,8
rhyme,rune,7.822231292724609,0.21281129121780396,8
rigging,sails,-0.42529296875,-0.20604753494262695,8
rigging,spars,1.591796875,0.31396985054016113,8
rolling,wheeled,-5.2734375,-0.1396932601928711,8
rolling,yelling,-3.99609375,0.8730384111404419,8
ropes,sails,-2.4565396308898926,-0.22142210602760315,8
ropes,spars,-4.18756103515625,-0.0792427659034729,8
rows,rows,-1.1328125,0.111639603972435,8
rub,rub,-6.129403114318848,-0.44241464138031006,8
rustling,snuffling,-14.443359375,-0.05352303385734558,8
sadness,stillness,-0.888671875,0.2619610130786896,8
sandstorms,whirlwinds,-2.9846839904785156,-0.08367538452148438,8
saved,saved,-3.12890625,-0.8297401070594788,8
scold,scold,6.72265625,-0.00953945517539978,8
scratched,scratched,1.37939453125,0.37882813811302185,8
screw,struggle,-6.979717254638672,0.005853146314620972,8
seedy,stressful,-0.3268890380859375,0.04091421514749527,8
seesaw,swing,-2.814453125,-0.1977643072605133,8
selfish,wilful,-2.8789477348327637,0.5101826190948486,8
sharp,spirited,-5.624263763427734,0.018469177186489105,8
shipping,transport,2.2123870849609375,-0.25604552030563354,8
sin,wickedness,2.64013671875,-0.9162890315055847,8
smart,young,-4.021484375,-0.5613518953323364,8
smiled,smiled,2.322265625,0.3874795436859131,8
smiled,stared,-2.3603515625,-0.5733674168586731,8
sorrowful,stolen,-6.578125,0.11587986350059509,8
spies,traitors,-0.3085136413574219,-0.4656485915184021,8
sporadic,weird,0.4638671875,-0.354836106300354,8
spread,spread,4.115234375,-1.1588480472564697,8
stalwart,vigorous,0.4111328125,0.04232282191514969,8
stared,stared,4.7025146484375,0.287095308303833,8
stared,stopped,-0.423828125,-0.3799504339694977,8
stopped,wheeled,-1.4938430786132812,-0.7378940582275391,8
stunning,young,4.1591796875,-0.11260190606117249,8
sucking,sucking,-4.482421875,-0.2417752891778946,8
superficial,superficial,-0.138671875,0.08198371529579163,8
swing,swing,4.88916015625,-0.3013654947280884,8
third,third,5.255859375,-0.4997851848602295,8
thus,thus,-7.7274169921875,0.2042178213596344,8
tolerance,unity,-1.072265625,0.5130361318588257,8
tourists,vagrants,2.96484375,0.40465009212493896,8
tourists,visitors,0.28515625,-0.6645559668540955,8
untrained,unwarlike,4.316505432128906,0.4703638553619385,8
untrained,young,6.228515625,0.20981672406196594,8
untried,young,4.2744140625,-0.24418357014656067,8
use,washing,-0.177734375,-0.00014594197273254395,8
use,yardage,-1.95654296875,0.17679542303085327,8
vigorous,young,0.11770248413085938,-0.12102106213569641,8
viral,young,0.3388671875,0.09814515709877014,8
watches,websites,-4.609375,-0.18054093420505524,8
waving,yelling,5.455078125,0.09383966028690338,8
wondered,wondered,1.474609375,-0.3574691712856293,8
wuss,wuss,-3.861083984375,0.024783164262771606,8
aboriginal,natural,11.38525390625,-0.00047011859714984894,9
absolute,real,2.716489791870117,-0.5396613478660583,9
absolute,rich,-1.5234375,-0.05483417212963104,9
acquired,natural,4.068359375,0.22934575378894806,9
actual,real,1.2815093994140625,-1.5168966054916382,9
admirable,exciting,-4.267578125,0.5594114065170288,9
admirable,fine,1.296875,-0.25509217381477356,9
admiration,respect,1.5390625,-0.12482823431491852,9
admiration,wonder,-3.6666259765625,0.02515503577888012,9
adventurers,explorers,4.189369201660156,-0.7146073579788208,9
affirmative,negative,-10.35302734375,-0.7278610467910767,9
affrighted,fled,0.4669189453125,0.2901248037815094,9
affrighted,trembling,0.08984375,-0.5035259127616882,9
ages,ages,-6.928462505340576,0.14275619387626648,9
aggression,appeasement,1.5721116065979004,0.10036708414554596,9
aggression,kindness,-0.208984375,0.2034197747707367,9
aging,frail,-6.3260498046875,0.589716911315918,9
ambulances,generators,1.94921875,0.09863372147083282,9
amusing,exciting,-8.1990966796875,-0.6430236101150513,9
ancient,due,0.830078125,-0.21492122113704681,9
ancient,rich,-3.270374298095703,-0.1265564113855362,9
antibacterial,antiviral,-1.3153481483459473,-0.45089152455329895,9
arabesques,sprigs,-0.96759033203125,0.3257143199443817,9
armenian,jewish,5.2236328125,0.009218258783221245,9
arms,breasts,-0.053070068359375,0.011777801439166069,9
arthritis,psoriasis,-0.6892249584197998,-0.014736371114850044,9
artifacts,attributes,0.52734375,0.000858331099152565,9
asian,asian,-2.9244813919067383,0.22017298638820648,9
asian,portuguese,0.53125,-0.4960837662220001,9
asian,shit,-10.236806869506836,-0.17923620343208313,9
aunt,grandmamma,8.237060546875,0.05768159031867981,9
axe,knife,-5.650390625,0.42464134097099304,9
babbling,noises,-4.412109375,0.4720878303050995,9
bacteria,parasites,-4.067626953125,0.038366541266441345,9
baked,crumbling,-3.298828125,-0.13403549790382385,9
balloons,kites,2.2905616760253906,0.17565858364105225,9
bananas,plantains,-3.1171875,-0.3768121898174286,9
banding,convection,-1.0908203125,0.5739825963973999,9
bats,slings,-3.863800048828125,0.23278962075710297,9
bayou,forest,-4.04296875,-0.29245778918266296,9
beams,boards,4.76422119140625,0.09592987596988678,9
beef,gravy,-1.3437957763671875,-0.5541843771934509,9
befurbelowed,beruffled,-2.283203125,-0.1388261616230011,9
behaviour,effort,0.49951171875,-0.4871208369731903,9
behold,despair,9.3846435546875,0.08322738111019135,9
beneficial,safe,-4.048828125,-0.5230355262756348,9
berries,drupes,-5.068359375,0.34349074959754944,9
berries,fruits,-4.5703125,0.15521317720413208,9
berries,leaves,3.904296875,0.23132233321666718,9
berries,orange,-3.078125,-0.07937946915626526,9
berries,seeds,0.775390625,0.08116598427295685,9
beryls,turquoises,7.8544921875,0.09609801322221756,9
bitten,transformed,0.70849609375,-0.2796936631202698,9
bizarre,genuine,-8.649124145507812,-0.30369260907173157,9
blight,sickness,-3.911865234375,-0.3742724061012268,9
blotches,pimples,-4.3154296875,0.31522780656814575,9
blundering,sinning,1.2756109237670898,0.6342568397521973,9
blushes,smiles,0.0,-0.3305571675300598,9
botany,zoology,1.325408935546875,-0.07497455924749374,9
boughs,leaves,-2.498046875,0.38458552956581116,9
bounty,luck,-3.124380111694336,-0.060935214161872864,9
brooks,hills,4.7421875,-0.3522035777568817,9
broom,ponytail,16.866851806640625,0.08130528032779694,9
brotherly,sisterly,9.21875,-0.21002908051013947,9
bubble,froth,-4.09375,0.09504586458206177,9
bubble,melt,-6.557147979736328,-0.371171236038208,9
burglars,tramps,6.54833984375,-0.11656792461872101,9
by,by,-8.617477416992188,0.4951912462711334,9
cables,switches,3.8018991947174072,-0.24040226638317108,9
cajole,push,-10.455322265625,0.0865793526172638,9
calming,cooling,-9.88671875,0.020594460889697075,9
capelin,launce,5.74652099609375,-0.8376621603965759,9
carefully,cautiously,2.292734146118164,0.4598161280155182,9
carelessly,innocently,-17.41796875,-0.29947593808174133,9
censure,reproach,-2.99609375,0.6669791340827942,9
cha,mot,-5.634033203125,0.5815452337265015,9
chair,cover,-2.564453125,0.021124714985489845,9
chair,cowboy,0.81787109375,-0.29648563265800476,9
chair,door,1.5703125,-0.01634933613240719,9
chairs,settees,14.6630859375,-1.0918489694595337,9
charcoal,wire,10.505859375,0.29121604561805725,9
charity,kindness,-3.8472700119018555,0.420114129781723,9
cheaply,easily,-1.64385986328125,-0.036579519510269165,9
chewing,swallowing,7.31202507019043,0.4761984646320343,9
chill,gloom,-2.232421875,-0.11909599602222443,9
chill,penetrating,-6.7816925048828125,-0.2953377962112427,9
chilling,hard,-1.8939895629882812,-0.02029118873178959,9
chips,sausage,7.535400390625,-0.1065053641796112,9
choke,cough,-4.82568359375,-0.29332634806632996,9
cigarettes,coffee,0.072265625,-0.08698896318674088,9
circled,circled,-2.0446600914001465,0.31522074341773987,9
cj,vf,2.17578125,0.40632256865501404,9
cleanse,purify,-0.79296875,-0.24073873460292816,9
clouds,convection,-4.11932373046875,-0.3406771123409271,9
clouds,mist,1.2846322059631348,-0.2599860429763794,9
clouds,surf,6.022705078125,0.0659617930650711,9
coatings,semiconductors,0.8242263793945312,-0.13556820154190063,9
coffee,conversation,6.1611328125,-0.14245302975177765,9
coffee,cookies,3.3203125,0.14828836917877197,9
coffee,more,-3.6620025634765625,-0.13047461211681366,9
coffee,shit,-2.9965133666992188,-0.3325797915458679,9
coke,shit,-9.5098876953125,0.554319441318512,9
collected,cool,0.46875,0.07502210140228271,9
collected,correlated,8.72149658203125,0.009222729131579399,9
color,shape,-7.4580078125,0.503444254398346,9
color,warmth,3.6922168731689453,-0.4748792350292206,9
combustion,corrosion,-11.138458251953125,0.7496739029884338,9
combustion,respiration,6.78515625,-0.029010633006691933,9
complications,mortality,10.836570739746094,0.2400612235069275,9
computered,transcribed,-6.560546875,0.294279545545578,9
concerts,nightclubs,1.0745124816894531,-0.09866465628147125,9
condensed,distilled,3.1942138671875,0.3135932981967926,9
confessed,killed,-3.5546875,0.4348471462726593,9
confiding,tender,-3.29595947265625,-0.07907266914844513,9
conspiracies,plots,-3.697265625,0.2323591262102127,9
constantly,hard,5.551104545593262,-0.12563864886760712,9
contented,happy,3.646484375,-0.3737022578716278,9
contented,thankful,-1.0908203125,-0.25029444694519043,9
contrary,ungrateful,-5.173611164093018,0.2604367136955261,9
controlled,natural,3.8665771484375,0.09614335000514984,9
cool,cool,1.1240234375,-0.0630992203950882,9
cool,hard,-1.5634469985961914,-0.4558831453323364,9
cool,harden,8.0390625,-0.09049460291862488,9
cool,lovely,6.0634765625,-0.20007258653640747,9
cool,shadowy,3.72064208984375,-0.13097013533115387,9
cool,short,-3.0679931640625,-0.2940281331539154,9
cool,warm,4.845889091491699,-0.07234639674425125,9
cool,wetting,3.654796600341797,-0.036140941083431244,9
cordial,warm,-7.675079345703125,0.4227735102176666,9
corrosion,electrochemistry,-3.806211471557617,0.23923106491565704,9
corrupted,rich,-11.59710693359375,-0.09986437857151031,9
cough,cough,6.28515625,-0.05220592021942139,9
cowed,trembling,-3.912689208984375,0.20453862845897675,9
crabs,periwinkles,-4.306892395019531,-0.16308629512786865,9
created,destroyed,4.06005859375,-0.10193578898906708,9
created,directed,4.69232177734375,-0.29674026370048523,9
cries,cries,-6.29931640625,-0.5019432306289673,9
cries,falls,-0.93359375,0.26236143708229065,9
cries,jeers,-10.829869270324707,-0.03117133490741253,9
cries,noises,3.255859375,-0.1132114827632904,9
crumbling,dirty,-3.9030134677886963,-0.5874943137168884,9
crumbs,water,4.582855224609375,-0.011307412758469582,9
dams,railroads,3.0148096084594727,0.02754579298198223,9
dbottle,teapot,6.16064453125,0.6128968000411987,9
decorating,unpacking,3.639892578125,0.4989066421985626,9
dedicated,hard,0.7757568359375,-0.47369858622550964,9
dedicated,talented,0.06601977348327637,-0.05091558396816254,9
deepest,finest,1.435546875,-0.08666594326496124,9
defiled,killed,2.5235595703125,0.7553259134292603,9
deliberation,skill,-2.49609375,0.17397896945476532,9
demeanor,speech,2.267529010772705,0.13149307668209076,9
deposed,fled,1.25836181640625,-0.022998811677098274,9
designs,prototypes,5.84765625,-0.13815531134605408,9
desk,door,-4.390796661376953,0.09743745625019073,9
desolate,pitiful,6.236246109008789,-0.7299335598945618,9
despair,gloom,10.58367919921875,0.11056440323591232,9
despair,weariness,-8.48828125,0.08352499455213547,9
destroyed,plundered,-3.1309237480163574,0.3071747422218323,9
die,go,-2.2900390625,0.09590776264667511,9
die,live,11.279447555541992,0.2075750082731247,9
die,overheat,3.59765625,-0.04312339425086975,9
die,pine,0.685546875,-0.22224925458431244,9
die,sicken,0.810546875,0.3603035509586334,9
dimms,processors,-0.7948112487792969,0.023207319900393486,9
dipping,lifting,-3.826416015625,-0.05107864737510681,9
directed,founded,7.73046875,-0.315115362405777,9
dirtiest,hardest,6.703125,0.060745418071746826,9
dirty,dirty,8.596435546875,0.05926518142223358,9
dirty,dumpy,1.0736160278320312,-0.49915358424186707,9
dirty,filthy,-9.321910858154297,-0.5785784721374512,9
dirty,hard,-4.06396484375,-0.1435038298368454,9
dirty,mane,8.16815185546875,0.05377916991710663,9
disappear,evaporate,5.40234375,-0.2285766452550888,9
displeased,grieved,-8.1171875,-0.11651882529258728,9
displeased,mortified,1.2424850463867188,-0.17980626225471497,9
donkey,shrek,-10.71728515625,0.07812157273292542,9
door,wall,-6.222015380859375,0.33308544754981995,9
due,proper,2.904296875,-0.24211128056049347,9
dumpy,listless,17.736328125,-0.13842281699180603,9
dumpy,short,-1.6396484375,-0.31265154480934143,9
dwarves,elves,-0.88067626953125,0.14303867518901825,9
dwarves,midgets,5.61572265625,-0.09945929050445557,9
dying,wounded,-3.6064453125,-0.2886301577091217,9
easily,naturally,11.0,-0.18829043209552765,9
eels,soles,4.430419921875,0.3328620493412018,9
elastic,sticky,2.58837890625,-0.863540768623352,9
elated,happy,1.9267578125,-0.47251006960868835,9
elves,gnomes,3.8432044982910156,0.613717257976532,9
embalming,mummification,4.783203125,0.3854411244392395,9
engaging,speaking,2.3974609375,0.27104732394218445,9
enterprising,hard,-4.537109375,-0.4122968018054962,9
erases,sponge,2.93896484375,0.46829184889793396,9
escape,flight,-3.3515625,-0.28545838594436646,9
escape,return,-5.278316497802734,0.12044870853424072,9
escape,safety,-2.95947265625,0.26937541365623474,9
evidence,procedure,4.455078125,0.5500057935714722,9
exchanged,recycled,3.5008087158203125,0.05458205193281174,9
exciting,hard,-3.504688262939453,-0.2806435525417328,9
exciting,severe,-2.29534912109375,-0.058079369366168976,9
exile,poverty,1.740234375,0.04051757603883743,9
existing,projected,-3.72265625,-0.0757180005311966,9
explore,go,1.93212890625,0.06479288637638092,9
explorers,sailors,-3.5136051177978516,-0.5378357768058777,9
faint,indistinct,10.40460205078125,0.019760360941290855,9
faint,lovely,0.90234375,-0.4083477854728699,9
faithless,perverse,0.6343994140625,-0.23152633011341095,9
falls,trips,-2.541015625,0.7381163835525513,9
favour,kindness,-9.3311767578125,0.3265080451965332,9
feasts,sake,10.41455078125,-0.3569033741950989,9
fences,sheds,0.1435546875,0.07254542410373688,9
fertilizer,seeds,6.133056640625,0.18572263419628143,9
few,scattering,2.7514405250549316,0.07889450341463089,9
few,short,-0.7884521484375,0.17859438061714172,9
fia,mot,-6.30078125,0.10714757442474365,9
fidelity,luck,3.47613525390625,-0.20358408987522125,9
field,flood,1.146484375,-0.20576433837413788,9
field,forest,-1.5814208984375,-0.540749728679657,9
figures,lights,8.83245849609375,-0.44565239548683167,9
filthy,yonkers,-5.33642578125,0.30678948760032654,9
finally,then,-5.1266279220581055,0.9272897243499756,9
fine,flyaway,2.931640625,0.390632688999176,9
fine,lovely,14.977846145629883,-0.4531888961791992,9
fine,loyal,-4.32470703125,0.41382431983947754,9
fine,pretty,5.72265625,-0.07002416253089905,9
fine,warm,-1.642578125,-0.34678611159324646,9
finest,hardest,-0.30859375,0.0349646657705307,9
firm,hard,-2.150063991546631,-0.034295953810214996,9
firm,unyielding,-11.0859375,-0.7020536661148071,9
fled,gone,6.79296875,-0.45751556754112244,9
flint,rubble,1.0175666809082031,0.0011807363480329514,9
flint,stone,3.787109375,-0.04546099901199341,9
flow,flow,1.333984375,-0.18860988318920135,9
following,safety,-4.90380859375,-0.08096815645694733,9
fondness,respect,2.794344902038574,-0.10200120508670807,9
forbearance,patience,-4.297330856323242,0.23037320375442505,9
forest,plain,1.0439453125,0.001349274069070816,9
forest,stream,-0.5306739807128906,-0.014806592836976051,9
fornication,matchmaking,1.486328125,0.09425318241119385,9
forward,return,-10.8466796875,-0.16708771884441376,9
frail,pretty,6.15228271484375,0.2649657726287842,9
freckles,shit,-7.009765625,0.43693676590919495,9
fruits,leaves,-0.6814308166503906,-0.06478480249643326,9
fruits,seeds,2.160888671875,0.09308945387601852,9
frustration,research,-5.2216796875,0.2833921015262604,9
funnier,funnier,0.19423294067382812,-0.004807123914361,9
fussily,noisily,-2.380514144897461,-0.28768882155418396,9
gasping,singed,-1.1056275367736816,0.6085650324821472,9
gasping,trembling,-8.59228515625,0.044871702790260315,9
gazed,gazed,-2.280029296875,-0.2551213502883911,9
gazed,sympathized,-1.1015625,0.1402965486049652,9
gentle,loyal,-2.8016357421875,-0.45139840245246887,9
gentle,pretty,1.657517910003662,-0.5155173540115356,9
gentle,refined,-3.8983917236328125,-0.03191044181585312,9
gentle,safe,5.252685546875,-0.1978343427181244,9
gentle,tender,7.809135437011719,-0.2131640464067459,9
gentle,valiant,4.442901611328125,0.5107144117355347,9
gentle,warm,0.0,0.06551840156316757,9
gerken,leigh,-5.832305908203125,0.0015253853052854538,9
gloom,unhappiness,-4.7568359375,-0.014837035909295082,9
gnomes,pixies,-4.376190185546875,-0.027951354160904884,9
go,go,1.53924560546875,-0.5895718932151794,9
go,grumble,-1.3583984375,0.5842304825782776,9
go,inquire,-4.825122833251953,0.2780493497848511,9
go,live,-4.37890625,-0.4625592529773712,9
go,push,-1.9158935546875,0.11140917241573334,9
go,return,6.02392578125,0.684731125831604,9
go,sleep,0.83154296875,0.14413899183273315,9
go,switch,1.57373046875,0.24621568620204926,9
goatees,tattoos,5.53515625,0.5173472166061401,9
golden,pink,1.57696533203125,-0.11317373812198639,9
golden,rosy,3.0126266479492188,-0.16285479068756104,9
golden,warm,1.710296630859375,-0.030094103887677193,9
gone,vanished,1.66015625,-0.19827055931091309,9
grasslands,woodlands,5.602786064147949,-0.039578408002853394,9
gravy,starch,0.49609375,-0.04925268143415451,9
guitarist,keyboardist,-1.76171875,0.09196923673152924,9
half,half,-2.413787841796875,-0.6666334271430969,9
half,inch,1.3446245193481445,-0.17857927083969116,9
hall,saw,-6.0244140625,0.4647108018398285,9
hammer,saw,-1.10382080078125,0.9613506197929382,9
hammer,screwdriver,-0.6694817543029785,0.4417188763618469,9
happy,harmonious,0.94586181640625,-0.06779655814170837,9
happy,hurt,-2.9937744140625,0.036942556500434875,9
happy,natural,-3.46337890625,0.04431749880313873,9
happy,pretty,3.49609375,-0.0741494745016098,9
happy,proper,-1.307373046875,-0.22183220088481903,9
happy,rich,6.46052360534668,-0.2715460956096649,9
happy,rosy,-7.57452392578125,0.1649528294801712,9
happy,safe,-0.3519287109375,-0.40356796979904175,9
happy,thankful,3.865234375,0.6627600789070129,9
happy,there,-3.3566179275512695,-0.1831219345331192,9
happy,warm,-8.06640625,-0.15471187233924866,9
hard,harsh,8.22705078125,-0.10722418129444122,9
hard,heartless,0.8876953125,-1.1494861841201782,9
hard,painful,5.8077392578125,-0.036092206835746765,9
hard,severe,6.638071060180664,0.1511814147233963,9
hard,square,-4.56640625,-0.42690542340278625,9
hard,tiresome,-8.903915405273438,0.006031906232237816,9
hard,trying,-2.7473526000976562,-0.42981281876564026,9
hard,unyielding,-3.165822982788086,-0.20775015652179718,9
harsh,unfair,-6.1181640625,-0.35578230023384094,9
harsh,unpleasing,6.117717742919922,-0.2110043615102768,9
hawks,kites,-1.5873489379882812,0.7165881991386414,9
hawks,owls,12.50390625,-0.009581135585904121,9
haze,mist,3.6640625,-0.025735629722476006,9
hearing,speech,0.08579111099243164,0.013039713725447655,9
heartless,unsentimental,1.29278564453125,0.0031874384731054306,9
hills,lakes,-2.54638671875,0.292813241481781,9
hills,streams,-5.1976318359375,-0.022375723347067833,9
home,live,6.31640625,-0.5239031910896301,9
home,safety,10.3037109375,-0.3837076723575592,9
home,ship,-6.290283203125,0.41943803429603577,9
home,there,-3.1435546875,0.877410352230072,9
homeless,wandering,0.0,0.33356034755706787,9
hoots,jeers,2.59228515625,0.13981835544109344,9
hoping,trying,0.0,-0.6517305374145508,9
hoping,waiting,-6.3896484375,0.17813782393932343,9
hunted,hunted,-3.786740303039551,0.2846594452857971,9
hunted,rose,-4.4951171875,-0.0658641904592514,9
hurt,killed,-4.576171875,-0.2524869740009308,9
hurt,unhappiness,0.4968852996826172,0.18074440956115723,9
hurt,wounded,-1.3134765625,0.7706441879272461,9
hydrogen,rubidium,-1.3700027465820312,0.05771566927433014,9
ignorance,poverty,1.29296875,0.16943438351154327,9
ignorance,sloth,3.5364952087402344,-0.5732912421226501,9
inconsiderate,irresponsible,4.611328125,0.25357213616371155,9
innocently,naturally,-1.526123046875,0.3938700556755066,9
institutional,structural,1.408203125,-0.9160758256912231,9
insubordination,treason,3.56488037109375,0.3274172246456146,9
insurrection,treason,-1.51171875,0.13417668640613556,9
intrapreneurial,startup,8.039482116699219,-0.3406534492969513,9
irresponsible,sadic,2.2880859375,-0.0441385954618454,9
jewish,muslim,2.671875,-0.7537131905555725,9
jewish,polish,-0.292111873626709,0.6048756241798401,9
judy,punch,0.09423828125,0.291748046875,9
jumping,tossing,2.4235382080078125,0.42282310128211975,9
killed,mutilated,6.66119384765625,-0.3055534064769745,9
killed,trapped,0.324462890625,0.17524538934230804,9
killed,vanished,-2.505859375,0.2855967581272125,9
killed,wounded,-5.916015625,0.14433665573596954,9
kilograms,pounds,4.419921875,0.5556240677833557,9
kindness,respect,6.578069686889648,-0.6389855742454529,9
kindness,teaching,2.16650390625,-0.10810498893260956,9
kindness,understanding,3.896484375,0.4607622027397156,9
kisses,smiles,7.34375,0.44108718633651733,9
knights,soldiers,0.6980161666870117,0.03423435986042023,9
lakes,streams,-12.1396484375,-0.05715087056159973,9
layers,layers,7.10546875,-0.09892056882381439,9
leagues,leagues,-2.6891860961914062,-0.40481695532798767,9
leaping,taunting,1.6787109375,-0.11246950924396515,9
leaping,vaulting,-4.340850830078125,0.14791777729988098,9
leaves,primroses,3.125,-0.2681000530719757,9
lecturing,teaching,9.072265625,0.025994593277573586,9
lifting,shaking,5.38671875,0.42501819133758545,9
lights,noises,1.11328125,0.06015481799840927,9
lights,ornaments,-1.276529312133789,-0.12786059081554413,9
listless,uninterested,-3.476806640625,0.3094225525856018,9
literal,plain,-5.052452087402344,-0.3554629981517792,9
live,sleep,-1.6523895263671875,-0.24671553075313568,9
lotions,splints,9.421142578125,0.2828828990459442,9
lovable,lovely,2.986328125,-0.15524838864803314,9
lovable,warm,0.39453125,0.1622064858675003,9
lovely,real,-3.08154296875,-0.08341731131076813,9
lovely,talented,-0.39453125,-0.7123693823814392,9
lovely,tender,1.11279296875,-0.6243967413902283,9
lovely,warm,-1.34765625,-0.2879263758659363,9
lovingly,submissively,-15.99609375,0.43112918734550476,9
lovingly,warmly,-1.88037109375,0.6643913388252258,9
luck,skill,-2.728515625,0.00925336591899395,9
magic,wonder,-3.4990234375,-1.3295024633407593,9
main,orignal,-3.6530418395996094,-0.33932462334632874,9
major,minor,5.77362060546875,-0.018611790612339973,9
marches,protests,6.323211669921875,0.3284253180027008,9
medication,therapy,-0.55859375,0.7206245064735413,9
microscopes,telescopes,-6.9248046875,0.39612144231796265,9
miles,miles,8.33938980102539,0.4748956859111786,9
misfortune,poverty,-6.894775390625,-0.25065621733665466,9
modifying,updating,15.59375,-0.3589945137500763,9
mold,pat,-4.0673828125,0.21041825413703918,9
monkeys,shit,-5.37823486328125,0.3843332827091217,9
more,more,5.2548828125,0.5170769095420837,9
mortar,stone,-2.8828125,0.01602007821202278,9
mot,smiles,3.17095947265625,0.1942259520292282,9
motionless,prone,-2.673248291015625,-0.5458449721336365,9
murder,treason,-7.912109375,0.145110622048378,9
name,shape,0.8534317016601562,0.1964663714170456,9
narrower,shorter,5.107276916503906,0.08408551663160324,9
natural,proper,4.246814727783203,-0.4611368477344513,9
natural,safe,5.054574966430664,-0.11140333116054535,9
natural,synthetic,-3.800445556640625,0.33014988899230957,9
natural,unconcerned,1.318359375,0.004923952743411064,9
neater,neater,-3.839022159576416,-0.29341474175453186,9
needles,silks,0.802734375,-0.0919019877910614,9
needles,thimbles,-6.08984375,0.0177083071321249,9
negative,positive,2.1255741119384766,-0.7997583746910095,9
negative,substandard,3.22265625,0.0780157521367073,9
night,sunlight,4.8641357421875,0.056102946400642395,9
nouns,pronouns,-3.66015625,-0.42871615290641785,9
oblong,square,1.52337646484375,-0.3769741952419281,9
olios,tarts,-2.0859375,0.020787520334124565,9
orange,pineapple,7.40155029296875,-0.11920268833637238,9
orange,pink,0.998046875,0.1669803112745285,9
oranges,wine,0.82177734375,0.5330014228820801,9
ornaments,slides,-1.90625,-0.4036698341369629,9
override,unlock,8.8876953125,0.18256810307502747,9
painful,pitiful,-2.4599609375,-0.12654006481170654,9
painful,severe,5.440135955810547,-0.22599221765995026,9
participation,victories,-5.295989990234375,0.7315639853477478,9
pine,spruce,0.484375,-0.20091232657432556,9
plain,pretty,1.3791656494140625,-0.22782282531261444,9
plain,square,-0.86798095703125,-0.3043549358844757,9
plain,unattractive,12.703125,-0.13224944472312927,9
plenty,plenty,-0.091796875,-0.24019546806812286,9
plenty,warmth,3.2568359375,-0.3359077274799347,9
plotting,scheming,5.72021484375,0.18970760703086853,9
policemen,reporters,-2.4501953125,0.7454525828361511,9
policemen,soldiers,1.1785411834716797,-0.23343737423419952,9
policies,procedures,-3.31640625,0.7790340781211853,9
policies,programmes,-3.4437828063964844,-0.37649574875831604,9
pondered,pondered,9.789794921875,0.28656959533691406,9
pounds,pounds,3.232961893081665,-0.1831343173980713,9
pounds,throbs,-0.28125,-0.34455958008766174,9
pretty,refined,5.857177734375,-0.37189003825187683,9
pretty,safe,-1.1112184524536133,-0.5258390307426453,9
prim,proper,1.1822576522827148,0.14711637794971466,9
primed,waiting,1.647491455078125,0.22058656811714172,9
procedure,structures,-6.361328125,0.1270911991596222,9
projects,texts,-1.59765625,-0.29087957739830017,9
proper,safe,-1.0394515991210938,-0.6492223143577576,9
proposals,recommendations,2.06689453125,0.24756543338298798,9
protests,texts,-3.0584487915039062,-0.2813429534435272,9
prowess,skill,-0.927734375,0.26741281151771545,9
pry,push,1.6319427490234375,-0.26378387212753296,9
pushback,taxi,0.5327053070068359,-0.0638691782951355,9
question,wonder,9.92724609375,-0.025584110990166664,9
ragtags,scum,11.11712646484375,0.08091216534376144,9
railroads,utilities,5.9375,-0.13667427003383636,9
real,symbolic,-4.947265625,-0.5581484436988831,9
real,valid,4.0537109375,-0.03769153356552124,9
rent,taxes,1.314453125,-0.39156684279441833,9
reproach,strife,3.1247901916503906,-0.4701031744480133,9
research,teaching,-5.336589336395264,-0.048743024468421936,9
resinous,vitreous,5.19350004196167,0.2768417298793793,9
respect,understanding,5.12548828125,0.4681780934333801,9
results,scores,-2.218806505203247,0.5380597114562988,9
return,sleep,8.132125854492188,0.5342220664024353,9
rich,rich,2.64013671875,-0.42984864115715027,9
rich,warm,-1.0028940439224243,-0.15388229489326477,9
richer,richer,5.1328125,0.19470883905887604,9
riflemen,soldiers,-0.41796875,-0.15327797830104828,9
rockholes,streams,0.79150390625,-0.18764956295490265,9
roped,tied,2.098419189453125,0.16559280455112457,9
rose,rose,-1.8994855880737305,-0.02567579783499241,9
rose,waxed,-4.544921875,-0.27284255623817444,9
rosy,warm,-4.827667236328125,-0.38557013869285583,9
rubble,spoil,-10.0302734375,-0.4326021075248718,9
sadder,sadder,-2.669921875,-0.11270277202129364,9
safe,sheltered,6.0264892578125,0.15811552107334137,9
safe,warm,8.753875732421875,0.09564856439828873,9
safety,security,-4.85546875,-1.0501278638839722,9
sailors,soldiers,-0.593597412109375,-0.11621470749378204,9
savory,tender,-1.846923828125,0.2724941670894623,9
saw,shrieked,-4.174781799316406,0.06471054255962372,9
scalded,smashed,4.30859375,0.4400789737701416,9
scholars,soldiers,-13.888671875,0.35419943928718567,9
scholars,sultans,1.6767578125,-0.8294709324836731,9
seamen,soldiers,-0.318359375,-0.4724542200565338,9
seclusion,shyness,2.8331451416015625,0.3255925476551056,9
security,warmth,-0.8369140625,0.10945702344179153,9
seeds,shit,3.908447265625,0.15525107085704803,9
severe,unaccustomed,3.0177001953125,-0.3688254952430725,9
shanties,sheds,6.394859313964844,-0.012075694277882576,9
short,snappish,-0.9443359375,-0.16631050407886505,9
short,square,-4.1437225341796875,0.1877318173646927,9
short,stubby,0.556396484375,-0.19157464802265167,9
short,thickly,-3.666015625,0.23513288795948029,9
shorter,shorter,-2.5838165283203125,0.08399081975221634,9
silences,speech,1.1028518676757812,0.22609210014343262,9
singly,then,-2.582275390625,-0.13823018968105316,9
sinning,sinning,-4.171875,0.7570602893829346,9
sister,twin,-5.1898193359375,-0.12632517516613007,9
sleep,sleep,-3.577789306640625,-0.27331483364105225,9
sleepier,sleepier,-7.501213073730469,-0.06370308250188828,9
smiles,sobs,-0.232421875,0.024401092901825905,9
smiles,waves,0.9580078125,0.021788446232676506,9
sniffed,sniffed,0.0390625,0.24713051319122314,9
soap,water,-5.943359375,0.027245616540312767,9
sole,undivided,4.076038360595703,0.7749127745628357,9
sorry,thankful,-0.3919677734375,0.2705110013484955,9
speech,swallowing,3.588134765625,0.49808695912361145,9
squeeze,squeeze,6.583984375,0.10634611546993256,9
squirming,struggling,7.213056564331055,-0.06122355908155441,9
sticky,warm,0.537109375,0.20804964005947113,9
subjective,symbolic,1.85546875,-0.6497725248336792,9
sunlight,water,-3.978515625,0.21296855807304382,9
swifter,swifter,-11.2559814453125,0.2645379304885864,9
then,then,-0.34497833251953125,0.6491774916648865,9
then,there,5.30859375,0.0010059308260679245,9
there,there,-4.37939453125,0.2379203885793686,9
tied,wrapped,2.220916748046875,-0.41589510440826416,9
tiresome,trite,5.288695812225342,0.15598918497562408,9
tons,tons,7.839599609375,-0.04927527904510498,9
trembling,twitching,6.74609375,-0.23266641795635223,9
trembling,waiting,0.484375,0.22289596498012543,9
trying,trying,-6.38818359375,-0.7912124991416931,9
twirled,twirled,-2.1861801147460938,0.008290691301226616,9
vanished,vanishing,1.966094970703125,-0.0006156284362077713,9
victual,water,-2.8441162109375,0.8132925629615784,9
waiting,waiting,-3.9952468872070312,0.4348676800727844,9
wall,water,-0.46484375,0.0846361294388771,9
warm,welcoming,1.29443359375,-0.9093515276908875,9
water,water,12.603515625,0.007325278595089912,9
water,wine,-3.19140625,-0.025618640705943108,9
whiter,whiter,3.5161819458007812,0.283867746591568,9
