holdout,n_train,n_test,r,r2
freq>20,48552,398,0.443448,0.196646
freq>5,46985,1965,0.449201,0.201782
freq>1,34867,14083,0.407617,0.166152
