fold,n_train,n_test,train_r,train_r2,test_r,test_r2,test_rho
0,48950,340042,0.892721,0.796951,0.165773,0.027481,0.156677
