k_folds,k_pls,n,cv_r,cv_r2,cv_rho
10,15,340042,0.414102,0.171481,0.363609
