holdout,n_train,n_test,r,r2
freq>20,48552,398,0.439467,0.193131
freq>5,46985,1965,0.455796,0.20775
freq>1,34867,14083,0.409919,0.168034
