fold,n_train,n_test,train_r,train_r2,test_r,test_r2,test_rho
0,48950,340042,0.889182,0.790644,0.167039,0.027902,0.156693
