fold,n_train,n_test,train_r,train_r2,test_r,test_r2,test_rho
0,48950,24461,0.842709,0.710159,0.112862,0.012738,0.106887
