k_folds,k_pls,n,cv_r,cv_r2,cv_rho
10,15,340042,0.41481,0.172067,0.36405
