word1,word2,preference,mlp_pred,fold
abetting,aiding,-1.11962890625,0.40153202414512634,0
academic,parental,-3.1611328125,0.3796405494213104,0
acceptance,recognition,-0.16796875,0.09138249605894089,0
acoustic,electric,-0.3056640625,-0.1972779929637909,0
adenine,guanine,-2.55859375,-0.20171594619750977,0
adjustment,haggling,-4.4703369140625,-0.2932678759098053,0
adventures,pictures,2.778076171875,0.17439159750938416,0
affirmation,liberation,-0.76171875,0.09774675220251083,0
afloat,popular,0.76416015625,-0.18571114540100098,0
agents,supplies,-0.78125,-0.10724468529224396,0
agreed,approved,5.626953125,-0.29886379837989807,0
ahead,shiver,-2.985107421875,0.0025521740317344666,0
airfields,factories,7.6142578125,-0.028220467269420624,0
airfields,ports,-2.0126953125,-0.14603012800216675,0
ands,ifs,-0.0032958984375,-0.04642718657851219,0
angrier,angrier,-3.3603515625,0.10195790976285934,0
annoyance,disappointment,-0.603515625,0.03264450281858444,0
annoyed,restless,-1.8305587768554688,0.1731913983821869,0
anthropology,voice,-1.7091064453125,0.049337856471538544,0
apart,floor,3.470703125,-0.29280292987823486,0
apologize,stuff,-0.58984375,0.1452920138835907,0
appalling,terrible,-1.10888671875,-0.008983857929706573,0
applauding,cheering,-1.2710914611816406,0.042983539402484894,0
aqueducts,sewers,-5.8572998046875,0.05029219388961792,0
arm,arm,-1.4990234375,0.15232715010643005,0
aroused,irritated,1.07513427734375,-0.2150363326072693,0
arrogance,riches,-1.2255859375,0.07057955116033554,0
arteries,veins,3.45361328125,0.2655152380466461,0
arums,mangroves,-0.76025390625,-0.21422696113586426,0
associate,supporting,-2.525146484375,-0.12435749173164368,0
attack,attack,2.62109375,-0.030573252588510513,0
attack,defense,0.36773681640625,-0.015132367610931396,0
attractions,television,-0.5091400146484375,-0.3331846296787262,0
away,away,1.5234375,-0.5858736634254456,0
away,down,0.3984375,-0.7199520468711853,0
away,good,-2.3626708984375,-0.12266944348812103,0
axes,scythes,-0.509765625,-0.35167422890663147,0
axes,shovels,0.64794921875,-0.05433952063322067,0
axes,spades,-3.193359375,0.01497524231672287,0
bacon,bread,2.296875,0.08621116727590561,0
bacon,cornbread,1.7314453125,0.4574944078922272,0
bald,stony,0.5628395080566406,0.05878078192472458,0
bald,toothless,0.232421875,0.12461330741643906,0
bales,boxes,0.283203125,0.22213450074195862,0
banged,clattered,6.2060546875,-0.08591293543577194,0
barrows,shovels,-1.76953125,0.12486430257558823,0
bat,scull,0.91162109375,-0.02992372214794159,0
beast,men,-0.10546875,-0.02848070114850998,0
beige,green,5.59423828125,-0.4496200382709503,0
beneficent,patriarchal,-3.1168899536132812,0.4634763300418854,0
better,better,3.1025390625,0.3845275044441223,0
better,good,3.601104736328125,0.049397386610507965,0
better,popular,-0.6171875,0.18287411332130432,0
better,worse,3.613525390625,-0.14078234136104584,0
biblical,julian,2.77325439453125,-0.14382228255271912,0
billboards,magazines,1.86328125,-0.26664215326309204,0
billions,billions,-5.779296875,-0.14477688074111938,0
blanket,coat,4.8987274169921875,-0.23203188180923462,0
blanket,doll,1.0052490234375,-0.5110750794410706,0
blanket,popbeads,0.96044921875,-0.7239459753036499,0
blindfold,plaintively,-0.80859375,-0.01720491051673889,0
blink,sit,1.4677734375,0.021293319761753082,0
blistered,bloody,1.146240234375,-0.1687009185552597,0
blistered,burned,3.504150390625,-0.27344849705696106,0
bloody,guts,-1.487060546875,-0.011040657758712769,0
bloody,terrible,0.646484375,0.274697482585907,0
bloody,well,-1.8828125,-0.04961211234331131,0
bloomers,sneakers,4.4150390625,0.1475742757320404,0
blue,glowing,0.04742431640625,0.2542342245578766,0
blue,gold,1.939453125,-0.13478383421897888,0
blue,green,-1.591064453125,-0.10715159773826599,0
blue,restless,0.481719970703125,0.2645750641822815,0
bonnet,veil,2.3083114624023438,0.2721019983291626,0
bony,discoloured,-5.742919921875,-0.22181907296180725,0
boobs,pubes,-1.0517578125,0.006171785295009613,0
brains,pluck,2.02978515625,0.3080996572971344,0
bravely,unfalteringly,-0.19140625,-0.09935791790485382,0
bravely,well,-2.933490753173828,-0.11256847530603409,0
bread,fishes,4.02734375,-0.09796608984470367,0
bread,salami,1.2138671875,-0.07083401829004288,0
bread,stuff,6.7333984375,-0.134384423494339,0
brickdust,paraffin,-4.404296875,-0.02694443240761757,0
brokenly,incoherently,-2.44921875,0.08898494392633438,0
built,made,-3.78759765625,-0.2560659348964691,0
burial,cremation,0.0498046875,0.2885957956314087,0
burned,burned,-2.20703125,-0.0930187851190567,0
burned,spluttered,-1.65234375,-0.06734947860240936,0
bustling,dynamic,1.041015625,-0.033585287630558014,0
calcified,hardened,-1.2401580810546875,-0.296935111284256,0
calcium,oxygen,-0.7236328125,-0.3110582232475281,0
calcium,phosphate,-2.7802734375,-0.2812117338180542,0
calcium,plutonium,0.365234375,-0.26217061281204224,0
caps,goals,0.8671875,0.26436880230903625,0
caps,nightgowns,-1.849609375,0.33600735664367676,0
carriage,servants,-2.611328125,0.3159754276275635,0
ceiling,floor,2.3101806640625,0.2796870172023773,0
cement,sand,-1.392578125,0.22395700216293335,0
cement,steel,0.0,-0.16149446368217468,0
charts,pictures,0.28125,0.09501051157712936,0
cheering,hooting,5.62890625,-0.38103845715522766,0
cigars,lemonade,-2.938720703125,0.028326980769634247,0
cinematography,photography,-1.955078125,-0.0933150127530098,0
citizenship,history,0.3712158203125,-0.13728028535842896,0
civil,commercial,0.176513671875,0.11304175108671188,0
cleaning,repairing,-0.58599853515625,0.011172689497470856,0
cleaning,stuff,0.79620361328125,-0.1445845067501068,0
clever,good,3.498292922973633,-0.12360384315252304,0
clever,honest,3.324462890625,-0.045965179800987244,0
clever,industrious,3.8203125,0.48245862126350403,0
coat,hat,-4.390625,-0.12223971635103226,0
comedy,dancing,-1.52099609375,-0.3681732714176178,0
comedy,songs,0.0,-0.3068121075630188,0
comfort,counsel,0.40167236328125,0.10915980488061905,0
comfort,delight,0.957122802734375,-0.03484823554754257,0
comfort,edification,0.32421875,-0.07780024409294128,0
comfort,inspiration,-4.6796875,0.004163846373558044,0
comfort,prosperity,-2.007568359375,0.19326332211494446,0
comfort,riches,3.9609375,-0.0877314880490303,0
comfort,support,3.1790390014648438,-0.012492205947637558,0
commanding,distinct,-4.623046875,-0.1806100606918335,0
commercial,corporate,2.138671875,-0.027334630489349365,0
commercial,ferry,-0.452392578125,0.03336518257856369,0
compliments,court,4.8125,-0.4603576064109802,0
comprehensiveness,depth,0.03778076171875,0.1798001527786255,0
constitutionalism,economics,0.3310546875,0.193280428647995,0
contemptuous,curt,-3.8203125,-0.24369609355926514,0
contents,hat,1.3381195068359375,-0.661299467086792,0
contracts,licenses,0.28515625,-0.12591296434402466,0
copper,gold,-1.42578125,0.1589096188545227,0
copper,steel,-3.3370361328125,0.005025230348110199,0
corn,oysters,0.4560546875,-0.03465009480714798,0
correct,correct,-0.39453125,0.22516009211540222,0
correct,erase,-0.353515625,-0.013448633253574371,0
correct,present,0.5328369140625,-0.09554749727249146,0
corrected,typed,1.8681640625,-0.20219016075134277,0
coughs,groans,2.154296875,-0.15830481052398682,0
coughs,sings,5.46923828125,-0.4493478536605835,0
court,perjury,2.647216796875,-0.019021593034267426,0
covert,ingenious,-1.68408203125,-0.11897800862789154,0
cowered,such,4.357421875,-0.26227641105651855,0
creaked,swerved,1.2509765625,-0.30696821212768555,0
crepuscular,diurnal,1.8359375,-0.21583598852157593,0
cricket,football,-2.3671875,0.2183437943458557,0
crosser,crosser,-0.7532958984375,0.0015795528888702393,0
crows,poultry,-0.369140625,0.24668210744857788,0
cubes,triangles,1.7255859375,0.08344195038080215,0
danby,winter,-0.00867462158203125,0.27544739842414856,0
dancers,wood,0.34417724609375,-0.582831621170044,0
dancing,dinner,4.560791015625,0.007567368447780609,0
dancing,drinking,0.599609375,0.03784529119729996,0
deaf,stupid,-0.628662109375,-0.2214851975440979,0
debauch,riot,-0.724609375,0.26421022415161133,0
defector,stateless,1.734375,-0.0438859649002552,0
defense,offense,0.671875,-0.08884236216545105,0
dehydration,deprotonation,-0.791656494140625,-0.09302283078432083,0
delight,tenderness,-2.995635986328125,-0.10964471101760864,0
demonstrations,petitions,-0.27490234375,0.08996724337339401,0
depth,diameter,-1.01220703125,0.03294522315263748,0
depth,information,-0.306640625,-0.028393112123012543,0
depth,soundness,-1.8671875,0.18256890773773193,0
despised,poor,1.66015625,-0.00042898207902908325,0
devils,witches,2.3837890625,0.1638566553592682,0
devious,ruthless,-1.700439453125,0.009356386959552765,0
dim,misty,-2.0322265625,-0.2998174726963043,0
dim,threatening,-0.748046875,-0.22758451104164124,0
dinner,stuff,0.919921875,-0.35991331934928894,0
disappointment,doubt,-0.2578125,-0.11567839980125427,0
disappointment,neglect,4.215423583984375,-0.1824609637260437,0
disappointment,sorrow,-1.03564453125,-0.1333215981721878,0
disgraced,humiliated,2.044189453125,0.026826433837413788,0
dishonor,honor,-0.853515625,0.34505680203437805,0
disinherited,dispossessed,-0.7138671875,0.21615532040596008,0
dispatches,dispatches,-2.441162109375,-0.010854121297597885,0
do,good,0.1396484375,-0.15443509817123413,0
do,stuff,2.259765625,-0.23155692219734192,0
do,undo,-1.5947265625,0.11778705567121506,0
docile,industrious,0.2646484375,-0.057330600917339325,0
doll,hat,-1.03515625,-0.36413660645484924,0
doll,popbeads,1.0615234375,-0.7250040173530579,0
dollhouse,men,2.77099609375,-0.8654658794403076,0
doubt,speculation,-0.83221435546875,0.10801219195127487,0
down,down,-0.349609375,-0.024849925190210342,0
down,under,0.859375,-0.14994549751281738,0
down,upstairs,1.82208251953125,0.16958817839622498,0
down,wireless,-1.78515625,0.19444355368614197,0
dramatically,suddenly,1.9255752563476562,-0.09680955857038498,0
dreadful,terrible,2.20611572265625,-0.053157225251197815,0
drinking,drinking,1.0181884765625,0.12901514768600464,0
drove,drove,6.642578125,-0.22408732771873474,0
economics,history,1.9225616455078125,0.19281086325645447,0
edge,point,4.5390625,0.04406731575727463,0
efficiently,smoothly,1.0859375,-0.05585707351565361,0
electric,gravitational,0.333038330078125,0.20262494683265686,0
electric,hybrid,-3.1337890625,-0.20204070210456848,0
electronics,vehicles,1.916015625,-0.4054940938949585,0
eleventh,last,-1.5517578125,-0.2382187843322754,0
embarrassed,humiliated,1.9945068359375,0.09552548080682755,0
embarrassed,mad,2.7890625,-0.055300451815128326,0
embarrassed,restless,-0.790771484375,-0.03194248676300049,0
emeralds,gold,-1.12744140625,-0.12758970260620117,0
enlargement,thickening,1.9440460205078125,-0.16684448719024658,0
enthusiastic,excellent,2.53564453125,-0.026949800550937653,0
enthusiastic,utensiles,-4.923828125,0.13481652736663818,0
equal,honest,3.751953125,0.008692137897014618,0
equal,opposite,1.14453125,-0.07227060943841934,0
evening,morning,2.83203125,0.021604791283607483,0
evil,good,-3.875,-0.15195411443710327,0
evil,malicious,5.119781494140625,-0.15589553117752075,0
evil,unlucky,1.70916748046875,0.1267198920249939,0
exactly,well,0.0,-0.19131435453891754,0
excellent,good,1.4791259765625,0.337428480386734,0
excesses,shortages,-3.537841796875,-0.1480255126953125,0
exchanging,redeeming,5.09423828125,0.17557752132415771,0
exclamation,interrogation,-3.1636962890625,0.11342509835958481,0
exhausting,futile,2.6435546875,-0.19486233592033386,0
expand,freeze,-1.90155029296875,0.17197993397712708,0
fabric,quilting,0.13671875,0.08918453007936478,0
faces,people,-2.03271484375,0.1277204155921936,0
factoring,factorisation,4.201629638671875,-0.08432484418153763,0
fascinating,noble,-5.3984375,-0.1514303982257843,0
fathoms,fathoms,-3.12890625,0.05335067957639694,0
fatter,fatter,0.7271270751953125,0.12686687707901,0
features,profiles,-3.115234375,0.0780358836054802,0
fed,housed,7.621501922607422,0.25692903995513916,0
feedstocks,ligands,0.27734375,-0.2071826159954071,0
felids,nimravids,-2.8818359375,-0.16704165935516357,0
fielders,sluggers,-0.534912109375,0.25308486819267273,0
figs,wasps,1.353515625,-0.3225782811641693,0
files,information,0.125,-0.1152595654129982,0
files,stuff,0.88671875,-0.13483667373657227,0
fishes,people,3.614990234375,0.19442757964134216,0
flatter,flatter,-2.806640625,-0.10022725909948349,0
flatulence,shots,1.2041015625,0.30383551120758057,0
flourishing,green,0.2726116180419922,-0.20561781525611877,0
forests,schools,-0.6878261566162109,0.2565983533859253,0
former,present,-0.889251708984375,-0.2613487243652344,0
former,quarter,-2.1142578125,-0.1416463553905487,0
forties,under,7.20751953125,0.48684850335121155,0
frazil,pancake,-0.628875732421875,-0.2085878849029541,0
freeze,shiver,-1.85101318359375,-0.13673752546310425,0
frequently,recently,3.123046875,-0.23751643300056458,0
friendlessly,homelessly,0.87744140625,-0.22686073184013367,0
frustrated,irritated,-0.2734375,0.1666983664035797,0
frustrated,whining,-1.9316902160644531,-0.4323270618915558,0
future,present,-3.295166015625,-0.19211775064468384,0
gala,rare,0.55322265625,-0.48693758249282837,0
gangsters,pimps,-1.3102569580078125,-0.010363809764385223,0
geological,zoological,-5.662109375,-0.18912523984909058,0
ghostly,good,4.4453125,-0.20792192220687866,0
gifts,supplies,-1.18994140625,0.2558174729347229,0
gleaming,greedy,0.166839599609375,0.01104690134525299,0
gloves,hat,-0.351470947265625,0.2436612844467163,0
glowing,immaculate,-7.1865234375,-0.2251548171043396,0
gold,green,0.294921875,-0.06991332024335861,0
gold,tangerine,0.4248046875,0.12283816188573837,0
gold,treasure,0.638671875,0.22489473223686218,0
good,green,-1.24896240234375,-0.14459726214408875,0
good,honest,-1.634765625,-0.042863499373197556,0
good,honourable,-3.1787109375,0.08324187248945236,0
good,informative,2.505340576171875,0.0032793357968330383,0
good,mad,-1.6434783935546875,-0.21917730569839478,0
good,merciful,-2.7330245971679688,-0.09706210345029831,0
good,noble,0.712890625,-0.032548874616622925,0
good,poor,-1.0263671875,-0.12009692937135696,0
good,straightforward,0.126953125,0.039384834468364716,0
good,unconstrained,-0.0787353515625,0.2517482340335846,0
good,well,0.2685546875,0.011960998177528381,0
gowns,slippers,0.850830078125,0.017126068472862244,0
grains,liquids,2.123046875,-0.10140542685985565,0
graphics,photography,-0.83984375,0.19571036100387573,0
graphics,photos,-3.54296875,-0.2678019106388092,0
grave,questioning,-4.36328125,-0.09449552744626999,0
grave,terrible,2.064453125,0.1519572138786316,0
grave,troubled,2.34765625,-0.06977876275777817,0
green,green,3.8583984375,-0.8101913928985596,0
green,misty,3.904296875,0.15291309356689453,0
green,rust,-1.9423828125,-0.02738945558667183,0
green,violet,1.46923828125,-0.16608229279518127,0
green,wooded,2.75,-0.15665379166603088,0
grows,grows,-0.999267578125,-0.4054677188396454,0
grumbling,whining,6.296875,0.1886807382106781,0
guile,wile,-5.01220703125,-0.16770169138908386,0
haggard,troubled,-0.4128265380859375,-0.08023463189601898,0
handwritten,typed,-3.7777099609375,-0.051569320261478424,0
hardened,stabilised,0.76513671875,-0.05995718017220497,0
harps,songs,-0.607421875,-0.2054605484008789,0
heaviness,sorrow,1.138671875,0.027804888784885406,0
history,mythology,-1.530792236328125,-0.11783745884895325,0
honest,honourable,0.0732421875,0.15693378448486328,0
honest,industrious,-0.67431640625,0.10112681239843369,0
honest,poignant,3.7862548828125,-0.06249842792749405,0
honest,straight,6.35211181640625,-0.4022735059261322,0
honest,straightforward,-2.0546875,-0.13893212378025055,0
honor,manhood,1.455078125,-0.17324796319007874,0
honor,riches,-0.466552734375,0.10990699380636215,0
honor,serve,-2.474609375,-0.11831218004226685,0
honor,service,-0.9453125,0.04354923218488693,0
honor,truthfulness,-1.5205078125,0.3334372937679291,0
honor,wisdom,-2.826171875,0.18164312839508057,0
honourable,merciful,-0.697265625,-0.024717077612876892,0
honourable,necessary,2.11669921875,-0.08708649128675461,0
honourable,poor,-0.541015625,0.2885260581970215,0
hopes,thoughts,0.0478515625,0.171860009431839,0
hormones,neurotransmitters,-0.2729034423828125,0.010422654449939728,0
hugged,kissed,-0.6202011108398438,0.29920727014541626,0
humorously,jokingly,6.675537109375,-0.14064425230026245,0
hurting,terrifying,0.1083984375,0.021491803228855133,0
hydrocarbons,oxygen,3.287109375,-0.4731602668762207,0
hymns,songs,-0.099609375,0.06381522864103317,0
inaccurate,lurid,-9.83203125,0.10049813240766525,0
indefensible,unjustified,-4.4638671875,-0.1819155216217041,0
indonesian,malaysian,-0.181640625,-0.26808592677116394,0
information,knowledge,0.515625,0.3238069415092468,0
information,pictures,1.1113357543945312,0.03751586377620697,0
information,services,4.03125,0.10502516478300095,0
information,support,0.1182861328125,0.2035948932170868,0
information,tips,2.35235595703125,0.09484019130468369,0
injury,predation,0.743896484375,0.11333967000246048,0
inputs,microphones,-0.67889404296875,-0.28072330355644226,0
ins,outs,-0.2529296875,-0.003703169524669647,0
inside,under,3.74609375,-0.08443104475736618,0
insipid,poor,3.060546875,-0.014243178069591522,0
insipid,stupid,-0.81640625,-0.30458685755729675,0
insisting,insisting,-1.3515625,0.008822359144687653,0
inspections,inspections,0.6796875,0.08328559249639511,0
instructions,pictures,0.482421875,0.16147908568382263,0
inventors,scientists,-5.4677734375,-0.04740974307060242,0
irritated,nervous,-1.468017578125,0.0785875990986824,0
jagged,uneven,-2.7314453125,-0.07822903245687485,0
jammed,overheated,-0.30859375,-0.06315436959266663,0
journals,magazines,0.826416015625,-0.025148436427116394,0
joyfully,willingly,-1.42333984375,-0.008071064949035645,0
judgment,taste,0.068359375,0.25682559609413147,0
juggled,stuff,2.025390625,-0.02753184735774994,0
kid,mutton,1.515625,-0.4010769724845886,0
knowledge,liberation,0.3904304504394531,0.5214627981185913,0
knowledge,wisdom,0.751953125,0.18804502487182617,0
lace,leather,3.201171875,-0.2210840880870819,0
lace,needlework,-0.25,-0.017717860639095306,0
last,oldest,2.7021484375,0.11504297703504562,0
last,sixteenth,-0.009765625,-0.3295982778072357,0
last,steepest,-2.5546875,-0.13061365485191345,0
last,twentieth,1.5517578125,-0.24235686659812927,0
lefties,lefties,-2.842010498046875,0.03134024888277054,0
legitimate,popular,0.515716552734375,0.4535581171512604,0
lemonade,sandwiches,-3.3537445068359375,-0.13349980115890503,0
libel,slander,0.39117431640625,-0.21434661746025085,0
liberation,practicality,2.242321014404297,0.23444509506225586,0
lifelike,vivid,5.494140625,-0.377140074968338,0
lipsticks,skirts,-1.4716796875,0.10319248586893082,0
liquid,vapor,-4.328125,-0.0018836632370948792,0
loads,loads,-2.291015625,0.17662200331687927,0
longest,oldest,-2.170654296875,-0.33306214213371277,0
longest,widest,0.90625,-0.13745057582855225,0
look,manner,-4.0081787109375,0.0663304552435875,0
look,voice,-0.28515625,-0.12249599397182465,0
loss,sorrow,-0.197265625,-0.20605304837226868,0
lurid,threatening,1.736328125,-0.017419040203094482,0
lysosomes,peroxisomes,0.22265625,0.14375832676887512,0
made,sold,-4.41796875,-0.411561518907547,0
made,spent,1.3778076171875,-0.31341981887817383,0
majestically,silently,0.8759765625,0.10252555459737778,0
malicious,stupid,4.15234375,0.2118072509765625,0
manner,voice,-5.224609375,0.1688997447490692,0
maths,stuff,-0.394989013671875,0.29155418276786804,0
meagre,unpalatable,0.0,0.0825936421751976,0
melodic,progressive,1.884765625,-0.3721097409725189,0
men,men,4.89453125,-0.2551945447921753,0
men,munition,-2.611663818359375,-0.10866674035787582,0
men,people,1.4759292602539062,-0.07811572402715683,0
men,planes,-1.6835479736328125,0.4381098449230194,0
men,secrets,-2.75,0.27932432293891907,0
men,supplies,-5.1162109375,0.2493545413017273,0
mexican,vietnamese,-3.49560546875,-0.33427414298057556,0
mezcal,pulque,6.248046875,-0.4560546278953552,0
millions,millions,-1.9619140625,0.2169639766216278,0
miraculously,suddenly,-3.74462890625,0.11178367584943771,0
motorcycles,quads,-0.490234375,-0.17669618129730225,0
mountainous,northern,0.16064453125,-0.0077460333704948425,0
mourning,sorrow,-0.1289825439453125,0.045726023614406586,0
nervous,poor,-2.26513671875,-0.15103104710578918,0
nervous,restless,-1.23773193359375,0.08702417463064194,0
nervous,shaky,-1.576171875,0.15116587281227112,0
nervous,weak,1.062744140625,0.09777791053056717,0
nitric,sulphuric,-2.8251953125,0.22954607009887695,0
normal,normal,1.603515625,-0.1321561634540558,0
normal,well,-2.0800018310546875,0.45775678753852844,0
notorious,puzzling,-2.66986083984375,-0.11745212227106094,0
notorious,valuable,1.3203125,-0.2983909845352173,0
nut,washer,-5.953125,-0.20935848355293274,0
offside,support,4.4334716796875,-0.015818215906620026,0
oxygen,sulphur,2.6513671875,-0.2312418818473816,0
paints,pencils,2.01129150390625,0.14017227292060852,0
patiently,watchfully,-7.04296875,-0.13812515139579773,0
patiently,well,-2.211669921875,-0.01952241361141205,0
peel,rot,2.32421875,0.1361934244632721,0
people,plywood,-4.7705230712890625,0.1423441767692566,0
people,priest,-4.77734375,0.1920696496963501,0
people,producers,3.368621826171875,0.06290426105260849,0
people,rituals,-0.470703125,-0.1821908950805664,0
people,servants,-3.84228515625,0.4147365987300873,0
people,situations,-0.078125,0.025105424225330353,0
people,stuff,3.73828125,-0.006544351577758789,0
people,supplies,-3.6953125,0.07334470003843307,0
people,vehicles,-8.819915771484375,0.19076308608055115,0
petrochemical,pharmaceutical,1.0150566101074219,0.2190505564212799,0
photography,videography,0.80078125,-0.1628146469593048,0
picnics,such,-6.367769241333008,-0.014892414212226868,0
pictures,stuff,-1.83984375,-0.14501681923866272,0
pieces,tags,3.113525390625,-0.17700734734535217,0
plaster,wood,1.55975341796875,0.26854291558265686,0
play,want,2.51019287109375,-0.4664820730686188,0
pluck,straight,5.333984375,-0.27450746297836304,0
polynesian,scandinavian,2.6798095703125,0.03694678097963333,0
poor,unnoticed,0.28125,0.2231505811214447,0
poor,weak,-6.765625,-0.15807262063026428,0
popular,saleable,-0.888671875,-0.06694541871547699,0
postnatal,prenatal,0.064453125,-0.0822686105966568,0
practising,practising,-1.22314453125,0.15505117177963257,0
prejudice,stereotypes,-0.890625,0.11196687072515488,0
profane,threatening,1.5653362274169922,-0.17161205410957336,0
professors,scientists,-0.290313720703125,0.26182907819747925,0
prosper,well,1.326171875,0.09690641611814499,0
prosperity,welfare,-0.685546875,-0.07751791179180145,0
psychological,terrible,2.3984375,0.26752784848213196,0
publications,scientists,-3.17578125,0.3019044101238251,0
rabbit,sit,2.2587890625,0.13888424634933472,0
radium,sediments,-1.533203125,0.0728234276175499,0
rained,rained,0.80859375,-0.19419121742248535,0
rakes,spades,-1.0251235961914062,0.22285202145576477,0
rare,shameful,-1.0126953125,-0.019325729459524155,0
rare,uncommon,-1.3571243286132812,-0.08237027376890182,0
rare,valuable,-8.16796875,-0.38083067536354065,0
rare,wicious,-1.591796875,0.09536086767911911,0
reformist,separatist,-0.123779296875,-0.266348272562027,0
restless,troubled,2.28369140625,0.1519775092601776,0
reverently,silently,-1.822265625,0.14030331373214722,0
reverently,tenderly,1.5283203125,-0.05712023004889488,0
rides,sings,-1.2853355407714844,-0.2000674307346344,0
roll,roll,-0.1248779296875,-0.3837520182132721,0
runs,shrieks,-0.033203125,-0.3425244987010956,0
sand,varnish,3.388671875,0.1760345697402954,0
sandwiches,stuff,-0.204833984375,0.20101812481880188,0
satisfied,triumphant,0.564453125,-0.1722472608089447,0
schools,schools,4.87109375,0.5184968709945679,0
schools,services,-0.4384765625,0.06686446815729141,0
schools,situations,-2.8761444091796875,0.19575580954551697,0
schools,staff,1.091796875,0.3657587766647339,0
schools,stuff,1.88861083984375,0.27695056796073914,0
seasons,weather,2.96484375,-0.14602354168891907,0
servants,servants,10.513427734375,0.379054456949234,0
service,such,2.233642578125,-0.04231821745634079,0
services,support,5.671875,-0.03529134392738342,0
shakes,twitches,-4.6640625,-0.14548903703689575,0
shortsighted,weak,-1.71875,-0.6120778918266296,0
shovels,spades,1.02685546875,0.26159974932670593,0
shriller,shriller,0.07177734375,-0.15850818157196045,0
silently,smoothly,1.184295654296875,-0.23591670393943787,0
silently,sorrowfully,-3.3707189559936523,-0.1347765326499939,0
silently,suddenly,3.760498046875,-0.22103461623191833,0
sixteenth,twentieth,1.527557373046875,0.08054592460393906,0
slave,slave,-0.6171875,0.20252153277397156,0
snot,stuff,1.212890625,0.18405231833457947,0
sobbed,sobbed,0.227783203125,0.20021381974220276,0
sodomites,usurers,-0.45742034912109375,-0.2661769390106201,0
sonatas,sonatinas,-0.6474609375,-0.35147371888160706,0
songs,stuff,1.04052734375,-0.03781673312187195,0
spent,weak,0.51171875,-0.3202930986881256,0
stacks,stacks,-0.30859375,-0.11180184036493301,0
startling,terrible,-3.380859375,0.04172699898481369,0
steel,wood,0.31951904296875,-0.5924460887908936,0
straight,sturdy,2.0791015625,-0.008344478905200958,0
strenuously,well,-2.958984375,0.11583509296178818,0
stuff,supplies,4.125797271728516,0.23402956128120422,0
stuff,wood,1.7509765625,-0.3788377046585083,0
stupid,tedious,1.01953125,-0.029129713773727417,0
stupid,weak,-3.31353759765625,0.2438359260559082,0
such,such,-8.056640625,0.10180053859949112,0
such,support,-0.68603515625,-0.06325560063123703,0
sunset,sunset,-3.9888458251953125,-0.026751801371574402,0
supplies,vehicles,-0.51171875,-0.05670270323753357,0
support,support,-4.0234375,-0.10552684962749481,0
taste,wisdom,-2.8587646484375,0.1577523648738861,0
tomorrow,tomorrow,-3.642333984375,0.2048313319683075,0
tomorrow,yesterday,-2.001953125,-0.05735446512699127,0
trolls,witches,-0.63201904296875,0.2320897877216339,0
twain,twain,-5.11328125,0.019823528826236725,0
uninjured,well,1.0427093505859375,-0.03828725963830948,0
varnish,wood,0.5625,-0.05683685839176178,0
vulnerable,weak,0.028564453125,-0.04855045676231384,0
wave,wave,-4.41748046875,-0.4637031853199005,0
worse,worse,5.619140625,-0.12023723870515823,0
worser,worser,-0.188232421875,0.06381916254758835,0
accuracy,efficiency,2.89990234375,-0.21053826808929443,1
accuracy,range,-1.7239990234375,0.09165044873952866,1
acetone,ethanol,-1.59600830078125,-0.04342731088399887,1
across,across,0.62890625,-0.2435273826122284,1
admiringly,kindly,-4.78515625,0.17492267489433289,1
aeronauts,workers,-1.10546875,0.07844551652669907,1
affairs,infidelities,-0.50286865234375,0.10958894342184067,1
affection,approval,-0.322265625,-0.45511195063591003,1
affection,impatience,0.322265625,-0.27892252802848816,1
afraid,lonely,1.253662109375,0.22236424684524536,1
again,again,0.155059814453125,0.017554089426994324,1
again,now,1.8887443542480469,-0.37519434094429016,1
again,simply,-6.888671875,-0.3821168839931488,1
again,so,2.66943359375,-0.7542182803153992,1
agile,quick,-4.0322265625,-0.04902300238609314,1
airy,pleasant,0.981689453125,-0.08941534161567688,1
airy,wholesome,1.4658203125,0.05915535241365433,1
albanian,serbian,-2.9190673828125,-0.16898345947265625,1
alcohol,cocaine,1.63671875,-0.5743234753608704,1
allowances,exemptions,4.0177001953125,-0.10143525153398514,1
ample,comfortable,1.45166015625,-0.05931307375431061,1
amputation,castration,3.43994140625,-0.054892897605895996,1
anglican,catholic,-3.7890625,0.2298985719680786,1
animals,games,5.509765625,0.03225145488977432,1
animals,giggles,-4.1044921875,-0.013012655079364777,1
animals,pets,0.91015625,0.022778213024139404,1
animals,trees,1.0265121459960938,-0.18115171790122986,1
anxiety,impatience,1.29315185546875,-0.23140805959701538,1
anxiety,nervousness,0.7529296875,-0.3305772542953491,1
anxiety,paranoia,-1.998046875,-0.036614954471588135,1
anxiety,terror,-1.5537109375,-0.26091575622558594,1
anxiety,worry,-8.0205078125,-0.16873466968536377,1
approval,discussion,-0.4609375,-0.608494222164154,1
approval,satisfaction,2.227783203125,-0.6415932774543762,1
approve,listen,2.861328125,-0.027510978281497955,1
apps,games,1.15234375,0.18280398845672607,1
armed,resolute,0.03448486328125,-0.07997239381074905,1
armed,unarmed,-2.91650390625,-0.1068229079246521,1
armor,horse,0.14221572875976562,0.4929981529712677,1
aspirin,sterno,1.5107421875,0.03191804885864258,1
astonished,pained,0.140625,-0.11809811741113663,1
astonishing,disheartening,1.5078125,0.5224645137786865,1
ate,ate,1.449462890625,0.3233003616333008,1
ate,talked,1.5110626220703125,0.20035752654075623,1
athletics,games,-0.714599609375,0.41476789116859436,1
athletics,wrestling,3.8154296875,0.06913774460554123,1
atrocities,death,-0.400390625,0.08729662746191025,1
avoid,try,1.050567626953125,0.12143094092607498,1
awed,mute,5.99609375,0.20397505164146423,1
balks,leas,1.421875,0.4163834750652313,1
bands,performers,2.25390625,-0.19815364480018616,1
bare,barren,-2.265625,-0.2785903811454773,1
bare,colder,0.3056640625,0.32897818088531494,1
bare,dusty,-3.39453125,-0.0050294771790504456,1
bare,parched,0.296875,-0.11808637529611588,1
bare,rugged,0.78802490234375,-0.005521990358829498,1
bare,stark,-1.4192352294921875,-0.08697216212749481,1
bare,wet,2.263671875,0.2280573844909668,1
barns,fields,4.4130859375,0.4785836637020111,1
barns,outbuildings,1.6279296875,-0.19421645998954773,1
barren,low,-0.52587890625,0.07440788298845291,1
barren,parched,-0.440399169921875,-0.07838404178619385,1
barren,rugged,-0.1201171875,0.1302967071533203,1
bars,bars,0.375,-0.013291656970977783,1
bars,bolts,-1.905303955078125,-0.22405683994293213,1
bars,pubs,2.730712890625,0.14464280009269714,1
bears,catamounts,-0.116455078125,0.35528987646102905,1
beds,paths,2.314453125,-0.080205038189888,1
before,now,-1.15771484375,0.03739360719919205,1
before,since,-2.783203125,-0.18531394004821777,1
before,so,3.3549957275390625,0.2435530722141266,1
before,whispered,-2.46484375,-0.09741432219743729,1
beheaded,condemned,1.0006027221679688,0.03812951594591141,1
beheaded,flayed,-1.522186279296875,-0.10682918131351471,1
benevolently,kindly,-0.7462921142578125,-0.18934184312820435,1
beverages,food,0.94140625,0.08271094411611557,1
billiards,pool,-3.193359375,0.35464516282081604,1
biographical,critical,-0.091796875,0.1008945032954216,1
blogs,newspapers,1.7837982177734375,0.47031834721565247,1
bloodshed,quarrels,0.546875,-0.28054550290107727,1
borrowing,borrowing,0.1220703125,-0.371994286775589,1
bottle,glasses,-3.513671875,0.02646244317293167,1
brave,intelligent,-0.28515625,0.07977697998285294,1
brave,resolute,3.064453125,-0.06691145151853561,1
brave,warlike,-4.962890625,-0.056653983891010284,1
breadth,height,-0.6121826171875,0.2827339172363281,1
briefly,hurriedly,3.325439453125,-0.7909354567527771,1
briefly,simply,-0.9130859375,-0.3743915259838104,1
brightest,hottest,0.43408203125,0.3705884516239166,1
brightest,merriest,3.0546875,0.5883646607398987,1
brightest,wisest,0.2587890625,0.29022660851478577,1
brushed,brushed,2.8101806640625,0.3163110315799713,1
brushed,pressed,3.77667236328125,0.14837214350700378,1
brushed,wet,0.560546875,0.1646094024181366,1
buggies,horse,-6.265625,0.3275008499622345,1
buildings,furniture,2.68701171875,0.41261014342308044,1
buildings,land,0.130859375,0.0060896798968315125,1
buildings,towns,-0.59613037109375,-0.03478963300585747,1
buildings,track,2.2578125,-0.09887590259313583,1
buildings,trees,1.42919921875,0.1574392318725586,1
bull,cow,-0.8798980712890625,-0.08981438726186752,1
bull,trident,-1.94140625,0.34280163049697876,1
bunny,horse,2.603668212890625,0.04549809545278549,1
buttercups,clover,0.0210723876953125,0.25429046154022217,1
byzantine,roman,-1.972442626953125,-0.1680198609828949,1
calmness,equanimity,-2.3955078125,-0.21388542652130127,1
calvarium,face,0.30036163330078125,0.2518584728240967,1
canoes,skiffs,3.97705078125,0.1360921859741211,1
capacity,scaleability,-2.40234375,-0.44453248381614685,1
cardiovascular,nerve,-2.9140625,-0.08481647074222565,1
careless,pleasant,1.123046875,-0.3467637002468109,1
careless,reckless,-3.9150390625,0.22736120223999023,1
careless,shiftless,-0.86328125,0.017497122287750244,1
catholic,monarchical,-1.21875,0.2737971842288971,1
cats,cows,1.083984375,-0.29153940081596375,1
cats,stoats,-3.87890625,0.3435803949832916,1
centre,front,4.757568359375,-0.5385851263999939,1
chafed,disappointed,0.28564453125,0.042158953845500946,1
chain,collar,-1.80712890625,0.17776548862457275,1
charm,terror,2.0207748413085938,0.41196975111961365,1
charming,dusty,1.416015625,0.18668094277381897,1
charming,genial,-1.017578125,0.35221195220947266,1
charming,respectable,2.203125,0.2145964801311493,1
charming,seductive,-3.59912109375,-0.009534411132335663,1
charms,witchcraft,-0.16015625,-0.13253748416900635,1
charred,naked,1.990234375,0.456944078207016,1
chatter,strut,2.025390625,0.0740392729640007,1
chilli,onions,-1.365753173828125,-0.07302834838628769,1
chills,shivers,-0.2890625,-0.2264104187488556,1
chirruping,twittering,4.9527587890625,-0.0828746110200882,1
cinders,smoke,5.671875,-0.49396803975105286,1
circumcision,food,0.55859375,0.20151090621948242,1
circumcision,scarification,-2.38330078125,0.042563773691654205,1
class,gender,4.96875,0.4220970571041107,1
class,snobbery,0.3401031494140625,0.0524105504155159,1
clearly,simply,0.69921875,-0.32436901330947876,1
clearly,succinctly,-5.060546875,-0.49786177277565,1
click,tell,1.1510772705078125,-0.12786662578582764,1
climb,climb,0.7001953125,-0.17042697966098785,1
climb,jump,-0.46630859375,-0.07370443642139435,1
club,fang,-1.8447265625,0.12823590636253357,1
club,lash,2.953125,0.0925181582570076,1
cocaine,heroine,1.419921875,0.07824600487947464,1
colder,colder,-4.20806884765625,-0.2230769693851471,1
colder,wetter,-2.766693115234375,-0.10950865596532822,1
colourful,gorgeous,0.0703125,0.1668170690536499,1
comfortable,easy,-1.671875,-0.16294118762016296,1
comfortable,jolly,-0.247314453125,-0.17711126804351807,1
comfortable,low,0.0,0.1709877848625183,1
comfortable,pleasant,-0.431884765625,-0.2426910400390625,1
comments,concern,-2.807098388671875,0.014401234686374664,1
commons,lords,2.50390625,0.1973874866962433,1
completeness,finality,-2.025390625,-0.2946772575378418,1
condemned,tried,0.5419921875,-0.042432814836502075,1
confusing,sad,-2.164031982421875,-0.09063483029603958,1
considerable,effective,0.605682373046875,-0.18065112829208374,1
contemporary,contemporary,-2.4765625,0.1527017056941986,1
cooler,cooler,-2.3947296142578125,0.1562034785747528,1
cooler,fresher,2.65374755859375,0.7212086319923401,1
cooler,grayer,-5.1521453857421875,0.23116430640220642,1
coolly,deliberately,-2.2384033203125,0.12053557485342026,1
countermarch,march,-1.674285888671875,-0.09128125756978989,1
cows,girls,0.5712890625,0.09593423455953598,1
cows,goats,4.45379638671875,-0.2004736363887787,1
cried,cried,-1.02734375,-0.1891867220401764,1
cried,screamed,4.767486572265625,0.2924211621284485,1
cried,talked,-4.59765625,0.1323302984237671,1
crisp,curly,1.60546875,0.5287864208221436,1
crisp,sunny,1.4296875,0.2071457803249359,1
critical,dictatorial,-5.87890625,-0.029956631362438202,1
criticism,discussion,0.732421875,-0.34871184825897217,1
cultured,intelligent,-0.787109375,0.14456984400749207,1
cunninger,cunninger,1.0771484375,-0.08422593772411346,1
cup,silverware,1.001708984375,-0.1487010419368744,1
curmudgeonly,cynical,-0.587890625,0.3320169150829315,1
damnation,death,1.759765625,0.3909691274166107,1
darkened,deepened,-1.077880859375,0.11277113109827042,1
dearest,kindest,2.32025146484375,0.6288618445396423,1
death,fugitive,-1.788116455078125,0.18772611021995544,1
death,infamy,2.9896240234375,0.3920745551586151,1
death,infection,0.9453125,-0.18750599026679993,1
death,prison,0.2685546875,-0.06769794225692749,1
death,terror,1.439453125,-0.478340208530426,1
death,thirst,-1.32547926902771,0.15186280012130737,1
deep,deep,4.996665954589844,-0.04678422585129738,1
deep,intelligent,1.4037132263183594,-0.16045109927654266,1
deep,lonely,-3.883544921875,0.05089478939771652,1
deep,low,8.41796875,-0.14304448664188385,1
deep,slow,-0.9296417236328125,0.21417555212974548,1
deep,solitary,-1.62445068359375,-0.07309700548648834,1
deep,sullen,-2.2421875,0.04660104960203171,1
deep,wide,-3.406005859375,0.0776282325387001,1
deepened,increased,-0.087890625,-0.408708781003952,1
defiance,malediction,2.0009765625,0.009427674114704132,1
delusion,witchcraft,-1.54296875,-0.2093963623046875,1
details,subjects,0.04962158203125,0.4059997498989105,1
dienes,polyenes,2.875,0.03746078163385391,1
differentiation,integration,-3.685546875,0.13379108905792236,1
dig,dig,2.83203125,0.13640207052230835,1
dining,sitting,-0.7236328125,-0.4707934856414795,1
disappointed,puzzled,-0.58984375,0.4590011537075043,1
disappointed,sad,1.4095458984375,-0.020395711064338684,1
discipline,holy,-1.10498046875,0.16468480229377747,1
discipline,obedience,0.4169921875,-0.1283966302871704,1
discipline,satisfaction,2.0284423828125,-0.1470869481563568,1
discriminating,just,-2.75390625,-0.2045338749885559,1
disenfranchised,lonely,-4.717071533203125,0.019582338631153107,1
dive,dive,-0.98956298828125,-0.07739917188882828,1
dive,jump,5.9951171875,-0.011292494833469391,1
dragging,slow,-6.212890625,0.14913523197174072,1
drenched,shivering,-1.220703125,-0.027493633329868317,1
dressed,washed,1.5048828125,0.22608056664466858,1
drinkning,eating,1.00830078125,-0.33881905674934387,1
dukes,lords,-2.099609375,0.4659564793109894,1
dusty,withered,5.0234375,-0.062115803360939026,1
dynasties,kings,1.951171875,0.27694979310035706,1
easy,joyful,-0.7529296875,-0.15927165746688843,1
easy,pleasant,-3.638671875,0.08727072924375534,1
easy,quick,-2.0081787109375,0.3537479639053345,1
easy,slow,-4.478515625,0.05802419036626816,1
eating,eating,-0.3974609375,0.005454741418361664,1
eating,food,-0.9435882568359375,-0.1519002616405487,1
eating,sitting,-0.271484375,-0.3304409682750702,1
eating,slurping,3.942138671875,-0.35482582449913025,1
eating,thinking,1.569091796875,-0.018354058265686035,1
economically,safely,0.038726806640625,0.03903625160455704,1
effective,quick,-0.7939453125,-0.14848247170448303,1
effective,rugged,-5.0146484375,0.2624894976615906,1
electrodes,filaments,3.8125,0.36680230498313904,1
eloquent,grateful,3.369140625,0.46706417202949524,1
endothermic,homoeothermic,-0.08984375,-0.018099240958690643,1
enjoyments,surprises,3.748046875,-0.32664576172828674,1
exceeded,reached,-2.5,-0.07617320865392685,1
exist,move,2.384765625,0.06228182464838028,1
expensive,impractical,-3.1865234375,-0.05010119453072548,1
expensive,just,2.798583984375,0.11097490042448044,1
expensive,showy,5.283203125,-0.34701117873191833,1
exporters,importers,0.112060546875,0.22596612572669983,1
fatigue,terror,2.0872802734375,-0.27804696559906006,1
fearlessly,truly,-1.947265625,-0.08163698762655258,1
feelings,thinking,-3.84442138671875,-0.16673943400382996,1
fewer,fewer,-1.0869140625,-0.15854361653327942,1
fibre,metal,1.76953125,-0.07651960849761963,1
fields,fields,1.51953125,-0.37570255994796753,1
fields,mountains,2.810882568359375,-0.01923663169145584,1
fields,trees,-3.40289306640625,-0.2864339351654053,1
fierce,resolute,1.204345703125,-0.3258804380893707,1
films,musicals,0.373046875,0.24165433645248413,1
finding,seeking,-3.33203125,0.3543775975704193,1
fingers,food,-6.4375,0.005256198346614838,1
fingers,gabbling,-0.875,0.0029427483677864075,1
fingers,penguin,2.140625,-0.16261634230613708,1
firing,food,1.025634765625,0.1475907266139984,1
flapping,flapping,3.509765625,0.000322975218296051,1
flurry,worry,4.8173828125,0.051745690405368805,1
food,horse,-0.882080078125,-0.18982122838497162,1
food,material,0.9765625,0.41081133484840393,1
food,news,-3.8841400146484375,-0.0027967169880867004,1
food,newspapers,2.982177734375,0.062148354947566986,1
fools,weaklings,2.8079376220703125,0.19976282119750977,1
forevermore,now,2.30029296875,-0.6113225221633911,1
forgotten,lonely,5.54296875,-0.06747255474328995,1
fought,fought,0.3681640625,0.010953038930892944,1
front,hind,0.9971504211425781,-0.25531890988349915,1
frozen,wet,-4.439697265625,0.1363201141357422,1
frugality,industry,-0.2880859375,-0.29694435000419617,1
furniture,interiors,-0.369384765625,-0.461502343416214,1
gaiters,smocks,-2.017578125,0.14750906825065613,1
gashed,gored,3.42138671875,0.014465101063251495,1
genial,pleasant,1.0501708984375,0.11796148866415024,1
geographic,magnetic,-1.4400634765625,0.2895919978618622,1
geographical,otherwise,0.533447265625,0.20450752973556519,1
geology,mineralogy,-0.042236328125,0.3265828788280487,1
ginger,sugar,-2.311767578125,0.2426944077014923,1
girls,women,2.0830078125,-0.09521565586328506,1
glitter,sequins,-0.50927734375,0.40361806750297546,1
goats,knifes,-6.042778015136719,-0.055759601294994354,1
gorgeous,sunny,-1.338134765625,0.4396760165691376,1
governments,militaries,0.8219070434570312,0.17117729783058167,1
grab,try,-0.85546875,-0.0012145861983299255,1
grain,wheat,-2.794921875,-0.1797747015953064,1
grateful,low,0.86865234375,0.5369908809661865,1
grateful,luxurious,-0.70556640625,0.058268629014492035,1
grayer,grayer,3.72265625,0.24933019280433655,1
greasing,loosening,-3.70703125,-0.26070326566696167,1
guilty,uncomfortable,-1.267333984375,-0.25750142335891724,1
gutters,trees,-0.85662841796875,0.032142214477062225,1
handshakes,photo,-0.49713134765625,0.47315797209739685,1
happily,safely,-0.47265625,-0.2169577181339264,1
harmless,pleasant,0.2421875,-0.41800329089164734,1
harmless,small,-4.6015625,0.5357086658477783,1
hate,hate,0.90313720703125,-0.1313217282295227,1
hate,vengeance,-0.255859375,0.30192169547080994,1
healed,humbled,5.592723846435547,-0.05039244890213013,1
herbalists,naturopaths,-5.5420684814453125,-0.1265038251876831,1
heresy,schism,0.12939453125,0.2581561803817749,1
herodotean,homeric,1.9833221435546875,0.2880465090274811,1
hexagonal,monoclinic,-5.9986724853515625,0.06382683664560318,1
hish,low,-3.70703125,-0.025850512087345123,1
hither,yon,-2.20703125,-0.11888492852449417,1
holy,just,1.0380859375,0.27788934111595154,1
honestly,truly,-2.839111328125,-0.2864557206630707,1
horse,horse,-3.78173828125,0.1502697765827179,1
imitations,sentences,-0.564453125,-0.14922767877578735,1
impatience,revolt,-1.62109375,-0.19480811059474945,1
impractical,uncomfortable,-2.71484375,-0.2007390707731247,1
increased,stimulated,2.755859375,-0.23573479056358337,1
industry,obedience,-1.42822265625,-0.3083736002445221,1
infamy,shame,-0.234375,0.17687895894050598,1
insincerity,treachery,-1.986328125,-0.13484352827072144,1
inspection,repair,-0.83984375,0.2578578293323517,1
intelligent,pleasant,-0.75390625,-0.05010201781988144,1
intelligent,superior,-0.521484375,-0.01788460463285446,1
intelligent,unprejudiced,-0.89105224609375,0.25314170122146606,1
interested,kindly,-2.8719482421875,0.1517036259174347,1
interested,slow,-4.51361083984375,0.09400459378957748,1
interrupted,low,-4.119140625,0.11652123183012009,1
intimate,small,-5.129638671875,0.06402432173490524,1
intimidate,try,-0.269287109375,-0.05455294996500015,1
investments,pilgrimage,-1.33447265625,0.29575976729393005,1
just,pious,-1.859375,-0.06355223804712296,1
just,rightful,5.007559776306152,0.08468087762594223,1
just,try,-2.951171875,0.5400616526603699,1
kindest,wisest,1.572265625,0.1852194368839264,1
kindly,philanthropic,-3.05078125,0.48899295926094055,1
kindly,pious,-0.1015625,-0.019251465797424316,1
kindly,pleasant,-3.083984375,-0.18539661169052124,1
kings,lords,7.4609375,0.0786861702799797,1
kiss,tell,2.4677734375,0.07864793390035629,1
knock,try,-1.08984375,0.04604790359735489,1
labored,slow,-2.65234375,0.1148572787642479,1
laces,stays,2.942138671875,-0.5638774037361145,1
laconic,slow,1.27008056640625,0.2791520655155182,1
land,mountains,-1.13037109375,-0.13597054779529572,1
land,naval,4.177734375,-0.04241437464952469,1
land,possessions,1.787109375,-0.17127065360546112,1
land,seas,-2.770751953125,-0.0032694488763809204,1
land,try,3.134765625,0.21054872870445251,1
laxer,shaggier,-1.79541015625,0.2965754568576813,1
lesbians,women,3.943319320678711,-0.041100092232227325,1
lethality,range,1.70819091796875,0.28883805871009827,1
lettuce,radishes,7.743896484375,0.035159118473529816,1
lie,lie,1.64453125,0.2022298276424408,1
lie,shoot,-2.63134765625,0.031726621091365814,1
listen,listen,-1.283203125,0.09286009520292282,1
listen,pause,0.90234375,0.12055980414152145,1
listen,try,-1.35760498046875,0.6052927374839783,1
literature,newspapers,1.1224365234375,0.2928394675254822,1
literature,religion,4.03521728515625,-0.06241291016340256,1
lonely,sad,-4.260986328125,0.11606613546609879,1
lonely,sick,2.3427734375,-0.23930662870407104,1
lonely,solitary,1.220703125,0.1137765422463417,1
lonely,wet,2.34765625,0.13147473335266113,1
lonely,wide,3.548492431640625,0.26581135392189026,1
low,lower,2.718505859375,-0.028715841472148895,1
low,primary,3.4560546875,-0.5256878733634949,1
low,quick,1.443359375,-0.16763728857040405,1
low,rounded,2.20343017578125,-0.0365845151245594,1
low,sad,5.54296875,0.10420817881822586,1
low,slow,1.22412109375,-0.003098219633102417,1
low,wet,2.4420166015625,-0.015430338680744171,1
lower,lower,0.4095420837402344,-0.08048887550830841,1
lower,slower,0.021484375,-0.6726545691490173,1
lowriders,women,3.49853515625,0.0161595419049263,1
maimed,sick,-1.8137779235839844,0.13768592476844788,1
manacle,prison,-2.578125,-0.17846885323524475,1
march,sing,0.17067718505859375,0.17997637391090393,1
memorizing,remark,2.4765625,0.0974840447306633,1
mercury,mud,3.5390625,-0.037360914051532745,1
metal,woodwork,-2.341796875,0.030581392347812653,1
mid,small,-2.13525390625,0.13875234127044678,1
moderator,panelist,3.04083251953125,0.09341131895780563,1
molecules,solids,0.283203125,-0.20278142392635345,1
mom,pop,1.9833984375,0.5970809459686279,1
momentum,position,-0.219757080078125,-0.172998309135437,1
monstrous,terrific,-0.02734375,0.14528200030326843,1
morality,religion,0.007830619812011719,0.2547401487827301,1
mortice,tenon,0.15576171875,-0.5616070628166199,1
mountains,plateaux,-6.5625,0.13458800315856934,1
mountains,seas,0.783203125,-0.41443660855293274,1
mountains,trees,0.4380302429199219,0.03244665265083313,1
move,move,1.252044677734375,-0.1284036785364151,1
move,position,6.267578125,0.490338534116745,1
mud,slime,0.9375,-0.08327032625675201,1
mud,stones,-4.060546875,0.2326553761959076,1
murdering,robbing,-0.2041015625,0.007224030792713165,1
murkier,murkier,0.9150390625,0.5483616590499878,1
naked,weaponless,3.72119140625,-0.31113797426223755,1
napkins,silverware,-7.845703125,0.03759140521287918,1
nervously,peevishly,4.6171875,0.12944471836090088,1
newies,townies,-2.082275390625,-0.08975770324468613,1
nicer,nicer,0.3779296875,0.2161286473274231,1
nights,nights,0.232330322265625,-0.012569375336170197,1
nodding,nodding,0.17578125,0.13623028993606567,1
nodding,rocking,1.3789749145507812,-0.23990580439567566,1
now,now,-1.357421875,0.2244112193584442,1
now,so,-0.583984375,-0.024961702525615692,1
nursery,primary,0.0322265625,-0.07203967124223709,1
obedience,restraint,2.45703125,-0.3347005248069763,1
obedience,socialization,1.61328125,-0.19151148200035095,1
obedience,terror,0.0106201171875,-0.060423076152801514,1
office,wealth,3.7828598022460938,-0.18819168210029602,1
oftener,oftener,1.474609375,-0.05163254588842392,1
opens,slams,-0.484375,-0.25261619687080383,1
outbuildings,trees,0.7374267578125,0.07183224707841873,1
overalls,pigtails,-1.09765625,0.08336707204580307,1
pans,tachos,-3.525390625,-0.11789372563362122,1
parched,uncomfortable,0.0625,0.10346337407827377,1
pauses,progresses,-1.078857421875,-0.1250813603401184,1
peculiar,quick,1.505859375,0.46361836791038513,1
perishing,sickening,-0.38134765625,0.532039225101471,1
petrol,petrol,-0.14404296875,-0.058526091277599335,1
pitched,unwound,0.8583984375,-0.47604700922966003,1
plainer,plainer,2.326171875,0.23234078288078308,1
planning,thinking,-2.490234375,-0.42521336674690247,1
pleasant,solitary,1.865234375,-0.2992202043533325,1
pleasant,wholesome,7.59375,0.3611074984073639,1
portly,princely,3.4345703125,0.29183101654052734,1
position,wealth,3.16015625,-0.18873023986816406,1
possessions,products,-1.279296875,0.2686593532562256,1
pressed,trodden,-0.3372802734375,0.06981376558542252,1
primitive,small,-2.955078125,0.05648554116487503,1
principle,purpose,-5.865234375,-0.31944090127944946,1
prison,psychiatrists,1.232025146484375,-0.12632018327713013,1
processes,products,-0.923828125,-0.0138201043009758,1
processes,uses,0.7734375,-0.27170059084892273,1
psychologists,sociologists,1.5390625,0.20558112859725952,1
puffed,puffed,-1.19140625,0.20822563767433167,1
puzzled,slow,0.751953125,0.8502013683319092,1
quick,resolute,-3.013671875,-0.5824978351593018,1
quick,skilful,-0.41094970703125,-0.16336748003959656,1
quick,small,-3.5498046875,0.09475990384817123,1
raining,raining,-1.251708984375,-0.03238597884774208,1
rarer,rarer,3.4375,0.17855703830718994,1
reached,rounded,4.6171875,0.3180071711540222,1
read,read,-0.119140625,-0.07931868731975555,1
read,talked,0.8434085845947266,-0.06387859582901001,1
read,try,2.27734375,0.26747623085975647,1
realer,realer,-0.279296875,-0.018152885138988495,1
realism,symbolism,4.1044921875,0.054372526705265045,1
reared,whinnied,-0.91510009765625,0.31742605566978455,1
redder,redder,-4.32470703125,0.028150148689746857,1
ride,shoot,1.904296875,0.0868678167462349,1
rounded,rugged,-1.48876953125,-0.011290378868579865,1
rubies,sapphires,1.2119674682617188,-0.019302554428577423,1
rugged,small,0.236328125,0.18851783871650696,1
rugged,steep,-3.05792236328125,-0.041876547038555145,1
rugged,thrifty,-0.261810302734375,-0.01095995306968689,1
ruthlessness,treachery,2.28497314453125,-0.3168238699436188,1
sad,sick,-1.9521484375,-0.03611359745264053,1
sad,solitary,0.23046875,-0.2001204490661621,1
sad,sullen,1.65380859375,-0.21511700749397278,1
safely,simply,2.083984375,0.03538152575492859,1
scowling,squinting,-3.90234375,0.3774551749229431,1
screamed,screamed,-0.7018280029296875,0.055389635264873505,1
secretive,vengeful,-0.633026123046875,-0.0859963670372963,1
seductive,sexy,4.783203125,0.13464894890785217,1
selective,skilful,4.54315185546875,0.5924971699714661,1
sepsis,thrombosis,5.13916015625,-0.07733836770057678,1
serbian,yugoslav,2.31005859375,-0.018586598336696625,1
set,try,2.2852783203125,0.14539355039596558,1
shale,stones,0.497711181640625,-0.13321706652641296,1
shell,shrapnel,1.076171875,0.05595698207616806,1
shoot,shoot,2.462890625,0.10309682041406631,1
simply,strictly,1.994140625,0.11021623760461807,1
slow,slower,-1.712738037109375,-0.038820553570985794,1
slow,small,0.41339111328125,0.11029928177595139,1
slow,wearily,1.8046875,-0.15486688911914825,1
slower,slower,-1.5,0.3157142698764801,1
slower,surer,3.54248046875,-0.12512332201004028,1
small,uncomfortable,2.96484375,-0.29520562291145325,1
small,unimportant,-4.43719482421875,0.15001294016838074,1
snake,stool,-0.15380859375,-0.18033567070960999,1
so,so,-1.1124267578125,0.08968957513570786,1
stool,truck,0.361328125,-0.5642141699790955,1
stranger,stranger,3.36279296875,0.15719902515411377,1
stretched,stretched,0.654296875,-0.01267080008983612,1
stunned,stupefied,-0.51171875,0.15133950114250183,1
sullen,wrathful,0.708984375,-0.15085555613040924,1
sun,sun,-2.451171875,-0.021504394710063934,1
sunnier,sunnier,-1.880859375,0.29308974742889404,1
swiftest,wisest,2.339111328125,0.47211822867393494,1
talked,talked,0.21220779418945312,0.062116555869579315,1
talked,walked,-1.0333786010742188,0.4421980082988739,1
teaspoon,teaspoons,-3.08056640625,0.20620769262313843,1
thinking,thinking,5.521484375,-0.07384643703699112,1
thinking,wishing,3.9304351806640625,-0.03783152252435684,1
thousands,thousands,5.330078125,-0.37639930844306946,1
tighter,tighter,-1.708984375,-0.055547311902046204,1
trees,trees,-0.5244140625,-0.31632086634635925,1
trees,undergrowth,-1.9156494140625,0.10114505141973495,1
tried,tried,-1.078125,0.10263022035360336,1
try,try,6.083984375,0.3306422233581543,1
walked,walked,-0.66015625,0.2637351453304291,1
weeps,weeps,-0.294921875,0.30967748165130615,1
wetter,wetter,1.3109130859375,-0.03910994157195091,1
whispered,wore,-3.142578125,0.06637140363454819,1
wishing,wishing,2.010181427001953,-0.17942391335964203,1
younger,younger,7.782745361328125,-0.050355590879917145,1
abloom,sweet,-0.44921875,0.10852177441120148,2
abuse,derision,-0.52685546875,0.13217461109161377,2
abuse,profanity,2.44207763671875,0.07497362792491913,2
abuse,violence,1.23779296875,0.256447434425354,2
aching,hot,-1.208740234375,-0.34105798602104187,2
acrid,hot,1.174072265625,0.23731869459152222,2
acronyms,bits,3.26953125,-0.5162883996963501,2
addictive,dangerous,0.8330078125,0.06997436285018921,2
addresses,names,0.4140625,-0.6040444374084473,2
adorable,cute,2.1773681640625,0.13287687301635742,2
age,dirt,0.794921875,0.3643544316291809,2
age,usage,-1.0064849853515625,0.23226171731948853,2
algae,cyanobacteria,-1.92919921875,-0.00505906343460083,2
algae,pondweed,-4.38671875,0.25832486152648926,2
algae,salts,-1.4039306640625,-0.06459450721740723,2
always,always,1.5103759765625,0.20399558544158936,2
always,everywhere,0.20703125,-0.11414796113967896,2
amazed,furious,3.8642578125,0.060371264815330505,2
amazed,screaming,-3.98046875,0.20180276036262512,2
amazed,terrified,-4.1572265625,-0.08620047569274902,2
amazed,utter,2.29296875,0.4151855409145355,2
ambulance,police,-1.12890625,0.16269665956497192,2
amending,improving,-6.2569580078125,0.061132609844207764,2
amplifiers,loudspeakers,-0.968505859375,-0.07993140816688538,2
analysis,commentary,1.3125,0.2482672482728958,2
analysis,presentation,0.068359375,-0.18298578262329102,2
analysis,remodeling,0.26202392578125,0.02363106608390808,2
animated,fresh,2.067138671875,-0.0647909939289093,2
antifreeze,polyester,1.04119873046875,0.21833468973636627,2
arch,winsome,-0.44403076171875,0.3430328071117401,2
argue,debate,1.546875,-0.31283333897590637,2
arrives,comes,-0.85821533203125,-0.08875969052314758,2
artificial,insincere,3.25982666015625,0.09377846866846085,2
ascending,descending,1.33544921875,-0.21963104605674744,2
ash,gas,2.0472412109375,0.1569838970899582,2
astrology,mathematics,-3.7421875,0.006777048110961914,2
aviation,certification,-0.365234375,0.1320619285106659,2
backing,veering,0.541015625,-0.21284514665603638,2
badminton,swimming,0.154296875,0.1273188292980194,2
banking,finance,1.34375,-0.0031043440103530884,2
banksia,eucalyptus,-4.111328125,-0.12151181697845459,2
bark,crow,-1.83984375,-0.1931459605693817,2
basophils,eosinophils,-0.9333744049072266,0.09623731672763824,2
batteries,magnets,1.36083984375,-0.5646378993988037,2
beaded,embroidered,1.423828125,-0.11726278066635132,2
bearskins,deerskins,8.755859375,-0.24971571564674377,2
bedelia,sally,-1.41650390625,-0.3131667673587799,2
beetlebugs,caterpillars,-4.9296875,-0.2903733551502228,2
begged,shivered,-1.548828125,0.1601375937461853,2
behaviourally,morphologically,-0.3803863525390625,-0.005319371819496155,2
bell,tentacles,-1.360992431640625,-0.008341804146766663,2
bereavement,destruction,4.630859375,-0.19413873553276062,2
bettering,education,-1.76470947265625,0.0008763968944549561,2
bias,discrimination,-2.754150390625,-0.08560344576835632,2
biggest,gravest,1.09375,0.10495468974113464,2
binding,lawful,-1.171875,0.02639739215373993,2
bionic,hot,1.3017578125,-0.08468157052993774,2
birds,dolls,0.740234375,-0.043052107095718384,2
birds,mammals,2.86572265625,-0.05010232329368591,2
birds,mosquitoes,-3.21771240234375,0.2542321979999542,2
bits,bits,1.009765625,-0.5317560434341431,2
bits,dirt,2.53515625,-0.2881803512573242,2
bits,dust,-3.962890625,-0.1617952287197113,2
bits,strips,-1.7353515625,-0.0014368146657943726,2
bitter,cloudy,0.0494384765625,0.17092731595039368,2
bitter,furious,1.6468582153320312,0.00634552538394928,2
bitter,hot,6.49853515625,-0.2571603059768677,2
bitter,malignant,1.2041015625,-0.16847798228263855,2
bitter,proud,-1.28619384765625,0.027292370796203613,2
bitter,repeated,1.2456512451171875,0.32007503509521484,2
bitter,sanguinary,-0.671875,-0.18025317788124084,2
bland,innocent,2.889556884765625,0.5887565612792969,2
blankets,cushions,-0.521484375,-0.24066653847694397,2
blankets,dolls,0.482421875,-0.45201024413108826,2
bleed,bleed,2.1435546875,0.17009200155735016,2
blinking,winking,-2.6171875,0.026371926069259644,2
blocks,box,0.9091796875,-0.07289919257164001,2
blocks,rebounds,-0.787109375,-0.035783275961875916,2
blocks,toys,0.474609375,-0.10221099853515625,2
blooming,fresh,1.9257965087890625,0.1532055139541626,2
blotched,red,-1.5234375,-0.2922673523426056,2
blotched,wrinkled,-2.1939697265625,-0.049495548009872437,2
bluebells,cowslips,-5.95751953125,-0.15867450833320618,2
bondage,distress,0.706298828125,0.1101188063621521,2
bone,muscle,-1.0166015625,-0.11809390783309937,2
bored,impatient,-2.33984375,-0.023252010345458984,2
bored,neglected,0.791259765625,0.02023850381374359,2
bored,tired,-2.6435546875,0.1423456072807312,2
bottles,bottles,2.3662109375,-0.38495388627052307,2
bourbon,whiskey,1.61376953125,-0.04124364256858826,2
box,tape,2.4998779296875,0.1876406967639923,2
boxing,swimming,0.8834228515625,-0.039868563413619995,2
brusque,businesslike,1.96337890625,0.4049329459667206,2
bulkhead,deck,1.66796875,0.029621869325637817,2
burgers,shrimp,-0.9486083984375,-0.2730739116668701,2
burrows,feeds,-4.7939453125,0.03961743414402008,2
calendar,email,-3.4008636474609375,-0.05659061670303345,2
calms,storms,6.4296875,-0.07669338583946228,2
camaraderie,friendship,-0.69921875,0.053641512989997864,2
came,listened,-1.62109375,0.02900610864162445,2
camels,donkeys,1.888671875,-0.10939416289329529,2
camels,goods,2.677978515625,-0.22877204418182373,2
cameras,toys,0.439453125,-0.3109387457370758,2
candidacy,vote,-3.68310546875,-0.1279410719871521,2
cantons,cantons,-0.58203125,0.056699514389038086,2
cap,weeping,-2.146841526031494,0.3240727484226227,2
capability,lines,-1.470703125,-0.297617644071579,2
catalysts,pigments,-3.408447265625,-0.2647539973258972,2
categories,subcategories,0.34765625,0.0017969906330108643,2
challenges,controversies,-0.6640625,0.2760463356971741,2
chapters,chapters,7.654296875,-0.19434967637062073,2
cheated,robbed,-0.31982421875,0.1219809502363205,2
cheerfulness,courage,0.552734375,-0.06714493036270142,2
cheese,egg,1.25390625,0.013302579522132874,2
cheese,garlic,2.47265625,-0.7524968385696411,2
cheese,meat,7.92578125,0.02933807671070099,2
cheese,tomato,-2.56817626953125,0.03676140308380127,2
chemicals,heat,-1.45263671875,0.06412464380264282,2
chemicals,polymers,-0.484954833984375,0.10125163197517395,2
chuckles,nods,0.05078125,-0.23965349793434143,2
clandestine,immoderate,-0.623046875,0.1884532868862152,2
clatter,clicks,2.146728515625,-0.041239574551582336,2
clear,clear,2.625,0.19114014506340027,2
clear,compelling,-4.01171875,0.11690481007099152,2
clear,composed,-0.1484375,0.21103769540786743,2
clear,fresh,-0.09405517578125,0.008660182356834412,2
clear,frosty,-0.11328125,-0.1792643964290619,2
clear,full,1.51953125,-0.2684299945831299,2
clear,lighter,-0.4072265625,0.007977291941642761,2
clear,limpid,2.095703125,0.045012474060058594,2
clear,precise,4.0341796875,-0.14300686120986938,2
clear,red,0.92578125,-0.0430370569229126,2
clear,regular,3.5390625,-0.4810520112514496,2
clear,smooth,-3.018646240234375,0.06191083788871765,2
clear,specific,0.779296875,0.14512702822685242,2
clear,starry,-4.1357421875,0.1565520018339157,2
clear,sweet,-4.208984375,0.16022661328315735,2
clear,true,-0.4482421875,0.20839986205101013,2
clear,unhesitating,4.0732421875,0.2226017415523529,2
clearer,clearer,-0.70294189453125,0.1366184949874878,2
clearer,louder,-4.847923278808594,0.06918346136808395,2
climbed,climbed,-1.0107421875,-0.4035947024822235,2
climbed,scrambled,-0.99951171875,0.08801266551017761,2
closed,forbidding,-0.3062744140625,0.44905877113342285,2
closed,secured,-1.258056640625,-0.10939601063728333,2
closets,pantry,-2.8515625,-0.05763131380081177,2
cloudy,gray,4.111328125,-0.04228530824184418,2
coarse,scanty,-2.458984375,0.18435373902320862,2
coarse,tough,-0.3466644287109375,0.1685500144958496,2
cobwebs,dirt,0.7890625,-0.1198258101940155,2
cobwebs,dust,-0.359375,0.08651840686798096,2
coins,medals,-0.372314453125,-0.053753435611724854,2
coins,notes,-0.673828125,0.024778634309768677,2
combat,demolition,-1.23046875,0.1324138343334198,2
communicating,composition,-1.934814453125,-0.019194528460502625,2
company,tiffany,1.001953125,0.2658163011074066,2
compare,contrast,1.4453125,0.10375148057937622,2
competitive,cultural,-0.51611328125,0.11457883566617966,2
complex,dangerous,2.075927734375,-0.025326281785964966,2
complex,proud,-1.35546875,0.2989749312400818,2
complex,unresolved,2.681640625,-0.08382299542427063,2
complex,vast,-2.61871337890625,0.09574726969003677,2
composition,singing,-1.3876953125,-0.07443520426750183,2
computers,radio,-2.21484375,0.17860561609268188,2
computers,science,0.43955230712890625,-0.06673020124435425,2
comradery,friendship,5.654296875,0.05049647390842438,2
concordats,treaties,-2.20965576171875,-0.0788472592830658,2
conditions,standards,5.928955078125,-0.16406917572021484,2
conferences,lectures,5.8359375,0.2127569615840912,2
confidence,courage,8.365234375,-0.19488996267318726,2
confidence,encouragement,0.1995849609375,-0.16288217902183533,2
confidence,faith,-6.644287109375,-0.18274450302124023,2
confidence,friendship,2.7568359375,-0.29227352142333984,2
confrontation,dissention,-2.5532073974609375,-0.0067435503005981445,2
conscience,morals,-2.467529296875,-0.021376371383666992,2
conscience,reason,1.767578125,0.38619136810302734,2
consequentialism,deontology,-0.416168212890625,-0.059619367122650146,2
consistently,correctly,0.95098876953125,-0.06027570366859436,2
convenience,friendship,3.3134765625,0.32814687490463257,2
coordinated,disciplined,-4.1376953125,-0.09218329191207886,2
corals,shells,-1.01171875,-0.22727563977241516,2
cordiality,friendship,0.05859375,-0.3712027370929718,2
cormalite,limestone,-1.51953125,0.0003719627857208252,2
courage,dignity,0.154296875,-0.3347347676753998,2
courage,discernment,0.27736854553222656,-0.23751026391983032,2
courage,faith,2.49090576171875,-0.3186868727207184,2
courage,optimism,0.24169921875,-0.27715837955474854,2
courage,strength,1.4462890625,-0.005638644099235535,2
creamy,smooth,0.0,-0.2728934586048126,2
creamy,sweet,-0.156982421875,0.14903166890144348,2
creamy,thick,0.235107421875,0.0834960862994194,2
criticized,unpopular,1.75244140625,-0.0726117491722107,2
crooked,dangerous,0.645843505859375,-0.24709108471870422,2
crude,early,-0.8935546875,-0.02990064024925232,2
cruelty,injustice,-2.43359375,0.3429545760154724,2
cruelty,oppression,-2.757232666015625,0.21768741309642792,2
cruelty,selfishness,-0.0775146484375,0.02331782877445221,2
cruelty,violence,-2.611328125,0.3227066397666931,2
cultural,education,1.033203125,0.34235984086990356,2
cultural,personal,1.4912109375,-0.1650855839252472,2
cultural,physical,2.58203125,0.2550421357154846,2
cultural,publicity,-4.013671875,0.23504124581813812,2
cultural,sporting,-2.21533203125,0.23670019209384918,2
curiously,suspiciously,-1.15234375,0.12549152970314026,2
cushions,trucks,-1.7884678840637207,-0.17577078938484192,2
cute,innocent,0.478515625,-0.2926352322101593,2
cute,sweet,-0.9888153076171875,-0.07519161701202393,2
cyanotic,unresponsive,4.923828125,0.2629737854003906,2
cycling,swimming,-0.72802734375,-0.26768550276756287,2
damanes,trespass,4.001953125,-0.20841428637504578,2
dangerous,hot,-2.79052734375,0.30751222372055054,2
dangerous,miserable,4.284759521484375,-0.00903482735157013,2
dangerous,true,1.320068359375,-0.024653062224388123,2
dangerous,unpopular,1.876953125,-0.23615622520446777,2
darkening,lightening,2.1568603515625,-0.12774929404258728,2
datebooks,pens,0.96484375,-0.01236104965209961,2
deceit,dishonesty,-0.96630859375,0.4514153301715851,2
deeds,documents,0.5810546875,-0.10160869359970093,2
deeds,notes,1.7607536315917969,0.16960680484771729,2
defeated,unpopular,1.6015625,0.030665993690490723,2
demolition,deterioration,-2.4150390625,0.22450602054595947,2
demolition,maintenance,1.01416015625,-0.09983941912651062,2
demonolatry,idolatry,-3.9677734375,-0.3845762312412262,2
deportment,dignity,0.947265625,0.15584737062454224,2
depraved,sinful,-1.068115234375,0.027620643377304077,2
derision,drunkenness,-1.50634765625,0.35168033838272095,2
destruction,misery,-1.7119140625,0.15341168642044067,2
destruction,rebirth,-3.293701171875,0.18904653191566467,2
destruction,war,0.579833984375,0.18305277824401855,2
developed,modern,-0.4323883056640625,-0.05501249432563782,2
dialogs,recitations,-4.79736328125,-0.01688772439956665,2
dials,receiver,-4.578125,0.13156160712242126,2
died,suffered,0.8369140625,0.3327315151691437,2
dignity,strength,1.09814453125,-0.0017617791891098022,2
dinosaur,lion,-0.9129228591918945,0.13689646124839783,2
dirt,dust,3.026153564453125,-0.27095261216163635,2
dirt,poisons,-0.5449371337890625,0.03766743838787079,2
disaster,failure,-0.12744140625,-0.07912364602088928,2
disciplined,regular,6.49755859375,-0.1385822594165802,2
discrimination,fights,0.63671875,0.47776851058006287,2
discrimination,slavery,0.9691162109375,0.10107672214508057,2
discrimination,violence,1.25,0.12668856978416443,2
dishonesty,injustice,9.03125,-0.19387772679328918,2
disobedience,misery,2.123779296875,-0.03154882788658142,2
disobedience,negligence,3.357666015625,0.47918790578842163,2
dispatch,neatness,-6.751953125,-0.08107820153236389,2
distress,misery,0.27978515625,0.27073436975479126,2
distress,privation,-2.306640625,-0.0018512606620788574,2
dogs,dolls,1.09375,-0.2861426770687103,2
dogs,ferrets,3.061279296875,-0.1688118875026703,2
dogs,pistols,1.00390625,-0.6093871593475342,2
dogs,poets,-1.51953125,-0.02669408917427063,2
dollars,dollars,-1.832834243774414,-0.09801298379898071,2
dolls,dolls,2.59271240234375,-0.4180885851383209,2
dolls,pram,3.1162033081054688,-0.015688017010688782,2
dolls,toys,3.6044921875,-0.3088730275630951,2
domestic,local,-2.5234375,0.2218511402606964,2
domestic,sexual,-2.7109375,0.1885462999343872,2
dominant,official,-0.14208984375,-0.31002160906791687,2
downhearted,gloomy,-2.375,-0.004213586449623108,2
dozens,dozens,-3.8623046875,0.11269797384738922,2
draw,schedule,-1.468719482421875,-0.4466327726840973,2
dreams,reality,0.9033203125,0.13234110176563263,2
dreams,stories,0.298828125,-0.02314138412475586,2
drongos,flycatchers,-1.337890625,-0.26673057675361633,2
dug,dug,-0.54541015625,-0.05884876847267151,2
dumplings,steam,-1.94140625,0.09918597340583801,2
dust,gas,2.765625,-0.4313490092754364,2
dust,gravel,4.322265625,-0.023314237594604492,2
dust,heat,1.6420211791992188,0.27562329173088074,2
dust,waste,-14.5888671875,-0.3181596100330353,2
dweebs,geeks,2.20654296875,0.05937597155570984,2
dyers,weavers,0.5302734375,-0.13251453638076782,2
early,extraordinary,0.3671875,0.2322855442762375,2
early,personal,-2.8828125,-0.03968977928161621,2
earthworks,megaliths,1.42657470703125,-0.29021739959716797,2
easier,easier,-1.87890625,-0.0008772462606430054,2
easier,lighter,2.6845703125,0.10642458498477936,2
easier,louder,-1.3265380859375,-0.02069687843322754,2
eddied,swirled,1.5070724487304688,0.5240740776062012,2
education,pedagogy,-0.72119140625,-0.042399197816848755,2
education,science,-1.593475341796875,0.04386414587497711,2
egg,tongue,4.133544921875,-0.09283792972564697,2
elements,shapes,1.8762359619140625,0.030069276690483093,2
embarrassment,pleasure,1.7705078125,0.28510531783103943,2
embeddings,manifolds,-2.73480224609375,0.027945607900619507,2
emperors,empresses,3.93505859375,0.004733860492706299,2
encouragement,praise,3.2021484375,0.2915582060813904,2
encouragement,warning,1.619140625,0.4689229726791382,2
enlarged,hollow,-0.203125,-0.2077731192111969,2
enlarged,reduced,-1.43994140625,-0.07000035047531128,2
enlarged,revised,1.884765625,0.26158642768859863,2
enormous,majestic,1.21710205078125,-0.09857413172721863,2
enormous,powerful,-0.654296875,0.0868004783987999,2
entertainments,parties,1.0779838562011719,-0.20271813869476318,2
erect,fearless,-0.223602294921875,0.5524764657020569,2
erect,masterful,-1.204833984375,0.2477049082517624,2
espresso,juice,-3.654296875,0.05711334943771362,2
events,events,1.544921875,0.1086268424987793,2
events,names,0.765625,-0.0039837658405303955,2
events,relationships,2.3843536376953125,-0.22512662410736084,2
events,stories,-0.24609375,0.08759856224060059,2
example,precept,2.24261474609375,0.09228024631738663,2
exhausted,hot,0.49762725830078125,0.23356866836547852,2
expound,reason,1.365936279296875,0.45180344581604004,2
exterior,interior,-1.40234375,0.2573646605014801,2
facts,myths,0.203125,-0.19248995184898376,2
facts,names,-1.21875,-0.6476869583129883,2
faith,glory,-4.4052734375,-0.1026206910610199,2
faith,morals,0.895751953125,0.14778541028499603,2
faith,reason,-1.834716796875,0.18307575583457947,2
faith,science,-2.98291015625,0.0483865886926651,2
faith,violence,-1.08203125,-0.002501368522644043,2
fall,tumble,1.2505722045898438,-0.1768900454044342,2
famous,hot,2.2630615234375,-0.5448148250579834,2
farming,livestock,4.19232177734375,0.00229857861995697,2
fast,febrile,-1.7783203125,-0.05147114396095276,2
fast,furious,-2.19140625,-0.32244935631752014,2
fast,mushy,-1.05859375,-0.2089826762676239,2
fast,powerful,-0.4630584716796875,-0.11146780848503113,2
fast,steadily,-5.402950286865234,0.08380266278982162,2
fast,sure,-2.748046875,-0.3526097238063812,2
fast,thick,-2.056365966796875,0.020346343517303467,2
fast,tough,-0.5703125,-0.13389620184898376,2
fast,true,-2.9765625,0.15652704238891602,2
fearless,gallant,-3.28350830078125,0.21345293521881104,2
fights,war,1.947265625,-0.033297792077064514,2
fits,starts,2.55560302734375,-0.2962992191314697,2
flabby,wrinkled,-0.998046875,-0.034879833459854126,2
flattery,persistence,1.958984375,-0.1103091835975647,2
flattery,pleasure,2.556640625,0.1033400222659111,2
flattery,servility,3.627777099609375,0.0944611132144928,2
flies,mosquitoes,-2.478515625,0.02879193425178528,2
flippers,lungs,2.74609375,-0.15609067678451538,2
flopped,stumbled,0.888671875,0.1383373737335205,2
flushed,hoarse,-0.25,0.1483447104692459,2
flushed,hot,-4.17364501953125,0.3032148480415344,2
flushed,impatient,1.5839385986328125,0.5320682525634766,2
flushed,radiant,1.798828125,0.3913731575012207,2
flushed,red,-1.6059150695800781,-0.01528128981590271,2
flushed,tired,-1.1880950927734375,0.6424610018730164,2
flushed,unhappy,-7.540283203125,0.3808707594871521,2
fog,storms,-0.2894439697265625,0.01989874243736267,2
fog,wind,2.318359375,0.23882757127285004,2
forage,gather,-0.46490478515625,0.0016895532608032227,2
foreboding,loneliness,2.6403656005859375,0.036450400948524475,2
founding,full,0.8284530639648438,-0.2188144326210022,2
founding,prominent,1.997802734375,0.03579026460647583,2
freakier,freakier,-1.5859375,0.1744709610939026,2
freight,luggage,-2.1845703125,0.0012826919555664062,2
fresh,hot,-1.37890625,-0.17296788096427917,2
fresh,sweet,-3.75030517578125,0.15037007629871368,2
fresh,unblemished,1.65478515625,0.4189240336418152,2
fresh,youthful,-1.3447265625,0.22667844593524933,2
friendship,intimacy,-1.1792068481445312,0.35786372423171997,2
friendship,loneliness,-1.2423095703125,-0.10596475005149841,2
frog,wombat,3.15625,-0.3450688421726227,2
frosts,storms,-2.46484375,0.3071182072162628,2
fuel,heating,-0.335205078125,-0.4395909607410431,2
full,immediate,-1.970703125,-0.11355453729629517,2
full,transcendent,-0.57421875,0.017918407917022705,2
full,true,2.927734375,-0.11990243196487427,2
furious,hot,-1.032958984375,0.17091181874275208,2
furious,sputtering,-0.05078125,-0.05653783679008484,2
galaxies,matter,0.4234619140625,-0.2181456983089447,2
gallant,shrewd,1.169921875,-0.030362427234649658,2
gallons,gallons,-0.66259765625,0.013798967003822327,2
gas,matter,-2.171875,-0.2068638801574707,2
gas,steam,0.0,0.20743927359580994,2
gaunt,gray,0.69921875,0.3004472851753235,2
gaunt,hollow,-0.009033203125,0.03478430211544037,2
gears,levers,-1.307861328125,-0.5267443656921387,2
gigantic,red,-4.105224609375,-0.3376353085041046,2
girl,goose,1.2301025390625,0.06156475841999054,2
girl,stalking,1.4666748046875,0.1821306347846985,2
global,local,-2.423828125,0.12936998903751373,2
gloomy,stern,-1.775390625,0.08637335896492004,2
gloomy,thick,0.094879150390625,-0.057639628648757935,2
graduate,professional,4.284881591796875,0.352771520614624,2
graduate,undergraduate,-0.837890625,0.27910780906677246,2
grame,grief,-2.048828125,0.23388928174972534,2
gray,grewsome,-1.05169677734375,0.14952680468559265,2
gray,red,-5.880859375,0.16725890338420868,2
gray,scanty,-6.59326171875,0.275335431098938,2
gray,tired,0.59375,0.37522345781326294,2
gray,yellow,-0.365234375,-0.15085840225219727,2
grey,red,2.13055419921875,-0.08712643384933472,2
grief,horror,4.019351959228516,0.17241162061691284,2
grief,intrigue,-1.01953125,0.14724686741828918,2
grief,passion,1.29296875,0.2877334952354431,2
grief,rage,1.666015625,0.28313636779785156,2
grinned,looked,1.810546875,0.20541363954544067,2
harmonium,organ,-0.81640625,0.22477275133132935,2
hawed,himmed,0.388671875,0.051373839378356934,2
heaps,heaps,2.525390625,-0.24019747972488403,2
hearths,homes,-0.839935302734375,0.164711132645607,2
heat,strength,-5.26171875,0.12839709222316742,2
heiress,owner,-3.255859375,0.25561290979385376,2
heparin,histamine,2.5166015625,0.003826439380645752,2
heretics,nonbelievers,1.412109375,-0.0012411922216415405,2
highlights,shadows,2.421875,0.20123392343521118,2
hoarse,hollow,-3.1878585815429688,0.020426586270332336,2
hollow,lightweight,-0.5572509765625,0.23346467316150665,2
hollow,muffled,1.8046875,0.08646968007087708,2
honeysuckles,jessamines,-3.20831298828125,-0.15189629793167114,2
horrible,red,-0.556640625,0.26356422901153564,2
horrible,yellow,-0.61798095703125,-0.2836257517337799,2
horror,misery,-4.59710693359375,-0.09823837876319885,2
horror,rage,-2.9560546875,0.1335238218307495,2
hot,mixed,-3.7119140625,-0.23637264966964722,2
hot,red,-1.1441650390625,-0.1255280077457428,2
hot,smoking,-3.544921875,0.26437896490097046,2
hot,steaming,1.163299560546875,-0.38582828640937805,2
hot,sultry,-5.4453125,-0.35136494040489197,2
hot,sweet,2.167400360107422,-0.3676532804965973,2
hot,tired,-2.2036285400390625,-0.19600185751914978,2
hushed,penetrated,5.6171875,0.05707119405269623,2
illustrated,wrote,0.2197265625,-0.0554676353931427,2
immediate,personal,1.20703125,-0.1127079427242279,2
immediate,stern,1.01171875,0.13024109601974487,2
impatient,tired,3.5694580078125,0.2731887102127075,2
increase,multiply,6.0419921875,0.016323775053024292,2
ingratitude,suspicion,2.12890625,0.0958220586180687,2
injustice,oppression,0.3917236328125,0.23474207520484924,2
injustice,slavery,-1.0901603698730469,0.008569687604904175,2
injustice,violence,-5.9794921875,0.038809895515441895,2
innocent,leige,-2.87841796875,0.13351526856422424,2
innocent,sweet,-1.293670654296875,-0.15312686562538147,2
inquiringly,politely,-0.15692138671875,0.24875611066818237,2
insincere,supercilious,-4.458251953125,0.13823311030864716,2
insults,violence,-1.6155014038085938,0.3406962454319,2
junior,professional,-4.2371063232421875,-0.10291633009910583,2
kinds,shapes,2.71484375,-0.35090532898902893,2
kinds,sorts,2.404296875,-0.41677531599998474,2
leaking,patched,-0.0106048583984375,-0.07787656784057617,2
legos,lion,1.0932159423828125,-0.2263685166835785,2
leif,tarzan,-3.5078125,0.10440915822982788,2
leukemia,lymphoma,1.3177566528320312,0.1602334976196289,2
lighter,lighter,4.054599761962891,0.0006655454635620117,2
lighter,thinner,0.0,0.04097577929496765,2
like,talking,2.342010498046875,-0.1277247965335846,2
limestone,marble,-1.30657958984375,-0.38233402371406555,2
limped,stuttered,-1.93426513671875,0.2890792489051819,2
limpid,salutary,2.7545166015625,0.12065471708774567,2
listened,listened,0.103759765625,-0.08249536156654358,2
listened,looked,3.5302734375,0.05520348250865936,2
listened,watched,-0.3946533203125,0.1069742813706398,2
local,provincial,-3.267822265625,0.13209059834480286,2
loneliness,misery,2.2942657470703125,-0.40120044350624084,2
looked,looked,-6.42578125,0.046389639377593994,2
looked,smelt,6.220703125,-0.27270182967185974,2
lost,loved,-1.328125,0.4986647963523865,2
louder,louder,2.59375,-0.2504795491695404,2
louder,repeated,1.294921875,0.0546807199716568,2
louder,sharper,1.3798828125,-0.24714285135269165,2
loyalists,unionists,-3.564361572265625,0.09402704238891602,2
magisterial,police,2.4501953125,-0.279654324054718,2
magnet,toys,-2.048828125,0.3603110909461975,2
magnificent,proud,-1.6229248046875,0.15886417031288147,2
majestic,powerful,-0.740234375,0.3949871063232422,2
majestic,soothing,-1.3461837768554688,-0.012348011136054993,2
majestic,sublime,-0.56982421875,-0.029387623071670532,2
malice,rage,-0.037109375,0.22694635391235352,2
marble,mosaic,-0.4814453125,0.23893412947654724,2
maroon,red,-8.6328125,-0.15736010670661926,2
maroon,yellow,0.8584136962890625,-0.18356314301490784,2
mathematics,metamathematics,-0.5859375,0.22008883953094482,2
mathematics,science,4.51953125,-0.007474392652511597,2
mathematics,statistics,-0.31103515625,-0.13944566249847412,2
matrimony,matrimony,4.017578125,0.06994469463825226,2
mauve,red,-2.180267333984375,-0.47179970145225525,2
meaning,reason,-4.000732421875,0.3285088539123535,2
meaning,richness,-0.24273681640625,-0.18669894337654114,2
meat,meat,1.8115234375,-0.21556738018989563,2
meat,puddings,-2.72265625,-0.3597516715526581,2
metasedimentary,sedimentary,0.0,0.10324804484844208,2
metres,metres,0.0,-0.19454696774482727,2
microprocessors,transistors,-0.6707763671875,0.08247193694114685,2
mightiest,richest,1.428253173828125,0.06451956927776337,2
miserable,tired,-2.005615234375,0.26343390345573425,2
miserable,unhappy,0.3453369140625,0.22830507159233093,2
miserable,weeping,-0.914794921875,0.03768090903759003,2
missus,mister,-0.01171875,0.37875983119010925,2
modern,practical,1.27142333984375,-0.06424596905708313,2
muffled,thick,-2.8061904907226562,0.15457484126091003,2
mushrooms,tomatoes,-2.67791748046875,-0.26321637630462646,2
necessity,urgency,-0.76873779296875,0.6227502822875977,2
nestling,singing,0.64453125,-0.04401084780693054,2
northwest,west,0.63916015625,-0.24350374937057495,2
official,royal,-0.8486328125,-0.003169924020767212,2
on,on,-5.12744140625,0.09087026864290237,2
opponents,players,0.0,-0.3215161859989166,2
oppression,violence,1.3876953125,0.15989115834236145,2
outsiders,students,-3.943359375,0.04202556610107422,2
outsiders,wives,-2.73193359375,-0.28961271047592163,2
overweight,unhappy,4.48095703125,0.10085274279117584,2
paler,paler,0.1611328125,0.2480461597442627,2
paler,thinner,-1.35595703125,0.42485469579696655,2
paler,tired,-4.1650390625,0.5753358602523804,2
paperwork,signatures,2.111328125,-0.32819387316703796,2
passion,rage,0.71453857421875,-0.03793039917945862,2
personal,profanity,2.3272705078125,-0.07509505748748779,2
personal,professional,0.0,-0.033813923597335815,2
phases,stages,0.3515625,-0.31364205479621887,2
photographs,sketches,-2.9765625,0.11335816979408264,2
physical,sexual,-0.447265625,-0.022036463022232056,2
pins,tape,-0.16754150390625,-0.051316797733306885,2
placid,smooth,3.06982421875,-0.038409143686294556,2
pleasure,rejoicing,-3.51177978515625,-0.012603431940078735,2
poets,songwriters,0.828125,-0.038292303681373596,2
powdery,smooth,1.12939453125,-0.1392940878868103,2
powerful,precise,0.04296875,-0.390701562166214,2
powerful,stern,-1.779541015625,0.284180611371994,2
powerful,vast,-4.12890625,-0.15344253182411194,2
praise,publicity,3.0859375,0.19917459785938263,2
prematurity,smoking,0.7798576354980469,0.21243897080421448,2
presentation,spelling,-10.3984375,-0.1792398989200592,2
principal,supervisor,4.0222930908203125,0.5672794580459595,2
produced,wrote,0.62109375,0.15409381687641144,2
profanity,sanctity,1.5703125,0.000996217131614685,2
profanity,sexual,-0.060546875,0.04981917142868042,2
professional,student,3.21978759765625,-0.21574002504348755,2
property,slaves,-0.98046875,0.15289558470249176,2
proud,stern,1.34326171875,0.22168326377868652,2
proud,swaggering,-2.35546875,-0.295510858297348,2
proud,vain,-0.6491851806640625,0.08778702467679977,2
pulled,pulled,3.634765625,0.16365164518356323,2
radiant,red,-2.5625,-0.006781667470932007,2
radio,record,2.0009765625,0.18117563426494598,2
rage,scorn,1.9793243408203125,0.11542259901762009,2
rage,war,-3.306640625,0.11779523640871048,2
rage,weeping,4.78271484375,-0.11387568712234497,2
rains,storms,0.490234375,0.07963705062866211,2
rampant,red,-0.904296875,-0.42021021246910095,2
randomness,statistics,-3.51953125,-0.1552610695362091,2
rapidly,steadily,-0.484375,-0.28430965542793274,2
reason,science,0.853057861328125,0.2818197011947632,2
reason,tradition,-0.1484375,0.08220359683036804,2
receiver,recorder,-0.13232421875,0.1611473113298416,2
recorder,tape,-0.9365234375,-0.13394621014595032,2
red,red,1.1328125,-0.3745260536670685,2
red,thick,0.60546875,-0.06685280799865723,2
red,wrinkled,-2.9375,0.0752708911895752,2
red,yellow,1.537109375,0.14530177414417267,2
rehashed,revised,1.154296875,0.17796868085861206,2
repeated,sterner,2.5859375,0.022493332624435425,2
rip,tip,2.117431640625,-0.2702276408672333,2
rising,rising,2.4150390625,-0.11098602414131165,2
run,run,-1.0205078125,-0.1947222352027893,2
run,shout,-0.1484375,0.15010204911231995,2
samoyedic,yeniseian,-2.00146484375,-0.03130398690700531,2
screaming,shouting,-3.684814453125,-0.063208669424057,2
secured,shut,7.75830078125,-0.02959582209587097,2
sexuality,violence,-4.3695068359375,0.11795897036790848,2
sharper,sharper,2.1318359375,-0.3098413646221161,2
shinyness,sunniness,2.414642333984375,0.18488503992557526,2
shivered,suffered,4.402557373046875,0.0986696183681488,2
shivered,watched,1.7265625,0.2830570936203003,2
shouting,shrieking,0.6796875,-0.11657023429870605,2
shouting,singing,0.7529296875,-0.6626611948013306,2
shouting,talking,-1.1051025390625,0.0008271187543869019,2
shrimp,snails,5.0136566162109375,0.06773355603218079,2
singing,talking,-3.859375,-0.2515741288661957,2
skirmishing,trading,0.76953125,0.4434140920639038,2
sluggish,smooth,-1.8839797973632812,0.2718096971511841,2
smoking,steaming,4.4296875,0.15289515256881714,2
smoking,talking,0.1982421875,-0.3443998396396637,2
smooth,sweet,1.181640625,-0.17197468876838684,2
smooth,thick,-6.3134765625,-0.20018282532691956,2
spray,steam,-3.78839111328125,0.01768362522125244,2
spreading,spreading,-0.14453125,-0.1771896779537201,2
sputtering,sputtering,-1.194091796875,-0.23294344544410706,2
squak,squak,-5.362274169921875,-0.032673850655555725,2
starved,tired,8.91796875,0.028308957815170288,2
steeper,steeper,3.0390625,-0.7172638177871704,2
stem,stern,-3.345703125,0.3603186011314392,2
stifling,thick,0.09830474853515625,0.24466148018836975,2
storms,wind,2.070709228515625,0.072130486369133,2
talking,talking,1.1953125,-0.32563140988349915,2
tamer,tamer,1.767578125,0.02609853446483612,2
thick,tough,-5.02734375,0.18037977814674377,2
thick,yellow,-0.5625,-0.49773189425468445,2
thinner,thinner,1.8270263671875,-0.3441902697086334,2
thumbs,toes,-2.1442413330078125,-0.149166077375412,2
tired,unhappy,-0.601806640625,-0.020492374897003174,2
tired,uninspired,-0.4140625,0.07413972914218903,2
tradition,usage,-5.627227783203125,-0.20596948266029358,2
trains,trucks,-0.94189453125,-0.11042186617851257,2
twice,twice,7.451171875,0.08577620983123779,2
tylenol,zithromax,1.44140625,0.38715118169784546,2
uncivilized,unlettered,-2.556640625,0.035551488399505615,2
unhallowed,unwarranted,-4.609375,0.23161086440086365,2
unwinding,winding,0.51318359375,0.0343705415725708,2
utter,vast,1.400390625,0.11380010098218918,2
village,village,-2.4658203125,-0.07560953497886658,2
violence,war,1.697265625,0.2808481454849243,2
wailings,weeping,-1.8134765625,-0.10729748010635376,2
watched,watched,-1.08984375,0.29387110471725464,2
weeks,weeks,0.78125,-0.24011549353599548,2
wider,wider,-8.846435546875,0.19111180305480957,2
wrastled,wrastled,-3.8154296875,-0.0538993775844574,2
wrinkled,yellow,-2.1328125,-0.026002585887908936,2
wrote,wrote,0.5234375,-0.2687107026576996,2
yards,yards,1.8125,-0.1281345784664154,2
yellow,yellow,0.7374267578125,-0.23049142956733704,2
yours,yours,0.224609375,-0.08431947231292725,2
abjurer,nowhere,-3.0639495849609375,-0.16061535477638245,3
above,around,-2.56201171875,-0.17804905772209167,3
accidents,incidents,-4.2889404296875,-0.0804169625043869,3
accidents,problems,-0.0595703125,0.10697435587644577,3
acknowledge,state,-1.908111572265625,0.05962417274713516,3
actively,successfully,2.42333984375,0.02913966029882431,3
acts,speaks,2.5015716552734375,-0.17681407928466797,3
acts,talks,0.125,0.06226233392953873,3
adoration,love,3.42578125,-0.05712639167904854,3
aerial,ground,1.2890625,0.4138403832912445,3
aimlessly,unconsciously,2.49853515625,-0.1992284655570984,3
along,along,-2.81982421875,-0.11182551085948944,3
along,watch,-1.7939453125,-0.16421589255332947,3
amused,rapid,-2.58154296875,-0.04473326355218887,3
anarchy,license,1.802734375,-0.34284085035324097,3
anguish,dejection,-3.2493896484375,-0.12578517198562622,3
ants,earth,1.0709228515625,0.033004678785800934,3
ants,termites,2.1348876953125,0.1330317258834839,3
apologized,time,1.420745849609375,0.29589760303497314,3
apologized,went,-0.6240234375,0.03660578280687332,3
apples,cake,-1.22021484375,0.21138855814933777,3
aquatic,other,4.21484375,-0.1124771311879158,3
arab,egyptian,2.04248046875,-0.13989120721817017,3
area,league,-2.255859375,0.025875844061374664,3
armies,battles,-0.09375,0.49261704087257385,3
around,around,-1.681640625,0.07127545028924942,3
arrivals,departures,1.3583984375,-0.008828453719615936,3
arrogant,hurtful,1.988525390625,-0.20041735470294952,3
arrogant,lying,1.4990234375,0.11600198596715927,3
arrogant,opinionated,-6.3828125,0.0027595385909080505,3
arrogant,quarrelsome,-2.015625,-0.07097955793142319,3
arrows,bow,-1.4541015625,-0.1848778873682022,3
arrows,chimales,-2.97509765625,0.08700702339410782,3
artists,cartoonists,-0.7392578125,-0.20021700859069824,3
artists,intellectuals,-2.615234375,-0.08953525871038437,3
artists,things,-2.7578125,-0.1390131711959839,3
artists,writers,1.3782958984375,-0.0970231369137764,3
ask,call,-2.26953125,0.28006359934806824,3
assassins,conspirators,0.310546875,-0.017404712736606598,3
assassins,cutthroats,0.4423828125,0.2973004877567291,3
assets,cash,0.9108734130859375,0.285310298204422,3
assets,exports,-1.953125,0.2765984833240509,3
atheistic,materialistic,8.482421875,0.10576193779706955,3
attentive,ready,-0.7080078125,-0.03598400205373764,3
audience,critics,2.2859458923339844,0.07602597028017044,3
babbled,babbled,-1.9810791015625,0.08002743870019913,3
babied,petted,-0.2197265625,-0.013487473130226135,3
babysit,come,4.71826171875,-0.1633436679840088,3
backed,backed,1.1953125,0.08103672415018082,3
backed,pranced,1.560546875,-0.06271536648273468,3
backward,sideways,-0.718780517578125,-0.015113838016986847,3
balloon,boy,-1.509765625,0.03948775678873062,3
barked,barked,0.4833984375,0.019993774592876434,3
barleycorns,roots,0.249755859375,0.6382541656494141,3
baskets,parcels,0.40234375,0.0501946285367012,3
battles,disputes,4.1005859375,0.14601635932922363,3
battleships,cruisers,5.021484375,0.2327154576778412,3
beating,beating,1.220703125,-0.030769899487495422,3
beggars,churches,0.3203125,0.08755020052194595,3
belief,sentiment,-1.833984375,-0.22419705986976624,3
belief,thought,-3.84765625,-0.4678906500339508,3
belief,unbelief,4.81396484375,0.15029391646385193,3
berrid,dead,0.4169921875,-0.2642591595649719,3
bewildering,many,-0.05078125,0.3929273188114166,3
black,black,3.7983245849609375,-0.12121158093214035,3
black,cold,1.8828125,0.03674732893705368,3
black,dismal,-2.7961196899414062,-0.20978397130966187,3
black,gay,-0.98626708984375,0.1658305823802948,3
black,shiny,-1.1513671875,-0.4211675226688385,3
blatant,officious,0.8933258056640625,0.36238834261894226,3
bliss,suffering,1.8116455078125,-0.12668035924434662,3
blows,blows,5.18231201171875,-0.1877908557653427,3
board,keel,-1.9990234375,0.19349423050880432,3
boars,deer,1.7286376953125,-0.13508906960487366,3
boars,oxen,1.1484375,0.042157746851444244,3
bonnets,dresses,-6.330322265625,0.1930597722530365,3
boots,clothing,-2.453125,-0.18327346444129944,3
boots,coats,-0.85546875,0.4207323491573334,3
bow,slide,-1.8251953125,-0.09211520850658417,3
bowery,lofty,-1.3046875,-0.19767943024635315,3
boxed,wrestled,0.80224609375,0.003747396171092987,3
bravery,cowardice,0.193359375,-0.07310742139816284,3
bravery,enterprise,0.4608154296875,0.14680233597755432,3
breakfast,lunch,2.6496715545654297,-0.5181626677513123,3
breakfast,supper,0.837890625,-0.20440128445625305,3
bribing,sleeping,-4.3343505859375,0.17027834057807922,3
build,come,-0.521484375,-0.08912037312984467,3
burn,split,-0.189453125,-0.49329686164855957,3
cake,fruit,-0.79345703125,0.3776276111602783,3
cake,jelly,-4.93994140625,-0.09319289773702621,3
call,call,1.20458984375,-0.08183001726865768,3
call,come,4.85546875,-0.2398427426815033,3
camera,puzzle,0.943359375,0.14375242590904236,3
carry,cash,-2.840972900390625,0.18390324711799622,3
cash,time,-3.5244140625,0.2573876976966858,3
casseroles,things,0.837890625,0.012677766382694244,3
charitable,grand,0.7689208984375,0.03618893772363663,3
cheat,steal,-1.51806640625,-0.22944188117980957,3
churches,minsters,-0.5556640625,0.24716821312904358,3
churches,monasteries,5.779296875,-0.32673323154449463,3
cinematic,classical,-0.6584930419921875,-0.007914192974567413,3
circumstances,fate,1.398193359375,-0.4019140601158142,3
circumstances,time,1.23870849609375,-0.056637734174728394,3
civilian,other,0.98681640625,-0.15208148956298828,3
clairvoyance,mesmerism,-0.818359375,0.033676885068416595,3
classical,quantum,-0.37134552001953125,0.15176215767860413,3
clergy,nobility,-0.2236328125,0.06780167669057846,3
closer,closer,5.259765625,0.11089951545000076,3
closer,longer,-3.043914794921875,0.27269890904426575,3
closer,warmer,3.25390625,-0.3442726135253906,3
clubs,societies,0.0,-0.15949326753616333,3
clubs,things,-2.619140625,0.004296727478504181,3
coats,dresses,-3.912109375,0.5116581320762634,3
coats,scarves,0.1652069091796875,0.19445931911468506,3
cold,cramp,0.1533203125,-0.2098606526851654,3
cold,dead,-3.7923583984375,-0.4625294804573059,3
cold,dire,3.52392578125,-0.4015600085258484,3
cold,intellectual,-3.51953125,0.2015438675880432,3
cold,lifeless,-5.39404296875,-0.3507251739501953,3
cold,rain,1.9013671875,-0.08413082361221313,3
cold,rainy,0.0406494140625,-0.23500850796699524,3
cold,silent,-3.139529228210449,-0.3404451310634613,3
cold,snow,3.791015625,-0.23491618037223816,3
cold,snowing,-2.08984375,-0.04890092834830284,3
cold,steady,1.45306396484375,0.024094916880130768,3
cold,stiff,1.89697265625,-0.13759928941726685,3
cold,undemonstrative,0.6377410888671875,-0.13820397853851318,3
cold,useless,-1.294921875,-0.18353769183158875,3
collectivism,individualism,2.326171875,-0.15371645987033844,3
college,private,5.6845703125,0.07700412720441818,3
college,pro,1.2890625,-0.06800685822963715,3
colleges,things,-0.3542022705078125,0.01754511147737503,3
coloring,drawing,1.533203125,0.1358703374862671,3
come,come,-0.865234375,-0.07649575173854828,3
come,dine,-1.359375,0.07376029342412949,3
come,hurry,-1.365234375,0.266377717256546,3
come,take,0.96771240234375,0.042757101356983185,3
come,watch,-1.939208984375,0.2195650041103363,3
come,went,0.544921875,0.07499650865793228,3
commitment,love,-0.981689453125,-0.2748524248600006,3
committing,disciplining,-0.146484375,0.05163178592920303,3
communication,trade,-3.358154296875,0.015262044966220856,3
companies,regiments,-4.6414794921875,0.02644345909357071,3
conducting,finish,1.12060546875,-0.23653361201286316,3
congressional,public,1.11328125,-0.35987159609794617,3
consent,order,1.86962890625,-0.2374139428138733,3
constrained,mysterious,-0.060546875,-0.055580560117959976,3
constrained,silent,-5.3816070556640625,-0.2521754503250122,3
cookie,napkin,-0.874755859375,0.6744624972343445,3
cooking,pottery,1.21136474609375,0.295265793800354,3
cooking,residential,-1.2861328125,0.36446547508239746,3
coronation,inauguration,-5.065673828125,-0.16960158944129944,3
courteous,friendly,4.53851318359375,-0.23680880665779114,3
cowardice,meanness,-1.47943115234375,-0.04151657968759537,3
cowardly,slurring,1.818115234375,-0.2619779407978058,3
crew,passengers,3.8454322814941406,0.040853358805179596,3
critics,curators,-3.734375,0.0927157774567604,3
critics,public,-3.9892578125,-0.2257658839225769,3
croaks,pneumonia,-1.62255859375,0.12668868899345398,3
crowded,noisy,1.482421875,0.07816407829523087,3
crypts,muslins,2.7977294921875,0.06698211282491684,3
cunning,different,3.56585693359375,-0.21967992186546326,3
cunning,ready,3.29052734375,-0.07140950113534927,3
cunning,unscrupulous,1.7578125,0.06857676059007645,3
currencies,problems,3.20703125,0.16536560654640198,3
curses,howls,0.947265625,-0.0324707105755806,3
curses,threats,-0.775390625,0.05169729143381119,3
daintiness,softness,-3.4134521484375,0.20018380880355835,3
dallied,dallied,0.978515625,-0.12982363998889923,3
dampish,lonesome,-2.627685546875,-0.22298026084899902,3
dates,eras,-1.448974609375,0.1317092478275299,3
dates,numbers,-2.673828125,-0.4255099594593048,3
dates,things,-1.869140625,-0.2734970152378082,3
dates,time,-0.4384117126464844,0.023491285741329193,3
daycare,experiences,-0.767578125,-0.002668045461177826,3
dead,decaying,-0.6689453125,-0.18936684727668762,3
dead,stiff,1.5068359375,-0.23662906885147095,3
dead,useless,-0.3515625,-0.17179173231124878,3
deed,thought,4.383544921875,-0.029789067804813385,3
delightfully,truthfully,-4.60546875,-0.2551770508289337,3
delivery,style,-7.591796875,0.042946912348270416,3
desire,hope,-5.91015625,-0.35941794514656067,3
desire,love,-0.77734375,-0.36379876732826233,3
diesel,gasoline,3.5108642578125,0.42652395367622375,3
different,imaginative,0.3984375,0.05153607577085495,3
dimmer,dimmer,0.3740234375,-0.00945436954498291,3
diplomatic,trade,-1.658203125,-0.09991250187158585,3
dirtier,dirtier,0.0400390625,0.10210750252008438,3
discomfort,stress,-0.19635009765625,-0.1848984658718109,3
discontentedly,idly,-0.4921875,-0.04084792733192444,3
discotheques,things,3.318359375,0.05642128735780716,3
disease,fasting,1.853515625,-0.17394697666168213,3
disease,stress,3.154052734375,-0.04889614135026932,3
disease,suffering,-4.2138671875,-0.12503859400749207,3
disease,wars,-4.5498046875,0.07459912449121475,3
dishes,pots,1.08544921875,0.3688083291053772,3
displaced,uprooted,-0.767578125,0.10989689081907272,3
disturbances,wars,3.3072509765625,-0.05109262466430664,3
dodge,kick,4.3359375,0.14056429266929626,3
dotingly,fondly,1.268218994140625,0.015406958758831024,3
dresses,hose,2.67919921875,0.16055160760879517,3
drier,warmer,4.61322021484375,-0.1298629641532898,3
drowsier,drowsier,3.35546875,-0.04672592133283615,3
drunk,drunk,-0.55859375,0.06657017022371292,3
drunk,loaded,0.376953125,0.16142919659614563,3
drunk,merry,0.5906620025634766,-0.12422918528318405,3
duties,pleasures,4.4007568359375,-0.052803486585617065,3
duties,quotas,0.90472412109375,0.31192901730537415,3
duties,tariffs,-0.82861328125,0.3964645564556122,3
duty,family,-3.7822265625,-0.11204534024000168,3
duty,inclination,4.14453125,-0.2326655387878418,3
duty,love,5.899951934814453,-0.1769188642501831,3
eagerly,quickly,1.4970703125,-0.4753214716911316,3
earth,sods,0.05572509765625,-0.17573770880699158,3
edibles,fruit,3.81787109375,-0.05145817622542381,3
ejaculation,orgasm,-1.25,-0.2716912627220154,3
elaborate,gay,5.6552734375,-0.09972848743200302,3
elegancies,luxuries,1.736328125,-0.04500661790370941,3
embarrassing,inconvenient,-1.1070556640625,-0.05021171644330025,3
emergencies,wars,-1.5906982421875,0.07101822644472122,3
employment,income,-0.529296875,-0.19812411069869995,3
employment,industrial,0.83013916015625,0.00899101048707962,3
enthusiastically,quickly,-1.504150390625,-0.014555446803569794,3
evenly,quickly,1.3046875,0.013509310781955719,3
evidently,slowly,-2.9365234375,-0.019907981157302856,3
execrable,unclean,3.62109375,0.06725228577852249,3
executions,trials,-4.513671875,0.0904645100235939,3
explorer,martyr,-0.96270751953125,-0.0018983036279678345,3
extended,reworked,-3.87652587890625,-0.015681728720664978,3
extreme,rapid,-3.322265625,0.23627126216888428,3
faded,shabby,-4.19921875,-0.0018259063363075256,3
family,inheritance,1.040283203125,0.13664206862449646,3
family,love,2.8828125,-0.2836305499076843,3
family,tribal,-1.68450927734375,-0.028025686740875244,3
farmers,ranchers,3.337890625,0.34957587718963623,3
fat,protein,-2.1800537109375,0.06108409911394119,3
fatal,mysterious,1.91436767578125,0.0009273290634155273,3
fatal,sinister,0.1640625,-0.42885419726371765,3
feminine,masculine,1.087799072265625,0.05427835136651993,3
fertility,love,1.265869140625,0.0035309866070747375,3
fiercer,other,3.801067352294922,0.0908171758055687,3
finish,start,2.14697265625,0.18406403064727783,3
finished,released,1.35693359375,0.001449882984161377,3
first,goal,0.0,-0.0783393606543541,3
first,ground,1.14312744140625,-0.15135398507118225,3
first,largest,2.5037841796875,0.30861562490463257,3
first,notable,-1.4248046875,0.152474045753479,3
first,original,3.9840087890625,-0.21284624934196472,3
first,second,-3.7276611328125,-0.25852900743484497,3
first,sixth,-3.5463409423828125,-0.26034051179885864,3
fixed,known,-1.0078125,0.16790682077407837,3
fixed,running,-2.12109375,0.40005818009376526,3
fixed,steady,-0.583984375,0.16573652625083923,3
fixed,variable,-0.527587890625,-0.013955138623714447,3
flemish,german,-1.19317626953125,0.015514008700847626,3
flips,things,2.9550628662109375,-0.022835679352283478,3
flooded,lifeless,-0.68408203125,-0.08757093548774719,3
foam,paper,-3.530548095703125,-0.09042614698410034,3
fondly,foolishly,0.37890625,-0.08338074386119843,3
foolishness,inaccuracy,-0.5389022827148438,-0.11977536976337433,3
footsteps,voices,1.905517578125,-0.019771747291088104,3
footsteps,whistling,-1.078125,0.18206146359443665,3
formulae,things,1.2109375,-0.3098197281360626,3
fossils,lithologies,2.94921875,-0.13339434564113617,3
fossils,minerals,-3.34375,0.14533284306526184,3
fours,threes,0.2490234375,0.31217607855796814,3
friendly,frolicsome,-0.0283203125,-0.06698969751596451,3
friendly,sympathetic,-2.62005615234375,0.1511537730693817,3
frolicsome,gay,-1.2333984375,-0.03608476370573044,3
fruit,sherbets,0.12109375,0.3179819881916046,3
fruit,suet,-2.91796875,0.1742689609527588,3
further,further,5.0546875,-0.30514761805534363,3
fussing,grizzling,5.207711219787598,0.03882055729627609,3
gasoline,time,1.28076171875,0.1590137779712677,3
gasps,sundry,4.087890625,0.18111738562583923,3
gay,merry,3.958984375,0.2370566427707672,3
gay,useless,0.50970458984375,0.11207474023103714,3
gayer,gayer,-1.780517578125,0.15502750873565674,3
given,taken,2.208984375,0.1351456642150879,3
gladly,quickly,-1.474609375,0.13736948370933533,3
glands,vessels,0.25323486328125,0.45864930748939514,3
golder,phillipson,1.529296875,-0.03490199148654938,3
goodness,love,-1.16796875,-0.05566643923521042,3
goodness,sincerity,-0.994140625,-0.22650155425071716,3
gracious,ready,-3.025390625,0.06026802211999893,3
grand,lofty,-2.9814453125,0.48724809288978577,3
grand,useful,-0.77587890625,0.16506332159042358,3
grandest,happiest,4.05126953125,0.16285336017608643,3
grimaces,speaks,9.206298828125,0.15934395790100098,3
haltingly,slowly,0.153564453125,0.17300137877464294,3
handbags,jewelry,2.5615234375,0.1268538236618042,3
hands,heels,0.15087890625,-0.15905725955963135,3
hanged,quartered,-3.580078125,-0.028017587959766388,3
hanged,taken,-0.03521728515625,-0.2819545269012451,3
hardware,software,3.09088134765625,0.09919003397226334,3
hasty,indifferent,-2.49609375,-0.1740984320640564,3
heavier,heavier,1.013671875,0.07974981516599655,3
heavier,longer,4.484375,-0.29328829050064087,3
heavier,second,3.46356201171875,-0.39693683385849,3
hibernation,reproduction,0.16015625,0.01527278870344162,3
hissed,sputtered,2.270751953125,-0.13277041912078857,3
homesick,lonesome,-0.013671875,-0.06027732789516449,3
honey,succotash,-1.1707000732421875,0.4174290597438812,3
honorable,useful,-3.189453125,-0.2286003679037094,3
hope,love,-5.14990234375,-0.08758635073900223,3
hope,pride,1.123046875,0.027552254498004913,3
hope,watch,0.187744140625,0.11066251248121262,3
horses,oxen,0.3837890625,0.06249787658452988,3
horses,riders,0.3865966796875,0.2701379358768463,3
horses,sheep,-3.94921875,0.0780349150300026,3
horses,waggons,-6.1114501953125,0.0011930987238883972,3
human,saurian,-2.43359375,0.1829880177974701,3
hurry,preparation,1.9521484375,0.3145374655723572,3
husband,husband,-1.11279296875,-0.04234848916530609,3
ideas,oratory,-3.022796630859375,-0.40897372364997864,3
ideas,things,-2.8038330078125,-0.16967016458511353,3
improper,odors,4.34619140625,-0.01647750288248062,3
inclination,time,-2.15625,-0.09393619745969772,3
incredulously,slowly,-0.8597412109375,0.014043755829334259,3
indifferently,lazily,-2.134765625,0.0399559810757637,3
individually,slowly,0.990234375,-0.2961987257003784,3
industrial,port,-0.775634765625,-0.0561583936214447,3
industrial,residential,-7.16845703125,0.14407607913017273,3
industrial,sectional,0.20703125,-0.10406797379255295,3
industrial,tourist,-3.101318359375,-0.03321587294340134,3
industrial,trade,1.35009765625,-0.1609271764755249,3
ingredients,sauces,1.365234375,0.13233086466789246,3
ingredients,time,-7.3876953125,-0.5009419918060303,3
inscrutable,silent,-1.046875,0.05252773314714432,3
intense,laborious,-1.02197265625,-0.08573531359434128,3
intense,passionate,-4.9931640625,-0.0797763466835022,3
intense,thrilling,2.20703125,0.17538875341415405,3
invisible,silent,-2.3231277465820312,-0.13915327191352844,3
island,town,1.8388671875,-0.35684892535209656,3
islands,jungles,-1.34375,-0.07292481511831284,3
joys,tears,0.140625,0.031496562063694,3
kick,plunge,-0.6238994598388672,-0.34666353464126587,3
kindergarten,kindergarten,-0.2529296875,-0.07610483467578888,3
lame,stiff,-2.5703125,0.17594492435455322,3
lame,useless,1.15985107421875,0.036416418850421906,3
languages,learning,0.05859375,-0.23503521084785461,3
languages,scriptures,0.00390625,-0.27207639813423157,3
largest,newest,3.8460540771484375,-0.5110902190208435,3
law,order,-1.1416015625,-0.07377275824546814,3
learning,love,1.849853515625,-0.23715856671333313,3
legend,story,0.0181884765625,-0.12496689707040787,3
legislation,trade,4.9951171875,-0.03154563158750534,3
less,less,2.44921875,-0.12238602340221405,3
loaded,ready,0.189453125,0.0061819106340408325,3
lofty,splendid,0.05078125,0.0257459357380867,3
longer,longer,1.54486083984375,-0.1579495221376419,3
looking,looking,2.4320640563964844,-0.2338167130947113,3
love,pride,-3.228515625,0.07583869248628616,3
love,sincerity,0.505859375,-0.07837526500225067,3
love,sympathy,-4.69073486328125,-0.10449021309614182,3
love,tears,1.39453125,0.041966117918491364,3
lumpier,lumpier,-1.703125,-0.03000664710998535,3
lustily,together,-0.54144287109375,-0.08716325461864471,3
mail,passengers,0.009765625,0.4539646804332733,3
manufacturing,trade,-0.916015625,0.17616194486618042,3
many,many,-3.328125,0.04024643450975418,3
merry,thriving,-2.712890625,0.21906974911689758,3
minerals,protein,-0.8984375,-0.018476001918315887,3
miscellaneous,sundry,0.2802734375,0.2956613600254059,3
moans,pants,-3.7261962890625,-0.055087387561798096,3
moans,tears,-0.5703125,-0.22083473205566406,3
motor,perceptional,1.294921875,0.28863105177879333,3
mudpuppies,olms,0.0263671875,0.05668959766626358,3
mysterious,obsessive,-5.40234375,0.10166992992162704,3
nets,nets,1.4063568115234375,0.6562192440032959,3
nets,rubbish,-0.15234375,0.5050109624862671,3
numbers,numbers,-3.4296875,-0.16780884563922882,3
numbers,symbols,-0.77734375,-0.10651926696300507,3
nursing,residential,-2.59912109375,0.08088777214288712,3
oaths,threats,-2.044221878051758,0.057128824293613434,3
observant,steady,2.67193603515625,-0.11091767996549606,3
occidental,suggestion,2.1928634643554688,-0.16917243599891663,3
online,ready,4.9228515625,-0.16586840152740479,3
opportunities,threats,-0.28515625,-0.1195136159658432,3
oppressions,wars,-2.38525390625,0.03678465634584427,3
original,shocking,-3.2489013671875,0.07186057418584824,3
original,simultaneous,-2.716796875,0.4427233040332794,3
overwork,pneumonia,1.173980712890625,0.23751947283744812,3
overwork,underfeeding,-1.072265625,0.09278533607721329,3
oxen,sheep,0.65576171875,0.19857457280158997,3
packages,parcels,5.44970703125,0.13168063759803772,3
packages,suitcases,3.46185302734375,0.21548578143119812,3
pages,pages,1.6119232177734375,-0.15041014552116394,3
pants,shirts,-0.982421875,0.0698687806725502,3
pants,vocalizes,-1.630859375,0.43876537680625916,3
paper,points,2.50390625,0.29213762283325195,3
paper,pulp,4.3583984375,0.5218541026115417,3
paper,puzzle,-0.066162109375,0.05237530916929245,3
paper,rubbish,-2.254364013671875,0.42583373188972473,3
paper,things,-1.138671875,-0.03292884677648544,3
parish,public,0.369140625,0.4099014699459076,3
peas,strawberries,2.81640625,0.40548965334892273,3
peeping,spying,-0.75616455078125,-0.39219748973846436,3
perilous,uncertain,-2.15869140625,-0.1934613287448883,3
persecution,suffering,-1.55828857421875,-0.10359803587198257,3
persevering,plodding,0.765625,0.08799142390489578,3
persons,things,-1.052734375,-0.05307846516370773,3
picture,story,-0.103515625,0.11097290366888046,3
piles,piles,-1.74609375,0.163213312625885,3
poorer,poorer,-1.10906982421875,-0.10345067828893661,3
pots,pots,-1.4306640625,0.3874005675315857,3
pottery,statues,-0.0234375,-0.006768167018890381,3
powder,rifles,-0.657470703125,-0.02370516210794449,3
prayed,prayed,-0.22265625,-0.15468265116214752,3
preparation,study,-1.0322265625,-0.21421340107917786,3
preparation,thought,-1.654296875,-0.023587219417095184,3
pretend,pretend,-1.5166015625,0.11001680046319962,3
pride,prime,1.5749359130859375,-0.08392379432916641,3
pride,risk,-5.0616455078125,-0.07612650841474533,3
pride,vanity,-2.2569580078125,-0.03656511753797531,3
private,public,1.802734375,0.30722692608833313,3
private,retail,-3.345458984375,0.23608624935150146,3
private,state,0.12646484375,0.26632997393608093,3
private,tribal,2.53515625,0.3621366620063782,3
problems,valium,3.708984375,0.2926386296749115,3
problems,worries,0.3662109375,-0.23505309224128723,3
public,state,11.919921875,0.16762757301330566,3
public,wooden,0.1279296875,0.6740767359733582,3
put,take,-1.654296875,-0.06350858509540558,3
put,went,-3.19677734375,0.008604876697063446,3
quality,quantity,1.1049976348876953,-0.07570799440145493,3
quicker,quicker,0.8466796875,-0.1761748492717743,3
quickly,sharply,5.54541015625,0.1628035306930542,3
quickly,slowly,1.466796875,0.33200544118881226,3
quickly,wisely,-1.4052734375,0.045933641493320465,3
quotas,tariffs,0.447265625,0.06912746280431747,3
rain,snow,-4.28485107421875,0.329633504152298,3
rain,tears,-1.3447265625,0.03310937434434891,3
rallies,talks,-3.7431640625,-0.1895720213651657,3
ran,ran,-3.448486328125,-0.1534583568572998,3
ready,silent,-2.59442138671875,0.060704030096530914,3
ready,steady,2.021484375,0.14746925234794617,3
ready,willing,2.66497802734375,-0.093610979616642,3
really,really,0.696044921875,0.07083962112665176,3
really,truthfully,-1.077880859375,-0.28842127323150635,3
rebellions,wars,-3.107421875,0.5995593070983887,3
rebo,things,1.023193359375,0.023506425321102142,3
rented,went,1.2081298828125,-0.10241998732089996,3
repossessions,restrictions,-1.75390625,-0.15437915921211243,3
residential,retail,-2.515625,0.2768312990665436,3
respectful,sympathetic,-0.30052947998046875,0.16920289397239685,3
rested,visited,-0.6910400390625,-0.14158987998962402,3
retail,trade,-5.268580436706543,-0.10765241831541061,3
returned,taken,-1.49072265625,-0.07878416031599045,3
rifles,shotguns,0.06787872314453125,0.4154282510280609,3
risk,uncertainty,-1.580078125,-0.3547597825527191,3
roadways,sidewalks,-2.50445556640625,0.6539151668548584,3
romp,roughhouse,2.577362060546875,0.08358516544103622,3
ruined,uninhabited,0.2791748046875,-0.25780364871025085,3
rung,rung,2.8984375,0.21071907877922058,3
running,running,0.59375,0.07533343881368637,3
running,stress,-0.280426025390625,-0.030373744666576385,3
salted,smoked,1.6162109375,0.009202353656291962,3
satellites,spacecraft,1.015625,0.31139424443244934,3
scarcer,scarcer,-1.54296875,0.2331363558769226,3
scarves,turtlenecks,0.353515625,0.3509627878665924,3
schema,subschema,10.728515625,0.1800425946712494,3
searchingly,slowly,-3.164642333984375,-0.19158434867858887,3
serials,series,1.5859375,-0.07583155483007431,3
series,shows,-4.376953125,-0.3604356348514557,3
share,share,2.064453125,0.03945452719926834,3
shoplifting,things,-1.791015625,-0.3414449095726013,3
shows,things,-1.107421875,-0.10878105461597443,3
shudder,tremble,5.07421875,0.09123644977807999,3
silent,stiff,-0.7828369140625,0.06259375065565109,3
silent,tearful,2.25830078125,0.05808805674314499,3
sincere,thorough,-0.6309814453125,-0.1708677113056183,3
skinnier,skinnier,-1.2822265625,0.14293304085731506,3
skis,things,-0.49853515625,0.17629429697990417,3
sleeping,sleeping,-1.322021484375,0.2996232509613037,3
slowly,unconsciously,1.05859375,-0.0014668181538581848,3
slows,tires,-0.35546875,0.24384301900863647,3
somehow,somewhere,-1.453857421875,-0.6296976208686829,3
sophistication,style,2.869140625,0.06827465444803238,3
speaks,turns,-2.033203125,-0.004668079316616058,3
sponsor,witness,-1.447265625,0.0817490890622139,3
springs,tension,-0.21826171875,-0.17999053001403809,3
stalkier,stalkier,-1.443359375,-0.160784512758255,3
stamps,turns,3.4183349609375,0.018059559166431427,3
start,tremble,-1.778564453125,-0.10325659811496735,3
statues,things,5.9954833984375,0.5330671072006226,3
steady,stiff,0.1025390625,0.3291162848472595,3
stiller,stiller,1.33203125,-0.13778820633888245,3
stress,tension,1.083984375,0.06591998785734177,3
study,thought,-4.12530517578125,-0.13345740735530853,3
subtle,wondrous,-0.281005859375,0.025709621608257294,3
suffering,time,1.81640625,0.04561934620141983,3
surrounded,taken,4.297607421875,-0.1199241429567337,3
suspense,uncertainty,5.98779296875,-0.3582485318183899,3
sweeps,talks,-1.50390625,0.17002823948860168,3
talkative,thoughtless,-2.279541015625,0.09677214175462723,3
talks,talks,-1.5771484375,0.07052912563085556,3
talks,turns,2.22998046875,0.17563709616661072,3
tap,tap,0.448760986328125,0.48800167441368103,3
territory,trade,1.383056640625,-0.31975844502449036,3
things,things,-2.935546875,0.08840660005807877,3
things,tires,-0.8515625,0.045022062957286835,3
thought,thought,-3.25,0.05711040645837784,3
thought,time,1.818359375,0.006455458700656891,3
time,time,2.890625,-0.24737203121185303,3
time,ways,1.314453125,-0.14195135235786438,3
useful,willing,1.13922119140625,0.007809557020664215,3
vanquished,victor,-0.19297027587890625,0.09121832996606827,3
vanquished,victors,0.61328125,-0.01322919875383377,3
voices,whistling,5.00390625,-0.178448885679245,3
warmer,warmer,0.4989013671875,0.14259663224220276,3
watch,watch,-2.440673828125,0.061234451830387115,3
weaker,weaker,-2.4453125,-0.06510373950004578,3
went,went,0.201171875,-0.0010861530900001526,3
wilder,wilder,-2.4580078125,0.026862971484661102,3
absence,substitution,-6.166015625,0.38354960083961487,4
absorbing,long,-0.2841796875,-0.014426834881305695,4
acceleration,velocity,-3.51611328125,0.05122004449367523,4
acquisition,opening,1.076416015625,0.19877921044826508,4
act,looks,-1.384765625,0.17716868221759796,4
act,snort,-0.1013641357421875,-0.08075005561113358,4
admission,listing,2.92022705078125,0.0798138827085495,4
advantage,profit,2.1019821166992188,0.08278647065162659,4
agencies,officers,1.1484375,-0.020458005368709564,4
alasia,gabrielle,-1.466796875,-0.024361588060855865,4
alms,largesse,-7.3074951171875,-0.030771084129810333,4
amazement,inquiry,1.27734375,0.0986282080411911,4
american,canadian,-1.4700927734375,-0.5021442174911499,4
american,confederate,-0.0791015625,-0.03450528532266617,4
american,foreign,2.14599609375,-0.15623396635055542,4
american,french,-0.765625,-0.31753912568092346,4
american,irish,1.7861328125,-0.3002735674381256,4
anemone,roses,0.31640625,0.14697061479091644,4
angle,distance,-4.216796875,-0.18199363350868225,4
angrily,loudly,-0.275421142578125,-0.07684286683797836,4
answered,considered,1.0550537109375,0.1020926758646965,4
anxiously,long,5.3368682861328125,-0.11738792806863785,4
apparel,implements,-1.4345703125,0.27620720863342285,4
apparel,money,-0.958984375,0.3533026874065399,4
appetizing,nourishing,-1.6201171875,0.223971426486969,4
architecture,ceremonies,0.0,0.20158827304840088,4
architecture,skyscrapers,-2.359375,0.10827334970235825,4
architecture,workmanship,3.79541015625,0.002630658447742462,4
architecture,works,-0.400390625,0.2407468557357788,4
arduously,long,-0.3871612548828125,0.01593664288520813,4
artistic,general,-3.6328125,0.017785340547561646,4
artistic,international,3.0432586669921875,0.5096623301506042,4
artistic,social,3.6337890625,-0.047843076288700104,4
artistic,technical,-0.2542724609375,0.1518135964870453,4
ashamed,enraged,-4.1422119140625,0.14722883701324463,4
ashamed,white,-3.799530029296875,-0.06249839812517166,4
asking,asking,1.6569290161132812,0.0868506133556366,4
atmospheric,solar,4.85205078125,0.05062016844749451,4
authority,caution,-6.587890625,-0.11549236625432968,4
authority,responsibility,-2.8218765258789062,0.14117401838302612,4
back,back,-7.267181396484375,0.04484234005212784,4
back,electrical,1.4326171875,-0.037166811525821686,4
back,everyth,-1.4111328125,-0.3004814386367798,4
back,open,-1.64990234375,-0.07093647867441177,4
back,out,-1.044921875,0.1556606888771057,4
back,upper,-4.0322265625,0.07351820915937424,4
back,work,-2.41162109375,0.12679053843021393,4
backup,medical,0.94989013671875,0.21484258770942688,4
bamboo,rice,1.515625,-0.33649131655693054,4
banana,lavender,-1.46484375,-0.3418075442314148,4
banana,rice,-0.2890625,-0.09433192759752274,4
barracks,warehouses,-0.079345703125,0.03135102242231369,4
bass,piano,0.4180908203125,-0.04135765880346298,4
battle,host,0.7109375,0.05277828127145767,4
battle,work,2.33203125,-0.0309995636343956,4
beaten,bruised,-2.219970703125,-0.01970643550157547,4
beaten,dispersed,-2.341796875,-0.3048619329929352,4
beaten,stabbed,-1.442626953125,-0.1600072979927063,4
bedevilment,confusion,1.8665771484375,0.3398197293281555,4
bees,beetles,-1.2100143432617188,-0.14441236853599548,4
bees,lindens,-0.7998046875,-0.23180261254310608,4
beetles,rats,-2.43359375,0.11786068230867386,4
behavior,habitats,3.4046630859375,0.06634793430566788,4
behavior,neurogenesis,4.84295654296875,0.08037643879652023,4
behavior,size,-2.517578125,0.020550139248371124,4
behind,behind,1.38671875,-0.15108129382133484,4
bellow,hook,-0.94921875,0.3137374520301819,4
beloved,dear,0.671875,0.054890453815460205,4
beloved,loving,0.63623046875,-0.047223664820194244,4
bigger,bigger,-3.5146484375,-0.04663009196519852,4
bigger,faster,-0.73388671875,-0.03166612237691879,4
bigger,newer,-0.3421630859375,-0.25325798988342285,4
bigger,prettier,1.31201171875,-0.17923828959465027,4
bison,cattle,-4.97900390625,0.4560019075870514,4
bison,hybrids,-4.974609375,0.2737293839454651,4
bleeding,bruised,1.744140625,0.07220866531133652,4
blessed,dear,0.0,-0.030151374638080597,4
block,ring,-2.1640625,0.0012898445129394531,4
blow,blow,-1.2138671875,0.19697076082229614,4
blow,bluster,7.720703125,-0.10390647500753403,4
blow,howl,1.4384765625,-0.02232486754655838,4
blues,whites,-2.211090087890625,-0.36861538887023926,4
bolder,bolder,6.684814453125,-0.12652736902236938,4
bouncing,bumping,-0.1160125732421875,0.2625974416732788,4
bowl,drinks,2.140625,0.004732348024845123,4
breathe,surface,0.0,0.1746857464313507,4
brethren,trust,-2.810546875,-0.01232118159532547,4
brie,butter,-1.71484375,-0.021890081465244293,4
bright,cheerful,-0.912109375,-0.0692635253071785,4
bright,fair,0.4814453125,-0.16005292534828186,4
bright,glorious,-4.9013671875,-0.34231647849082947,4
bright,joyous,-0.27490234375,-0.014861233532428741,4
bright,keen,2.326171875,-0.1756627857685089,4
bright,peaceful,3.345703125,-0.07211769372224808,4
bright,pure,-1.47265625,-0.10866103321313858,4
bright,smiling,-2.339111328125,-0.20065703988075256,4
bright,snapping,0.55078125,-0.11176148802042007,4
bright,still,-1.5078125,-0.15588989853858948,4
bright,white,-0.187042236328125,-0.23992344737052917,4
brightness,size,-2.1219482421875,-0.0355827733874321,4
brooches,goblets,0.560546875,-0.16047093272209167,4
browned,healthy,1.01025390625,-0.12379036098718643,4
bruised,jarred,-2.14453125,-0.3014442026615143,4
bucks,saws,-2.396754264831543,0.0036401301622390747,4
building,building,-1.0756454467773438,0.6547098755836487,4
building,development,5.6337890625,0.4420141279697418,4
buses,trams,-1.077880859375,0.006237700581550598,4
butter,experience,1.337890625,-0.20239192247390747,4
butter,jam,-0.513671875,-0.2330932319164276,4
cakes,candies,0.8837890625,-0.36885860562324524,4
cakes,doughnuts,0.1647491455078125,-0.4622839391231537,4
cakes,pastries,0.435546875,-0.36168166995048523,4
camps,cottages,2.53125,0.34102335572242737,4
canadian,french,-1.986328125,-0.36541104316711426,4
canadian,international,-0.90789794921875,-0.010820306837558746,4
careful,long,0.548828125,-0.1069527193903923,4
catalogs,essays,1.4453125,0.2594677805900574,4
cattle,farms,2.633056640625,-0.04357614368200302,4
caution,delay,-2.3515625,0.13197340071201324,4
caution,experience,-3.896484375,-0.11906919628381729,4
caution,mystery,1.169921875,-0.005199611186981201,4
celebrity,related,-1.1640625,0.05541098862886429,4
changeability,conformity,0.7919921875,0.13623976707458496,4
changed,changed,0.013427734375,-0.1945672631263733,4
charisma,money,0.391143798828125,0.2353937178850174,4
cheerful,cozy,0.591796875,-0.11548467725515366,4
cheerful,smiling,3.06793212890625,-0.041742004454135895,4
cheerful,surprised,4.142578125,-0.24711045622825623,4
chives,onion,1.1328125,0.006283722817897797,4
choicer,prettier,1.416015625,-0.23984956741333008,4
church,work,-1.43359375,-0.051870472729206085,4
ciliates,radiolaria,-2.60546875,-0.19033044576644897,4
clay,lead,4.326171875,-0.04780208319425583,4
clay,logs,-0.4246826171875,-0.04432160407304764,4
cleared,lined,-0.1183319091796875,0.18372493982315063,4
cliffs,gorges,-5.0037841796875,0.09673718363046646,4
cliffs,hillsides,-3.346923828125,-0.22837820649147034,4
cliffs,riverbanks,1.705078125,-0.10212869197130203,4
clods,clumps,0.599609375,-0.16206100583076477,4
closing,opening,-0.4073486328125,-0.019627295434474945,4
collapsed,melted,-0.05303955078125,0.08694889396429062,4
colors,forms,3.7064208984375,-0.09105075150728226,4
colors,patterns,4.3984375,0.010796897113323212,4
community,voluntary,-0.638671875,0.5293514728546143,4
concerted,concurrent,-5.759765625,-0.025572188198566437,4
condemnation,sentence,-4.105558395385742,0.011647216975688934,4
confusion,misinformation,2.48199462890625,-0.06128803640604019,4
confusion,panic,-1.9140625,-0.10453779250383377,4
confusion,rumors,-1.5625,0.18214792013168335,4
considered,rejected,-2.9443359375,0.10234608501195908,4
considered,still,-2.025390625,0.3499578535556793,4
conspiracy,forgery,1.1640625,0.04818867892026901,4
constant,loud,-2.9453125,-0.11370465904474258,4
constant,perishable,0.33984375,0.2830500304698944,4
continental,french,1.81298828125,-0.17709076404571533,4
copyrights,rights,-1.3651618957519531,0.16754943132400513,4
corruption,cultism,-2.3046875,0.15548893809318542,4
cottages,houses,-4.59375,-0.22976604104042053,4
country,kinship,1.0810546875,-0.13593950867652893,4
country,royalty,-2.97265625,0.07222215831279755,4
crackers,fudges,-4.1337890625,-0.15898162126541138,4
crackers,jam,2.8621826171875,-0.3978983461856842,4
cranes,warehouses,-2.21685791015625,-0.03671122342348099,4
creaks,squelches,-0.79046630859375,-0.2782796323299408,4
criticize,denounce,-1.7735595703125,0.14479702711105347,4
cross,disagreeable,0.94873046875,-0.016148127615451813,4
cross,discontented,-1.76025390625,0.13378384709358215,4
cross,fussy,1.70703125,-0.034206874668598175,4
cross,unkind,1.03173828125,-0.14374813437461853,4
crowbars,picks,-0.89208984375,-0.10748801380395889,4
curled,curled,-2.3642578125,0.44430404901504517,4
cytosine,thymine,-3.1943359375,-0.16000410914421082,4
damp,keen,-0.3946533203125,-0.07688561826944351,4
damp,loathsome,-0.236328125,0.13796016573905945,4
damp,long,2.5257568359375,-0.28627321124076843,4
damp,thin,-1.474609375,-0.20322898030281067,4
damp,unwholesome,2.1184539794921875,0.14363104104995728,4
dance,music,1.1875,0.10395043343305588,4
daring,heroic,4.46484375,-0.08520322293043137,4
daring,lateral,-15.693359375,0.13461679220199585,4
daring,marvellous,-1.1259765625,0.15106649696826935,4
daring,own,5.88134765625,0.42734649777412415,4
deafening,long,-2.7900390625,-0.2789185345172882,4
dear,long,-1.575927734375,0.09447946399450302,4
dear,loving,-3.1767578125,0.04126287251710892,4
dear,thoughtful,-3.106536865234375,-0.19883540272712708,4
decorations,flags,-0.01708984375,0.1865062117576599,4
decorations,jewels,4.243408203125,-0.0013813599944114685,4
decorations,tints,3.15478515625,-0.14290466904640198,4
delighted,flustered,0.746917724609375,-0.14888831973075867,4
delighted,smiling,-0.5915069580078125,-0.3310849368572235,4
delighted,surprised,-1.51171875,0.004739992320537567,4
denounce,preach,0.8192138671875,-0.09674433618783951,4
detonators,fuses,4.89306640625,0.038666658103466034,4
development,production,0.0859375,0.15285970270633698,4
development,testing,-0.7578125,0.1259385347366333,4
diagrams,illustrations,-4.22265625,0.10547611862421036,4
dimpled,white,-2.021484375,-0.05238065868616104,4
dismally,long,0.427734375,0.015634916722774506,4
distance,size,0.8984375,0.2003576159477234,4
distance,terrain,-0.44140625,-0.10413334518671036,4
distinctly,loud,3.7811279296875,-0.47210201621055603,4
distinctly,loudly,-0.955078125,-0.29705753922462463,4
dizzy,nauseated,2.5107421875,-0.09953310340642929,4
drastic,long,5.94140625,-0.15199080109596252,4
drinks,eats,-1.7440567016601562,-0.02024982124567032,4
drinks,laughs,-1.17822265625,-0.09362231940031052,4
dropped,sunk,-1.78125,0.5364651679992676,4
ducks,pelicans,0.05615234375,0.07217631489038467,4
dull,long,-0.46875,-0.238023579120636,4
dull,simple,0.5417423248291016,-0.2705398201942444,4
dull,spiritless,0.81640625,-0.06678956001996994,4
dwellings,shops,-0.75775146484375,0.08690585941076279,4
dysentery,famine,0.611328125,-0.1383284628391266,4
ecological,molecular,-5.5322265625,-0.34666457772254944,4
educated,scientific,-1.605712890625,0.32278814911842346,4
egotistical,unrefined,-3.08203125,0.20069164037704468,4
endangered,endemic,2.79443359375,-0.012007378041744232,4
endure,work,-1.521270751953125,0.03882844001054764,4
energy,fire,-0.48046875,-0.13050270080566406,4
energy,stamina,0.76171875,-0.3830297887325287,4
energy,valour,0.3837432861328125,0.06641130149364471,4
engineer,managerial,-0.03125,-0.04999842494726181,4
entertainment,lodging,-0.19140625,0.3678900897502899,4
entertainment,music,2.630859375,0.15316811203956604,4
entertainment,profit,2.43701171875,0.20404529571533203,4
equality,freedom,6.751953125,-0.12348849326372147,4
ermine,scarlet,-0.701171875,0.08412203192710876,4
evade,evade,1.4700927734375,0.3940213620662689,4
everyday,simple,-3.537109375,0.0682477355003357,4
exclusive,significant,0.00469207763671875,-0.12305653840303421,4
exits,returns,-1.4866943359375,0.1287308633327484,4
experience,observation,-3.4873046875,0.2891651690006256,4
experience,responsibility,-0.3624267578125,0.22120538353919983,4
experiments,observations,-1.173828125,0.13443610072135925,4
fagged,flustered,-0.51220703125,0.0276138037443161,4
fair,frank,-3.2197265625,-0.271824449300766,4
fair,legible,-3.9423828125,0.38568297028541565,4
fair,peaceful,2.0,-0.025936730206012726,4
fair,prosperous,-2.127197265625,0.036475904285907745,4
fair,pure,-5.931640625,-0.045373834669589996,4
fair,still,0.94921875,-0.11630905419588089,4
farms,houses,-1.35107421875,0.07665815949440002,4
faster,faster,-1.3486328125,0.019190020859241486,4
fatiguing,long,-1.833984375,-0.37809112668037415,4
feverish,ill,-1.5325927734375,-0.07172181457281113,4
fevers,malarias,-2.9951171875,0.31316375732421875,4
film,film,-0.84912109375,-0.10565785318613052,4
film,music,1.13818359375,0.019144631922245026,4
finches,larks,1.244140625,-0.062135882675647736,4
fire,lead,-0.16259765625,0.11023752391338348,4
fire,load,1.15478515625,0.21742849051952362,4
fire,tools,2.43536376953125,0.017761245369911194,4
fixedly,long,-3.766021728515625,-0.04736826568841934,4
flags,music,0.0,0.04319837689399719,4
flash,loud,0.80267333984375,0.1446080058813095,4
fleecy,thin,-9.05615234375,-0.1250407099723816,4
fleecy,white,-0.2392578125,0.02647586166858673,4
fly,fly,-0.5633544921875,0.20662370324134827,4
foreign,international,-1.3056640625,-0.06896454840898514,4
foreign,tanned,1.5078125,-0.28983986377716064,4
foreign,ukrainian,0.24072265625,-0.2360444962978363,4
forgives,relents,0.678955078125,-0.10273116081953049,4
frank,independent,1.859466552734375,-0.14927464723587036,4
frank,offensive,-2.7109375,0.21677009761333466,4
frank,open,-1.037109375,-0.1816621720790863,4
freedoms,rights,-0.23583984375,-0.13543632626533508,4
french,irish,-4.65625,-0.39435580372810364,4
french,music,0.7890625,-0.4274538457393646,4
freshman,sophomore,-0.4375,0.10776582360267639,4
friend,playfellow,0.40213775634765625,0.0178249329328537,4
furs,implements,-0.239013671875,0.09856779128313065,4
fuss,squeal,-1.994842529296875,-0.16015920042991638,4
fuss,stamp,-0.50872802734375,-0.16938838362693787,4
gaping,muttering,1.00537109375,-0.05343203991651535,4
general,maddened,-0.81317138671875,-0.06611716002225876,4
general,technical,2.970703125,0.08038484305143356,4
generations,generations,5.22265625,0.2805916666984558,4
ghastly,long,-0.745361328125,-0.039326734840869904,4
ghastly,unending,3.23974609375,0.05010707676410675,4
godless,violent,-0.64581298828125,0.35690608620643616,4
grandma,grandpa,-2.0369491577148438,-0.06657866388559341,4
guerilla,independent,0.32293701171875,0.1074131578207016,4
gutturally,loudly,0.538330078125,-0.013818539679050446,4
hammering,hammering,1.9454612731933594,0.06402532011270523,4
hazelnut,raspberry,3.24609375,-0.41805610060691833,4
healthy,long,-0.2890625,0.06475713104009628,4
healthy,obedient,-0.163330078125,-0.09406968206167221,4
healthy,open,-6.423828125,-0.11284653097391129,4
healthy,prosperous,-3.723186492919922,-0.2856695353984833,4
healthy,pure,-1.51416015625,-0.1340894103050232,4
heart,joints,-0.58984375,-0.4227236211299896,4
heart,renal,-0.6520919799804688,-0.1866351068019867,4
heartfelt,traditional,-0.333984375,0.09580918401479721,4
heartily,long,1.119140625,-0.2000250518321991,4
hearty,loud,-3.005615234375,-0.1978730857372284,4
hearty,loving,-2.5654296875,-0.01646498590707779,4
hedonism,utilitarianism,-3.18359375,-0.01482757180929184,4
helmsman,operator,-3.12890625,0.14531774818897247,4
hoot,howl,-2.306640625,-0.11119390279054642,4
hop,squeal,-1.4826087951660156,-0.08728248625993729,4
hopelessly,vaguely,1.517578125,0.13991554081439972,4
hops,jumps,-7.232421875,0.2612217962741852,4
horns,strings,-5.616943359375,0.2065427303314209,4
hoss,hoss,-2.1141357421875,0.29899510741233826,4
houses,houses,1.45703125,0.0593881718814373,4
houses,shops,-0.5404052734375,0.07048031687736511,4
houses,stores,-1.19140625,0.1559891700744629,4
howl,howl,-3.134765625,-0.04745735973119736,4
husk,sawdust,-2.299560546875,-0.3689461052417755,4
ill,weary,1.2890625,0.1886296272277832,4
ill,white,-2.375,-0.08623544126749039,4
implements,tools,2.78857421875,0.4273291528224945,4
incongruity,likeness,-1.473876953125,-0.008615083992481232,4
independent,savage,0.748046875,0.04547959566116333,4
independent,sovereign,-0.009765625,-0.08431188017129898,4
independent,wealthy,-5.4560546875,0.21773773431777954,4
indoors,out,-0.11053466796875,-0.18596571683883667,4
infallible,sovereign,4.44091796875,0.14475031197071075,4
innovation,technology,0.0,0.34290191531181335,4
inquiring,thoughtful,0.0,0.05748628079891205,4
inquiry,observation,5.7734375,-0.013004370033740997,4
insulting,violent,2.283203125,0.21336063742637634,4
intricate,long,5.443603515625,-0.07845037430524826,4
involuntary,voluntary,-0.569091796875,0.1710195243358612,4
irish,nigerian,1.9903564453125,-0.31181809306144714,4
jewels,money,0.814453125,0.11516284197568893,4
jib,jigger,3.02294921875,0.148696631193161,4
joking,smiling,-0.55859375,0.07264766097068787,4
journalists,officials,-4.74609375,-0.04111386090517044,4
joyous,loud,-1.5731353759765625,0.14521294832229614,4
joyous,smiling,0.50732421875,-0.022232629358768463,4
keen,peaceful,1.18359375,-0.1428530514240265,4
keener,keener,-1.1234893798828125,-0.21924129128456116,4
knowing,knowing,-5.14453125,-0.056187041103839874,4
labor,money,-2.255859375,-0.08273140341043472,4
lasting,long,-1.6328125,0.12247476726770401,4
laughs,looks,2.30877685546875,-0.192557692527771,4
laughs,yells,-2.13800048828125,0.13930995762348175,4
lavender,white,0.7520751953125,-0.40491148829460144,4
lessons,work,-3.4560546875,0.21208631992340088,4
limping,lisping,-0.67822265625,-0.045435912907123566,4
lived,struggled,-0.7587890625,0.07161621749401093,4
lived,worked,0.203125,-0.06239650398492813,4
lives,looks,-1.727691650390625,-0.05668354779481888,4
lives,money,1.83154296875,-0.025381751358509064,4
lives,work,4.775390625,0.18003463745117188,4
lives,works,3.5991134643554688,0.2426166832447052,4
logical,simple,1.3195648193359375,-0.18335136771202087,4
logs,stumps,-1.365234375,-0.12176641076803207,4
lone,long,-0.158782958984375,-0.16157963871955872,4
long,long,0.5130348205566406,-0.30437710881233215,4
long,loud,1.40826416015625,-0.32454442977905273,4
long,loudly,4.2666015625,-0.2300887405872345,4
long,loving,-0.36395263671875,-0.04718836396932602,4
long,lucidly,0.736328125,-0.11396042257547379,4
long,narrow,-1.57421875,-0.0710168406367302,4
long,passionately,-0.58203125,-0.1419791579246521,4
long,peaceful,-4.1748046875,0.06995908170938492,4
long,pointed,-0.96435546875,-0.1648329198360443,4
long,prosperous,-6.02685546875,0.3528296947479248,4
long,significant,-3.43359375,0.11707467585802078,4
long,simple,1.5528564453125,-0.08565189689397812,4
long,sinewy,0.134765625,-0.028340168297290802,4
long,slinking,-0.1025390625,0.019134603440761566,4
long,softly,-1.894927978515625,-0.28407588601112366,4
long,storied,1.5830078125,0.07403258979320526,4
long,thin,2.822265625,-0.18219077587127686,4
long,thoughtfully,1.46875,0.021921508014202118,4
long,untrimmed,-0.65625,-0.015809156000614166,4
long,varied,0.69140625,0.0696379765868187,4
long,violent,-3.48046875,0.0415428951382637,4
long,wearisome,-2.65234375,-0.19960173964500427,4
long,weary,2.357421875,0.04460076242685318,4
long,white,0.23291015625,-0.14728793501853943,4
looks,moves,-4.0177001953125,0.45765480399131775,4
looks,works,0.1055755615234375,0.3171933591365814,4
loud,repetitive,2.701171875,-0.20696499943733215,4
loud,rowdy,-0.36328125,-0.107005275785923,4
loud,sudden,1.625,-0.2046847939491272,4
loud,throaty,-6.107666015625,-0.33236315846443176,4
loud,unnatural,-0.96826171875,0.02853020280599594,4
loud,violent,-1.204833984375,-0.2233007848262787,4
loving,pure,1.5789794921875,-0.04023704677820206,4
loving,simple,0.64337158203125,-0.17488524317741394,4
lutes,tambourines,-6.166015625,-0.20454630255699158,4
machinery,textiles,-0.15570068359375,0.06303720921278,4
machines,technology,-1.6552734375,-0.16935989260673523,4
machines,tools,-1.1875,-0.0565422847867012,4
madder,madder,0.756103515625,-0.1272156834602356,4
mangrove,passionfruit,-1.4970703125,-0.318552166223526,4
marathons,ultramarathons,4.6484375,0.014988847076892853,4
medical,scientific,-2.83038330078125,-0.15715321898460388,4
medical,social,-0.208984375,0.162040114402771,4
medical,technical,0.4581298828125,-0.01973467320203781,4
meditation,prayer,-3.644287109375,0.20743635296821594,4
merchants,workmen,-1.107421875,0.15116176009178162,4
midwest,southeastern,-0.02545166015625,-0.29980000853538513,4
mobile,social,0.416107177734375,-0.02013697475194931,4
money,production,-3.347412109375,0.05998166650533676,4
money,records,0.57635498046875,-0.11668684333562851,4
money,spices,2.3232421875,-0.1479659378528595,4
money,travelcards,3.486328125,-0.10577822476625443,4
monsoonal,tropical,-0.482421875,-0.15024372935295105,4
morose,unfriendly,1.5106201171875,0.34019091725349426,4
mounted,stuffed,-0.935638427734375,0.04547830671072006,4
moves,uplifts,7.169921875,-0.3126567602157593,4
music,music,0.5787353515625,-0.11223060637712479,4
music,philosophy,1.388671875,0.12351032346487045,4
music,records,-1.865509033203125,-0.11805716902017593,4
music,rhetorics,0.00927734375,-0.13006630539894104,4
music,static,-3.2490234375,-0.04085003584623337,4
music,table,-2.658203125,-0.09618125110864639,4
music,work,-3.694629669189453,-0.07957611232995987,4
musically,philosophically,-3.3544921875,0.5429260730743408,4
muttering,sobbing,0.6494140625,-0.1680011749267578,4
narrow,rakish,3.080078125,0.20827019214630127,4
narrow,triangular,-0.71484375,-0.25815796852111816,4
neck,neck,-0.29296875,0.10775002092123032,4
neighbors,travelers,0.288330078125,0.01780291646718979,4
nephews,nieces,1.426513671875,0.31075018644332886,4
observation,theory,2.982421875,-0.08029855042695999,4
offspring,parents,0.9247121810913086,-0.11280613392591476,4
onward,out,2.236328125,-0.05093056708574295,4
open,open,1.970703125,-0.1865660846233368,4
open,violent,0.2240142822265625,-0.1509512960910797,4
opening,shutting,0.5283203125,0.25446411967277527,4
optimists,toppers,1.948974609375,1.0363757610321045e-05,4
oral,written,-0.492950439453125,-0.13328704237937927,4
orders,returns,0.646484375,-0.06520584970712662,4
out,out,-0.384765625,0.24661317467689514,4
parents,visitor,-0.8828125,0.10029084235429764,4
passionately,strangely,-3.2110595703125,-0.01864982396364212,4
peaceful,prosperous,0.476806640625,0.11059007793664932,4
peaceful,smiling,-1.3046875,0.03454358130693436,4
peaceful,still,0.6875,-0.023098163306713104,4
peaceful,unopposed,1.640625,0.07156714051961899,4
perfect,poofy,-4.865234375,0.10552353411912918,4
perfect,pure,4.61962890625,0.2810390591621399,4
perfect,unbroken,-1.134918212890625,0.06139736622571945,4
pertly,promptly,-0.689453125,-0.06276146322488785,4
philosophy,theology,-4.689453125,-0.11317870765924454,4
piano,violin,2.28515625,0.2190907895565033,4
pike,spear,5.07720947265625,0.127580463886261,4
plans,preparations,-1.66015625,0.038272760808467865,4
plaprer,plaprer,0.173828125,0.3069305121898651,4
pointed,terse,-1.864105224609375,-0.25917598605155945,4
practise,practise,-3.185546875,0.3853502571582794,4
prayer,thanksgiving,-1.29443359375,-0.04518187791109085,4
prayer,worship,-2.2143402099609375,0.38304564356803894,4
prettier,prettier,-0.088134765625,-0.23406198620796204,4
production,technical,0.9562225341796875,-0.12353873997926712,4
production,transportation,0.0,0.2299622893333435,4
project,technical,-1.10943603515625,0.13446909189224243,4
projectors,televisions,1.7822265625,0.15729869902133942,4
punishment,rewards,-0.66796875,0.0602138414978981,4
pure,simple,-1.4561986923217773,0.007189616560935974,4
pure,sober,-1.1259765625,-0.17081400752067566,4
pure,solid,-1.6376953125,0.09151866286993027,4
pure,white,-0.64404296875,-0.2562732696533203,4
queerer,queerer,-3.579833984375,0.09975569695234299,4
quivering,white,1.982421875,-0.041714467108249664,4
rascals,shepherds,-0.193756103515625,0.4674549102783203,4
raved,stormed,0.0,0.4766353964805603,4
reading,studying,-2.357421875,-0.1160539761185646,4
reports,rumors,-1.2060546875,-0.11813417822122574,4
responsibility,work,-2.927734375,-0.012097261846065521,4
restaurants,shops,5.36962890625,-0.2020455300807953,4
rice,tallow,-1.5799560546875,-0.20721197128295898,4
ring,stacker,-3.236328125,-0.1434631645679474,4
romantic,villainous,-3.083984375,0.020376883447170258,4
rope,textiles,-1.38995361328125,0.005341149866580963,4
salvage,vandalizing,1.0267333984375,-0.009630262851715088,4
satin,spotted,0.0,0.30629003047943115,4
savage,treacherous,2.44927978515625,-0.07061199098825455,4
scarlet,white,3.360595703125,-0.11178598552942276,4
scholarly,sober,-2.0792236328125,0.10174427926540375,4
scientific,technical,2.229248046875,-0.10192663222551346,4
seals,walruses,-0.53759765625,0.14209017157554626,4
seasonal,tropical,-1.4864501953125,0.07919969409704208,4
sensitive,temperamental,2.002685546875,0.13897818326950073,4
settlement,transportation,0.1270751953125,0.44286230206489563,4
shaven,spotted,-3.5830078125,0.409803181886673,4
significant,varied,-0.9443359375,-0.22467288374900818,4
simple,slight,-1.8563995361328125,-0.3488437235355377,4
simple,touching,-4.62353515625,-0.022552944719791412,4
sleek,thoughtful,-2.90576171875,-0.03857455402612686,4
slight,thin,-4.205078125,-0.2274758517742157,4
smiling,unhurried,3.2860107421875,0.06622757017612457,4
sober,thoughtful,-0.72802734375,-0.02431599050760269,4
social,technical,-1.689453125,-0.19269469380378723,4
social,traditional,1.2861328125,-0.11247696727514267,4
social,youth,-3.828369140625,-0.10723469406366348,4
softly,stealthily,0.0517578125,0.10635414719581604,4
solid,still,0.578125,0.525532603263855,4
solid,unbroken,-4.732421875,0.05002536624670029,4
starched,white,0.333984375,-0.152592271566391,4
still,thoughtful,1.18963623046875,-0.10288456827402115,4
still,void,1.010009765625,0.20896059274673462,4
still,white,-4.71533203125,-0.17877373099327087,4
stores,warehouses,0.9212112426757812,-0.08179927617311478,4
stout,weatherly,0.560546875,-0.010969243943691254,4
strings,violin,-0.7508544921875,-0.33558815717697144,4
struggled,struggled,-2.28125,0.6446297764778137,4
stumps,walls,-0.4580078125,0.1585252285003662,4
sudden,tremendous,0.9388427734375,0.016667015850543976,4
sudden,unnatural,3.308349609375,-0.13143181800842285,4
sudden,violent,0.5987548828125,-0.17484501004219055,4
swaying,swaying,0.6904296875,0.08006122708320618,4
swaying,whirling,-0.34765625,0.15907026827335358,4
table,table,0.345703125,-0.17251893877983093,4
thin,white,2.502197265625,-0.28678980469703674,4
tickling,touching,-3.465402603149414,-0.11890403181314468,4
treacherous,vile,-1.275482177734375,0.3856409192085266,4
treacherous,villainous,0.0,0.07701202481985092,4
treacherous,wicked,-2.65625,-0.12048909813165665,4
turned,turned,1.07763671875,0.05447573959827423,4
unafraid,unashamed,1.466796875,-0.16504868865013123,4
unfriendly,unnatural,0.0,0.1678256392478943,4
ungoverned,violent,-0.2919921875,0.18191958963871002,4
unkind,wicked,2.51171875,0.1704990565776825,4
unshaved,unwashed,-6.4697265625,0.19616708159446716,4
vindictive,violent,-4.490234375,-0.16423320770263672,4
wanted,wanted,4.94970703125,0.3636700212955475,4
warfare,work,-0.71484375,0.149800106883049,4
wickeder,wickeder,3.2099609375,-0.146378755569458,4
work,work,-5.349609375,-0.018195293843746185,4
worked,worked,13.029296875,0.01222681999206543,4
worst,worst,2.349609375,-0.03243470937013626,4
abject,dejected,-0.8450927734375,0.294468492269516,5
acceptive,efficient,0.4462890625,-0.025804024189710617,5
aches,pains,1.05712890625,-0.1421690732240677,5
acting,performing,2.5706787109375,-0.1541816145181656,5
adapt,survive,-8.57421875,0.08856990933418274,5
addition,deletions,1.74456787109375,0.005069036968052387,5
advice,assistance,1.891845703125,-0.19888998568058014,5
advice,injunctions,0.74609375,-0.4406406283378601,5
advice,training,-0.0400390625,0.03913675621151924,5
affordable,cheap,-0.2353515625,-0.07044858485460281,5
aft,knelt,0.50006103515625,0.004457664676010609,5
agitated,shocked,-1.560546875,-0.06463001668453217,5
agnostic,liberal,0.608154296875,0.17300358414649963,5
ahing,umming,3.30194091796875,0.20419077575206757,5
alien,strange,-6.2509765625,-0.266671359539032,5
alternatively,secondarily,-1.3603515625,-0.05878649279475212,5
anecdotes,gossip,-0.3486328125,-0.10439784079790115,5
anklets,bracelets,0.76416015625,-0.1960250437259674,5
anklets,wristlets,-3.302734375,-0.07788189500570297,5
annoying,childish,-2.739990234375,-0.032509204000234604,5
annoying,strange,-1.875,0.00769325066357851,5
anticipation,intercourse,-1.8349609375,-0.16625237464904785,5
apartments,cars,2.05517578125,-0.18181085586547852,5
apologizing,crying,4.9365234375,0.17836284637451172,5
appreciation,gratitude,0.0,-0.23915785551071167,5
appropriately,directly,1.36572265625,-0.04416552558541298,5
arepas,cachapas,-1.03759765625,0.015507807023823261,5
argued,argued,1.654296875,0.37851011753082275,5
arrested,injured,0.202392578125,0.3657738268375397,5
arrested,punished,-0.322265625,0.17725558578968048,5
arrested,shot,8.84375,0.546153724193573,5
arrested,tortured,-2.343219757080078,0.38503286242485046,5
articles,books,-0.6224441528320312,-0.8953267335891724,5
articles,interviews,-0.001953125,-0.09306876361370087,5
asleep,quieted,9.71484375,0.20260567963123322,5
asleep,snoring,-0.3841552734375,0.30542048811912537,5
assistant,doorkeeper,2.291015625,-0.2770208716392517,5
astonishment,fright,1.3804931640625,0.14585033059120178,5
astonishment,incredulity,-3.0344390869140625,-0.12446873635053635,5
astrophysical,geophysical,-3.353515625,0.03750103339552879,5
attractive,instructive,-1.27734375,0.45157793164253235,5
attractive,interesting,1.701171875,0.09966487437486649,5
attractive,proven,0.5445556640625,-0.040875621140003204,5
attractive,serviceable,1.203125,-0.06979907304048538,5
attractive,unique,1.6865234375,-0.006437207572162151,5
attractive,viable,1.37890625,0.5025071501731873,5
awe,reverence,-0.265625,-0.14387786388397217,5
awful,profound,2.95703125,-0.18995273113250732,5
awful,strange,-0.63116455078125,-0.5806069374084473,5
awkwardly,heavily,-3.0050411224365234,0.07093080133199692,5
balmy,mild,-1.6435546875,-0.23665183782577515,5
banquets,cheers,-3.0419921875,-0.1566285938024521,5
barbarians,pirates,0.768310546875,0.010125418193638325,5
bargains,coffins,2.23046875,0.050865743309259415,5
basketball,tennis,-0.9775390625,0.341405987739563,5
beardless,handsome,2.43499755859375,-0.06222846731543541,5
behavioural,cognitive,-4.037109375,-0.05921978875994682,5
behavioural,mental,3.63525390625,-0.18838384747505188,5
best,best,2.3112945556640625,0.34525710344314575,5
best,darlingest,-1.63909912109375,0.2344285547733307,5
best,noblest,4.250732421875,0.05642610788345337,5
best,quickest,0.142578125,0.05394537374377251,5
best,smartest,-4.45208740234375,0.1138290986418724,5
best,soundest,-1.998046875,-0.11406000703573227,5
biological,historical,1.140625,-0.12945623695850372,5
blunt,rough,-1.275390625,0.09567620605230331,5
boastful,cheating,-2.646484375,-0.10077644139528275,5
boisterous,rude,-0.7098388671875,-0.33063358068466187,5
bollards,cars,-2.1577987670898438,-0.2517838180065155,5
books,happenings,-0.94140625,-0.27412354946136475,5
books,letters,0.0234375,-0.8465983867645264,5
books,movies,4.279296875,-0.21202021837234497,5
books,pamphlets,2.943115234375,-0.2825605869293213,5
books,postage,-1.0132293701171875,0.009814460761845112,5
books,studies,-2.203125,-0.47861677408218384,5
books,theater,-2.033203125,-0.17121107876300812,5
bosses,budgets,-1.9346160888671875,-0.163666233420372,5
bosses,enemies,0.296875,-0.16604925692081451,5
boulders,rocks,1.275390625,-0.05965737625956535,5
bounds,training,0.8828125,0.060117702931165695,5
bowling,tennis,1.0316085815429688,0.08324552327394485,5
boyish,free,-1.391357421875,0.1123620942234993,5
breathless,panting,0.187255859375,-0.22087228298187256,5
brighter,brighter,-0.5087890625,-0.44811004400253296,5
brighter,content,-0.724365234375,-0.26903748512268066,5
brighter,merrier,-0.89208984375,-0.38642242550849915,5
british,iraqi,-2.23095703125,0.18368801474571228,5
british,scottish,5.612525939941406,-0.09679558873176575,5
british,spanish,-1.3876953125,0.209018737077713,5
british,yank,0.2509765625,0.19297458231449127,5
broad,eclectic,2.46826171875,-0.15461179614067078,5
broad,glittering,0.345703125,-0.40059080719947815,5
broad,handcuffed,-2.86328125,0.03053082898259163,5
broad,leathery,-1.1309814453125,0.1647479236125946,5
broad,level,1.46875,-0.006188440136611462,5
broadcasting,journalism,0.0,-0.2708810865879059,5
broke,rotten,-4.685546875,0.4149278998374939,5
bugs,fleas,2.3721923828125,0.42376452684402466,5
bumps,tracks,6.548828125,-0.17732763290405273,5
calls,letters,-2.050628662109375,-0.5023064613342285,5
cans,forks,0.083984375,0.2743913531303406,5
capacities,powers,1.25,0.0049810754135251045,5
capital,financial,2.4296875,0.09343978017568588,5
capital,government,-1.02294921875,-0.11123643070459366,5
carotenoids,chlorophyll,-2.9658203125,-0.07617668807506561,5
carpets,rugs,-0.6865234375,-0.17543023824691772,5
cars,hats,-1.5799560546875,-0.014055009000003338,5
cars,lorries,0.8818359375,0.290564626455307,5
casual,playful,2.107421875,-0.11896663159132004,5
cat,dog,-1.607421875,-0.16983148455619812,5
cat,puppy,0.7073974609375,0.3154274821281433,5
catch,tame,2.44921875,0.03697497025132179,5
catch,toss,1.009765625,0.013157608918845654,5
caverns,rocks,1.734375,0.14468255639076233,5
caverns,tunnels,1.6669921875,0.048738397657871246,5
cedar,yew,-1.5320014953613281,-0.11553343385457993,5
cereals,toast,0.646484375,0.19939464330673218,5
cereals,tobacco,2.004425048828125,0.09074118733406067,5
change,decay,-2.0625,-0.2987285852432251,5
changes,changes,0.130859375,-0.022308219224214554,5
character,comic,-0.759765625,-0.1236400231719017,5
character,form,-1.10546875,-0.2534717321395874,5
characteristic,interesting,-0.171875,-0.0753929540514946,5
characteristic,unique,2.522705078125,-0.39123785495758057,5
characters,letters,1.205078125,-0.5932707786560059,5
characters,movies,1.4384765625,-0.4379199743270874,5
chattering,laughter,0.93060302734375,-0.3078029155731201,5
cheap,nice,2.048828125,0.09747447818517685,5
cheap,plentiful,1.9310531616210938,-0.1916799247264862,5
cheerfully,pleasantly,-2.638671875,0.4389198422431946,5
cheerfully,regularly,0.7587890625,0.11473524570465088,5
cheers,laughter,-0.9378662109375,-0.19404926896095276,5
cheers,merriment,-0.5283203125,-0.4565683603286743,5
chemically,physically,-0.4678955078125,0.11554042994976044,5
chivalry,courtesy,1.2958984375,-0.1985691785812378,5
chivalry,right,-1.4658203125,-0.031536441296339035,5
christian,faithful,2.86932373046875,-0.2704363763332367,5
city,metropolitan,-4.41552734375,0.17820006608963013,5
clapping,laughter,-0.576446533203125,-0.011959956027567387,5
clean,nice,-4.116982460021973,0.5175142288208008,5
clean,painted,-0.470703125,0.041295189410448074,5
clean,roomy,0.7451171875,0.5444421172142029,5
clean,shaved,1.9931640625,0.2516078054904938,5
clean,trig,-2.1796875,0.08526157587766647,5
cliff,ray,0.736328125,-0.09600601345300674,5
clothe,make,-2.859375,0.46336865425109863,5
coaches,lorries,-0.9033203125,0.08792261779308319,5
coal,peat,-0.90582275390625,-0.1138630136847496,5
coal,salt,-2.125,0.07749556750059128,5
colloquially,officially,2.404296875,0.1521071195602417,5
colour,form,-0.583984375,-0.16954097151756287,5
colour,movement,2.966796875,-0.16626964509487152,5
colour,scent,4.9132080078125,-0.09523331373929977,5
colours,sizes,0.86456298828125,-0.14252535998821259,5
communications,media,-5.5889892578125,-0.6825239658355713,5
communications,training,-1.374114990234375,-0.16143596172332764,5
compact,graceful,0.0881195068359375,-0.03979916498064995,5
compass,rule,1.013671875,0.0015559317544102669,5
complacence,sense,0.384765625,0.03122572973370552,5
complete,unabridged,-0.130126953125,0.42974844574928284,5
components,systems,-4.11456298828125,0.04903605207800865,5
conflicts,dramas,2.125,0.09883666038513184,5
connected,conscious,-8.4599609375,-0.09049464017152786,5
conscientious,reliable,-1.789215087890625,-0.09277847409248352,5
consistency,endurance,11.560546875,-0.1288679838180542,5
constellations,stars,-2.8519439697265625,-0.12406241148710251,5
constraint,distrust,2.42578125,-0.1938363015651703,5
content,gratitude,-0.392578125,0.1186300739645958,5
content,peace,1.431640625,0.12363815307617188,5
content,romance,-1.8875732421875,0.22272685170173645,5
contentious,inefficient,-1.12890625,0.1342727094888687,5
cooked,cooked,5.5634765625,0.08288723975419998,5
corporeal,spiritual,-0.3935546875,-0.0523996539413929,5
corridors,tunnels,-2.77191162109375,-0.06707178801298141,5
cotton,groundnut,2.1236867904663086,0.25076937675476074,5
cotton,tobacco,0.6131591796875,-0.0009668227285146713,5
countries,nations,1.50390625,-0.07093194872140884,5
countries,others,-3.0810546875,-0.13995254039764404,5
courtesy,reverence,-5.228122711181641,0.05722339078783989,5
courtesy,sense,-0.884765625,0.08422522991895676,5
craggy,handsome,1.5625,0.01690841093659401,5
crinkly,nice,4.94970703125,0.2460814118385315,5
crowed,prattled,-1.0849609375,-0.06546588242053986,5
cruising,crying,-0.0321044921875,0.2324979454278946,5
crying,crying,1.6771161556243896,0.6348432898521423,5
crying,kissing,-2.69140625,-0.000496293418109417,5
crying,pleading,-0.98883056640625,0.3396926522254944,5
crying,scared,1.2567138671875,0.3056532144546509,5
curiouser,curiouser,-0.060546875,0.2198885828256607,5
cut,foin,5.1748046875,0.09273743629455566,5
cutest,sexiest,2.0078125,0.010640044696629047,5
damaging,widespread,-2.314453125,-0.0677204355597496,5
day,twilight,-0.123321533203125,-0.03979109227657318,5
debris,rocks,-3.25732421875,0.0571102537214756,5
decay,renewal,-3.02313232421875,0.024605654180049896,5
defenses,equipment,-0.482421875,-0.1784287393093109,5
defensive,difficult,-0.47412109375,0.032045360654592514,5
defensive,militant,3.570098876953125,-0.1603548228740692,5
defined,used,1.4677734375,-0.21407699584960938,5
dejected,distressed,-2.6796875,-0.15761810541152954,5
dejected,inconsolable,1.3603515625,0.21198995411396027,5
dejected,sore,-0.2918701171875,0.1346917450428009,5
difficult,rough,1.955078125,-0.13842234015464783,5
dignified,remarkable,0.615234375,0.050887636840343475,5
dignified,solemn,-4.0625,0.040517788380384445,5
disbanded,scattered,1.515625,0.07332038134336472,5
disconcerted,glum,-0.58233642578125,-0.08463644236326218,5
disputing,quarrelling,-0.240234375,-0.16591456532478333,5
dissipated,free,0.155029296875,-0.05219515785574913,5
distant,strange,-0.5625,0.17005011439323425,5
distracted,lawless,-2.65380859375,0.05850773677229881,5
distressing,humiliating,-5.1787109375,0.22431057691574097,5
diverse,liberal,1.166015625,-0.15523666143417358,5
diverse,vibrant,-1.63116455078125,-0.03555114194750786,5
dog,man,0.408203125,-0.43021881580352783,5
dog,master,-0.21484375,-0.4588976502418518,5
done,done,0.7232666015625,0.04226737841963768,5
done,opened,-2.19384765625,0.30194059014320374,5
done,over,0.9228515625,0.19557659327983856,5
done,said,2.30517578125,0.48535484075546265,5
done,seen,-2.46783447265625,-0.02163447067141533,5
doze,dream,-2.6474609375,0.0925959125161171,5
dramas,movies,-1.800537109375,0.18926772475242615,5
drawn,painted,7.57421875,-0.37083157896995544,5
drill,training,5.7734375,-0.26274582743644714,5
driving,driving,-2.9453125,-0.06242137774825096,5
driving,steroids,0.5537109375,0.008353670127689838,5
drowned,shot,1.6607666015625,0.142937570810318,5
durable,viable,0.841796875,0.11927112936973572,5
east,middle,1.0078125,0.33304542303085327,5
ecclesiastic,moral,-0.986328125,-0.044624537229537964,5
eerie,ominous,-1.422576904296875,0.16607940196990967,5
efficient,reliable,2.7333984375,-0.05729375407099724,5
eggs,flour,2.9189453125,0.06698458641767502,5
eggs,game,0.38702392578125,0.16365373134613037,5
eggs,toast,1.18115234375,0.5933852195739746,5
eigenvalues,eigenvectors,-1.8173828125,-0.267641544342041,5
elbow,scream,-0.9229736328125,0.13937541842460632,5
elegant,graceful,-0.46484375,0.0038450555875897408,5
elsewhere,here,4.8037109375,0.17181819677352905,5
emaciation,weakness,-0.8779296875,-0.03805245831608772,5
emerged,proliferated,2.2847900390625,-0.024449627846479416,5
empowerment,engagement,2.4296875,-0.10754687339067459,5
entreating,menacing,1.521484375,0.1490470916032791,5
equipment,toy,-2.72015380859375,-0.0408894382417202,5
equipment,training,-2.359375,-0.18900886178016663,5
ethology,sociobiology,-1.390625,0.023830018937587738,5
even,nice,0.522216796875,0.36087751388549805,5
even,odd,0.265625,-0.3482021689414978,5
exhaustion,hunger,4.62109375,0.06062847748398781,5
exposure,hunger,-2.89453125,-0.1486741453409195,5
expressly,purely,7.35546875,-0.07395722717046738,5
fainter,fainter,0.346435546875,-0.1371181309223175,5
faithful,spiritual,-1.43310546875,0.035007160156965256,5
faithful,trusty,0.663330078125,0.25883743166923523,5
familiar,nice,-1.548095703125,0.2779884934425354,5
feces,urine,2.26837158203125,0.024131882935762405,5
fictional,historical,-1.13671875,-0.24098774790763855,5
filtered,zoned,0.349609375,0.09535140544176102,5
financial,governmental,-0.4638671875,-0.10427552461624146,5
financial,moral,0.369140625,-0.20875689387321472,5
fishermen,millers,0.1708984375,-0.00019792746752500534,5
fishermen,pirates,4.34375,-0.20991653203964233,5
fitted,painted,1.1044921875,0.03574930503964424,5
flour,mincemeat,1.44140625,0.09597272425889969,5
forcible,racy,2.3409576416015625,0.20068179070949554,5
form,line,7.41064453125,-0.07905998080968857,5
form,survive,-2.4765625,0.041604671627283096,5
fragile,rude,0.256988525390625,0.11409012228250504,5
frantic,scattered,-0.0518798828125,0.007547249086201191,5
free,free,-5.41748046875,-0.04458686709403992,5
free,scattered,1.365234375,0.02038908377289772,5
free,spontaneous,-0.193359375,-0.06699881702661514,5
fright,weakness,1.9251174926757812,0.7129061818122864,5
frogs,rabbits,-4.0068359375,0.09761475771665573,5
funeral,save,-1.9267578125,-0.08231358975172043,5
gambling,spending,2.146484375,-0.2845371961593628,5
game,pot,-1.699462890625,-0.15646302700042725,5
gamesters,runners,-3.2900390625,-0.47050178050994873,5
gasp,kissing,-1.697265625,0.08259063214063644,5
gasp,scream,2.708984375,0.07168448716402054,5
gasp,stare,-2.060546875,-0.26025858521461487,5
gayety,laughter,-1.146484375,-0.20641586184501648,5
gayety,merriment,-3.916015625,-0.2627064883708954,5
gayety,mirth,-0.9789581298828125,-0.02123359963297844,5
gently,immediately,0.35003662109375,0.27405524253845215,5
gently,nice,1.67578125,0.27704310417175293,5
glans,prepuce,1.97265625,-0.19086289405822754,5
glum,solemn,-2.0601806640625,-0.04439210519194603,5
gods,others,-1.32421875,-0.23890337347984314,5
government,medicine,2.5297927856445312,-0.23384533822536469,5
government,opposition,1.2939453125,0.037752602249383926,5
government,rule,-0.91015625,-0.04671519249677658,5
graceful,unique,1.3575820922851562,-0.20664279162883759,5
grew,grew,-1.09423828125,-0.2395654320716858,5
grocers,millers,-0.2001953125,-0.2303387075662613,5
grotesque,satire,1.794921875,-0.06715315580368042,5
grotesque,strange,-0.08935546875,-0.18962830305099487,5
grunted,squealed,-2.515869140625,0.3595461845397949,5
hairy,rough,-4.34375,0.03550306335091591,5
hand,hand,-0.1875,-0.730187177658081,5
handsome,soldierly,-2.4453125,-0.4454190731048584,5
handsome,taller,-1.2216796875,-0.308851957321167,5
harder,harder,2.021484375,-0.06703396886587143,5
harder,thicker,-2.4612159729003906,0.010717515833675861,5
hardships,heroism,-3.962890625,0.021013598889112473,5
harmful,strange,-0.1461181640625,-0.04904618486762047,5
hats,robes,-1.79296875,0.38244813680648804,5
heathen,remote,-9.857421875,-0.1727430522441864,5
helicopters,paratroopers,3.5990142822265625,0.04983517527580261,5
here,here,-0.7421875,0.07258244603872299,5
here,hereafter,1.9736328125,0.550882875919342,5
historical,spiritual,-1.630126953125,0.10952222347259521,5
homo,porno,0.0673828125,0.14666292071342468,5
hooks,rods,-3.03973388671875,0.04434335604310036,5
hospitable,interesting,8.388671875,0.09786292165517807,5
hospitalised,injured,3.57421875,0.5168731808662415,5
hours,hours,0.49059295654296875,-0.17311079800128937,5
hub,spoke,2.40850830078125,-0.10304354876279831,5
ice,rocks,0.444671630859375,0.265302836894989,5
illuminated,spiritual,1.65771484375,-0.2193050980567932,5
imaging,optical,0.19864654541015625,2.1648593246936798e-05,5
impulsive,rude,4.64453125,0.4621920585632324,5
incident,romance,-3.7205772399902344,-0.2299490123987198,5
indented,numbered,0.0,-0.014626051299273968,5
indistinguishable,strange,2.044921875,0.03884740546345711,5
initial,initial,-1.299560546875,0.06659479439258575,5
injunctions,messages,-7.90625,0.015643570572137833,5
injured,shot,-2.66796875,0.544352114200592,5
injured,woeful,2.01898193359375,-0.00802833866328001,5
insolent,rebellious,-6.65625,0.08792015165090561,5
inspiring,profound,4.51007080078125,0.1301409751176834,5
instantaneously,unseen,-3.217529296875,0.15003208816051483,5
instructive,interesting,1.5361328125,-0.02515503391623497,5
instructive,moral,1.341796875,-0.12719735503196716,5
intercourse,training,4.137939453125,-0.08587352186441422,5
interesting,quaint,2.9474029541015625,-0.09573020040988922,5
interesting,remarkable,-2.142578125,-0.16027700901031494,5
interesting,strange,2.0216379165649414,0.3003397583961487,5
interesting,surprising,-1.619140625,0.026455502957105637,5
interesting,unique,11.609375,0.007967581041157246,5
invaders,pirates,-1.6826171875,-0.006273902021348476,5
jests,laughter,-2.2294921875,-0.025960974395275116,5
kicked,kicked,-0.091796875,0.535950779914856,5
kids,mortgages,-2.70361328125,0.011973981745541096,5
kids,starving,0.513671875,-0.48431774973869324,5
kids,teen,0.90966796875,-0.31292372941970825,5
ladder,man,-4.15234375,-0.03934120759367943,5
laugh,laugh,3.705078125,-0.2883759140968323,5
laugh,scream,2.88427734375,-0.06372258812189102,5
laughter,merriment,-0.28981494903564453,-0.6839892268180847,5
laughter,noise,-1.7018852233886719,0.26710188388824463,5
laughter,peace,0.83984375,-0.3434089124202728,5
lawless,rough,1.3551521301269531,0.20598264038562775,5
lawless,uncontrolled,-3.42578125,-0.038668859750032425,5
letters,messages,2.54296875,0.1142297014594078,5
letters,presents,-1.46044921875,-0.2677958607673645,5
letters,scrolls,4.206298828125,-0.1514495313167572,5
lime,salt,-0.0098876953125,-0.093754343688488,5
linen,silver,0.4599609375,-0.10261748731136322,5
looting,vandalism,0.0732421875,-0.01523872371762991,5
lorries,said,1.0748291015625,0.18865768611431122,5
lumber,timbers,0.69921875,0.2003803849220276,5
luxury,privilege,-4.775390625,-0.3576459586620331,5
luxury,refinement,-0.4609375,-0.25796061754226685,5
machine,man,-1.693359375,-0.2109031230211258,5
magnesium,potassium,-2.2919921875,0.11457187682390213,5
man,man,0.7578125,-0.5248830914497375,5
man,master,-1.95703125,-0.5455628633499146,5
man,prey,-1.8572921752929688,-0.07548867166042328,5
manned,trained,2.375,-0.017801474779844284,5
marked,numbered,1.1396484375,0.39118021726608276,5
master,missis,1.97265625,-0.3120041489601135,5
mates,prey,1.46875,0.03622102364897728,5
matured,mellowed,-2.568878173828125,-0.062100622802972794,5
medicine,treatment,-0.99658203125,-0.2400631308555603,5
medicine,treatments,-0.125,0.0381142683327198,5
meek,mild,1.58984375,-0.08394306153059006,5
mental,moral,0.1015625,-0.03328223153948784,5
mental,spiritual,-1.99072265625,-0.14330905675888062,5
merriment,mirth,-2.197265625,0.15872466564178467,5
merriment,noise,-0.259552001953125,-0.4936875104904175,5
messages,sightings,-0.35040283203125,-0.27518361806869507,5
mild,nice,1.34466552734375,0.2306119203567505,5
mild,windless,-1.8837890625,-0.028617199510335922,5
milked,sugared,0.173828125,0.06849203258752823,5
mirth,peace,1.3837890625,-0.0615667887032032,5
mistrustful,uncanny,-2.68212890625,0.1490190178155899,5
moist,nice,-0.05078125,0.09226948767900467,5
molluscs,vertebrates,-0.8125,0.027608554810285568,5
moons,moons,2.831939697265625,-0.2647015154361725,5
moons,suns,0.564453125,-0.1847873330116272,5
moral,spiritual,4.681640625,-0.04102463647723198,5
mothers,teachers,0.081146240234375,-0.5801371335983276,5
mothers,toddlers,0.841796875,-0.12270378321409225,5
movement,noise,-3.8607177734375,-0.3559727668762207,5
movies,opera,0.646484375,-0.3671826422214508,5
movies,theater,-1.61083984375,-0.02512374520301819,5
movies,tv,-0.3820648193359375,-0.038505252450704575,5
moving,up,5.8223876953125,0.538085401058197,5
moving,wound,2.972930908203125,0.07651875913143158,5
nations,tribes,-2.03515625,0.12082412093877792,5
near,nice,-0.669921875,0.24170921742916107,5
near,remote,-1.043243408203125,-0.32260408997535706,5
next,next,2.6181640625,-0.30600082874298096,5
nice,relaxed,-0.5747756958007812,0.30635136365890503,5
nice,roasted,-4.86737060546875,0.05943068116903305,5
nice,snug,-1.917205810546875,0.23219305276870728,5
nice,spooky,-1.42138671875,0.14639484882354736,5
nice,unselfish,-0.953369140625,0.37398362159729004,5
noise,unintelligible,1.0568695068359375,0.07137372344732285,5
nurses,nurses,3.3119964599609375,0.05768086388707161,5
nurses,orderlies,0.08740234375,0.05714040622115135,5
nurses,teachers,9.7080078125,-0.4862285256385803,5
oblations,prayers,1.92822265625,-0.23397380113601685,5
odd,spooky,-1.20556640625,0.27381378412246704,5
odd,unique,-0.526123046875,-0.14730197191238403,5
older,older,2.318359375,-0.14292201399803162,5
older,taller,0.208984375,-0.08062758296728134,5
older,tougher,1.4018707275390625,-0.12134628742933273,5
older,wiser,-0.255859375,-0.04183962941169739,5
ominous,threatened,-1.378936767578125,0.2798829972743988,5
others,volunteers,2.63043212890625,-0.297942191362381,5
outdated,rough,0.8984375,0.12218554317951202,5
outfit,wagons,-1.640625,-0.027814943343400955,5
outgunned,outnumbered,-1.73876953125,0.11413855105638504,5
outposts,patrols,-2.4609375,-0.14266088604927063,5
over,over,-0.8873291015625,0.08189480006694794,5
over,up,1.477935791015625,-0.16264817118644714,5
paratroopers,peasants,-8.95654296875,0.047595005482435226,5
paused,said,2.114013671875,-0.20315217971801758,5
peace,purity,-1.52197265625,0.23759698867797852,5
peace,relaxation,0.109375,-0.006343054585158825,5
pearl,silver,-0.81005859375,-0.09362491220235825,5
peep,see,-0.7265625,0.15122176706790924,5
penalties,prizes,0.11669921875,0.014933918602764606,5
penner,skupin,1.544921875,-0.47064638137817383,5
penultimate,thirteenth,-0.275390625,-0.11277229338884354,5
permanent,substantial,-0.531494140625,-0.0609455443918705,5
permanent,suitable,0.4580078125,-0.07802455872297287,5
ph,temperature,-0.46875,-0.15739375352859497,5
picturesque,quaint,1.2243156433105469,-0.4899592399597168,5
picturesque,sleepy,0.181884765625,-0.6182001829147339,5
pillage,tribute,-0.8856048583984375,-0.0915234312415123,5
pirates,pirates,-0.8858642578125,-0.5512905716896057,5
pirates,smugglers,1.4072265625,-0.13566645979881287,5
pirates,wenches,-15.035369873046875,0.17190119624137878,5
plantation,slabes,-1.84527587890625,-0.6182383894920349,5
plate,spoon,2.7027587890625,0.054980311542749405,5
pot,spoon,1.9775390625,0.027122925966978073,5
potassium,sodium,-1.09765625,0.055143121629953384,5
powers,principalities,1.01495361328125,-0.3507592976093292,5
presence,putrification,-0.435546875,-0.15384161472320557,5
pressure,temperature,0.0,-0.06621509790420532,5
previous,subsequent,-6.95703125,-0.1091286763548851,5
profound,remarkable,2.40478515625,-0.05985968932509422,5
profound,resolved,3.1753997802734375,0.0027537094429135323,5
profound,surprising,-0.517578125,0.18942910432815552,5
pronounce,spell,-2.8232421875,0.04549688473343849,5
queue,unique,-1.6650390625,-0.26186951994895935,5
rabbits,rodents,0.98828125,-0.007228906266391277,5
ragged,tawdry,0.41082763671875,0.024843070656061172,5
raped,tortured,1.12109375,0.06693468242883682,5
reels,rods,-0.55322265625,-0.10108660906553268,5
registered,verified,0.990234375,0.13944938778877258,5
rehabilitation,treatment,-3.37860107421875,-0.10121322423219681,5
reliable,supervised,-1.111328125,-0.0762801542878151,5
reliable,trusty,-2.83935546875,0.23845621943473816,5
remarkable,strange,-0.5224609375,0.18972818553447723,5
remarkable,unique,-12.269819259643555,-0.20177993178367615,5
resorts,villages,-0.2197265625,-0.10815620422363281,5
revolting,strange,0.8154296875,-0.2080312967300415,5
rocks,wilds,0.0,0.33297744393348694,5
rocks,woods,5.9609375,0.43550416827201843,5
romance,satire,3.5224609375,-0.2139548361301422,5
rough,rude,-0.4571990966796875,0.3629423975944519,5
safer,supervised,0.089111328125,0.09403341263532639,5
said,saluted,-0.310546875,0.18045787513256073,5
salt,vinegar,-5.044921875,-0.13604851067066193,5
scared,scream,2.01171875,0.014179025776684284,5
scared,shy,0.46044921875,0.5132678747177124,5
scared,strange,-2.2890625,-0.2730909585952759,5
see,touch,0.373046875,0.04189092293381691,5
seen,seen,-4.1171875,-0.09519342333078384,5
seen,understood,5.22265625,0.18639205396175385,5
shy,strange,-3.220458984375,0.21264377236366272,5
smaller,smaller,2.4312744140625,-0.09215309470891953,5
smaller,thicker,-4.58203125,0.05897477641701698,5
sorrier,wiser,0.9440765380859375,0.03181684389710426,5
speak,swim,-0.34130859375,-0.29155659675598145,5
special,unique,4.92578125,-0.2379518449306488,5
special,urgent,2.133056640625,-0.06104451045393944,5
spectacular,unique,-1.78009033203125,-0.15860673785209656,5
spicy,strange,-1.9453125,-0.27106669545173645,5
spiritual,temporal,-1.3717041015625,0.03994764760136604,5
squealed,squealed,1.9287109375,-0.18508167564868927,5
stable,unique,-1.14453125,-0.05702265724539757,5
stare,stop,-1.3980712890625,0.0009485529735684395,5
stouter,stouter,2.1796875,-0.1335737705230713,5
strengthened,strengthened,4.37109375,0.17713384330272675,5
stretch,stretch,0.180938720703125,0.323087215423584,5
subtlety,timing,-0.024658203125,0.21756736934185028,5
swim,swim,-4.85296630859375,0.18471261858940125,5
taboos,totems,4.494873046875,-0.2086922824382782,5
taller,taller,0.3505420684814453,0.005550106056034565,5
taught,used,0.238037109375,-0.04291633144021034,5
ten,twoscore,-1.708984375,0.14786560833454132,5
thicker,thicker,-2.8203125,-0.0014769984409213066,5
through,through,1.00860595703125,0.2197878360748291,5
togs,whatnot,-2.20703125,0.16422373056411743,5
toy,toy,0.518310546875,0.012015079148113728,5
trained,trusty,-0.970703125,-0.06163293495774269,5
tribes,tribes,-2.55859375,0.06684908270835876,5
turbid,zaburlit,-2.275390625,0.20557978749275208,5
unmoved,unobtrusive,0.671630859375,-0.051033418625593185,5
up,up,-1.185546875,0.5131637454032898,5
valk,valk,0.946014404296875,0.10734312236309052,5
value,value,-2.40625,-0.0974842756986618,5
waited,waited,4.5859375,-0.07592115551233292,5
walks,walks,-1.3806285858154297,0.12447022646665573,5
wept,wept,-0.1514892578125,-0.46079927682876587,5
whales,whaling,1.27783203125,0.024029288440942764,5
whistle,whittle,0.970703125,0.09569185227155685,5
wigwagging,woodcraft,1.6574134826660156,-0.25455743074417114,5
wilds,woods,0.6932373046875,0.23958659172058105,5
yet,yet,0.141845703125,0.27251797914505005,5
accomplished,amiable,-2.828125,0.023761853575706482,6
accurate,strong,3.20379638671875,-0.1390305906534195,6
action,adventure,-3.5927734375,0.05615276098251343,6
action,evolution,-1.7939453125,0.2950030565261841,6
action,excitement,1.349609375,0.04295617341995239,6
action,grace,-2.28125,-0.05793546140193939,6
active,curious,-1.7591094970703125,0.12384463846683502,6
active,strong,0.606689453125,-0.2532835006713867,6
activities,gestures,-3.093830108642578,0.24338513612747192,6
added,new,-7.2890625,-0.27068835496902466,6
adventure,excitement,-0.4639892578125,0.015568181872367859,6
adventure,poetry,1.2822265625,0.01916004717350006,6
adventure,sport,-2.7354736328125,-0.011930510401725769,6
adventure,voyage,5.287109375,0.22068649530410767,6
aerodromes,radar,-8.4306640625,0.10089804232120514,6
agriculture,crafts,2.6367034912109375,-0.10372947156429291,6
agriculture,forestry,0.48046875,0.011215731501579285,6
agriculture,gardening,-1.806396484375,0.2027430534362793,6
agriculture,hunting,-0.150390625,-0.19209422171115875,6
ai,nao,0.07421875,0.3596229553222656,6
alarm,excitement,-0.7163238525390625,0.18821130692958832,6
alarm,perplexity,2.975372314453125,0.14588145911693573,6
alarm,triumph,1.73046875,-0.10848502814769745,6
alcoholics,homosexuals,-1.921875,-0.5252805352210999,6
alone,far,-0.48602294921875,-0.2600506544113159,6
alone,unobserved,-1.861328125,0.14121800661087036,6
ambition,conquest,2.546875,-0.2649379372596741,6
ambition,opulence,0.0,0.22402048110961914,6
ambition,vainglory,-1.4361572265625,-0.20568536221981049,6
ammeters,voltmeters,-3.5712890625,-0.361910343170166,6
amusement,diversion,2.26611328125,-0.046393051743507385,6
amusement,excitement,-1.544921875,0.18238911032676697,6
anger,excitement,4.087890625,-0.09474043548107147,6
anger,hatred,-1.7548828125,-0.016546905040740967,6
anger,hostility,-0.7353515625,-0.13601453602313995,6
anger,humiliation,3.0616455078125,-0.3277466297149658,6
anger,jealousy,1.7802734375,-0.04406003654003143,6
anger,trouble,1.9765625,0.04337158799171448,6
angry,anxious,-2.5302734375,0.05440816283226013,6
angry,bewildered,-3.8642578125,-0.13351695239543915,6
angry,dark,-0.974609375,-0.10461075603961945,6
angry,frightened,6.29217529296875,-0.10890243947505951,6
angry,grim,0.498046875,-0.10985518991947174,6
angry,grudging,-2.4014892578125,-0.3035070300102234,6
angry,insubordinate,-0.6690673828125,-0.12497271597385406,6
angry,mean,-2.322265625,-0.12208332121372223,6
angry,pale,0.5505523681640625,-0.05228666961193085,6
angry,shrill,-1.00738525390625,0.03394545614719391,6
angry,suspicious,-6.31689453125,0.2138955146074295,6
angry,upset,2.465667724609375,0.12865987420082092,6
annual,maximum,-2.21612548828125,0.5088587999343872,6
antidepressants,cholesterol,2.2231197357177734,0.27590060234069824,6
antiques,artwork,0.9119873046875,-0.36000561714172363,6
anxious,eager,-1.23046875,0.2791908383369446,6
anxious,frightened,1.154296875,0.17470981180667877,6
anxious,pale,-3.400390625,0.2674536108970642,6
anxious,shuddering,4.970703125,-0.2750359773635864,6
aristocracy,feudalism,2.68450927734375,-0.45031940937042236,6
artillery,guns,-0.280517578125,-0.17065702378749847,6
artillery,motorization,0.91796875,-0.0974060446023941,6
artillery,troops,-2.546875,-0.0354589968919754,6
arts,crafts,-4.55078125,-0.22771479189395905,6
arts,sciences,-0.0615234375,0.03509773313999176,6
arts,sports,0.596649169921875,-0.18073199689388275,6
artworks,objects,0.4970703125,-0.2269674688577652,6
attention,care,-0.749267578125,0.0170658677816391,6
attention,eyes,0.9189453125,0.31987324357032776,6
attention,zeal,0.8798828125,0.3261370360851288,6
autocrat,emperor,4.205078125,0.0949806421995163,6
automobiles,clothes,0.46044921875,0.05381487309932709,6
baby,daddy,2.43994140625,0.4537156820297241,6
baby,father,3.22998046875,0.27231067419052124,6
baby,louise,1.420166015625,0.2599439024925232,6
badass,big,-3.888671875,-0.3645203709602356,6
balls,pegs,-0.9375,0.2699892818927765,6
baritone,clarinet,-1.03125,-0.1290292888879776,6
barks,ships,-4.364654541015625,0.029676631093025208,6
barley,rye,-2.337890625,0.16044960916042328,6
barred,locked,5.078369140625,0.05065739154815674,6
basket,loaf,-1.3544921875,0.3095478415489197,6
basket,scissors,5.4921875,0.11167176812887192,6
battered,dilapidated,3.6533203125,0.009461745619773865,6
believe,think,4.5,0.17716249823570251,6
believed,hiding,1.2431640625,0.5482045412063599,6
bewildered,confused,0.238525390625,0.21580767631530762,6
bewildered,dismayed,4.8125,-0.04388764500617981,6
bewildered,frightened,-1.3115234375,0.08035263419151306,6
big,curious,0.1005859375,0.09173193573951721,6
big,dark,-1.0205078125,0.11004014313220978,6
big,direct,2.395263671875,0.06670404970645905,6
big,high,4.00390625,-0.035135552287101746,6
big,important,-3.8466796875,0.31735220551490784,6
big,mellow,6.3994140625,-0.12610657513141632,6
big,new,1.68121337890625,0.027083054184913635,6
big,round,2.5499143600463867,-0.24166478216648102,6
big,strong,0.9755859375,0.2141687422990799,6
big,successful,1.34375,0.16158682107925415,6
big,wonderful,2.483642578125,0.02358439564704895,6
biggerer,clumsier,-0.7691650390625,-0.024277031421661377,6
bigotry,intolerance,2.134765625,-0.09785433113574982,6
biscuit,tea,3.833984375,0.30745068192481995,6
blaze,curl,-1.5234375,0.05207815766334534,6
bleak,raw,-0.142578125,0.08478014916181564,6
blood,darkness,-2.1162109375,0.09826602041721344,6
blood,filth,-3.907958984375,-0.31713443994522095,6
blood,fluid,-2.388671875,-0.26559847593307495,6
blood,grease,5.671875,0.08822749555110931,6
blood,soil,-1.416015625,-0.34391647577285767,6
bloodless,pale,-1.14666748046875,0.10725386440753937,6
boating,riding,-0.70703125,0.15894775092601776,6
bold,cautious,-0.1885986328125,0.030611425638198853,6
bold,new,-1.724609375,0.11346833407878876,6
bold,round,7.599609375,-0.01076023280620575,6
bold,successful,4.6162109375,0.25574517250061035,6
bolt,eat,5.54296875,0.2952421307563782,6
bonds,stocks,-0.855499267578125,-0.24970020353794098,6
brake,marsh,-3.2578125,-0.05140511691570282,6
bravest,strongest,-2.94921875,-0.3019140958786011,6
brawny,strong,-4.34619140625,-0.19083137810230255,6
brilliancy,dash,-3.568359375,-0.3550603985786438,6
brother,father,-0.037109375,0.20933865010738373,6
brother,slept,0.0,0.14388012886047363,6
brushwood,rock,0.19921875,0.10712461173534393,6
buckets,ladders,3.1826171875,0.15089978277683258,6
bundles,wraps,-0.671875,0.28310534358024597,6
burning,slaying,-0.356689453125,0.00997576117515564,6
busier,busier,-1.15625,0.05632941424846649,6
buying,going,-4.3203125,-0.0889207273721695,6
cabbage,carrot,4.044921875,0.4646618962287903,6
campaign,political,0.6610260009765625,-0.1515449434518814,6
cancer,depression,0.9149169921875,0.033166512846946716,6
capable,strong,1.546875,0.1289173811674118,6
capitalism,feudalism,2.30633544921875,-0.0026829689741134644,6
captured,shown,1.580078125,-0.11716647446155548,6
carbon,iron,2.154296875,0.3336756229400635,6
carbon,nitrogen,-0.3497314453125,-0.3395387530326843,6
carded,cleaned,-1.671875,0.041546985507011414,6
care,cleanliness,1.7672119140625,0.2830270528793335,6
care,harm,4.1962890625,0.3062296211719513,6
care,mind,3.87109375,0.5948308110237122,6
castles,cities,2.0670166015625,0.028597965836524963,6
castles,fortresses,-1.69842529296875,0.0018047541379928589,6
centuries,centuries,2.3359375,0.14022521674633026,6
cf,kf,-0.66070556640625,0.3547598421573639,6
chains,darkness,1.1015625,0.15238633751869202,6
chains,locks,2.501953125,0.05688558518886566,6
chains,mobiles,-1.041015625,0.330979585647583,6
champagne,flowers,0.936309814453125,0.26574546098709106,6
changing,working,-2.8564453125,0.009800329804420471,6
chatted,chatted,-0.430419921875,0.27816134691238403,6
cheered,shouted,0.4485931396484375,-0.1453317552804947,6
chintz,silk,2.8828125,-0.00787229835987091,6
chocolate,tea,-3.173828125,0.6257523894309998,6
cities,municipalities,-0.361328125,-0.3951020836830139,6
cities,streets,1.624420166015625,-0.1256173998117447,6
classic,formal,1.6171875,0.06522396206855774,6
clatters,dinging,0.755859375,-0.07405741512775421,6
clatters,rings,0.951904296875,0.05983845889568329,6
cleaned,dripped,1.56640625,-0.14193536341190338,6
cleaned,restored,1.46337890625,-0.061493828892707825,6
climatology,meteorology,-1.153167724609375,-0.058414027094841,6
clock,rubber,2.5126953125,0.31709736585617065,6
close,dark,-0.80078125,0.1636713445186615,6
close,grasping,1.79193115234375,-0.011578172445297241,6
close,monitoring,-0.6605224609375,-0.13491646945476532,6
close,swift,-1.5556640625,-0.17792148888111115,6
close,tight,-1.68359375,0.05557455122470856,6
clothes,eyes,-0.614501953125,0.05027635395526886,6
clothes,gardens,-0.84765625,0.0436476469039917,6
clothes,mind,4.010498046875,0.04410071671009064,6
clothes,shopping,0.0,-0.14126385748386383,6
coals,iron,2.423828125,-0.11142434179782867,6
colorful,dark,-2.38671875,-0.09911806881427765,6
colorful,unusual,-1.1749267578125,0.0423593670129776,6
coming,coming,0.990234375,-0.11378736793994904,6
coming,falling,-0.71875,0.3400481343269348,6
coming,going,0.22265625,0.1992495059967041,6
compassion,help,-3.120849609375,0.16587166488170624,6
compete,fight,-0.98046875,-0.2641103267669678,6
complexity,evolution,-0.8681640625,0.2384358048439026,6
confident,strong,-1.2667236328125,0.05551843345165253,6
confused,detected,2.37109375,0.30516016483306885,6
confused,frightened,-1.17578125,0.09071973711252213,6
confused,upset,0.4887237548828125,0.07767353951931,6
conquest,triumph,2.796875,-0.49673599004745483,6
consular,passport,-0.146484375,0.008277341723442078,6
contempt,contempt,-0.1967926025390625,0.3227861523628235,6
contempt,hatred,2.15234375,0.11382126063108444,6
contributors,supporters,3.455047607421875,-0.03587557375431061,6
conviction,trial,0.01953125,0.37484824657440186,6
cook,eat,-0.4296875,0.20877887308597565,6
costume,makeup,0.396209716796875,0.09394188225269318,6
cowboys,frontiersmen,1.9571990966796875,0.03086625039577484,6
crafts,industries,2.00341796875,-0.30341947078704834,6
cranberry,turkey,0.623046875,0.17391623556613922,6
creased,stained,1.3056640625,-0.19655375182628632,6
criminalised,persecuted,-1.65234375,-0.18858034908771515,6
crossly,pettishly,3.189453125,0.2425566017627716,6
crustaceans,insects,-0.44775390625,-0.1753956526517868,6
cumin,pepper,-3.3505859375,-0.28405749797821045,6
curious,new,0.296875,-0.11397947371006012,6
curious,strong,-0.015625,-0.13339518010616302,6
curious,wonderful,2.572265625,0.13129004836082458,6
daddy,mummy,6.28515625,0.12092500925064087,6
dark,dense,-0.1806640625,-0.005620062351226807,6
dark,dreary,6.934326171875,0.10400822013616562,6
dark,fearful,-1.939453125,-0.15121440589427948,6
dark,high,-0.37109375,0.06732048094272614,6
dark,melancholy,1.453125,-0.03352046012878418,6
dark,secret,0.505859375,0.9552271962165833,6
dark,starlight,4.864839553833008,0.1230316162109375,6
dark,swollen,1.31292724609375,-0.03836794197559357,6
dark,tangled,0.9150390625,-0.1277119666337967,6
dark,twisted,0.0546875,-0.2142074853181839,6
dark,ugly,-2.41845703125,-0.04604579508304596,6
dark,unforgiving,1.5230712890625,0.2701765298843384,6
dark,unshaven,-1.52734375,-0.050870493054389954,6
darker,darker,1.3359375,0.031018897891044617,6
darker,denser,-0.6395263671875,0.137287437915802,6
darkness,disappearance,6.54296875,0.026205003261566162,6
darkness,silence,0.506591796875,0.25458967685699463,6
darkness,solitude,-0.6446533203125,0.26189735531806946,6
darter,madame,-1.234375,0.4810449481010437,6
dash,enthusiasm,1.4453125,-0.011102810502052307,6
decades,decades,4.44140625,-0.08612741529941559,6
decayed,inexpensive,-0.169189453125,0.03370755910873413,6
degree,removal,0.140625,-0.043654218316078186,6
delicate,lazy,3.826171875,0.08804675936698914,6
delicate,pale,-1.767578125,0.14207236468791962,6
delicate,slender,2.179229736328125,-0.3527764081954956,6
delightedly,largely,-2.468505859375,0.08380763232707977,6
democratic,political,1.522705078125,0.12378905713558197,6
dense,frequent,-1.57421875,-0.32145488262176514,6
dense,massive,1.5939483642578125,-0.1722734123468399,6
denser,denser,-2.296875,-0.11028225719928741,6
depression,humiliation,0.38671875,0.008319243788719177,6
desertion,silence,1.5322265625,0.30221986770629883,6
detected,exposed,-1.23388671875,0.2362828552722931,6
detected,pursued,3.2840576171875,0.04933860898017883,6
devastating,massive,2.44580078125,0.04050624370574951,6
devastating,tragic,-2.0009765625,0.0007039755582809448,6
dialect,vernacular,1.9580078125,0.15619274973869324,6
dice,slice,0.291015625,0.32321351766586304,6
diligent,responsible,-2.9066162109375,-0.055354610085487366,6
direct,interactive,-2.354248046875,-0.3076845407485962,6
direct,strong,-0.505859375,-0.09322749078273773,6
direct,write,5.337890625,-0.07173927128314972,6
disciples,friends,-1.345703125,-0.3520739674568176,6
disciples,interpreter,0.380859375,-0.008214220404624939,6
disgrace,humiliation,2.7734375,-0.22787846624851227,6
disgusting,gross,1.62908935546875,-0.37635594606399536,6
disgusting,impetuous,7.5575408935546875,0.16814740002155304,6
dismayed,pale,0.7125244140625,-0.2805696129798889,6
disobedient,unruly,0.646484375,-0.3231698274612427,6
disposition,sale,-0.70703125,0.14270539581775665,6
disposition,trial,-1.068359375,0.013827472925186157,6
disrespectful,insubordinate,-0.7420196533203125,-0.3872871398925781,6
disrespectful,untamed,11.765899658203125,-0.11457537114620209,6
dissident,political,3.181640625,0.0320797860622406,6
doctors,priests,0.2509765625,-0.057661935687065125,6
dominican,haitian,-2.1953125,-0.2014850527048111,6
dousings,leaps,-7.7154541015625,0.05803346633911133,6
downforce,traction,-2.6256103515625,0.1641976535320282,6
drowsy,languid,2.513671875,-0.2753850817680359,6
drywall,paint,-0.3479156494140625,0.27714109420776367,6
dumfounded,quaking,-0.59765625,0.004249796271324158,6
dunked,soaked,0.3291015625,0.35869452357292175,6
dynastic,political,-5.204374313354492,0.10628949850797653,6
eager,rapt,-0.744140625,0.14517419040203094,6
eager,shrill,2.339691162109375,0.06925801932811737,6
eager,wondering,0.4756660461425781,0.10869923233985901,6
earthly,heavenly,-1.47186279296875,0.44390034675598145,6
eastern,south,0.2017822265625,0.12326119840145111,6
eat,eat,-0.36328125,0.434847891330719,6
eat,loaf,1.889862060546875,0.2506428360939026,6
eat,rise,-3.135009765625,0.21292011439800262,6
eat,stay,0.732421875,0.21416984498500824,6
eaten,gathered,-1.639892578125,0.09039980173110962,6
eaten,slept,-2.3447265625,0.04948517680168152,6
educational,entertaining,0.095703125,-0.016906097531318665,6
educational,political,-0.214935302734375,-0.07347013056278229,6
educational,religious,0.564453125,0.03356049954891205,6
efflorescences,encrustations,1.3369140625,0.02688927948474884,6
elegance,grace,-3.310546875,-0.07113499939441681,6
emperor,king,-3.814453125,0.18632268905639648,6
empires,leaders,3.5078125,-0.24997736513614655,6
entertaining,new,-0.4462890625,0.030219778418540955,6
enthusiasm,excitement,0.60546875,-0.06967790424823761,6
enthusiasm,pep,0.4921875,0.2682868242263794,6
enthusiasm,triumph,-4.093254089355469,-0.12394468486309052,6
entirely,fully,0.689453125,0.1975700557231903,6
entirely,thoroughly,4.64453125,0.025050297379493713,6
eternal,strong,-0.625,-0.23041824996471405,6
eventful,harassing,-3.5760498046875,0.1729312539100647,6
eventful,new,0.02008056640625,0.20713019371032715,6
excitement,exertion,1.70947265625,0.08698491752147675,6
excitement,triumph,0.24188232421875,0.32236650586128235,6
excitement,trouble,-2.1875,0.06256674230098724,6
executive,regulatory,-8.6455078125,0.12905153632164001,6
extensive,new,-3.7490234375,-0.3880893588066101,6
extensive,strong,-1.475830078125,-0.3169110417366028,6
extent,speed,2.0,-0.1475183218717575,6
faggots,straw,0.265625,0.24125045537948608,6
falling,flying,2.29296875,-0.559859573841095,6
false,groundless,5.6494140625,-0.052927032113075256,6
false,wrong,10.507568359375,0.020084336400032043,6
far,far,-0.529541015625,-0.3034035563468933,6
far,high,-0.44921875,-0.008769989013671875,6
far,unused,-1.449737548828125,0.06851135194301605,6
farder,farder,1.152587890625,0.058989688754081726,6
farmer,wife,-2.5888671875,0.2282855212688446,6
father,father,-6.0234375,0.20228712260723114,6
father,grandmother,4.056640625,0.381946325302124,6
father,jm,-1.228515625,0.36753854155540466,6
father,son,-0.76171875,0.2961263656616211,6
fearful,unknown,3.842529296875,-0.24644942581653595,6
fearful,wonderful,-0.60546875,0.23971113562583923,6
fifth,smallest,0.76611328125,0.10473079234361649,6
fight,hunt,2.1328125,0.046760693192481995,6
fight,overcome,-6.732421875,0.24580690264701843,6
fight,stand,1.92578125,0.021510958671569824,6
fight,stay,5.033203125,0.39403411746025085,6
fight,wait,2.54266357421875,0.15758132934570312,6
fighting,hunting,-2.69970703125,0.022712379693984985,6
fighting,watching,-2.9658203125,0.147759810090065,6
fighting,working,0.645782470703125,-0.028495267033576965,6
fills,fills,-0.43377685546875,-0.22071288526058197,6
find,seek,-0.5455322265625,0.7156358361244202,6
fish,hunt,-1.282470703125,0.21324819326400757,6
fish,insects,4.755859375,0.1463705599308014,6
fish,loaves,1.8203125,0.29575634002685547,6
fish,plant,-0.5791015625,0.49432384967803955,6
fish,squid,-3.8828125,0.09052275121212006,6
fish,vegetables,4.87109375,0.34313905239105225,6
flamingoes,mustard,-1.183349609375,-0.12625490128993988,6
flatly,instantly,-2.2159423828125,-0.19952557981014252,6
flew,flew,0.337890625,0.01264519989490509,6
flew,fluttered,0.873779296875,0.0015306472778320312,6
flexible,flexuous,-0.78125,-0.4767298102378845,6
flexible,slender,-0.39453125,-0.08131499588489532,6
flowers,gardens,2.4061279296875,-0.0006411522626876831,6
flowers,insects,-7.32861328125,0.16101309657096863,6
flowers,streamers,-0.3076171875,0.2762257754802704,6
flowers,vegetables,2.453125,0.02423568069934845,6
flowers,wines,1.2275390625,0.3687022924423218,6
fluttered,fluttered,2.99609375,0.1237761527299881,6
fonder,fonder,6.257255554199219,0.062330588698387146,6
fox,geese,-1.8265533447265625,-0.1320270448923111,6
frequent,prolonged,1.7841796875,0.1605001538991928,6
friends,lovers,3.0809326171875,-0.08426572382450104,6
friends,owners,0.35400390625,-0.03340235352516174,6
frightened,pale,2.978515625,0.4876248240470886,6
frightened,unmanageable,-0.642913818359375,-0.03403274714946747,6
frightened,wondering,0.098388671875,-0.054347649216651917,6
fruitful,important,-2.87890625,0.42546528577804565,6
ganders,geese,-5.169921875,0.17660768330097198,6
gentleness,kindliness,0.197265625,-0.0726371556520462,6
gentleness,magnanimity,2.30859375,-0.17782945930957794,6
geocaching,letterboxing,0.483154296875,-0.4681810140609741,6
geography,religious,-0.065277099609375,0.2132202386856079,6
gestures,sounds,0.78125,-0.45806241035461426,6
gestures,swipes,-2.2017669677734375,-0.03397063910961151,6
gigglings,whisperings,-4.203125,-0.0998879224061966,6
gladness,refreshment,0.30078125,-0.005476370453834534,6
going,going,-3.08203125,-0.13024254143238068,6
going,motivated,-0.73046875,0.06507904827594757,6
grace,majesty,1.09832763671875,0.31142887473106384,6
grace,swiftness,-0.6064453125,-0.023273423314094543,6
grace,truth,-0.819091796875,0.00915488600730896,6
grace,virulence,-2.5780029296875,0.01989521086215973,6
gratin,pasta,-3.439453125,0.07777132093906403,6
gravity,silence,1.984375,-0.07571263611316681,6
gravity,years,-5.47906494140625,-0.16661973297595978,6
grease,paint,-7.4981231689453125,0.18203561007976532,6
greater,greater,0.0791015625,-0.11074240505695343,6
greater,new,-0.5425338745117188,0.029225334525108337,6
greater,stronger,2.727294921875,-0.36234527826309204,6
greatest,strongest,0.572998046875,-0.5597493648529053,6
grim,rocky,0.68841552734375,-0.24098284542560577,6
grim,tense,4.892822265625,0.11396008729934692,6
grim,ugly,-3.71875,-0.1574345976114273,6
grizzled,sparse,4.129638671875,-0.26201069355010986,6
groaned,swayed,-1.16015625,0.07804352045059204,6
gross,wiggly,-6.44140625,-0.4748690724372864,6
grumpy,religious,0.0,0.3208930492401123,6
guarded,locked,0.662109375,-0.04712530970573425,6
guarded,protective,-1.759033203125,0.12095791101455688,6
guarded,suspicious,-2.8147964477539062,0.20998743176460266,6
guns,rockets,-0.833984375,-0.5610934495925903,6
guns,shades,-2.64599609375,-0.20486439764499664,6
guns,ships,-5.0185546875,-0.514217734336853,6
guns,sticks,1.982818603515625,0.36307305097579956,6
halloaed,shouted,-3.79296875,0.07094480097293854,6
hallucinations,paralysis,-0.31201171875,0.02039693295955658,6
hammers,iron,0.316650390625,-0.020587876439094543,6
handy,new,-3.9970703125,0.15783290565013885,6
handy,strong,-2.65234375,-0.01540200412273407,6
harassed,pale,0.275390625,-0.26865601539611816,6
harmonic,rhythmic,0.27783203125,-0.30198508501052856,6
hateful,mean,-3.15234375,-0.32362598180770874,6
hatred,jealousy,-3.48876953125,-0.0508086234331131,6
heir,son,0.436767578125,-0.18306030333042145,6
help,hold,-1.6621665954589844,0.6032792329788208,6
help,shelter,1.590087890625,0.5540248155593872,6
help,stay,5.80078125,0.1208995133638382,6
hide,seek,-1.05078125,0.2316439300775528,6
hiding,watching,0.76171875,0.06355991959571838,6
high,intermediate,-1.05224609375,-0.4036014676094055,6
high,rocky,-1.7470703125,0.016901150345802307,6
high,shrill,-3.728515625,-0.2293490320444107,6
high,strong,-2.79229736328125,0.023322850465774536,6
high,tight,-0.748046875,0.033669546246528625,6
high,tower,1.119140625,0.016498640179634094,6
hoarser,rougher,-0.022369384765625,0.16002097725868225,6
hockey,soccer,2.615142822265625,0.2777661681175232,6
hold,pull,-2.12908935546875,-0.0019978731870651245,6
honesty,truth,1.001953125,-0.24518324434757233,6
honeyeater,thornbill,-2.3369140625,-0.3224745988845825,6
hostility,intolerance,0.40625,0.1102474182844162,6
house,trance,-2.80126953125,-0.03405499458312988,6
howled,howled,2.034423828125,-0.08389677107334137,6
howled,shouted,2.969970703125,-0.03304570913314819,6
howled,whined,0.0,-0.3212597966194153,6
humans,pigs,1.1064453125,-0.44952112436294556,6
humans,spirits,0.119140625,-0.04712589085102081,6
humiliation,rejection,-1.607421875,0.13486742973327637,6
hums,plays,-0.361328125,0.2874038517475128,6
hums,writes,-0.78033447265625,0.2415207028388977,6
hungrier,hungrier,0.359375,0.04739849269390106,6
hunt,sport,-1.76318359375,-0.10260112583637238,6
hunt,transform,1.2166748046875,0.05647112429141998,6
images,sounds,2.056640625,-0.4262177348136902,6
impertinent,troublesome,0.735076904296875,-0.2046860009431839,6
impertinent,ugly,2.5087890625,-0.3582420349121094,6
import,sale,-1.8984375,0.04042534530162811,6
important,new,-0.12405014038085938,0.07266674935817719,6
important,unpleasant,1.8671875,0.1236807107925415,6
impotent,indecisive,1.4603137969970703,-0.5953673720359802,6
independence,triumph,-4.55010986328125,-0.2090035229921341,6
industries,mines,0.302734375,-0.21440406143665314,6
infertile,rocky,-2.736328125,0.10466694831848145,6
inflamed,swollen,-0.27099609375,0.0014303773641586304,6
innocence,truth,-0.724609375,-0.26270443201065063,6
instantly,neatly,-1.818359375,0.2752174437046051,6
instrumental,religious,1.52685546875,-0.26400232315063477,6
invasions,troubles,-6.1865234375,0.16168397665023804,6
iron,rock,3.357177734375,-0.09036122262477875,6
iron,vitamins,1.34228515625,-0.12380878627300262,6
ironic,tragic,-1.076171875,-0.4568130373954773,6
iy,wonderful,-1.71484375,-0.2862299680709839,6
jealousies,troubles,-2.53466796875,-0.007830172777175903,6
judicial,legal,-1.1168746948242188,-0.11514602601528168,6
labour,plant,6.0808563232421875,0.4244260787963867,6
lagged,lagged,1.5595703125,-0.27989721298217773,6
lake,river,-1.073486328125,0.3302791714668274,6
languid,pale,-1.41259765625,-0.0756816416978836,6
lazy,somnolent,3.380859375,0.01591382920742035,6
legal,political,0.436279296875,-0.09814740717411041,6
legal,regulatory,1.3100700378417969,0.13571369647979736,6
legal,religious,2.833740234375,0.18289880454540253,6
ligaments,muscles,-2.5362548828125,-0.2848745584487915,6
linguistic,religious,-2.07421875,0.006615772843360901,6
lively,new,-3.60113525390625,0.18133287131786346,6
lively,tight,0.4326171875,0.1877031773328781,6
living,shop,2.5703125,-0.02570517361164093,6
living,working,2.62579345703125,0.03831414878368378,6
locked,strong,0.9681396484375,-0.046852096915245056,6
loyalty,truth,0.771484375,-0.26449114084243774,6
manipulated,tricked,1.4626960754394531,-0.3424672484397888,6
materials,objects,-0.42578125,-0.21584437787532806,6
mayo,mustard,-0.01171875,0.03242434561252594,6
meal,vegetables,6.1920318603515625,0.29447856545448303,6
mean,nasty,0.26953125,0.10764871537685394,6
mean,ugly,-0.955078125,-0.041601866483688354,6
melodious,strong,-0.306396484375,0.026785165071487427,6
merrily,swiftly,3.7376708984375,-0.39325952529907227,6
military,political,-0.79296875,-0.23540066182613373,6
military,politics,0.936279296875,-0.06437669694423676,6
military,religious,-0.893341064453125,-0.08430097997188568,6
military,space,0.994873046875,0.16598203778266907,6
mines,quarries,2.058349609375,-0.03892211616039276,6
mines,torpedoes,0.4296875,-0.1024332195520401,6
months,months,-1.96087646484375,0.24089570343494415,6
months,years,0.767333984375,-0.028655916452407837,6
mummy,mummy,-1.58740234375,0.258928120136261,6
murdered,skinned,3.9775390625,-0.06653596460819244,6
narcissism,narcissism,-1.0007095336914062,-0.22806595265865326,6
nasty,ugly,3.1171875,-0.38141781091690063,6
nasty,unpleasant,-1.06378173828125,0.16197264194488525,6
national,political,2.33203125,0.038433387875556946,6
national,regional,-5.352294921875,0.7091720700263977,6
national,religious,-0.125,-0.06217043101787567,6
neatly,swiftly,2.962890625,0.14543253183364868,6
neoendemism,paleoendemism,1.7109375,-0.4851645827293396,6
never,off,0.220703125,-0.10820092260837555,6
new,pioneering,1.4737548828125,0.4132254719734192,6
new,precious,-2.83203125,-0.1019633561372757,6
new,strong,-4.786376953125,0.10655294358730316,6
new,successful,-3.2076492309570312,0.2954603433609009,6
new,ugly,1.84375,0.10604894906282425,6
new,unusual,0.19921875,-0.1655026525259018,6
new,wonderful,-0.06640625,-0.0013833492994308472,6
nobles,princes,-7.041412353515625,0.18133029341697693,6
nodded,swayed,-1.6569099426269531,0.09228673577308655,6
north,south,4.345703125,-0.037478432059288025,6
novelized,sung,2.046875,0.10774732381105423,6
numbness,tingling,0.64208984375,-0.5099701285362244,6
ober,ober,-1.6469497680664062,-0.43759530782699585,6
oppressive,unpleasant,0.2201080322265625,-0.12076123058795929,6
oracular,sacred,-4.1282958984375,-0.1855209618806839,6
organization,rank,-2.978515625,0.2237284630537033,6
ounces,ounces,0.736328125,-0.19078348577022552,6
owl,raven,-1.6088218688964844,0.05705815553665161,6
packing,riding,-0.65625,0.04333198070526123,6
paint,paint,-0.6337890625,0.49435412883758545,6
painting,poetry,0.865234375,0.1515544354915619,6
pale,sickly,-4.9296875,0.1444316953420639,6
pale,veiny,3.5029296875,0.18806390464305878,6
pant,stand,1.2966461181640625,-0.06858570873737335,6
parliamentary,political,-7.533203125,-0.08939383924007416,6
parliamentary,presidential,0.001953125,-0.20444922149181366,6
passwords,usernames,-3.341796875,-0.11874915659427643,6
penniless,ugly,-0.599609375,-0.20493577420711517,6
perch,suckers,2.308380126953125,-0.17005391418933868,6
perplexity,trouble,1.98486328125,-0.15939463675022125,6
plant,sow,-7.001953125,-0.014911934733390808,6
plaques,tangles,-0.6352386474609375,-0.29126834869384766,6
plasters,weights,2.0343589782714844,-0.47538477182388306,6
plates,spoons,-3.734375,0.10775584727525711,6
plates,utensils,-0.89306640625,0.11451993882656097,6
plays,poetry,-5.2001953125,-0.06308020651340485,6
poetry,sports,0.08979034423828125,-0.10936667025089264,6
poetry,wit,0.186279296875,-0.15582092106342316,6
poke,pull,1.833984375,-0.1118202954530716,6
political,political,2.998046875,-0.10290314257144928,6
political,religious,0.52777099609375,0.23669594526290894,6
pray,wait,2.1181640625,0.28616809844970703,6
precious,round,0.005126953125,-0.436428964138031,6
pressors,volume,5.1435546875,-0.17661814391613007,6
profitable,reasonable,-1.455078125,0.09860211610794067,6
prolonged,searching,1.5625,0.21136486530303955,6
pronunciation,tones,-1.404296875,-0.289135217666626,6
protective,strong,-2.48046875,-0.12552721798419952,6
prussian,russian,0.7421875,-0.2075335830450058,6
publish,write,0.65625,-0.07124541699886322,6
pumping,pumping,-2.3079967498779297,0.10539963841438293,6
pushed,pushed,-0.01904296875,-0.20122982561588287,6
ranks,species,-0.685546875,0.07017169892787933,6
recharged,reused,1.6409912109375,0.12493619322776794,6
reefed,stowed,1.6781005859375,-0.18587209284305573,6
refreshment,repose,-0.592041015625,-0.05289079248905182,6
regional,school,1.505615234375,0.28408724069595337,6
religious,sports,-0.564453125,0.10915948450565338,6
remarried,reneged,-1.6562042236328125,0.06351391971111298,6
repose,shelter,0.15496826171875,0.12565869092941284,6
rescue,search,0.0927734375,0.09078733623027802,6
resting,working,-2.7197265625,-0.1777607947587967,6
rhythmic,symmetrical,6.054443359375,-0.15562571585178375,6
rings,sounds,-0.037109375,0.5676218867301941,6
rise,spring,-4.884979248046875,0.09457753598690033,6
rites,symbolisms,1.6458740234375,-0.0685524195432663,6
rock,soil,1.9453125,0.3918597400188446,6
rock,thicket,-3.02923583984375,0.08376039564609528,6
rocky,tangled,1.50244140625,0.03904096782207489,6
rolls,rolls,-1.2666015625,-0.1460375338792801,6
rooms,rooms,-2.8494873046875,-0.18783457577228546,6
round,round,-5.2197265625,0.025435104966163635,6
round,strong,0.6605224609375,0.12002637982368469,6
rounder,rounder,1.9475250244140625,0.1716717630624771,6
rubber,wool,2.234375,0.029317602515220642,6
russian,swedish,-3.0916748046875,-0.20561428368091583,6
russian,yiddish,-1.1787109375,-0.07844291627407074,6
sacred,secret,-1.36669921875,-0.3856702446937561,6
sagacity,wit,-1.158203125,-0.13326777517795563,6
savages,unintelligent,-2.88671875,-0.21020068228244781,6
sea,shore,0.958984375,0.2168557196855545,6
searched,searched,-1.9189453125,-0.02680535614490509,6
searching,searching,-0.2265625,0.26761969923973083,6
secret,wrong,1.7109375,0.1276441216468811,6
seeded,unseeded,1.0546875,-0.16182084381580353,6
ships,shore,0.24609375,-0.11067314445972443,6
ships,troops,0.91064453125,0.1962328553199768,6
shook,shook,8.193206787109375,0.10891684889793396,6
shopping,sunbathing,5.7598876953125,0.18836984038352966,6
shrank,swelled,-5.59765625,0.034647539258003235,6
shrill,unpleasant,-0.531982421875,-0.022628143429756165,6
silence,solitude,-3.4499340057373047,0.27834296226501465,6
silk,tea,-1.049560546875,0.4463912546634674,6
sinks,toilets,0.10546875,0.08924444019794464,6
slept,slept,-0.158203125,-0.06651775538921356,6
soaked,swollen,0.796875,-0.0363834947347641,6
somewhat,thoroughly,2.79180908203125,0.2700796127319336,6
sounds,sounds,-2.5234375,0.3378126621246338,6
south,south,3.806396484375,-0.06185857951641083,6
sprightly,strong,1.016632080078125,-0.007217928767204285,6
squatting,thrusting,2.3731689453125,0.233974888920784,6
stand,stand,5.432373046875,-0.08582164347171783,6
stand,wait,0.160888671875,0.17934952676296234,6
stately,strong,0.11065673828125,-0.06263820827007294,6
stay,stay,-0.989013671875,-0.0636751800775528,6
stay,think,2.52734375,-0.30972182750701904,6
stops,thinks,-2.5810546875,0.23709042370319366,6
streets,streets,-3.921630859375,0.15375348925590515,6
strong,successful,4.69384765625,0.1407596468925476,6
strong,swift,5.421875,-0.16920284926891327,6
strong,tight,0.71484375,-0.057235702872276306,6
strong,tyrannous,5.728515625,-0.07224680483341217,6
strong,unusual,2.74609375,-0.13631246984004974,6
stronger,stronger,1.906982421875,-0.41543692350387573,6
sullenly,unwillingly,0.737060546875,-0.030454769730567932,6
sunsets,tea,-0.8006591796875,0.25654757022857666,6
suspicious,wondering,1.1490478515625,-0.13264711201190948,6
sympathize,understand,1.36962890625,-0.15673817694187164,6
think,think,-0.51171875,0.1235632449388504,6
think,wait,0.84765625,0.7714143991470337,6
thoroughly,vigorously,-0.141845703125,-0.056320920586586,6
trial,tribulations,-1.1708984375,-0.10572363436222076,6
trial,trouble,0.77484130859375,0.1808778941631317,6
turkey,vegetables,-0.751953125,0.5434150099754333,6
turn,turn,4.804931640625,0.0635204166173935,6
twos,twos,-0.7919921875,-0.2869364619255066,6
uglier,uglier,0.359375,-0.1805563122034073,6
understand,write,-1.4931640625,-0.15343354642391205,6
unhumanized,untamed,-1.1409912109375,-0.04460042715072632,6
unknowable,unknown,1.703125,-0.35847747325897217,6
vigorously,wrong,-1.0114288330078125,0.04295802116394043,6
wait,wait,2.51220703125,0.363452285528183,6
waking,watching,0.2744140625,-0.035261526703834534,6
weights,widths,2.6188735961914062,0.12349893152713776,6
wondering,wondering,0.452423095703125,0.06216016411781311,6
working,working,0.2578125,-0.0783219188451767,6
years,years,-0.390625,-0.02099965512752533,6
abandoned,old,-3.153564453125,-0.22548401355743408,7
acres,acres,-1.25,-0.3205694556236267,7
activity,eagerness,-1.0048828125,0.0095272958278656,7
activity,life,-0.37225341796875,-0.3645799160003662,7
addiction,overdose,-1.140625,0.14553801715373993,7
adult,child,0.0,0.24740727245807648,7
adult,children,4.541015625,0.32653480768203735,7
advanced,brightened,2.748046875,-0.24106216430664062,7
advertising,marketing,-1.486328125,0.14047062397003174,7
agony,fear,1.23046875,-0.20482921600341797,7
air,light,-1.94921875,-0.1789613962173462,7
algerian,moroccan,0.90234375,0.037910930812358856,7
aloes,euphorbias,-1.4208984375,-0.1268896460533142,7
ambitious,worldly,-2.82861328125,0.30682626366615295,7
ammunition,bombs,-1.54638671875,-0.30006447434425354,7
ammunition,weapons,3.93359375,0.15343119204044342,7
ammunitions,weapons,1.271484375,0.13518056273460388,7
amuse,interest,-3.12890625,-0.22686544060707092,7
anatomy,morphology,2.73828125,0.07971372455358505,7
antisemitic,nationalist,3.348724365234375,-0.14969587326049805,7
anus,urogenital,-1.9061279296875,-0.319369375705719,7
asked,blushed,4.5009765625,-0.052152782678604126,7
assault,robbery,-0.0439453125,0.01354263722896576,7
assured,final,4.73046875,-0.42699146270751953,7
attentively,gravely,3.060415267944336,0.018994539976119995,7
autos,carriages,0.67578125,0.3210453391075134,7
bags,purses,-2.642578125,-0.3434543013572693,7
balanced,benign,-3.515625,0.21080660820007324,7
ballets,operas,-5.2568359375,0.0886288732290268,7
barriers,queries,0.0,0.21697589755058289,7
bearer,flag,2.7799110412597656,0.3923698663711548,7
bedraggled,desperate,3.4892578125,0.3116290271282196,7
bedraggled,soiled,0.984375,0.47088825702667236,7
belgian,dutch,-2.865234375,0.03027406334877014,7
belgian,moroccan,1.6142578125,0.16046851873397827,7
bent,cramped,0.9718170166015625,0.04181043058633804,7
bent,old,-2.58551025390625,-0.2831343412399292,7
bent,worn,0.615234375,0.11688817292451859,7
billeting,orientation,3.775390625,0.2838866710662842,7
biology,genetics,-1.67578125,0.10697664320468903,7
bittersweet,milk,1.025390625,0.05639156699180603,7
blabbing,tattling,-3.35986328125,-0.34213393926620483,7
blind,cruel,0.2640380859375,0.05806826055049896,7
blind,helpless,0.681640625,-0.23025593161582947,7
blind,old,1.37664794921875,0.02545192837715149,7
blind,vague,-0.1015625,-0.035104215145111084,7
bloating,pain,-0.548828125,-0.16063758730888367,7
blossoms,herbs,0.0,0.23855407536029816,7
blowing,blowing,-0.9609375,-0.02655029296875,7
blowing,spitting,-4.6103515625,-0.0034582316875457764,7
blustering,rollicking,3.4599609375,-0.1491277813911438,7
blustering,wild,3.08709716796875,-0.08704966306686401,7
boast,brag,0.2578163146972656,-0.22318428754806519,7
bombs,revolution,1.02880859375,-0.15178751945495605,7
bombs,rowdies,1.353515625,0.1020006611943245,7
bombs,weapons,-0.58447265625,0.1490156203508377,7
bones,flesh,-0.2021484375,0.1334218978881836,7
bones,organs,-1.84521484375,0.1187666580080986,7
bones,skeleton,2.86328125,-0.2331101894378662,7
bones,skin,-1.3603515625,0.3010903000831604,7
bows,buckles,0.0,-0.09536555409431458,7
bragged,bragged,-3.543701171875,0.1064319983124733,7
bribery,extortion,-1.23681640625,-0.09561082720756531,7
bribery,promises,-0.18487548828125,-0.15788540244102478,7
bribes,promises,-0.08203125,-0.15368032455444336,7
brisk,light,-2.056640625,0.28716397285461426,7
bromides,iodides,2.1494140625,-0.04695042967796326,7
bronchitis,scabies,-0.3250551223754883,0.11724543571472168,7
brush,grass,-7.53857421875,0.269524484872818,7
brush,poles,-1.71875,0.09764984250068665,7
bucked,roared,-2.85888671875,-0.0973852276802063,7
bulletproof,tactical,4.140625,-0.09204500913619995,7
bushels,bushels,1.0615234375,-0.12408560514450073,7
bushes,grass,0.052734375,-0.11316186189651489,7
bushes,thorns,1.11090087890625,-0.1974974274635315,7
businesses,citizens,0.853515625,0.28405022621154785,7
businesses,colonies,3.7279052734375,-0.012235969305038452,7
businesses,properties,-3.6875,0.1729002296924591,7
butlers,sex,-3.435546875,-0.14927923679351807,7
calculated,deliberate,-1.48431396484375,0.4714306890964508,7
calm,deadly,-0.3408203125,0.04184720665216446,7
calm,delightful,1.2578125,-0.24913731217384338,7
calm,light,1.29736328125,-0.03091832995414734,7
calm,quiet,-4.1724853515625,-0.15117871761322021,7
calm,sedate,0.61328125,0.017306163907051086,7
calm,stability,0.28375244140625,0.14945456385612488,7
calm,sunshine,-0.150390625,-0.1561216413974762,7
canons,statutes,1.970703125,0.09843508899211884,7
carefulness,indifference,-0.03887939453125,-0.31918999552726746,7
carriages,motorcars,-1.7440185546875,-0.17769300937652588,7
cart,harness,0.3524169921875,-0.28535282611846924,7
cases,casks,-2.8974609375,-0.21763363480567932,7
cases,complaints,1.6611328125,0.14379653334617615,7
cases,presses,3.40625,-0.16632741689682007,7
caught,kept,0.90234375,-0.31614619493484497,7
celebrate,drink,2.4658203125,0.049193501472473145,7
central,large,-1.16259765625,0.12302539497613907,7
charabancs,charabancs,-2.9970703125,-0.05129571259021759,7
cheapest,easiest,-0.634765625,-0.003894016146659851,7
chess,rugby,-2.9112548828125,0.07282312214374542,7
child,child,0.1136474609375,0.4021942913532257,7
children,gum,-2.45849609375,0.3271355628967285,7
children,hens,-6.155487060546875,-0.15667524933815002,7
children,ladies,0.07177734375,0.06842182576656342,7
children,milk,4.1573486328125,-0.07596129179000854,7
children,pensioners,-0.759765625,0.24974322319030762,7
children,substitute,0.01171875,0.24737030267715454,7
citizens,musicians,2.4689712524414062,0.09099972248077393,7
citronellol,geraniol,-1.937255859375,0.35608646273612976,7
civilians,warriors,-1.076171875,0.013200372457504272,7
clapped,clapped,0.19140625,-0.14457732439041138,7
clapped,roared,0.94140625,-0.17671766877174377,7
claws,legs,-0.3828125,-0.0003927499055862427,7
clinopyroxene,nepheline,0.79296875,-0.23322969675064087,7
clues,criminals,-4.0693359375,-0.026456639170646667,7
clues,maps,-1.66015625,0.15116538107395172,7
cockroackes,temites,-0.8740234375,0.17177239060401917,7
collectors,museums,3.89599609375,-0.146087646484375,7
concentrated,deliberate,-1.345703125,-0.10392695665359497,7
cones,tapes,-5.0419921875,0.05593882501125336,7
confined,insane,0.637939453125,-0.04628032445907593,7
connoisseurs,ladies,0.625,0.3504984676837921,7
contamination,pollution,-3.236328125,-0.036069661378860474,7
contradictory,vague,-1.837890625,-0.06347858905792236,7
convenient,large,-3.068359375,0.28028422594070435,7
convenient,serious,-1.94140625,0.1006537452340126,7
copied,remembered,-3.328125,0.21668463945388794,7
cornflakes,milk,-0.6729297637939453,0.1332506537437439,7
courageous,old,3.9954833984375,-0.15473449230194092,7
cower,shrink,-1.127777099609375,0.17886747419834137,7
crackled,glowed,3.470703125,-0.14409682154655457,7
crackled,roared,-1.3240966796875,-0.19432669878005981,7
crashing,crashing,-0.130859375,-0.13539040088653564,7
crashing,thudding,3.6044921875,0.2587610185146332,7
creepy,impressive,2.501708984375,0.1139792799949646,7
crime,drugs,0.81829833984375,0.028870493173599243,7
crime,sex,-0.361480712890625,0.0012482106685638428,7
criminality,hardship,1.76953125,-0.01124560832977295,7
criminals,dungeons,2.26611328125,0.07327666878700256,7
criminals,thieves,0.90234375,-0.10321465134620667,7
criminals,vagabonds,-1.5423583984375,0.07959676533937454,7
crops,harvest,-0.5333251953125,0.10816541314125061,7
crops,properties,2.134765625,-0.21937459707260132,7
crossness,meddling,-4.80078125,-0.18339818716049194,7
cruel,disastrous,1.50390625,-0.21418273448944092,7
cruel,envious,0.90478515625,-0.08130976557731628,7
cruel,inconceivable,3.568359375,-0.13303199410438538,7
cruel,paranoid,-1.8876953125,0.2565799951553345,7
cruel,stormy,1.78717041015625,0.14914290606975555,7
cruel,wasteful,-9.72332763671875,0.006565451622009277,7
cruel,wild,-3.18475341796875,-0.3301353454589844,7
curiosity,eagerness,-1.357421875,-0.24262776970863342,7
curiosity,interest,-0.556396484375,-0.04009449481964111,7
curiosity,pain,-0.6083984375,0.14067021012306213,7
currently,formerly,-0.9017949104309082,-0.25569143891334534,7
curtsy,smile,1.47265625,-0.040490299463272095,7
dainty,particular,-1.267822265625,0.14393848180770874,7
dainty,soft,0.275390625,-0.056986480951309204,7
danced,sang,-1.7578125,0.07111247628927231,7
deliberate,mock,-3.318359375,0.10689321160316467,7
deliberated,sat,2.98638916015625,-0.10357493162155151,7
delightful,generous,1.6142578125,0.28386154770851135,7
delightful,quiet,-6.580078125,0.14642229676246643,7
deliverance,guidance,-2.263671875,-0.08931043744087219,7
demandingly,harshly,-0.76416015625,0.04783622920513153,7
democracy,socialism,0.642578125,0.09280306100845337,7
dental,vision,7.41876220703125,-0.10213953256607056,7
depressed,quiet,-1.55078125,-0.03459148108959198,7
depressed,uneasy,-1.455078125,-0.26615214347839355,7
desolation,woe,0.6259765625,0.05294349789619446,7
despatch,ease,3.32421875,-0.2295646071434021,7
desperate,disorganized,1.2421875,0.13589176535606384,7
destiny,life,-0.05859375,0.005535110831260681,7
destiny,vision,0.5048828125,-0.10707437992095947,7
dialogues,fugues,-1.169921875,-0.007463827729225159,7
differences,resemblances,-6.671875,-0.031683534383773804,7
differences,variations,0.25341796875,0.2205740213394165,7
discovered,mined,1.4833984375,0.15917547047138214,7
discussions,meetings,3.87744140625,-0.29886922240257263,7
diseases,genetics,1.3017578125,0.718591570854187,7
diseases,viruses,1.3995361328125,0.14999449253082275,7
disheveled,wild,-1.28125,-0.1888267695903778,7
displayed,stored,1.2421875,0.17611151933670044,7
displays,exhibits,0.7739143371582031,0.09707444906234741,7
dissolute,idle,0.9140625,0.03692509979009628,7
distributed,versioned,3.2666015625,0.13497412204742432,7
drama,satirical,-1.6673583984375,0.12948814034461975,7
dread,eagerness,2.7203369140625,-0.21781665086746216,7
dread,fear,-0.1976318359375,0.055772364139556885,7
dreamless,drugged,-1.2109375,-0.2501775622367859,7
dress,jewellery,1.49951171875,-0.017089158296585083,7
dress,talk,-2.904296875,0.09100282937288284,7
dress,towel,1.8488225936889648,0.2464095652103424,7
drink,drugs,0.328125,-0.051075100898742676,7
drink,sail,0.453125,0.0693359375,7
drink,smile,-0.6943359375,-0.27094948291778564,7
drink,talk,1.0048828125,-0.07617594301700592,7
driven,tugged,1.9888916015625,0.20854762196540833,7
drugs,homelessness,1.548828125,-0.18201637268066406,7
drugs,sex,-1.154541015625,-0.0990903377532959,7
drugs,weapons,2.162109375,-0.10400402545928955,7
duck,squash,0.4736328125,-0.31266969442367554,7
dutch,english,-0.701171875,0.07603412866592407,7
eachother,nature,-5.36865234375,0.0838344544172287,7
eagerness,exultation,1.54638671875,-0.017845705151557922,7
eagerness,regret,1.6925268173217773,0.06467834115028381,7
earthquakes,tornadoes,0.2666015625,0.185349240899086,7
earthquakes,volcanoes,0.73828125,0.14219361543655396,7
ease,quiet,2.884368896484375,-0.23450139164924622,7
economic,environmental,4.8626708984375,-0.10477578639984131,7
editing,writing,-3.55078125,0.08211974054574966,7
egoistic,inflexible,-0.1015625,-0.11475563049316406,7
enabling,enabling,2.271484375,-0.06328806281089783,7
engineers,physicists,-1.4866790771484375,0.25347355008125305,7
english,italian,3.0078125,0.3633459210395813,7
epilepsy,schizophrenia,-4.610595703125,0.09981028735637665,7
erm,fertile,-7.73974609375,-0.1604132056236267,7
erm,revolution,-2.01806640625,0.15181827545166016,7
erm,talk,-0.53515625,-0.13470986485481262,7
erm,weight,4.23583984375,-0.1912352740764618,7
ever,ever,2.69921875,-0.2722666263580322,7
ever,forever,-5.283203125,0.4895435571670532,7
evildoers,murderers,-0.5107421875,-0.13479763269424438,7
excited,hysterical,1.4580078125,0.3977997601032257,7
excited,irritable,3.96484375,0.15776681900024414,7
excited,large,-0.96875,0.12298722565174103,7
excited,pleased,1.6632919311523438,0.40592435002326965,7
excited,wild,7.0703125,0.08897019177675247,7
excited,wise,-4.6380615234375,0.055314257740974426,7
exhibits,papers,0.32666015625,0.18765559792518616,7
exhibits,sales,0.34765625,-0.01506553590297699,7
experienced,old,-4.0625,0.3628194332122803,7
experienced,wise,-0.51171875,0.460384339094162,7
expression,feeling,2.392578125,0.05310608446598053,7
expression,spirit,0.853515625,0.07113183289766312,7
extravagant,wasteful,-1.4404296875,-0.11253619194030762,7
fear,fury,-0.74609375,-0.11434829235076904,7
fear,indignation,4.09326171875,-0.1680874228477478,7
fear,pain,-0.5068359375,-0.01244296133518219,7
feathered,furry,0.06622314453125,0.13857680559158325,7
feeling,life,-0.74609375,-0.06859952211380005,7
fertile,populous,1.223876953125,-0.03779175877571106,7
final,forth,-0.732421875,0.33894628286361694,7
final,fourth,-4.27392578125,-0.44169604778289795,7
flag,streamer,-0.486114501953125,-0.02807880938053131,7
flat,large,5.638671875,0.25710058212280273,7
flat,sandy,6.61077880859375,0.017100363969802856,7
flesh,flesh,0.009765625,0.07305716723203659,7
fluorescence,ionization,-1.45489501953125,-0.0823097825050354,7
folktales,legends,-1.0858154296875,0.16959892213344574,7
forever,forever,0.0087890625,-0.21382123231887817,7
forever,once,-0.57421875,0.06794801354408264,7
formality,legality,6.1953125,-0.0010191947221755981,7
fourth,only,6.5380859375,0.5607773661613464,7
fructose,glucose,2.98828125,-0.09976789355278015,7
fuller,fuller,-3.3046875,0.03296593576669693,7
fuller,higher,0.260009765625,-0.14860010147094727,7
furry,soft,-6.486358642578125,-0.19677448272705078,7
fury,pain,0.48828125,-0.2793983817100525,7
fury,sound,-0.005859375,-0.35050302743911743,7
garrulous,italian,2.4024658203125,-0.1627684235572815,7
generous,large,1.97772216796875,-0.08851788938045502,7
generous,sportsmanlike,0.0390625,0.1871030032634735,7
generous,virtuous,-1.041748046875,-0.17924070358276367,7
gin,sex,-1.91064453125,-0.04099944233894348,7
glad,lightsome,-1.451416015625,-0.1516459584236145,7
globalisation,imperialism,1.91796875,0.045095548033714294,7
globalisation,industrialisation,1.5845947265625,-0.05419982969760895,7
gradually,irregularly,1.331695556640625,0.04129704833030701,7
grammar,words,2.9459686279296875,0.04777238517999649,7
grass,hay,-5.2515869140625,0.08847914636135101,7
grasses,herbs,2.2138671875,0.552080512046814,7
grasses,sedges,-1.52960205078125,0.260999470949173,7
grit,spirit,5.05517578125,0.18517298996448517,7
growling,growling,3.8291015625,-0.10876131057739258,7
growling,grunting,1.904998779296875,0.024300172924995422,7
growling,snarling,-1.2880859375,0.11119085550308228,7
growly,raspy,0.9404296875,0.12774603068828583,7
grunting,straining,2.306884765625,-0.07101385295391083,7
grunts,shouts,-4.42578125,-0.041766151785850525,7
grunts,sighs,-1.970489501953125,0.38788002729415894,7
guitar,keyboards,-2.9462890625,-0.2195923924446106,7
habit,instinct,-0.042026519775390625,-0.05939134955406189,7
hacking,stealing,-2.08935546875,-0.00485500693321228,7
hardship,pain,3.4569625854492188,0.0910411924123764,7
harshly,unjustly,-2.525390625,0.4569458067417145,7
haughty,imperious,-0.998046875,0.216993048787117,7
haughty,pompous,-1.7744140625,0.0273892879486084,7
healthcare,hospitals,2.072265625,-0.2040506899356842,7
hear,obey,2.8857421875,0.21890835464000702,7
hear,talk,-9.896682739257812,0.2817118167877197,7
helpless,ignorant,-2.65625,0.16322100162506104,7
herbs,perfumes,-2.19580078125,-0.1551930010318756,7
higher,higher,-1.66015625,-0.001634642481803894,7
higher,hotter,2.1484375,-0.030601203441619873,7
hoed,hoed,1.5390625,-0.17463690042495728,7
hospitals,hostels,-3.10198974609375,0.015332832932472229,7
hotter,hotter,-4.7763671875,0.08316786587238312,7
hovels,palaces,-1.4892578125,-0.11912122368812561,7
huge,influential,-0.70263671875,-0.25185540318489075,7
huge,unexpected,1.15673828125,-0.15836310386657715,7
humor,spirit,3.60595703125,-0.1133665144443512,7
humor,words,1.01953125,0.06133207678794861,7
hurrahs,shouts,0.37890625,-0.3093613088130951,7
hurried,unconnected,-0.3104248046875,-0.10518044233322144,7
idle,ignorant,3.443359375,0.4490489065647125,7
ignorant,laughable,6.1826171875,0.12738586962223053,7
ignorant,wild,-4.40478515625,-0.2051786184310913,7
inclusive,pragmatic,-1.375244140625,-0.18513616919517517,7
indirect,vague,0.9482421875,-0.07524515688419342,7
individual,mine,-2.64453125,0.026741862297058105,7
influential,large,-0.291259765625,-0.16412344574928284,7
insinuating,soft,-1.9296875,-0.12174662947654724,7
instruments,themes,-2.59765625,0.12236063182353973,7
interest,life,-0.8154296875,-0.12537330389022827,7
iranian,islamic,2.41796875,-0.0980868935585022,7
iranian,persian,5.048583984375,0.2572586238384247,7
islamic,nationalist,-2.6025390625,-0.09215211868286133,7
jounces,jounces,0.417236328125,-0.040335968136787415,7
kicking,rearing,0.9208984375,-0.2921457886695862,7
kicking,scrambling,2.75,-0.004919320344924927,7
kill,torture,-1.8125,-0.42176318168640137,7
knotty,large,-6.1982421875,0.19672119617462158,7
kurdish,turkish,0.7830963134765625,0.3508223295211792,7
lady,monkey,-5.28009033203125,-0.12772709131240845,7
language,region,1.548828125,0.17871877551078796,7
language,words,-1.9013671875,0.2229040563106537,7
large,larger,3.453125,0.07871667295694351,7
large,quiet,-1.05859375,0.14888933300971985,7
large,ripe,-0.3566741943359375,-0.04077567160129547,7
large,scenic,-1.8623046875,-0.0734090507030487,7
large,selected,0.5598068237304688,-0.10934874415397644,7
large,staring,-4.025634765625,-0.05640551447868347,7
large,variegated,1.3515625,0.2720891833305359,7
large,wavy,-4.37890625,-0.03650093078613281,7
large,woolly,-0.584747314453125,0.003761798143386841,7
larger,larger,-7.2696990966796875,0.14537999033927917,7
laughable,pathetic,-1.994140625,-0.0002907365560531616,7
leadership,ownership,-2.1669921875,-0.03423042595386505,7
leadership,tactical,-1.056640625,0.2121240496635437,7
lean,tall,-1.876953125,-0.12023213505744934,7
leisure,means,-1.5791015625,0.002105236053466797,7
liberty,life,-3.4662399291992188,0.019024506211280823,7
life,light,-0.08683395385742188,-0.007280886173248291,7
life,nature,-1.591796875,0.14552928507328033,7
life,quickness,-5.51953125,-0.1136399507522583,7
life,spirit,0.51708984375,-0.47972917556762695,7
life,substance,-0.8310546875,-0.039779335260391235,7
light,queer,5.058052062988281,0.03601892292499542,7
light,room,10.447265625,0.12922526895999908,7
light,sound,-0.45703125,0.11795416474342346,7
light,sunshine,-7.1748046875,0.04159104824066162,7
light,varying,-0.67578125,0.15820157527923584,7
light,woolly,-0.73468017578125,0.24692483246326447,7
lists,maps,-4.924072265625,0.5518934726715088,7
lithium,risperidone,0.4525146484375,0.0626501739025116,7
lordly,tall,0.5769805908203125,-0.32297325134277344,7
maintaining,writing,-3.5445556640625,0.21327871084213257,7
maps,papers,2.220703125,0.2161281704902649,7
marshland,meadow,-0.8188323974609375,0.24534666538238525,7
masterless,wretched,1.968414306640625,-0.2330901026725769,7
masters,monks,-2.7447128295898438,0.13970498740673065,7
medicinal,vegetable,-2.63037109375,-0.09292176365852356,7
members,stewards,-1.4794921875,-0.17943346500396729,7
menopausal,old,-0.6405582427978516,0.04972425848245621,7
metaphorically,poetically,-0.9755859375,0.07186760008335114,7
mine,mine,-2.494140625,0.2577594518661499,7
mine,thine,0.836669921875,-0.31086963415145874,7
moaning,sleepless,0.88330078125,0.09790118783712387,7
morally,spiritually,-1.32177734375,0.05834861844778061,7
moroccan,turkish,-2.7216796875,-0.1767246127128601,7
mortification,pain,1.0772209167480469,0.041613899171352386,7
mortification,regret,1.431121826171875,-0.06909944117069244,7
muddy,sandy,-3.669921875,0.37377792596817017,7
muddy,soft,3.240234375,-0.13901951909065247,7
murderers,thieves,-0.64453125,-0.24911221861839294,7
musicians,singers,-1.6484375,0.05611642450094223,7
mutinous,sulky,1.0,-0.1551685929298401,7
mutual,spatial,4.07861328125,0.07097838819026947,7
nails,twine,1.00238037109375,-0.07252448797225952,7
niggardly,stingy,-2.68359375,-0.32946181297302246,7
oceans,rivers,-3.0992431640625,-0.052961915731430054,7
offerings,sacrifice,1.4854736328125,-0.042568549513816833,7
often,often,2.3251953125,0.6831993460655212,7
old,seasoned,-2.0234375,-0.32714545726776123,7
old,senile,-2.116455078125,0.26668086647987366,7
old,unsure,-0.923828125,0.2611877918243408,7
old,wise,-4.7578125,0.3245224952697754,7
old,worn,3.19921875,0.1833156794309616,7
once,once,-1.17431640625,-0.2820303440093994,7
orchestra,singers,-2.3638687133789062,0.05200289934873581,7
organs,skin,0.494140625,0.3035122752189636,7
packed,strapped,-0.0322265625,0.17218884825706482,7
paddled,rowed,4.2354736328125,0.0011793971061706543,7
pain,regret,0.265625,-0.08188685774803162,7
pain,torture,1.783416748046875,-0.3608587384223938,7
pain,weight,2.1337890625,0.20498774945735931,7
paintings,sculptures,-2.3756103515625,0.2441263496875763,7
pastures,rivers,-2.3616485595703125,0.08092902600765228,7
pathological,physiological,1.7073974609375,-0.14049088954925537,7
peritoneal,subdural,9.76800537109375,0.1539061963558197,7
persian,purple,-0.73046875,0.09376540780067444,7
persian,turkish,11.65625,-0.01664358377456665,7
pierced,punctured,4.128181457519531,0.2260713279247284,7
pilgrims,traders,2.690582275390625,-0.03353768587112427,7
pinioned,shackled,0.435546875,0.02913247048854828,7
pirut,pup,-1.920745849609375,-0.023120954632759094,7
pitted,scarred,-2.781982421875,0.04380446672439575,7
places,rivers,2.0062255859375,0.20888127386569977,7
planters,traders,1.762451171875,-0.0977063775062561,7
playing,playing,1.404296875,0.2858821153640747,7
plucky,quiet,4.714485168457031,-0.11685925722122192,7
plump,tall,-2.66796875,-0.11814367771148682,7
polluting,toxic,-1.099212646484375,-0.069730743765831,7
practice,practice,2.275390625,0.21804174780845642,7
practice,prescription,-0.515625,-0.1722680926322937,7
progress,stability,-2.7734375,0.20317615568637848,7
progress,weight,0.87164306640625,0.21426096558570862,7
purse,sword,1.80859375,-0.42658597230911255,7
quiet,reputable,5.533203125,-0.1942715048789978,7
quiet,reserved,2.256591796875,-0.27134525775909424,7
quiet,restful,-4.034423828125,-0.02063041925430298,7
quiet,soft,-0.986328125,-0.090179443359375,7
quiet,wild,2.349609375,-0.2633957266807556,7
quietly,subtly,4.48388671875,-0.010308831930160522,7
rifle,shotgun,0.15630531311035156,-0.34017670154571533,7
riflebirds,sicklebills,2.5029296875,0.07101140916347504,7
sail,sail,-5.4599609375,-0.0711124986410141,7
sang,sang,-1.0770263671875,0.18641996383666992,7
scarred,worn,0.64453125,0.5831615328788757,7
serious,unexpected,-3.603515625,-0.5007150173187256,7
serious,wise,-3.40283203125,0.43729716539382935,7
shouts,sound,1.09271240234375,0.19766589999198914,7
shouts,trills,-7.3671875,-0.06894832849502563,7
sights,sights,5.12109375,-0.024737969040870667,7
signification,signs,1.060546875,0.37723204493522644,7
signs,words,0.98345947265625,0.10247072577476501,7
simplified,simplistic,-1.046875,0.16140630841255188,7
skinny,tall,-0.1998291015625,0.09205800294876099,7
smell,sound,-0.04901123046875,-0.03856344521045685,7
smell,vision,2.099609375,-0.1194688081741333,7
smile,smile,-3.6573486328125,-0.14892596006393433,7
smile,talk,-4.912109375,-0.0776638388633728,7
snarling,spitting,-3.625,0.061678677797317505,7
snarling,underhanded,-3.2021484375,-0.024958670139312744,7
soft,tall,-0.56396484375,-0.01781371235847473,7
soft,wavy,2.30419921875,0.035109058022499084,7
soft,woolly,1.7490386962890625,-0.21024781465530396,7
soiled,thumbed,-0.67120361328125,0.12925778329372406,7
solidarity,subsidiarity,-1.636962890625,-0.06259548664093018,7
sound,visibility,-1.2080078125,0.2534545063972473,7
sparkled,widened,3.29296875,0.22695626318454742,7
specially,symbolically,1.9013671875,0.19042178988456726,7
splashed,tugged,-5.78814697265625,-0.1780070662498474,7
staring,wild,5.8359375,-0.10211294889450073,7
storm,sunshine,0.3099365234375,-0.09090730547904968,7
strawberry,strawberry,-1.48486328125,0.2861006259918213,7
syrup,tar,-0.22021484375,0.035366445779800415,7
talk,talk,-1.74908447265625,0.028029054403305054,7
tall,weight,-2.95068359375,0.29472237825393677,7
tugged,tugged,-0.1796875,-0.08051881194114685,7
uneasy,wretched,2.1524658203125,-0.1444081962108612,7
unexpected,unwelcome,-0.75,-0.21301043033599854,7
unloaded,unsaddled,-2.767578125,-0.23100638389587402,7
vague,woolly,-3.33203125,-0.06679028272628784,7
verses,words,3.42926025390625,0.22961223125457764,7
wavier,wavier,-3.330078125,0.20688052475452423,7
wild,woolly,1.59765625,-0.2545824944972992,7
wild,wooly,-0.0849609375,0.20058941841125488,7
xxx,xxx,-2.4248046875,-0.09846806526184082,7
ability,determination,2.4853515625,-0.16082201898097992,8
abort,miscarry,11.265625,0.13931027054786682,8
aboyne,called,-0.13847732543945312,-0.011167317628860474,8
absolutely,wholeheartedly,0.7607421875,-0.040252819657325745,8
acid,alkali,1.594573974609375,0.0710010677576065,8
actress,comedian,-4.84375,-0.16056384146213531,8
acute,earnest,3.101806640625,-0.2732558250427246,8
administrative,business,4.3704071044921875,0.1331619769334793,8
administrative,territorial,-3.7373046875,0.14963258802890778,8
aged,feeble,-2.779296875,-0.16194970905780792,8
aged,hungry,-7.5234375,0.0440957248210907,8
aged,infirm,3.150390625,0.1985665261745453,8
aid,grant,0.845703125,-0.16171886026859283,8
alertness,power,0.0,-0.028742000460624695,8
alive,beautiful,-0.5692100524902344,-0.060624733567237854,8
alive,brilliant,0.294189453125,0.08697974681854248,8
alive,sharp,0.71923828125,0.13934844732284546,8
alive,unharmed,-1.7841796875,0.4531881809234619,8
alive,whole,6.197174072265625,0.3095868229866028,8
amantadine,rimantadine,1.98736572265625,-0.07677890360355377,8
anarchic,unpredictable,-1.52423095703125,-0.06502954661846161,8
anarchist,communist,-2.71630859375,0.26918932795524597,8
angels,demons,0.103515625,-0.1403547078371048,8
apologies,lies,0.0,-0.08860839903354645,8
apologies,surprise,2.3466796875,0.1510114073753357,8
apologies,thanks,2.48046875,0.1670568734407425,8
appeal,fortrial,1.283203125,0.03082267940044403,8
appearance,function,-0.2724609375,-0.07671163976192474,8
appearance,functionality,-1.104248046875,0.026910334825515747,8
appearance,rigging,-3.36505126953125,-0.0618923157453537,8
applauded,laughed,2.1170654296875,0.09764514863491058,8
aristocrats,conservatives,-3.1943359375,-0.031191065907478333,8
art,business,-0.090087890625,0.15328305959701538,8
art,culture,0.0,0.1400582641363144,8
art,femininity,4.791015625,-0.08556662499904633,8
art,poems,2.9432373046875,-0.02478143572807312,8
art,power,-2.8311767578125,-0.13628114759922028,8
ascendancy,power,-2.07025146484375,-0.13224004209041595,8
aspects,epithets,1.9638671875,-0.2653534412384033,8
astronomy,math,-8.82208251953125,-0.07694877684116364,8
autopsy,identification,-3.5546875,0.1898018717765808,8
babies,boys,4.046875,-0.014249280095100403,8
backpackers,climbers,-1.163818359375,0.03152139484882355,8
ballrooms,hotels,1.0234375,0.06476305425167084,8
banksias,woodland,0.62890625,0.08607300370931625,8
barges,boats,-3.765625,0.23616923391819,8
bearded,brown,1.8828125,-0.11964328587055206,8
beautiful,brilliant,-2.596923828125,-0.019772276282310486,8
beautiful,busy,1.3583984375,-0.4130585193634033,8
beautiful,carefree,-2.970916748046875,0.023543983697891235,8
beautiful,foolish,-0.0908203125,-0.2748890519142151,8
beautiful,great,0.425537109375,0.0763968676328659,8
beautiful,historic,-2.083984375,-0.009454995393753052,8
beautiful,kind,-1.416015625,-0.15434204041957855,8
beautiful,neat,-1.324462890625,0.24310524761676788,8
beautiful,rational,-2.258056640625,-0.18601565062999725,8
beautiful,serene,-1.357421875,-0.1030915230512619,8
beautiful,shining,-3.361328125,-0.2353987842798233,8
beautiful,smart,-7.0263671875,0.061333999037742615,8
beautiful,young,-0.427734375,0.12549157440662384,8
beauty,happiness,-1.4560546875,0.06375272572040558,8
beauty,health,-3.109375,0.07008132338523865,8
beauty,joy,-4.442230224609375,-0.17415939271450043,8
beauty,placability,1.0576171875,-0.03915815055370331,8
beauty,rest,-2.32421875,-0.15369577705860138,8
beauty,ugliness,-11.314453125,0.09901706874370575,8
beg,beg,0.796875,-0.057573601603507996,8
beg,cry,-0.09411239624023438,-0.1554935723543167,8
behaves,interacts,1.453125,-0.21269817650318146,8
beliefs,rules,-1.644287109375,-0.04912438988685608,8
belonging,unity,-4.0986328125,0.14692234992980957,8
belt,car,0.1953125,0.1000375747680664,8
bile,lies,-0.1552734375,0.005951866507530212,8
biscuits,nuts,-2.587470054626465,0.03733420372009277,8
biscuits,shortcake,-1.75634765625,0.2328719198703766,8
blast,damn,3.970703125,-0.034739717841148376,8
bleaker,bleaker,-0.181640625,-0.0636863261461258,8
blew,blew,-0.056884765625,-0.18520040810108185,8
blinked,gasped,-6.19580078125,0.4181213974952698,8
boats,sails,0.8338623046875,0.25720149278640747,8
boats,shipping,-2.564453125,0.049890413880348206,8
bodies,minds,-5.9619140625,0.0973900556564331,8
body,head,-3.6093764305114746,0.018984630703926086,8
body,limbs,1.19921875,0.050080835819244385,8
body,soul,-3.796875,0.014286234974861145,8
boiled,bubbled,-1.31591796875,0.07528284937143326,8
boiled,pounded,0.72314453125,0.14889290928840637,8
boiling,evaporation,-4.59765625,-0.05527351796627045,8
boldness,unconcern,-10.2890625,-0.03904210031032562,8
bookplates,trademarks,-0.693115234375,0.015696272253990173,8
boredom,disgust,1.14495849609375,0.08649991452693939,8
bounces,imitates,1.271484375,-0.17099015414714813,8
bowls,cups,-0.2265625,0.10751629620790482,8
boys,boys,-0.542724609375,0.14622537791728973,8
boys,cooks,7.42041015625,0.145049586892128,8
boys,mother,-2.4982833862304688,0.2532905340194702,8
boys,quarry,4.44921875,0.00709378719329834,8
brick,glass,2.80523681640625,0.16431044042110443,8
brilliant,brown,1.0400390625,-0.38401949405670166,8
brilliant,striking,-2.111328125,0.199305459856987,8
broken,empty,-0.549560546875,0.14952552318572998,8
broken,gnarled,-0.52294921875,0.07676886022090912,8
broken,sharp,2.5908203125,0.08424694836139679,8
bronze,brown,3.303466796875,-0.12261916697025299,8
brown,dry,-2.8349609375,0.12548144161701202,8
brown,juicy,-3.29345703125,0.15420226752758026,8
brown,kind,-0.25390625,0.08390317112207413,8
brown,russet,-0.0458984375,-0.00846254825592041,8
brown,shining,-1.0255126953125,0.052587732672691345,8
bruising,scars,3.61041259765625,0.20146404206752777,8
brushing,rustling,-0.923828125,-0.11381496489048004,8
brushing,washing,2.567626953125,0.038235411047935486,8
bubbles,dimple,-0.8299560546875,0.13318553566932678,8
bubbles,oil,-0.392578125,0.25062912702560425,8
bulkiest,heaviest,1.310546875,0.14159968495368958,8
bullwinkle,julia,0.887939453125,0.058427855372428894,8
business,fun,-0.9033203125,0.11840274184942245,8
bustle,stir,-7.29296875,0.022390052676200867,8
caesium,thallium,-1.2705078125,-0.23534296452999115,8
called,called,-6.434030532836914,0.04788069427013397,8
called,stopped,0.1728515625,-0.008784905076026917,8
callers,visitors,-1.609375,-0.12059830129146576,8
calling,calling,-1.79962158203125,-0.08632557094097137,8
calling,laughing,-0.5419921875,0.002767816185951233,8
candles,pizza,-5.1175537109375,0.2677929997444153,8
candles,ropes,2.335235595703125,0.05384701490402222,8
cannibals,drunkards,-2.78125,0.2992542088031769,8
car,mother,-2.3138427734375,0.05007103085517883,8
car,pitcher,1.7359619140625,0.056042999029159546,8
car,watches,-0.34490966796875,0.05552378296852112,8
carol,song,-2.9453125,0.12683016061782837,8
cartridges,cassettes,0.326171875,0.029329925775527954,8
cells,organisms,5.7578125,-0.02193930745124817,8
ceramics,glass,-2.9296875,0.10723626613616943,8
ceramics,metals,2.66998291015625,-0.306277871131897,8
changeable,unpredictable,2.90478515625,0.08564813435077667,8
charismatic,pentecostal,1.57421875,0.04292915761470795,8
chat,rest,0.359619140625,0.12197546660900116,8
chatting,greeting,-2.66943359375,0.03847098350524902,8
chatting,laughing,0.2902793884277344,-0.19487471878528595,8
cheaper,divided,-2.9150390625,-0.10712681710720062,8
cheep,stir,0.332763671875,-0.004758790135383606,8
cheer,cheer,-0.9559326171875,-0.050011277198791504,8
cheer,happiness,-0.1328125,0.07946094870567322,8
cheer,shorten,3.51953125,-0.17520199716091156,8
cheery,helpful,1.9541015625,0.019826725125312805,8
cheery,soul,3.3203125,0.0921727642416954,8
chicken,mushroom,1.79296875,0.12014645338058472,8
chicken,potatoes,-1.4130859375,0.13400007784366608,8
chicken,waffles,1.04595947265625,0.3348727226257324,8
chink,daub,0.4228515625,0.17549563944339752,8
chocolates,sweets,-2.84765625,0.052427321672439575,8
choky,little,-0.169677734375,0.2198699414730072,8
clicking,rustling,6.9296875,0.01313154399394989,8
clicking,scraping,-1.7077655792236328,0.1042308658361435,8
coally,tom,2.248046875,0.17501257359981537,8
commandant,syndic,1.640625,-0.16030915081501007,8
commandments,laws,0.671875,0.019438639283180237,8
common,european,-5.087890625,0.030917376279830933,8
common,indubitable,-0.435791015625,-0.039522603154182434,8
common,silly,-0.609375,-0.11884663999080658,8
concluding,third,-0.337890625,-0.003744766116142273,8
condescension,patronizing,-0.6229248046875,-0.015838786959648132,8
consideration,honour,0.723876953125,-0.1410522609949112,8
console,pity,0.484375,-0.16048254072666168,8
consternation,surprise,-2.954345703125,0.10371281206607819,8
contact,separate,1.009765625,0.12616755068302155,8
convex,discrete,1.15234375,0.0033638030290603638,8
courses,programs,2.189453125,-0.31441450119018555,8
crayfish,spiders,-1.28662109375,0.12177418172359467,8
crazy,feeble,1.115234375,-0.12856562435626984,8
crazy,fun,-4.37451171875,0.2205774486064911,8
crazy,funny,2.1025390625,-0.14961640536785126,8
crazy,kinky,1.8603515625,0.08739225566387177,8
crazy,silly,-0.033203125,0.43146175146102905,8
crippled,thief,-0.59423828125,0.16172651946544647,8
crossdisciplinarity,multidisciplinarity,-0.865234375,0.10343199968338013,8
cry,cry,-1.4296875,-0.012993469834327698,8
cry,fret,-4.943359375,-0.03964005410671234,8
cry,mourn,7.53271484375,0.0007158368825912476,8
cry,pout,-11.0169677734375,0.03155258297920227,8
culture,health,-0.874755859375,0.05716998875141144,8
culture,laws,0.208740234375,0.006020799279212952,8
culture,liberality,0.173828125,0.07215698063373566,8
cups,pitcher,2.30828857421875,-0.034470334649086,8
cups,saucers,4.05224609375,0.0645461231470108,8
cursing,raving,-1.40478515625,-0.002519771456718445,8
cursing,yelling,-1.93341064453125,0.07460078597068787,8
daisies,heather,-0.8941650390625,-0.010351702570915222,8
dances,torches,-3.7484021186828613,-0.06572814285755157,8
days,days,2.478515625,0.07031525671482086,8
dearer,nearer,1.4436225891113281,0.007688209414482117,8
deeper,deeper,-3.968505859375,-0.10830672085285187,8
delicious,juicy,0.83203125,-0.00726771354675293,8
delicious,supple,3.09375,-0.01583103835582733,8
demons,dragons,-6.591796875,-0.021453842520713806,8
depressions,sinkholes,1.3232421875,-0.024161234498023987,8
deserted,empty,1.376953125,0.3274577558040619,8
deserters,refugees,-0.919921875,-0.22628836333751678,8
detergent,oil,0.0,-0.02228984236717224,8
determination,resolution,1.9013185501098633,0.025568678975105286,8
determined,young,6.95751953125,-0.2086016684770584,8
dg,mother,0.2196044921875,0.26014477014541626,8
dipped,dipped,-3.7596206665039062,-0.1165398508310318,8
disappeared,failed,-3.607421875,0.06346511840820312,8
disappeared,passed,0.9715576171875,-0.1962389200925827,8
discouragement,toil,-3.0068359375,-0.24378789961338043,8
discovery,exploration,-7.99609375,-0.22153262794017792,8
discretion,tact,-4.25732421875,-0.011874362826347351,8
disgust,surprise,1.68603515625,0.18170100450515747,8
distinctions,honours,0.914306640625,-0.07419390976428986,8
distraught,moody,2.557098388671875,-0.13718606531620026,8
disturbed,perturbed,3.44921875,0.22200454771518707,8
divorced,married,8.162109375,0.07250669598579407,8
doctor,patient,-0.9215087890625,0.020422503352165222,8
double,triple,-4.701171875,-0.14506025612354279,8
drank,drank,-3.3564453125,-0.026155635714530945,8
drawings,engravings,-0.0379791259765625,-0.07317234575748444,8
dreamed,heard,-1.84375,-0.17809616029262543,8
dried,uncovered,1.661865234375,0.01598118245601654,8
dripping,torn,1.9541015625,0.06065487861633301,8
drops,drops,3.080078125,-0.054079726338386536,8
dry,rustling,0.134033203125,-0.05520172417163849,8
dry,shining,-2.21185302734375,-0.034463465213775635,8
dye,tool,6.53515625,0.17491550743579865,8
earlier,earlier,1.0009765625,0.4930288791656494,8
earlier,later,0.239013671875,0.013776376843452454,8
earnest,sharp,-0.2149658203125,-0.11335314810276031,8
earnestly,fiercely,2.5860443115234375,-0.2003219574689865,8
earnestly,vehemently,-0.18817138671875,-0.017285317182540894,8
ears,head,-1.3741455078125,0.039996370673179626,8
ears,noses,1.9287109375,0.11277825385332108,8
eastbound,westbound,1.2811431884765625,0.021217554807662964,8
easter,easter,-1.556640625,0.027584776282310486,8
electricity,magnetism,-0.3592529296875,-0.09314526617527008,8
electricity,oil,-0.55078125,-0.04514695703983307,8
electricity,power,-2.18017578125,-0.1683228760957718,8
emotional,rational,-2.9406585693359375,0.05002443492412567,8
empty,forlorn,-1.25,0.18140137195587158,8
empty,hungry,1.716796875,0.03207305073738098,8
enjoyment,fun,5.9130859375,-0.127330020070076,8
enjoyment,laughing,-2.6259498596191406,-0.09474994242191315,8
european,japanese,4.12255859375,0.081565260887146,8
european,negro,4.3623046875,0.01723770797252655,8
evaporation,transpiration,-1.833251953125,-0.0941481739282608,8
exact,truthful,4.359375,0.016880661249160767,8
exasperated,rasping,-0.4521942138671875,0.03795619308948517,8
exercise,exercise,-2.26434326171875,-0.15242953598499298,8
exercise,fun,-0.81890869140625,-0.2130494862794876,8
experimentor,mother,-3.580078125,0.04605020582675934,8
exploration,travel,0.83447265625,0.0808822512626648,8
explosives,flamethrowers,1.488861083984375,0.05749236047267914,8
extracts,tales,-1.2699432373046875,0.11369840800762177,8
fabulous,unreal,0.0228271484375,0.16385483741760254,8
failed,failed,-1.8530845642089844,-0.28474903106689453,8
faintly,spasmodically,-1.345703125,0.09650556743144989,8
fairer,happier,1.258382797241211,-0.13631470501422882,8
fallen,sorrowful,-6.25390625,-0.055970534682273865,8
farther,farther,-6.22265625,0.06652097404003143,8
fathers,sons,-11.29718017578125,0.06758509576320648,8
fats,oils,-2.28125,-0.10259439051151276,8
females,young,-4.996826171875,0.4899332523345947,8
fern,moss,3.02734375,0.2901874780654907,8
ferns,moss,-0.888671875,0.12238354980945587,8
fluids,rest,-5.65625,-0.17896293103694916,8
focused,sharp,0.627197265625,-0.0243263840675354,8
foggy,foul,2.353515625,0.09924086928367615,8
foolish,headstrong,0.0,0.02936364710330963,8
foolish,naughty,-0.9129638671875,-0.04274874925613403,8
foolish,rash,-4.231498718261719,-0.06307639181613922,8
foolish,silly,-0.60546875,-0.10842765867710114,8
foolish,young,-2.841796875,-0.14754001796245575,8
forgiving,patient,5.500244140625,0.37432822585105896,8
found,stopped,-2.796875,0.17342299222946167,8
frankly,freely,-1.3668212890625,-0.1914352923631668,8
friendships,laughing,0.9296875,0.19770479202270508,8
frills,frills,3.3046875,-0.06402526795864105,8
fruitsome,great,-2.530029296875,0.38274139165878296,8
fun,funny,-1.8955078125,-0.1019490510225296,8
fun,happiness,0.58203125,-0.05225731432437897,8
fun,joy,1.603515625,0.11726652830839157,8
fun,laughing,0.98828125,0.02513815462589264,8
fun,loose,-6.87353515625,0.03296568989753723,8
fun,mischief,1.5665054321289062,0.13796190917491913,8
funny,laughing,0.59405517578125,-0.24819160997867584,8
funny,rural,2.25738525390625,0.12527038156986237,8
funny,smart,-1.1549453735351562,0.1649971306324005,8
funny,spirited,-4.25,0.3295331299304962,8
funny,weird,-4.28515625,-0.19301293790340424,8
gabble,nonsense,0.8406486511230469,0.1707717478275299,8
gallows,whip,-0.070068359375,0.19165541231632233,8
gaped,stared,-3.9188232421875,-0.07413585484027863,8
gasped,laughed,-1.42919921875,0.053439512848854065,8
gasped,sprayed,-1.759765625,0.0829010009765625,8
gasped,stared,-0.339691162109375,-0.046501338481903076,8
gasped,wheezed,-5.810546875,0.10170016437768936,8
gentlest,meekest,4.4931640625,0.01125045120716095,8
glass,pour,-0.40172576904296875,0.0932210311293602,8
glee,happiness,-1.8348388671875,0.0990540087223053,8
glee,joy,-0.564453125,-0.02169869840145111,8
grandmere,mother,-1.63671875,0.05434545874595642,8
grapes,ham,-1.193359375,0.2153370976448059,8
grassland,redwood,-0.681640625,0.015689894556999207,8
grassland,woodland,2.32275390625,0.1506795585155487,8
greasiness,thickness,-5.56640625,-0.06757356226444244,8
great,kind,1.13275146484375,-0.06993632018566132,8
great,little,-0.45166015625,-0.3574572801589966,8
great,mighty,2.208984375,-0.20216505229473114,8
great,mystical,-1.5205078125,-0.21948952972888947,8
great,novel,2.828125,0.10068608820438385,8
great,shining,4.294921875,-0.25872957706451416,8
great,ultimate,1.05078125,-0.3002459406852722,8
greener,greener,0.869140625,0.03754739463329315,8
gripped,powerless,-1.66796875,-0.03927600383758545,8
groups,individuals,1.66717529296875,0.1496018022298813,8
grow,grow,-2.7734375,0.02167336642742157,8
grow,implant,-1.65234375,0.2497442364692688,8
grow,spread,4.390167236328125,0.07880579680204391,8
growing,growing,-0.2841796875,-0.009098932147026062,8
growing,young,-0.01953125,-0.0884951800107956,8
growth,jobs,0.21484375,-0.053916171193122864,8
guilt,sin,-0.9295654296875,-0.14911963045597076,8
gullets,lies,2.30078125,0.001983657479286194,8
gumbo,jambalaya,-2.5244140625,0.07360383868217468,8
ham,mushroom,-1.816650390625,0.1952100694179535,8
happiness,health,-0.1748046875,-0.11507751047611237,8
happiness,joy,0.45751953125,-0.32650673389434814,8
happiness,sadness,-0.2036285400390625,-0.08751384913921356,8
hardy,vigorous,5.7333984375,0.1685648411512375,8
hardy,young,1.70947265625,0.16287793219089508,8
harshness,unkindness,4.408203125,0.014937624335289001,8
hasidic,mystical,-0.3406810760498047,0.049489185214042664,8
head,shoulders,-2.865234375,-0.01510058343410492,8
headstrong,rash,-0.7956390380859375,0.0006638020277023315,8
headstrong,wilful,1.3828125,0.09749442338943481,8
health,illness,2.837413787841797,-0.08231134712696075,8
heard,knew,-2.49005126953125,-0.1063823252916336,8
heard,laughed,-0.36151123046875,-0.012513652443885803,8
heard,recognised,2.62939453125,0.1758110523223877,8
heard,smiled,0.07772231101989746,-0.06367824971675873,8
heavy,layered,5.166015625,0.015238270163536072,8
heavy,pugnacious,-2.548828125,0.07861260324716568,8
heavy,sharp,-4.454345703125,-0.006969153881072998,8
heavy,unsteady,6.05078125,0.0037127286195755005,8
helpful,kind,-0.830078125,-0.1181056946516037,8
heterogeneous,homogeneous,3.9765625,0.017577528953552246,8
holly,ivy,2.4609375,0.12240206450223923,8
homogeneous,isotropic,0.85986328125,0.062230825424194336,8
hoped,hoped,-4.671875,-0.13978911936283112,8
humble,serene,-0.576873779296875,-0.06352375447750092,8
humble,sorrowful,-1.33807373046875,0.039956286549568176,8
hundreds,hundreds,2.818359375,0.09437671303749084,8
hungry,needy,4.1875,0.23763525485992432,8
hungry,young,-4.59912109375,0.3243825137615204,8
illness,surgery,0.52606201171875,-0.1903262585401535,8
illogical,rambling,3.952996253967285,0.07328400760889053,8
imagininary,self,-7.3818359375,0.1904161423444748,8
indigenous,territorial,3.7177734375,0.297197163105011,8
individuals,institutions,-2.916015625,-0.10759319365024567,8
inexperience,shortcomings,0.18348407745361328,0.01778160035610199,8
inexperienced,young,-2.700927734375,0.13459450006484985,8
influence,power,-1.015625,-0.02997639775276184,8
ink,oil,0.0,0.051967695355415344,8
inquiries,reminiscences,1.642578125,0.002571582794189453,8
institutions,power,0.32373046875,0.16651998460292816,8
institutions,pupils,-1.587890625,0.30691125988960266,8
iodine,tyrosine,-2.0625,-0.05145914852619171,8
isolated,rural,-3.794361114501953,-0.08370955288410187,8
ivy,moss,0.937255859375,-0.01759488880634308,8
jealous,selfish,0.84375,-0.020972713828086853,8
jobs,roads,-0.77734375,-0.004410073161125183,8
joy,power,-1.466796875,-0.08522723615169525,8
joy,rest,-1.5751953125,-0.1787382811307907,8
joy,sadness,-3.59375,-0.012594416737556458,8
joy,song,-0.904296875,-0.2836230993270874,8
joy,surprise,0.96484375,0.03347329795360565,8
jumped,jumped,2.732421875,-0.08102510869503021,8
justice,reward,2.812744140625,-0.026938125491142273,8
kind,patient,-4.69580078125,-0.2229223996400833,8
kind,polite,-3.470458984375,0.005316242575645447,8
kind,righteous,-0.005859375,-0.10953064262866974,8
kind,smart,-1.944580078125,-0.1121218353509903,8
kit,ropes,-4.49609375,0.17716629803180695,8
knew,respected,0.468994140625,0.1108970195055008,8
knew,suspected,0.69720458984375,0.0919165164232254,8
later,later,0.20703125,-0.08578114211559296,8
laughed,laughed,-1.5146484375,-0.15643848478794098,8
laughed,lay,-4.21875,-0.1292833834886551,8
laughed,scrapped,3.578125,0.07529053092002869,8
laughed,stopped,2.076171875,-0.13450978696346283,8
laughing,laughing,0.53857421875,-0.14799712598323822,8
laughing,lengthened,1.322265625,-0.053786709904670715,8
laughing,nonsense,-0.28514862060546875,-0.14944960176944733,8
laughing,pointing,0.954833984375,-0.0772562175989151,8
laughing,snorting,1.7380218505859375,0.012460723519325256,8
laughing,tickled,2.218994140625,-0.1220097690820694,8
laughing,yelling,-3.406982421875,-0.06987680494785309,8
laws,rules,-2.966022491455078,-0.1854151040315628,8
laws,theories,3.42333984375,0.3823670744895935,8
leave,need,3.73046875,-0.065299853682518,8
left,left,-4.12890625,-0.1606360822916031,8
legendary,mythical,-0.587890625,0.11362791061401367,8
lemon,oil,-1.7626953125,0.2100459486246109,8
lesser,lesser,3.886962890625,-0.3335782289505005,8
little,naughty,6.40625,-0.15062977373600006,8
little,twiggy,0.07342529296875,-0.03990212082862854,8
little,young,-1.942626953125,0.15697208046913147,8
littler,littler,-0.308837890625,-0.06330721080303192,8
lizards,spiders,1.068115234375,0.058691009879112244,8
lnfluence,power,1.54345703125,-0.07668305933475494,8
losses,reward,-4.200111389160156,-0.30410802364349365,8
lots,lots,1.6486358642578125,0.06798084080219269,8
lunatic,silly,1.7420654296875,0.06004057824611664,8
massages,yoga,-1.46484375,0.07949211448431015,8
mechanics,use,-1.76953125,-0.1392902284860611,8
mighty,unmistakable,-0.912109375,0.009657084941864014,8
mime,nonverbals,2.431640625,-0.03826959431171417,8
mime,pointing,1.900390625,-0.10256443917751312,8
minutes,minutes,-0.9453125,-0.23829962313175201,8
miserly,squalid,5.0782470703125,-0.11018939316272736,8
moss,tussocks,1.5791015625,0.1279982179403305,8
mother,mother,-1.953857421875,-0.03645765781402588,8
mother,sons,0.471435546875,0.23597560822963715,8
motorways,roads,0.154296875,0.006234154105186462,8
mystical,prophetic,-1.28515625,0.09040983021259308,8
naive,young,5.419921875,-0.05537457764148712,8
naughty,wilful,-2.043804168701172,0.015605822205543518,8
nearer,nearer,-2.44256591796875,0.04999274015426636,8
nearer,possible,-1.1103515625,-0.04259985685348511,8
neat,petite,2.8614501953125,0.13223005831241608,8
neat,smart,-3.878326416015625,0.02522638440132141,8
neat,tidy,4.467315673828125,0.30599141120910645,8
notebook,pencil,-2.54833984375,0.06542883813381195,8
novel,pleasing,-1.505859375,-0.08414523303508759,8
novel,striking,-0.567138671875,-0.0165756493806839,8
nuggets,nuggets,1.7968673706054688,0.16537907719612122,8
oil,pitch,1.466796875,-0.09359078109264374,8
ones,zeroes,1.5322265625,-0.14687515795230865,8
ones,zeros,-2.300384521484375,0.14265814423561096,8
orgies,perversions,-2.205078125,0.20936526358127594,8
passing,passing,-1.28515625,0.033958420157432556,8
patching,patching,0.5634765625,0.10176543891429901,8
pencil,slate,1.097412109375,0.07285436242818832,8
perceptive,rational,0.3642578125,0.06123681366443634,8
peril,toil,2.123046875,0.04064851999282837,8
perplexed,worried,-0.67901611328125,-0.01547183096408844,8
personable,young,4.431640625,0.19697126746177673,8
pie,potatoes,-6.7569580078125,0.1356707364320755,8
plants,protista,-0.10546875,-0.08953587710857391,8
plants,protists,-1.97314453125,0.07204388082027435,8
plants,relatives,-1.85302734375,0.024332955479621887,8
poems,sayings,1.80596923828125,-0.41081511974334717,8
poems,tales,1.8173809051513672,-0.09269155561923981,8
potatoes,stew,3.98126220703125,0.1972528100013733,8
pour,stir,-0.246826171875,0.07119865715503693,8
power,power,-4.08453369140625,-0.19800357520580292,8
preteens,teenagers,7.58203125,0.00080890953540802,8
programs,protocols,0.6484375,-0.031113773584365845,8
protesting,rioting,0.24609375,0.12326842546463013,8
puking,shock,-0.4259452819824219,0.20815177261829376,8
purtier,purtier,-0.5390625,0.16381870210170746,8
quake,shake,2.53515625,-0.04524342715740204,8
quicksand,swamp,10.94921875,-0.11051075160503387,8
rasping,scraping,-1.1507720947265625,0.09885844588279724,8
rational,smart,-0.1171875,-0.015195339918136597,8
realistic,striking,-2.5625,0.13378725945949554,8
rebelling,rioting,7.636962890625,0.09904425591230392,8
recover,rest,-1.5927734375,0.17561469972133636,8
refreshing,rest,3.8948974609375,-0.058108702301979065,8
refreshing,unmistakable,4.50770378112793,-0.025153830647468567,8
rehab,rest,-5.815155029296875,-0.009419068694114685,8
rehydrate,rest,-0.7322998046875,-0.04800942540168762,8
rein,whip,-0.0078125,0.029593735933303833,8
replenish,rest,-1.81982421875,0.02897678315639496,8
restarted,stopped,1.982405662536621,-0.035868480801582336,8
rhyme,rune,2.2224578857421875,-0.044744715094566345,8
rigging,sails,-2.47900390625,0.08693748712539673,8
rigging,spars,-1.8203125,0.2320597767829895,8
rolling,wheeled,-1.357421875,-0.0975361317396164,8
rolling,yelling,0.61328125,-0.017439112067222595,8
ropes,sails,0.284515380859375,0.29964393377304077,8
ropes,spars,1.10693359375,-0.003929510712623596,8
rows,rows,-0.6611328125,0.21056939661502838,8
rub,rub,-3.032958984375,0.04461197555065155,8
rustling,snuffling,-3.4248046875,0.12469975650310516,8
sadness,stillness,-1.7421875,-0.08655290305614471,8
sandstorms,whirlwinds,-0.7034912109375,0.3922739326953888,8
saved,saved,-3.2421875,-0.1354706734418869,8
scold,scold,6.650390625,-0.08818916976451874,8
scratched,scratched,-0.0595703125,0.19877801835536957,8
screw,struggle,1.63427734375,-0.07993508875370026,8
seedy,stressful,0.42822265625,-0.15157581865787506,8
seesaw,swing,2.693359375,-0.029998138546943665,8
selfish,wilful,1.2933282852172852,-0.30611592531204224,8
sharp,spirited,1.0519866943359375,0.11838452517986298,8
shipping,transport,1.73828125,0.033760443329811096,8
sin,wickedness,2.2298583984375,-0.1331617385149002,8
smart,young,-4.099609375,0.020973458886146545,8
smiled,smiled,-0.83984375,-0.2484048753976822,8
smiled,stared,-3.4921875,-0.1098669022321701,8
sorrowful,stolen,-1.533203125,0.06096510589122772,8
spies,traitors,-3.64593505859375,0.07594446837902069,8
sporadic,weird,1.537109375,-0.07280264794826508,8
spread,spread,-2.0537109375,0.03914143145084381,8
stalwart,vigorous,1.9189453125,0.1749953031539917,8
stared,stared,0.9404296875,-0.0897999256849289,8
stared,stopped,0.293212890625,-0.04177956283092499,8
stopped,wheeled,-1.0772705078125,-0.06778435409069061,8
stunning,young,1.6796875,0.1616154909133911,8
sucking,sucking,-1.96875,-0.14543704688549042,8
superficial,superficial,2.651611328125,0.029662862420082092,8
swing,swing,2.875,-0.0839606374502182,8
third,third,0.9150390625,0.2144535481929779,8
thus,thus,-2.451995849609375,0.13473059237003326,8
tolerance,unity,-2.8369140625,-0.1428089290857315,8
tourists,vagrants,5.1572265625,0.19678367674350739,8
tourists,visitors,1.779296875,-0.029807135462760925,8
untrained,unwarlike,-1.357025146484375,-0.11854429543018341,8
untrained,young,0.1845703125,0.08242011815309525,8
untried,young,-1.4296875,-0.07888521254062653,8
use,washing,1.52978515625,-0.1246994286775589,8
use,yardage,0.484375,-0.12467117607593536,8
vigorous,young,9.31951904296875,0.026987120509147644,8
viral,young,3.01812744140625,0.17537632584571838,8
watches,websites,-1.453125,0.20978467166423798,8
waving,yelling,-1.5185546875,-0.01850944757461548,8
wondered,wondered,3.724609375,0.2342299222946167,8
wuss,wuss,-2.427734375,0.16919903457164764,8
aboriginal,natural,3.3671875,0.0019532665610313416,9
absolute,real,1.14703369140625,-0.059203214943408966,9
absolute,rich,-0.330078125,-0.18527396023273468,9
acquired,natural,-0.99609375,0.19075387716293335,9
actual,real,-1.49664306640625,-0.03326469659805298,9
admirable,exciting,-4.015625,-0.18108756840229034,9
admirable,fine,-0.64453125,0.2240016758441925,9
admiration,respect,1.453125,-0.06699176132678986,9
admiration,wonder,-2.695556640625,-0.09906347095966339,9
adventurers,explorers,0.29522705078125,-0.04116303473711014,9
affirmative,negative,-2.62939453125,-0.04790996015071869,9
affrighted,fled,-0.171630859375,0.01340271532535553,9
affrighted,trembling,2.1171875,-0.1607409119606018,9
ages,ages,-1.6693115234375,-0.15340042114257812,9
aggression,appeasement,-0.7737350463867188,0.06493005156517029,9
aggression,kindness,-0.466796875,0.06410573422908783,9
aging,frail,-4.49609375,0.3475399315357208,9
ambulances,generators,2.8515625,0.004757322371006012,9
amusing,exciting,2.763671875,-0.1406363546848297,9
ancient,due,-0.0107421875,0.16643822193145752,9
ancient,rich,0.3250732421875,0.034498780965805054,9
antibacterial,antiviral,-1.9373550415039062,-0.21863457560539246,9
arabesques,sprigs,-0.077911376953125,-0.0904817059636116,9
armenian,jewish,-1.26171875,-0.3611622750759125,9
arms,breasts,5.240478515625,-0.3004838526248932,9
arthritis,psoriasis,-3.4375033378601074,-0.158967986702919,9
artifacts,attributes,0.193359375,-0.07779072225093842,9
asian,asian,-1.3126707077026367,-0.06766829639673233,9
asian,portuguese,0.087890625,0.05538724362850189,9
asian,shit,-2.76702880859375,0.39911511540412903,9
aunt,grandmamma,-0.1002197265625,-0.13542097806930542,9
axe,knife,-0.60546875,0.2296176254749298,9
babbling,noises,-4.623779296875,-0.059805214405059814,9
bacteria,parasites,-0.6220169067382812,-0.395774245262146,9
baked,crumbling,0.3963775634765625,-0.2725372314453125,9
balloons,kites,-3.03173828125,-0.12620343267917633,9
bananas,plantains,-2.98828125,-0.15112967789173126,9
banding,convection,3.2265625,-0.029629454016685486,9
bats,slings,-0.467041015625,0.03808474540710449,9
bayou,forest,-0.634765625,-0.13314557075500488,9
beams,boards,1.7998046875,0.14933070540428162,9
beef,gravy,1.3956298828125,-0.1361992061138153,9
befurbelowed,beruffled,-0.150390625,-0.05384701117873192,9
behaviour,effort,3.65625,0.22506073117256165,9
behold,despair,2.298828125,0.08557692170143127,9
beneficial,safe,-5.853515625,0.13466212153434753,9
berries,drupes,-1.5908203125,0.017139703035354614,9
berries,fruits,-0.609375,-0.02256093919277191,9
berries,leaves,-1.62109375,-0.39645951986312866,9
berries,orange,2.21875,-0.16003161668777466,9
berries,seeds,-0.775390625,-0.15870027244091034,9
beryls,turquoises,4.41436767578125,-0.3143422603607178,9
bitten,transformed,-2.140625,-0.11733585596084595,9
bizarre,genuine,-8.625,-0.20969811081886292,9
blight,sickness,-3.14727783203125,0.125514954328537,9
blotches,pimples,-3.4599609375,-0.17659592628479004,9
blundering,sinning,1.0390739440917969,-0.011228665709495544,9
blushes,smiles,0.0,-0.23126445710659027,9
botany,zoology,0.0072021484375,-0.023082062602043152,9
boughs,leaves,0.65234375,-0.13435965776443481,9
bounty,luck,0.462158203125,-0.1635316014289856,9
brooks,hills,4.90625,-0.19580605626106262,9
broom,ponytail,5.118896484375,-0.19280454516410828,9
brotherly,sisterly,0.9493865966796875,0.04253804683685303,9
bubble,froth,-6.396484375,0.17714530229568481,9
bubble,melt,0.20485687255859375,-0.2708960175514221,9
burglars,tramps,0.58984375,0.07779830694198608,9
by,by,-1.98828125,0.05223695933818817,9
cables,switches,6.647712707519531,0.13496969640254974,9
cajole,push,-1.45703125,0.13706496357917786,9
calming,cooling,-1.654296875,-0.16885152459144592,9
capelin,launce,-1.77783203125,-0.32769668102264404,9
carefully,cautiously,0.48248291015625,-0.03089343011379242,9
carelessly,innocently,-3.130859375,0.27995458245277405,9
censure,reproach,0.3515625,0.21825286746025085,9
cha,mot,-1.3785400390625,0.124821737408638,9
chair,cover,2.2958984375,-0.18149134516716003,9
chair,cowboy,1.0302734375,-0.14726845920085907,9
chair,door,1.18359375,-0.31049615144729614,9
chairs,settees,7.517578125,0.020539045333862305,9
charcoal,wire,6.39453125,0.2099798321723938,9
charity,kindness,-0.6711959838867188,0.16654840111732483,9
cheaply,easily,0.424072265625,0.10639527440071106,9
chewing,swallowing,0.2980690002441406,0.10644024610519409,9
chill,gloom,-0.92578125,0.00846097618341446,9
chill,penetrating,-0.245391845703125,-0.02643635869026184,9
chilling,hard,-0.312835693359375,0.11672258377075195,9
chips,sausage,5.6630859375,-0.11103715747594833,9
choke,cough,-2.455078125,-0.04644836485385895,9
cigarettes,coffee,1.056640625,-0.21594157814979553,9
circled,circled,0.9254150390625,-0.023866333067417145,9
cj,vf,-1.927734375,0.13377167284488678,9
cleanse,purify,-0.998046875,-0.05606164038181305,9
clouds,convection,-1.94677734375,-0.09372997283935547,9
clouds,mist,1.1514053344726562,-0.3292492926120758,9
clouds,surf,4.3966064453125,0.26789727807044983,9
coatings,semiconductors,-0.2197265625,-0.06633515655994415,9
coffee,conversation,-2.923828125,-0.21968163549900055,9
coffee,cookies,1.2900390625,-0.37201619148254395,9
coffee,more,-2.686126708984375,0.16992363333702087,9
coffee,shit,-2.225341796875,-0.019704177975654602,9
coke,shit,-1.9130859375,0.18593862652778625,9
collected,cool,1.583984375,0.19566446542739868,9
collected,correlated,-2.55810546875,0.06575217843055725,9
color,shape,-2.759765625,0.050533637404441833,9
color,warmth,-0.1382160186767578,-0.05786076933145523,9
combustion,corrosion,-6.897216796875,-0.05633458495140076,9
combustion,respiration,1.400390625,-0.06337781995534897,9
complications,mortality,2.670654296875,0.17260271310806274,9
computered,transcribed,-0.23095703125,-0.028562262654304504,9
concerts,nightclubs,-0.232330322265625,-0.027231916785240173,9
condensed,distilled,-1.12548828125,-0.023605242371559143,9
confessed,killed,-2.875,0.39280131459236145,9
confiding,tender,-1.098388671875,0.10936860740184784,9
conspiracies,plots,-2.0166015625,0.03394481539726257,9
constantly,hard,2.5208740234375,0.08673080801963806,9
contented,happy,2.744140625,0.04625806212425232,9
contented,thankful,3.0634765625,0.11296896636486053,9
contrary,ungrateful,-0.564056396484375,0.04650434851646423,9
controlled,natural,0.16015625,-0.2228875458240509,9
cool,cool,1.9560546875,0.02368660271167755,9
cool,hard,0.542388916015625,0.048675671219825745,9
cool,harden,1.568359375,-0.06123669818043709,9
cool,lovely,0.8759765625,0.17926236987113953,9
cool,shadowy,-0.68048095703125,-0.11974100023508072,9
cool,short,-2.470703125,0.039732158184051514,9
cool,warm,2.4023361206054688,-0.07226244360208511,9
cool,wetting,0.3892364501953125,0.005060985684394836,9
cordial,warm,-1.11328125,0.053425222635269165,9
corrosion,electrochemistry,-0.49478816986083984,-0.023263774812221527,9
corrupted,rich,-5.923583984375,0.24743619561195374,9
cough,cough,1.43359375,-0.13820824027061462,9
cowed,trembling,-0.97021484375,-0.20535767078399658,9
crabs,periwinkles,-1.0458984375,-0.1735144704580307,9
created,destroyed,-0.384765625,0.18132314085960388,9
created,directed,6.9140625,0.026446253061294556,9
cries,cries,-1.16748046875,-0.046809688210487366,9
cries,falls,-1.98779296875,0.07068869471549988,9
cries,jeers,-1.1429595947265625,0.02800750732421875,9
cries,noises,3.671630859375,-0.036333173513412476,9
crumbling,dirty,1.75579833984375,0.0143049955368042,9
crumbs,water,-1.30419921875,-0.007237270474433899,9
dams,railroads,2.8225765228271484,-0.23455646634101868,9
dbottle,teapot,2.2734375,-0.2048884779214859,9
decorating,unpacking,2.53460693359375,0.19300243258476257,9
dedicated,hard,-2.5849609375,0.27881526947021484,9
dedicated,talented,-0.30743408203125,0.4743466079235077,9
deepest,finest,-0.23046875,-0.2579493522644043,9
defiled,killed,1.34716796875,-0.02615552395582199,9
deliberation,skill,1.68798828125,0.016082242131233215,9
demeanor,speech,1.7045326232910156,-0.15424704551696777,9
deposed,fled,-2.05126953125,0.19366571307182312,9
designs,prototypes,1.759765625,-0.09737494587898254,9
desk,door,0.87359619140625,-0.27302634716033936,9
desolate,pitiful,-1.0339469909667969,0.03616909682750702,9
despair,gloom,2.4227294921875,0.32989850640296936,9
despair,weariness,-6.35546875,0.1565408706665039,9
destroyed,plundered,-0.7274627685546875,0.031017959117889404,9
die,go,3.3740234375,0.21992701292037964,9
die,live,3.8378677368164062,0.12791672348976135,9
die,overheat,3.64453125,-0.012074656784534454,9
die,pine,-1.4609375,-0.17544184625148773,9
die,sicken,1.6328125,0.06610491871833801,9
dimms,processors,-1.047332763671875,-0.2035091519355774,9
dipping,lifting,3.651611328125,0.1647453010082245,9
directed,founded,7.599609375,0.010213345289230347,9
dirtiest,hardest,-0.0703125,-0.17863254249095917,9
dirty,dirty,-1.099609375,-0.13290902972221375,9
dirty,dumpy,1.421875,-0.021796084940433502,9
dirty,filthy,-1.4501953125,-0.2717159390449524,9
dirty,hard,0.2490234375,0.20552638173103333,9
dirty,mane,-0.11474609375,0.2555176317691803,9
disappear,evaporate,1.361328125,0.12011966109275818,9
displeased,grieved,-2.08203125,0.04845994710922241,9
displeased,mortified,2.359619140625,0.02288946509361267,9
donkey,shrek,-5.857421875,-0.014714129269123077,9
door,wall,-0.61431884765625,0.33508142828941345,9
due,proper,-0.14410400390625,0.054328158497810364,9
dumpy,listless,10.091796875,0.16221553087234497,9
dumpy,short,0.97705078125,-0.02697044610977173,9
dwarves,elves,2.086181640625,-0.26558342576026917,9
dwarves,midgets,4.28515625,-0.04466637223958969,9
dying,wounded,-2.306640625,0.19750314950942993,9
easily,naturally,4.068359375,0.04448840022087097,9
eels,soles,3.0390625,0.08152212202548981,9
elastic,sticky,1.6181640625,-0.3708550035953522,9
elated,happy,-1.4599609375,0.1148371696472168,9
elves,gnomes,1.3179931640625,-0.1537020355463028,9
embalming,mummification,-0.058349609375,0.19180551171302795,9
engaging,speaking,-0.0361328125,0.022480487823486328,9
enterprising,hard,-4.568359375,0.23078501224517822,9
erases,sponge,-1.316650390625,0.16346409916877747,9
escape,flight,0.7900390625,0.2997123599052429,9
escape,return,-1.1229248046875,0.14599671959877014,9
escape,safety,1.52899169921875,0.2362503707408905,9
evidence,procedure,2.7890625,-0.012091554701328278,9
exchanged,recycled,-0.6026611328125,-0.06379709392786026,9
exciting,hard,-4.05450439453125,0.414214164018631,9
exciting,severe,-0.7327041625976562,0.24838986992835999,9
exile,poverty,2.138671875,0.045239537954330444,9
existing,projected,0.9501953125,-0.07364605367183685,9
explore,go,-0.103515625,0.16583380103111267,9
explorers,sailors,-2.529754638671875,-0.004344195127487183,9
faint,indistinct,2.873321533203125,-0.0057904720306396484,9
faint,lovely,-0.20703125,-0.09958957880735397,9
faithless,perverse,0.701171875,-0.10144761949777603,9
falls,trips,0.625,-0.6506940126419067,9
favour,kindness,-1.5985107421875,-0.08901068568229675,9
feasts,sake,3.9951171875,-0.037572309374809265,9
fences,sheds,-0.60546875,-0.3069775700569153,9
fertilizer,seeds,6.97833251953125,0.08387903869152069,9
few,scattering,2.097900390625,0.014744207262992859,9
few,short,-1.013671875,0.25655195116996765,9
fia,mot,-0.94921875,-0.05906493216753006,9
fidelity,luck,4.0615234375,0.12015514075756073,9
field,flood,-2.083984375,0.1216852068901062,9
field,forest,-3.39404296875,-0.11447888612747192,9
figures,lights,-1.10675048828125,-0.18587204813957214,9
filthy,yonkers,0.34228515625,-0.09663510322570801,9
finally,then,-6.294921875,0.09483286738395691,9
fine,flyaway,0.50390625,-0.04681173712015152,9
fine,lovely,-3.0205078125,0.13291682302951813,9
fine,loyal,0.41796875,-0.0081644207239151,9
fine,pretty,1.951171875,0.03083556890487671,9
fine,warm,0.353515625,0.003813795745372772,9
finest,hardest,1.041015625,-0.008506201207637787,9
firm,hard,3.6156158447265625,0.1926616132259369,9
firm,unyielding,-1.478515625,-0.1113293245434761,9
fled,gone,2.828125,0.11554820835590363,9
flint,rubble,-1.606149673461914,0.18109548091888428,9
flint,stone,-0.044921875,-0.18744587898254395,9
flow,flow,1.05078125,-0.11122477799654007,9
following,safety,-1.064697265625,0.1027669608592987,9
fondness,respect,-0.8652725219726562,-0.09024663269519806,9
forbearance,patience,-0.3734893798828125,0.15700948238372803,9
forest,plain,0.255859375,-0.19918997585773468,9
forest,stream,-1.724609375,0.012531071901321411,9
fornication,matchmaking,0.7099609375,-0.24263200163841248,9
forward,return,-0.941650390625,0.18789264559745789,9
frail,pretty,1.7213668823242188,0.07002265751361847,9
freckles,shit,-6.5166015625,0.11413757503032684,9
fruits,leaves,3.03564453125,0.007674157619476318,9
fruits,seeds,2.2294921875,-0.10300469398498535,9
frustration,research,-4.7713623046875,0.25453218817710876,9
funnier,funnier,-1.093353271484375,0.04725508391857147,9
fussily,noisily,-4.72247314453125,0.10007724165916443,9
gasping,singed,-0.633453369140625,-0.10138693451881409,9
gasping,trembling,-0.29296875,-0.0741514042019844,9
gazed,gazed,1.6025390625,0.1302695870399475,9
gazed,sympathized,-4.400390625,0.08156649768352509,9
gentle,loyal,-1.0970458984375,-0.03817792981863022,9
gentle,pretty,-0.7855854034423828,-0.07371804118156433,9
gentle,refined,1.69970703125,-0.12657380104064941,9
gentle,safe,0.6700439453125,0.22298020124435425,9
gentle,tender,1.53271484375,0.1518143117427826,9
gentle,valiant,-0.35302734375,0.010358229279518127,9
gentle,warm,0.0,0.4367081820964813,9
gerken,leigh,-1.3837890625,-0.10281544923782349,9
gloom,unhappiness,3.4140625,0.11066682636737823,9
gnomes,pixies,-2.11822509765625,-0.06151998043060303,9
go,go,-0.298828125,0.04619498550891876,9
go,grumble,-1.29541015625,0.12967942655086517,9
go,inquire,-3.8953704833984375,0.03314238786697388,9
go,live,-1.05078125,0.09129193425178528,9
go,push,-2.166015625,0.09201434254646301,9
go,return,0.62060546875,-0.25405627489089966,9
go,sleep,-0.1611328125,0.16624152660369873,9
go,switch,0.126953125,0.14499029517173767,9
goatees,tattoos,6.736328125,0.20408964157104492,9
golden,pink,-1.5364990234375,-0.40554702281951904,9
golden,rosy,1.4512939453125,-0.15719646215438843,9
golden,warm,2.629150390625,-0.17097023129463196,9
gone,vanished,-0.0390625,-0.2113816738128662,9
grasslands,woodlands,0.8061065673828125,-0.12795740365982056,9
gravy,starch,-0.212890625,-0.25050023198127747,9
guitarist,keyboardist,0.51171875,-0.2449789047241211,9
half,half,1.93524169921875,-0.133921280503273,9
half,inch,-4.1221160888671875,-0.2954791188240051,9
hall,saw,1.2275390625,0.08626888692378998,9
hammer,saw,-0.57373046875,-0.015040181577205658,9
hammer,screwdriver,2.1309814453125,-0.09774313122034073,9
happy,harmonious,2.281494140625,-0.07839448004961014,9
happy,hurt,-0.061279296875,0.3531239330768585,9
happy,natural,2.017578125,0.2303241491317749,9
happy,pretty,2.953125,0.049679070711135864,9
happy,proper,-2.4697265625,0.4167919456958771,9
happy,rich,-0.83935546875,0.15858343243598938,9
happy,rosy,-6.15753173828125,0.018766462802886963,9
happy,safe,1.8892822265625,0.10480277240276337,9
happy,thankful,-0.24609375,0.19729828834533691,9
happy,there,-6.49798583984375,0.25429800152778625,9
happy,warm,-2.8359375,0.0931738018989563,9
hard,harsh,2.541015625,-0.02538154274225235,9
hard,heartless,3.009765625,0.03363791108131409,9
hard,painful,-0.5438232421875,0.025368422269821167,9
hard,severe,3.2689208984375,0.10087868571281433,9
hard,square,-0.2314453125,-0.3271355628967285,9
hard,tiresome,1.55810546875,0.026642069220542908,9
hard,trying,1.375640869140625,0.45783767104148865,9
hard,unyielding,0.8216552734375,0.010463625192642212,9
harsh,unfair,0.896484375,0.04673805832862854,9
harsh,unpleasing,1.8510894775390625,-0.05369593948125839,9
hawks,kites,-0.6767578125,-0.2712283134460449,9
hawks,owls,-2.099609375,-0.04477516561746597,9
haze,mist,1.96875,-0.31398510932922363,9
hearing,speech,2.7646484375,0.4375986158847809,9
heartless,unsentimental,0.2777099609375,-0.40299805998802185,9
hills,lakes,-1.26806640625,-0.137135311961174,9
hills,streams,0.3046875,-0.05263861268758774,9
home,live,3.48828125,0.33533552289009094,9
home,safety,1.01953125,0.11103013157844543,9
home,ship,-2.6533203125,-0.12411773204803467,9
home,there,-1.51171875,0.15072885155677795,9
homeless,wandering,0.0,0.07858878374099731,9
hoots,jeers,-3.72998046875,-0.03890717029571533,9
hoping,trying,0.0,0.3274723291397095,9
hoping,waiting,-0.75390625,0.252071350812912,9
hunted,hunted,0.22580909729003906,0.008592769503593445,9
hunted,rose,-1.3384170532226562,-0.0940614864230156,9
hurt,killed,-4.61328125,0.24884289503097534,9
hurt,unhappiness,3.511962890625,0.008797407150268555,9
hurt,wounded,-2.11181640625,0.34460246562957764,9
hydrogen,rubidium,1.398193359375,-0.01674880087375641,9
ignorance,poverty,3.583984375,0.12943804264068604,9
ignorance,sloth,1.6756591796875,-0.032788053154945374,9
inconsiderate,irresponsible,2.4306640625,0.295511931180954,9
innocently,naturally,-0.169921875,0.08646923303604126,9
institutional,structural,-2.0390625,-0.022859126329421997,9
insubordination,treason,0.0810546875,-0.15212124586105347,9
insurrection,treason,-2.75390625,-0.08948138356208801,9
intrapreneurial,startup,0.90887451171875,0.1869344413280487,9
irresponsible,sadic,-4.208984375,-0.11962958425283432,9
jewish,muslim,0.12109375,0.05680057406425476,9
jewish,polish,1.9044647216796875,0.015524953603744507,9
judy,punch,-0.251953125,0.22905045747756958,9
jumping,tossing,0.956207275390625,0.015067622065544128,9
killed,mutilated,2.08154296875,0.28839361667633057,9
killed,trapped,2.55859375,0.0905081033706665,9
killed,vanished,-0.6171875,0.1803905963897705,9
killed,wounded,2.154296875,0.3118372857570648,9
kilograms,pounds,5.3837890625,-0.05235292762517929,9
kindness,respect,4.22454833984375,-0.020323723554611206,9
kindness,teaching,-0.2353515625,0.006305724382400513,9
kindness,understanding,0.6103515625,0.09482362866401672,9
kisses,smiles,4.078125,-0.2560420036315918,9
knights,soldiers,-2.175048828125,0.09048256278038025,9
lakes,streams,-8.068359375,-0.23501098155975342,9
layers,layers,3.291015625,0.06226113438606262,9
leagues,leagues,-2.4013671875,0.04889918863773346,9
leaping,taunting,1.580078125,-0.024848878383636475,9
leaping,vaulting,-1.4462890625,0.05851709842681885,9
leaves,primroses,-0.861328125,-0.38087573647499084,9
lecturing,teaching,2.357421875,-0.03939702361822128,9
lifting,shaking,-0.0546875,0.0015117302536964417,9
lights,noises,-4.5029296875,-0.23242442309856415,9
lights,ornaments,4.1263427734375,-0.07983652502298355,9
listless,uninterested,0.0203857421875,0.10145579278469086,9
literal,plain,0.04412841796875,-0.39700204133987427,9
live,sleep,0.2777137756347656,0.035324424505233765,9
lotions,splints,4.54541015625,-0.10144443809986115,9
lovable,lovely,-1.03125,-0.2666338384151459,9
lovable,warm,0.837890625,-0.07355181872844696,9
lovely,real,0.50360107421875,-0.14687731862068176,9
lovely,talented,-0.09765625,0.0028708577156066895,9
lovely,tender,0.9521484375,-0.14712777733802795,9
lovely,warm,1.298828125,-0.015897393226623535,9
lovingly,submissively,1.931640625,0.25310200452804565,9
lovingly,warmly,-2.6123046875,0.08204855024814606,9
luck,skill,-5.0146484375,0.32982999086380005,9
magic,wonder,2.619140625,-0.04434037208557129,9
main,orignal,-0.830078125,-0.10937359929084778,9
major,minor,-1.05157470703125,0.06768792867660522,9
marches,protests,-1.26611328125,-0.0046204328536987305,9
medication,therapy,-3.5849609375,-0.13991211354732513,9
microscopes,telescopes,-3.869140625,0.2387758195400238,9
miles,miles,13.05419921875,-0.15036410093307495,9
misfortune,poverty,1.505859375,0.12979191541671753,9
modifying,updating,9.6474609375,0.005291014909744263,9
mold,pat,-1.21240234375,0.02465727925300598,9
monkeys,shit,-0.0869140625,0.3332200348377228,9
more,more,2.2939453125,-0.289768785238266,9
mortar,stone,-0.8291015625,0.21261954307556152,9
mot,smiles,-1.3099365234375,-0.0835825502872467,9
motionless,prone,-3.89404296875,-0.13589848577976227,9
murder,treason,-4.8515625,0.2663070857524872,9
name,shape,2.56982421875,0.10621137917041779,9
narrower,shorter,2.202392578125,-0.25277283787727356,9
natural,proper,2.1429061889648438,0.02322790026664734,9
natural,safe,1.6146240234375,0.089151531457901,9
natural,synthetic,2.447265625,0.13078904151916504,9
natural,unconcerned,0.08203125,0.008438169956207275,9
neater,neater,-2.660675048828125,0.2079888880252838,9
needles,silks,3.216796875,-0.08398447930812836,9
needles,thimbles,-0.619140625,0.04420344531536102,9
negative,positive,0.04052734375,0.014130622148513794,9
negative,substandard,3.568359375,0.1328447312116623,9
night,sunlight,1.166015625,-0.08419691026210785,9
nouns,pronouns,-1.205078125,-0.3103523552417755,9
oblong,square,1.20263671875,-0.2395598441362381,9
olios,tarts,2.9921875,-0.3845599591732025,9
orange,pineapple,-2.583984375,-0.07507044076919556,9
orange,pink,0.384765625,-0.340434193611145,9
oranges,wine,-2.469970703125,-0.15158188343048096,9
ornaments,slides,-0.1171875,0.06865976750850677,9
override,unlock,2.4091796875,0.2832414507865906,9
painful,pitiful,-0.302734375,-0.2226160764694214,9
painful,severe,2.85699462890625,0.23708096146583557,9
participation,victories,-2.5888671875,-0.10259942710399628,9
pine,spruce,-2.203125,-0.03526055067777634,9
plain,pretty,1.2291259765625,-0.01755620539188385,9
plain,square,3.16107177734375,-0.22832173109054565,9
plain,unattractive,3.569580078125,-0.016411080956459045,9
plenty,plenty,0.0078125,-0.35315966606140137,9
plenty,warmth,0.12646484375,0.015262305736541748,9
plotting,scheming,0.2481689453125,0.16393300890922546,9
policemen,reporters,-2.431640625,0.026436328887939453,9
policemen,soldiers,2.24273681640625,0.6032294034957886,9
policies,procedures,-1.71875,0.06322753429412842,9
policies,programmes,-1.8388671875,-0.05620905011892319,9
pondered,pondered,5.2381134033203125,0.03941982984542847,9
pounds,pounds,3.156473159790039,-0.26417744159698486,9
pounds,throbs,0.326171875,0.01071089506149292,9
pretty,refined,2.3310546875,-0.10520964860916138,9
pretty,safe,1.4879150390625,0.15818044543266296,9
prim,proper,1.6175003051757812,0.08297395706176758,9
primed,waiting,-1.6201171875,0.15622341632843018,9
procedure,structures,-6.509765625,0.16780081391334534,9
projects,texts,-0.78515625,-0.002287916839122772,9
proper,safe,1.025390625,0.1641959846019745,9
proposals,recommendations,1.9873046875,-0.10835087299346924,9
protests,texts,-0.44189453125,-0.19038915634155273,9
prowess,skill,0.873046875,0.07348509132862091,9
pry,push,1.2086181640625,0.05661514401435852,9
pushback,taxi,0.611328125,0.5968407392501831,9
question,wonder,2.135986328125,-0.12193630635738373,9
ragtags,scum,9.415374755859375,0.03658995032310486,9
railroads,utilities,1.3671875,0.06763423979282379,9
real,symbolic,0.51171875,-0.15347182750701904,9
real,valid,-3.1802215576171875,-0.03599446266889572,9
rent,taxes,-1.962890625,-0.0024228692054748535,9
reproach,strife,1.359283447265625,0.0762033760547638,9
research,teaching,0.149749755859375,-0.10122755169868469,9
resinous,vitreous,0.0379638671875,0.024868622422218323,9
respect,understanding,0.61224365234375,-0.09610430896282196,9
results,scores,-2.171572685241699,-0.06131930649280548,9
return,sleep,1.05535888671875,0.3816804587841034,9
rich,rich,-2.8828125,0.08267401158809662,9
rich,warm,-0.8318862915039062,0.030389055609703064,9
richer,richer,1.6015625,0.04927894473075867,9
riflemen,soldiers,2.52734375,-0.01643531024456024,9
rockholes,streams,-0.3563232421875,-0.09080339968204498,9
roped,tied,0.45458984375,0.10023114085197449,9
rose,rose,0.2471923828125,-0.02902091294527054,9
rose,waxed,-0.79296875,-0.10089967399835587,9
rosy,warm,-3.4193115234375,0.1416764259338379,9
rubble,spoil,-8.222412109375,-0.30625614523887634,9
sadder,sadder,-4.115234375,-0.09538343548774719,9
safe,sheltered,12.12109375,-0.11927314102649689,9
safe,warm,-0.5061702728271484,-0.1425493359565735,9
safety,security,-2.0400390625,-0.024060621857643127,9
sailors,soldiers,-0.0831298828125,0.05423927307128906,9
savory,tender,-4.66015625,-0.12236776947975159,9
saw,shrieked,-3.392974853515625,0.1585260033607483,9
scalded,smashed,0.93359375,0.17401060461997986,9
scholars,soldiers,-4.3544921875,0.2654670774936676,9
scholars,sultans,-1.93359375,-0.11863594502210617,9
seamen,soldiers,-1.6875,-0.12644952535629272,9
seclusion,shyness,0.5777416229248047,0.10329858958721161,9
security,warmth,0.33203125,-0.38601040840148926,9
seeds,shit,3.646484375,0.10924184322357178,9
severe,unaccustomed,-2.02734375,-0.006467506289482117,9
shanties,sheds,1.15966796875,-0.09103459119796753,9
short,snappish,-0.6015625,0.016600772738456726,9
short,square,-0.63427734375,-0.15016749501228333,9
short,stubby,1.50048828125,0.08731301128864288,9
short,thickly,-3.4541015625,0.08250965178012848,9
shorter,shorter,-0.2265625,0.043300092220306396,9
silences,speech,3.68023681640625,0.1297261118888855,9
singly,then,-2.720703125,0.036260396242141724,9
sinning,sinning,-2.18701171875,0.04437461495399475,9
sister,twin,-4.517578125,0.19407576322555542,9
sleep,sleep,3.4398193359375,-0.014211483299732208,9
sleepier,sleepier,-2.3134307861328125,-0.10473200678825378,9
smiles,sobs,-4.9541015625,-0.08930547535419464,9
smiles,waves,-0.474609375,-0.0006376951932907104,9
sniffed,sniffed,0.943359375,-0.19141486287117004,9
soap,water,-0.171875,-0.1615227460861206,9
sole,undivided,1.2470703125,-0.2874050736427307,9
sorry,thankful,0.029541015625,0.18814337253570557,9
speech,swallowing,0.15625,0.06746485829353333,9
squeeze,squeeze,2.171875,-0.020998410880565643,9
squirming,struggling,2.812530517578125,0.17977678775787354,9
sticky,warm,-0.412109375,-0.04222104698419571,9
subjective,symbolic,1.15625,-0.4018270671367645,9
sunlight,water,-2.0,-0.021961674094200134,9
swifter,swifter,-0.6995849609375,-0.07872314751148224,9
then,then,-2.3009719848632812,0.13861370086669922,9
then,there,0.5224609375,0.13477522134780884,9
there,there,-2.7666015625,-0.33426809310913086,9
tied,wrapped,3.17669677734375,-0.13289932906627655,9
tiresome,trite,1.006500244140625,-0.09543456882238388,9
tons,tons,5.7037353515625,-0.2082330286502838,9
trembling,twitching,5.5849609375,-0.16843874752521515,9
trembling,waiting,-1.82421875,-0.088259257376194,9
trying,trying,-5.759765625,0.30463454127311707,9
twirled,twirled,3.2550048828125,-0.051092833280563354,9
vanished,vanishing,3.005859375,-0.1271604597568512,9
victual,water,-2.9736328125,-0.07034003734588623,9
waiting,waiting,-7.10308837890625,0.0017343983054161072,9
wall,water,0.685546875,-0.31106436252593994,9
warm,welcoming,1.264404296875,-0.2490813136100769,9
water,water,9.1796875,-0.20176756381988525,9
water,wine,-1.8203125,-0.2949739098548889,9
whiter,whiter,-1.1196746826171875,0.028259843587875366,9
