holdout,n_train,n_test,r,r2
freq>20,48552,398,0.54302,0.294871
freq>5,46985,1965,0.523972,0.274547
freq>1,34867,14083,0.4693,0.220242
