fold,n_train,n_test,train_r,train_r2,test_r,test_r2,test_rho
0,48950,340042,0.805533,0.648883,0.174713,0.030525,0.165791
