fold,n_train,n_test,train_r,train_r2,test_r,test_r2,test_rho
0,48950,24461,0.805533,0.648883,0.10357,0.010727,0.092003
