fold,n_train,n_test,train_r,train_r2,test_r,test_r2,test_rho
0,48950,24461,0.756861,0.572839,0.148571,0.022073,0.134844
