word1,word2,preference,mlp_pred,fold
abetting,aiding,-3.52734375,1.9809496402740479,0
academic,parental,-1.6673583984375,0.6512494087219238,0
acceptance,recognition,-0.7430419921875,0.024258218705654144,0
acoustic,electric,4.15374755859375,0.56382155418396,0
adenine,guanine,0.642578125,0.5207850933074951,0
adjustment,haggling,-0.3447265625,-0.8846852779388428,0
adventures,pictures,-1.611328125,-0.4313841462135315,0
affirmation,liberation,-0.2138671875,-1.2207839488983154,0
afloat,popular,2.37481689453125,-0.5094030499458313,0
agents,supplies,0.04180908203125,-1.2321603298187256,0
agreed,approved,-0.612762451171875,-0.09281556308269501,0
ahead,shiver,11.541015625,0.11734585464000702,0
airfields,factories,2.25836181640625,-0.019169017672538757,0
airfields,ports,1.0662841796875,1.1662464141845703,0
ands,ifs,3.4365234375,-1.1513773202896118,0
angrier,angrier,0.0,0.08878205716609955,0
annoyance,disappointment,0.78125,-0.3262229561805725,0
annoyed,restless,0.072265625,-0.18274514377117157,0
anthropology,voice,5.78515625,0.5104160904884338,0
apart,floor,-0.9921875,-2.140768051147461,0
apologize,stuff,2.92462158203125,-0.5604490041732788,0
appalling,terrible,2.6969680786132812,-1.8678114414215088,0
applauding,cheering,-1.5906982421875,-0.2732180953025818,0
aqueducts,sewers,1.6865234375,0.24602603912353516,0
arm,arm,0.0,0.08878205716609955,0
aroused,irritated,3.406646728515625,1.250199794769287,0
arrogance,riches,1.2431640625,-0.6300548315048218,0
arteries,veins,-1.3564453125,0.20544420182704926,0
arums,mangroves,1.25048828125,-1.1887563467025757,0
associate,supporting,-0.013671875,0.6260070204734802,0
attack,attack,0.0,0.08878205716609955,0
attack,defense,-0.10546875,-2.2524731159210205,0
attractions,television,-2.91796875,-1.7921545505523682,0
away,away,0.0,0.08878205716609955,0
away,down,0.365234375,0.8223429918289185,0
away,good,1.6484375,-0.12210704386234283,0
axes,scythes,-1.31591796875,0.4592953324317932,0
axes,shovels,-0.347412109375,0.07274319231510162,0
axes,spades,1.685791015625,0.6921222805976868,0
bacon,bread,-4.0226287841796875,-2.0796329975128174,0
bacon,cornbread,0.2553253173828125,-0.946037769317627,0
bald,stony,0.30859375,-0.19078974425792694,0
bald,toothless,-0.85546875,0.07508496940135956,0
bales,boxes,0.451171875,-0.12111477553844452,0
banged,clattered,-2.1523361206054688,0.8687498569488525,0
barrows,shovels,6.462493896484375,1.0814602375030518,0
bat,scull,-2.25,-0.011057987809181213,0
beast,men,-5.5390625,-0.561458945274353,0
beige,green,-1.94140625,-2.22530460357666,0
beneficent,patriarchal,2.47052001953125,-0.2945806384086609,0
better,better,0.0,0.08878205716609955,0
better,good,0.732421875,0.050176844000816345,0
better,popular,4.5,-1.5859466791152954,0
better,worse,-0.25,-1.2165207862854004,0
biblical,julian,3.4472503662109375,0.8076922297477722,0
billboards,magazines,3.5657730102539062,0.6082783341407776,0
billions,billions,0.0,0.08878205716609955,0
blanket,coat,2.794921875,0.5882375240325928,0
blanket,doll,-0.048828125,0.16285845637321472,0
blanket,popbeads,-3.24609375,3.944821357727051,0
blindfold,plaintively,-6.85107421875,0.05938193202018738,0
blink,sit,-1.6943359375,-2.376121997833252,0
blistered,bloody,1.18359375,0.4465373158454895,0
blistered,burned,2.603668212890625,-0.16452862322330475,0
bloody,guts,-4.896484375,-2.1834166049957275,0
bloody,terrible,1.55078125,-1.1245744228363037,0
bloody,well,-3.671875,-2.0759410858154297,0
bloomers,sneakers,2.6036376953125,-0.026705637574195862,0
blue,glowing,0.052734375,2.131800889968872,0
blue,gold,0.515625,-0.8906219005584717,0
blue,green,0.3984375,-0.16848088800907135,0
blue,restless,-2.63037109375,0.13780523836612701,0
bonnet,veil,-3.173828125,0.20906053483486176,0
bony,discoloured,5.6884765625,1.0662178993225098,0
boobs,pubes,-0.00732421875,0.44953423738479614,0
brains,pluck,0.890625,0.7403340935707092,0
bravely,unfalteringly,3.5057373046875,2.286888837814331,0
bravely,well,-2.4365234375,1.1038557291030884,0
bread,fishes,2.3046875,1.5786882638931274,0
bread,salami,6.6142578125,3.2920665740966797,0
bread,stuff,3.20849609375,4.333286762237549,0
brickdust,paraffin,1.6842041015625,0.4736633896827698,0
brokenly,incoherently,1.9257965087890625,0.9224599003791809,0
built,made,-1.166015625,0.6023865342140198,0
burial,cremation,-1.00555419921875,-0.9363739490509033,0
burned,burned,0.0,0.08878205716609955,0
burned,spluttered,-3.93170166015625,-1.0422840118408203,0
bustling,dynamic,-2.3351211547851562,1.3566293716430664,0
calcified,hardened,2.109375,-2.271071195602417,0
calcium,oxygen,-1.3157157897949219,0.5496072173118591,0
calcium,phosphate,0.735076904296875,0.6749129295349121,0
calcium,plutonium,-1.502227783203125,-1.2282309532165527,0
caps,goals,4.853515625,-3.412393808364868,0
caps,nightgowns,1.6087646484375,-3.839735984802246,0
carriage,servants,-2.3828125,-0.9707707166671753,0
ceiling,floor,0.59405517578125,-1.2553894519805908,0
cement,sand,-2.19140625,-0.28794777393341064,0
cement,steel,-0.58203125,-0.7588740587234497,0
charts,pictures,2.9423828125,-0.7314111590385437,0
cheering,hooting,-2.2359771728515625,0.11294297873973846,0
cigars,lemonade,0.703125,0.43193644285202026,0
cinematography,photography,0.21300506591796875,-0.2389688640832901,0
citizenship,history,1.119140625,-0.6341722011566162,0
civil,commercial,0.1484375,1.9798504114151,0
cleaning,repairing,3.2750244140625,0.7154884338378906,0
cleaning,stuff,7.59375,1.5082756280899048,0
clever,good,1.34375,-0.5449703335762024,0
clever,honest,1.685546875,1.409362554550171,0
clever,industrious,6.8154296875,0.8867083191871643,0
coat,hat,-1.09375,1.384652018547058,0
comedy,dancing,-1.12109375,0.7400476932525635,0
comedy,songs,-1.4765625,-0.7884759306907654,0
comfort,counsel,1.39453125,0.8300479054450989,0
comfort,delight,0.447265625,0.22713841497898102,0
comfort,edification,-1.330078125,0.10969811677932739,0
comfort,inspiration,-1.593475341796875,0.4985882639884949,0
comfort,prosperity,-0.09796142578125,0.607694685459137,0
comfort,riches,1.646484375,2.165616989135742,0
comfort,support,0.880859375,1.1504943370819092,0
commanding,distinct,-2.5771484375,-2.1712028980255127,0
commercial,corporate,0.5791015625,-0.2997896671295166,0
commercial,ferry,-0.9921875,-0.5768724083900452,0
compliments,court,1.72271728515625,-1.0891969203948975,0
comprehensiveness,depth,3.368621826171875,0.06238566339015961,0
constitutionalism,economics,-0.1228485107421875,0.115872323513031,0
contemptuous,curt,1.25732421875,-0.34340155124664307,0
contents,hat,-3.7747802734375,-3.5463240146636963,0
contracts,licenses,2.8592529296875,0.8959859013557434,0
copper,gold,0.66796875,-0.986377477645874,0
copper,steel,2.07421875,-1.2535827159881592,0
corn,oysters,0.595458984375,1.7963486909866333,0
correct,correct,0.0,0.08878205716609955,0
correct,erase,-0.6796875,0.7149206399917603,0
correct,present,0.83984375,1.0812417268753052,0
corrected,typed,-0.5559749603271484,0.04497291147708893,0
coughs,groans,1.4080810546875,0.6958406567573547,0
coughs,sings,-0.40966796875,1.9102118015289307,0
court,perjury,0.796875,0.14572212100028992,0
covert,ingenious,-2.58154296875,0.017287328839302063,0
cowered,such,3.2109375,2.3439652919769287,0
creaked,swerved,1.548828125,0.2503783106803894,0
crepuscular,diurnal,0.767333984375,1.7773913145065308,0
cricket,football,1.6953125,-0.7627369165420532,0
crosser,crosser,0.0,0.08878205716609955,0
crows,poultry,-3.55841064453125,1.4742558002471924,0
cubes,triangles,2.60015869140625,0.9114266633987427,0
danby,winter,-3.19140625,-0.4630930423736572,0
dancers,wood,3.4591064453125,-0.9358028173446655,0
dancing,dinner,-4.59375,-0.7402480840682983,0
dancing,drinking,0.63671875,-0.9188261032104492,0
deaf,stupid,3.01116943359375,-0.254006564617157,0
debauch,riot,-0.375,-0.08796988427639008,0
defector,stateless,-1.72265625,-1.4670319557189941,0
defense,offense,4.1669921875,0.9556609392166138,0
dehydration,deprotonation,3.604736328125,-0.5176703929901123,0
delight,tenderness,-0.6015625,0.355146586894989,0
demonstrations,petitions,-1.380859375,-0.04055841267108917,0
depth,diameter,-6.086662292480469,0.435954213142395,0
depth,information,4.1533203125,1.4832230806350708,0
depth,soundness,0.77490234375,-0.9104654788970947,0
despised,poor,-2.2159423828125,-1.2642929553985596,0
devils,witches,-0.1318359375,0.5204482674598694,0
devious,ruthless,-2.67626953125,-0.9334061145782471,0
dim,misty,3.251953125,1.092663049697876,0
dim,threatening,0.981201171875,0.9686301350593567,0
dinner,stuff,5.966796875,1.3308913707733154,0
disappointment,doubt,-3.6513671875,0.5114949941635132,0
disappointment,neglect,2.233642578125,-0.19866986572742462,0
disappointment,sorrow,-0.47509765625,-2.37437105178833,0
disgraced,humiliated,2.6221923828125,-1.2970123291015625,0
dishonor,honor,-2.31243896484375,-1.7031059265136719,0
disinherited,dispossessed,-1.1614990234375,-0.8271034955978394,0
dispatches,dispatches,0.0,0.08878205716609955,0
do,good,5.080078125,-1.3579763174057007,0
do,stuff,10.46240234375,2.0144236087799072,0
do,undo,0.56201171875,0.7669187784194946,0
docile,industrious,-4.1527099609375,-2.046422243118286,0
doll,hat,-0.9921875,-0.7894209623336792,0
doll,popbeads,-4.94677734375,3.590517997741699,0
dollhouse,men,0.3388671875,0.3786054849624634,0
doubt,speculation,-0.925048828125,0.22019022703170776,0
down,down,0.0,0.08878205716609955,0
down,under,4.087890625,0.6671661138534546,0
down,upstairs,-3.26171875,-0.8492375016212463,0
down,wireless,3.776611328125,0.8384639620780945,0
dramatically,suddenly,-0.8720703125,-0.4395684599876404,0
dreadful,terrible,-0.0087890625,-0.6173802018165588,0
drinking,drinking,0.0,0.08878205716609955,0
drove,drove,0.0,0.08878205716609955,0
economics,history,-1.3556289672851562,-0.2472798079252243,0
edge,point,-3.119140625,-0.900505781173706,0
efficiently,smoothly,-4.7614593505859375,-0.9913982152938843,0
electric,gravitational,-2.5181884765625,0.6937665939331055,0
electric,hybrid,-0.0379791259765625,0.5877353549003601,0
electronics,vehicles,-0.8462162017822266,-0.13420917093753815,0
eleventh,last,5.2978515625,0.5558404922485352,0
embarrassed,humiliated,1.147216796875,-0.5244731307029724,0
embarrassed,mad,-1.9061279296875,-1.576483964920044,0
embarrassed,restless,0.086151123046875,0.07487501204013824,0
emeralds,gold,5.48828125,-0.7015219926834106,0
enlargement,thickening,-3.343505859375,-0.48824208974838257,0
enthusiastic,excellent,-3.3782958984375,0.5718988180160522,0
enthusiastic,utensiles,1.2872314453125,-0.27176761627197266,0
equal,honest,0.1953125,-0.7270188927650452,0
equal,opposite,2.41796875,-0.6411616206169128,0
evening,morning,-2.32421875,-0.7008184790611267,0
evil,good,0.916015625,-1.0669372081756592,0
evil,malicious,-0.6432342529296875,-0.34612905979156494,0
evil,unlucky,-2.3056640625,2.8170320987701416,0
exactly,well,1.228515625,-1.07295823097229,0
excellent,good,0.75048828125,0.21177923679351807,0
excesses,shortages,0.78802490234375,-1.3366374969482422,0
exchanging,redeeming,-1.6507568359375,0.5407002568244934,0
exclamation,interrogation,0.227294921875,-0.23788554966449738,0
exhausting,futile,-0.375732421875,-1.1942248344421387,0
expand,freeze,-0.6584930419921875,-0.2236296683549881,0
fabric,quilting,-2.61376953125,-1.412360429763794,0
faces,people,-0.400390625,2.1646502017974854,0
factoring,factorisation,0.459716796875,-0.7518612742424011,0
fascinating,noble,2.8558692932128906,-1.157281517982483,0
fathoms,fathoms,0.0,0.08878205716609955,0
fatter,fatter,0.0,0.08878205716609955,0
features,profiles,1.025390625,0.769706666469574,0
fed,housed,1.1693115234375,0.7322938442230225,0
feedstocks,ligands,-0.23681640625,0.6751635670661926,0
felids,nimravids,-0.060546875,0.43010103702545166,0
fielders,sluggers,-2.62353515625,-0.029700741171836853,0
figs,wasps,-2.6064453125,0.9071936011314392,0
files,information,-1.1923828125,0.4861032962799072,0
files,stuff,6.9140625,2.2435104846954346,0
fishes,people,0.16015625,0.34812110662460327,0
flatter,flatter,0.0,0.08878205716609955,0
flatulence,shots,-0.73828125,1.2693126201629639,0
flourishing,green,0.491424560546875,-1.6415810585021973,0
forests,schools,-0.1484375,-1.0213598012924194,0
former,present,0.30078125,-0.5176416635513306,0
former,quarter,1.52734375,-1.0199347734451294,0
forties,under,7.673828125,2.3888120651245117,0
frazil,pancake,-5.5224609375,-0.5044434070587158,0
freeze,shiver,-0.3173828125,-0.012594848871231079,0
frequently,recently,0.89208984375,-0.0023015886545181274,0
friendlessly,homelessly,-0.392578125,-0.287941038608551,0
frustrated,irritated,3.0029144287109375,1.1172667741775513,0
frustrated,whining,-0.0313720703125,-2.233252763748169,0
future,present,-0.556640625,-0.21153129637241364,0
gala,rare,1.228515625,0.690725564956665,0
gangsters,pimps,2.1337890625,0.5993652939796448,0
geological,zoological,-2.06414794921875,0.12443245947360992,0
ghostly,good,-1.3583984375,-0.35288625955581665,0
gifts,supplies,0.286468505859375,1.242498517036438,0
gleaming,greedy,5.1868896484375,-0.18495677411556244,0
gloves,hat,-0.375732421875,-1.1544525623321533,0
glowing,immaculate,-2.455322265625,1.0332176685333252,0
gold,green,-0.71484375,0.21014715731143951,0
gold,tangerine,-1.29638671875,2.6109933853149414,0
gold,treasure,-1.5361328125,0.7845182418823242,0
good,green,-2.056640625,-0.2014593631029129,0
good,honest,3.3203125,0.935528039932251,0
good,honourable,-0.18524169921875,1.6965160369873047,0
good,informative,3.142578125,1.2725145816802979,0
good,mad,-2.005859375,0.11306460201740265,0
good,merciful,-1.6468505859375,-0.34026312828063965,0
good,noble,-0.2568359375,-0.6563244462013245,0
good,poor,-3.69140625,-0.6262767314910889,0
good,straightforward,1.12677001953125,0.02920536696910858,0
good,unconstrained,0.475830078125,1.306044101715088,0
good,well,2.087890625,1.1498463153839111,0
gowns,slippers,-3.383087158203125,-0.5098845362663269,0
grains,liquids,-1.3486328125,-0.44816285371780396,0
graphics,photography,0.877105712890625,-0.6829633712768555,0
graphics,photos,-2.66015625,0.08775293827056885,0
grave,questioning,1.15673828125,1.2675492763519287,0
grave,terrible,4.109375,1.9430171251296997,0
grave,troubled,1.9852371215820312,1.7153483629226685,0
green,green,0.0,0.08878205716609955,0
green,misty,-0.539306640625,1.1578097343444824,0
green,rust,2.5546875,-0.21600784361362457,0
green,violet,0.15630531311035156,1.982271671295166,0
green,wooded,1.74810791015625,3.0130131244659424,0
grows,grows,0.0,0.08878205716609955,0
grumbling,whining,-1.54833984375,0.04765962064266205,0
guile,wile,-2.783203125,-0.6701303124427795,0
haggard,troubled,-2.655914306640625,0.6373659372329712,0
handwritten,typed,-0.1884765625,0.1264025866985321,0
hardened,stabilised,-4.36865234375,-0.37658464908599854,0
harps,songs,-0.63671875,-1.1491652727127075,0
heaviness,sorrow,1.3298187255859375,0.026554062962532043,0
history,mythology,-0.58447265625,-0.4335886240005493,0
honest,honourable,2.8377838134765625,1.6589032411575317,0
honest,industrious,2.111572265625,1.469325065612793,0
honest,poignant,-1.3876953125,-0.4300447106361389,0
honest,straight,4.1640625,-0.9604662656784058,0
honest,straightforward,1.0911331176757812,0.091954305768013,0
honor,manhood,-1.8046875,-1.922828197479248,0
honor,riches,0.39453125,0.11673702299594879,0
honor,serve,-0.369140625,-0.7616307735443115,0
honor,service,-0.55078125,-0.03977839648723602,0
honor,truthfulness,1.01171875,-1.0051636695861816,0
honor,wisdom,1.7628326416015625,-1.210161805152893,0
honourable,merciful,-3.872039794921875,-0.888445258140564,0
honourable,necessary,-1.930908203125,1.3791923522949219,0
honourable,poor,-5.432373046875,-0.84773188829422,0
hopes,thoughts,0.0146484375,0.19001710414886475,0
hormones,neurotransmitters,0.558349609375,1.1422154903411865,0
hugged,kissed,1.6637382507324219,-1.1906825304031372,0
humorously,jokingly,-6.2783203125,0.14937439560890198,0
hurting,terrifying,1.46746826171875,0.17483477294445038,0
hydrocarbons,oxygen,3.138763427734375,0.5186650156974792,0
hymns,songs,-0.682830810546875,-0.27637749910354614,0
inaccurate,lurid,-2.16552734375,0.2619251608848572,0
indefensible,unjustified,-0.51220703125,0.5028116106987,0
indonesian,malaysian,0.426025390625,-0.8972470760345459,0
information,knowledge,0.23046875,-1.2799062728881836,0
information,pictures,-1.158203125,-0.9435029029846191,0
information,services,-0.380859375,-0.2144383043050766,0
information,support,3.671875,2.3259494304656982,0
information,tips,2.203125,-0.6675935983657837,0
injury,predation,-3.599365234375,-0.2572537064552307,0
inputs,microphones,-1.872528076171875,-1.2543718814849854,0
ins,outs,-0.166015625,-1.0823664665222168,0
inside,under,4.828125,1.5126702785491943,0
insipid,poor,-3.38671875,-1.995969533920288,0
insipid,stupid,-2.65234375,0.27100706100463867,0
insisting,insisting,0.0,0.08878205716609955,0
inspections,inspections,0.0,0.08878205716609955,0
instructions,pictures,-1.187744140625,-1.127664566040039,0
inventors,scientists,-1.59375,-0.47286713123321533,0
irritated,nervous,-3.80615234375,-2.836942434310913,0
jagged,uneven,0.48248291015625,0.6788175702095032,0
jammed,overheated,2.50732421875,0.8159594535827637,0
journals,magazines,-1.7486495971679688,-1.90559983253479,0
joyfully,willingly,-4.990234375,0.1851976364850998,0
judgment,taste,1.3287353515625,-0.8725788593292236,0
juggled,stuff,5.77490234375,2.0700109004974365,0
kid,mutton,-1.994140625,0.5903151035308838,0
knowledge,liberation,0.21630859375,1.0116407871246338,0
knowledge,wisdom,-0.6563568115234375,0.5783604979515076,0
lace,leather,-2.8427734375,0.994528591632843,0
lace,needlework,0.6796875,1.239396095275879,0
last,oldest,-2.26953125,-2.0942208766937256,0
last,sixteenth,-0.6373672485351562,-0.7964869737625122,0
last,steepest,-3.15234375,0.3034331798553467,0
last,twentieth,0.7822647094726562,-0.4837527275085449,0
lefties,lefties,0.0,0.08878205716609955,0
legitimate,popular,0.043212890625,-0.4643286466598511,0
lemonade,sandwiches,-3.3258166313171387,-0.8159381151199341,0
libel,slander,8.4765625,-3.5208685398101807,0
liberation,practicality,1.80419921875,0.31375670433044434,0
lifelike,vivid,-1.56982421875,-0.6730557680130005,0
lipsticks,skirts,2.1041259765625,-0.5745173692703247,0
liquid,vapor,1.5078125,1.398661494255066,0
loads,loads,0.0,0.08878205716609955,0
longest,oldest,0.03215789794921875,-0.12476594746112823,0
longest,widest,2.0322265625,2.0436811447143555,0
look,manner,-0.3818359375,-1.118210792541504,0
look,voice,-2.900390625,-2.6081652641296387,0
loss,sorrow,-0.255859375,-0.15645946562290192,0
lurid,threatening,2.029632568359375,-0.45656371116638184,0
lysosomes,peroxisomes,-3.39892578125,-0.16088305413722992,0
made,sold,2.21875,0.21243028342723846,0
made,spent,0.9140625,0.6302216649055481,0
majestically,silently,-6.57244873046875,-0.27192866802215576,0
malicious,stupid,2.1885299682617188,0.004037991166114807,0
manner,voice,-1.5205078125,-0.36659061908721924,0
maths,stuff,4.7275390625,0.7555465698242188,0
meagre,unpalatable,-0.16162109375,-0.14270548522472382,0
melodic,progressive,3.3671875,0.6151608228683472,0
men,men,0.0,0.08878205716609955,0
men,munition,-0.11328125,1.1160799264907837,0
men,people,3.4345703125,0.697812557220459,0
men,planes,-3.3662109375,0.2972131669521332,0
men,secrets,-4.333648681640625,1.5763542652130127,0
men,supplies,0.5982666015625,0.5321720838546753,0
mexican,vietnamese,-0.02149200439453125,-0.10442768037319183,0
mezcal,pulque,-0.255859375,0.10306169092655182,0
millions,millions,0.0,0.08878205716609955,0
miraculously,suddenly,1.8990478515625,0.002947300672531128,0
motorcycles,quads,-6.042938232421875,-0.3004034161567688,0
mountainous,northern,-2.779296875,-0.03203423321247101,0
mourning,sorrow,-1.0074462890625,-1.5518057346343994,0
nervous,poor,-2.94921875,0.02472671866416931,0
nervous,restless,-0.786376953125,1.158402442932129,0
nervous,shaky,-2.08984375,-0.08037176728248596,0
nervous,weak,-2.298828125,-0.5008165836334229,0
nitric,sulphuric,-3.72833251953125,0.06013408303260803,0
normal,normal,0.0,0.08878205716609955,0
normal,well,2.7109375,0.3579677641391754,0
notorious,puzzling,-0.04705810546875,-0.7055380344390869,0
notorious,valuable,-4.1298828125,-0.33352577686309814,0
nut,washer,2.5849609375,3.1612918376922607,0
offside,support,3.0,-0.4277440905570984,0
oxygen,sulphur,6.631072998046875,0.4615660309791565,0
paints,pencils,-0.42254638671875,0.04568774998188019,0
patiently,watchfully,-3.8086280822753906,0.2700270712375641,0
patiently,well,-4.7114715576171875,-0.5229672789573669,0
peel,rot,0.66015625,0.5297202467918396,0
people,plywood,2.84765625,-0.4466326832771301,0
people,priest,-0.958984375,0.44438934326171875,0
people,producers,-1.8916015625,0.023111656308174133,0
people,rituals,-0.304931640625,0.3770260810852051,0
people,servants,0.2734375,0.1984214037656784,0
people,situations,-2.31103515625,1.6629788875579834,0
people,stuff,5.837890625,3.3268396854400635,0
people,supplies,0.34320068359375,0.8468152284622192,0
people,vehicles,-0.39611339569091797,-0.16122253239154816,0
petrochemical,pharmaceutical,0.591796875,-0.22194890677928925,0
photography,videography,4.7706298828125,1.433074951171875,0
picnics,such,6.15777587890625,0.8927407264709473,0
pictures,stuff,11.609375,3.40160870552063,0
pieces,tags,1.07958984375,-0.6705198287963867,0
plaster,wood,-1.6533203125,-1.530731201171875,0
play,want,-1.8984375,1.9184515476226807,0
pluck,straight,1.451171875,-1.616436243057251,0
polynesian,scandinavian,-8.82208251953125,0.38847535848617554,0
poor,unnoticed,3.26123046875,3.076974868774414,0
poor,weak,2.1533203125,-1.4222997426986694,0
popular,saleable,-4.05078125,1.492310643196106,0
postnatal,prenatal,-2.375,-0.42883551120758057,0
practising,practising,0.0,0.08878205716609955,0
prejudice,stereotypes,-0.7018280029296875,-0.2414361983537674,0
profane,threatening,5.560981750488281,-0.14359329640865326,0
professors,scientists,-0.5455322265625,-0.0019356757402420044,0
prosper,well,-3.06182861328125,1.0640348196029663,0
prosperity,welfare,-0.4986114501953125,0.8427324295043945,0
psychological,terrible,0.850830078125,-0.015306413173675537,0
publications,scientists,0.154296875,0.29883873462677,0
rabbit,sit,-4.421875,-1.0091536045074463,0
radium,sediments,3.009765625,-0.8988347053527832,0
rained,rained,0.0,0.08878205716609955,0
rakes,spades,1.0234375,0.20659810304641724,0
rare,shameful,1.772705078125,1.1889722347259521,0
rare,uncommon,0.636474609375,1.150081753730774,0
rare,valuable,0.390625,0.7621328830718994,0
rare,wicious,-0.20703125,0.14974857866764069,0
reformist,separatist,-4.650390625,-0.23088891804218292,0
restless,troubled,-0.239013671875,0.8484811186790466,0
reverently,silently,-4.97491455078125,-2.880152940750122,0
reverently,tenderly,-0.79815673828125,-2.49898099899292,0
rides,sings,-0.0716552734375,0.8450971841812134,0
roll,roll,0.0,0.08878205716609955,0
runs,shrieks,-3.75341796875,2.5333878993988037,0
sand,varnish,0.6474609375,0.5021814703941345,0
sandwiches,stuff,5.007559776306152,1.3861749172210693,0
satisfied,triumphant,11.86236572265625,0.7292551398277283,0
schools,schools,0.0,0.08878205716609955,0
schools,services,0.501953125,0.8610150218009949,0
schools,situations,-0.91436767578125,1.9812437295913696,0
schools,staff,4.2666015625,1.964770793914795,0
schools,stuff,4.171875,2.484740972518921,0
seasons,weather,2.8994140625,-0.0510839968919754,0
servants,servants,0.0,0.08878205716609955,0
service,such,4.890625,0.8087747097015381,0
services,support,3.6640625,1.2426353693008423,0
shakes,twitches,3.466796875,0.1432039588689804,0
shortsighted,weak,-2.896484375,-1.0073083639144897,0
shovels,spades,1.8855438232421875,-0.34155648946762085,0
shriller,shriller,0.0,0.08878205716609955,0
silently,smoothly,-1.09588623046875,-0.19768916070461273,0
silently,sorrowfully,1.218994140625,0.8521021008491516,0
silently,suddenly,-0.270263671875,-0.9690717458724976,0
sixteenth,twentieth,4.881599426269531,0.9580350518226624,0
slave,slave,0.0,0.08878205716609955,0
snot,stuff,0.896484375,0.2723119854927063,0
sobbed,sobbed,0.0,0.08878205716609955,0
sodomites,usurers,-6.759765625,0.4583982825279236,0
sonatas,sonatinas,-4.0177001953125,0.7924233078956604,0
songs,stuff,6.28515625,2.978797435760498,0
spent,weak,-3.5888671875,-4.904020309448242,0
stacks,stacks,0.0,0.08878205716609955,0
startling,terrible,-3.972412109375,-3.236231565475464,0
steel,wood,-1.9521484375,-1.5223443508148193,0
straight,sturdy,-2.34173583984375,0.9141814112663269,0
strenuously,well,-2.00323486328125,-0.41018569469451904,0
stuff,supplies,-5.70391845703125,-1.1184897422790527,0
stuff,wood,-5.62109375,-2.268247604370117,0
stupid,tedious,-2.80859375,-0.6833081841468811,0
stupid,weak,-1.84765625,-2.155639171600342,0
such,such,0.0,0.08878205716609955,0
such,support,-2.01171875,-1.1465727090835571,0
sunset,sunset,0.0,0.08878205716609955,0
supplies,vehicles,2.443897247314453,-0.5381397008895874,0
support,support,0.0,0.08878205716609955,0
taste,wisdom,1.356231689453125,-0.7887347936630249,0
tomorrow,tomorrow,0.0,0.08878205716609955,0
tomorrow,yesterday,-2.515625,0.8077204823493958,0
trolls,witches,-0.07322311401367188,-1.7785112857818604,0
twain,twain,0.0,0.08878205716609955,0
uninjured,well,0.98699951171875,-0.7235379219055176,0
varnish,wood,-4.774658203125,-1.5256609916687012,0
vulnerable,weak,-1.03759765625,-2.063239097595215,0
wave,wave,0.0,0.08878205716609955,0
worse,worse,0.0,0.08878205716609955,0
worser,worser,0.0,0.08878205716609955,0
accuracy,efficiency,2.0925216674804688,-0.34229937195777893,1
accuracy,range,-1.17498779296875,-0.2600838541984558,1
acetone,ethanol,4.9267578125,-0.010043308138847351,1
across,across,0.0,-0.0973980724811554,1
admiringly,kindly,0.283203125,-1.136849284172058,1
aeronauts,workers,-2.17919921875,-1.2668343782424927,1
affairs,infidelities,0.706298828125,0.4464094340801239,1
affection,approval,1.2388916015625,0.9059017896652222,1
affection,impatience,-2.606781005859375,1.0176568031311035,1
afraid,lonely,2.845703125,-2.521789789199829,1
again,again,0.0,-0.0973980724811554,1
again,now,-2.8671875,-2.1165199279785156,1
again,simply,-3.8515625,0.011396557092666626,1
again,so,0.94140625,3.3754587173461914,1
agile,quick,-5.0419921875,-1.762427806854248,1
airy,pleasant,-2.555908203125,-1.2253997325897217,1
airy,wholesome,1.5166015625,-0.17965304851531982,1
albanian,serbian,-1.792724609375,-0.4155632555484772,1
alcohol,cocaine,1.21533203125,0.8923748731613159,1
allowances,exemptions,-0.96923828125,0.3791182339191437,1
ample,comfortable,-3.3984375,-1.9009830951690674,1
amputation,castration,-2.6552734375,-0.24494293332099915,1
anglican,catholic,-3.2861328125,0.42600932717323303,1
animals,games,0.23046875,-0.5355840921401978,1
animals,giggles,6.451171875,2.6856727600097656,1
animals,pets,1.4482421875,0.3461536467075348,1
animals,trees,-0.9365234375,-0.037162840366363525,1
anxiety,impatience,-2.64306640625,-0.32570508122444153,1
anxiety,nervousness,-0.64453125,-0.028669297695159912,1
anxiety,paranoia,-1.150390625,-0.11149996519088745,1
anxiety,terror,0.482421875,1.2768865823745728,1
anxiety,worry,2.763671875,1.828647494316101,1
approval,discussion,0.303619384765625,0.4487960636615753,1
approval,satisfaction,-4.3824462890625,-3.730611801147461,1
approve,listen,-1.73583984375,-2.9040167331695557,1
apps,games,-3.07421875,-1.142326831817627,1
armed,resolute,3.00390625,0.3417113125324249,1
armed,unarmed,3.13726806640625,1.1374986171722412,1
armor,horse,-3.515625,-1.589318037033081,1
aspirin,sterno,2.083984375,-0.513511061668396,1
astonished,pained,0.443359375,-1.3789892196655273,1
astonishing,disheartening,7.743896484375,-0.3470703661441803,1
ate,ate,0.0,-0.0973980724811554,1
ate,talked,1.380859375,0.28251853585243225,1
athletics,games,0.6171875,-0.8669403791427612,1
athletics,wrestling,2.44677734375,0.3168669044971466,1
atrocities,death,-1.43408203125,0.34296882152557373,1
avoid,try,-5.8486328125,-0.25690585374832153,1
awed,mute,-0.046875,-0.23292212188243866,1
balks,leas,-0.919921875,1.588129997253418,1
bands,performers,3.24169921875,0.8061797618865967,1
bare,barren,3.00390625,1.7232693433761597,1
bare,colder,-0.685546875,0.6856462955474854,1
bare,dusty,2.03857421875,0.7551916837692261,1
bare,parched,2.3515625,1.037337064743042,1
bare,rugged,2.166015625,2.173578977584839,1
bare,stark,-0.4453125,1.5143659114837646,1
bare,wet,-2.001953125,-0.7803926467895508,1
barns,fields,-3.3466796875,-0.6137120723724365,1
barns,outbuildings,2.788330078125,-0.4179658591747284,1
barren,low,-2.083984375,-2.265779972076416,1
barren,parched,-0.59375,-0.361196905374527,1
barren,rugged,-2.3828125,1.0649096965789795,1
bars,bars,0.0,-0.0973980724811554,1
bars,bolts,1.505615234375,-1.0963144302368164,1
bars,pubs,7.69464111328125,-0.4626971185207367,1
bears,catamounts,1.111328125,0.7974632978439331,1
beds,paths,3.14794921875,0.997093915939331,1
before,now,-3.45989990234375,-1.2799465656280518,1
before,since,1.23828125,0.21478953957557678,1
before,so,7.37109375,1.5517842769622803,1
before,whispered,-2.19921875,0.41419079899787903,1
beheaded,condemned,-0.6605224609375,0.5388070344924927,1
beheaded,flayed,-4.898826599121094,0.6302143335342407,1
benevolently,kindly,-4.653472900390625,-0.5320843458175659,1
beverages,food,1.2197265625,-0.12645867466926575,1
billiards,pool,0.9755859375,1.9937047958374023,1
biographical,critical,-1.484466552734375,-0.6886594295501709,1
blogs,newspapers,-0.9453544616699219,-0.214493989944458,1
bloodshed,quarrels,-4.822418212890625,-0.8556272983551025,1
borrowing,borrowing,0.0,-0.0973980724811554,1
bottle,glasses,-2.791015625,-1.0393755435943604,1
brave,intelligent,-3.794361114501953,0.8890426158905029,1
brave,resolute,3.2734375,2.915187358856201,1
brave,warlike,1.783203125,0.27813735604286194,1
breadth,height,-3.3779296875,-0.13623785972595215,1
briefly,hurriedly,-3.771484375,-1.2875577211380005,1
briefly,simply,1.845703125,1.1811707019805908,1
brightest,hottest,-2.430023193359375,-0.3764071762561798,1
brightest,merriest,2.42822265625,0.9549431800842285,1
brightest,wisest,2.125,0.8360011577606201,1
brushed,brushed,0.0,-0.0973980724811554,1
brushed,pressed,-0.4151611328125,0.9017376899719238,1
brushed,wet,-0.4453125,-1.8024814128875732,1
buggies,horse,-1.5869140625,0.6215294599533081,1
buildings,furniture,0.1484375,1.075073480606079,1
buildings,land,1.00390625,1.8684029579162598,1
buildings,towns,-2.08984375,-0.8573309183120728,1
buildings,track,5.26953125,1.4757909774780273,1
buildings,trees,-2.109375,0.12297800183296204,1
bull,cow,-5.96875,-1.5557950735092163,1
bull,trident,-2.7939453125,0.6062508821487427,1
bunny,horse,4.07421875,-0.8148776292800903,1
buttercups,clover,-4.03759765625,2.237553358078003,1
byzantine,roman,-0.1448974609375,-0.08492287248373032,1
calmness,equanimity,0.651611328125,1.4390157461166382,1
calvarium,face,2.4375,-1.1465359926223755,1
canoes,skiffs,-1.0168914794921875,0.6747584342956543,1
capacity,scaleability,0.85650634765625,0.07365967333316803,1
cardiovascular,nerve,-1.4278564453125,0.540303111076355,1
careless,pleasant,2.30859375,-0.04972156882286072,1
careless,reckless,1.147735595703125,0.725937008857727,1
careless,shiftless,2.8010101318359375,0.5752272605895996,1
catholic,monarchical,2.339111328125,1.5150177478790283,1
cats,cows,-0.6298828125,-0.49173489212989807,1
cats,stoats,0.4189453125,0.968674898147583,1
centre,front,-2.3359375,0.12932336330413818,1
chafed,disappointed,-0.9462890625,-1.0624622106552124,1
chain,collar,0.7294921875,1.5018277168273926,1
charm,terror,0.97607421875,-0.13541920483112335,1
charming,dusty,1.76513671875,2.2866837978363037,1
charming,genial,2.138671875,1.0815070867538452,1
charming,respectable,-0.33428955078125,1.229172706604004,1
charming,seductive,5.07720947265625,0.43524548411369324,1
charms,witchcraft,-2.133056640625,0.036785468459129333,1
charred,naked,-1.6171875,-0.23903223872184753,1
chatter,strut,2.4326171875,0.6417354345321655,1
chilli,onions,6.859375,0.28108859062194824,1
chills,shivers,-1.04736328125,1.9198343753814697,1
chirruping,twittering,-4.3529052734375,0.09133177995681763,1
cinders,smoke,-2.017578125,-0.7140049934387207,1
circumcision,food,1.38818359375,-0.4262678921222687,1
circumcision,scarification,2.986572265625,-0.11994586884975433,1
class,gender,1.403564453125,0.6298339366912842,1
class,snobbery,-3.5732421875,-0.3033875524997711,1
clearly,simply,-1.5625,0.8373732566833496,1
clearly,succinctly,1.267578125,1.2365107536315918,1
click,tell,2.974609375,2.126987934112549,1
climb,climb,0.0,-0.0973980724811554,1
climb,jump,0.8046875,0.005194447934627533,1
club,fang,0.224609375,0.9787222146987915,1
club,lash,-1.6796875,-0.17177368700504303,1
cocaine,heroine,1.04583740234375,0.94061279296875,1
colder,colder,0.0,-0.0973980724811554,1
colder,wetter,2.6708984375,-1.4349253177642822,1
colourful,gorgeous,-1.4157867431640625,0.4631531536579132,1
comfortable,easy,1.646484375,0.3387617766857147,1
comfortable,jolly,1.125,-0.2868668735027313,1
comfortable,low,-4.275390625,0.15732035040855408,1
comfortable,pleasant,-2.306640625,0.7981182336807251,1
comments,concern,-2.8125,1.5552966594696045,1
commons,lords,-3.861083984375,-2.4869751930236816,1
completeness,finality,5.5634765625,0.6288625001907349,1
condemned,tried,2.7249755859375,-0.9948655366897583,1
confusing,sad,-3.721435546875,-2.776273727416992,1
considerable,effective,3.69091796875,0.9729024171829224,1
contemporary,contemporary,0.0,-0.0973980724811554,1
cooler,cooler,0.0,-0.0973980724811554,1
cooler,fresher,-3.32373046875,-0.036425262689590454,1
cooler,grayer,0.818359375,0.6400977373123169,1
coolly,deliberately,-0.0626068115234375,0.14684438705444336,1
countermarch,march,0.609375,0.2952407896518707,1
cows,girls,-2.90625,-1.917877197265625,1
cows,goats,-0.3026123046875,3.8728079795837402,1
cried,cried,0.0,-0.0973980724811554,1
cried,screamed,-1.3233489990234375,-0.08277241140604019,1
cried,talked,-0.837890625,3.708324432373047,1
crisp,curly,2.5096435546875,-0.32782527804374695,1
crisp,sunny,-0.45928955078125,-2.934647560119629,1
critical,dictatorial,3.1953353881835938,-0.12104789167642593,1
criticism,discussion,2.263641357421875,0.4492243826389313,1
cultured,intelligent,0.06524658203125,-0.835708737373352,1
cunninger,cunninger,0.0,-0.0973980724811554,1
cup,silverware,1.609375,2.140130043029785,1
curmudgeonly,cynical,-1.751953125,-0.9729325771331787,1
damnation,death,-0.12109375,-1.3944650888442993,1
darkened,deepened,-2.43853759765625,0.1816052496433258,1
dearest,kindest,0.78173828125,0.4845938980579376,1
death,fugitive,0.4971923828125,0.5895098447799683,1
death,infamy,1.43359375,1.720375418663025,1
death,infection,-2.2890625,1.1603419780731201,1
death,prison,4.42578125,0.2636300027370453,1
death,terror,-2.20703125,0.5103281736373901,1
death,thirst,-0.33474159240722656,0.3945520222187042,1
deep,deep,0.0,-0.0973980724811554,1
deep,intelligent,-0.0032958984375,0.7092987298965454,1
deep,lonely,1.98828125,0.3699395954608917,1
deep,low,-1.322265625,0.4498489797115326,1
deep,slow,-0.58203125,-3.9911551475524902,1
deep,solitary,2.91455078125,4.73576021194458,1
deep,sullen,-0.32080078125,1.8525280952453613,1
deep,wide,2.578125,-1.68630051612854,1
deepened,increased,2.4633331298828125,-0.20109689235687256,1
defiance,malediction,0.59228515625,-0.022828638553619385,1
delusion,witchcraft,-0.166259765625,-1.5631436109542847,1
details,subjects,-3.709228515625,-0.0252322256565094,1
dienes,polyenes,0.22100830078125,1.1467890739440918,1
differentiation,integration,2.8253860473632812,0.31166428327560425,1
dig,dig,0.0,-0.0973980724811554,1
dining,sitting,2.10546875,1.989778757095337,1
disappointed,puzzled,-0.10223388671875,0.6562048196792603,1
disappointed,sad,-2.396484375,-1.16752028465271,1
discipline,holy,1.7652587890625,-0.1840694546699524,1
discipline,obedience,-2.0631103515625,-0.43253663182258606,1
discipline,satisfaction,-2.349517822265625,-1.1410765647888184,1
discriminating,just,2.6047897338867188,0.5578082799911499,1
disenfranchised,lonely,-3.77734375,-1.4457592964172363,1
dive,dive,0.0,-0.0973980724811554,1
dive,jump,-0.516845703125,0.5448089838027954,1
dragging,slow,-4.86181640625,-3.770019054412842,1
drenched,shivering,-2.9723892211914062,-0.7121446132659912,1
dressed,washed,0.7890625,1.2554972171783447,1
drinkning,eating,-0.505859375,0.43009427189826965,1
dukes,lords,-1.0125732421875,1.0412824153900146,1
dusty,withered,-1.0836181640625,0.741195559501648,1
dynasties,kings,-5.96044921875,-0.6340532302856445,1
easy,joyful,-0.3154296875,0.28364506363868713,1
easy,pleasant,-0.548828125,0.139877587556839,1
easy,quick,-3.5546875,-1.4507026672363281,1
easy,slow,-1.03515625,0.571037769317627,1
eating,eating,0.0,-0.0973980724811554,1
eating,food,-2.3447265625,-1.4776684045791626,1
eating,sitting,0.20703125,-0.5696605443954468,1
eating,slurping,-3.0716552734375,0.9891915321350098,1
eating,thinking,3.0,0.5716210603713989,1
economically,safely,-2.177520751953125,0.042679548263549805,1
effective,quick,-0.65234375,-0.35505202412605286,1
effective,rugged,-1.966796875,-0.4014829993247986,1
electrodes,filaments,-3.229248046875,0.2950690686702728,1
eloquent,grateful,4.2653045654296875,0.24636957049369812,1
endothermic,homoeothermic,-3.2950439453125,-1.242283821105957,1
enjoyments,surprises,-2.75830078125,0.5802427530288696,1
exceeded,reached,-1.88037109375,-0.4928846061229706,1
exist,move,0.869140625,-1.219517469406128,1
expensive,impractical,0.66015625,0.6048915386199951,1
expensive,just,7.78125,2.842197895050049,1
expensive,showy,0.236328125,-0.5096793174743652,1
exporters,importers,0.5109100341796875,0.5875660181045532,1
fatigue,terror,-1.98272705078125,0.03781886398792267,1
fearlessly,truly,1.3984375,0.28271159529685974,1
feelings,thinking,0.03125,1.5533068180084229,1
fewer,fewer,0.0,-0.0973980724811554,1
fibre,metal,-2.70849609375,-0.4854024350643158,1
fields,fields,0.0,-0.0973980724811554,1
fields,mountains,0.3984375,-0.6537529230117798,1
fields,trees,-1.7119140625,-0.1598528027534485,1
fierce,resolute,1.6494140625,-0.1938788741827011,1
films,musicals,2.732421875,0.059111565351486206,1
finding,seeking,-0.248046875,-0.8682663440704346,1
fingers,food,-0.037109375,0.6066632270812988,1
fingers,gabbling,-0.640625,-0.46862050890922546,1
fingers,penguin,-3.9493408203125,-0.800767183303833,1
firing,food,-2.952667236328125,-2.3214073181152344,1
flapping,flapping,0.0,-0.0973980724811554,1
flurry,worry,-0.6886558532714844,-0.1445474624633789,1
food,horse,1.400390625,-0.6791445016860962,1
food,material,2.5703125,0.3586684763431549,1
food,news,1.1669921875,2.975322961807251,1
food,newspapers,0.23961257934570312,0.23112264275550842,1
fools,weaklings,0.4564208984375,0.1453946977853775,1
forevermore,now,-0.0572509765625,1.1365808248519897,1
forgotten,lonely,-2.416015625,-3.6519861221313477,1
fought,fought,0.0,-0.0973980724811554,1
front,hind,2.966796875,2.3633179664611816,1
frozen,wet,-0.45269775390625,-0.9707481861114502,1
frugality,industry,3.31640625,0.2690504193305969,1
furniture,interiors,1.044921875,1.8072537183761597,1
gaiters,smocks,-3.51171875,-0.9710947275161743,1
gashed,gored,-0.115234375,0.1973665952682495,1
genial,pleasant,-1.595703125,-2.42665696144104,1
geographic,magnetic,-1.832834243774414,1.9266438484191895,1
geographical,otherwise,1.8981475830078125,1.528768539428711,1
geology,mineralogy,5.6669921875,2.558129072189331,1
ginger,sugar,-0.154296875,0.10285308957099915,1
girls,women,1.1708984375,-1.111070990562439,1
glitter,sequins,2.98583984375,-0.4846552312374115,1
goats,knifes,0.4658203125,0.5524922609329224,1
gorgeous,sunny,-0.6937255859375,-0.5806928873062134,1
governments,militaries,-6.8292236328125,1.832364797592163,1
grab,try,-5.5107421875,-1.8296325206756592,1
grain,wheat,-1.5257568359375,-1.4438570737838745,1
grateful,low,-1.6328125,-3.1873488426208496,1
grateful,luxurious,1.533538818359375,-1.0147119760513306,1
grayer,grayer,0.0,-0.0973980724811554,1
greasing,loosening,-2.625244140625,-0.7853696346282959,1
guilty,uncomfortable,1.69976806640625,-0.6630504131317139,1
gutters,trees,-0.6025390625,-1.3289705514907837,1
handshakes,photo,-2.730224609375,0.6269311904907227,1
happily,safely,-2.770751953125,-1.562093734741211,1
harmless,pleasant,-3.927734375,-0.13785021007061005,1
harmless,small,-3.80517578125,-1.4023149013519287,1
hate,hate,0.0,-0.0973980724811554,1
hate,vengeance,1.1463775634765625,-0.25254932045936584,1
healed,humbled,2.03515625,0.23067286610603333,1
herbalists,naturopaths,0.3466796875,-0.17420625686645508,1
heresy,schism,2.05712890625,0.5161176919937134,1
herodotean,homeric,-2.5625,0.4724617898464203,1
hexagonal,monoclinic,-8.1064453125,-0.2889925241470337,1
hish,low,-2.181640625,-0.5386271476745605,1
hither,yon,5.82421875,0.13714952766895294,1
holy,just,2.0625,2.426661491394043,1
honestly,truly,2.453125,0.41648057103157043,1
horse,horse,0.0,-0.0973980724811554,1
imitations,sentences,-4.3157958984375,-0.9045888185501099,1
impatience,revolt,-1.00341796875,1.5922929048538208,1
impractical,uncomfortable,-1.8739013671875,-0.3503011465072632,1
increased,stimulated,4.0537109375,-0.4935201108455658,1
industry,obedience,-3.009002685546875,0.8640402555465698,1
infamy,shame,-2.615234375,-0.5376098155975342,1
insincerity,treachery,-0.567138671875,0.7232686281204224,1
inspection,repair,1.9109954833984375,-0.7470672130584717,1
intelligent,pleasant,-0.531982421875,-0.6515330076217651,1
intelligent,superior,4.2946624755859375,-0.1306970715522766,1
intelligent,unprejudiced,0.964935302734375,1.6911773681640625,1
interested,kindly,-0.892578125,-2.073352813720703,1
interested,slow,-2.3671875,-2.91440486907959,1
interrupted,low,-0.453125,-1.8867065906524658,1
intimate,small,-1.537109375,-2.461533308029175,1
intimidate,try,-3.14837646484375,-1.5289229154586792,1
investments,pilgrimage,-4.123779296875,0.6077214479446411,1
just,pious,-6.759765625,-1.6241283416748047,1
just,rightful,-6.166015625,-0.6952197551727295,1
just,try,-6.25244140625,-0.3859351575374603,1
kindest,wisest,0.658935546875,-0.6247758865356445,1
kindly,philanthropic,-1.10223388671875,0.5272046327590942,1
kindly,pious,-1.703125,1.4246412515640259,1
kindly,pleasant,-3.529296875,-0.4969729781150818,1
kings,lords,1.02685546875,0.594164252281189,1
kiss,tell,-1.2109375,3.685105085372925,1
knock,try,-3.19140625,-0.7143172025680542,1
labored,slow,-2.98828125,-2.06453537940979,1
laces,stays,2.873046875,-1.6065237522125244,1
laconic,slow,-1.513671875,0.5491471290588379,1
land,mountains,-2.123046875,-1.223201870918274,1
land,naval,1.734375,0.6299574375152588,1
land,possessions,0.642578125,0.40113410353660583,1
land,seas,-0.15234375,-1.618209719657898,1
land,try,-2.6806640625,1.262815237045288,1
laxer,shaggier,-6.888671875,-0.36125418543815613,1
lesbians,women,2.45703125,-0.9993299245834351,1
lethality,range,-1.54296875,-1.152245283126831,1
lettuce,radishes,0.1070556640625,0.2465752363204956,1
lie,lie,0.0,-0.0973980724811554,1
lie,shoot,-0.138671875,1.0966002941131592,1
listen,listen,0.0,-0.0973980724811554,1
listen,pause,-3.193359375,-1.71490478515625,1
listen,try,-3.6767578125,-1.981253743171692,1
literature,newspapers,-0.6074948310852051,0.7891613245010376,1
literature,religion,-0.060546875,0.7809841632843018,1
lonely,sad,-0.30078125,1.867019772529602,1
lonely,sick,-2.5625,0.5719856023788452,1
lonely,solitary,0.26904296875,1.648025631904602,1
lonely,wet,-2.8740234375,0.8448680639266968,1
lonely,wide,-0.015625,-1.1115038394927979,1
low,lower,1.83154296875,0.4461608827114105,1
low,primary,-1.05078125,-0.07198300212621689,1
low,quick,0.97265625,0.9838467836380005,1
low,rounded,4.646484375,0.7579377889633179,1
low,sad,3.0712890625,0.8442773818969727,1
low,slow,3.919921875,1.519272804260254,1
low,wet,0.904296875,1.1482365131378174,1
lower,lower,0.0,-0.0973980724811554,1
lower,slower,-2.15625,1.2052769660949707,1
lowriders,women,0.802734375,-0.4091574251651764,1
maimed,sick,0.62109375,-2.0714075565338135,1
manacle,prison,-3.73046875,0.3635827302932739,1
march,sing,-0.7431640625,1.5953245162963867,1
memorizing,remark,0.33984375,-0.08288300037384033,1
mercury,mud,-2.7091064453125,-1.444871187210083,1
metal,woodwork,3.6416015625,-1.3195750713348389,1
mid,small,-6.412109375,-2.326240062713623,1
moderator,panelist,2.8759765625,-0.4502469003200531,1
molecules,solids,4.0880889892578125,0.010962866246700287,1
mom,pop,2.728515625,1.2611063718795776,1
momentum,position,2.61102294921875,0.268144816160202,1
monstrous,terrific,4.958473205566406,0.24477288126945496,1
morality,religion,0.8876953125,-0.8927770853042603,1
mortice,tenon,-2.8125,-0.29680201411247253,1
mountains,plateaux,3.07421875,1.5765341520309448,1
mountains,seas,2.1318359375,1.099275827407837,1
mountains,trees,-0.79296875,-0.6407037973403931,1
move,move,0.0,-0.0973980724811554,1
move,position,-4.404296875,-1.5683062076568604,1
mud,slime,2.697265625,2.838557720184326,1
mud,stones,0.0146484375,-0.9342803955078125,1
murdering,robbing,1.38671875,1.2086286544799805,1
murkier,murkier,0.0,-0.0973980724811554,1
naked,weaponless,11.46435546875,-0.4497736990451813,1
napkins,silverware,2.49853515625,0.7125210762023926,1
nervously,peevishly,2.4037704467773438,1.170196771621704,1
newies,townies,-1.6875,-0.3675084114074707,1
nicer,nicer,0.0,-0.0973980724811554,1
nights,nights,0.0,-0.0973980724811554,1
nodding,nodding,0.0,-0.0973980724811554,1
nodding,rocking,-0.6316947937011719,-0.6864837408065796,1
now,now,0.0,-0.0973980724811554,1
now,so,-0.388671875,0.9579805135726929,1
nursery,primary,-1.5078125,0.2741098701953888,1
obedience,restraint,-0.9754638671875,-0.2887119650840759,1
obedience,socialization,-0.7982177734375,0.45254644751548767,1
obedience,terror,0.10739898681640625,-0.21939349174499512,1
office,wealth,-2.927734375,-1.982200264930725,1
oftener,oftener,0.0,-0.0973980724811554,1
opens,slams,1.65478515625,-0.3398200273513794,1
outbuildings,trees,-6.47216796875,-0.7712388038635254,1
overalls,pigtails,-2.1796875,0.05828353762626648,1
pans,tachos,0.9482421875,0.20717588067054749,1
parched,uncomfortable,-1.6727752685546875,-0.6397559642791748,1
pauses,progresses,-1.8345928192138672,0.7967360019683838,1
peculiar,quick,0.396484375,-0.7335110902786255,1
perishing,sickening,-5.857421875,-0.06895291805267334,1
petrol,petrol,0.0,-0.0973980724811554,1
pitched,unwound,5.015625,-0.44850924611091614,1
plainer,plainer,0.0,-0.0973980724811554,1
planning,thinking,-0.5546875,0.4112603962421417,1
pleasant,solitary,0.4365234375,1.194584846496582,1
pleasant,wholesome,3.035888671875,0.6817805767059326,1
portly,princely,-0.5146484375,-0.7845872640609741,1
position,wealth,-4.458984375,-0.3599359691143036,1
possessions,products,-1.646484375,-0.3514207899570465,1
pressed,trodden,-0.90789794921875,-1.695097804069519,1
primitive,small,-3.4789810180664062,-1.0428870916366577,1
principle,purpose,6.98974609375,0.39411041140556335,1
prison,psychiatrists,2.88818359375,-0.9181351661682129,1
processes,products,-1.85302734375,-0.7482327222824097,1
processes,uses,-1.447021484375,1.8900539875030518,1
psychologists,sociologists,-2.0986328125,-1.9763479232788086,1
puffed,puffed,0.0,-0.0973980724811554,1
puzzled,slow,1.0358123779296875,-1.249466896057129,1
quick,resolute,4.150390625,0.12392383813858032,1
quick,skilful,-0.856201171875,-0.6269328594207764,1
quick,small,-1.3251953125,-0.49938148260116577,1
raining,raining,0.0,-0.0973980724811554,1
rarer,rarer,0.0,-0.0973980724811554,1
reached,rounded,-1.23193359375,-1.708040475845337,1
read,read,0.0,-0.0973980724811554,1
read,talked,0.8046875,-0.10840141773223877,1
read,try,-1.017578125,-1.9177377223968506,1
realer,realer,0.0,-0.0973980724811554,1
realism,symbolism,2.077880859375,0.05015943944454193,1
reared,whinnied,1.0084228515625,-0.7734848260879517,1
redder,redder,0.0,-0.0973980724811554,1
ride,shoot,0.515625,0.9044270515441895,1
rounded,rugged,-0.13525390625,1.3538767099380493,1
rubies,sapphires,3.3291015625,0.24470803141593933,1
rugged,small,-2.3193359375,-2.138396739959717,1
rugged,steep,-3.396484375,-2.1804022789001465,1
rugged,thrifty,-1.7919921875,0.3948909342288971,1
ruthlessness,treachery,0.9097900390625,0.7604776620864868,1
sad,sick,-0.841796875,-0.9052865505218506,1
sad,solitary,1.431640625,2.384185791015625e-07,1
sad,sullen,0.9033203125,0.0627574622631073,1
safely,simply,1.86328125,0.6324927806854248,1
scowling,squinting,1.859039306640625,1.0674309730529785,1
screamed,screamed,0.0,-0.0973980724811554,1
secretive,vengeful,1.252197265625,-0.7283676862716675,1
seductive,sexy,-0.653411865234375,-0.3477736711502075,1
selective,skilful,-3.005126953125,-1.6645047664642334,1
sepsis,thrombosis,-0.92626953125,0.05078275501728058,1
serbian,yugoslav,4.025825500488281,0.9563844203948975,1
set,try,-2.88671875,0.002230703830718994,1
shale,stones,-3.265625,-0.7598791122436523,1
shell,shrapnel,0.759765625,1.2214282751083374,1
shoot,shoot,0.0,-0.0973980724811554,1
simply,strictly,-1.6434326171875,-1.1419528722763062,1
slow,slower,0.36328125,-0.1578666865825653,1
slow,small,-2.0400390625,-2.785703182220459,1
slow,wearily,-0.7255859375,-0.7306383848190308,1
slower,slower,0.0,-0.0973980724811554,1
slower,surer,1.97265625,-0.2671833336353302,1
small,uncomfortable,4.8817596435546875,3.037642478942871,1
small,unimportant,3.95941162109375,1.5052578449249268,1
snake,stool,0.216796875,2.458901882171631,1
so,so,0.0,-0.0973980724811554,1
stool,truck,0.8984375,-0.053006649017333984,1
stranger,stranger,0.0,-0.0973980724811554,1
stretched,stretched,0.0,-0.0973980724811554,1
stunned,stupefied,2.1243247985839844,-0.39983832836151123,1
sullen,wrathful,2.74627685546875,-1.8434717655181885,1
sun,sun,0.0,-0.0973980724811554,1
sunnier,sunnier,0.0,-0.0973980724811554,1
swiftest,wisest,-2.8325347900390625,-0.526942789554596,1
talked,talked,0.0,-0.0973980724811554,1
talked,walked,-2.611328125,-0.8233574628829956,1
teaspoon,teaspoons,2.9369006156921387,-0.6722893714904785,1
thinking,thinking,0.0,-0.0973980724811554,1
thinking,wishing,3.2998046875,0.2657180726528168,1
thousands,thousands,0.0,-0.0973980724811554,1
tighter,tighter,0.0,-0.0973980724811554,1
trees,trees,0.0,-0.0973980724811554,1
trees,undergrowth,5.07421875,2.65840744972229,1
tried,tried,0.0,-0.0973980724811554,1
try,try,0.0,-0.0973980724811554,1
walked,walked,0.0,-0.0973980724811554,1
weeps,weeps,0.0,-0.0973980724811554,1
wetter,wetter,0.0,-0.0973980724811554,1
whispered,wore,-3.041015625,-1.759806513786316,1
wishing,wishing,0.0,-0.0973980724811554,1
younger,younger,0.0,-0.0973980724811554,1
abloom,sweet,-0.388671875,-1.5755759477615356,2
abuse,derision,-0.189453125,-0.7846183776855469,2
abuse,profanity,-1.24267578125,-0.8306230306625366,2
abuse,violence,-0.1708984375,-1.863728404045105,2
aching,hot,-3.76953125,-2.1714165210723877,2
acrid,hot,-2.8515625,-1.4250963926315308,2
acronyms,bits,6.56640625,0.8521156311035156,2
addictive,dangerous,2.44970703125,-0.6714317798614502,2
addresses,names,-4.66876220703125,-0.6580377817153931,2
adorable,cute,-3.09979248046875,-1.9070674180984497,2
age,dirt,2.263671875,-1.4183560609817505,2
age,usage,1.2900390625,0.5561660528182983,2
algae,cyanobacteria,1.1336708068847656,0.06502595543861389,2
algae,pondweed,-1.008056640625,0.49438056349754333,2
algae,salts,0.38702392578125,-0.9288514852523804,2
always,always,0.0,0.05551552027463913,2
always,everywhere,-1.892578125,-1.1952077150344849,2
amazed,furious,0.4759674072265625,-0.4565207064151764,2
amazed,screaming,-2.1376953125,-1.0036686658859253,2
amazed,terrified,0.44415283203125,0.9380477666854858,2
amazed,utter,1.4384765625,1.2606273889541626,2
ambulance,police,-1.099853515625,0.7918069362640381,2
amending,improving,2.34405517578125,-0.3112967312335968,2
amplifiers,loudspeakers,0.7955322265625,-0.1617196500301361,2
analysis,commentary,-0.889862060546875,0.12354746460914612,2
analysis,presentation,0.19415283203125,-0.43990156054496765,2
analysis,remodeling,-8.709747314453125,4.536896228790283,2
animated,fresh,-0.85546875,-3.6945109367370605,2
antifreeze,polyester,2.1494140625,0.029242008924484253,2
arch,winsome,-0.1546630859375,-0.7203031778335571,2
argue,debate,-0.669921875,-0.7749954462051392,2
arrives,comes,0.2328033447265625,-0.7951755523681641,2
artificial,insincere,7.3524169921875,1.7525080442428589,2
ascending,descending,-1.2547607421875,0.06737270951271057,2
ash,gas,-1.18359375,-0.43194863200187683,2
astrology,mathematics,-0.8813247680664062,-0.10019215941429138,2
aviation,certification,2.43536376953125,-0.8225442171096802,2
backing,veering,-1.7529296875,1.4697372913360596,2
badminton,swimming,-0.2265625,-0.5199888944625854,2
banking,finance,0.4619598388671875,-0.46404096484184265,2
banksia,eucalyptus,0.122802734375,0.47657400369644165,2
bark,crow,0.39453125,0.7057135105133057,2
basophils,eosinophils,1.86138916015625,0.28547585010528564,2
batteries,magnets,1.59912109375,0.598343014717102,2
beaded,embroidered,0.40735816955566406,-0.4516841471195221,2
bearskins,deerskins,1.8380126953125,1.2327316999435425,2
bedelia,sally,2.74609375,2.2647550106048584,2
beetlebugs,caterpillars,1.0814495086669922,-1.0603224039077759,2
begged,shivered,-3.266876220703125,-2.580775499343872,2
behaviourally,morphologically,3.20281982421875,-0.37062177062034607,2
bell,tentacles,-3.767333984375,-0.4404345452785492,2
bereavement,destruction,2.2884521484375,-0.36295077204704285,2
bettering,education,0.283203125,-3.329164505004883,2
bias,discrimination,0.4098968505859375,-0.8455101251602173,2
biggest,gravest,2.343017578125,2.545644760131836,2
binding,lawful,-2.26904296875,-0.3876033127307892,2
bionic,hot,1.26171875,-2.922759771347046,2
birds,dolls,0.4287109375,0.6152443885803223,2
birds,mammals,-4.68304443359375,0.3490578532218933,2
birds,mosquitoes,0.2220458984375,0.5527703166007996,2
bits,bits,0.0,0.05551552027463913,2
bits,dirt,-2.2265625,-1.4786789417266846,2
bits,dust,-2.021484375,0.5328875780105591,2
bits,strips,1.78369140625,0.3223232626914978,2
bitter,cloudy,-0.3825225830078125,-0.9997948408126831,2
bitter,furious,-0.36553955078125,-0.06368987262248993,2
bitter,hot,-0.4921875,-1.9752994775772095,2
bitter,malignant,-2.092071533203125,-0.17703625559806824,2
bitter,proud,0.853515625,0.5207600593566895,2
bitter,repeated,0.8984375,0.31933897733688354,2
bitter,sanguinary,2.947265625,0.3692585527896881,2
bland,innocent,-1.2265625,0.41568413376808167,2
blankets,cushions,1.0671234130859375,0.7861504554748535,2
blankets,dolls,-1.4630546569824219,-0.4865252673625946,2
bleed,bleed,0.0,0.05551552027463913,2
blinking,winking,2.6635241508483887,-0.6008923053741455,2
blocks,box,-2.966796875,-0.7046152353286743,2
blocks,rebounds,1.33203125,0.6694052219390869,2
blocks,toys,0.5234375,-1.3484852313995361,2
blooming,fresh,-0.59423828125,-0.37163785099983215,2
blotched,red,-3.3193359375,-1.830123782157898,2
blotched,wrinkled,-2.9161376953125,0.3477224111557007,2
bluebells,cowslips,1.75384521484375,-0.22768792510032654,2
bondage,distress,-3.2548828125,1.849107027053833,2
bone,muscle,0.7666015625,-0.07897458970546722,2
bored,impatient,3.1751365661621094,-0.2962239980697632,2
bored,neglected,3.375490188598633,1.5300613641738892,2
bored,tired,1.1875,-1.5246556997299194,2
bottles,bottles,0.0,0.05551552027463913,2
bourbon,whiskey,-1.92529296875,-0.8127944469451904,2
box,tape,1.515625,0.9577257633209229,2
boxing,swimming,4.641845703125,-1.6432472467422485,2
brusque,businesslike,-0.275390625,0.8845738172531128,2
bulkhead,deck,-1.603515625,-0.6314256191253662,2
burgers,shrimp,1.810791015625,-0.30655550956726074,2
burrows,feeds,-1.4910888671875,0.3555022180080414,2
calendar,email,-1.1880950927734375,1.1982142925262451,2
calms,storms,-1.34222412109375,0.3414768576622009,2
camaraderie,friendship,-4.056640625,0.1627168357372284,2
came,listened,1.328125,1.138310194015503,2
camels,donkeys,-0.0775146484375,-0.5973387956619263,2
camels,goods,-0.9140625,-2.2107348442077637,2
cameras,toys,1.24688720703125,0.1325259506702423,2
candidacy,vote,-0.326171875,0.8221616744995117,2
cantons,cantons,0.0,0.05551552027463913,2
cap,weeping,1.3492431640625,1.206627368927002,2
capability,lines,-4.556640625,-0.07999086380004883,2
catalysts,pigments,0.5073776245117188,-1.3401457071304321,2
categories,subcategories,4.8987274169921875,0.8059083223342896,2
challenges,controversies,-2.4847412109375,-0.42008861899375916,2
chapters,chapters,0.0,0.05551552027463913,2
cheated,robbed,-0.898284912109375,0.18466737866401672,2
cheerfulness,courage,5.3916015625,2.0137529373168945,2
cheese,egg,1.041015625,1.3620065450668335,2
cheese,garlic,1.3486328125,3.9701974391937256,2
cheese,meat,-2.2578125,-1.4595454931259155,2
cheese,tomato,1.107421875,0.7867966890335083,2
chemicals,heat,1.811248779296875,0.2863089144229889,2
chemicals,polymers,2.0221481323242188,0.21083039045333862,2
chuckles,nods,2.703125,1.4846364259719849,2
clandestine,immoderate,1.69921875,0.22829976677894592,2
clatter,clicks,-1.552734375,0.22785408794879913,2
clear,clear,0.0,0.05551552027463913,2
clear,compelling,1.596435546875,0.2119501531124115,2
clear,composed,5.3984375,2.3746328353881836,2
clear,fresh,1.6025390625,-0.33554813265800476,2
clear,frosty,-5.2373046875,-3.169459342956543,2
clear,full,2.326171875,-0.4031069576740265,2
clear,lighter,-1.6962890625,-0.41004493832588196,2
clear,limpid,0.759765625,-0.11452463269233704,2
clear,precise,-0.02685546875,0.3428134322166443,2
clear,red,-0.505859375,-1.9378806352615356,2
clear,regular,2.03515625,0.07286718487739563,2
clear,smooth,-0.9375,-0.8268460035324097,2
clear,specific,0.6796875,-0.8924826383590698,2
clear,starry,-1.162109375,-0.38081297278404236,2
clear,sweet,-2.4130859375,0.42416974902153015,2
clear,true,0.8388671875,1.7153199911117554,2
clear,unhesitating,3.148681640625,2.5449647903442383,2
clearer,clearer,0.0,0.05551552027463913,2
clearer,louder,0.1876220703125,-0.6146177053451538,2
climbed,climbed,0.0,0.05551552027463913,2
climbed,scrambled,1.6739697456359863,-0.3552473783493042,2
closed,forbidding,-0.1162109375,1.3253247737884521,2
closed,secured,-1.5604362487792969,1.7440975904464722,2
closets,pantry,4.9345703125,0.7162455320358276,2
cloudy,gray,1.1853485107421875,0.4786995053291321,2
coarse,scanty,-0.0163116455078125,0.19519340991973877,2
coarse,tough,-2.0941543579101562,0.14384078979492188,2
cobwebs,dirt,-1.378204345703125,-0.3659071624279022,2
cobwebs,dust,0.0537109375,0.5921887159347534,2
coins,medals,0.7763671875,1.0106444358825684,2
coins,notes,1.591796875,-0.16915953159332275,2
combat,demolition,2.45703125,-0.7812577486038208,2
communicating,composition,-2.1298828125,-0.6392064094543457,2
company,tiffany,-1.865966796875,1.356548547744751,2
compare,contrast,-0.0048828125,0.34566420316696167,2
competitive,cultural,-1.484771728515625,-2.225792169570923,2
complex,dangerous,4.6640625,-2.1254045963287354,2
complex,proud,-1.96484375,-3.2874362468719482,2
complex,unresolved,1.46875,0.587080717086792,2
complex,vast,-5.02734375,-2.0215303897857666,2
composition,singing,0.408203125,0.888413667678833,2
computers,radio,-0.3126220703125,0.3837144374847412,2
computers,science,-1.328125,-2.3473243713378906,2
comradery,friendship,0.056640625,-1.1773858070373535,2
concordats,treaties,1.6121826171875,0.05075550079345703,2
conditions,standards,-2.47198486328125,1.3301268815994263,2
conferences,lectures,-1.57513427734375,-0.44109854102134705,2
confidence,courage,0.8828125,-0.4266476333141327,2
confidence,encouragement,0.425537109375,1.3879350423812866,2
confidence,faith,1.169921875,0.5359349250793457,2
confidence,friendship,-0.94140625,-1.2760989665985107,2
confrontation,dissention,3.3795700073242188,-0.17510798573493958,2
conscience,morals,3.0103759765625,-1.2525278329849243,2
conscience,reason,1.03131103515625,0.6269418001174927,2
consequentialism,deontology,-1.71923828125,0.1484290212392807,2
consistently,correctly,-0.5911865234375,1.0182628631591797,2
convenience,friendship,2.55029296875,-0.11480990052223206,2
coordinated,disciplined,1.560546875,1.0689516067504883,2
corals,shells,-2.5137939453125,-1.1618198156356812,2
cordiality,friendship,1.22064208984375,-1.1218599081039429,2
cormalite,limestone,-0.31451416015625,0.3847692608833313,2
courage,dignity,-0.7167510986328125,0.23809562623500824,2
courage,discernment,0.6607666015625,1.9077272415161133,2
courage,faith,-0.7734375,2.031665802001953,2
courage,optimism,-1.28369140625,0.5167449712753296,2
courage,strength,-0.3935546875,-0.09268045425415039,2
creamy,smooth,-0.419677734375,-0.5897705554962158,2
creamy,sweet,0.27734375,-1.0087274312973022,2
creamy,thick,-0.39453125,-0.15776294469833374,2
criticized,unpopular,-0.5343017578125,-1.0876353979110718,2
crooked,dangerous,2.2456130981445312,-1.564719557762146,2
crude,early,5.046875,-0.395603746175766,2
cruelty,injustice,1.259521484375,0.6711254119873047,2
cruelty,oppression,-0.74072265625,0.9816410541534424,2
cruelty,selfishness,-1.65283203125,0.7455257177352905,2
cruelty,violence,-4.2646484375,-0.03305089473724365,2
cultural,education,-2.18206787109375,0.3936571776866913,2
cultural,personal,0.256744384765625,3.0839362144470215,2
cultural,physical,-0.14410400390625,-0.2983514070510864,2
cultural,publicity,-3.5463409423828125,-0.473181813955307,2
cultural,sporting,-0.424560546875,0.6283596754074097,2
curiously,suspiciously,0.24420166015625,0.0014102756977081299,2
cushions,trucks,1.0973281860351562,-1.6077104806900024,2
cute,innocent,1.494140625,1.1128263473510742,2
cute,sweet,2.87451171875,0.09522777795791626,2
cyanotic,unresponsive,-4.4853515625,0.2805865406990051,2
cycling,swimming,-0.60498046875,-0.6646393537521362,2
damanes,trespass,0.82177734375,1.894591212272644,2
dangerous,hot,-4.71875,-1.2437056303024292,2
dangerous,miserable,-1.544921875,0.18264707922935486,2
dangerous,true,-2.49609375,-0.3138265311717987,2
dangerous,unpopular,-1.60693359375,1.1119439601898193,2
darkening,lightening,0.466796875,0.22297048568725586,2
datebooks,pens,0.43359375,-0.02046830952167511,2
deceit,dishonesty,0.7125244140625,-1.2445722818374634,2
deeds,documents,-2.374725341796875,0.8833664655685425,2
deeds,notes,-2.552734375,-1.1294108629226685,2
defeated,unpopular,-0.74041748046875,-1.1552681922912598,2
demolition,deterioration,-1.017578125,-0.1281399428844452,2
demolition,maintenance,0.51165771484375,-0.8049188852310181,2
demonolatry,idolatry,-2.13458251953125,-0.39846786856651306,2
deportment,dignity,-0.7751617431640625,-0.17738497257232666,2
depraved,sinful,1.404296875,-1.612425446510315,2
derision,drunkenness,-3.8828125,-0.6345342397689819,2
destruction,misery,0.955078125,-1.8921631574630737,2
destruction,rebirth,-5.436279296875,-0.896653413772583,2
destruction,war,0.998291015625,-1.4251551628112793,2
developed,modern,-3.78515625,-2.792825222015381,2
dialogs,recitations,-3.25775146484375,0.4026266634464264,2
dials,receiver,-10.460803985595703,-0.40741536021232605,2
died,suffered,-0.634765625,1.4177091121673584,2
dignity,strength,1.8704833984375,-0.5024832487106323,2
dinosaur,lion,-0.048828125,-1.5411608219146729,2
dirt,dust,1.9140625,1.9187320470809937,2
dirt,poisons,0.313629150390625,0.46767526865005493,2
disaster,failure,1.44921875,0.9887714385986328,2
disciplined,regular,-1.5435791015625,-0.07334169745445251,2
discrimination,fights,0.8332481384277344,-0.23002421855926514,2
discrimination,slavery,-3.6568984985351562,0.3614060580730438,2
discrimination,violence,-1.6589508056640625,-0.19405928254127502,2
dishonesty,injustice,0.0550079345703125,0.7655030488967896,2
disobedience,misery,1.77825927734375,-1.2633873224258423,2
disobedience,negligence,-3.354217529296875,-0.3896971046924591,2
dispatch,neatness,-3.7705078125,-1.850413203239441,2
distress,misery,1.1689453125,-2.6244029998779297,2
distress,privation,-7.93603515625,-1.529325246810913,2
dogs,dolls,0.51171875,0.3832496404647827,2
dogs,ferrets,-1.22265625,0.9775590896606445,2
dogs,pistols,0.77783203125,0.887615442276001,2
dogs,poets,1.30078125,0.38492122292518616,2
dollars,dollars,0.0,0.05551552027463913,2
dolls,dolls,0.0,0.05551552027463913,2
dolls,pram,4.6064453125,0.32645371556282043,2
dolls,toys,-1.8203125,0.7687047719955444,2
domestic,local,1.44793701171875,0.6332706212997437,2
domestic,sexual,-0.01861572265625,-1.0362404584884644,2
dominant,official,-1.78857421875,0.7565205097198486,2
downhearted,gloomy,5.691070556640625,-0.7598425149917603,2
dozens,dozens,0.0,0.05551552027463913,2
draw,schedule,-2.8494873046875,-0.3515174388885498,2
dreams,reality,0.328125,-0.4703117907047272,2
dreams,stories,0.748046875,0.28756183385849,2
drongos,flycatchers,2.4613037109375,-0.8500884771347046,2
dug,dug,0.0,0.05551552027463913,2
dumplings,steam,-2.5908203125,-0.5264312028884888,2
dust,gas,0.251953125,-0.7633494138717651,2
dust,gravel,1.24951171875,1.087254524230957,2
dust,heat,-0.521484375,0.0011570602655410767,2
dust,waste,-1.384765625,3.0545856952667236,2
dweebs,geeks,1.705078125,-0.27087029814720154,2
dyers,weavers,5.01953125,1.646104097366333,2
early,extraordinary,0.624969482421875,1.3922386169433594,2
early,personal,0.63262939453125,-0.04320797324180603,2
earthworks,megaliths,-1.416015625,-0.13786640763282776,2
easier,easier,0.0,0.05551552027463913,2
easier,lighter,-1.2333984375,-0.5404740571975708,2
easier,louder,-2.3653564453125,-0.8150399923324585,2
eddied,swirled,-8.9404296875,-1.0798295736312866,2
education,pedagogy,-1.527587890625,1.4204007387161255,2
education,science,0.541015625,-0.33723413944244385,2
egg,tongue,-0.68359375,-0.7292438745498657,2
elements,shapes,2.7666015625,-0.353361040353775,2
embarrassment,pleasure,1.1853179931640625,-2.129183053970337,2
embeddings,manifolds,4.25079345703125,-1.5071855783462524,2
emperors,empresses,-0.011280536651611328,0.524387001991272,2
encouragement,praise,0.136138916015625,-0.4795719087123871,2
encouragement,warning,0.946014404296875,-0.12804073095321655,2
enlarged,hollow,1.6666259765625,-1.3901053667068481,2
enlarged,reduced,-1.98876953125,-0.6279999017715454,2
enlarged,revised,-2.4923248291015625,-0.4791116416454315,2
enormous,majestic,5.4521026611328125,-0.4004307687282562,2
enormous,powerful,1.957916259765625,-0.5412975549697876,2
entertainments,parties,0.99609375,0.727683424949646,2
erect,fearless,-1.58984375,-2.175339460372925,2
erect,masterful,6.4976806640625,-0.6896333694458008,2
espresso,juice,-2.517578125,-1.3722301721572876,2
events,events,0.0,0.05551552027463913,2
events,names,0.064453125,-0.00822398066520691,2
events,relationships,-5.076385498046875,2.0301895141601562,2
events,stories,-3.421875,-0.6773560047149658,2
example,precept,0.265625,1.0524808168411255,2
exhausted,hot,-2.3088302612304688,-2.265145778656006,2
expound,reason,-1.859375,0.17925438284873962,2
exterior,interior,-1.8497314453125,0.6400283575057983,2
facts,myths,-4.2578125,-3.2250986099243164,2
facts,names,2.3955078125,-0.1604921817779541,2
faith,glory,-0.41015625,-0.688779354095459,2
faith,morals,0.0087890625,1.8100286722183228,2
faith,reason,0.19769287109375,-0.579649806022644,2
faith,science,-0.208984375,-1.682125210762024,2
faith,violence,1.6689453125,0.17124667763710022,2
fall,tumble,1.690460205078125,3.1425814628601074,2
famous,hot,-0.0703125,-2.0781235694885254,2
farming,livestock,0.9486083984375,0.4914517402648926,2
fast,febrile,-4.8828125,0.5941282510757446,2
fast,furious,1.0427093505859375,1.1490116119384766,2
fast,mushy,0.8984375,4.6263604164123535,2
fast,powerful,2.0546875,2.465109348297119,2
fast,steadily,3.5816268920898438,0.597320020198822,2
fast,sure,4.33203125,5.576626300811768,2
fast,thick,2.451171875,-0.8648515939712524,2
fast,tough,-1.357421875,0.7896146774291992,2
fast,true,-1.177734375,1.1312874555587769,2
fearless,gallant,1.2138671875,0.49764734506607056,2
fights,war,5.26171875,-0.8368680477142334,2
fits,starts,0.87890625,-1.1399152278900146,2
flabby,wrinkled,-3.406005859375,-1.1212165355682373,2
flattery,persistence,7.881591796875,-0.8313809633255005,2
flattery,pleasure,0.9378662109375,-1.4936357736587524,2
flattery,servility,-0.07421875,0.6224093437194824,2
flies,mosquitoes,0.2240142822265625,1.2209891080856323,2
flippers,lungs,2.88250732421875,0.44708743691444397,2
flopped,stumbled,1.86328125,0.17795179784297943,2
flushed,hoarse,-2.2572102546691895,-0.3146078884601593,2
flushed,hot,1.4072265625,-1.2951699495315552,2
flushed,impatient,3.2911376953125,0.8655120134353638,2
flushed,radiant,2.205078125,1.8710449934005737,2
flushed,red,-0.150390625,-1.7316248416900635,2
flushed,tired,3.533203125,-0.09384097158908844,2
flushed,unhappy,6.6875,4.053908824920654,2
fog,storms,-1.03955078125,-0.3942975103855133,2
fog,wind,-0.9033203125,-1.1395081281661987,2
forage,gather,2.265625,0.6763879060745239,2
foreboding,loneliness,-3.1400680541992188,-0.1405518651008606,2
founding,full,2.3671875,-0.8521757125854492,2
founding,prominent,-0.1767730712890625,-0.14320898056030273,2
freakier,freakier,0.0,0.05551552027463913,2
freight,luggage,0.28411865234375,0.3790140151977539,2
fresh,hot,-0.458984375,-0.9026800394058228,2
fresh,sweet,-0.1171875,-0.27201351523399353,2
fresh,unblemished,1.935546875,2.5809476375579834,2
fresh,youthful,2.85125732421875,1.0106279850006104,2
friendship,intimacy,1.75653076171875,0.20431190729141235,2
friendship,loneliness,-2.543487548828125,-1.008589506149292,2
frog,wombat,3.5576171875,2.7978718280792236,2
frosts,storms,0.614990234375,-0.15128707885742188,2
fuel,heating,4.869140625,1.2616852521896362,2
full,immediate,0.6229133605957031,0.7203649282455444,2
full,transcendent,-1.38958740234375,0.18480347096920013,2
full,true,0.296875,-0.40523067116737366,2
furious,hot,-4.884979248046875,-0.9394030570983887,2
furious,sputtering,-2.37353515625,-0.3046606481075287,2
galaxies,matter,-0.3526611328125,0.7677567005157471,2
gallant,shrewd,3.173828125,0.025073915719985962,2
gallons,gallons,0.0,0.05551552027463913,2
gas,matter,1.638671875,2.205345869064331,2
gas,steam,-2.501953125,0.16586917638778687,2
gaunt,gray,-0.3408203125,-2.705533027648926,2
gaunt,hollow,-1.2724609375,-3.631406545639038,2
gears,levers,-1.593505859375,1.4755650758743286,2
gigantic,red,-0.6015625,-0.16678014397621155,2
girl,goose,-4.119140625,-1.8437142372131348,2
girl,stalking,1.2255859375,-0.29378777742385864,2
global,local,0.9472198486328125,0.4718787968158722,2
gloomy,stern,-0.6201171875,-0.37764862179756165,2
gloomy,thick,-1.19873046875,-2.1972832679748535,2
graduate,professional,-3.0419921875,0.31606560945510864,2
graduate,undergraduate,-1.073577880859375,-0.07415014505386353,2
grame,grief,-5.1533966064453125,-0.020215198397636414,2
gray,grewsome,-4.396484375,2.290703773498535,2
gray,red,-1.724609375,-0.3928827941417694,2
gray,scanty,2.025146484375,0.7897951602935791,2
gray,tired,0.5068359375,1.5148555040359497,2
gray,yellow,-1.1865234375,-0.022579342126846313,2
grey,red,0.34375,0.6192554235458374,2
grief,horror,-0.781158447265625,0.4065803587436676,2
grief,intrigue,3.651611328125,1.7358964681625366,2
grief,passion,-0.1083984375,-0.6649130582809448,2
grief,rage,-1.0220947265625,-0.8393232822418213,2
grinned,looked,-3.75,-1.8713442087173462,2
harmonium,organ,4.6005859375,0.7787402868270874,2
hawed,himmed,4.125,-2.5349555015563965,2
heaps,heaps,0.0,0.05551552027463913,2
hearths,homes,-3.0712890625,-1.9322043657302856,2
heat,strength,-1.7080078125,0.37784072756767273,2
heiress,owner,-1.0,-0.8275858163833618,2
heparin,histamine,0.8515625,-0.7862234115600586,2
heretics,nonbelievers,1.5184326171875,1.7013312578201294,2
highlights,shadows,5.883941650390625,-1.0695220232009888,2
hoarse,hollow,-0.526031494140625,-2.3669991493225098,2
hollow,lightweight,2.268798828125,2.557548999786377,2
hollow,muffled,1.2226028442382812,1.5941978693008423,2
honeysuckles,jessamines,0.660186767578125,-0.13725200295448303,2
horrible,red,-1.77734375,-2.081193447113037,2
horrible,yellow,-4.95703125,-2.245605945587158,2
horror,misery,1.633544921875,0.18846538662910461,2
horror,rage,3.46185302734375,-0.5732554197311401,2
hot,mixed,2.734375,0.19916129112243652,2
hot,red,0.0400390625,-0.2620972990989685,2
hot,smoking,4.6357421875,0.06905519962310791,2
hot,steaming,0.357421875,0.2456982433795929,2
hot,sultry,6.40869140625,3.5205352306365967,2
hot,sweet,0.16015625,-0.6626343727111816,2
hot,tired,3.001953125,-0.3784664571285248,2
hushed,penetrated,1.50982666015625,-0.22150984406471252,2
illustrated,wrote,-5.729631423950195,-0.43656525015830994,2
immediate,personal,6.723651885986328,0.5160642266273499,2
immediate,stern,-0.09411239624023438,-0.7261886596679688,2
impatient,tired,1.12347412109375,-0.47472837567329407,2
increase,multiply,-1.102294921875,0.7963955402374268,2
ingratitude,suspicion,-1.90533447265625,1.1344399452209473,2
injustice,oppression,-3.4071044921875,1.992468237876892,2
injustice,slavery,-2.837799072265625,-0.8202781677246094,2
injustice,violence,-2.331024169921875,0.18922704458236694,2
innocent,leige,-2.533203125,2.0253982543945312,2
innocent,sweet,-0.54296875,-1.9899924993515015,2
inquiringly,politely,3.085200071334839,-2.28874135017395,2
insincere,supercilious,-4.2177734375,-1.008296012878418,2
insults,violence,-1.92578125,-0.932948112487793,2
junior,professional,-1.0552978515625,-1.0379230976104736,2
kinds,shapes,1.65234375,0.4957369863986969,2
kinds,sorts,-0.68359375,1.110983967781067,2
leaking,patched,2.896484375,-0.6125870943069458,2
legos,lion,2.013671875,1.135556697845459,2
leif,tarzan,0.18798828125,-1.10679292678833,2
leukemia,lymphoma,0.343505859375,-0.43692001700401306,2
lighter,lighter,0.0,0.05551552027463913,2
lighter,thinner,0.91943359375,0.6608142852783203,2
like,talking,8.482421875,0.7623697519302368,2
limestone,marble,-1.21856689453125,-0.20953118801116943,2
limped,stuttered,-1.503936767578125,-1.4065362215042114,2
limpid,salutary,-4.9501953125,0.9588062763214111,2
listened,listened,0.0,0.05551552027463913,2
listened,looked,1.990234375,0.827813982963562,2
listened,watched,-2.00390625,1.0817246437072754,2
local,provincial,-0.38531494140625,0.22437158226966858,2
loneliness,misery,1.5861358642578125,0.9773682355880737,2
looked,looked,0.0,0.05551552027463913,2
looked,smelt,1.955078125,0.16865353286266327,2
lost,loved,1.6015625,-0.6718817949295044,2
louder,louder,0.0,0.05551552027463913,2
louder,repeated,-0.5150146484375,0.5769181251525879,2
louder,sharper,3.119873046875,0.07993471622467041,2
loyalists,unionists,1.1697998046875,-0.7129353284835815,2
magisterial,police,-3.65234375,-1.1981099843978882,2
magnet,toys,-3.392578125,-0.6584600210189819,2
magnificent,proud,-2.450927734375,-1.0881593227386475,2
majestic,powerful,1.7415771484375,-0.11878961324691772,2
majestic,soothing,-1.6562042236328125,0.9245963096618652,2
majestic,sublime,-2.51287841796875,0.2859092056751251,2
malice,rage,-2.73773193359375,0.1217147707939148,2
marble,mosaic,0.94989013671875,0.408796101808548,2
maroon,red,-0.029296875,-1.885548710823059,2
maroon,yellow,-1.4892578125,-1.5402344465255737,2
mathematics,metamathematics,2.483751058578491,0.04201340675354004,2
mathematics,science,2.1590728759765625,-0.8556339740753174,2
mathematics,statistics,7.5575408935546875,0.991057276725769,2
matrimony,matrimony,0.0,0.05551552027463913,2
mauve,red,0.953125,-3.3981058597564697,2
meaning,reason,1.349609375,1.3020583391189575,2
meaning,richness,-3.009765625,-1.2972521781921387,2
meat,meat,0.0,0.05551552027463913,2
meat,puddings,1.349365234375,1.3031846284866333,2
metasedimentary,sedimentary,0.75201416015625,-0.1285577118396759,2
metres,metres,0.0,0.05551552027463913,2
microprocessors,transistors,-1.5732421875,0.5529813170433044,2
mightiest,richest,0.3818359375,-0.7505042552947998,2
miserable,tired,-3.734375,0.3759227693080902,2
miserable,unhappy,0.685546875,0.19019882380962372,2
miserable,weeping,-2.77734375,0.578170895576477,2
missus,mister,0.970458984375,-3.2221012115478516,2
modern,practical,-1.7193603515625,0.7896082401275635,2
muffled,thick,-3.5157470703125,-2.6035025119781494,2
mushrooms,tomatoes,-2.459075927734375,0.5569895505905151,2
necessity,urgency,2.247802734375,0.07725316286087036,2
nestling,singing,-2.416748046875,1.3646314144134521,2
northwest,west,-0.205078125,0.17362451553344727,2
official,royal,-1.2578125,-1.846135139465332,2
on,on,0.0,0.05551552027463913,2
opponents,players,-2.171572685241699,-0.3884502947330475,2
oppression,violence,-0.73974609375,-1.005257487297058,2
outsiders,students,-0.7117919921875,-0.6982024908065796,2
outsiders,wives,-1.00537109375,-0.37708529829978943,2
overweight,unhappy,-1.357025146484375,-1.3988267183303833,2
paler,paler,0.0,0.05551552027463913,2
paler,thinner,1.50048828125,0.4770040214061737,2
paler,tired,-1.88671875,-1.280427098274231,2
paperwork,signatures,0.25921630859375,0.4923575222492218,2
passion,rage,-0.257080078125,-0.25367680191993713,2
personal,profanity,-2.52642822265625,0.8571113348007202,2
personal,professional,-1.8671875,0.9943956136703491,2
phases,stages,-2.18017578125,-1.1189550161361694,2
photographs,sketches,1.6398162841796875,2.745821952819824,2
physical,sexual,-0.04296875,0.3139735460281372,2
pins,tape,-0.2919921875,1.3232351541519165,2
placid,smooth,0.57257080078125,-1.5473403930664062,2
pleasure,rejoicing,-0.3426513671875,2.512777090072632,2
poets,songwriters,-1.846588134765625,-0.45368054509162903,2
powdery,smooth,-1.44921875,-1.3112009763717651,2
powerful,precise,-1.1064453125,1.0241583585739136,2
powerful,stern,-0.615234375,0.26150673627853394,2
powerful,vast,-4.9765625,-0.1864975392818451,2
praise,publicity,1.7244873046875,-1.1153117418289185,2
prematurity,smoking,1.08087158203125,0.01553487777709961,2
presentation,spelling,1.988525390625,-0.47414079308509827,2
principal,supervisor,-2.7578125,-0.02905556559562683,2
produced,wrote,-5.064453125,0.5497184991836548,2
profanity,sanctity,1.3898773193359375,0.09707562625408173,2
profanity,sexual,2.3721923828125,-0.5017235279083252,2
professional,student,-0.17578125,-0.10401374101638794,2
property,slaves,-2.55078125,1.8465617895126343,2
proud,stern,4.6865234375,3.1326732635498047,2
proud,swaggering,-1.990142822265625,0.7324216365814209,2
proud,vain,2.00390625,0.7091493606567383,2
pulled,pulled,0.0,0.05551552027463913,2
radiant,red,2.2587890625,-1.6324001550674438,2
radio,record,0.69921875,-0.3224469721317291,2
rage,scorn,1.0897216796875,0.3219708204269409,2
rage,war,-0.142578125,0.6492757797241211,2
rage,weeping,-0.36279296875,0.7934246063232422,2
rains,storms,-1.1923828125,0.7807133197784424,2
rampant,red,1.748046875,-0.834667444229126,2
randomness,statistics,2.5131149291992188,-1.1477805376052856,2
rapidly,steadily,3.9243087768554688,0.6701620817184448,2
reason,science,-2.525390625,-2.420875072479248,2
reason,tradition,-1.671875,-1.1261564493179321,2
receiver,recorder,2.7157135009765625,0.11634063720703125,2
recorder,tape,1.427734375,0.902490496635437,2
red,red,0.0,0.05551552027463913,2
red,thick,-2.25732421875,-0.15466460585594177,2
red,wrinkled,1.604248046875,0.5790762901306152,2
red,yellow,-1.8828125,-0.15628042817115784,2
rehashed,revised,-2.697265625,0.03940577059984207,2
repeated,sterner,-2.244140625,-0.5734328031539917,2
rip,tip,-0.36328125,-0.8096873760223389,2
rising,rising,0.0,0.05551552027463913,2
run,run,0.0,0.05551552027463913,2
run,shout,0.37109375,1.5922971963882446,2
samoyedic,yeniseian,0.73046875,-0.13257431983947754,2
screaming,shouting,0.796875,0.6170729398727417,2
secured,shut,1.0568923950195312,0.3158440589904785,2
sexuality,violence,0.015625,0.27136996388435364,2
sharper,sharper,0.0,0.05551552027463913,2
shinyness,sunniness,-1.23828125,-0.2056862711906433,2
shivered,suffered,1.8369140625,0.16137000918388367,2
shivered,watched,0.038818359375,-0.4392634332180023,2
shouting,shrieking,1.2489013671875,-0.24599483609199524,2
shouting,singing,-1.30078125,0.20586368441581726,2
shouting,talking,-0.98046875,0.8270692825317383,2
shrimp,snails,0.95965576171875,-1.102042317390442,2
singing,talking,-1.021484375,0.015619069337844849,2
skirmishing,trading,1.78875732421875,1.0367774963378906,2
sluggish,smooth,0.596649169921875,-1.1380027532577515,2
smoking,steaming,1.2111663818359375,1.1888691186904907,2
smoking,talking,0.52093505859375,0.43031978607177734,2
smooth,sweet,1.521484375,-0.2255258560180664,2
smooth,thick,0.4755859375,-0.650871992111206,2
spray,steam,-1.504150390625,-0.27855655550956726,2
spreading,spreading,0.0,0.05551552027463913,2
sputtering,sputtering,0.0,0.05551552027463913,2
squak,squak,0.0,0.05551552027463913,2
starved,tired,-2.34765625,-0.7434134483337402,2
steeper,steeper,0.0,0.05551552027463913,2
stem,stern,2.2734375,-0.5596163272857666,2
stifling,thick,-0.4794921875,-2.2558722496032715,2
storms,wind,-0.73687744140625,-0.6620736122131348,2
talking,talking,0.0,0.05551552027463913,2
tamer,tamer,0.0,0.05551552027463913,2
thick,tough,0.400390625,0.6787023544311523,2
thick,yellow,1.103515625,2.144284248352051,2
thinner,thinner,0.0,0.05551552027463913,2
thumbs,toes,3.1396484375,1.9136619567871094,2
tired,unhappy,2.4541015625,1.2764254808425903,2
tired,uninspired,1.91162109375,2.433699131011963,2
tradition,usage,1.439453125,0.8927874565124512,2
trains,trucks,0.1103515625,-1.8009692430496216,2
twice,twice,0.0,0.05551552027463913,2
tylenol,zithromax,2.271484375,0.002639785408973694,2
uncivilized,unlettered,-0.3446044921875,-0.477918416261673,2
unhallowed,unwarranted,-1.0765380859375,-0.13671883940696716,2
unwinding,winding,-2.116455078125,-0.7518222332000732,2
utter,vast,-4.1484375,-2.188546657562256,2
village,village,0.0,0.05551552027463913,2
violence,war,-0.552734375,-0.3272128105163574,2
wailings,weeping,-4.8505859375,2.6815297603607178,2
watched,watched,0.0,0.05551552027463913,2
weeks,weeks,0.0,0.05551552027463913,2
wider,wider,0.0,0.05551552027463913,2
wrastled,wrastled,0.0,0.05551552027463913,2
wrinkled,yellow,-2.586517333984375,-1.0360745191574097,2
wrote,wrote,0.0,0.05551552027463913,2
yards,yards,0.0,0.05551552027463913,2
yellow,yellow,0.0,0.05551552027463913,2
yours,yours,0.0,0.05551552027463913,2
abjurer,nowhere,1.298828125,0.3566485643386841,3
above,around,1.4453125,-0.7745873332023621,3
accidents,incidents,1.0263671875,-0.057559579610824585,3
accidents,problems,1.3046875,-0.24099084734916687,3
acknowledge,state,-2.7187652587890625,0.09048044681549072,3
actively,successfully,-1.5408935546875,-0.12688709795475006,3
acts,speaks,-0.2421875,1.3509984016418457,3
acts,talks,-0.0703125,0.48420876264572144,3
adoration,love,-3.75390625,-1.3735361099243164,3
aerial,ground,-3.56640625,0.03831872344017029,3
aimlessly,unconsciously,0.9331026077270508,0.6366187930107117,3
along,along,0.0,-0.14233562350273132,3
along,watch,15.625,2.3341474533081055,3
amused,rapid,-7.77685546875,-1.1021862030029297,3
anarchy,license,0.284912109375,0.7369779348373413,3
anguish,dejection,-0.3719902038574219,-0.09830726683139801,3
ants,earth,-1.201171875,-1.672821044921875,3
ants,termites,1.0693359375,0.005034402012825012,3
apologized,time,-8.8544921875,-3.204054832458496,3
apologized,went,-2.71875,-0.8043914437294006,3
apples,cake,0.560546875,0.9724269509315491,3
aquatic,other,1.66015625,-0.3251050114631653,3
arab,egyptian,-3.8896484375,-0.1328781545162201,3
area,league,-0.431640625,1.2293643951416016,3
armies,battles,-0.31201171875,-0.4829508066177368,3
around,around,0.0,-0.14233562350273132,3
arrivals,departures,-0.0881195068359375,0.46896272897720337,3
arrogant,hurtful,-3.81640625,-0.05542105436325073,3
arrogant,lying,1.0906219482421875,1.3143410682678223,3
arrogant,opinionated,-4.37646484375,1.2686777114868164,3
arrogant,quarrelsome,-1.4287109375,-0.44883695244789124,3
arrows,bow,-4.48876953125,0.337449848651886,3
arrows,chimales,-3.323486328125,-0.6446459293365479,3
artists,cartoonists,-2.2327880859375,1.6861627101898193,3
artists,intellectuals,-0.9291954040527344,-0.3658187687397003,3
artists,things,2.14453125,3.063081979751587,3
artists,writers,-3.649200439453125,2.581087112426758,3
ask,call,-6.18359375,-1.9835448265075684,3
assassins,conspirators,1.653076171875,-0.5168588161468506,3
assassins,cutthroats,1.27001953125,-1.5197863578796387,3
assets,cash,-2.765625,-1.3699355125427246,3
assets,exports,0.97802734375,-1.363469123840332,3
atheistic,materialistic,-0.43359375,0.5263569951057434,3
attentive,ready,3.9326171875,0.207394540309906,3
audience,critics,0.21484375,-0.3808225989341736,3
babbled,babbled,0.0,-0.14233562350273132,3
babied,petted,-1.092529296875,0.6127216815948486,3
babysit,come,-2.0892333984375,-1.3620994091033936,3
backed,backed,0.0,-0.14233562350273132,3
backed,pranced,5.505859375,-0.32010617852211,3
backward,sideways,2.4150390625,0.27260449528694153,3
balloon,boy,-0.453125,0.11656218767166138,3
barked,barked,0.0,-0.14233562350273132,3
barleycorns,roots,-6.0234375,0.27636420726776123,3
baskets,parcels,-0.4936790466308594,-0.1784958839416504,3
battles,disputes,-2.4276123046875,1.5522987842559814,3
battleships,cruisers,-7.3203125,-0.15031981468200684,3
beating,beating,0.0,-0.14233562350273132,3
beggars,churches,2.67431640625,-1.6704227924346924,3
belief,sentiment,0.9189453125,0.6559763550758362,3
belief,thought,-0.353515625,1.6555049419403076,3
belief,unbelief,4.730113983154297,0.08343625068664551,3
berrid,dead,-1.0390625,-0.030207931995391846,3
bewildering,many,3.4130859375,1.4781148433685303,3
black,black,0.0,-0.14233562350273132,3
black,cold,0.443359375,-0.007943719625473022,3
black,dismal,1.5234375,2.5497212409973145,3
black,gay,-1.8671875,0.9361622929573059,3
black,shiny,-0.95703125,1.0982036590576172,3
blatant,officious,2.97021484375,1.7125086784362793,3
bliss,suffering,-0.048828125,-0.1025824248790741,3
blows,blows,0.0,-0.14233562350273132,3
board,keel,-1.53515625,-0.5992057919502258,3
boars,deer,-1.20703125,-2.2426977157592773,3
boars,oxen,-2.274169921875,-0.037208154797554016,3
bonnets,dresses,-0.261474609375,0.4185238480567932,3
boots,clothing,-0.47265625,-0.5860387086868286,3
boots,coats,0.443359375,0.35475844144821167,3
bow,slide,1.833984375,1.4040968418121338,3
bowery,lofty,1.52960205078125,-0.5035151839256287,3
boxed,wrestled,1.5477218627929688,-0.36020299792289734,3
bravery,cowardice,1.34228515625,0.2525455355644226,3
bravery,enterprise,1.6796684265136719,0.05058738589286804,3
breakfast,lunch,-0.57421875,-0.19435745477676392,3
breakfast,supper,-0.76171875,-0.41579538583755493,3
bribing,sleeping,3.4228515625,-1.4565703868865967,3
build,come,-4.708984375,-0.5366355180740356,3
burn,split,0.322265625,-0.22258250415325165,3
cake,fruit,-1.9287109375,-1.2295191287994385,3
cake,jelly,3.62890625,-0.8956324458122253,3
call,call,0.0,-0.14233562350273132,3
call,come,-4.255859375,-1.4231879711151123,3
camera,puzzle,1.234375,1.6225850582122803,3
carry,cash,-4.54296875,-2.9939422607421875,3
cash,time,-1.0693359375,0.1958206295967102,3
casseroles,things,9.2333984375,2.5013654232025146,3
charitable,grand,-3.055419921875,-1.7881169319152832,3
cheat,steal,4.0177001953125,0.43376654386520386,3
churches,minsters,1.51171875,0.6641389727592468,3
churches,monasteries,-5.875244140625,0.5047473311424255,3
cinematic,classical,1.3986282348632812,-0.8408215045928955,3
circumstances,fate,-2.76171875,1.2040283679962158,3
circumstances,time,0.046875,-0.6001588106155396,3
civilian,other,6.619140625,1.1190569400787354,3
clairvoyance,mesmerism,0.998046875,0.510840654373169,3
classical,quantum,0.1572265625,0.36402738094329834,3
clergy,nobility,-2.5147705078125,0.26668351888656616,3
closer,closer,0.0,-0.14233562350273132,3
closer,longer,1.052734375,0.6991714835166931,3
closer,warmer,-3.336669921875,2.986595869064331,3
clubs,societies,-2.0800018310546875,0.39444369077682495,3
clubs,things,3.7423095703125,1.6247754096984863,3
coats,dresses,-3.330810546875,0.3294387459754944,3
coats,scarves,-0.886962890625,0.39877694845199585,3
cold,cramp,1.158203125,1.791597843170166,3
cold,dead,0.60546875,0.9320788979530334,3
cold,dire,-2.75390625,2.3019464015960693,3
cold,intellectual,4.463222503662109,1.5507659912109375,3
cold,lifeless,2.5084686279296875,0.1827925443649292,3
cold,rain,-1.99609375,2.2795708179473877,3
cold,rainy,0.60498046875,0.68715900182724,3
cold,silent,0.5361328125,0.9040139317512512,3
cold,snow,1.01171875,-0.20419451594352722,3
cold,snowing,-2.25390625,1.325986623764038,3
cold,steady,2.603515625,0.285064697265625,3
cold,stiff,2.00390625,0.5743908286094666,3
cold,undemonstrative,1.31640625,1.5085337162017822,3
cold,useless,2.185546875,1.967573881149292,3
collectivism,individualism,2.8302001953125,0.09771654009819031,3
college,private,1.78515625,0.27901002764701843,3
college,pro,7.443359375,1.985785722732544,3
colleges,things,7.621501922607422,1.3143575191497803,3
coloring,drawing,-1.26953125,-0.9101862907409668,3
come,come,0.0,-0.14233562350273132,3
come,dine,4.26171875,0.4729819893836975,3
come,hurry,-0.751953125,1.2416472434997559,3
come,take,6.220703125,3.908881664276123,3
come,watch,5.787109375,2.9932003021240234,3
come,went,1.962890625,1.5180532932281494,3
commitment,love,-4.967041015625,-1.227564811706543,3
committing,disciplining,-2.439910888671875,-1.00675368309021,3
communication,trade,0.09619140625,-1.7790071964263916,3
companies,regiments,1.044921875,0.4103836417198181,3
conducting,finish,-0.5244140625,-1.005589246749878,3
congressional,public,2.3032913208007812,-0.11813367903232574,3
consent,order,1.20703125,-0.42282533645629883,3
constrained,mysterious,0.008556365966796875,-0.26608967781066895,3
constrained,silent,-4.3789215087890625,-1.6786704063415527,3
cookie,napkin,-3.3162841796875,0.5370272397994995,3
cooking,pottery,2.13372802734375,2.3623249530792236,3
cooking,residential,0.30694580078125,0.35709667205810547,3
coronation,inauguration,-1.23486328125,-1.734121561050415,3
courteous,friendly,-2.83880615234375,0.2462874948978424,3
cowardice,meanness,-0.90380859375,-0.04279990494251251,3
cowardly,slurring,2.26611328125,1.49741530418396,3
crew,passengers,-2.810546875,-1.5218546390533447,3
critics,curators,0.2275390625,-1.106323480606079,3
critics,public,5.7823486328125,1.3838131427764893,3
croaks,pneumonia,-1.265380859375,0.6989324688911438,3
crowded,noisy,4.113210678100586,-1.2830097675323486,3
crypts,muslins,1.09423828125,1.8670287132263184,3
cunning,different,-0.544921875,0.20749852061271667,3
cunning,ready,6.33203125,-0.8109753727912903,3
cunning,unscrupulous,5.6552734375,-0.09538637101650238,3
currencies,problems,-0.28466796875,1.284909725189209,3
curses,howls,-2.287109375,-0.6447238326072693,3
curses,threats,-0.927734375,-0.13184726238250732,3
daintiness,softness,-0.5458984375,-1.0376691818237305,3
dallied,dallied,0.0,-0.14233562350273132,3
dampish,lonesome,-2.962799072265625,-0.7766260504722595,3
dates,eras,4.052734375,2.170530080795288,3
dates,numbers,2.12109375,-1.467499017715454,3
dates,things,6.69921875,1.8078422546386719,3
dates,time,-0.6953125,-0.7342305183410645,3
daycare,experiences,2.2666015625,1.2763879299163818,3
dead,decaying,2.8427734375,1.7717459201812744,3
dead,stiff,-2.62255859375,-0.296489953994751,3
dead,useless,3.123046875,2.7789697647094727,3
deed,thought,-3.748046875,0.22219300270080566,3
delightfully,truthfully,1.29931640625,-0.4964655041694641,3
delivery,style,-1.9586181640625,-1.2790095806121826,3
desire,hope,-1.4921875,-0.31952935457229614,3
desire,love,-1.5849609375,-0.483501672744751,3
diesel,gasoline,0.3063507080078125,-0.8062309622764587,3
different,imaginative,6.92529296875,0.8501167893409729,3
dimmer,dimmer,0.0,-0.14233562350273132,3
diplomatic,trade,-4.40765380859375,-1.382070779800415,3
dirtier,dirtier,0.0,-0.14233562350273132,3
discomfort,stress,-2.8154296875,-0.7411605715751648,3
discontentedly,idly,-1.715087890625,-0.9967435598373413,3
discotheques,things,4.64453125,1.3151912689208984,3
disease,fasting,1.39404296875,0.6754334568977356,3
disease,stress,1.94873046875,-0.49139097332954407,3
disease,suffering,1.849609375,-0.08851175010204315,3
disease,wars,-2.32421875,-1.5829658508300781,3
dishes,pots,2.5107421875,2.9445688724517822,3
displaced,uprooted,-0.1514892578125,-1.3538486957550049,3
disturbances,wars,-1.1939697265625,-0.42197924852371216,3
dodge,kick,-3.517578125,3.084355354309082,3
dotingly,fondly,0.759765625,-0.6334615349769592,3
dresses,hose,0.056640625,0.09314215183258057,3
drier,warmer,0.953125,0.40388190746307373,3
drowsier,drowsier,0.0,-0.14233562350273132,3
drunk,drunk,0.0,-0.14233562350273132,3
drunk,loaded,-0.199462890625,1.8006172180175781,3
drunk,merry,-2.14453125,-0.6818066239356995,3
duties,pleasures,-0.52252197265625,0.4220643639564514,3
duties,quotas,-2.9426116943359375,1.1288554668426514,3
duties,tariffs,-2.8218765258789062,0.4540674090385437,3
duty,family,3.599609375,-0.34546637535095215,3
duty,inclination,2.789306640625,1.187370777130127,3
duty,love,-2.026885986328125,0.9462646842002869,3
eagerly,quickly,0.9296875,1.6884667873382568,3
earth,sods,-0.5283203125,1.149165391921997,3
edibles,fruit,-1.9228515625,-1.402803897857666,3
ejaculation,orgasm,-3.13134765625,-0.6754268407821655,3
elaborate,gay,-3.7276611328125,0.6050464510917664,3
elegancies,luxuries,0.0799560546875,-0.08630223572254181,3
embarrassing,inconvenient,0.27166748046875,0.8733082413673401,3
emergencies,wars,1.349853515625,-0.8948198556900024,3
employment,income,0.3700714111328125,-2.3865647315979004,3
employment,industrial,-0.19297027587890625,-0.682499885559082,3
enthusiastically,quickly,-0.67901611328125,-1.9707977771759033,3
evenly,quickly,1.25390625,-0.6110292673110962,3
evidently,slowly,-10.2890625,-2.8062100410461426,3
execrable,unclean,2.42236328125,-1.5896642208099365,3
executions,trials,-3.216796875,0.5950985550880432,3
explorer,martyr,-2.2406005859375,-0.0396275520324707,3
extended,reworked,-0.52252197265625,0.6058786511421204,3
extreme,rapid,-2.115234375,-1.594390630722046,3
faded,shabby,2.0791015625,-1.0017313957214355,3
family,inheritance,0.7520751953125,-0.04566377401351929,3
family,love,-3.48974609375,-0.657076358795166,3
family,tribal,2.171875,0.7560641765594482,3
farmers,ranchers,1.7498779296875,0.570795476436615,3
fat,protein,0.3094482421875,0.20340359210968018,3
fatal,mysterious,3.55712890625,0.061466753482818604,3
fatal,sinister,3.932373046875,0.43811291456222534,3
feminine,masculine,-1.53155517578125,0.656821608543396,3
fertility,love,-2.339111328125,-0.3711581528186798,3
fiercer,other,0.986328125,2.226146697998047,3
finish,start,-4.82421875,-1.4769656658172607,3
finished,released,-7.6671142578125,0.17348724603652954,3
first,goal,-0.23046875,0.43902266025543213,3
first,ground,-4.671875,-1.8974380493164062,3
first,largest,1.65625,-2.145683765411377,3
first,notable,1.1611328125,2.8491358757019043,3
first,original,1.0908203125,0.9824596047401428,3
first,second,4.44091796875,-0.1930985450744629,3
first,sixth,1.7265625,-0.11687584221363068,3
fixed,known,5.67431640625,1.097217321395874,3
fixed,running,0.521484375,0.01738572120666504,3
fixed,steady,-1.48828125,-0.2393927276134491,3
fixed,variable,-2.2666015625,0.40355384349823,3
flemish,german,-2.340576171875,-1.4376487731933594,3
flips,things,3.6904296875,2.2238106727600098,3
flooded,lifeless,1.22509765625,-1.1088922023773193,3
foam,paper,-1.8564453125,0.021384432911872864,3
fondly,foolishly,2.782958984375,-0.5382323861122131,3
foolishness,inaccuracy,4.27685546875,0.4851917624473572,3
footsteps,voices,-3.60711669921875,-1.5949773788452148,3
footsteps,whistling,3.026153564453125,0.9258034825325012,3
formulae,things,2.421875,2.105393886566162,3
fossils,lithologies,0.2548828125,-0.1966421902179718,3
fossils,minerals,0.8220367431640625,0.3540351390838623,3
fours,threes,1.498046875,0.09491860866546631,3
friendly,frolicsome,0.2049560546875,-0.5107007026672363,3
friendly,sympathetic,3.553955078125,1.1466975212097168,3
frolicsome,gay,0.365234375,-1.1927849054336548,3
fruit,sherbets,0.8564453125,0.92960125207901,3
fruit,suet,6.44140625,3.452763080596924,3
further,further,0.0,-0.14233562350273132,3
fussing,grizzling,1.6569290161132812,0.3393256664276123,3
gasoline,time,-5.3269805908203125,-0.1540670394897461,3
gasps,sundry,4.1533203125,3.0607776641845703,3
gay,merry,0.603515625,-0.3818972706794739,3
gay,useless,-0.39453125,1.418942928314209,3
gayer,gayer,0.0,-0.14233562350273132,3
given,taken,-1.75390625,0.2566291391849518,3
gladly,quickly,-2.662109375,-0.8357571959495544,3
glands,vessels,3.319915771484375,-2.3972785472869873,3
golder,phillipson,7.191375732421875,0.202251136302948,3
goodness,love,1.1171875,-0.40748876333236694,3
goodness,sincerity,-1.3731307983398438,-0.5996916890144348,3
gracious,ready,0.623046875,-0.3374071717262268,3
grand,lofty,-1.44921875,-0.2829192876815796,3
grand,useful,1.146484375,1.3635227680206299,3
grandest,happiest,-0.2489013671875,0.15909922122955322,3
grimaces,speaks,0.31640625,-0.4366447925567627,3
haltingly,slowly,-1.767578125,-1.7638030052185059,3
handbags,jewelry,0.1502227783203125,2.656174898147583,3
hands,heels,-3.062744140625,1.478111743927002,3
hanged,quartered,1.75042724609375,-0.07021518051624298,3
hanged,taken,1.5749359130859375,0.4812721610069275,3
hardware,software,-2.670496940612793,0.488036572933197,3
hasty,indifferent,6.647712707519531,1.3352789878845215,3
heavier,heavier,0.0,-0.14233562350273132,3
heavier,longer,3.69085693359375,0.94980388879776,3
heavier,second,-4.01123046875,0.49276745319366455,3
hibernation,reproduction,1.818115234375,0.3974377512931824,3
hissed,sputtered,-1.135986328125,-0.19381019473075867,3
homesick,lonesome,0.3909492492675781,-0.10406485199928284,3
honey,succotash,-1.927734375,1.0837397575378418,3
honorable,useful,-5.32421875,1.3323261737823486,3
hope,love,-1.841796875,-1.4703190326690674,3
hope,pride,-1.279296875,-0.8840288519859314,3
hope,watch,-3.716796875,-0.0781516283750534,3
horses,oxen,2.036041259765625,0.1893407106399536,3
horses,riders,2.08056640625,-0.3842560052871704,3
horses,sheep,-1.13671875,0.922941267490387,3
horses,waggons,1.92529296875,0.9801636338233948,3
human,saurian,-1.501953125,-2.467072010040283,3
hurry,preparation,3.41796875,-0.6380451321601868,3
husband,husband,0.0,-0.14233562350273132,3
ideas,oratory,6.1171875,2.447016716003418,3
ideas,things,1.64453125,2.089296340942383,3
improper,odors,-0.529296875,-2.5359325408935547,3
inclination,time,-3.9228515625,-1.0257940292358398,3
incredulously,slowly,-3.14825439453125,-1.6321887969970703,3
indifferently,lazily,1.0210304260253906,-1.4434571266174316,3
individually,slowly,2.15234375,-0.6873104572296143,3
industrial,port,1.7349090576171875,0.9189395308494568,3
industrial,residential,-2.3674240112304688,-0.26607847213745117,3
industrial,sectional,2.1489524841308594,1.3264434337615967,3
industrial,tourist,-1.3952064514160156,0.8033657670021057,3
industrial,trade,-3.675759792327881,-1.1661641597747803,3
ingredients,sauces,0.6923065185546875,-0.2577545642852783,3
ingredients,time,-11.28515625,-2.366051197052002,3
inscrutable,silent,-2.8486328125,-1.3875699043273926,3
intense,laborious,-1.6572265625,-0.6157242655754089,3
intense,passionate,-1.4052734375,1.0764148235321045,3
intense,thrilling,2.564453125,0.24637442827224731,3
invisible,silent,0.8406486511230469,-1.460843801498413,3
island,town,2.044921875,-2.118778705596924,3
islands,jungles,2.00634765625,1.0384185314178467,3
joys,tears,-5.352294921875,-2.193133592605591,3
kick,plunge,0.9590730667114258,1.0427799224853516,3
kindergarten,kindergarten,0.0,-0.14233562350273132,3
lame,stiff,-0.1044921875,-1.8466870784759521,3
lame,useless,3.470703125,-0.2969547212123871,3
languages,learning,-0.271484375,0.5622685551643372,3
languages,scriptures,2.236328125,1.2169513702392578,3
largest,newest,-0.80859375,0.5105466246604919,3
law,order,2.40234375,2.069227933883667,3
learning,love,-0.3388671875,-0.5252268314361572,3
legend,story,1.015625,-0.18790027499198914,3
legislation,trade,-0.939208984375,-1.671072244644165,3
less,less,0.0,-0.14233562350273132,3
loaded,ready,-0.2978515625,-1.469026803970337,3
lofty,splendid,1.52490234375,-1.3959345817565918,3
longer,longer,0.0,-0.14233562350273132,3
looking,looking,0.0,-0.14233562350273132,3
love,pride,-0.189453125,0.6851534247398376,3
love,sincerity,-2.2410812377929688,0.9566395878791809,3
love,sympathy,1.097412109375,1.6302435398101807,3
love,tears,-3.5732421875,0.5045161843299866,3
lumpier,lumpier,0.0,-0.14233562350273132,3
lustily,together,-1.1689453125,-0.983352780342102,3
mail,passengers,-3.7099609375,-0.7815808653831482,3
manufacturing,trade,1.0181884765625,0.6310527324676514,3
many,many,0.0,-0.14233562350273132,3
merry,thriving,1.54638671875,2.1652002334594727,3
minerals,protein,-2.5515975952148438,0.6942185759544373,3
miscellaneous,sundry,-0.8077392578125,-0.6464495062828064,3
moans,pants,0.98388671875,1.0304152965545654,3
moans,tears,-5.080078125,-0.5278746485710144,3
motor,perceptional,-4.390625,0.556022584438324,3
mudpuppies,olms,-2.4638671875,0.9831417202949524,3
mysterious,obsessive,-0.117767333984375,1.8099863529205322,3
nets,nets,0.0,-0.14233562350273132,3
nets,rubbish,2.064453125,0.359028160572052,3
numbers,numbers,0.0,-0.14233562350273132,3
numbers,symbols,-0.4974212646484375,0.23797380924224854,3
nursing,residential,-0.145751953125,0.10674872994422913,3
oaths,threats,2.44580078125,0.37337762117385864,3
observant,steady,-4.5,-0.24240458011627197,3
occidental,suggestion,0.556640625,0.6463249325752258,3
online,ready,1.30078125,-0.39499494433403015,3
opportunities,threats,-5.76068115234375,0.4227102994918823,3
oppressions,wars,-0.265625,-0.7218213081359863,3
original,shocking,0.5810546875,0.11650088429450989,3
original,simultaneous,2.352813720703125,-0.9333552122116089,3
overwork,pneumonia,2.7722396850585938,-0.2871236801147461,3
overwork,underfeeding,-4.2099609375,-0.5175943374633789,3
oxen,sheep,-1.6275787353515625,-1.0390963554382324,3
packages,parcels,0.5813751220703125,-0.2108018398284912,3
packages,suitcases,-0.399078369140625,-0.19307199120521545,3
pages,pages,0.0,-0.14233562350273132,3
pants,shirts,-0.70263671875,-0.5558250546455383,3
pants,vocalizes,0.082763671875,1.2200260162353516,3
paper,points,11.4130859375,4.507418155670166,3
paper,pulp,1.07421875,0.9576179385185242,3
paper,puzzle,-4.6201171875,1.6183741092681885,3
paper,rubbish,0.369140625,2.2851531505584717,3
paper,things,3.53515625,1.8394062519073486,3
parish,public,1.44921875,-0.04809492826461792,3
peas,strawberries,-0.18017578125,-1.3009998798370361,3
peeping,spying,4.421875,0.5493428111076355,3
perilous,uncertain,0.5986328125,0.184513121843338,3
persecution,suffering,-2.28759765625,-0.21751832962036133,3
persevering,plodding,1.1823883056640625,-0.15619459748268127,3
persons,things,0.689453125,1.6761102676391602,3
picture,story,-3.146484375,-0.5175232291221619,3
piles,piles,0.0,-0.14233562350273132,3
poorer,poorer,0.0,-0.14233562350273132,3
pots,pots,0.0,-0.14233562350273132,3
pottery,statues,5.349609375,-1.4099147319793701,3
powder,rifles,-0.3372802734375,-0.07417100667953491,3
prayed,prayed,0.0,-0.14233562350273132,3
preparation,study,-3.005126953125,-0.6234722137451172,3
preparation,thought,-2.109375,0.6441364884376526,3
pretend,pretend,0.0,-0.14233562350273132,3
pride,prime,-4.9189453125,-0.8553163409233093,3
pride,risk,-2.623046875,0.6967687010765076,3
pride,vanity,-0.659912109375,0.8451080918312073,3
private,public,-1.037109375,0.4902192950248718,3
private,retail,0.90478515625,0.19501632452011108,3
private,state,-0.265625,0.4198451638221741,3
private,tribal,-2.193359375,-0.026721715927124023,3
problems,valium,1.71875,0.8176856637001038,3
problems,worries,1.264892578125,-0.67057204246521,3
public,state,-1.4853515625,-0.10114990174770355,3
public,wooden,-1.123046875,-0.07778820395469666,3
put,take,0.986328125,-0.38873934745788574,3
put,went,-7.1484375,-1.7514066696166992,3
quality,quantity,3.0595703125,1.4206016063690186,3
quicker,quicker,0.0,-0.14233562350273132,3
quickly,sharply,-1.0225067138671875,-0.21922974288463593,3
quickly,slowly,-2.544921875,-0.8544026613235474,3
quickly,wisely,2.6585540771484375,0.5931429266929626,3
quotas,tariffs,-2.9462890625,-1.8424079418182373,3
rain,snow,0.646484375,-1.0324342250823975,3
rain,tears,-0.033203125,-1.1586589813232422,3
rallies,talks,2.746337890625,2.4875783920288086,3
ran,ran,0.0,-0.14233562350273132,3
ready,silent,-2.90478515625,-2.2926111221313477,3
ready,steady,2.451171875,-0.8629246950149536,3
ready,willing,3.27734375,1.5315296649932861,3
really,really,0.0,-0.14233562350273132,3
really,truthfully,-0.365234375,-0.6826766133308411,3
rebellions,wars,-0.8173828125,-0.6023021936416626,3
rebo,things,-7.1416015625,0.24399906396865845,3
rented,went,-1.87139892578125,-1.492217779159546,3
repossessions,restrictions,0.483154296875,0.3718429207801819,3
residential,retail,1.64892578125,0.015252649784088135,3
respectful,sympathetic,-2.51397705078125,0.7524181604385376,3
rested,visited,0.76849365234375,-0.3948332369327545,3
retail,trade,-2.2919921875,0.5150724053382874,3
returned,taken,-0.76953125,1.2505035400390625,3
rifles,shotguns,-0.3109588623046875,-0.23297953605651855,3
risk,uncertainty,0.828125,-0.11885267496109009,3
roadways,sidewalks,1.025390625,0.1672060787677765,3
romp,roughhouse,0.8251953125,-0.045406997203826904,3
ruined,uninhabited,0.54931640625,0.4512278437614441,3
rung,rung,0.0,-0.14233562350273132,3
running,running,0.0,-0.14233562350273132,3
running,stress,-1.060546875,-0.23023852705955505,3
salted,smoked,-0.65869140625,-1.2139439582824707,3
satellites,spacecraft,1.264404296875,-0.6294648051261902,3
scarcer,scarcer,0.0,-0.14233562350273132,3
scarves,turtlenecks,-3.025390625,0.2848872244358063,3
schema,subschema,-0.88232421875,0.12020564079284668,3
searchingly,slowly,-3.00048828125,-1.835465431213379,3
serials,series,-1.33984375,-0.24067139625549316,3
series,shows,2.537109375,2.0383787155151367,3
share,share,0.0,-0.14233562350273132,3
shoplifting,things,2.5625,-1.88844633102417,3
shows,things,0.70703125,-0.0176955908536911,3
shudder,tremble,0.441650390625,-0.46595412492752075,3
silent,stiff,0.3583984375,0.5277310013771057,3
silent,tearful,1.69140625,0.9433513283729553,3
sincere,thorough,1.3288459777832031,-0.6132410168647766,3
skinnier,skinnier,0.0,-0.14233562350273132,3
skis,things,3.68359375,1.3319261074066162,3
sleeping,sleeping,0.0,-0.14233562350273132,3
slowly,unconsciously,8.174301147460938,5.213501930236816,3
slows,tires,0.2734375,0.3342245817184448,3
somehow,somewhere,-1.205078125,0.2516688108444214,3
sophistication,style,4.46484375,-0.8733825087547302,3
speaks,turns,-0.7265625,-0.7190393209457397,3
sponsor,witness,-0.9501953125,0.5677512884140015,3
springs,tension,0.28125,-0.2819056212902069,3
stalkier,stalkier,0.0,-0.14233562350273132,3
stamps,turns,1.09271240234375,0.7645378112792969,3
start,tremble,-1.078857421875,0.3836213946342468,3
statues,things,-0.0205078125,0.8913522362709045,3
steady,stiff,-1.49609375,-0.34973418712615967,3
stiller,stiller,0.0,-0.14233562350273132,3
stress,tension,-4.42578125,-0.14721430838108063,3
study,thought,1.591796875,2.4537148475646973,3
subtle,wondrous,-0.8984375,-0.7644640207290649,3
suffering,time,-1.58984375,-1.364527940750122,3
surrounded,taken,-0.59375,0.6048186421394348,3
suspense,uncertainty,6.494140625,3.4219610691070557,3
sweeps,talks,-1.853515625,0.19789284467697144,3
talkative,thoughtless,-0.98046875,0.7576250433921814,3
talks,talks,0.0,-0.14233562350273132,3
talks,turns,-3.6484375,-0.17955082654953003,3
tap,tap,0.0,-0.14233562350273132,3
territory,trade,2.29296875,0.27146685123443604,3
things,things,0.0,-0.14233562350273132,3
things,tires,1.896484375,-0.5586755871772766,3
thought,thought,0.0,-0.14233562350273132,3
thought,time,-2.29296875,-3.4535415172576904,3
time,time,0.0,-0.14233562350273132,3
time,ways,-2.318359375,-0.024998560547828674,3
useful,willing,1.056640625,1.3832371234893799,3
vanquished,victor,-3.75030517578125,0.20996415615081787,3
vanquished,victors,-5.13818359375,-2.7974958419799805,3
voices,whistling,-3.654296875,-0.9022154808044434,3
warmer,warmer,0.0,-0.14233562350273132,3
watch,watch,0.0,-0.14233562350273132,3
weaker,weaker,0.0,-0.14233562350273132,3
went,went,0.0,-0.14233562350273132,3
wilder,wilder,0.0,-0.14233562350273132,3
absence,substitution,2.633056640625,0.6453290581703186,4
absorbing,long,-6.498046875,-4.799229145050049,4
acceleration,velocity,1.562713623046875,0.7991840243339539,4
acquisition,opening,1.60089111328125,0.8593623638153076,4
act,looks,-6.986328125,-1.31160306930542,4
act,snort,-0.98828125,-1.0510722398757935,4
admission,listing,1.79541015625,-0.45405125617980957,4
advantage,profit,-2.184814453125,0.7707241177558899,4
agencies,officers,2.432373046875,-0.7928397059440613,4
alasia,gabrielle,-2.169921875,0.006364092230796814,4
alms,largesse,3.2457275390625,0.27488601207733154,4
amazement,inquiry,1.4008712768554688,0.6141875386238098,4
american,canadian,-0.6240234375,1.175987720489502,4
american,confederate,6.143341064453125,0.21457727253437042,4
american,foreign,0.60546875,0.3637757897377014,4
american,french,-1.9296875,-0.22456882894039154,4
american,irish,-0.623046875,-0.13640987873077393,4
anemone,roses,-7.449462890625,-0.8191760182380676,4
angle,distance,0.7109375,-0.5755244493484497,4
angrily,loudly,-2.03338623046875,-1.5357271432876587,4
answered,considered,-0.51953125,-0.18226613104343414,4
anxiously,long,-2.2017574310302734,-1.4056813716888428,4
apparel,implements,0.72369384765625,-0.5915500521659851,4
apparel,money,-3.5997314453125,-2.9456334114074707,4
appetizing,nourishing,1.1270904541015625,-1.0968787670135498,4
architecture,ceremonies,-0.648590087890625,0.7077332735061646,4
architecture,skyscrapers,-1.305908203125,-0.33797311782836914,4
architecture,workmanship,-1.988525390625,0.5630567073822021,4
architecture,works,2.779296875,-0.4328662157058716,4
arduously,long,0.060546875,-1.6533787250518799,4
artistic,general,-2.8828125,0.9571137428283691,4
artistic,international,0.95489501953125,1.4092137813568115,4
artistic,social,6.95751953125,2.7763121128082275,4
artistic,technical,2.51220703125,0.7590959668159485,4
ashamed,enraged,-0.467864990234375,1.2145932912826538,4
ashamed,white,-0.349609375,-4.511800289154053,4
asking,asking,0.0,0.03992215543985367,4
atmospheric,solar,2.150482177734375,0.033964455127716064,4
authority,caution,0.2924346923828125,0.6730172634124756,4
authority,responsibility,-1.3203125,-0.4087594747543335,4
back,back,0.0,0.03992215543985367,4
back,electrical,-3.4990234375,0.19525589048862457,4
back,everyth,2.6953125,2.681596279144287,4
back,open,-2.6640625,0.7398669123649597,4
back,out,-0.224609375,-0.8596801161766052,4
back,upper,0.53125,-0.47615307569503784,4
back,work,0.48828125,0.4857870936393738,4
backup,medical,-0.6611328125,-2.7210965156555176,4
bamboo,rice,-0.00439453125,-1.9836821556091309,4
banana,lavender,2.1805419921875,1.783596158027649,4
banana,rice,-0.646484375,-1.5909488201141357,4
barracks,warehouses,-2.3435440063476562,0.31834131479263306,4
bass,piano,0.783203125,0.33392590284347534,4
battle,host,1.634765625,0.050283417105674744,4
battle,work,-2.09765625,0.8431457281112671,4
beaten,bruised,2.185302734375,-0.7234719395637512,4
beaten,dispersed,1.70751953125,0.048030391335487366,4
beaten,stabbed,0.784942626953125,0.4638376832008362,4
bedevilment,confusion,0.67529296875,0.11360274255275726,4
bees,beetles,2.754638671875,1.2364448308944702,4
bees,lindens,1.138916015625,1.1146094799041748,4
beetles,rats,-3.883544921875,-1.844370722770691,4
behavior,habitats,-0.8188323974609375,1.1092814207077026,4
behavior,neurogenesis,0.8838176727294922,-0.3693484663963318,4
behavior,size,-3.827143669128418,-2.155534029006958,4
behind,behind,0.0,0.03992215543985367,4
bellow,hook,-3.5390625,-1.4653918743133545,4
beloved,dear,-1.7210979461669922,0.02240912616252899,4
beloved,loving,-0.3428993225097656,-0.3027210235595703,4
bigger,bigger,0.0,0.03992215543985367,4
bigger,faster,0.83984375,1.1559451818466187,4
bigger,newer,-5.34375,-0.20865342020988464,4
bigger,prettier,-0.79541015625,1.9963510036468506,4
bison,cattle,-0.787109375,0.38140469789505005,4
bison,hybrids,2.158203125,0.02508588135242462,4
bleeding,bruised,4.6160888671875,-0.37181681394577026,4
blessed,dear,-0.590728759765625,-0.722328782081604,4
block,ring,2.763671875,-0.23433570563793182,4
blow,blow,0.0,0.03992215543985367,4
blow,bluster,-0.52978515625,1.0876295566558838,4
blow,howl,1.1787109375,2.2936224937438965,4
blues,whites,-2.18804931640625,-1.6723846197128296,4
bolder,bolder,0.0,0.03992215543985367,4
bouncing,bumping,1.6452293395996094,-0.5435402989387512,4
bowl,drinks,6.6796875,2.0738301277160645,4
breathe,surface,1.265625,0.20871861279010773,4
brethren,trust,1.2750244140625,0.6991998553276062,4
brie,butter,-1.095703125,-0.053305670619010925,4
bright,cheerful,2.0789794921875,0.5604951977729797,4
bright,fair,0.939453125,1.2957243919372559,4
bright,glorious,0.46422576904296875,2.717806339263916,4
bright,joyous,0.826904296875,1.5073878765106201,4
bright,keen,0.8212890625,1.891567587852478,4
bright,peaceful,2.4761962890625,0.7693707346916199,4
bright,pure,-1.630859375,0.8515380620956421,4
bright,smiling,-1.4541015625,1.4635663032531738,4
bright,snapping,-0.8466796875,0.5874456763267517,4
bright,still,2.087890625,1.2429858446121216,4
bright,white,0.7265625,2.273005723953247,4
brightness,size,-1.9580078125,-0.1631241887807846,4
brooches,goblets,5.755859375,-0.7316046357154846,4
browned,healthy,7.3427734375,1.222229242324829,4
bruised,jarred,-2.05615234375,0.2140376716852188,4
bucks,saws,3.9814453125,-0.5347824692726135,4
building,building,0.0,0.03992215543985367,4
building,development,-1.876953125,-0.8936972618103027,4
buses,trams,-1.06591796875,0.026560157537460327,4
butter,experience,-3.8525390625,2.8031702041625977,4
butter,jam,1.01171875,0.8949099779129028,4
cakes,candies,0.0587158203125,0.2535882592201233,4
cakes,doughnuts,-0.61627197265625,0.9319659471511841,4
cakes,pastries,1.9521484375,0.9918311834335327,4
camps,cottages,1.143524169921875,-0.2621123194694519,4
canadian,french,-1.265625,0.35147708654403687,4
canadian,international,2.556640625,0.6368942856788635,4
careful,long,-3.84765625,-2.3948845863342285,4
catalogs,essays,-0.5470123291015625,-0.3325634002685547,4
cattle,farms,1.373779296875,1.3254934549331665,4
caution,delay,-0.99664306640625,0.33954715728759766,4
caution,experience,-2.33416748046875,-0.23113898932933807,4
caution,mystery,-1.264404296875,-0.7935953140258789,4
celebrity,related,5.1015625,0.7349849343299866,4
changeability,conformity,-1.134765625,-0.8607405424118042,4
changed,changed,0.0,0.03992215543985367,4
charisma,money,-2.529296875,-0.8376354575157166,4
cheerful,cozy,-1.61083984375,1.141597867012024,4
cheerful,smiling,-1.76629638671875,-2.753767490386963,4
cheerful,surprised,-1.230224609375,2.542081832885742,4
chives,onion,4.5009765625,2.0337882041931152,4
choicer,prettier,-1.13336181640625,0.2187568098306656,4
church,work,-0.1015625,1.281986951828003,4
ciliates,radiolaria,-0.623046875,0.19956447184085846,4
clay,lead,2.763671875,3.5219621658325195,4
clay,logs,-1.908203125,0.6200494170188904,4
cleared,lined,1.81884765625,0.13935227692127228,4
cliffs,gorges,-0.0341644287109375,0.8270989060401917,4
cliffs,hillsides,2.3363189697265625,1.0976526737213135,4
cliffs,riverbanks,-0.950927734375,0.529457151889801,4
clods,clumps,0.63525390625,-0.7624788880348206,4
closing,opening,-2.478515625,0.22336134314537048,4
collapsed,melted,2.1735458374023438,-0.1977861076593399,4
colors,forms,0.576171875,0.9195950627326965,4
colors,patterns,1.9892959594726562,-0.312674343585968,4
community,voluntary,0.5430908203125,0.6400138735771179,4
concerted,concurrent,0.87109375,0.9047547578811646,4
condemnation,sentence,4.51898193359375,1.0656334161758423,4
confusion,misinformation,0.52294921875,-0.27436161041259766,4
confusion,panic,-1.6201171875,-0.5830019116401672,4
confusion,rumors,-2.08837890625,-0.7048914432525635,4
considered,rejected,-0.435791015625,-0.45900946855545044,4
considered,still,-5.662109375,-4.4791789054870605,4
conspiracy,forgery,5.078369140625,-0.6779845356941223,4
constant,loud,-0.953125,-1.7599444389343262,4
constant,perishable,1.891357421875,2.26485013961792,4
continental,french,-0.37158203125,-0.7010562419891357,4
copyrights,rights,-1.2899169921875,-0.9223995804786682,4
corruption,cultism,-0.9094772338867188,-1.8420841693878174,4
cottages,houses,-0.320709228515625,0.5446650981903076,4
country,kinship,-2.583984375,0.11441923677921295,4
country,royalty,-2.93408203125,0.5787116885185242,4
crackers,fudges,-0.1298828125,-0.17030687630176544,4
crackers,jam,-1.653076171875,0.2903270125389099,4
cranes,warehouses,-1.040771484375,0.10109958797693253,4
creaks,squelches,1.1089019775390625,-0.09306667745113373,4
criticize,denounce,3.433349609375,-0.5409371852874756,4
cross,disagreeable,0.1129302978515625,0.685033917427063,4
cross,discontented,1.1904296875,1.0954357385635376,4
cross,fussy,-1.435546875,-1.845450520515442,4
cross,unkind,-2.607421875,-0.44310373067855835,4
crowbars,picks,1.337890625,2.0450801849365234,4
curled,curled,0.0,0.03992215543985367,4
cytosine,thymine,2.486328125,0.987553596496582,4
damp,keen,0.591796875,-0.2963011860847473,4
damp,loathsome,2.4677734375,0.31799930334091187,4
damp,long,-1.7265625,-0.557383120059967,4
damp,thin,-0.79296875,-2.5578858852386475,4
damp,unwholesome,0.9654541015625,0.03495648503303528,4
dance,music,-1.15625,-1.2079681158065796,4
daring,heroic,-1.536865234375,0.10532347857952118,4
daring,lateral,2.343109130859375,-0.4880369305610657,4
daring,marvellous,1.3973464965820312,-0.2762411832809448,4
daring,own,-0.005859375,1.3026708364486694,4
deafening,long,-2.6214447021484375,-2.9325923919677734,4
dear,long,-0.73828125,-1.512732744216919,4
dear,loving,1.55078125,1.4442704916000366,4
dear,thoughtful,3.71044921875,1.2661962509155273,4
decorations,flags,-2.0615234375,-0.6230580806732178,4
decorations,jewels,-2.89776611328125,0.1525445133447647,4
decorations,tints,-0.848876953125,0.32670676708221436,4
delighted,flustered,-1.6341552734375,-0.26109182834625244,4
delighted,smiling,-4.12890625,-1.1930060386657715,4
delighted,surprised,-2.474609375,0.31190699338912964,4
denounce,preach,-2.724609375,0.9141907095909119,4
detonators,fuses,-0.44921875,-0.8713844418525696,4
development,production,-1.65234375,-0.5639694929122925,4
development,testing,-1.12640380859375,1.177430272102356,4
diagrams,illustrations,-3.572998046875,0.4041101932525635,4
dimpled,white,0.119873046875,-1.6925365924835205,4
dismally,long,-1.3974609375,-1.3639687299728394,4
distance,size,-6.65625,-1.6020615100860596,4
distance,terrain,-0.42138671875,0.8039721846580505,4
distinctly,loud,-5.9397501945495605,-1.5894579887390137,4
distinctly,loudly,-3.18916654586792,-0.21943815052509308,4
dizzy,nauseated,7.17474365234375,0.1290608048439026,4
drastic,long,-3.884765625,-0.8226701617240906,4
drinks,eats,1.12890625,0.7589216232299805,4
drinks,laughs,3.4375,0.32195109128952026,4
dropped,sunk,0.970703125,-3.0555367469787598,4
ducks,pelicans,0.24609375,1.6361501216888428,4
dull,long,-2.07421875,-0.6759058833122253,4
dull,simple,4.732421875,2.817906141281128,4
dull,spiritless,1.2578125,1.255035638809204,4
dwellings,shops,0.526123046875,-0.5421653389930725,4
dysentery,famine,0.30322265625,0.23020537197589874,4
ecological,molecular,0.9741897583007812,1.075134515762329,4
educated,scientific,-0.986328125,-1.3595499992370605,4
egotistical,unrefined,-9.021484375,3.6852188110351562,4
endangered,endemic,-3.7775726318359375,-0.47630488872528076,4
endure,work,-0.37890625,-0.2900218367576599,4
energy,fire,-0.048828125,-0.7597166895866394,4
energy,stamina,1.16015625,0.1794702261686325,4
energy,valour,-1.1796875,-0.7279038429260254,4
engineer,managerial,2.390625,1.699425458908081,4
entertainment,lodging,2.7568359375,0.5855811834335327,4
entertainment,music,-0.54296875,-0.682895839214325,4
entertainment,profit,0.12744140625,0.07176949083805084,4
equality,freedom,0.181884765625,-0.9105685353279114,4
ermine,scarlet,-0.78057861328125,-1.3870577812194824,4
evade,evade,0.0,0.03992215543985367,4
everyday,simple,-0.3349609375,-0.3272947669029236,4
exclusive,significant,0.515716552734375,-1.0795308351516724,4
exits,returns,-0.796600341796875,-0.6620126962661743,4
experience,observation,-2.937744140625,-0.4277493357658386,4
experience,responsibility,0.82763671875,-0.2137957364320755,4
experiments,observations,2.19580078125,0.36973631381988525,4
fagged,flustered,1.337158203125,0.18301893770694733,4
fair,frank,-0.513671875,1.4528732299804688,4
fair,legible,4.03125,0.34595173597335815,4
fair,peaceful,2.67230224609375,0.8413578867912292,4
fair,prosperous,1.9454612731933594,0.3529033660888672,4
fair,pure,-0.9033203125,0.4374351501464844,4
fair,still,0.423828125,0.9502899050712585,4
farms,houses,-3.525634765625,-1.8107753992080688,4
faster,faster,0.0,0.03992215543985367,4
fatiguing,long,-3.3720703125,-2.293950080871582,4
feverish,ill,1.12451171875,-0.4344073534011841,4
fevers,malarias,3.71875,0.64149409532547,4
film,film,0.0,0.03992215543985367,4
film,music,-0.875,-0.11665128171443939,4
finches,larks,3.3876953125,-0.21654747426509857,4
fire,lead,-0.9375,2.3005411624908447,4
fire,load,2.240234375,0.981709361076355,4
fire,tools,-0.833984375,0.44564390182495117,4
fixedly,long,1.052734375,-2.4735121726989746,4
flags,music,0.12060546875,-0.9799702763557434,4
flash,loud,-0.626953125,-0.7712608575820923,4
fleecy,thin,-0.3232421875,-1.3705960512161255,4
fleecy,white,-4.208984375,-1.0668342113494873,4
fly,fly,0.0,0.03992215543985367,4
foreign,international,0.9140625,0.08665500581264496,4
foreign,tanned,-1.79052734375,0.3385314345359802,4
foreign,ukrainian,1.77099609375,-0.2567705512046814,4
forgives,relents,-0.3310546875,1.793858289718628,4
frank,independent,-0.6995849609375,0.5734103322029114,4
frank,offensive,-6.5771484375,-1.7466731071472168,4
frank,open,0.740234375,-1.0068657398223877,4
freedoms,rights,-3.96142578125,-1.5468419790267944,4
french,irish,-0.7109375,-0.8635632395744324,4
french,music,3.0859375,0.22719933092594147,4
freshman,sophomore,0.48260498046875,-0.7568444609642029,4
friend,playfellow,-2.2060546875,1.7067872285842896,4
furs,implements,-0.614501953125,0.2223300188779831,4
fuss,squeal,1.072509765625,1.0127081871032715,4
fuss,stamp,3.119140625,1.330320119857788,4
gaping,muttering,2.41705322265625,0.9881246089935303,4
general,maddened,4.337890625,-0.07995693385601044,4
general,technical,-0.3624267578125,-0.18776659667491913,4
generations,generations,0.0,0.03992215543985367,4
ghastly,long,-3.2086181640625,-1.3015402555465698,4
ghastly,unending,0.031494140625,1.251221776008606,4
godless,violent,2.10302734375,0.9136796593666077,4
grandma,grandpa,5.5341796875,0.25839805603027344,4
guerilla,independent,1.6142578125,-0.2469208687543869,4
gutturally,loudly,-4.01953125,-1.9603166580200195,4
hammering,hammering,0.0,0.03992215543985367,4
hazelnut,raspberry,-0.083740234375,-0.7783143520355225,4
healthy,long,-4.203125,-0.2641890048980713,4
healthy,obedient,1.8665771484375,0.39909547567367554,4
healthy,open,4.40234375,0.08750095218420029,4
healthy,prosperous,1.7238616943359375,0.5046591758728027,4
healthy,pure,-4.6904296875,-0.6241645216941833,4
heart,joints,-1.63134765625,1.4972585439682007,4
heart,renal,1.296875,1.378201961517334,4
heartfelt,traditional,0.9404296875,-1.3373879194259644,4
heartily,long,2.282782554626465,-1.4812486171722412,4
hearty,loud,-3.45556640625,-0.8647381663322449,4
hearty,loving,0.513671875,0.8178184032440186,4
hedonism,utilitarianism,-3.1683349609375,0.2633581757545471,4
helmsman,operator,-0.43701171875,-0.24171756207942963,4
hoot,howl,1.474609375,1.587128758430481,4
hop,squeal,0.029052734375,1.4050188064575195,4
hopelessly,vaguely,1.140848159790039,-0.6651009917259216,4
hops,jumps,-1.85882568359375,0.8291963934898376,4
horns,strings,0.870361328125,-1.4555342197418213,4
hoss,hoss,0.0,0.03992215543985367,4
houses,houses,0.0,0.03992215543985367,4
houses,shops,4.046875,0.5157788395881653,4
houses,stores,4.626953125,2.1628124713897705,4
howl,howl,0.0,0.03992215543985367,4
husk,sawdust,-3.215087890625,1.3719823360443115,4
ill,weary,-4.15234375,-0.7096771597862244,4
ill,white,-1.1650390625,-0.4777039885520935,4
implements,tools,-0.3240966796875,-1.7689985036849976,4
incongruity,likeness,1.5958099365234375,0.48879486322402954,4
independent,savage,-2.064453125,-0.22548674046993256,4
independent,sovereign,-1.806640625,0.4269360899925232,4
independent,wealthy,8.548370361328125,-0.8149038553237915,4
indoors,out,1.452056884765625,0.308885395526886,4
infallible,sovereign,-6.55364990234375,-1.2618870735168457,4
innovation,technology,1.4179534912109375,0.19255362451076508,4
inquiring,thoughtful,-4.6669921875,-1.9551366567611694,4
inquiry,observation,-1.2394561767578125,-0.73040372133255,4
insulting,violent,-3.4754638671875,-0.19530035555362701,4
intricate,long,-0.58056640625,-1.9680626392364502,4
involuntary,voluntary,-2.37835693359375,-0.753171443939209,4
irish,nigerian,-1.789306640625,2.463038682937622,4
jewels,money,-0.27978515625,0.7750300168991089,4
jib,jigger,-2.1767578125,-0.1211509257555008,4
joking,smiling,-1.7001953125,-0.5311030745506287,4
journalists,officials,1.69573974609375,-0.10622365772724152,4
joyous,loud,-3.453777313232422,-1.5537476539611816,4
joyous,smiling,-4.2105712890625,-1.6181302070617676,4
keen,peaceful,-4.656494140625,-1.628574252128601,4
keener,keener,0.0,0.03992215543985367,4
knowing,knowing,0.0,0.03992215543985367,4
labor,money,-1.7255859375,-1.045524001121521,4
lasting,long,-2.630859375,-2.22058367729187,4
laughs,looks,1.2841796875,-0.06747660040855408,4
laughs,yells,1.82421875,-1.1710941791534424,4
lavender,white,-1.5672760009765625,-0.9858564734458923,4
lessons,work,4.5390625,1.1287775039672852,4
limping,lisping,-0.85662841796875,0.3778539299964905,4
lived,struggled,0.54302978515625,1.1950242519378662,4
lived,worked,3.623046875,1.5724343061447144,4
lives,looks,-0.703125,0.640796959400177,4
lives,money,-2.4404296875,-0.38701432943344116,4
lives,work,-1.556640625,-1.5380358695983887,4
lives,works,1.970703125,1.050855278968811,4
logical,simple,-0.421875,-0.007206395268440247,4
logs,stumps,0.8270263671875,-0.12685585021972656,4
lone,long,-0.34765625,-2.9421372413635254,4
long,long,0.0,0.03992215543985367,4
long,loud,0.28125,0.34561049938201904,4
long,loudly,0.255859375,-0.328602135181427,4
long,loving,1.48828125,2.3940300941467285,4
long,lucidly,5.46875,4.986344814300537,4
long,narrow,1.66015625,-0.2739875316619873,4
long,passionately,0.37579345703125,-0.38778603076934814,4
long,peaceful,-2.16455078125,0.8247742652893066,4
long,pointed,1.0634765625,1.5096948146820068,4
long,prosperous,4.8166961669921875,0.6784681081771851,4
long,significant,3.348724365234375,0.3561670780181885,4
long,simple,3.080078125,1.2765344381332397,4
long,sinewy,1.22314453125,1.5934327840805054,4
long,slinking,3.01666259765625,1.3394569158554077,4
long,softly,-1.43359375,-0.8073911666870117,4
long,storied,6.02734375,2.210324287414551,4
long,thin,3.2041015625,0.7026003003120422,4
long,thoughtfully,3.94482421875,1.0215044021606445,4
long,untrimmed,0.37371826171875,2.2226836681365967,4
long,varied,4.546630859375,3.0852866172790527,4
long,violent,3.5,2.566842555999756,4
long,wearisome,3.181640625,2.0775609016418457,4
long,weary,2.6015625,2.2193634510040283,4
long,white,-1.1416015625,-0.04970638453960419,4
looks,moves,0.73828125,-0.41724270582199097,4
looks,works,-0.84765625,-0.3166993260383606,4
loud,repetitive,4.224609375,1.2497920989990234,4
loud,rowdy,-1.50732421875,-0.5015512108802795,4
loud,sudden,0.923828125,0.3400185704231262,4
loud,throaty,2.135986328125,-0.8243353366851807,4
loud,unnatural,9.6824951171875,0.35737937688827515,4
loud,violent,5.373046875,1.6270979642868042,4
loving,pure,-1.6533203125,-0.36130738258361816,4
loving,simple,-5.318359375,-1.9520082473754883,4
lutes,tambourines,0.658935546875,1.3022886514663696,4
machinery,textiles,-3.494384765625,-0.5657488703727722,4
machines,technology,1.83984375,0.36219513416290283,4
machines,tools,-0.1611328125,-0.4936870336532593,4
madder,madder,0.0,0.03992215543985367,4
mangrove,passionfruit,-2.4833984375,0.2721196413040161,4
marathons,ultramarathons,0.6357421875,1.0718514919281006,4
medical,scientific,1.392578125,-0.8972256183624268,4
medical,social,2.6484375,-0.3544541597366333,4
medical,technical,1.16033935546875,-0.7078568935394287,4
meditation,prayer,-1.84814453125,-1.1044026613235474,4
merchants,workmen,-0.12610816955566406,-0.9648415446281433,4
midwest,southeastern,4.663120269775391,2.9190351963043213,4
mobile,social,0.50390625,-1.1814610958099365,4
money,production,0.578125,-1.0167711973190308,4
money,records,0.3515625,0.11119488626718521,4
money,spices,4.58203125,-0.5042408108711243,4
money,travelcards,0.2744140625,-0.4434778094291687,4
monsoonal,tropical,-4.65673828125,-0.747500479221344,4
morose,unfriendly,0.895751953125,0.2597516179084778,4
mounted,stuffed,2.0669326782226562,3.192392349243164,4
moves,uplifts,0.918701171875,1.7380577325820923,4
music,music,0.0,0.03992215543985367,4
music,philosophy,-1.29833984375,0.21321971714496613,4
music,records,1.142578125,0.08370648324489594,4
music,rhetorics,1.5885009765625,1.1444817781448364,4
music,static,-0.228515625,0.9359210729598999,4
music,table,-6.185546875,-2.15354323387146,4
music,work,0.958984375,1.3199013471603394,4
musically,philosophically,11.71612548828125,0.7232102751731873,4
muttering,sobbing,-5.103691101074219,0.22331157326698303,4
narrow,rakish,0.126953125,1.2495912313461304,4
narrow,triangular,-0.11236572265625,1.7246309518814087,4
neck,neck,0.0,0.03992215543985367,4
neighbors,travelers,1.6225700378417969,-0.23675064742565155,4
nephews,nieces,-0.203857421875,1.1669270992279053,4
observation,theory,-0.37225341796875,-0.913382351398468,4
offspring,parents,-5.494781494140625,-3.309504747390747,4
onward,out,-4.0693359375,0.3962033987045288,4
open,open,0.0,0.03992215543985367,4
open,violent,9.58203125,-0.11460119485855103,4
opening,shutting,3.36328125,-0.7055389285087585,4
optimists,toppers,-2.609375,-0.7858597040176392,4
oral,written,1.03125,0.632926881313324,4
orders,returns,2.326171875,3.4252893924713135,4
out,out,0.0,0.03992215543985367,4
parents,visitor,4.583251953125,1.7487547397613525,4
passionately,strangely,0.5439453125,-1.606274127960205,4
peaceful,prosperous,4.13623046875,0.687944233417511,4
peaceful,smiling,-1.8408203125,0.5009453892707825,4
peaceful,still,3.692138671875,1.9751427173614502,4
peaceful,unopposed,2.71044921875,0.7566877603530884,4
perfect,poofy,-1.28125,-0.3918728828430176,4
perfect,pure,0.611328125,-5.255934238433838,4
perfect,unbroken,4.372047424316406,-0.23496027290821075,4
pertly,promptly,-0.533203125,0.40147536993026733,4
philosophy,theology,-3.51123046875,-0.6892532110214233,4
piano,violin,0.589111328125,-0.3806377649307251,4
pike,spear,3.40234375,0.7712964415550232,4
plans,preparations,1.468017578125,0.42398643493652344,4
plaprer,plaprer,0.0,0.03992215543985367,4
pointed,terse,0.203125,1.1472768783569336,4
practise,practise,0.0,0.03992215543985367,4
prayer,thanksgiving,2.27349853515625,1.346388339996338,4
prayer,worship,1.77325439453125,2.695272445678711,4
prettier,prettier,0.0,0.03992215543985367,4
production,technical,5.837158203125,2.6020381450653076,4
production,transportation,0.9443359375,1.0596983432769775,4
project,technical,-1.84478759765625,0.26789093017578125,4
projectors,televisions,1.2431640625,-0.21496309340000153,4
punishment,rewards,-1.193359375,0.21034175157546997,4
pure,simple,1.841796875,0.21755561232566833,4
pure,sober,-0.7734375,0.9152746796607971,4
pure,solid,-0.33984375,-0.7975379824638367,4
pure,white,1.2900390625,0.2104249894618988,4
queerer,queerer,0.0,0.03992215543985367,4
quivering,white,-0.62005615234375,-0.9139849543571472,4
rascals,shepherds,-1.7983551025390625,-1.2353297472000122,4
raved,stormed,-1.0459671020507812,0.7407546639442444,4
reading,studying,-0.291015625,1.03416907787323,4
reports,rumors,-2.3404541015625,0.6104046702384949,4
responsibility,work,0.744140625,-0.06389431655406952,4
restaurants,shops,-2.1305809020996094,-0.22352053225040436,4
rice,tallow,-0.1875,0.503136932849884,4
ring,stacker,-1.32586669921875,1.46786367893219,4
romantic,villainous,2.06781005859375,0.40199577808380127,4
rope,textiles,2.09375,0.40419286489486694,4
salvage,vandalizing,-2.80078125,0.35462331771850586,4
satin,spotted,5.24261474609375,-0.7768594026565552,4
savage,treacherous,0.311737060546875,0.17735986411571503,4
scarlet,white,0.11669921875,0.11763109266757965,4
scholarly,sober,1.438720703125,-0.19814102351665497,4
scientific,technical,-0.9541015625,0.9857186675071716,4
seals,walruses,-1.1328125,-1.620063066482544,4
seasonal,tropical,-4.60498046875,-1.1324564218521118,4
sensitive,temperamental,1.101806640625,0.032738372683525085,4
settlement,transportation,2.958984375,0.7793806791305542,4
shaven,spotted,-0.460784912109375,0.29667556285858154,4
significant,varied,0.8690185546875,0.6567168235778809,4
simple,slight,2.96484375,0.4742063283920288,4
simple,touching,3.3984375,2.8881845474243164,4
sleek,thoughtful,-1.748046875,0.9717912077903748,4
slight,thin,0.0400390625,-1.4529701471328735,4
smiling,unhurried,0.8291015625,1.9634451866149902,4
sober,thoughtful,1.3232421875,0.8558356165885925,4
social,technical,1.385986328125,-0.36527562141418457,4
social,traditional,-0.154296875,0.06020629405975342,4
social,youth,-2.64208984375,-1.0538079738616943,4
softly,stealthily,3.47314453125,3.020927667617798,4
solid,still,2.923828125,0.44700735807418823,4
solid,unbroken,0.11773681640625,1.619136095046997,4
starched,white,1.119140625,-0.960299551486969,4
still,thoughtful,1.304931640625,1.0447473526000977,4
still,void,-1.525390625,0.6924219727516174,4
still,white,1.30078125,-1.5703238248825073,4
stores,warehouses,0.561981201171875,0.7270296812057495,4
stout,weatherly,3.521484375,-1.5803996324539185,4
strings,violin,-1.3310546875,1.0476791858673096,4
struggled,struggled,0.0,0.03992215543985367,4
stumps,walls,-1.67431640625,-1.223475456237793,4
sudden,tremendous,2.28485107421875,0.0655403584241867,4
sudden,unnatural,9.899505615234375,0.01725955307483673,4
sudden,violent,4.90234375,0.09481053054332733,4
swaying,swaying,0.0,0.03992215543985367,4
swaying,whirling,-0.3680877685546875,0.26775062084198,4
table,table,0.0,0.03992215543985367,4
thin,white,2.29248046875,0.04647015035152435,4
tickling,touching,0.71875,0.5097916126251221,4
treacherous,vile,0.94873046875,0.5568394660949707,4
treacherous,villainous,3.0868759155273438,0.11872853338718414,4
treacherous,wicked,-1.759033203125,-0.9736155867576599,4
turned,turned,0.0,0.03992215543985367,4
unafraid,unashamed,0.11279296875,0.11892807483673096,4
unfriendly,unnatural,-0.60748291015625,-0.9503970146179199,4
ungoverned,violent,-0.9515380859375,-0.2802378535270691,4
unkind,wicked,-2.75,-2.256478786468506,4
unshaved,unwashed,-1.5009765625,0.5287443399429321,4
vindictive,violent,0.49609375,0.037870824337005615,4
wanted,wanted,0.0,0.03992215543985367,4
warfare,work,-0.395355224609375,-0.9450457096099854,4
wickeder,wickeder,0.0,0.03992215543985367,4
work,work,0.0,0.03992215543985367,4
worked,worked,0.0,0.03992215543985367,4
worst,worst,0.0,0.03992215543985367,4
abject,dejected,0.18359375,0.039132874459028244,5
acceptive,efficient,0.7587890625,-0.6065840125083923,5
aches,pains,-3.080078125,0.3822747468948364,5
acting,performing,0.227783203125,1.1456634998321533,5
adapt,survive,0.1083984375,-1.7155170440673828,5
addition,deletions,-6.94140625,-0.8773625493049622,5
advice,assistance,1.15765380859375,0.020734336227178574,5
advice,injunctions,3.842529296875,-0.26678451895713806,5
advice,training,0.458984375,-0.10486339032649994,5
affordable,cheap,-0.11767578125,-1.0112948417663574,5
aft,knelt,2.8974609375,0.5220628380775452,5
agitated,shocked,2.3699874877929688,-0.27217385172843933,5
agnostic,liberal,-0.5692138671875,-0.2590676248073578,5
ahing,umming,0.244140625,-1.5035237073898315,5
alien,strange,-0.0234375,-1.8073861598968506,5
alternatively,secondarily,3.8720703125,-1.212085485458374,5
anecdotes,gossip,-5.7991943359375,-0.47314152121543884,5
anklets,bracelets,-1.14666748046875,-0.20144473016262054,5
anklets,wristlets,1.21484375,-0.24524901807308197,5
annoying,childish,-4.8759765625,-0.6672006249427795,5
annoying,strange,-5.602294921875,-1.4582387208938599,5
anticipation,intercourse,2.2232666015625,0.42419955134391785,5
apartments,cars,-1.7421875,0.4262985289096832,5
apologizing,crying,-4.1533203125,-1.4097766876220703,5
appreciation,gratitude,-1.78369140625,0.32697513699531555,5
appropriately,directly,0.130859375,-0.2683195173740387,5
arepas,cachapas,0.15234375,0.2339073270559311,5
argued,argued,0.0,0.07588623464107513,5
arrested,injured,4.990234375,0.16372351348400116,5
arrested,punished,2.3245849609375,0.27843067049980164,5
arrested,shot,2.625,-0.44091394543647766,5
arrested,tortured,4.346427917480469,-0.5986775755882263,5
articles,books,-2.180440902709961,-0.005729708820581436,5
articles,interviews,-5.2073211669921875,-0.7207076549530029,5
asleep,quieted,4.318359375,0.48875775933265686,5
asleep,snoring,4.3544921875,0.9734760522842407,5
assistant,doorkeeper,0.140625,-0.30206355452537537,5
astonishment,fright,-0.297088623046875,-0.9913310408592224,5
astonishment,incredulity,2.1090087890625,0.41373828053474426,5
astrophysical,geophysical,1.115631103515625,0.5968793034553528,5
attractive,instructive,0.64300537109375,-0.5195965766906738,5
attractive,interesting,-2.171478271484375,-1.110718846321106,5
attractive,proven,0.5313720703125,-0.23060517013072968,5
attractive,serviceable,-2.0816650390625,-0.3694447875022888,5
attractive,unique,-1.2670097351074219,-0.995155394077301,5
attractive,viable,-1.6048583984375,-1.5633571147918701,5
awe,reverence,-3.37548828125,-0.43836718797683716,5
awful,profound,-1.4306640625,0.8668488264083862,5
awful,strange,-8.193359375,-0.6464873552322388,5
awkwardly,heavily,-2.282978057861328,0.30746936798095703,5
balmy,mild,-0.509765625,-3.467440605163574,5
banquets,cheers,-1.305908203125,0.7263705730438232,5
barbarians,pirates,-0.96630859375,0.2362736612558365,5
bargains,coffins,-1.76611328125,0.04045454040169716,5
basketball,tennis,-1.943359375,-0.44193562865257263,5
beardless,handsome,2.14453125,0.41823089122772217,5
behavioural,cognitive,0.459686279296875,-0.5357053875923157,5
behavioural,mental,-2.568878173828125,-0.19827018678188324,5
best,best,0.0,0.07588623464107513,5
best,darlingest,-0.408203125,-0.15774624049663544,5
best,noblest,1.55908203125,1.2158637046813965,5
best,quickest,-0.7734375,-0.5428731441497803,5
best,smartest,-1.05938720703125,-0.7444335222244263,5
best,soundest,6.22265625,1.0316349267959595,5
biological,historical,2.2852783203125,0.5553305745124817,5
blunt,rough,-1.103515625,0.30158570408821106,5
boastful,cheating,-0.8271484375,0.6760598421096802,5
boisterous,rude,1.043182373046875,0.43428510427474976,5
bollards,cars,-4.30859375,-2.823028326034546,5
books,happenings,5.4775390625,2.172743082046509,5
books,letters,0.228515625,0.7217996716499329,5
books,movies,-1.556640625,-0.5555886626243591,5
books,pamphlets,1.04595947265625,0.32012251019477844,5
books,postage,2.357421875,1.9979382753372192,5
books,studies,1.765625,0.44090592861175537,5
books,theater,1.140625,3.6515073776245117,5
bosses,budgets,-0.04052734375,0.35839471220970154,5
bosses,enemies,1.800048828125,-0.9796348214149475,5
boulders,rocks,-0.153564453125,0.7405690550804138,5
bounds,training,0.89453125,0.5490809679031372,5
bowling,tennis,-0.8408203125,-0.7186684012413025,5
boyish,free,0.5009765625,3.078589677810669,5
breathless,panting,-0.10509490966796875,1.9018388986587524,5
brighter,brighter,0.0,0.07588623464107513,5
brighter,content,0.5302734375,2.38749098777771,5
brighter,merrier,1.3359375,1.9612172842025757,5
british,iraqi,-1.365325927734375,-0.44281184673309326,5
british,scottish,2.853515625,1.3075847625732422,5
british,spanish,1.515625,0.03217320144176483,5
british,yank,1.970703125,0.46592050790786743,5
broad,eclectic,-1.7998046875,2.6003997325897217,5
broad,glittering,2.89190673828125,1.6521764993667603,5
broad,handcuffed,0.8267822265625,2.2143163681030273,5
broad,leathery,-0.42376708984375,1.4581668376922607,5
broad,level,3.0546875,2.667970895767212,5
broadcasting,journalism,-3.2548828125,-1.0793884992599487,5
broke,rotten,-5.13525390625,-1.2911088466644287,5
bugs,fleas,2.87353515625,0.09065280854701996,5
bumps,tracks,0.53515625,0.8009219765663147,5
calls,letters,0.00390625,-0.4575216472148895,5
cans,forks,-1.291015625,-0.5870646834373474,5
capacities,powers,0.8056640625,1.1807019710540771,5
capital,financial,1.45703125,-0.7980656027793884,5
capital,government,-5.71484375,-0.7190411686897278,5
carotenoids,chlorophyll,5.1767578125,0.45238757133483887,5
carpets,rugs,1.6380615234375,1.3736835718154907,5
cars,hats,2.5419921875,0.483320951461792,5
cars,lorries,2.6845703125,2.4385483264923096,5
casual,playful,2.619140625,-0.25747033953666687,5
cat,dog,1.025390625,0.13951042294502258,5
cat,puppy,4.14453125,1.056121587753296,5
catch,tame,0.564453125,1.4530107975006104,5
catch,toss,0.111328125,-0.1710185557603836,5
caverns,rocks,-2.8623046875,0.473704069852829,5
caverns,tunnels,-0.071807861328125,0.5762631297111511,5
cedar,yew,3.711181640625,-0.31035491824150085,5
cereals,toast,0.50390625,-0.16691602766513824,5
cereals,tobacco,-0.404052734375,0.11802245676517487,5
change,decay,1.7861328125,-0.8419778347015381,5
changes,changes,0.0,0.07588623464107513,5
character,comic,3.14453125,0.7712500691413879,5
character,form,1.013671875,1.8453420400619507,5
characteristic,interesting,4.873046875,-0.014573592692613602,5
characteristic,unique,-1.6606225967407227,0.13881543278694153,5
characters,letters,-0.7763671875,-0.8375527262687683,5
characters,movies,1.056640625,-1.6693593263626099,5
chattering,laughter,4.130859375,-1.4393494129180908,5
cheap,nice,-2.662109375,0.3655378520488739,5
cheap,plentiful,0.584228515625,0.4865749776363373,5
cheerfully,pleasantly,-3.071533203125,-0.41498449444770813,5
cheerfully,regularly,-4.44525146484375,0.8343014121055603,5
cheers,laughter,0.458984375,-0.13815753161907196,5
cheers,merriment,3.31427001953125,0.510346531867981,5
chemically,physically,-0.1619873046875,0.1459527313709259,5
chivalry,courtesy,-1.226318359375,-0.6408653855323792,5
chivalry,right,7.36572265625,0.4095800220966339,5
christian,faithful,-0.4140625,-0.4832583963871002,5
city,metropolitan,7.4366455078125,0.6222252249717712,5
clapping,laughter,-4.80078125,-1.2094074487686157,5
clean,nice,-8.1953125,-1.6373624801635742,5
clean,painted,0.5546875,-0.9298003315925598,5
clean,roomy,0.26708984375,0.6563666462898254,5
clean,shaved,-0.42578125,0.2114572674036026,5
clean,trig,-1.349609375,2.1722023487091064,5
cliff,ray,-1.29296875,-0.3381611406803131,5
clothe,make,0.519775390625,-0.4704674780368805,5
coaches,lorries,-2.9658203125,-0.23794229328632355,5
coal,peat,2.18359375,0.8865410685539246,5
coal,salt,0.2216796875,-1.25385582447052,5
colloquially,officially,-1.06683349609375,0.4438343346118927,5
colour,form,1.724609375,2.276242971420288,5
colour,movement,-0.1220703125,1.3143376111984253,5
colour,scent,0.568359375,1.873340368270874,5
colours,sizes,3.052734375,1.9352697134017944,5
communications,media,-1.7265625,-0.6082951426506042,5
communications,training,1.140625,0.05660681053996086,5
compact,graceful,3.04052734375,-1.258873462677002,5
compass,rule,-1.35546875,-0.8248623013496399,5
complacence,sense,-2.49609375,-0.2407504767179489,5
complete,unabridged,0.0693359375,0.35073211789131165,5
components,systems,1.978240966796875,0.9957701563835144,5
conflicts,dramas,1.740478515625,-0.005350995808839798,5
connected,conscious,-2.46484375,-1.4213294982910156,5
conscientious,reliable,0.408233642578125,0.008486837148666382,5
consistency,endurance,-0.107177734375,-0.7068959474563599,5
constellations,stars,-1.3585205078125,-0.5592097043991089,5
constraint,distrust,-3.71875,-0.2145952731370926,5
content,gratitude,-1.673583984375,-1.4470399618148804,5
content,peace,-4.220703125,-1.3916656970977783,5
content,romance,-0.96240234375,-1.4925475120544434,5
contentious,inefficient,1.07965087890625,-0.21541966497898102,5
cooked,cooked,0.0,0.07588623464107513,5
corporeal,spiritual,1.6004638671875,0.7994471192359924,5
corridors,tunnels,-0.901519775390625,-0.03021695837378502,5
cotton,groundnut,2.8857421875,1.2694835662841797,5
cotton,tobacco,0.87091064453125,0.21350140869617462,5
countries,nations,-2.822265625,0.4495130777359009,5
countries,others,-1.962890625,1.616602897644043,5
courtesy,reverence,-3.6806640625,1.359612226486206,5
courtesy,sense,-3.25885009765625,-1.5129115581512451,5
craggy,handsome,-0.9619140625,-0.8020480871200562,5
crinkly,nice,-5.2880859375,-1.359797716140747,5
crowed,prattled,-2.8090667724609375,1.112202763557434,5
cruising,crying,1.779296875,-1.614152431488037,5
crying,crying,0.0,0.07588623464107513,5
crying,kissing,-0.063812255859375,2.1124234199523926,5
crying,pleading,1.93359375,1.4109288454055786,5
crying,scared,-0.5625,0.8572021722793579,5
curiouser,curiouser,0.0,0.07588623464107513,5
cut,foin,-4.029296875,-1.4904706478118896,5
cutest,sexiest,1.1015625,0.12675274908542633,5
damaging,widespread,-0.9142303466796875,-0.19274112582206726,5
day,twilight,1.4436225891113281,0.6018282175064087,5
debris,rocks,-2.8701171875,-0.576871395111084,5
decay,renewal,-0.36083984375,0.8533106446266174,5
defenses,equipment,0.829345703125,-0.8507565855979919,5
defensive,difficult,1.24072265625,-0.6013338565826416,5
defensive,militant,-0.8076171875,-0.4882907569408417,5
defined,used,-0.230224609375,-0.4917057454586029,5
dejected,distressed,-0.073333740234375,-1.1759757995605469,5
dejected,inconsolable,1.5631103515625,-0.08990184962749481,5
dejected,sore,-7.47119140625,-1.9036731719970703,5
difficult,rough,-2.3974609375,-3.2852349281311035,5
dignified,remarkable,2.9114990234375,-0.7862306833267212,5
dignified,solemn,7.6279296875,0.7702922224998474,5
disbanded,scattered,0.6723785400390625,-0.7997760772705078,5
disconcerted,glum,-0.92242431640625,-0.8026495575904846,5
disputing,quarrelling,-1.090576171875,-0.35524022579193115,5
dissipated,free,-1.009765625,-1.07230544090271,5
distant,strange,1.466796875,1.0607686042785645,5
distracted,lawless,-5.5771484375,-4.276109218597412,5
distressing,humiliating,-2.353302001953125,0.10362616181373596,5
diverse,liberal,-1.42755126953125,-0.09006454050540924,5
diverse,vibrant,-1.508056640625,-0.10603584349155426,5
dog,man,0.09765625,-0.139698326587677,5
dog,master,-1.62109375,-0.36761730909347534,5
done,done,0.0,0.07588623464107513,5
done,opened,0.376953125,-1.2758969068527222,5
done,over,-1.7265625,-1.8212993144989014,5
done,said,3.2060546875,1.7892067432403564,5
done,seen,-3.3701171875,-0.20418448746204376,5
doze,dream,2.181640625,-0.19407515227794647,5
dramas,movies,0.951171875,-1.5926216840744019,5
drawn,painted,-0.2265625,-1.0221365690231323,5
drill,training,-1.330078125,-0.7860991358757019,5
driving,driving,0.0,0.07588623464107513,5
driving,steroids,-1.435302734375,-2.222121477127075,5
drowned,shot,-0.4293212890625,-0.9052286744117737,5
durable,viable,1.24267578125,-0.1455162912607193,5
east,middle,-0.98828125,-0.21905411779880524,5
ecclesiastic,moral,-0.123779296875,-0.7370834946632385,5
eerie,ominous,-0.529541015625,0.3574734628200531,5
efficient,reliable,3.6619873046875,0.4900795817375183,5
eggs,flour,-0.502197265625,0.9026537537574768,5
eggs,game,0.775390625,2.178185224533081,5
eggs,toast,1.9375,1.9367040395736694,5
eigenvalues,eigenvectors,3.3327484130859375,-0.14063186943531036,5
elbow,scream,-0.80078125,0.8658419251441956,5
elegant,graceful,4.140277862548828,-0.49042460322380066,5
elsewhere,here,2.7542724609375,0.13618934154510498,5
emaciation,weakness,4.148193359375,-0.8124359250068665,5
emerged,proliferated,5.0753173828125,-0.7794951796531677,5
empowerment,engagement,-1.6171112060546875,0.22844038903713226,5
entreating,menacing,-3.5048828125,-1.3456447124481201,5
equipment,toy,-2.8515625,-0.7534951567649841,5
equipment,training,-0.17578125,-0.18539904057979584,5
ethology,sociobiology,0.767333984375,-0.05278092995285988,5
even,nice,-11.7392578125,-2.7558257579803467,5
even,odd,0.37109375,2.9808194637298584,5
exhaustion,hunger,-1.5616455078125,0.42030856013298035,5
exposure,hunger,-3.20465087890625,0.2122352421283722,5
expressly,purely,-1.197265625,-1.7226386070251465,5
fainter,fainter,0.0,0.07588623464107513,5
faithful,spiritual,-0.2041015625,0.8461005687713623,5
faithful,trusty,4.724609375,2.107727289199829,5
familiar,nice,-5.9140625,-1.6144365072250366,5
feces,urine,2.76953125,-0.8497199416160583,5
fictional,historical,0.69189453125,-0.7389874458312988,5
filtered,zoned,-3.4853515625,-0.4798770844936371,5
financial,governmental,1.2890625,2.3089234828948975,5
financial,moral,2.0419921875,1.5618929862976074,5
fishermen,millers,2.087158203125,-0.7509545087814331,5
fishermen,pirates,0.1712646484375,-0.426122784614563,5
fitted,painted,-0.560546875,-1.2564748525619507,5
flour,mincemeat,2.451171875,-0.4379960596561432,5
forcible,racy,0.4375,-0.8927059173583984,5
form,line,-3.23046875,-1.0406595468521118,5
form,survive,2.416015625,-0.43939468264579773,5
fragile,rude,-4.3896484375,-0.5263149738311768,5
frantic,scattered,-0.6738128662109375,1.4999905824661255,5
free,free,0.0,0.07588623464107513,5
free,scattered,0.546875,0.12709300220012665,5
free,spontaneous,-0.9772186279296875,-0.00045384839177131653,5
fright,weakness,2.66357421875,0.456241637468338,5
frogs,rabbits,1.2167205810546875,0.72381991147995,5
funeral,save,4.3359375,4.281484603881836,5
gambling,spending,4.196197509765625,3.0772173404693604,5
game,pot,3.09375,-1.9825937747955322,5
gamesters,runners,-0.00797271728515625,0.4731983244419098,5
gasp,kissing,0.290771484375,-1.1227139234542847,5
gasp,scream,0.240234375,-1.2747251987457275,5
gasp,stare,-0.267578125,0.629098653793335,5
gayety,laughter,-2.88671875,-0.8877635598182678,5
gayety,merriment,-0.6146697998046875,0.5394862294197083,5
gayety,mirth,-0.3359375,0.32528987526893616,5
gently,immediately,-1.79248046875,2.3769888877868652,5
gently,nice,-0.84375,-0.4894329011440277,5
glans,prepuce,1.974609375,1.9966102838516235,5
glum,solemn,-0.904296875,-0.1662648469209671,5
gods,others,1.83203125,1.5745124816894531,5
government,medicine,1.0439453125,-0.7476006746292114,5
government,opposition,-0.7113800048828125,0.38412269949913025,5
government,rule,2.455078125,0.5862099528312683,5
graceful,unique,-1.7315921783447266,0.29426753520965576,5
grew,grew,0.0,0.07588623464107513,5
grocers,millers,3.7628173828125,-0.6198043823242188,5
grotesque,satire,1.5078125,-0.01915067806839943,5
grotesque,strange,3.1695556640625,0.9038999676704407,5
grunted,squealed,-2.0593857765197754,0.8439332842826843,5
hairy,rough,-0.7510986328125,0.13560514152050018,5
hand,hand,0.0,0.07588623464107513,5
handsome,soldierly,-2.8203125,0.40283674001693726,5
handsome,taller,-6.618408203125,-1.5703359842300415,5
harder,harder,0.0,0.07588623464107513,5
harder,thicker,0.6611328125,-0.44967958331108093,5
hardships,heroism,-1.13037109375,-0.6174222230911255,5
harmful,strange,-2.44921875,-1.348490834236145,5
hats,robes,1.13134765625,1.2254812717437744,5
heathen,remote,-0.0698699951171875,0.6485015749931335,5
helicopters,paratroopers,-1.789215087890625,0.2697666585445404,5
here,here,0.0,0.07588623464107513,5
here,hereafter,-0.369140625,0.6911208033561707,5
historical,spiritual,0.62530517578125,1.2491501569747925,5
homo,porno,4.068359375,-0.3760671317577362,5
hooks,rods,2.1806640625,-0.5331668257713318,5
hospitable,interesting,2.513774871826172,-1.1374469995498657,5
hospitalised,injured,-0.583984375,1.0809768438339233,5
hours,hours,0.0,0.07588623464107513,5
hub,spoke,0.0859375,0.8643665909767151,5
ice,rocks,-5.3291015625,-0.14066389203071594,5
illuminated,spiritual,-3.30438232421875,-0.38205450773239136,5
imaging,optical,3.1123046875,-0.27958008646965027,5
impulsive,rude,1.016510009765625,-1.5810918807983398,5
incident,romance,-2.20391845703125,-1.0010175704956055,5
indented,numbered,-0.034149169921875,-0.6193249821662903,5
indistinguishable,strange,-4.375701904296875,-0.9301862120628357,5
initial,initial,0.0,0.07588623464107513,5
injunctions,messages,-3.2149658203125,-0.2898065745830536,5
injured,shot,-1.81640625,1.0067037343978882,5
injured,woeful,1.66015625,-1.326233148574829,5
insolent,rebellious,-6.1064453125,-0.35992732644081116,5
inspiring,profound,-2.80517578125,0.20037810504436493,5
instantaneously,unseen,8.2762451171875,2.7958664894104004,5
instructive,interesting,-5.1827850341796875,-3.1841461658477783,5
instructive,moral,0.2633056640625,-0.7270495295524597,5
intercourse,training,-0.10596466064453125,-1.0926706790924072,5
interesting,quaint,-3.4482421875,-0.11251117289066315,5
interesting,remarkable,3.255126953125,0.2354077845811844,5
interesting,strange,-0.97265625,0.1474916636943817,5
interesting,surprising,0.51373291015625,1.5279101133346558,5
interesting,unique,0.4793281555175781,1.2560226917266846,5
invaders,pirates,1.69586181640625,0.48348256945610046,5
jests,laughter,-1.0517578125,-0.22281216084957123,5
kicked,kicked,0.0,0.07588623464107513,5
kids,mortgages,-0.4375,0.4525392949581146,5
kids,starving,-2.82269287109375,0.8775397539138794,5
kids,teen,4.7294921875,-0.15893355011940002,5
ladder,man,1.203125,-0.9165142774581909,5
laugh,laugh,0.0,0.07588623464107513,5
laugh,scream,-1.046875,0.5403293371200562,5
laughter,merriment,-1.0231475830078125,1.3602371215820312,5
laughter,noise,-2.97265625,-0.021215219050645828,5
laughter,peace,-5.26171875,-0.9096003770828247,5
lawless,rough,-2.20166015625,-1.1124188899993896,5
lawless,uncontrolled,3.27740478515625,0.9849956631660461,5
letters,messages,4.6107177734375,1.1110846996307373,5
letters,presents,-0.537109375,-5.015550136566162,5
letters,scrolls,-1.620361328125,0.7950007319450378,5
lime,salt,-2.2080078125,-0.9883889555931091,5
linen,silver,1.478515625,0.736304521560669,5
looting,vandalism,-1.78485107421875,-0.8331252932548523,5
lorries,said,4.184326171875,2.2764124870300293,5
lumber,timbers,-2.71875,-0.6434624195098877,5
luxury,privilege,1.97119140625,-1.0647104978561401,5
luxury,refinement,2.8614501953125,0.8174479603767395,5
machine,man,-2.3828125,-0.34836533665657043,5
magnesium,potassium,-0.50872802734375,-0.03984612599015236,5
man,man,0.0,0.07588623464107513,5
man,master,-0.94140625,-0.2067127376794815,5
man,prey,0.8154296875,0.7620807886123657,5
manned,trained,0.673828125,-1.2036004066467285,5
marked,numbered,4.580078125,1.8040473461151123,5
master,missis,-1.634765625,0.769999086856842,5
mates,prey,1.66015625,1.1130346059799194,5
matured,mellowed,2.55224609375,1.4248504638671875,5
medicine,treatment,1.51171875,1.6732864379882812,5
medicine,treatments,4.544921875,2.2858967781066895,5
meek,mild,1.478515625,-1.3720680475234985,5
mental,moral,1.8756103515625,-0.1744663417339325,5
mental,spiritual,0.222412109375,-0.4621834456920624,5
merriment,mirth,-0.7186279296875,-0.27912437915802,5
merriment,noise,0.2470703125,-0.7435688376426697,5
messages,sightings,-0.20306396484375,-0.42112040519714355,5
mild,nice,-5.96630859375,-0.28110119700431824,5
mild,windless,-3.724609375,0.2470715492963791,5
milked,sugared,1.2939453125,3.8466248512268066,5
mirth,peace,-1.66015625,-0.09595116972923279,5
mistrustful,uncanny,0.10809326171875,0.7692838907241821,5
moist,nice,-5.93798828125,-0.7622572183609009,5
molluscs,vertebrates,1.369384765625,-0.0485699437558651,5
moons,moons,0.0,0.07588623464107513,5
moons,suns,-0.7490234375,-0.5147628784179688,5
moral,spiritual,4.943359375,0.9393418431282043,5
mothers,teachers,-1.530792236328125,-0.6423465013504028,5
mothers,toddlers,0.2642822265625,0.25764769315719604,5
movement,noise,-0.498046875,-0.5932175517082214,5
movies,opera,-0.408203125,-0.40293747186660767,5
movies,theater,0.15625,2.1426379680633545,5
movies,tv,3.685546875,0.565237820148468,5
moving,up,-6.904296875,-0.18012270331382751,5
moving,wound,-8.404296875,0.4640655219554901,5
nations,tribes,-1.19580078125,-0.6113568544387817,5
near,nice,-5.208984375,-1.164939522743225,5
near,remote,-0.6107330322265625,0.39879176020622253,5
next,next,0.0,0.07588623464107513,5
nice,relaxed,4.402557373046875,2.3009417057037354,5
nice,roasted,6.052734375,0.8426360487937927,5
nice,snug,4.419921875,-1.0885030031204224,5
nice,spooky,2.699615478515625,2.3600494861602783,5
nice,unselfish,3.4285736083984375,2.3801321983337402,5
noise,unintelligible,3.172016143798828,1.822178840637207,5
nurses,nurses,0.0,0.07588623464107513,5
nurses,orderlies,1.048583984375,-1.2731934785842896,5
nurses,teachers,-1.4228515625,-0.5294589996337891,5
oblations,prayers,0.41107177734375,-0.27065783739089966,5
odd,spooky,0.330078125,-0.09760436415672302,5
odd,unique,-0.8620147705078125,0.5899496674537659,5
older,older,0.0,0.07588623464107513,5
older,taller,1.10546875,-0.18032501637935638,5
older,tougher,0.376708984375,0.304055392742157,5
older,wiser,3.4765625,0.45158904790878296,5
ominous,threatened,-0.8734588623046875,1.74583101272583,5
others,volunteers,-4.1795654296875,0.4239455759525299,5
outdated,rough,1.0009765625,-1.1177384853363037,5
outfit,wagons,-3.25244140625,0.016138840466737747,5
outgunned,outnumbered,0.7692031860351562,1.021920084953308,5
outposts,patrols,0.397918701171875,-0.5194264054298401,5
over,over,0.0,0.07588623464107513,5
over,up,-3.02734375,1.0649775266647339,5
paratroopers,peasants,-1.32373046875,-0.50240558385849,5
paused,said,9.3583984375,2.466761827468872,5
peace,purity,-0.97705078125,1.913477897644043,5
peace,relaxation,5.37158203125,2.010423421859741,5
pearl,silver,-0.571044921875,0.35914453864097595,5
peep,see,3.506591796875,1.4215128421783447,5
penalties,prizes,0.047149658203125,0.8184226155281067,5
penner,skupin,-0.267578125,-1.168910264968872,5
penultimate,thirteenth,4.1422929763793945,-0.8825374245643616,5
permanent,substantial,-1.5498046875,0.4797200858592987,5
permanent,suitable,-1.3264312744140625,-0.7651118040084839,5
ph,temperature,-6.05859375,-0.8312477469444275,5
picturesque,quaint,2.92138671875,1.211504340171814,5
picturesque,sleepy,0.669921875,0.41619643568992615,5
pillage,tribute,0.8532257080078125,0.19930197298526764,5
pirates,pirates,0.0,0.07588623464107513,5
pirates,smugglers,-0.4296875,0.4756951928138733,5
pirates,wenches,0.47265625,1.167588472366333,5
plantation,slabes,0.32861328125,-0.06018221750855446,5
plate,spoon,1.953125,-0.6055522561073303,5
pot,spoon,0.798828125,-0.8123415112495422,5
potassium,sodium,0.9436416625976562,0.13107632100582123,5
powers,principalities,-1.494140625,-2.664414644241333,5
presence,putrification,-5.39404296875,1.692462682723999,5
pressure,temperature,-1.884765625,-2.3652536869049072,5
previous,subsequent,1.13671875,-0.4311200678348541,5
profound,remarkable,-2.2569580078125,-0.9298869967460632,5
profound,resolved,5.30816650390625,1.4559884071350098,5
profound,surprising,-0.576446533203125,0.40528494119644165,5
pronounce,spell,2.044189453125,0.5654260516166687,5
queue,unique,3.49761962890625,-0.12068577110767365,5
rabbits,rodents,-0.25928497314453125,-0.1721927970647812,5
ragged,tawdry,0.01336669921875,-1.3472635746002197,5
raped,tortured,1.89996337890625,0.017995811998844147,5
reels,rods,-1.0009765625,-0.9356227517127991,5
registered,verified,1.2223596572875977,-1.3549859523773193,5
rehabilitation,treatment,-0.957489013671875,-0.9520551562309265,5
reliable,supervised,-2.9423828125,-0.17105457186698914,5
reliable,trusty,2.6898345947265625,0.05640673264861107,5
remarkable,strange,-4.84912109375,-0.6301928162574768,5
remarkable,unique,1.4371042251586914,-0.08205461502075195,5
resorts,villages,-0.812255859375,-1.339280366897583,5
revolting,strange,-4.8720703125,-0.9964271187782288,5
rocks,wilds,2.4091796875,0.374804824590683,5
rocks,woods,-1.359375,-1.0145068168640137,5
romance,satire,1.90606689453125,2.075792074203491,5
rough,rude,3.568359375,1.3734115362167358,5
safer,supervised,0.33447265625,-0.03966054692864418,5
said,saluted,0.3253173828125,1.4413213729858398,5
salt,vinegar,3.02734375,2.1886091232299805,5
scared,scream,12.4140625,3.106156587600708,5
scared,shy,-2.501953125,-2.483783483505249,5
scared,strange,-2.1396484375,-1.2463213205337524,5
see,touch,0.1982421875,-0.6923554539680481,5
seen,seen,0.0,0.07588623464107513,5
seen,understood,2.6953125,-0.2222873419523239,5
shy,strange,2.12890625,1.440887689590454,5
smaller,smaller,0.0,0.07588623464107513,5
smaller,thicker,1.5078125,-0.8706104755401611,5
sorrier,wiser,3.34130859375,0.08529285341501236,5
speak,swim,-6.48828125,-2.2136480808258057,5
special,unique,0.317657470703125,-1.1928339004516602,5
special,urgent,1.115234375,0.4663746654987335,5
spectacular,unique,0.345123291015625,0.5876660943031311,5
spicy,strange,-0.15625,-0.33620384335517883,5
spiritual,temporal,1.723876953125,-0.16460277140140533,5
squealed,squealed,0.0,0.07588623464107513,5
stable,unique,-0.38379478454589844,0.3782685399055481,5
stare,stop,-4.115234375,-1.410320520401001,5
stouter,stouter,0.0,0.07588623464107513,5
strengthened,strengthened,0.0,0.07588623464107513,5
stretch,stretch,0.0,0.07588623464107513,5
subtlety,timing,0.708984375,-0.18082687258720398,5
swim,swim,0.0,0.07588623464107513,5
taboos,totems,-0.2425537109375,0.37927258014678955,5
taller,taller,0.0,0.07588623464107513,5
taught,used,0.05029296875,-0.7059824466705322,5
ten,twoscore,-3.087890625,-0.21782054007053375,5
thicker,thicker,0.0,0.07588623464107513,5
through,through,0.0,0.07588623464107513,5
togs,whatnot,6.56640625,3.9712469577789307,5
toy,toy,0.0,0.07588623464107513,5
trained,trusty,3.17578125,0.0035811476409435272,5
tribes,tribes,0.0,0.07588623464107513,5
turbid,zaburlit,5.52734375,0.8522784113883972,5
unmoved,unobtrusive,1.08154296875,-0.40981972217559814,5
up,up,0.0,0.07588623464107513,5
valk,valk,0.0,0.07588623464107513,5
value,value,0.0,0.07588623464107513,5
waited,waited,0.0,0.07588623464107513,5
walks,walks,0.0,0.07588623464107513,5
wept,wept,0.0,0.07588623464107513,5
whales,whaling,-0.495849609375,0.6814261078834534,5
whistle,whittle,-0.720703125,-1.3490219116210938,5
wigwagging,woodcraft,-2.2474365234375,-1.8919481039047241,5
wilds,woods,-3.181640625,-1.7663532495498657,5
yet,yet,0.0,0.07588623464107513,5
accomplished,amiable,-1.47454833984375,-0.409346342086792,6
accurate,strong,0.72119140625,-1.552303433418274,6
action,adventure,-2.119140625,-1.2903200387954712,6
action,evolution,-1.5361328125,0.07476823031902313,6
action,excitement,1.126953125,-0.5348262190818787,6
action,grace,2.4306640625,0.3908216059207916,6
active,curious,4.810546875,-0.18232028186321259,6
active,strong,-2.431640625,-2.0323615074157715,6
activities,gestures,1.6781005859375,0.5108261704444885,6
added,new,-8.23046875,-2.609178066253662,6
adventure,excitement,-1.541015625,-0.8671313524246216,6
adventure,poetry,0.12353515625,-0.5015448331832886,6
adventure,sport,-0.2841796875,0.7977510690689087,6
adventure,voyage,0.70654296875,1.2879221439361572,6
aerodromes,radar,1.20263671875,1.364792823791504,6
agriculture,crafts,5.043575286865234,-0.2887265086174011,6
agriculture,forestry,5.058052062988281,-0.9917441010475159,6
agriculture,gardening,1.7708313465118408,-1.1371828317642212,6
agriculture,hunting,3.6050262451171875,-2.084012269973755,6
ai,nao,2.0087890625,-1.2903602123260498,6
alarm,excitement,-5.044921875,1.1251232624053955,6
alarm,perplexity,-1.8107385635375977,0.3705233931541443,6
alarm,triumph,-4.262939453125,0.14408379793167114,6
alcoholics,homosexuals,5.063728332519531,0.7943832278251648,6
alone,far,2.9453125,-1.3856619596481323,6
alone,unobserved,1.1669921875,0.6023921370506287,6
ambition,conquest,2.47216796875,1.8452504873275757,6
ambition,opulence,-1.018280029296875,-0.04907190427184105,6
ambition,vainglory,-1.781982421875,-0.663654088973999,6
ammeters,voltmeters,-5.8682861328125,-0.4802672266960144,6
amusement,diversion,1.0888519287109375,-0.3846592903137207,6
amusement,excitement,-0.5337982177734375,-0.444678395986557,6
anger,excitement,-0.1943359375,0.7938149571418762,6
anger,hatred,-0.20914459228515625,1.511916160583496,6
anger,hostility,2.30029296875,0.6826801300048828,6
anger,humiliation,-2.83038330078125,-1.8088369369506836,6
anger,jealousy,1.063995361328125,0.8844179511070251,6
anger,trouble,0.798828125,0.6760489344596863,6
angry,anxious,2.080078125,0.9036062359809875,6
angry,bewildered,-0.283935546875,0.45327067375183105,6
angry,dark,-4.4873046875,-3.3173274993896484,6
angry,frightened,1.806640625,-0.05840679630637169,6
angry,grim,-2.03125,-1.2435966730117798,6
angry,grudging,2.0682373046875,1.9516147375106812,6
angry,insubordinate,1.9735107421875,-0.7154319882392883,6
angry,mean,8.953125,7.9596848487854,6
angry,pale,-4.087890625,-1.590439796447754,6
angry,shrill,-7.4970703125,-0.17619410157203674,6
angry,suspicious,-1.915771484375,-0.44808652997016907,6
angry,upset,-0.18359375,0.8658328652381897,6
annual,maximum,-0.1002197265625,0.8285424709320068,6
antidepressants,cholesterol,-0.384765625,0.17365407943725586,6
antiques,artwork,3.5625,-0.3840360939502716,6
anxious,eager,6.789794921875,4.708335876464844,6
anxious,frightened,-0.390625,-0.3027891516685486,6
anxious,pale,-5.1357421875,-1.8444766998291016,6
anxious,shuddering,-4.557373046875,1.0890108346939087,6
aristocracy,feudalism,-2.9607086181640625,0.8593170046806335,6
artillery,guns,-5.532958984375,-0.3404989242553711,6
artillery,motorization,1.7505130767822266,0.566704273223877,6
artillery,troops,-1.3635482788085938,0.6631148457527161,6
arts,crafts,6.7308349609375,2.0115714073181152,6
arts,sciences,7.886554718017578,0.9538447260856628,6
arts,sports,2.228515625,1.688744068145752,6
artworks,objects,0.74609375,2.2828614711761475,6
attention,care,-3.712890625,-1.2321467399597168,6
attention,eyes,-3.677734375,-1.2361984252929688,6
attention,zeal,-2.0390625,-1.6432099342346191,6
autocrat,emperor,-5.904296875,-0.8735650181770325,6
automobiles,clothes,-0.1639251708984375,-2.0262856483459473,6
baby,daddy,-0.4921875,-1.3394306898117065,6
baby,father,-1.48046875,0.864077627658844,6
baby,louise,-4.3328857421875,2.219829559326172,6
badass,big,-3.955078125,-2.6077489852905273,6
balls,pegs,-1.083984375,-1.0065209865570068,6
baritone,clarinet,-3.9730224609375,-0.5212498903274536,6
barks,ships,-2.16015625,0.9286186695098877,6
barley,rye,-1.7734375,0.10922640562057495,6
barred,locked,-2.9375,0.258900910615921,6
basket,loaf,3.412109375,0.5533711314201355,6
basket,scissors,-0.9863624572753906,0.17829057574272156,6
battered,dilapidated,2.7027587890625,0.6317189931869507,6
believe,think,0.09765625,0.7260439991950989,6
believed,hiding,-4.03515625,-1.580885887145996,6
bewildered,confused,-1.9918670654296875,-0.35247865319252014,6
bewildered,dismayed,2.8796119689941406,0.08954747021198273,6
bewildered,frightened,-0.9378662109375,-1.0193824768066406,6
big,curious,5.34375,1.50541090965271,6
big,dark,3.0166015625,-0.16942229866981506,6
big,direct,-0.234375,1.6272175312042236,6
big,high,1.173828125,-0.09636017680168152,6
big,important,8.82421875,2.93955659866333,6
big,mellow,0.1162109375,2.9768457412719727,6
big,new,0.09228515625,1.8119720220565796,6
big,round,4.09326171875,0.8468328714370728,6
big,strong,4.3662109375,1.3048136234283447,6
big,successful,-0.0390625,1.411045789718628,6
big,wonderful,2.50390625,1.1724615097045898,6
biggerer,clumsier,-3.021484375,0.6194013357162476,6
bigotry,intolerance,1.04443359375,0.9249572157859802,6
biscuit,tea,-6.611083984375,-1.248421549797058,6
blaze,curl,2.795501708984375,0.2772631049156189,6
bleak,raw,0.373046875,0.818477213382721,6
blood,darkness,-0.7109375,0.8215062618255615,6
blood,filth,-0.53240966796875,0.7672629952430725,6
blood,fluid,0.3330078125,0.5866851210594177,6
blood,grease,-0.0146484375,1.9130192995071411,6
blood,soil,7.146484375,2.973719596862793,6
bloodless,pale,-5.5615234375,-1.4410042762756348,6
boating,riding,1.6767578125,-0.16373856365680695,6
bold,cautious,1.775390625,0.8464235663414001,6
bold,new,-2.966796875,1.326157569885254,6
bold,round,1.376953125,-0.2568022310733795,6
bold,successful,-0.55474853515625,-1.6772475242614746,6
bolt,eat,-0.88427734375,0.9075726866722107,6
bonds,stocks,3.1044921875,-1.8874785900115967,6
brake,marsh,-2.62109375,0.8111269474029541,6
bravest,strongest,1.420745849609375,0.20627756416797638,6
brawny,strong,-2.09716796875,0.11261007189750671,6
brilliancy,dash,-1.0753173828125,0.5003862977027893,6
brother,father,0.91015625,1.1832265853881836,6
brother,slept,-8.787109375,-0.1955561339855194,6
brushwood,rock,1.19580078125,0.1442432701587677,6
buckets,ladders,-0.1712493896484375,-0.08383554220199585,6
bundles,wraps,1.905517578125,0.24324336647987366,6
burning,slaying,0.58837890625,0.4696866571903229,6
busier,busier,0.0,-0.07221762835979462,6
buying,going,-1.8359375,-0.567824125289917,6
cabbage,carrot,0.294677734375,-0.084724560379982,6
campaign,political,2.65625,-0.45065978169441223,6
cancer,depression,-1.09912109375,1.2126843929290771,6
capable,strong,-3.9990234375,-2.611929178237915,6
capitalism,feudalism,3.072998046875,0.8597562909126282,6
captured,shown,2.181640625,0.9071698188781738,6
carbon,iron,-1.73046875,1.3016393184661865,6
carbon,nitrogen,-2.421722412109375,2.107121229171753,6
carded,cleaned,-1.1397705078125,-0.35703834891319275,6
care,cleanliness,-2.30621337890625,0.6165214776992798,6
care,harm,-0.47265625,0.09592348337173462,6
care,mind,7.2421875,0.6372090578079224,6
castles,cities,-2.814453125,-2.5586438179016113,6
castles,fortresses,-2.331298828125,1.2492297887802124,6
centuries,centuries,0.0,-0.07221762835979462,6
cf,kf,1.537109375,-0.028729703277349472,6
chains,darkness,-1.98828125,-0.23788268864154816,6
chains,locks,-1.259521484375,-1.1776217222213745,6
chains,mobiles,-2.41748046875,0.4413093626499176,6
champagne,flowers,-0.911346435546875,1.199722409248352,6
changing,working,2.85546875,-0.8168296813964844,6
chatted,chatted,0.0,-0.07221762835979462,6
cheered,shouted,0.38653564453125,0.15225976705551147,6
chintz,silk,-2.55914306640625,-1.0120702981948853,6
chocolate,tea,-0.935546875,1.1325863599777222,6
cities,municipalities,-0.16748046875,0.0734146237373352,6
cities,streets,-0.673828125,-1.0543646812438965,6
classic,formal,-1.76318359375,-0.11690875887870789,6
clatters,dinging,-0.470703125,0.08658228814601898,6
clatters,rings,1.36962890625,0.23590010404586792,6
cleaned,dripped,1.96337890625,0.35828259587287903,6
cleaned,restored,-0.176025390625,1.9030849933624268,6
climatology,meteorology,3.866668701171875,-0.7145677208900452,6
clock,rubber,-0.919921875,-1.019331693649292,6
close,dark,-1.0908203125,-4.483911037445068,6
close,grasping,3.510009765625,0.6631212830543518,6
close,monitoring,4.8626708984375,0.8255717158317566,6
close,swift,-1.345703125,-0.34880331158638,6
close,tight,0.814453125,-0.28369149565696716,6
clothes,eyes,-1.5849609375,-1.0506646633148193,6
clothes,gardens,0.22408676147460938,-0.34010183811187744,6
clothes,mind,-3.3681640625,1.7865067720413208,6
clothes,shopping,-0.986328125,-0.06916525959968567,6
coals,iron,0.06640625,0.9133593440055847,6
colorful,dark,0.2802734375,-0.6138435006141663,6
colorful,unusual,2.348388671875,0.45029112696647644,6
coming,coming,0.0,-0.07221762835979462,6
coming,falling,1.5234375,0.16648979485034943,6
coming,going,2.69140625,-0.21169263124465942,6
compassion,help,-3.653564453125,-0.7452967166900635,6
compete,fight,-0.8599853515625,-0.8018333315849304,6
complexity,evolution,3.810546875,-0.01927284523844719,6
confident,strong,-0.896484375,-2.9931702613830566,6
confused,detected,1.679168701171875,0.37476202845573425,6
confused,frightened,0.005859375,-0.8533994555473328,6
confused,upset,-0.033203125,1.2551767826080322,6
conquest,triumph,0.723876953125,-1.4108896255493164,6
consular,passport,2.380859375,1.4108713865280151,6
contempt,contempt,0.0,-0.07221762835979462,6
contempt,hatred,0.392822265625,-0.7599484324455261,6
contributors,supporters,-0.9129228591918945,0.4293338656425476,6
conviction,trial,-1.814453125,-0.5039716362953186,6
cook,eat,-1.11328125,0.2485770881175995,6
costume,makeup,-0.35205078125,1.3715487718582153,6
cowboys,frontiersmen,1.120391845703125,0.3601602017879486,6
crafts,industries,-0.09631919860839844,-0.4347396790981293,6
cranberry,turkey,-3.37890625,-1.7042018175125122,6
creased,stained,0.56640625,-0.6338737607002258,6
criminalised,persecuted,0.292724609375,0.6759117245674133,6
crossly,pettishly,-0.397705078125,-0.15117402374744415,6
crustaceans,insects,-2.1141357421875,-0.7598090767860413,6
cumin,pepper,-2.5078125,-1.5021381378173828,6
curious,new,-1.435546875,-0.4891369044780731,6
curious,strong,0.177734375,-1.3948888778686523,6
curious,wonderful,1.142578125,-0.460796982049942,6
daddy,mummy,-4.6279296875,0.9097043871879578,6
dark,dense,-0.619140625,0.8375507593154907,6
dark,dreary,0.922454833984375,1.5008151531219482,6
dark,fearful,4.7384033203125,2.7089757919311523,6
dark,high,-3.193359375,0.3495117723941803,6
dark,melancholy,1.038299560546875,1.4915587902069092,6
dark,secret,-0.5703125,4.758460521697998,6
dark,starlight,0.7705078125,3.129387855529785,6
dark,swollen,-3.7201156616210938,0.6891403794288635,6
dark,tangled,1.785247802734375,2.6030378341674805,6
dark,twisted,4.885498046875,1.7353129386901855,6
dark,ugly,1.1953125,1.257300615310669,6
dark,unforgiving,5.548828125,5.447194576263428,6
dark,unshaven,1.814453125,2.74686336517334,6
darker,darker,0.0,-0.07221762835979462,6
darker,denser,1.1337890625,0.9187515377998352,6
darkness,disappearance,1.0,-0.20830482244491577,6
darkness,silence,-2.23828125,-0.43016138672828674,6
darkness,solitude,-1.6943359375,-0.17964157462120056,6
darter,madame,2.69140625,0.13414961099624634,6
dash,enthusiasm,-2.3294830322265625,0.013705793768167496,6
decades,decades,0.0,-0.07221762835979462,6
decayed,inexpensive,0.82122802734375,-1.0663260221481323,6
degree,removal,2.91162109375,0.5417451858520508,6
delicate,lazy,-0.428314208984375,0.2304385006427765,6
delicate,pale,-0.979248046875,-1.2195507287979126,6
delicate,slender,0.0142822265625,-0.1573534458875656,6
delightedly,largely,-3.87890625,0.3406091332435608,6
democratic,political,-3.98828125,-0.39811941981315613,6
dense,frequent,1.207275390625,1.7981960773468018,6
dense,massive,-1.6298828125,0.4274604916572571,6
denser,denser,0.0,-0.07221762835979462,6
depression,humiliation,0.7388916015625,0.2996958792209625,6
desertion,silence,0.796875,-0.08432573080062866,6
detected,exposed,1.3768310546875,1.2303115129470825,6
detected,pursued,1.1588287353515625,1.5153677463531494,6
devastating,massive,-5.4285888671875,-1.8651005029678345,6
devastating,tragic,-0.32220458984375,-0.09250618517398834,6
dialect,vernacular,0.9172592163085938,1.2904818058013916,6
dice,slice,0.654296875,-0.4521735906600952,6
diligent,responsible,1.486572265625,0.5485180020332336,6
direct,interactive,2.1884765625,0.47423914074897766,6
direct,strong,-5.32421875,-2.987398862838745,6
direct,write,-5.30859375,-1.642667293548584,6
disciples,friends,-1.02978515625,-1.2581532001495361,6
disciples,interpreter,-2.8623046875,1.7461538314819336,6
disgrace,humiliation,-1.6921310424804688,0.5208598375320435,6
disgusting,gross,2.62939453125,-1.5193290710449219,6
disgusting,impetuous,7.42041015625,0.25121352076530457,6
dismayed,pale,-6.3841552734375,-2.608344793319702,6
disobedient,unruly,3.7664794921875,-0.18826371431350708,6
disposition,sale,-7.304931640625,-2.017033815383911,6
disposition,trial,-1.458740234375,-1.2494161128997803,6
disrespectful,insubordinate,5.73345947265625,1.3041448593139648,6
disrespectful,untamed,-2.9912109375,-0.09201501309871674,6
dissident,political,1.9775390625,1.0251171588897705,6
doctors,priests,0.80078125,1.3998743295669556,6
dominican,haitian,0.363525390625,-0.6021236777305603,6
dousings,leaps,0.2900390625,-0.10242553055286407,6
downforce,traction,0.7734375,-0.8516609072685242,6
drowsy,languid,0.260986328125,-0.0049897246062755585,6
drywall,paint,0.580078125,0.2892788052558899,6
dumfounded,quaking,-0.4892578125,-0.01385330781340599,6
dunked,soaked,0.623046875,0.9906746745109558,6
dynastic,political,-1.12109375,0.9843800663948059,6
eager,rapt,4.35693359375,1.5093871355056763,6
eager,shrill,-1.642578125,0.15777093172073364,6
eager,wondering,-0.5859375,0.9364072680473328,6
earthly,heavenly,-3.12890625,-0.6769306659698486,6
eastern,south,2.296875,0.28907567262649536,6
eat,eat,0.0,-0.07221762835979462,6
eat,loaf,5.517578125,-0.7101600766181946,6
eat,rise,-3.306640625,-2.4343807697296143,6
eat,stay,-3.58984375,-2.9513633251190186,6
eaten,gathered,-1.205078125,-1.4979405403137207,6
eaten,slept,2.07421875,-0.7047259211540222,6
educational,entertaining,1.4879302978515625,0.7294458150863647,6
educational,political,-0.869140625,0.2928919494152069,6
educational,religious,-2.01373291015625,0.011547472327947617,6
efflorescences,encrustations,-0.6298828125,-0.1372499018907547,6
elegance,grace,-0.5915069580078125,-0.33670923113822937,6
emperor,king,-1.73828125,0.7301002144813538,6
empires,leaders,2.3759765625,0.7173981070518494,6
entertaining,new,-9.152862548828125,-2.1241369247436523,6
enthusiasm,excitement,-1.76318359375,-0.4060160517692566,6
enthusiasm,pep,3.6115341186523438,-0.7370412349700928,6
enthusiasm,triumph,-3.7898082733154297,0.85479336977005,6
entirely,fully,-2.015625,-0.7642366886138916,6
entirely,thoroughly,-1.75390625,-1.6005020141601562,6
eternal,strong,0.81280517578125,-0.09380832314491272,6
eventful,harassing,-2.103515625,0.17199444770812988,6
eventful,new,-4.8470458984375,-0.1866329312324524,6
excitement,exertion,1.173095703125,1.3308689594268799,6
excitement,triumph,0.2940673828125,1.1362531185150146,6
excitement,trouble,0.61328125,-0.5595453977584839,6
executive,regulatory,4.0888671875,-0.4014754295349121,6
extensive,new,-4.17431640625,-1.0468273162841797,6
extensive,strong,0.087890625,-0.874116837978363,6
extent,speed,0.939453125,0.034164223819971085,6
faggots,straw,0.5537109375,-0.23269112408161163,6
falling,flying,-0.5,-1.1511330604553223,6
false,groundless,1.765625,-0.7585909962654114,6
false,wrong,0.513671875,0.13946866989135742,6
far,far,0.0,-0.07221762835979462,6
far,high,-0.5234375,-0.7523679733276367,6
far,unused,0.5390625,2.1812703609466553,6
farder,farder,0.0,-0.07221762835979462,6
farmer,wife,2.6640625,0.1482599377632141,6
father,father,0.0,-0.07221762835979462,6
father,grandmother,0.482421875,0.10615168511867523,6
father,jm,-0.94140625,1.0572055578231812,6
father,son,2.986328125,1.2945994138717651,6
fearful,unknown,-1.5634765625,-0.6392272114753723,6
fearful,wonderful,-0.259765625,-1.4275236129760742,6
fifth,smallest,-2.175048828125,-0.4338032007217407,6
fight,hunt,-0.91015625,-0.2747097313404083,6
fight,overcome,3.349609375,0.4170700013637543,6
fight,stand,-2.451171875,-1.1934388875961304,6
fight,stay,-3.8203125,-4.523975849151611,6
fight,wait,-0.447265625,-2.1203463077545166,6
fighting,hunting,-0.4296875,-1.3051621913909912,6
fighting,watching,-1.5546875,-0.8760894536972046,6
fighting,working,-0.7919921875,1.6712830066680908,6
fills,fills,0.0,-0.07221762835979462,6
find,seek,1.56640625,0.1614220142364502,6
fish,hunt,-0.296875,-0.1377018392086029,6
fish,insects,1.1826171875,0.35946276783943176,6
fish,loaves,0.59375,0.4704258143901825,6
fish,plant,-0.197265625,0.816077709197998,6
fish,squid,6.39306640625,2.285900115966797,6
fish,vegetables,2.0537109375,-0.14092452824115753,6
flamingoes,mustard,2.68359375,1.4587624073028564,6
flatly,instantly,2.53515625,0.7192670702934265,6
flew,flew,0.0,-0.07221762835979462,6
flew,fluttered,-3.3572998046875,-0.02626168355345726,6
flexible,flexuous,-1.90651535987854,-0.7966874837875366,6
flexible,slender,0.08984375,-1.5952603816986084,6
flowers,gardens,-0.6729297637939453,-0.018492501229047775,6
flowers,insects,2.8065185546875,-1.0793650150299072,6
flowers,streamers,1.3740234375,1.0906836986541748,6
flowers,vegetables,1.94219970703125,-0.3659212291240692,6
flowers,wines,0.265625,-0.6748426556587219,6
fluttered,fluttered,0.0,-0.07221762835979462,6
fonder,fonder,0.0,-0.07221762835979462,6
fox,geese,1.73583984375,-0.07273942232131958,6
frequent,prolonged,4.51995849609375,1.7561153173446655,6
friends,lovers,2.82763671875,0.9578523635864258,6
friends,owners,2.6650390625,0.17205718159675598,6
frightened,pale,-1.439453125,-0.6390218138694763,6
frightened,unmanageable,-0.28948974609375,1.7174714803695679,6
frightened,wondering,1.03515625,1.6346890926361084,6
fruitful,important,3.03515625,3.454310894012451,6
ganders,geese,0.265625,-0.5544395446777344,6
gentleness,kindliness,1.2388916015625,0.3414887487888336,6
gentleness,magnanimity,3.3979949951171875,0.16452646255493164,6
geocaching,letterboxing,2.7734375,-1.7264468669891357,6
geography,religious,0.5625,1.4185996055603027,6
gestures,sounds,-0.54541015625,-0.2636185586452484,6
gestures,swipes,0.5745849609375,0.2205941379070282,6
gigglings,whisperings,0.84515380859375,1.1703826189041138,6
gladness,refreshment,2.1716384887695312,1.197157382965088,6
going,going,0.0,-0.07221762835979462,6
going,motivated,-0.6571044921875,-0.39926111698150635,6
grace,majesty,-0.4765625,0.07042157649993896,6
grace,swiftness,-0.921875,0.16372497379779816,6
grace,truth,-2.28125,-0.4083380103111267,6
grace,virulence,2.3828125,0.565542459487915,6
gratin,pasta,3.65625,-1.5081275701522827,6
gravity,silence,-1.0401611328125,-0.6078389883041382,6
gravity,years,2.9609375,-0.052656833082437515,6
grease,paint,1.169921875,-1.1175545454025269,6
greater,greater,0.0,-0.07221762835979462,6
greater,new,-1.37109375,0.2526584565639496,6
greater,stronger,1.673828125,-0.9099246859550476,6
greatest,strongest,2.6782989501953125,-0.2167092114686966,6
grim,rocky,-5.0697021484375,-0.8909153342247009,6
grim,tense,4.375,-0.12768539786338806,6
grim,ugly,5.447265625,-1.1963896751403809,6
grizzled,sparse,-1.65234375,1.1816197633743286,6
groaned,swayed,1.21136474609375,0.11240379512310028,6
gross,wiggly,-0.7099609375,0.4554481506347656,6
grumpy,religious,-0.36151123046875,-0.21211466193199158,6
guarded,locked,-0.625732421875,-1.4992038011550903,6
guarded,protective,2.0159912109375,1.7870566844940186,6
guarded,suspicious,0.785186767578125,-0.11511193215847015,6
guns,rockets,-0.166748046875,0.037599314004182816,6
guns,shades,1.6962890625,0.16731993854045868,6
guns,ships,2.447265625,1.6366000175476074,6
guns,sticks,-1.9609375,0.8533913493156433,6
halloaed,shouted,0.45703125,0.4974701702594757,6
hallucinations,paralysis,-2.7739334106445312,0.004724834114313126,6
hammers,iron,-2.720703125,1.7430028915405273,6
handy,new,-2.7626953125,1.1207671165466309,6
handy,strong,0.132080078125,-2.038867235183716,6
harassed,pale,-3.716796875,-1.0820634365081787,6
harmonic,rhythmic,-1.986328125,-0.5953738689422607,6
hateful,mean,0.111572265625,1.7500404119491577,6
hatred,jealousy,-2.4638671875,0.4215250313282013,6
heir,son,0.4267578125,-0.0004769228398799896,6
help,hold,0.45947265625,1.0346152782440186,6
help,shelter,-1.541015625,-0.4762771427631378,6
help,stay,-4.84765625,-1.7589126825332642,6
hide,seek,9.361328125,0.13472923636436462,6
hiding,watching,-0.953125,-2.2846760749816895,6
high,intermediate,-3.36505126953125,-0.05874579772353172,6
high,rocky,0.41796875,1.5884405374526978,6
high,shrill,4.9140625,2.320046901702881,6
high,strong,-0.39453125,0.42241308093070984,6
high,tight,0.919921875,0.15647879242897034,6
high,tower,1.375,-0.4563944637775421,6
hoarser,rougher,0.618896484375,0.941017210483551,6
hockey,soccer,1.6441726684570312,1.4372833967208862,6
hold,pull,3.4375,0.15693321824073792,6
honesty,truth,-0.572021484375,-0.6598192453384399,6
honeyeater,thornbill,2.37255859375,1.547035574913025,6
hostility,intolerance,-1.4375,-0.14545056223869324,6
house,trance,0.224609375,-0.3880802392959595,6
howled,howled,0.0,-0.07221762835979462,6
howled,shouted,-4.44287109375,-2.0359549522399902,6
howled,whined,-2.8193359375,-0.959604024887085,6
humans,pigs,1.796875,0.3139916956424713,6
humans,spirits,0.17578125,-0.8856311440467834,6
humiliation,rejection,2.25390625,0.7546411156654358,6
hums,plays,2.8251953125,1.0196175575256348,6
hums,writes,2.8032379150390625,1.8291292190551758,6
hungrier,hungrier,0.0,-0.07221762835979462,6
hunt,sport,0.484375,-0.6271486878395081,6
hunt,transform,1.5712890625,1.8856018781661987,6
images,sounds,2.5001220703125,0.7913634777069092,6
impertinent,troublesome,-5.17791748046875,-1.9787704944610596,6
impertinent,ugly,-5.189697265625,-1.6276099681854248,6
import,sale,9.734375,2.6764509677886963,6
important,new,-7.7265625,-1.490796685218811,6
important,unpleasant,2.0543899536132812,0.1696101427078247,6
impotent,indecisive,3.937744140625,1.0414314270019531,6
independence,triumph,0.76171875,0.14910566806793213,6
industries,mines,1.1149296760559082,0.20255863666534424,6
infertile,rocky,0.373046875,-1.0437097549438477,6
inflamed,swollen,-4.022430419921875,-1.5767195224761963,6
innocence,truth,-2.3626708984375,-1.6090319156646729,6
instantly,neatly,1.9318180084228516,0.07195854187011719,6
instrumental,religious,0.58154296875,0.0607835091650486,6
invasions,troubles,3.398193359375,-0.10758781433105469,6
iron,rock,-1.1953125,-0.5226515531539917,6
iron,vitamins,-0.80029296875,-0.3226552903652191,6
ironic,tragic,0.424713134765625,-0.2250385731458664,6
iy,wonderful,-2.287261962890625,0.8417456150054932,6
jealousies,troubles,0.53125,0.03705701604485512,6
judicial,legal,-1.1424560546875,-0.9339624643325806,6
labour,plant,4.71484375,2.200374126434326,6
lagged,lagged,0.0,-0.07221762835979462,6
lake,river,0.09765625,0.7332268953323364,6
languid,pale,-3.01806640625,-0.6541555523872375,6
lazy,somnolent,1.517578125,0.6552751660346985,6
legal,political,-2.04296875,-3.2088675498962402,6
legal,regulatory,-0.39990234375,-0.004638846963644028,6
legal,religious,3.12890625,-0.18897387385368347,6
ligaments,muscles,-2.453125,-0.29022738337516785,6
linguistic,religious,-0.68408203125,-0.6654406785964966,6
lively,new,-2.7777099609375,-0.9423928260803223,6
lively,tight,0.95648193359375,-0.5532475113868713,6
living,shop,1.837890625,-0.8684899210929871,6
living,working,-3.701171875,-0.6148179769515991,6
locked,strong,-0.30078125,-2.5889835357666016,6
loyalty,truth,2.4052734375,0.04977456107735634,6
manipulated,tricked,-1.07476806640625,0.7347963452339172,6
materials,objects,-1.564849853515625,0.8649994134902954,6
mayo,mustard,-1.08203125,0.2994573414325714,6
meal,vegetables,-0.357177734375,-1.5784035921096802,6
mean,nasty,-6.4375,-1.9284600019454956,6
mean,ugly,-3.4296875,-1.3858122825622559,6
melodious,strong,-0.72802734375,-0.44493988156318665,6
merrily,swiftly,4.555419921875,2.3468804359436035,6
military,political,0.71875,1.3086276054382324,6
military,politics,-2.13671875,-0.5833245515823364,6
military,religious,-0.5625,1.068017601966858,6
military,space,3.677734375,1.2539951801300049,6
mines,quarries,2.8876953125,-0.4449155032634735,6
mines,torpedoes,-2.562042236328125,-0.08943676948547363,6
months,months,0.0,-0.07221762835979462,6
months,years,-0.7568359375,0.5546035170555115,6
mummy,mummy,0.0,-0.07221762835979462,6
murdered,skinned,-2.322265625,-0.412895530462265,6
narcissism,narcissism,0.0,-0.07221762835979462,6
nasty,ugly,-2.859375,-0.8218409419059753,6
nasty,unpleasant,1.1192855834960938,0.8727503418922424,6
national,political,0.998046875,-1.0885143280029297,6
national,regional,0.386474609375,-0.328191876411438,6
national,religious,0.634765625,-0.7083196640014648,6
neatly,swiftly,2.62518310546875,-0.17182709276676178,6
neoendemism,paleoendemism,-0.82061767578125,-0.48205050826072693,6
never,off,-6.45703125,1.7787199020385742,6
new,pioneering,-0.984375,-0.0787324458360672,6
new,precious,5.34765625,1.2446848154067993,6
new,strong,4.54296875,-1.8275227546691895,6
new,successful,5.1015625,0.05597854033112526,6
new,ugly,3.916015625,-1.695258617401123,6
new,unusual,3.57421875,-2.669203758239746,6
new,wonderful,3.4765625,-0.281124085187912,6
nobles,princes,-3.011474609375,0.5084508657455444,6
nodded,swayed,-0.29803466796875,2.0782549381256104,6
north,south,1.998046875,0.2290528118610382,6
novelized,sung,-0.84375,2.776367664337158,6
numbness,tingling,-0.36669921875,-0.4245815575122833,6
ober,ober,0.0,-0.07221762835979462,6
oppressive,unpleasant,0.617706298828125,-0.0033011063933372498,6
oracular,sacred,-3.564453125,-1.5757114887237549,6
organization,rank,0.486328125,-0.8839224576950073,6
ounces,ounces,0.0,-0.07221762835979462,6
owl,raven,0.3642578125,-0.24655398726463318,6
packing,riding,1.90447998046875,0.22043731808662415,6
paint,paint,0.0,-0.07221762835979462,6
painting,poetry,0.4485931396484375,-0.559451699256897,6
pale,sickly,3.1572265625,0.17709556221961975,6
pale,veiny,0.982421875,2.620863437652588,6
pant,stand,-5.779296875,-0.8806866407394409,6
parliamentary,political,3.287109375,0.9563463926315308,6
parliamentary,presidential,3.826171875,0.09140151739120483,6
passwords,usernames,-1.880859375,-0.22031700611114502,6
penniless,ugly,-5.2578125,-0.2868501842021942,6
perch,suckers,-2.5673828125,-1.792259693145752,6
perplexity,trouble,0.5274467468261719,-0.2693999409675598,6
plant,sow,-0.4296875,0.3254311978816986,6
plaques,tangles,-1.88671875,-1.017857551574707,6
plasters,weights,0.680419921875,-0.005158212035894394,6
plates,spoons,1.7968673706054688,3.109622001647949,6
plates,utensils,0.9108734130859375,1.3969240188598633,6
plays,poetry,-6.382049560546875,-2.579679489135742,6
poetry,sports,-0.1870574951171875,-0.1363380402326584,6
poetry,wit,4.201080322265625,0.2099858522415161,6
poke,pull,-3.1943359375,1.4794073104858398,6
political,political,0.0,-0.07221762835979462,6
political,religious,-0.298828125,-1.2305781841278076,6
pray,wait,-3.251953125,-1.7212581634521484,6
precious,round,-2.90234375,-0.5740067362785339,6
pressors,volume,4.55859375,-2.5190649032592773,6
profitable,reasonable,-1.11181640625,0.14538827538490295,6
prolonged,searching,-2.7592391967773438,0.16891098022460938,6
pronunciation,tones,-1.1168746948242188,0.2156158983707428,6
protective,strong,-0.748046875,-2.658724546432495,6
prussian,russian,1.645111083984375,0.6765560507774353,6
publish,write,-0.8599166870117188,0.8412449359893799,6
pumping,pumping,0.0,-0.07221762835979462,6
pushed,pushed,0.0,-0.07221762835979462,6
ranks,species,2.568603515625,1.3833346366882324,6
recharged,reused,3.208984375,0.25090649724006653,6
reefed,stowed,2.4627761840820312,0.2554844617843628,6
refreshment,repose,-0.22412109375,-0.8348244428634644,6
regional,school,-2.71539306640625,-1.0446622371673584,6
religious,sports,-2.474609375,-0.8432212471961975,6
remarried,reneged,2.0924072265625,-0.9262157082557678,6
repose,shelter,-6.3857421875,-1.2039756774902344,6
rescue,search,-2.46875,-0.06683526933193207,6
resting,working,-0.7314453125,0.21657004952430725,6
rhythmic,symmetrical,1.6930465698242188,2.6919326782226562,6
rings,sounds,-2.1357421875,2.457885503768921,6
rise,spring,0.96875,-0.7981504797935486,6
rites,symbolisms,0.359619140625,0.09242214262485504,6
rock,soil,-0.3515625,0.5851991772651672,6
rock,thicket,2.36865234375,-0.006350051611661911,6
rocky,tangled,2.862548828125,1.8221970796585083,6
rolls,rolls,0.0,-0.07221762835979462,6
rooms,rooms,0.0,-0.07221762835979462,6
round,round,0.0,-0.07221762835979462,6
round,strong,-3.017578125,0.7303965091705322,6
rounder,rounder,0.0,-0.07221762835979462,6
rubber,wool,-2.15625,-1.031150221824646,6
russian,swedish,-1.2454338073730469,-0.5223913192749023,6
russian,yiddish,1.1396484375,1.864330768585205,6
sacred,secret,-2.19140625,0.2745647430419922,6
sagacity,wit,-1.123016357421875,-0.29368993639945984,6
savages,unintelligent,1.8172607421875,1.8235490322113037,6
sea,shore,-5.07421875,-0.09881946444511414,6
searched,searched,0.0,-0.07221762835979462,6
searching,searching,0.0,-0.07221762835979462,6
secret,wrong,0.4921875,1.09087073802948,6
seeded,unseeded,-3.419952392578125,0.9555993676185608,6
ships,shore,-4.072265625,-1.958581805229187,6
ships,troops,-2.640625,-0.542677104473114,6
shook,shook,0.0,-0.07221762835979462,6
shopping,sunbathing,-3.330078125,-0.1811886727809906,6
shrank,swelled,-0.6314697265625,0.8456359505653381,6
shrill,unpleasant,3.780498504638672,1.2496345043182373,6
silence,solitude,2.345703125,1.5405964851379395,6
silk,tea,-1.9931640625,-1.8029911518096924,6
sinks,toilets,-0.8197021484375,-1.8460437059402466,6
slept,slept,0.0,-0.07221762835979462,6
soaked,swollen,1.08563232421875,-0.023208197206258774,6
somewhat,thoroughly,-0.94140625,-0.44216740131378174,6
sounds,sounds,0.0,-0.07221762835979462,6
south,south,0.0,-0.07221762835979462,6
sprightly,strong,0.41015625,-1.511159062385559,6
squatting,thrusting,-0.5061702728271484,0.04172680154442787,6
stand,stand,0.0,-0.07221762835979462,6
stand,wait,3.103515625,-0.07634221017360687,6
stately,strong,0.71875,-1.4298847913742065,6
stay,stay,0.0,-0.07221762835979462,6
stay,think,3.875,3.6305861473083496,6
stops,thinks,3.48828125,3.694474220275879,6
streets,streets,0.0,-0.07221762835979462,6
strong,successful,2.923828125,3.5644643306732178,6
strong,swift,1.912109375,0.1716756820678711,6
strong,tight,0.10546875,0.333516389131546,6
strong,tyrannous,-0.49072265625,1.5799059867858887,6
strong,unusual,0.794921875,1.1299958229064941,6
stronger,stronger,0.0,-0.07221762835979462,6
sullenly,unwillingly,-2.54833984375,0.825251042842865,6
sunsets,tea,-1.7802734375,-1.5131316184997559,6
suspicious,wondering,4.19232177734375,1.416829228401184,6
sympathize,understand,-2.236083984375,1.0612388849258423,6
think,think,0.0,-0.07221762835979462,6
think,wait,-4.619140625,-4.928110599517822,6
thoroughly,vigorously,1.204559326171875,1.785563349723816,6
trial,tribulations,-0.67578125,1.608435869216919,6
trial,trouble,-2.25,3.0504674911499023,6
turkey,vegetables,4.4542236328125,1.0912455320358276,6
turn,turn,0.0,-0.07221762835979462,6
twos,twos,0.0,-0.07221762835979462,6
uglier,uglier,0.0,-0.07221762835979462,6
understand,write,-0.505859375,0.47581204771995544,6
unhumanized,untamed,0.48828125,-0.08193488419055939,6
unknowable,unknown,-3.005859375,-0.7779995203018188,6
vigorously,wrong,-4.33544921875,0.5359610319137573,6
wait,wait,0.0,-0.07221762835979462,6
waking,watching,1.25732421875,-0.418891578912735,6
weights,widths,3.0439453125,0.5939245223999023,6
wondering,wondering,0.0,-0.07221762835979462,6
working,working,0.0,-0.07221762835979462,6
years,years,0.0,-0.07221762835979462,6
abandoned,old,-1.2100143432617188,-3.750851631164551,7
acres,acres,0.0,0.26457637548446655,7
activity,eagerness,-0.355224609375,-0.29128485918045044,7
activity,life,-3.7734375,-1.7243784666061401,7
addiction,overdose,1.12890625,0.25844407081604004,7
adult,child,-1.6015625,-4.4231743812561035,7
adult,children,-4.375,-2.805272102355957,7
advanced,brightened,4.21533203125,0.5072044134140015,7
advertising,marketing,0.5191650390625,-0.6211495995521545,7
agony,fear,-0.18701171875,0.9280272722244263,7
air,light,-0.408203125,0.013658583164215088,7
algerian,moroccan,-0.1494140625,1.0357203483581543,7
aloes,euphorbias,0.1181640625,0.41366010904312134,7
ambitious,worldly,-1.2684326171875,-0.4174116849899292,7
ammunition,bombs,-3.921630859375,-2.4918274879455566,7
ammunition,weapons,-2.1149139404296875,-0.6472999453544617,7
ammunitions,weapons,-2.16259765625,-0.6805820465087891,7
amuse,interest,-2.0703125,0.6466926336288452,7
anatomy,morphology,-4.1368408203125,-0.0810806155204773,7
antisemitic,nationalist,1.36083984375,0.5853381752967834,7
anus,urogenital,-2.748046875,0.16716574132442474,7
asked,blushed,-6.48828125,-3.5397777557373047,7
assault,robbery,4.140869140625,-1.188928484916687,7
assured,final,-0.5859375,-1.935679316520691,7
attentively,gravely,0.05677032470703125,-1.2109121084213257,7
autos,carriages,-1.567474365234375,0.054673224687576294,7
bags,purses,2.47802734375,1.5097702741622925,7
balanced,benign,1.94287109375,1.8753241300582886,7
ballets,operas,-1.4326171875,1.8343197107315063,7
barriers,queries,-4.4803466796875,0.4601995050907135,7
bearer,flag,-0.0908203125,-0.9964727163314819,7
bedraggled,desperate,1.333984375,0.9928335547447205,7
bedraggled,soiled,0.068603515625,0.5008998513221741,7
belgian,dutch,-1.56414794921875,0.22709067165851593,7
belgian,moroccan,0.68505859375,0.07852301001548767,7
bent,cramped,2.3006591796875,1.2275350093841553,7
bent,old,-5.287109375,-2.387211799621582,7
bent,worn,-0.240234375,-0.9342325925827026,7
billeting,orientation,-1.448974609375,-0.2288227081298828,7
biology,genetics,1.592041015625,0.837162971496582,7
bittersweet,milk,-1.138671875,-2.209228992462158,7
blabbing,tattling,4.8173828125,-0.33833736181259155,7
blind,cruel,1.5390625,0.7811100482940674,7
blind,helpless,1.56982421875,0.28100311756134033,7
blind,old,-1.6015625,-0.8362523317337036,7
blind,vague,-2.375,0.20117542147636414,7
bloating,pain,-0.693359375,-0.7167123556137085,7
blossoms,herbs,-0.763916015625,-0.25301593542099,7
blowing,blowing,0.0,0.26457637548446655,7
blowing,spitting,3.337890625,-0.08390823006629944,7
blustering,rollicking,0.904296875,0.0681779682636261,7
blustering,wild,-0.59326171875,-0.8983979225158691,7
boast,brag,-2.185302734375,-0.27579599618911743,7
bombs,revolution,2.30517578125,-0.08196800947189331,7
bombs,rowdies,-0.04901123046875,-0.6359062194824219,7
bombs,weapons,-0.7880859375,-1.0146125555038452,7
bones,flesh,-2.3857421875,-0.07681393623352051,7
bones,organs,2.09765625,0.6851415038108826,7
bones,skeleton,2.83349609375,1.573233962059021,7
bones,skin,1.138671875,-1.4390544891357422,7
bows,buckles,1.34521484375,0.12349563837051392,7
bragged,bragged,0.0,0.26457637548446655,7
bribery,extortion,-2.987518310546875,-0.22360289096832275,7
bribery,promises,-1.294921875,-1.0539193153381348,7
bribes,promises,0.03857421875,1.4317318201065063,7
brisk,light,3.03326416015625,-0.23239707946777344,7
bromides,iodides,3.7060546875,-0.22434794902801514,7
bronchitis,scabies,3.2578125,-0.5758497714996338,7
brush,grass,-0.109375,-0.4941338300704956,7
brush,poles,0.67578125,0.8874953985214233,7
bucked,roared,-0.31817626953125,-1.8886770009994507,7
bulletproof,tactical,2.624267578125,-0.551813542842865,7
bushels,bushels,0.0,0.26457637548446655,7
bushes,grass,-2.693359375,0.592326283454895,7
bushes,thorns,0.381103515625,0.4494502544403076,7
businesses,citizens,-1.6474609375,0.3566136360168457,7
businesses,colonies,2.135009765625,-0.9146565198898315,7
businesses,properties,-0.86328125,1.5237476825714111,7
butlers,sex,2.703125,0.025133609771728516,7
calculated,deliberate,-1.731201171875,0.13165222108364105,7
calm,deadly,2.5712890625,-1.3720766305923462,7
calm,delightful,-1.7548828125,-0.4124840497970581,7
calm,light,0.36328125,-0.6138344407081604,7
calm,quiet,1.798828125,-1.3595448732376099,7
calm,sedate,1.47265625,1.7882349491119385,7
calm,stability,2.02734375,-1.5727646350860596,7
calm,sunshine,0.365234375,-1.9911140203475952,7
canons,statutes,0.53515625,-1.0927377939224243,7
carefulness,indifference,1.064208984375,1.6699944734573364,7
carriages,motorcars,1.2947998046875,1.5979340076446533,7
cart,harness,-0.84130859375,1.0619840621948242,7
cases,casks,-0.8873291015625,-1.2207852602005005,7
cases,complaints,3.3359375,0.37351587414741516,7
cases,presses,2.9140625,1.1082844734191895,7
caught,kept,6.802734375,1.572180151939392,7
celebrate,drink,-0.2474365234375,-0.7680419683456421,7
central,large,-2.548828125,-2.4623398780822754,7
charabancs,charabancs,0.0,0.26457637548446655,7
cheapest,easiest,-0.322021484375,0.3550418019294739,7
chess,rugby,0.81134033203125,-0.24753856658935547,7
child,child,0.0,0.26457637548446655,7
children,gum,0.591796875,0.25419074296951294,7
children,hens,-3.5830078125,-0.14909115433692932,7
children,ladies,-3.857421875,-0.4500088691711426,7
children,milk,-1.171875,2.8777332305908203,7
children,pensioners,-0.73779296875,0.651544451713562,7
children,substitute,-0.93798828125,2.2758243083953857,7
citizens,musicians,-2.73638916015625,0.32668960094451904,7
citronellol,geraniol,1.23828125,-0.24686741828918457,7
civilians,warriors,-1.4139909744262695,-0.752109169960022,7
clapped,clapped,0.0,0.26457637548446655,7
clapped,roared,1.1777191162109375,-0.11579576134681702,7
claws,legs,4.81787109375,-0.17851784825325012,7
clinopyroxene,nepheline,4.1015625,-0.135565847158432,7
clues,criminals,1.33050537109375,0.10751785337924957,7
clues,maps,2.5185546875,-0.0757797360420227,7
cockroackes,temites,2.05322265625,1.303977370262146,7
collectors,museums,4.15472412109375,0.7085590958595276,7
concentrated,deliberate,-1.14276123046875,-0.6155433654785156,7
cones,tapes,-3.546356201171875,-1.6989818811416626,7
confined,insane,-5.251953125,-0.6467833518981934,7
connoisseurs,ladies,-3.166015625,-2.4539952278137207,7
contamination,pollution,1.01153564453125,-0.28133976459503174,7
contradictory,vague,-2.6796875,-0.08159857988357544,7
convenient,large,-1.916259765625,-2.7846264839172363,7
convenient,serious,-1.324462890625,-1.3955386877059937,7
copied,remembered,-2.7354736328125,0.6680394411087036,7
cornflakes,milk,-0.234375,0.5025326013565063,7
courageous,old,-2.6953125,-2.5660243034362793,7
cower,shrink,-2.3857421875,-0.6320010423660278,7
crackled,glowed,2.397216796875,0.6608250141143799,7
crackled,roared,1.62738037109375,-0.17235291004180908,7
crashing,crashing,0.0,0.26457637548446655,7
crashing,thudding,0.214111328125,0.1045667827129364,7
creepy,impressive,0.41278076171875,-0.46378016471862793,7
crime,drugs,-0.224609375,0.7479795217514038,7
crime,sex,1.216796875,0.9954112768173218,7
criminality,hardship,-0.6943359375,-0.13934946060180664,7
criminals,dungeons,0.764678955078125,0.07846245169639587,7
criminals,thieves,0.203765869140625,-0.3589218258857727,7
criminals,vagabonds,0.5214805603027344,-0.07469773292541504,7
crops,harvest,1.37158203125,1.4627796411514282,7
crops,properties,1.108917236328125,0.07905276119709015,7
crossness,meddling,0.435546875,0.9472895860671997,7
cruel,disastrous,-0.34088134765625,0.9658559560775757,7
cruel,envious,0.703369140625,-0.12553071975708008,7
cruel,inconceivable,1.4974365234375,2.8923702239990234,7
cruel,paranoid,-0.8865966796875,-0.5128479599952698,7
cruel,stormy,1.45166015625,0.545374870300293,7
cruel,wasteful,0.01953125,1.5573139190673828,7
cruel,wild,-0.236328125,0.5489296317100525,7
curiosity,eagerness,3.1627097129821777,-1.2797521352767944,7
curiosity,interest,-1.3126602172851562,-0.2838122844696045,7
curiosity,pain,0.8834075927734375,0.4541918635368347,7
currently,formerly,-0.29547119140625,-1.6808780431747437,7
curtsy,smile,-6.54345703125,-2.4803667068481445,7
dainty,particular,2.5989990234375,1.5227831602096558,7
dainty,soft,-2.1259765625,-1.2599248886108398,7
danced,sang,-0.4963951110839844,1.547223448753357,7
deliberate,mock,-1.9296875,-1.153941035270691,7
deliberated,sat,1.31884765625,-1.6493337154388428,7
delightful,generous,3.2200927734375,0.815671980381012,7
delightful,quiet,1.55078125,0.041664302349090576,7
deliverance,guidance,0.0083465576171875,-0.020820438861846924,7
demandingly,harshly,2.957763671875,-0.44873279333114624,7
democracy,socialism,-1.0643310546875,0.9564385414123535,7
dental,vision,-3.212890625,-0.6375493407249451,7
depressed,quiet,0.62939453125,-1.1218699216842651,7
depressed,uneasy,-1.57421875,1.1059730052947998,7
desolation,woe,1.29052734375,-0.722797155380249,7
despatch,ease,-3.361328125,-0.0272061824798584,7
desperate,disorganized,2.104736328125,1.0522490739822388,7
destiny,life,-2.07421875,-1.7108577489852905,7
destiny,vision,-1.896484375,-0.5049798488616943,7
dialogues,fugues,-0.25421142578125,-0.2013508379459381,7
differences,resemblances,-0.93536376953125,0.22919966280460358,7
differences,variations,-0.5746526718139648,0.14087343215942383,7
discovered,mined,4.29864501953125,0.3764549195766449,7
discussions,meetings,-5.03466796875,-0.9050599336624146,7
diseases,genetics,-4.850841522216797,-0.10771793127059937,7
diseases,viruses,1.675241470336914,0.1873915195465088,7
disheveled,wild,-5.7769775390625,-2.786932945251465,7
displayed,stored,-1.284515380859375,-0.49078935384750366,7
displays,exhibits,4.0511474609375,-0.7227563858032227,7
dissolute,idle,-4.234619140625,-1.0445849895477295,7
distributed,versioned,-3.423828125,-0.04318150877952576,7
drama,satirical,1.818359375,0.9206408262252808,7
dread,eagerness,1.3389892578125,-0.4294101595878601,7
dread,fear,2.3515625,-0.24768632650375366,7
dreamless,drugged,7.339691162109375,0.8398725986480713,7
dress,jewellery,2.3282470703125,1.1489739418029785,7
dress,talk,0.982421875,0.04251360893249512,7
dress,towel,-0.716796875,-0.2962683439254761,7
drink,drugs,-1.240234375,0.3894139528274536,7
drink,sail,1.423828125,-0.03996795415878296,7
drink,smile,0.20703125,0.4157242774963379,7
drink,talk,-0.1640625,0.11721442639827728,7
driven,tugged,-0.96826171875,0.12087401747703552,7
drugs,homelessness,4.05908203125,-1.5492923259735107,7
drugs,sex,1.1328125,0.08696204423904419,7
drugs,weapons,-0.3359375,-0.9887429475784302,7
duck,squash,1.302734375,-0.7846391201019287,7
dutch,english,0.12109375,-0.45793992280960083,7
eachother,nature,0.513671875,-2.4452452659606934,7
eagerness,exultation,2.002685546875,1.1179232597351074,7
eagerness,regret,0.43609619140625,1.235758662223816,7
earthquakes,tornadoes,0.7775344848632812,0.6981637477874756,7
earthquakes,volcanoes,2.128631591796875,0.6436938047409058,7
ease,quiet,1.39892578125,0.32798337936401367,7
economic,environmental,0.6320343017578125,0.5168600678443909,7
editing,writing,-0.162109375,0.1781756430864334,7
egoistic,inflexible,-0.9840087890625,0.4985746145248413,7
enabling,enabling,0.0,0.26457637548446655,7
engineers,physicists,-0.3079833984375,0.05015765130519867,7
english,italian,-0.55078125,1.3412634134292603,7
epilepsy,schizophrenia,-2.257080078125,1.3001775741577148,7
erm,fertile,-5.1474609375,-0.8843752145767212,7
erm,revolution,-1.9609375,-0.5032250285148621,7
erm,talk,-5.841796875,-0.59803307056427,7
erm,weight,-4.435546875,-0.9019920825958252,7
ever,ever,0.0,0.26457637548446655,7
ever,forever,-3.6357421875,-1.9273427724838257,7
evildoers,murderers,-6.8739471435546875,-0.4996260404586792,7
excited,hysterical,-0.787841796875,-0.018695145845413208,7
excited,irritable,1.6806640625,2.4860219955444336,7
excited,large,-4.962890625,-2.665890693664551,7
excited,pleased,0.66796875,0.27971380949020386,7
excited,wild,-2.263671875,-1.3017997741699219,7
excited,wise,-3.4873046875,-1.33405339717865,7
exhibits,papers,-1.095703125,-1.848544955253601,7
exhibits,sales,-3.0576171875,-0.847954511642456,7
experienced,old,-0.727783203125,-5.7275004386901855,7
experienced,wise,-8.66729736328125,-4.416572093963623,7
expression,feeling,2.95703125,2.605976104736328,7
expression,spirit,0.41796875,0.9237417578697205,7
extravagant,wasteful,1.8538818359375,0.46446990966796875,7
fear,fury,0.6240234375,-0.4698958396911621,7
fear,indignation,1.88861083984375,0.6396244764328003,7
fear,pain,0.9951171875,-0.4051706790924072,7
feathered,furry,0.8031005859375,-0.583556592464447,7
feeling,life,-5.16015625,-3.389969825744629,7
fertile,populous,-2.017822265625,-1.50399649143219,7
final,forth,5.80078125,1.366709589958191,7
final,fourth,-5.62060546875,-3.0707054138183594,7
flag,streamer,-2.5234375,0.35828715562820435,7
flat,large,-2.3955078125,0.5382612943649292,7
flat,sandy,0.8583984375,0.5063361525535583,7
flesh,flesh,0.0,0.26457637548446655,7
fluorescence,ionization,0.5986328125,0.574211835861206,7
folktales,legends,1.1871814727783203,0.805263876914978,7
forever,forever,0.0,0.26457637548446655,7
forever,once,0.62890625,1.1868655681610107,7
formality,legality,1.1845703125,0.2864246964454651,7
fourth,only,6.65625,3.5707874298095703,7
fructose,glucose,-5.357356071472168,0.5498950481414795,7
fuller,fuller,0.0,0.26457637548446655,7
fuller,higher,-1.03125,-0.7683423757553101,7
furry,soft,-5.328369140625,-4.004438400268555,7
fury,pain,0.669921875,-0.4513745903968811,7
fury,sound,-0.8603515625,0.33259454369544983,7
garrulous,italian,-0.34375,0.33433064818382263,7
generous,large,-4.4920654296875,-2.228121757507324,7
generous,sportsmanlike,3.583740234375,0.059938281774520874,7
generous,virtuous,-1.255340576171875,0.16485832631587982,7
gin,sex,-1.486328125,-0.6880240440368652,7
glad,lightsome,1.84375,0.6996605396270752,7
globalisation,imperialism,0.628204345703125,-0.033542633056640625,7
globalisation,industrialisation,2.1928634643554688,0.3195430636405945,7
gradually,irregularly,-1.5731353759765625,1.0946965217590332,7
grammar,words,-1.408447265625,-0.09913238883018494,7
grass,hay,-1.1103515625,-1.244005560874939,7
grasses,herbs,-0.2724609375,0.8533557653427124,7
grasses,sedges,0.9482421875,1.0449550151824951,7
grit,spirit,1.201171875,-3.2360639572143555,7
growling,growling,0.0,0.26457637548446655,7
growling,grunting,1.16064453125,-0.11145094037055969,7
growling,snarling,-0.542633056640625,1.8838717937469482,7
growly,raspy,-2.4970703125,-1.7948552370071411,7
grunting,straining,2.65771484375,0.18154717981815338,7
grunts,shouts,1.119598388671875,-1.113094449043274,7
grunts,sighs,-2.3524169921875,0.07245001196861267,7
guitar,keyboards,4.475044250488281,-2.99112606048584,7
habit,instinct,0.8179931640625,0.21983204782009125,7
hacking,stealing,0.259765625,0.9558701515197754,7
hardship,pain,-1.02197265625,-0.6514943242073059,7
harshly,unjustly,1.383056640625,0.8913534283638,7
haughty,imperious,5.119781494140625,0.3770233392715454,7
haughty,pompous,0.298583984375,-0.7738059759140015,7
healthcare,hospitals,0.27341461181640625,0.3911513388156891,7
hear,obey,0.921630859375,-0.11570221185684204,7
hear,talk,2.029296875,0.7396999001502991,7
helpless,ignorant,2.4814453125,1.1651791334152222,7
herbs,perfumes,-0.4521484375,0.8156578540802002,7
higher,higher,0.0,0.26457637548446655,7
higher,hotter,3.24609375,1.2810540199279785,7
hoed,hoed,0.0,0.26457637548446655,7
hospitals,hostels,-0.5333595275878906,0.46884214878082275,7
hotter,hotter,0.0,0.26457637548446655,7
hovels,palaces,0.8486328125,0.02587631344795227,7
huge,influential,4.68359375,1.5028337240219116,7
huge,unexpected,-3.408111572265625,1.75238835811615,7
humor,spirit,0.4921875,-1.0292811393737793,7
humor,words,-3.4658203125,-1.5283864736557007,7
hurrahs,shouts,-3.5593719482421875,-0.508126974105835,7
hurried,unconnected,-6.481201171875,0.24986182153224945,7
idle,ignorant,2.31744384765625,0.48649582266807556,7
ignorant,laughable,-0.35040283203125,-0.06852439045906067,7
ignorant,wild,-3.882476806640625,-0.6712836027145386,7
inclusive,pragmatic,-0.94134521484375,-1.525882601737976,7
indirect,vague,-5.2689208984375,-0.7347625494003296,7
individual,mine,-3.099609375,0.14720419049263,7
influential,large,-1.3837890625,-0.29247426986694336,7
insinuating,soft,-7.123046875,-3.2103772163391113,7
instruments,themes,0.07464146614074707,2.389859199523926,7
interest,life,-3.869140625,-0.5568332672119141,7
iranian,islamic,1.65771484375,-0.5561427474021912,7
iranian,persian,0.4197998046875,0.4444892108440399,7
islamic,nationalist,-0.400390625,1.0608161687850952,7
jounces,jounces,0.0,0.26457637548446655,7
kicking,rearing,3.6044921875,0.014446943998336792,7
kicking,scrambling,0.5199508666992188,-0.1496385931968689,7
kill,torture,0.767578125,-0.027354031801223755,7
knotty,large,-1.0400390625,-0.2950984239578247,7
kurdish,turkish,-2.211090087890625,-1.531286597251892,7
lady,monkey,1.6171875,0.5321027040481567,7
language,region,0.140625,1.1747615337371826,7
language,words,-2.0159912109375,-0.135858952999115,7
large,larger,1.087890625,-0.44889527559280396,7
large,quiet,3.83984375,0.382587194442749,7
large,ripe,2.5361328125,1.9418516159057617,7
large,scenic,0.2734375,0.8603286743164062,7
large,selected,0.00390625,3.821382999420166,7
large,staring,2.83203125,2.9068775177001953,7
large,variegated,0.41845703125,0.6460864543914795,7
large,wavy,2.55078125,1.2368907928466797,7
large,woolly,4.04248046875,1.0104385614395142,7
larger,larger,0.0,0.26457637548446655,7
laughable,pathetic,-1.1898231506347656,0.23518215119838715,7
leadership,ownership,-1.93341064453125,0.3872160315513611,7
leadership,tactical,-1.260009765625,1.1578502655029297,7
lean,tall,3.58984375,1.4307128190994263,7
leisure,means,5.148212432861328,0.5397379398345947,7
liberty,life,-1.642578125,0.16487205028533936,7
life,light,4.181640625,1.5468876361846924,7
life,nature,-0.431640625,0.21709582209587097,7
life,quickness,1.28515625,-0.1975078582763672,7
life,spirit,0.74609375,1.0157222747802734,7
life,substance,2.1162109375,2.5583276748657227,7
light,queer,-1.7841796875,0.4428510069847107,7
light,room,-0.74609375,-0.34105801582336426,7
light,sound,1.986328125,0.6166511178016663,7
light,sunshine,1.6318359375,-0.33221131563186646,7
light,varying,3.4183349609375,0.9882673025131226,7
light,woolly,-0.53515625,-0.21747839450836182,7
lists,maps,-1.953125,-0.7312628030776978,7
lithium,risperidone,-1.6103515625,0.3218269944190979,7
lordly,tall,-0.458984375,-3.876685619354248,7
maintaining,writing,-0.3878173828125,-1.3593831062316895,7
maps,papers,0.85546875,-1.6940104961395264,7
marshland,meadow,4.759765625,1.1009349822998047,7
masterless,wretched,2.0032958984375,0.9417798519134521,7
masters,monks,1.1162109375,-0.5241618156433105,7
medicinal,vegetable,-1.310302734375,-0.13229423761367798,7
members,stewards,1.162109375,-0.42417609691619873,7
menopausal,old,-4.328125,-2.7257766723632812,7
metaphorically,poetically,2.5537109375,-0.7385380268096924,7
mine,mine,0.0,0.26457637548446655,7
mine,thine,-0.0068359375,0.18376943469047546,7
moaning,sleepless,-0.54638671875,-0.8242131471633911,7
morally,spiritually,-0.8603515625,0.043555617332458496,7
moroccan,turkish,-1.5902099609375,-1.8767608404159546,7
mortification,pain,-0.72119140625,-0.7349973917007446,7
mortification,regret,-1.361572265625,0.5027477741241455,7
muddy,sandy,0.23974609375,-0.3756920099258423,7
muddy,soft,-2.77783203125,0.41292038559913635,7
murderers,thieves,0.9690170288085938,0.26763200759887695,7
musicians,singers,0.39031982421875,1.8497236967086792,7
mutinous,sulky,-4.12841796875,1.6429343223571777,7
mutual,spatial,-0.5048828125,0.7079269886016846,7
nails,twine,0.6123046875,1.116020917892456,7
niggardly,stingy,-0.6611328125,1.247878074645996,7
oceans,rivers,1.02874755859375,0.8176273107528687,7
offerings,sacrifice,-1.0251235961914062,-0.09272044897079468,7
often,often,0.0,0.26457637548446655,7
old,seasoned,9.03125,2.5181398391723633,7
old,senile,1.119140625,2.5721449851989746,7
old,unsure,0.71484375,2.224156141281128,7
old,wise,2.41015625,1.1638073921203613,7
old,worn,3.32421875,2.830171585083008,7
once,once,0.0,0.26457637548446655,7
orchestra,singers,2.388824462890625,-0.10899806022644043,7
organs,skin,-3.3962326049804688,-3.0498738288879395,7
packed,strapped,0.9149017333984375,0.044457584619522095,7
paddled,rowed,-2.9984397888183594,-0.8507300615310669,7
pain,regret,-0.390625,1.6532808542251587,7
pain,torture,0.48876953125,0.9045782685279846,7
pain,weight,1.5048828125,-0.0013346374034881592,7
paintings,sculptures,2.6629295349121094,1.1198174953460693,7
pastures,rivers,-0.236328125,1.8059195280075073,7
pathological,physiological,-2.07763671875,-1.165786623954773,7
peritoneal,subdural,2.32421875,0.3982319235801697,7
persian,purple,-0.490234375,-0.5883168578147888,7
persian,turkish,3.51812744140625,-1.485244631767273,7
pierced,punctured,-1.154541015625,-0.2317143678665161,7
pilgrims,traders,-1.1715278625488281,0.15037018060684204,7
pinioned,shackled,-0.0351715087890625,-1.1965006589889526,7
pirut,pup,2.58203125,0.5345945358276367,7
pitted,scarred,1.07421875,0.02409571409225464,7
places,rivers,-0.0888671875,-1.271837592124939,7
planters,traders,3.65869140625,0.2567285895347595,7
playing,playing,0.0,0.26457637548446655,7
plucky,quiet,1.61572265625,-0.8380204439163208,7
plump,tall,-1.57421875,-2.254467010498047,7
polluting,toxic,2.0872802734375,-0.03655683994293213,7
practice,practice,0.0,0.26457637548446655,7
practice,prescription,-1.9715576171875,1.0740134716033936,7
progress,stability,-1.484375,-1.3639222383499146,7
progress,weight,0.220703125,-1.6997976303100586,7
purse,sword,1.275390625,-0.906366229057312,7
quiet,reputable,-0.9111328125,1.9489916563034058,7
quiet,reserved,1.279296875,3.323655128479004,7
quiet,restful,-2.171875,1.1931971311569214,7
quiet,soft,-1.92578125,-2.2803282737731934,7
quiet,wild,-0.7578125,-0.3213001489639282,7
quietly,subtly,-1.298828125,2.7450809478759766,7
rifle,shotgun,0.8095703125,2.378328323364258,7
riflebirds,sicklebills,1.5665054321289062,0.5383614301681519,7
sail,sail,0.0,0.26457637548446655,7
sang,sang,0.0,0.26457637548446655,7
scarred,worn,-1.72265625,2.1145873069763184,7
serious,unexpected,7.5615234375,0.663128137588501,7
serious,wise,-2.0009765625,-2.7206497192382812,7
shouts,sound,2.925537109375,1.0906068086624146,7
shouts,trills,3.5641937255859375,0.8541838526725769,7
sights,sights,0.0,0.26457637548446655,7
signification,signs,-1.09375,-2.4703011512756348,7
signs,words,4.693359375,0.20173156261444092,7
simplified,simplistic,3.909221649169922,-0.870801568031311,7
skinny,tall,-3.453765869140625,-2.0933785438537598,7
smell,sound,0.35546875,-0.281810998916626,7
smell,vision,-1.017578125,-1.4610604047775269,7
smile,smile,0.0,0.26457637548446655,7
smile,talk,3.255859375,0.6798709630966187,7
snarling,spitting,-0.12744140625,0.034748733043670654,7
snarling,underhanded,-1.2861328125,1.898577332496643,7
soft,tall,-0.31396484375,-2.464928150177002,7
soft,wavy,1.716796875,2.2052721977233887,7
soft,woolly,4.9951171875,1.3666746616363525,7
soiled,thumbed,-0.3701171875,-0.2155308723449707,7
solidarity,subsidiarity,-0.633453369140625,0.011782646179199219,7
sound,visibility,0.732421875,-0.8767514228820801,7
sparkled,widened,-2.07061767578125,0.6350432634353638,7
specially,symbolically,2.7700462341308594,0.01660972833633423,7
splashed,tugged,1.4931182861328125,1.4599741697311401,7
staring,wild,-2.12109375,-2.690288543701172,7
storm,sunshine,-1.1142578125,-1.0205358266830444,7
strawberry,strawberry,0.0,0.26457637548446655,7
syrup,tar,-1.60784912109375,-0.6035931706428528,7
talk,talk,0.0,0.26457637548446655,7
tall,weight,5.267578125,3.217339515686035,7
tugged,tugged,0.0,0.26457637548446655,7
uneasy,wretched,-0.7045135498046875,-0.6021246910095215,7
unexpected,unwelcome,0.8448486328125,0.8548353910446167,7
unloaded,unsaddled,2.0301513671875,0.35251832008361816,7
vague,woolly,4.548828125,-0.32747894525527954,7
verses,words,-1.011474609375,-1.3343024253845215,7
wavier,wavier,0.0,0.26457637548446655,7
wild,woolly,2.4295654296875,-0.27403104305267334,7
wild,wooly,4.296875,0.44897696375846863,7
xxx,xxx,0.0,0.26457637548446655,7
ability,determination,1.109130859375,0.31006717681884766,8
abort,miscarry,0.58984375,0.2577410340309143,8
aboyne,called,-2.93359375,1.7264719009399414,8
absolutely,wholeheartedly,-1.498291015625,0.02885042130947113,8
acid,alkali,4.6025390625,1.7411946058273315,8
actress,comedian,-4.6513671875,-1.2754915952682495,8
acute,earnest,1.1484375,-0.6569070816040039,8
administrative,business,-0.8076171875,-0.9283698201179504,8
administrative,territorial,2.5665054321289062,-0.3592946529388428,8
aged,feeble,2.4774169921875,0.8361819982528687,8
aged,hungry,1.20703125,-0.9900606274604797,8
aged,infirm,3.89453125,0.6393951177597046,8
aid,grant,1.01953125,0.8405687212944031,8
alertness,power,1.96875,-0.272870272397995,8
alive,beautiful,4.87109375,-0.8514940142631531,8
alive,brilliant,-0.935546875,-0.39298015832901,8
alive,sharp,3.509765625,-0.045042484998703,8
alive,unharmed,3.25408935546875,2.837329387664795,8
alive,whole,2.42578125,3.100548267364502,8
amantadine,rimantadine,-3.813140869140625,-0.3177262544631958,8
anarchic,unpredictable,-3.48876953125,0.24354387819766998,8
anarchist,communist,-8.3648681640625,1.8987016677856445,8
angels,demons,-0.2686614990234375,0.9637965559959412,8
apologies,lies,1.556396484375,2.929612398147583,8
apologies,surprise,-2.379669189453125,-1.5164518356323242,8
apologies,thanks,1.2935104370117188,0.4260358214378357,8
appeal,fortrial,1.2459716796875,-0.4173693060874939,8
appearance,function,4.953125,1.5144190788269043,8
appearance,functionality,2.64453125,0.8988217711448669,8
appearance,rigging,7.482421875,2.077493190765381,8
applauded,laughed,-3.4219093322753906,-1.2893390655517578,8
aristocrats,conservatives,1.230804443359375,-0.24345700442790985,8
art,business,0.4404296875,-0.30476242303848267,8
art,culture,-0.52734375,-2.902186393737793,8
art,femininity,-0.15673828125,-0.8581892848014832,8
art,poems,-0.0947265625,-1.1704175472259521,8
art,power,2.978515625,0.679901659488678,8
ascendancy,power,1.892578125,-0.9645412564277649,8
aspects,epithets,-3.3824462890625,-0.03892514854669571,8
astronomy,math,2.812744140625,0.841371476650238,8
autopsy,identification,-1.2174072265625,-0.09274302423000336,8
babies,boys,2.6875,0.4274694323539734,8
backpackers,climbers,-6.06494140625,0.12444426119327545,8
ballrooms,hotels,-0.0487060546875,0.6296527981758118,8
banksias,woodland,0.6630859375,-0.540674090385437,8
barges,boats,-0.193359375,-0.16491404175758362,8
bearded,brown,-2.2578125,-0.6947482228279114,8
beautiful,brilliant,0.224609375,-1.043318271636963,8
beautiful,busy,1.55859375,2.350125551223755,8
beautiful,carefree,-2.0673828125,-0.2715405225753784,8
beautiful,foolish,0.19921875,1.4946510791778564,8
beautiful,great,-3.859375,-0.20892485976219177,8
beautiful,historic,0.197265625,0.25084078311920166,8
beautiful,kind,2.26953125,1.7180296182632446,8
beautiful,neat,0.84375,1.249746561050415,8
beautiful,rational,-0.486328125,0.48384231328964233,8
beautiful,serene,-1.533203125,0.43964308500289917,8
beautiful,shining,1.12109375,0.2722829580307007,8
beautiful,smart,-0.63671875,0.6940144896507263,8
beautiful,young,-2.4453125,0.4051744341850281,8
beauty,happiness,0.103515625,-0.9747430682182312,8
beauty,health,-2.59375,-0.04120509326457977,8
beauty,joy,-0.4638671875,1.5308338403701782,8
beauty,placability,-0.05078125,2.577536106109619,8
beauty,rest,-1.025390625,1.6845507621765137,8
beauty,ugliness,-1.144287109375,-1.697676658630371,8
beg,beg,0.0,-0.10165096074342728,8
beg,cry,-2.681640625,-2.6809165477752686,8
behaves,interacts,2.55560302734375,-0.4740312099456787,8
beliefs,rules,-4.57623291015625,-0.26130810379981995,8
belonging,unity,-2.2176513671875,-1.4797775745391846,8
belt,car,0.98828125,-1.0878955125808716,8
bile,lies,-3.541015625,2.197157382965088,8
biscuits,nuts,-0.0966796875,-0.6426993608474731,8
biscuits,shortcake,2.353515625,1.9468910694122314,8
blast,damn,-0.515625,1.6100437641143799,8
bleaker,bleaker,0.0,-0.10165096074342728,8
blew,blew,0.0,-0.10165096074342728,8
blinked,gasped,2.51019287109375,1.151818037033081,8
boats,sails,1.931640625,0.8633659482002258,8
boats,shipping,3.4921875,1.7100695371627808,8
bodies,minds,-0.767578125,0.3246552348136902,8
body,head,0.287109375,-0.7652921080589294,8
body,limbs,-0.19140625,0.8154235482215881,8
body,soul,2.955078125,-1.203645944595337,8
boiled,bubbled,-2.223388671875,-0.2299824059009552,8
boiled,pounded,-1.787353515625,0.1645382195711136,8
boiling,evaporation,-0.790283203125,0.25802016258239746,8
boldness,unconcern,1.15673828125,2.01577091217041,8
bookplates,trademarks,2.3662109375,0.5927332043647766,8
boredom,disgust,-0.50390625,-1.6291292905807495,8
bounces,imitates,2.105194091796875,0.4708016514778137,8
bowls,cups,0.116455078125,1.180465817451477,8
boys,boys,0.0,-0.10165096074342728,8
boys,cooks,0.296875,-0.7629444003105164,8
boys,mother,-2.1650390625,0.2813042402267456,8
boys,quarry,-2.1448974609375,1.025977611541748,8
brick,glass,0.5673828125,-0.860815703868866,8
brilliant,brown,-0.9609375,-0.7955267429351807,8
brilliant,striking,0.69482421875,1.0733108520507812,8
broken,empty,-2.1181640625,-0.8469743132591248,8
broken,gnarled,0.53125,-0.1898917257785797,8
broken,sharp,-2.9140625,-1.7755159139633179,8
bronze,brown,1.2705078125,-0.4503757953643799,8
brown,dry,0.1796875,-0.676289975643158,8
brown,juicy,3.416015625,1.78520667552948,8
brown,kind,2.4453125,0.9028336405754089,8
brown,russet,0.95361328125,1.7547545433044434,8
brown,shining,2.078125,2.047913074493408,8
bruising,scars,-1.0400390625,-1.0136711597442627,8
brushing,rustling,-1.849609375,-1.199055790901184,8
brushing,washing,-4.6142578125,-1.7785712480545044,8
bubbles,dimple,3.826171875,0.986195981502533,8
bubbles,oil,3.4560546875,1.279608964920044,8
bulkiest,heaviest,-4.00146484375,0.6907171607017517,8
bullwinkle,julia,1.060546875,-0.21638059616088867,8
business,fun,-0.25390625,0.021200910210609436,8
bustle,stir,4.01025390625,0.7712648510932922,8
caesium,thallium,2.0498046875,0.6101402044296265,8
called,called,0.0,-0.10165096074342728,8
called,stopped,-4.912109375,-2.5643091201782227,8
callers,visitors,1.060546875,0.16487683355808258,8
calling,calling,0.0,-0.10165096074342728,8
calling,laughing,-2.6015625,-2.672520399093628,8
candles,pizza,-1.0565185546875,0.4557156562805176,8
candles,ropes,-1.671875,0.3361639976501465,8
cannibals,drunkards,-0.38226318359375,0.12598390877246857,8
car,mother,2.3984375,0.7468697428703308,8
car,pitcher,-0.7138671875,1.18063485622406,8
car,watches,9.220703125,1.3824383020401,8
carol,song,1.01953125,-1.3074679374694824,8
cartridges,cassettes,1.24609375,0.010125607252120972,8
cells,organisms,4.03521728515625,-0.2551410496234894,8
ceramics,glass,-1.11279296875,-0.1812579184770584,8
ceramics,metals,0.13720703125,-0.021590307354927063,8
changeable,unpredictable,0.70489501953125,0.8139141798019409,8
charismatic,pentecostal,-0.22412109375,-0.34158384799957275,8
chat,rest,-2.62109375,-0.6544944643974304,8
chatting,greeting,-0.03564453125,1.3315954208374023,8
chatting,laughing,-0.439453125,-1.1509883403778076,8
cheaper,divided,-1.005126953125,0.5256427526473999,8
cheep,stir,-0.515625,-0.16625939309597015,8
cheer,cheer,0.0,-0.10165096074342728,8
cheer,happiness,1.390625,-0.7947392463684082,8
cheer,shorten,1.10919189453125,1.1072063446044922,8
cheery,helpful,-1.1749267578125,-0.758216381072998,8
cheery,soul,0.197265625,0.054995372891426086,8
chicken,mushroom,5.8883056640625,1.3966968059539795,8
chicken,potatoes,0.177734375,-0.054379306733608246,8
chicken,waffles,0.5361328125,1.623989462852478,8
chink,daub,4.55078125,0.9084002375602722,8
chocolates,sweets,-0.7322998046875,-0.051693230867385864,8
choky,little,0.328125,-0.012235671281814575,8
clicking,rustling,-2.4443359375,-1.1911637783050537,8
clicking,scraping,-3.104665756225586,-0.004064276814460754,8
coally,tom,0.01953125,-1.5563428401947021,8
commandant,syndic,3.825439453125,0.8005717396736145,8
commandments,laws,-0.658203125,-0.6260850429534912,8
common,european,0.52734375,0.5034418106079102,8
common,indubitable,-1.931640625,0.36081433296203613,8
common,silly,1.01953125,-0.000509902834892273,8
concluding,third,-2.760986328125,-3.1090261936187744,8
condescension,patronizing,-6.34765625,-0.9947004318237305,8
consideration,honour,1.7149505615234375,-1.9056317806243896,8
console,pity,2.1295623779296875,-0.037251606583595276,8
consternation,surprise,-0.748443603515625,0.4263821840286255,8
contact,separate,-1.76953125,-1.3198894262313843,8
convex,discrete,-0.823974609375,-0.7651614546775818,8
courses,programs,0.0439453125,1.3678069114685059,8
crayfish,spiders,0.28955078125,0.8508962988853455,8
crazy,feeble,-0.6937255859375,-0.8563551306724548,8
crazy,fun,-1.15234375,-0.3603060245513916,8
crazy,funny,-0.44921875,0.26397836208343506,8
crazy,kinky,-0.349609375,1.1493818759918213,8
crazy,silly,3.861328125,-0.09629444777965546,8
crippled,thief,-1.29541015625,-0.26411372423171997,8
crossdisciplinarity,multidisciplinarity,4.34716796875,-0.270790696144104,8
cry,cry,0.0,-0.10165096074342728,8
cry,fret,1.3388671875,1.7361056804656982,8
cry,mourn,1.943328857421875,1.5169657468795776,8
cry,pout,-0.8359375,0.07402129471302032,8
culture,health,-0.1787109375,1.4594759941101074,8
culture,laws,2.939453125,2.174811363220215,8
culture,liberality,-2.66015625,0.5204879641532898,8
cups,pitcher,0.671875,1.0200414657592773,8
cups,saucers,3.6051101684570312,1.6701971292495728,8
cursing,raving,-0.13385009765625,-0.14423038065433502,8
cursing,yelling,-1.756683349609375,-0.10140707343816757,8
daisies,heather,1.61865234375,-0.01438315212726593,8
dances,torches,0.275634765625,-0.09620194137096405,8
days,days,0.0,-0.10165096074342728,8
dearer,nearer,1.267578125,-0.6029136180877686,8
deeper,deeper,0.0,-0.10165096074342728,8
delicious,juicy,-3.291259765625,-0.7023146748542786,8
delicious,supple,6.1875,1.680342435836792,8
demons,dragons,3.183349609375,-0.7068613171577454,8
depressions,sinkholes,-0.9794921875,-0.4908342957496643,8
deserted,empty,-2.283447265625,-0.8171485662460327,8
deserters,refugees,1.487060546875,-0.6583324074745178,8
detergent,oil,-4.6328125,0.4542786478996277,8
determination,resolution,0.7011489868164062,-0.5620468258857727,8
determined,young,-3.109375,-3.3053159713745117,8
dg,mother,-1.994140625,-2.148470878601074,8
dipped,dipped,0.0,-0.10165096074342728,8
disappeared,failed,-2.87109375,0.5677194595336914,8
disappeared,passed,1.439453125,0.8590628504753113,8
discouragement,toil,-2.95550537109375,1.0610102415084839,8
discovery,exploration,2.79705810546875,-0.3169030547142029,8
discretion,tact,0.9487991333007812,-0.33489030599594116,8
disgust,surprise,-2.6201171875,0.10263459384441376,8
distinctions,honours,0.6494140625,0.2582259774208069,8
distraught,moody,-1.8167724609375,-0.08491769433021545,8
disturbed,perturbed,-0.689117431640625,0.0024718791246414185,8
divorced,married,-5.02587890625,-0.16211743652820587,8
doctor,patient,1.615234375,0.441132128238678,8
double,triple,1.037109375,0.871914803981781,8
drank,drank,0.0,-0.10165096074342728,8
drawings,engravings,-0.4018707275390625,0.6399832963943481,8
dreamed,heard,0.612274169921875,-0.12157037854194641,8
dried,uncovered,-2.17950439453125,0.8554961085319519,8
dripping,torn,-0.8134765625,2.1947479248046875,8
drops,drops,0.0,-0.10165096074342728,8
dry,rustling,-0.5,0.17377914488315582,8
dry,shining,1.7919921875,0.1290469616651535,8
dye,tool,-2.0625,0.33859771490097046,8
earlier,earlier,0.0,-0.10165096074342728,8
earlier,later,6.40625,0.6875708699226379,8
earnest,sharp,-0.18359375,-0.5289787650108337,8
earnestly,fiercely,-2.7608642578125,-1.7810777425765991,8
earnestly,vehemently,1.651845932006836,1.4509451389312744,8
ears,head,1.2431640625,-0.04145008325576782,8
ears,noses,-0.740234375,1.5481212139129639,8
eastbound,westbound,1.15509033203125,-0.2772151231765747,8
easter,easter,0.0,-0.10165096074342728,8
electricity,magnetism,5.42529296875,0.27989768981933594,8
electricity,oil,-2.203125,-1.4959430694580078,8
electricity,power,-0.6395263671875,0.4827091097831726,8
emotional,rational,2.160675048828125,-0.4431226849555969,8
empty,forlorn,-1.212188720703125,-0.06359882652759552,8
empty,hungry,-0.48046875,-1.884819507598877,8
enjoyment,fun,-2.467529296875,-1.9158488512039185,8
enjoyment,laughing,2.87969970703125,-0.43359512090682983,8
european,japanese,-0.099609375,-0.37853360176086426,8
european,negro,1.99609375,-0.04940250515937805,8
evaporation,transpiration,-0.5789413452148438,0.9250032305717468,8
exact,truthful,-3.763671875,-2.7258236408233643,8
exasperated,rasping,-5.972412109375,-1.348591685295105,8
exercise,exercise,0.0,-0.10165096074342728,8
exercise,fun,-3.34375,-0.8641844391822815,8
experimentor,mother,-3.246826171875,-2.408433437347412,8
exploration,travel,-2.21685791015625,-0.5600682497024536,8
explosives,flamethrowers,2.14697265625,-0.5405319929122925,8
extracts,tales,-5.47265625,0.242278054356575,8
fabulous,unreal,0.469970703125,-0.4951512813568115,8
failed,failed,0.0,-0.10165096074342728,8
faintly,spasmodically,2.69232177734375,2.2866005897521973,8
fairer,happier,-5.08880615234375,0.055435970425605774,8
fallen,sorrowful,5.7626953125,-1.1343787908554077,8
farther,farther,0.0,-0.10165096074342728,8
fathers,sons,6.47705078125,0.9106481671333313,8
fats,oils,0.9150390625,-0.6279084086418152,8
females,young,-1.939453125,-1.2376047372817993,8
fern,moss,2.4462890625,-0.1930127590894699,8
ferns,moss,0.650634765625,0.35428017377853394,8
fluids,rest,1.564453125,1.6376057863235474,8
focused,sharp,-1.94830322265625,-0.12499421834945679,8
foggy,foul,-1.04296875,1.2492930889129639,8
foolish,headstrong,4.376953125,2.189897060394287,8
foolish,naughty,0.453125,-0.41157811880111694,8
foolish,rash,-1.212890625,-1.503404140472412,8
foolish,silly,-1.1171875,-0.9361855387687683,8
foolish,young,-7.318359375,-2.2722177505493164,8
forgiving,patient,-3.96875,-0.4951251149177551,8
found,stopped,-3.505859375,-1.266916275024414,8
frankly,freely,1.204345703125,-0.8468279242515564,8
friendships,laughing,3.50390625,-0.5248032212257385,8
frills,frills,0.0,-0.10165096074342728,8
fruitsome,great,0.984375,0.2821800708770752,8
fun,funny,0.353515625,0.08306659758090973,8
fun,happiness,3.3095703125,-0.30414390563964844,8
fun,joy,-1.2666015625,-0.5382014513015747,8
fun,laughing,1.263671875,0.3491765260696411,8
fun,loose,4.427734375,-0.6989747285842896,8
fun,mischief,3.48046875,0.9059991240501404,8
funny,laughing,5.048828125,0.15595190227031708,8
funny,rural,-0.5869140625,1.0973334312438965,8
funny,smart,-2.2109375,0.5126332640647888,8
funny,spirited,2.2613525390625,0.7757853865623474,8
funny,weird,0.037109375,-0.24270683526992798,8
gabble,nonsense,2.0458984375,-0.5412892699241638,8
gallows,whip,1.6328125,0.7592386603355408,8
gaped,stared,0.5647735595703125,-1.814565896987915,8
gasped,laughed,-2.975250244140625,-1.4723663330078125,8
gasped,sprayed,0.45462799072265625,0.07399778068065643,8
gasped,stared,2.841217041015625,-0.5298060774803162,8
gasped,wheezed,1.5878143310546875,0.03505478799343109,8
gentlest,meekest,3.2805328369140625,-0.20518729090690613,8
glass,pour,8.568359375,5.23856258392334,8
glee,happiness,0.875244140625,-0.5836994647979736,8
glee,joy,-1.220703125,-0.26490116119384766,8
grandmere,mother,-5.154296875,0.5039781928062439,8
grapes,ham,0.1884765625,-0.5140340328216553,8
grassland,redwood,1.345703125,1.6356258392333984,8
grassland,woodland,-2.1689453125,0.2393476516008377,8
greasiness,thickness,-2.615234375,0.0524493008852005,8
great,kind,1.732421875,0.575217068195343,8
great,little,2.453125,1.857241153717041,8
great,mighty,1.849609375,0.9514948725700378,8
great,mystical,-5.2412109375,0.6425281167030334,8
great,novel,-0.09375,0.13666535913944244,8
great,shining,0.38671875,1.795371651649475,8
great,ultimate,1.63818359375,2.707630157470703,8
greener,greener,0.0,-0.10165096074342728,8
gripped,powerless,1.3939208984375,0.036418452858924866,8
groups,individuals,-3.2563304901123047,-0.20012786984443665,8
grow,grow,0.0,-0.10165096074342728,8
grow,implant,3.0078125,1.7991830110549927,8
grow,spread,-0.4296875,1.0968806743621826,8
growing,growing,0.0,-0.10165096074342728,8
growing,young,-0.171875,-1.7567243576049805,8
growth,jobs,0.2822265625,0.19538219273090363,8
guilt,sin,3.8798828125,-1.0718055963516235,8
gullets,lies,-2.767578125,-2.8289151191711426,8
gumbo,jambalaya,-1.32421875,0.32716113328933716,8
ham,mushroom,0.82489013671875,0.6333413124084473,8
happiness,health,1.52734375,0.46320754289627075,8
happiness,joy,-0.0498046875,0.6102001070976257,8
happiness,sadness,-4.019287109375,0.5662850737571716,8
hardy,vigorous,2.678955078125,0.3930118680000305,8
hardy,young,-4.1533203125,-2.469435691833496,8
harshness,unkindness,-0.81097412109375,-0.6796449422836304,8
hasidic,mystical,0.271484375,-0.42754799127578735,8
head,shoulders,11.560546875,2.7529640197753906,8
headstrong,rash,-0.368896484375,-0.4411473274230957,8
headstrong,wilful,3.0491943359375,1.591722011566162,8
health,illness,-0.310546875,1.2392449378967285,8
heard,knew,-1.146484375,0.7018981575965881,8
heard,laughed,-1.27734375,-2.472384452819824,8
heard,recognised,-0.399566650390625,1.3669161796569824,8
heard,smiled,0.998046875,-1.6696178913116455,8
heavy,layered,1.599609375,0.9689884781837463,8
heavy,pugnacious,-1.6171875,0.2165626436471939,8
heavy,sharp,-1.357421875,-0.08738891780376434,8
heavy,unsteady,3.535400390625,1.7558742761611938,8
helpful,kind,0.779327392578125,-0.8675188422203064,8
heterogeneous,homogeneous,-7.292749404907227,-0.33819007873535156,8
holly,ivy,-0.4208984375,0.5464254021644592,8
homogeneous,isotropic,6.0068359375,0.9860138297080994,8
hoped,hoped,0.0,-0.10165096074342728,8
humble,serene,1.0771484375,1.0494787693023682,8
humble,sorrowful,1.3583984375,-1.1685996055603027,8
hundreds,hundreds,0.0,-0.10165096074342728,8
hungry,needy,-0.095703125,0.47408753633499146,8
hungry,young,-1.212890625,-2.079249620437622,8
illness,surgery,-0.234375,-1.0634783506393433,8
illogical,rambling,-1.1900634765625,-0.5445224642753601,8
imagininary,self,-4.275390625,-2.832052230834961,8
indigenous,territorial,-0.6013298034667969,-0.35455185174942017,8
individuals,institutions,2.5570497512817383,0.32143890857696533,8
inexperience,shortcomings,-1.3179931640625,-0.8350128531455994,8
inexperienced,young,-0.67218017578125,-1.384799838066101,8
influence,power,-2.63671875,-0.800864577293396,8
ink,oil,-4.203125,-2.3340706825256348,8
inquiries,reminiscences,-0.09161949157714844,-0.19193804264068604,8
institutions,power,-2.8061904907226562,1.1864452362060547,8
institutions,pupils,-1.727691650390625,-0.9951558113098145,8
iodine,tyrosine,-3.3984375,-0.7983992099761963,8
isolated,rural,0.029052734375,-0.5640035271644592,8
ivy,moss,-1.7919921875,-0.31994205713272095,8
jealous,selfish,1.4161376953125,0.4834012985229492,8
jobs,roads,0.95703125,-0.5084084868431091,8
joy,power,0.5419921875,-0.7272803783416748,8
joy,rest,3.2373046875,-0.13509303331375122,8
joy,sadness,-2.814453125,-0.5711321830749512,8
joy,song,5.427734375,1.8892607688903809,8
joy,surprise,-1.81640625,0.5151479244232178,8
jumped,jumped,0.0,-0.10165096074342728,8
justice,reward,1.673828125,1.4718091487884521,8
kind,patient,4.423828125,0.5669717192649841,8
kind,polite,-2.24609375,-0.7619169354438782,8
kind,righteous,-4.47998046875,-0.4702939987182617,8
kind,smart,-2.7734375,-0.8083792328834534,8
kit,ropes,-3.1943359375,-1.2581156492233276,8
knew,respected,2.85888671875,0.060358926653862,8
knew,suspected,3.574310302734375,0.9344677329063416,8
later,later,0.0,-0.10165096074342728,8
laughed,laughed,0.0,-0.10165096074342728,8
laughed,lay,2.185546875,-0.4695570468902588,8
laughed,scrapped,2.255615234375,0.023691728711128235,8
laughed,stopped,-3.8974609375,-2.28727388381958,8
laughing,laughing,0.0,-0.10165096074342728,8
laughing,lengthened,-7.1473388671875,2.7044405937194824,8
laughing,nonsense,-2.693359375,-0.6097738146781921,8
laughing,pointing,4.083984375,1.1279296875,8
laughing,snorting,1.605865478515625,1.171962857246399,8
laughing,tickled,-9.1512451171875,1.5565531253814697,8
laughing,yelling,-1.1048698425292969,1.082621693611145,8
laws,rules,4.60546875,0.14160068333148956,8
laws,theories,1.5087890625,-0.41901689767837524,8
leave,need,-11.314453125,-0.6288835406303406,8
left,left,0.0,-0.10165096074342728,8
legendary,mythical,1.959381103515625,2.5575850009918213,8
lemon,oil,-2.443359375,-1.4943022727966309,8
lesser,lesser,0.0,-0.10165096074342728,8
little,naughty,2.794921875,-0.35484856367111206,8
little,twiggy,2.720703125,-0.39124345779418945,8
little,young,-4.5244140625,-1.7946407794952393,8
littler,littler,0.0,-0.10165096074342728,8
lizards,spiders,-1.57183837890625,-1.087622880935669,8
lnfluence,power,4.4453125,-2.190387487411499,8
losses,reward,-0.005859375,0.0985492616891861,8
lots,lots,0.0,-0.10165096074342728,8
lunatic,silly,5.5908203125,0.2048870176076889,8
massages,yoga,-1.19921875,0.08783085644245148,8
mechanics,use,1.05859375,2.134068489074707,8
mighty,unmistakable,-9.050872802734375,1.8521265983581543,8
mime,nonverbals,2.2978515625,0.789912760257721,8
mime,pointing,0.501953125,2.173281669616699,8
minutes,minutes,0.0,-0.10165096074342728,8
miserly,squalid,0.041748046875,-0.7694737911224365,8
moss,tussocks,-1.333984375,0.08223825693130493,8
mother,mother,0.0,-0.10165096074342728,8
mother,sons,3.703125,1.717071533203125,8
motorways,roads,-1.2099609375,-0.9387058019638062,8
mystical,prophetic,4.470703125,-0.2482827752828598,8
naive,young,-3.530029296875,-2.7675771713256836,8
naughty,wilful,2.828857421875,0.8913975358009338,8
nearer,nearer,0.0,-0.10165096074342728,8
nearer,possible,2.810546875,2.8698079586029053,8
neat,petite,1.4482421875,0.5867159962654114,8
neat,smart,-0.6171875,1.023921251296997,8
neat,tidy,2.05517578125,0.8231683373451233,8
notebook,pencil,0.6865234375,-0.14044438302516937,8
novel,pleasing,1.8388671875,0.8121465444564819,8
novel,striking,-1.3603515625,0.4896613359451294,8
nuggets,nuggets,0.0,-0.10165096074342728,8
oil,pitch,1.736328125,0.665389895439148,8
ones,zeroes,0.4296875,-1.320225477218628,8
ones,zeros,-1.3046875,0.3407331109046936,8
orgies,perversions,-1.2705078125,0.1600116640329361,8
passing,passing,0.0,-0.10165096074342728,8
patching,patching,0.0,-0.10165096074342728,8
pencil,slate,-1.56640625,1.9937739372253418,8
perceptive,rational,1.08984375,-0.980656623840332,8
peril,toil,2.9193115234375,0.23291097581386566,8
perplexed,worried,-1.152491569519043,-1.2838048934936523,8
personable,young,-3.34765625,-2.8918426036834717,8
pie,potatoes,0.13671875,-1.9248132705688477,8
plants,protista,-0.61328125,0.472834050655365,8
plants,protists,0.97265625,1.139258861541748,8
plants,relatives,5.83441162109375,0.8764191269874573,8
poems,sayings,3.498046875,-0.5797845125198364,8
poems,tales,-1.379150390625,-0.8256966471672058,8
potatoes,stew,1.46484375,2.6068296432495117,8
pour,stir,-1.3125,-3.118473529815674,8
power,power,0.0,-0.10165096074342728,8
preteens,teenagers,-4.203033447265625,-0.9431382417678833,8
programs,protocols,-1.132537841796875,0.027896448969841003,8
protesting,rioting,-1.999542236328125,0.38445842266082764,8
puking,shock,-0.83203125,-0.40104544162750244,8
purtier,purtier,0.0,-0.10165096074342728,8
quake,shake,-0.8984375,-1.3623433113098145,8
quicksand,swamp,-0.833984375,-0.9522668123245239,8
rasping,scraping,1.099365234375,0.18618272244930267,8
rational,smart,-2.623046875,-0.649224579334259,8
realistic,striking,-1.15771484375,0.49867886304855347,8
rebelling,rioting,-0.0321044921875,-0.08939863741397858,8
recover,rest,-2.0858154296875,-0.7237787246704102,8
refreshing,rest,0.551025390625,-1.7595219612121582,8
refreshing,unmistakable,1.66845703125,-0.12876954674720764,8
rehab,rest,-1.8262939453125,-0.22387805581092834,8
rehydrate,rest,-1.179840087890625,-1.606781005859375,8
rein,whip,-3.16015625,-2.442704916000366,8
replenish,rest,-2.954345703125,-2.8523387908935547,8
restarted,stopped,-2.164093017578125,-1.647277593612671,8
rhyme,rune,6.0107421875,0.3107876777648926,8
rigging,sails,-4.7958984375,-2.364189863204956,8
rigging,spars,0.052734375,-1.359046459197998,8
rolling,wheeled,2.587890625,0.24536146223545074,8
rolling,yelling,0.5694580078125,-0.32854485511779785,8
ropes,sails,0.35205078125,0.14735756814479828,8
ropes,spars,-0.42822265625,1.0829716920852661,8
rows,rows,0.0,-0.10165096074342728,8
rub,rub,0.0,-0.10165096074342728,8
rustling,snuffling,1.150390625,0.678264319896698,8
sadness,stillness,-0.9013671875,-1.0576485395431519,8
sandstorms,whirlwinds,1.26953125,-0.013458743691444397,8
saved,saved,0.0,-0.10165096074342728,8
scold,scold,0.0,-0.10165096074342728,8
scratched,scratched,0.0,-0.10165096074342728,8
screw,struggle,-1.873046875,-4.029292583465576,8
seedy,stressful,0.87255859375,0.056775495409965515,8
seesaw,swing,-5.294921875,-0.8761641383171082,8
selfish,wilful,-2.6435546875,-0.4163714051246643,8
sharp,spirited,2.08154296875,2.5124197006225586,8
shipping,transport,2.0302734375,2.1344103813171387,8
sin,wickedness,2.17578125,-0.4287751317024231,8
smart,young,-4.201171875,-2.118036985397339,8
smiled,smiled,0.0,-0.10165096074342728,8
smiled,stared,1.1832275390625,-1.3896039724349976,8
sorrowful,stolen,-3.916259765625,0.7813413739204407,8
spies,traitors,1.056732177734375,1.068602204322815,8
sporadic,weird,0.85546875,-0.3530772030353546,8
spread,spread,0.0,-0.10165096074342728,8
stalwart,vigorous,-0.700439453125,0.08420945703983307,8
stared,stared,0.0,-0.10165096074342728,8
stared,stopped,-7.495361328125,-0.8884387612342834,8
stopped,wheeled,2.0343589782714844,2.6546125411987305,8
stunning,young,-1.8837890625,-2.469996929168701,8
sucking,sucking,0.0,-0.10165096074342728,8
superficial,superficial,0.0,-0.10165096074342728,8
swing,swing,0.0,-0.10165096074342728,8
third,third,0.0,-0.10165096074342728,8
thus,thus,0.0,-0.10165096074342728,8
tolerance,unity,1.095703125,0.9471355080604553,8
tourists,vagrants,-2.8343048095703125,0.8984139561653137,8
tourists,visitors,-1.46875,-0.7858439087867737,8
untrained,unwarlike,-2.346435546875,-0.3408612012863159,8
untrained,young,-1.806396484375,-2.16450572013855,8
untried,young,-2.234375,-1.2190706729888916,8
use,washing,-0.451171875,-0.5904138684272766,8
use,yardage,-3.828125,-2.7497358322143555,8
vigorous,young,-6.275634765625,-1.8475093841552734,8
viral,young,-3.15234375,-1.5369764566421509,8
watches,websites,0.0191650390625,0.8662672638893127,8
waving,yelling,-1.6552734375,0.6934078931808472,8
wondered,wondered,0.0,-0.10165096074342728,8
wuss,wuss,0.0,-0.10165096074342728,8
aboriginal,natural,-0.3079376220703125,-0.5927731990814209,9
absolute,real,-2.060546875,-0.08286865055561066,9
absolute,rich,4.744140625,-0.9453269839286804,9
acquired,natural,-1.4736328125,-1.8307052850723267,9
actual,real,-2.40625,-1.8406908512115479,9
admirable,exciting,1.1142578125,-0.12003661692142487,9
admirable,fine,-3.044921875,-0.8499809503555298,9
admiration,respect,-0.316680908203125,0.004286553710699081,9
admiration,wonder,-1.2623748779296875,-0.25757652521133423,9
adventurers,explorers,0.43798828125,0.3464795649051666,9
affirmative,negative,1.623504638671875,1.154679298400879,9
affrighted,fled,4.66021728515625,-1.0555261373519897,9
affrighted,trembling,-3.1624832153320312,-1.1825683116912842,9
ages,ages,0.0,-0.00020284578204154968,9
aggression,appeasement,-1.42822265625,1.2194209098815918,9
aggression,kindness,-1.23828125,-0.7554278373718262,9
aging,frail,-0.076171875,-0.7185289859771729,9
ambulances,generators,-3.926513671875,-0.17739064991474152,9
amusing,exciting,2.2958984375,-2.798598527908325,9
ancient,due,0.3125,4.798344612121582,9
ancient,rich,-4.330078125,1.0286688804626465,9
antibacterial,antiviral,-1.21875,-0.8276181221008301,9
arabesques,sprigs,-2.482421875,-0.574345052242279,9
armenian,jewish,-1.0858154296875,0.7388753890991211,9
arms,breasts,-0.110595703125,-0.1522371917963028,9
arthritis,psoriasis,2.565765380859375,0.7825212478637695,9
artifacts,attributes,2.89703369140625,0.8492956161499023,9
asian,asian,0.0,-0.00020284578204154968,9
asian,portuguese,1.1971282958984375,1.617748737335205,9
asian,shit,5.3515625,1.0869166851043701,9
aunt,grandmamma,-0.54705810546875,0.4801013469696045,9
axe,knife,-2.857421875,-1.0990633964538574,9
babbling,noises,-5.90576171875,-1.8171119689941406,9
bacteria,parasites,4.36553955078125,0.3282007873058319,9
baked,crumbling,-1.27734375,-0.11276303231716156,9
balloons,kites,1.470458984375,1.7529069185256958,9
bananas,plantains,1.1986083984375,0.2635817527770996,9
banding,convection,-0.80078125,0.8319492340087891,9
bats,slings,-2.620849609375,0.2581557333469391,9
bayou,forest,1.02734375,-0.3640439212322235,9
beams,boards,-3.361328125,-1.0192301273345947,9
beef,gravy,4.7646484375,-0.2800201177597046,9
befurbelowed,beruffled,-2.27734375,-0.7636422514915466,9
behaviour,effort,0.937591552734375,-0.9016621112823486,9
behold,despair,5.691650390625,1.8959472179412842,9
beneficial,safe,-1.9619140625,-0.6031399965286255,9
berries,drupes,0.01611328125,0.47744470834732056,9
berries,fruits,2.0167236328125,-0.1428510844707489,9
berries,leaves,1.7203369140625,-0.11218978464603424,9
berries,orange,0.03045654296875,0.2634432017803192,9
berries,seeds,0.9591064453125,-0.3592551648616791,9
beryls,turquoises,1.9775390625,0.5802935361862183,9
bitten,transformed,5.50146484375,2.3192026615142822,9
bizarre,genuine,-4.127410888671875,0.26830053329467773,9
blight,sickness,0.7939453125,-0.16721372306346893,9
blotches,pimples,1.1474609375,0.26432764530181885,9
blundering,sinning,-0.4588623046875,-0.6118339896202087,9
blushes,smiles,-5.5234375,0.21638542413711548,9
botany,zoology,-0.4323883056640625,0.41197800636291504,9
boughs,leaves,-0.720703125,0.14875714480876923,9
bounty,luck,2.1416015625,-1.203554630279541,9
brooks,hills,0.017822265625,-1.0754261016845703,9
broom,ponytail,-0.10595703125,0.6102434396743774,9
brotherly,sisterly,3.994140625,-0.21597422659397125,9
bubble,froth,-1.51708984375,1.6933680772781372,9
bubble,melt,1.699462890625,2.7100014686584473,9
burglars,tramps,1.0738525390625,-0.19567304849624634,9
by,by,0.0,-0.00020284578204154968,9
cables,switches,-1.0654296875,0.9424549341201782,9
cajole,push,-0.580078125,-1.2695527076721191,9
calming,cooling,1.435546875,-0.5375169515609741,9
capelin,launce,4.56640625,0.14356328547000885,9
carefully,cautiously,1.52978515625,0.8311231136322021,9
carelessly,innocently,2.7005786895751953,-0.02498943731188774,9
censure,reproach,2.419677734375,-0.11903971433639526,9
cha,mot,0.46875,-1.5484318733215332,9
chair,cover,0.234375,1.7050209045410156,9
chair,cowboy,0.37353515625,0.6010128855705261,9
chair,door,-2.560546875,1.0408852100372314,9
chairs,settees,1.166015625,0.9280405044555664,9
charcoal,wire,0.01531982421875,0.08884137868881226,9
charity,kindness,1.09765625,-1.0331943035125732,9
cheaply,easily,1.2109375,-0.32963213324546814,9
chewing,swallowing,-0.5419921875,-0.029825184494256973,9
chill,gloom,-1.3441162109375,-1.1925231218338013,9
chill,penetrating,-0.8037185668945312,0.21447426080703735,9
chilling,hard,-1.80712890625,-0.5063078999519348,9
chips,sausage,-3.15234375,-0.1124827116727829,9
choke,cough,-1.064697265625,-1.1873514652252197,9
cigarettes,coffee,1.2481403350830078,-1.6422936916351318,9
circled,circled,0.0,-0.00020284578204154968,9
cj,vf,4.396728515625,0.17767544090747833,9
cleanse,purify,-1.34033203125,-0.1612253487110138,9
clouds,convection,1.3859405517578125,1.7937126159667969,9
clouds,mist,0.7041015625,-0.18160386383533478,9
clouds,surf,7.625732421875,1.7934131622314453,9
coatings,semiconductors,0.87548828125,1.1245876550674438,9
coffee,conversation,3.8330078125,2.4685261249542236,9
coffee,cookies,0.8056640625,0.46963852643966675,9
coffee,more,5.744140625,4.804191589355469,9
coffee,shit,4.65234375,3.193596124649048,9
coke,shit,3.04296875,4.675840854644775,9
collected,cool,-2.52447509765625,-1.9275729656219482,9
collected,correlated,0.07344818115234375,-0.5061377286911011,9
color,shape,-0.7421875,0.07621533423662186,9
color,warmth,-2.023193359375,-0.5504826903343201,9
combustion,corrosion,0.607666015625,-0.18600152432918549,9
combustion,respiration,0.5406532287597656,-0.10174296796321869,9
complications,mortality,-0.47662353515625,-1.2610687017440796,9
computered,transcribed,2.763671875,0.36140555143356323,9
concerts,nightclubs,-1.9532470703125,-1.270296573638916,9
condensed,distilled,-0.26348876953125,0.006561700254678726,9
confessed,killed,1.8016357421875,-1.2297961711883545,9
confiding,tender,-1.830078125,-1.9988186359405518,9
conspiracies,plots,-0.6326828002929688,-0.3107435703277588,9
constantly,hard,-2.43505859375,-1.4638028144836426,9
contented,happy,0.57208251953125,-0.909205436706543,9
contented,thankful,0.40234375,-0.5733219385147095,9
contrary,ungrateful,0.9695320129394531,-1.0780695676803589,9
controlled,natural,-0.46533203125,-3.8421285152435303,9
cool,cool,0.0,-0.00020284578204154968,9
cool,hard,0.1904296875,-0.03564615920186043,9
cool,harden,1.2294921875,0.3455473780632019,9
cool,lovely,-2.587890625,0.35617566108703613,9
cool,shadowy,3.0400390625,0.1596754640340805,9
cool,short,0.126953125,-1.0997722148895264,9
cool,warm,0.064453125,-0.6027487516403198,9
cool,wetting,-1.5078125,-0.6964017152786255,9
cordial,warm,-1.18212890625,-1.9971911907196045,9
corrosion,electrochemistry,-0.0592041015625,-1.310455083847046,9
corrupted,rich,-4.3095703125,-2.348698139190674,9
cough,cough,0.0,-0.00020284578204154968,9
cowed,trembling,2.535829544067383,0.7860667705535889,9
crabs,periwinkles,0.0057373046875,1.2049498558044434,9
created,destroyed,0.14453125,-0.3816065788269043,9
created,directed,0.109375,0.7202064990997314,9
cries,cries,0.0,-0.00020284578204154968,9
cries,falls,1.73828125,0.05615527555346489,9
cries,jeers,1.349609375,-0.1377187818288803,9
cries,noises,-3.5703125,-0.49134397506713867,9
crumbling,dirty,2.189453125,-1.4329023361206055,9
crumbs,water,-0.2568359375,-0.7947056889533997,9
dams,railroads,-0.617462158203125,-0.895899772644043,9
dbottle,teapot,-1.5966682434082031,-2.2298598289489746,9
decorating,unpacking,-2.098876953125,0.6739360094070435,9
dedicated,hard,-0.4697265625,-1.7921087741851807,9
dedicated,talented,-1.778564453125,-0.38266098499298096,9
deepest,finest,-0.28887939453125,2.468653440475464,9
defiled,killed,-1.4169921875,-0.7601923942565918,9
deliberation,skill,-0.294921875,0.011756490916013718,9
demeanor,speech,-3.166015625,-1.2987898588180542,9
deposed,fled,2.654296875,-0.0799083560705185,9
designs,prototypes,0.1337890625,0.175166055560112,9
desk,door,0.1005859375,0.12690572440624237,9
desolate,pitiful,-2.315185546875,-0.5581832528114319,9
despair,gloom,0.1229248046875,-0.5053179264068604,9
despair,weariness,0.98345947265625,-1.0746256113052368,9
destroyed,plundered,-0.225799560546875,-0.6975021958351135,9
die,go,-2.478515625,-0.11098948121070862,9
die,live,-0.091796875,-0.7748550176620483,9
die,overheat,-2.71875,1.4662705659866333,9
die,pine,0.8984375,-0.6246612071990967,9
die,sicken,1.169921875,0.6143736243247986,9
dimms,processors,0.880859375,0.21267014741897583,9
dipping,lifting,-1.609130859375,-1.0190730094909668,9
directed,founded,-3.27734375,-0.7043262720108032,9
dirtiest,hardest,-2.938720703125,0.22681736946105957,9
dirty,dirty,0.0,-0.00020284578204154968,9
dirty,dumpy,0.39453125,2.4752180576324463,9
dirty,filthy,-0.023529052734375,1.457093596458435,9
dirty,hard,-0.11328125,2.197291374206543,9
dirty,mane,-1.0546875,-0.3468048870563507,9
disappear,evaporate,0.6201171875,0.5668028593063354,9
displeased,grieved,0.2765617370605469,-0.7666256427764893,9
displeased,mortified,-0.83209228515625,0.9962376356124878,9
donkey,shrek,0.23779296875,2.917171001434326,9
door,wall,0.28125,0.5204392671585083,9
due,proper,0.33203125,-3.1652567386627197,9
dumpy,listless,-0.98828125,1.2721954584121704,9
dumpy,short,-0.734375,1.1643939018249512,9
dwarves,elves,-0.3759765625,0.42771878838539124,9
dwarves,midgets,-1.31591796875,0.1733565777540207,9
dying,wounded,0.359375,0.4918855130672455,9
easily,naturally,0.578125,0.47277408838272095,9
eels,soles,-5.513671875,1.4845938682556152,9
elastic,sticky,-3.6566162109375,-0.016577426344156265,9
elated,happy,0.7255859375,-1.0763258934020996,9
elves,gnomes,2.7275390625,1.0414291620254517,9
embalming,mummification,2.017578125,-1.33858323097229,9
engaging,speaking,-1.22265625,-0.7846484184265137,9
enterprising,hard,1.576416015625,-0.4993046522140503,9
erases,sponge,-2.01953125,-2.537405490875244,9
escape,flight,3.623046875,0.44130897521972656,9
escape,return,2.39453125,-0.7785775065422058,9
escape,safety,0.16796875,-2.4303743839263916,9
evidence,procedure,1.06396484375,0.2752431631088257,9
exchanged,recycled,-2.9595794677734375,-0.5040951371192932,9
exciting,hard,1.06640625,-0.20996077358722687,9
exciting,severe,-2.203125,-0.5467134714126587,9
exile,poverty,-1.5531444549560547,-0.5148242115974426,9
existing,projected,2.721923828125,-1.4758434295654297,9
explore,go,-4.341796875,-2.94572377204895,9
explorers,sailors,-1.29058837890625,1.0321755409240723,9
faint,indistinct,4.41961669921875,2.5385382175445557,9
faint,lovely,-1.955078125,0.08809849619865417,9
faithless,perverse,1.470703125,0.19192753732204437,9
falls,trips,-1.5244140625,1.9374637603759766,9
favour,kindness,0.03076171875,-1.884207010269165,9
feasts,sake,-1.09423828125,0.7091406583786011,9
fences,sheds,-0.5087890625,0.0004071444272994995,9
fertilizer,seeds,-5.392578125,-1.1957062482833862,9
few,scattering,-1.8876953125,-1.0890566110610962,9
few,short,-1.4375,-3.4128835201263428,9
fia,mot,-0.328125,0.3168116509914398,9
fidelity,luck,-0.749267578125,-0.3424367904663086,9
field,flood,0.169921875,0.7451879382133484,9
field,forest,1.841796875,0.609083354473114,9
figures,lights,-1.318359375,0.15881484746932983,9
filthy,yonkers,-0.9755859375,-0.6353399157524109,9
finally,then,0.375,0.6721093654632568,9
fine,flyaway,4.478515625,-0.6521714329719543,9
fine,lovely,2.822265625,0.4124646782875061,9
fine,loyal,2.0546875,0.10603538155555725,9
fine,pretty,-0.791015625,1.4598312377929688,9
fine,warm,-0.171875,-0.41635018587112427,9
finest,hardest,1.1829833984375,-0.4292122721672058,9
firm,hard,-0.251953125,-0.968500554561615,9
firm,unyielding,-0.6424560546875,1.4241046905517578,9
fled,gone,1.048828125,0.8942356109619141,9
flint,rubble,2.1429061889648438,0.33165884017944336,9
flint,stone,2.11328125,-1.5546209812164307,9
flow,flow,0.0,-0.00020284578204154968,9
following,safety,-4.810546875,-2.6139819622039795,9
fondness,respect,-0.0751953125,2.103455066680908,9
forbearance,patience,0.64599609375,-0.7898334264755249,9
forest,plain,-0.05859375,-0.4441225528717041,9
forest,stream,2.3515625,0.7217373847961426,9
fornication,matchmaking,-3.9765625,0.059778448194265366,9
forward,return,-0.20703125,0.04784667119383812,9
frail,pretty,0.58984375,-0.3462776839733124,9
freckles,shit,2.9541015625,2.6461386680603027,9
fruits,leaves,1.9161376953125,0.1547907292842865,9
fruits,seeds,0.190155029296875,1.520423412322998,9
frustration,research,-6.669921875,-0.7658883333206177,9
funnier,funnier,0.0,-0.00020284578204154968,9
fussily,noisily,0.1234130859375,-0.3564612865447998,9
gasping,singed,0.60107421875,0.6270925402641296,9
gasping,trembling,2.242321014404297,-0.5917117595672607,9
gazed,gazed,0.0,-0.00020284578204154968,9
gazed,sympathized,0.42085838317871094,1.942608118057251,9
gentle,loyal,1.18359375,1.6956982612609863,9
gentle,pretty,1.2646484375,1.6410415172576904,9
gentle,refined,2.48828125,2.27032208442688,9
gentle,safe,-5.2018585205078125,3.725163698196411,9
gentle,tender,1.162109375,2.5686585903167725,9
gentle,valiant,1.916015625,1.0880475044250488,9
gentle,warm,-2.82965087890625,-1.563523769378662,9
gerken,leigh,2.00390625,-0.30599576234817505,9
gloom,unhappiness,-4.589935302734375,-0.41950252652168274,9
gnomes,pixies,0.6939697265625,-0.3673036992549896,9
go,go,0.0,-0.00020284578204154968,9
go,grumble,1.905059814453125,1.8063942193984985,9
go,inquire,5.11260986328125,2.8207552433013916,9
go,live,8.166015625,6.1226301193237305,9
go,push,-0.10546875,3.4006335735321045,9
go,return,3.8568115234375,5.004183292388916,9
go,sleep,4.21484375,0.809677004814148,9
go,switch,1.251953125,2.9771525859832764,9
goatees,tattoos,-4.546875,1.2899925708770752,9
golden,pink,-2.03125,0.7537107467651367,9
golden,rosy,-1.48681640625,-0.009668637067079544,9
golden,warm,-4.26953125,-1.290468692779541,9
gone,vanished,-0.809326171875,0.3472219705581665,9
grasslands,woodlands,-2.52392578125,0.056089792400598526,9
gravy,starch,-2.3681640625,0.5679365396499634,9
guitarist,keyboardist,-7.7014007568359375,-0.7793358564376831,9
half,half,0.0,-0.00020284578204154968,9
half,inch,-3.27734375,-0.921156108379364,9
hall,saw,12.421875,2.6837317943573,9
hammer,saw,1.357421875,4.171847343444824,9
hammer,screwdriver,0.6693038940429688,1.1848381757736206,9
happy,harmonious,-0.4140625,0.5779175758361816,9
happy,hurt,4.595703125,3.286372661590576,9
happy,natural,1.02734375,0.88836270570755,9
happy,pretty,-2.294921875,0.11802728474140167,9
happy,proper,3.11328125,3.0300025939941406,9
happy,rich,-1.982421875,-2.4928605556488037,9
happy,rosy,-2.33984375,0.048453282564878464,9
happy,safe,-0.505859375,-0.0781172513961792,9
happy,thankful,0.377197265625,1.3015683889389038,9
happy,there,0.16015625,1.637415885925293,9
happy,warm,-0.3642578125,-0.45341259241104126,9
hard,harsh,3.1611328125,0.15254691243171692,9
hard,heartless,0.92578125,0.4180522561073303,9
hard,painful,3.1982421875,0.547614574432373,9
hard,severe,0.900390625,0.315390408039093,9
hard,square,0.96484375,-0.5458840131759644,9
hard,tiresome,0.75,0.2009265124797821,9
hard,trying,2.421875,3.4689929485321045,9
hard,unyielding,1.89892578125,1.1245266199111938,9
harsh,unfair,0.1182861328125,0.4433732032775879,9
harsh,unpleasing,4.03076171875,1.5166106224060059,9
hawks,kites,3.232421875,0.5647158026695251,9
hawks,owls,1.8050384521484375,0.43635857105255127,9
haze,mist,-2.763671875,-0.7957156300544739,9
hearing,speech,-0.701171875,-3.2124550342559814,9
heartless,unsentimental,4.2607421875,2.291761636734009,9
hills,lakes,1.734375,1.003092885017395,9
hills,streams,1.3470458984375,1.4804437160491943,9
home,live,0.0546875,0.08535510301589966,9
home,safety,-1.732421875,1.044677495956421,9
home,ship,1.517578125,0.7146027088165283,9
home,there,3.265625,1.30226731300354,9
homeless,wandering,4.071533203125,3.44921612739563,9
hoots,jeers,1.8173828125,-0.5362609028816223,9
hoping,trying,-2.35546875,0.27130576968193054,9
hoping,waiting,-4.048828125,-1.2371423244476318,9
hunted,hunted,0.0,-0.00020284578204154968,9
hunted,rose,-2.970012664794922,-1.7620686292648315,9
hurt,killed,0.765625,-0.6734017729759216,9
hurt,unhappiness,-2.184814453125,-0.7180129289627075,9
hurt,wounded,0.5478515625,-0.3899941146373749,9
hydrogen,rubidium,2.44677734375,-0.3246573805809021,9
ignorance,poverty,0.3880796432495117,-0.4545438289642334,9
ignorance,sloth,0.630767822265625,0.6186543107032776,9
inconsiderate,irresponsible,-2.07763671875,-0.7605008482933044,9
innocently,naturally,-4.1396484375,-1.187960147857666,9
institutional,structural,-1.1259765625,-0.15629014372825623,9
insubordination,treason,-0.24169921875,-0.4868175983428955,9
insurrection,treason,-0.85858154296875,-2.0303964614868164,9
intrapreneurial,startup,2.201171875,0.34045055508613586,9
irresponsible,sadic,2.69580078125,-1.8283745050430298,9
jewish,muslim,0.65234375,-0.07315649092197418,9
jewish,polish,-0.05859375,-0.5216761827468872,9
judy,punch,3.0738525390625,0.48008060455322266,9
jumping,tossing,0.7938232421875,0.9028094410896301,9
killed,mutilated,0.0233154296875,-0.1390797644853592,9
killed,trapped,-1.9229736328125,0.41241636872291565,9
killed,vanished,1.98388671875,-1.0791301727294922,9
killed,wounded,1.931640625,-1.605970025062561,9
kilograms,pounds,-0.316650390625,0.11624370515346527,9
kindness,respect,0.47265625,1.185192584991455,9
kindness,teaching,1.572265625,1.3359062671661377,9
kindness,understanding,-2.7005615234375,0.7959924936294556,9
kisses,smiles,-2.47125244140625,-0.5028241872787476,9
knights,soldiers,2.4427032470703125,-0.3054142892360687,9
lakes,streams,-0.2668914794921875,-0.4371928572654724,9
layers,layers,0.0,-0.00020284578204154968,9
leagues,leagues,0.0,-0.00020284578204154968,9
leaping,taunting,-0.71923828125,0.284365177154541,9
leaping,vaulting,-2.03289794921875,-0.6263278722763062,9
leaves,primroses,2.10089111328125,-1.2311179637908936,9
lecturing,teaching,-2.49609375,3.8639028072357178,9
lifting,shaking,2.6248817443847656,2.778909921646118,9
lights,noises,2.900390625,-0.8435935378074646,9
lights,ornaments,1.7606735229492188,1.1678805351257324,9
listless,uninterested,0.0340423583984375,0.2529323697090149,9
literal,plain,-2.333984375,-1.3239760398864746,9
live,sleep,2.75,0.20177337527275085,9
lotions,splints,-3.783203125,-1.1411722898483276,9
lovable,lovely,-0.39483642578125,-2.660698175430298,9
lovable,warm,-0.1204833984375,-2.4765758514404297,9
lovely,real,-2.58984375,0.9545636177062988,9
lovely,talented,-0.46484375,1.2004344463348389,9
lovely,tender,0.9248046875,1.3984310626983643,9
lovely,warm,3.80078125,0.04360456392168999,9
lovingly,submissively,6.0808563232421875,0.6551916003227234,9
lovingly,warmly,-1.43310546875,-1.248915195465088,9
luck,skill,-1.564453125,-2.1870510578155518,9
magic,wonder,0.5908203125,0.10696689784526825,9
main,orignal,-2.064453125,0.16403311491012573,9
major,minor,2.49609375,0.351671427488327,9
marches,protests,-1.1318359375,-0.5769030451774597,9
medication,therapy,2.58050537109375,0.6076202988624573,9
microscopes,telescopes,-3.68084716796875,0.24037803709506989,9
miles,miles,0.0,-0.00020284578204154968,9
misfortune,poverty,-1.5019969940185547,-0.44508206844329834,9
modifying,updating,0.851043701171875,-0.6347211003303528,9
mold,pat,-2.638671875,-0.7481284141540527,9
monkeys,shit,4.923828125,3.592745542526245,9
more,more,0.0,-0.00020284578204154968,9
mortar,stone,-0.67333984375,-1.312520980834961,9
mot,smiles,11.626953125,0.018013130873441696,9
motionless,prone,3.1225204467773438,1.8611209392547607,9
murder,treason,0.623046875,0.13834945857524872,9
name,shape,-2.48828125,-0.7881082892417908,9
narrower,shorter,-1.0263671875,1.8406850099563599,9
natural,proper,2.84375,0.8266412019729614,9
natural,safe,-2.89453125,-0.18124763667583466,9
natural,synthetic,-0.32861328125,0.8489024639129639,9
natural,unconcerned,3.3463134765625,0.6746600866317749,9
neater,neater,0.0,-0.00020284578204154968,9
needles,silks,3.22784423828125,-0.18205292522907257,9
needles,thimbles,-1.14727783203125,1.0855565071105957,9
negative,positive,-4.1082763671875,0.6987023949623108,9
negative,substandard,5.8721923828125,0.6624753475189209,9
night,sunlight,-3.2666015625,0.18052810430526733,9
nouns,pronouns,-3.8127784729003906,-0.5376619696617126,9
oblong,square,-2.650390625,-2.4982268810272217,9
olios,tarts,-1.58203125,-0.6868956685066223,9
orange,pineapple,-2.136016845703125,0.3930553197860718,9
orange,pink,1.140625,0.6735837459564209,9
oranges,wine,2.220703125,-2.247924327850342,9
ornaments,slides,-4.142208099365234,-0.20903275907039642,9
override,unlock,4.07958984375,1.0005662441253662,9
painful,pitiful,1.4539794921875,-0.4945727586746216,9
painful,severe,0.66552734375,-0.7764722108840942,9
participation,victories,0.595458984375,-1.1539075374603271,9
pine,spruce,2.98248291015625,2.417255401611328,9
plain,pretty,1.810546875,0.21813370287418365,9
plain,square,1.095703125,-2.1596474647521973,9
plain,unattractive,0.9033203125,2.5357868671417236,9
plenty,plenty,0.0,-0.00020284578204154968,9
plenty,warmth,-1.77685546875,-0.46279245615005493,9
plotting,scheming,-1.5535888671875,0.29903072118759155,9
policemen,reporters,5.323089599609375,1.2194669246673584,9
policemen,soldiers,-2.934478759765625,-1.6087546348571777,9
policies,procedures,1.309326171875,-0.20826958119869232,9
policies,programmes,2.08935546875,-0.9201353192329407,9
pondered,pondered,0.0,-0.00020284578204154968,9
pounds,pounds,0.0,-0.00020284578204154968,9
pounds,throbs,-4.8515625,1.1320940256118774,9
pretty,refined,2.544921875,1.890836238861084,9
pretty,safe,-0.919921875,0.9956316947937012,9
prim,proper,-2.251953125,-1.3681674003601074,9
primed,waiting,1.91015625,-0.8499330282211304,9
procedure,structures,3.29248046875,-0.08844047784805298,9
projects,texts,0.357666015625,-0.18636779487133026,9
proper,safe,-1.5,0.05558338388800621,9
proposals,recommendations,0.54644775390625,0.8408130407333374,9
protests,texts,1.58203125,-1.2685495615005493,9
prowess,skill,-3.80859375,-1.7946617603302002,9
pry,push,-4.36328125,0.8960740566253662,9
pushback,taxi,-1.84375,-1.039487600326538,9
question,wonder,-1.91015625,-1.2152245044708252,9
ragtags,scum,4.76953125,-0.2553200125694275,9
railroads,utilities,-0.7420196533203125,-0.19472423195838928,9
real,symbolic,1.30712890625,0.761411190032959,9
real,valid,3.9501953125,0.2868073582649231,9
rent,taxes,-1.849853515625,-1.0303330421447754,9
reproach,strife,-0.31353759765625,-0.6094149351119995,9
research,teaching,0.5419921875,1.1393734216690063,9
resinous,vitreous,-0.865234375,-0.3471737504005432,9
respect,understanding,-2.42578125,-0.23748759925365448,9
results,scores,5.3885498046875,2.3280138969421387,9
return,sleep,-2.501953125,-1.4611972570419312,9
rich,rich,0.0,-0.00020284578204154968,9
rich,warm,1.5703125,0.16143818199634552,9
richer,richer,0.0,-0.00020284578204154968,9
riflemen,soldiers,-0.07568359375,0.36369940638542175,9
rockholes,streams,-1.2518310546875,0.6814329624176025,9
roped,tied,3.353515625,0.5031656622886658,9
rose,rose,0.0,-0.00020284578204154968,9
rose,waxed,2.5631103515625,0.7418242692947388,9
rosy,warm,0.494140625,-1.853715419769287,9
rubble,spoil,2.69287109375,0.7047492265701294,9
sadder,sadder,0.0,-0.00020284578204154968,9
safe,sheltered,1.02423095703125,1.485205888748169,9
safe,warm,3.78125,0.6702958941459656,9
safety,security,-0.205078125,-1.3698861598968506,9
sailors,soldiers,-3.6123809814453125,-0.6137697100639343,9
savory,tender,0.8896484375,-0.7436204552650452,9
saw,shrieked,-1.5581817626953125,-0.4621925354003906,9
scalded,smashed,0.4400634765625,0.20749862492084503,9
scholars,soldiers,1.23779296875,-0.7123101949691772,9
scholars,sultans,-1.7401580810546875,0.5679190158843994,9
seamen,soldiers,-2.82421875,0.09942062199115753,9
seclusion,shyness,-2.3616485595703125,-1.8889126777648926,9
security,warmth,-0.861328125,-0.4865248203277588,9
seeds,shit,3.3837890625,2.077937126159668,9
severe,unaccustomed,2.599987030029297,0.7460838556289673,9
shanties,sheds,1.20751953125,0.9792270064353943,9
short,snappish,2.515625,1.1494460105895996,9
short,square,7.5,0.6593252420425415,9
short,stubby,2.125,1.1143343448638916,9
short,thickly,2.162109375,0.3204672336578369,9
shorter,shorter,0.0,-0.00020284578204154968,9
silences,speech,2.822265625,1.4745266437530518,9
singly,then,8.240234375,-0.7535942792892456,9
sinning,sinning,0.0,-0.00020284578204154968,9
sister,twin,-2.45361328125,-0.3547927141189575,9
sleep,sleep,0.0,-0.00020284578204154968,9
sleepier,sleepier,0.0,-0.00020284578204154968,9
smiles,sobs,1.144775390625,-0.42487549781799316,9
smiles,waves,2.5234375,1.2749345302581787,9
sniffed,sniffed,0.0,-0.00020284578204154968,9
soap,water,2.009765625,-1.2936437129974365,9
sole,undivided,5.1865997314453125,1.2426491975784302,9
sorry,thankful,-1.26873779296875,-1.4164729118347168,9
speech,swallowing,-0.15570068359375,1.1430752277374268,9
squeeze,squeeze,0.0,-0.00020284578204154968,9
squirming,struggling,-0.249267578125,0.1980808973312378,9
sticky,warm,2.658935546875,-0.49370014667510986,9
subjective,symbolic,-1.9022216796875,0.4001982808113098,9
sunlight,water,0.805419921875,0.18692021071910858,9
swifter,swifter,0.0,-0.00020284578204154968,9
then,then,0.0,-0.00020284578204154968,9
then,there,-3.11328125,-0.5379970669746399,9
there,there,0.0,-0.00020284578204154968,9
tied,wrapped,-1.1211624145507812,-0.5242817401885986,9
tiresome,trite,5.178607940673828,1.5897414684295654,9
tons,tons,0.0,-0.00020284578204154968,9
trembling,twitching,0.9387960433959961,0.8591778874397278,9
trembling,waiting,1.9013185501098633,-0.047830019146203995,9
trying,trying,0.0,-0.00020284578204154968,9
twirled,twirled,0.0,-0.00020284578204154968,9
vanished,vanishing,0.001953125,-0.4196511507034302,9
victual,water,-0.0595703125,-2.029109239578247,9
waiting,waiting,0.0,-0.00020284578204154968,9
wall,water,0.41845703125,0.23822371661663055,9
warm,welcoming,2.470703125,1.527012586593628,9
water,water,0.0,-0.00020284578204154968,9
water,wine,-5.3935546875,-2.1255505084991455,9
whiter,whiter,0.0,-0.00020284578204154968,9
