fold,n_train,n_test,train_r,train_r2,test_r,test_r2,test_rho
0,48950,340042,0.756861,0.572839,0.233835,0.054679,0.212901
