k_folds,k_pls,n,cv_r,cv_r2,cv_rho
10,15,340042,0.474318,0.224977,0.401284
