holdout,n_train,n_test,r,r2
freq>20,211530,1416,0.637741,0.406714
freq>5,205576,7370,0.687189,0.472228
freq>1,168938,44008,0.711186,0.505786
