k_folds,k_pls,n,cv_r,cv_r2,cv_rho
10,15,53685,0.550042,0.302546,0.538463
