holdout,n_train,n_test,r,r2
freq>20,48552,398,0.576534,0.332391
freq>5,46985,1965,0.552647,0.305419
freq>1,34867,14083,0.469476,0.220408
