fold,n_train,n_test,train_r,train_r2,test_r,test_r2,test_rho
0,48950,24461,0.755378,0.570595,0.091856,0.008437,0.087747
