fold,n_train,n_test,train_r,train_r2,test_r,test_r2,test_rho
0,48950,24461,0.721018,0.519867,0.136324,0.018584,0.12506
