fold,n_train,n_test,train_r,train_r2,test_r,test_r2,test_rho
0,48950,340042,0.721018,0.519867,0.254876,0.064962,0.232847
