fold,n_train,n_test,train_r,train_r2,test_r,test_r2,test_rho
0,48950,340042,0.755378,0.570595,0.17649,0.031149,0.168724
