k_folds,k_pls,n,cv_r,cv_r2,cv_rho
10,15,340042,0.445087,0.198102,0.388395
