word1,word2,preference,mlp_pred,fold
abetting,aiding,-21.32102394104004,0.5143919587135315,0
academic,parental,-1.3946914672851562,-0.3367323875427246,0
acceptance,recognition,-4.077392578125,1.0044578313827515,0
acoustic,electric,-1.2041759490966797,0.9194080233573914,0
adenine,guanine,2.376953125,0.021410904824733734,0
adjustment,haggling,3.32080078125,-0.5994142293930054,0
adventures,pictures,-6.453125,-0.7388424873352051,0
affirmation,liberation,-4.937744140625,-1.8750824928283691,0
afloat,popular,0.9130160808563232,0.20744839310646057,0
agents,supplies,4.240074157714844,-0.9572964906692505,0
agreed,approved,-1.5618782043457031,0.7464792728424072,0
ahead,shiver,17.361328125,0.7743109464645386,0
airfields,factories,1.249153733253479,1.1882027387619019,0
airfields,ports,-0.5685195922851562,-0.9433112740516663,0
ands,ifs,-5.749755859375,0.6809478402137756,0
angrier,angrier,0.0,0.04166380316019058,0
annoyance,disappointment,-1.642333984375,-1.535131573677063,0
annoyed,restless,-3.49072265625,0.0842381939291954,0
anthropology,voice,-0.073333740234375,2.3706016540527344,0
apart,floor,-2.453125,-6.420334815979004,0
apologize,stuff,2.6376495361328125,-3.645580530166626,0
appalling,terrible,-0.2515120506286621,-4.612649917602539,0
applauding,cheering,-4.912055969238281,-2.5428287982940674,0
aqueducts,sewers,2.1837310791015625,-2.196357488632202,0
arm,arm,0.0,0.04166380316019058,0
aroused,irritated,8.977343559265137,1.0014116764068604,0
arrogance,riches,-2.25738525390625,-2.010652542114258,0
arteries,veins,8.893739700317383,-1.3337658643722534,0
arums,mangroves,6.1279296875,3.9322452545166016,0
associate,supporting,8.197265625,3.1817216873168945,0
attack,attack,0.0,0.04166380316019058,0
attack,defense,-1.201171875,-1.2125520706176758,0
attractions,television,-6.1591796875,-3.0333399772644043,0
away,away,0.0,0.04166380316019058,0
away,down,-2.57421875,-0.8643848299980164,0
away,good,-4.3583984375,-2.1751201152801514,0
axes,scythes,-7.373260498046875,0.5467620491981506,0
axes,shovels,-3.1441574096679688,-0.5552046298980713,0
axes,spades,-2.2066726684570312,0.26532748341560364,0
bacon,bread,2.7559967041015625,-1.759820818901062,0
bacon,cornbread,-1.0309505462646484,0.959548830986023,0
bald,stony,4.083984375,0.8664767146110535,0
bald,toothless,-0.158905029296875,2.564934015274048,0
bales,boxes,-1.0869140625,-0.024045944213867188,0
banged,clattered,-2.8580245971679688,-0.12579379975795746,0
barrows,shovels,-1.220245361328125,0.6200271844863892,0
bat,scull,-1.3125,-0.13267087936401367,0
beast,men,-5.80859375,-1.316902756690979,0
beige,green,-9.19140625,-3.8539316654205322,0
beneficent,patriarchal,1.312713623046875,-0.14830756187438965,0
better,better,0.0,0.04166380316019058,0
better,good,0.9033203125,-1.588541865348816,0
better,popular,-1.30859375,-2.134371280670166,0
better,worse,5.578125,1.1869510412216187,0
biblical,julian,-2.5963826179504395,1.8451755046844482,0
billboards,magazines,1.7373385429382324,-0.46547427773475647,0
billions,billions,0.0,0.04166380316019058,0
blanket,coat,-2.4375,3.2324981689453125,0
blanket,doll,-8.36328125,-0.011206872761249542,0
blanket,popbeads,0.435546875,3.668107032775879,0
blindfold,plaintively,5.091804504394531,-1.5833417177200317,0
blink,sit,-6.34765625,-1.4265416860580444,0
blistered,bloody,2.8929443359375,-0.0023976340889930725,0
blistered,burned,-1.8530120849609375,-1.05195152759552,0
bloody,guts,-0.24609375,-4.159770488739014,0
bloody,terrible,1.158203125,0.1856943964958191,0
bloody,well,-1.421875,-0.36841532588005066,0
bloomers,sneakers,6.7418904304504395,-0.44071292877197266,0
blue,glowing,2.92578125,1.7831454277038574,0
blue,gold,1.517578125,-1.4655364751815796,0
blue,green,1.0537109375,-0.4755334258079529,0
blue,restless,3.29931640625,1.4131442308425903,0
bonnet,veil,-5.4580078125,0.6429647207260132,0
bony,discoloured,6.60888671875,4.777375221252441,0
boobs,pubes,5.37274169921875,-0.4742155373096466,0
brains,pluck,3.7158203125,2.3614587783813477,0
bravely,unfalteringly,6.73968505859375,1.6870969533920288,0
bravely,well,-1.607421875,0.34128066897392273,0
bread,fishes,4.732421875,2.8817570209503174,0
bread,salami,2.55029296875,3.6923699378967285,0
bread,stuff,8.767578125,2.8157403469085693,0
brickdust,paraffin,-5.6215972900390625,1.3987212181091309,0
brokenly,incoherently,2.446941375732422,-0.339868426322937,0
built,made,1.357421875,0.9330956935882568,0
burial,cremation,2.6204681396484375,0.002301342785358429,0
burned,burned,0.0,0.04166380316019058,0
burned,spluttered,-5.96240234375,2.7838399410247803,0
bustling,dynamic,-4.711366653442383,2.180838108062744,0
calcified,hardened,3.34130859375,-0.6189164519309998,0
calcium,oxygen,2.8534293174743652,0.48504695296287537,0
calcium,phosphate,3.74639892578125,0.3649774491786957,0
calcium,plutonium,-0.5312938690185547,0.8938740491867065,0
caps,goals,7.974609375,-1.0508675575256348,0
caps,nightgowns,7.44891357421875,-0.5843554735183716,0
carriage,servants,-1.513671875,-1.007973313331604,0
ceiling,floor,-6.018524169921875,-3.7671637535095215,0
cement,sand,-1.09765625,-1.3816123008728027,0
cement,steel,5.00048828125,0.14330539107322693,0
charts,pictures,-4.849609375,-2.1914737224578857,0
cheering,hooting,1.310966968536377,1.0149787664413452,0
cigars,lemonade,-2.68896484375,-0.5928496718406677,0
cinematography,photography,-3.213078022003174,-0.13932865858078003,0
citizenship,history,-1.49169921875,-2.8436315059661865,0
civil,commercial,1.435546875,0.32705923914909363,0
cleaning,repairing,3.5804905891418457,3.707157850265503,0
cleaning,stuff,10.4892578125,0.7626750469207764,0
clever,good,3.740234375,2.3844430446624756,0
clever,honest,3.416015625,-0.045254018157720566,0
clever,industrious,17.57861328125,1.8949520587921143,0
coat,hat,-0.80859375,0.43820175528526306,0
comedy,dancing,-3.98828125,0.00482148677110672,0
comedy,songs,-6.87109375,1.0296441316604614,0
comfort,counsel,0.95220947265625,0.6562493443489075,0
comfort,delight,3.7744140625,1.1017786264419556,0
comfort,edification,5.903076171875,3.041278123855591,0
comfort,inspiration,-0.18950271606445312,1.8171765804290771,0
comfort,prosperity,-2.1115190982818604,1.4413177967071533,0
comfort,riches,6.89453125,1.9323725700378418,0
comfort,support,-5.7646484375,4.374711036682129,0
commanding,distinct,-6.12109375,-3.5926308631896973,0
commercial,corporate,4.5711669921875,1.2639352083206177,0
commercial,ferry,-0.078125,0.6056631207466125,0
compliments,court,-3.06817626953125,-4.024611473083496,0
comprehensiveness,depth,-7.030564785003662,-0.5247552990913391,0
constitutionalism,economics,-1.0288047790527344,0.5826976895332336,0
contemptuous,curt,1.803955078125,0.4529501497745514,0
contents,hat,-7.3603515625,-2.2632153034210205,0
contracts,licenses,5.90679931640625,0.4391114413738251,0
copper,gold,-2.4404296875,-2.2442808151245117,0
copper,steel,-0.67926025390625,1.2344313859939575,0
corn,oysters,1.6383056640625,3.65082049369812,0
correct,correct,0.0,0.04166380316019058,0
correct,erase,-3.23828125,1.0062247514724731,0
correct,present,-1.8486328125,-0.11039238423109055,0
corrected,typed,2.3135592937469482,-0.4772885739803314,0
coughs,groans,-1.2779541015625,0.6367907524108887,0
coughs,sings,2.2874755859375,1.957039713859558,0
court,perjury,5.26007080078125,1.7035342454910278,0
covert,ingenious,3.193603515625,-1.1404097080230713,0
cowered,such,1.41015625,-3.4712564945220947,0
creaked,swerved,-5.7001953125,-1.575932502746582,0
crepuscular,diurnal,-5.0892333984375,-0.06152045726776123,0
cricket,football,-0.7333984375,-1.3839854001998901,0
crosser,crosser,0.0,0.04166380316019058,0
crows,poultry,5.18994140625,2.0396156311035156,0
cubes,triangles,4.9949188232421875,1.1877113580703735,0
danby,winter,-2.900390625,-6.288712978363037,0
dancers,wood,5.600830078125,-1.6004401445388794,0
dancing,dinner,-5.28125,-0.5343189239501953,0
dancing,drinking,-0.642578125,-0.07544120401144028,0
deaf,stupid,0.561767578125,-3.050786018371582,0
debauch,riot,-9.8984375,-2.6792404651641846,0
defector,stateless,3.859375,2.2937369346618652,0
defense,offense,-0.1162109375,0.3468499481678009,0
dehydration,deprotonation,-5.117007732391357,0.3910779356956482,0
delight,tenderness,-0.9443359375,-0.5814560055732727,0
demonstrations,petitions,-3.21942138671875,-0.7115697860717773,0
depth,diameter,-5.050408840179443,-1.0071306228637695,0
depth,information,5.6474609375,-0.7781274318695068,0
depth,soundness,-3.04736328125,1.1084506511688232,0
despised,poor,-6.93798828125,-6.026467323303223,0
devils,witches,-0.245361328125,-2.4164392948150635,0
devious,ruthless,1.7726991176605225,-0.23963186144828796,0
dim,misty,2.7051429748535156,1.637637972831726,0
dim,threatening,-0.47986602783203125,2.0179693698883057,0
dinner,stuff,10.541015625,1.7234441041946411,0
disappointment,doubt,-5.49169921875,-1.6835013628005981,0
disappointment,neglect,4.212043762207031,1.9675978422164917,0
disappointment,sorrow,-2.9312591552734375,-0.9509119987487793,0
disgraced,humiliated,-2.2105560302734375,0.5676916837692261,0
dishonor,honor,-18.1640625,-0.7916831970214844,0
disinherited,dispossessed,-6.1356353759765625,-0.7818996906280518,0
dispatches,dispatches,0.0,0.04166380316019058,0
do,good,13.1640625,-1.9224802255630493,0
do,stuff,10.056640625,0.7008200287818909,0
do,undo,0.4149169921875,2.0108447074890137,0
docile,industrious,-6.183231353759766,0.37917450070381165,0
doll,hat,4.564453125,0.665391743183136,0
doll,popbeads,4.32958984375,5.307878017425537,0
dollhouse,men,9.749755859375,-0.10887031257152557,0
doubt,speculation,4.2969970703125,0.9944784641265869,0
down,down,0.0,0.04166380316019058,0
down,under,14.1806640625,1.0689939260482788,0
down,upstairs,-0.33984375,-1.1186009645462036,0
down,wireless,7.275390625,2.1957643032073975,0
dramatically,suddenly,-4.626214981079102,-2.1080141067504883,0
dreadful,terrible,0.923828125,-0.44374963641166687,0
drinking,drinking,0.0,0.04166380316019058,0
drove,drove,0.0,0.04166380316019058,0
economics,history,5.214042663574219,-1.279950499534607,0
edge,point,-9.18359375,-0.5023998618125916,0
efficiently,smoothly,-11.13922119140625,-0.7829177379608154,0
electric,gravitational,-2.20513916015625,1.8134677410125732,0
electric,hybrid,8.255859375,1.3423900604248047,0
electronics,vehicles,-1.9311147928237915,-1.1166917085647583,0
eleventh,last,4.231201171875,0.5393580198287964,0
embarrassed,humiliated,1.5435791015625,-1.0540173053741455,0
embarrassed,mad,-3.8010292053222656,-3.0079352855682373,0
embarrassed,restless,0.5417909622192383,-0.3791790008544922,0
emeralds,gold,-0.134765625,-4.381300926208496,0
enlargement,thickening,-1.0351753234863281,-2.0426883697509766,0
enthusiastic,excellent,-7.812591552734375,-1.3343688249588013,0
enthusiastic,utensiles,-5.5037841796875,-2.6655969619750977,0
equal,honest,-5.65234375,-2.0893025398254395,0
equal,opposite,9.111328125,-0.6055076122283936,0
evening,morning,-5.1796875,-1.3884249925613403,0
evil,good,-4.4990234375,-1.8698735237121582,0
evil,malicious,3.7735958099365234,1.8450928926467896,0
evil,unlucky,-3.3154296875,0.6307064294815063,0
exactly,well,1.921875,-1.5306957960128784,0
excellent,good,-1.55712890625,-1.142610788345337,0
excesses,shortages,0.2591552734375,-2.0441226959228516,0
exchanging,redeeming,-6.140506744384766,1.1924091577529907,0
exclamation,interrogation,-4.658020973205566,-0.6667412519454956,0
exhausting,futile,-4.0205078125,0.676294207572937,0
expand,freeze,0.5070915222167969,2.485938310623169,0
fabric,quilting,-9.154312133789062,0.09679784625768661,0
faces,people,5.55078125,2.1327731609344482,0
factoring,factorisation,-2.12109375,-0.05182785540819168,0
fascinating,noble,3.434467315673828,-5.611399173736572,0
fathoms,fathoms,0.0,0.04166380316019058,0
fatter,fatter,0.0,0.04166380316019058,0
features,profiles,3.01171875,-1.9121527671813965,0
fed,housed,7.38555908203125,-0.9702981114387512,0
feedstocks,ligands,0.864990234375,0.2930273115634918,0
felids,nimravids,-2.998046875,2.3110315799713135,0
fielders,sluggers,0.34619140625,-0.5114547610282898,0
figs,wasps,-3.905059814453125,-0.17000824213027954,0
files,information,0.748291015625,-3.8346383571624756,0
files,stuff,4.69232177734375,1.299160361289978,0
fishes,people,-2.7353515625,1.3551422357559204,0
flatter,flatter,0.0,0.04166380316019058,0
flatulence,shots,-5.91943359375,-3.073773145675659,0
flourishing,green,-3.973966121673584,-4.432939529418945,0
forests,schools,-0.0636749267578125,0.5436855554580688,0
former,present,-3.58984375,-0.24329519271850586,0
former,quarter,-2.21484375,-3.4808547496795654,0
forties,under,7.50390625,2.414172410964966,0
frazil,pancake,4.107421875,-3.769551992416382,0
freeze,shiver,-2.47015380859375,-1.8775687217712402,0
frequently,recently,3.339599609375,-0.9061565399169922,0
friendlessly,homelessly,-9.404541015625,-0.09954578429460526,0
frustrated,irritated,8.027069091796875,-0.11043315380811691,0
frustrated,whining,2.3408203125,-0.526207447052002,0
future,present,-10.04443359375,0.6468863487243652,0
gala,rare,-3.3291015625,-3.5049855709075928,0
gangsters,pimps,-0.5078125,0.5007726550102234,0
geological,zoological,-4.505260467529297,-0.3046641945838928,0
ghostly,good,-4.85107421875,-1.0996384620666504,0
gifts,supplies,0.8845094442367554,-0.14759156107902527,0
gleaming,greedy,5.551734924316406,-0.4074852168560028,0
gloves,hat,-3.48812198638916,-1.5124834775924683,0
glowing,immaculate,9.51495361328125,1.1847175359725952,0
gold,green,-5.94970703125,0.7846753597259521,0
gold,tangerine,4.78472900390625,2.3970930576324463,0
gold,treasure,0.5166015625,1.5401345491409302,0
good,green,-6.6484375,-0.33312416076660156,0
good,honest,5.21484375,-0.6305093765258789,0
good,honourable,0.3311767578125,1.7227939367294312,0
good,informative,8.9375,2.4924204349517822,0
good,mad,-0.3984375,-0.2261199951171875,0
good,merciful,0.6651611328125,1.5859051942825317,0
good,noble,0.7841796875,-0.6290761828422546,0
good,poor,-3.583984375,-1.0491771697998047,0
good,straightforward,-1.245837688446045,2.5528910160064697,0
good,unconstrained,-0.475341796875,1.8436866998672485,0
good,well,-9.0322265625,0.16571804881095886,0
gowns,slippers,3.876201629638672,0.33768680691719055,0
grains,liquids,-2.0523681640625,-0.942301869392395,0
graphics,photography,-1.53973388671875,1.6696325540542603,0
graphics,photos,2.53875732421875,3.774867296218872,0
grave,questioning,2.2537841796875,5.497539520263672,0
grave,terrible,4.9296875,4.016995429992676,0
grave,troubled,9.248794555664062,3.2789885997772217,0
green,green,0.0,0.04166380316019058,0
green,misty,7.30322265625,5.000917434692383,0
green,rust,-0.05078125,1.8705962896347046,0
green,violet,2.620697021484375,1.1428070068359375,0
green,wooded,5.1295623779296875,2.559539556503296,0
grows,grows,0.0,0.04166380316019058,0
grumbling,whining,0.8116989135742188,1.0484700202941895,0
guile,wile,4.669921875,-0.26178544759750366,0
haggard,troubled,-0.3255195617675781,1.6807371377944946,0
handwritten,typed,0.3388671875,-0.27631711959838867,0
hardened,stabilised,-1.06787109375,1.3996515274047852,0
harps,songs,-1.427734375,0.7033882141113281,0
heaviness,sorrow,6.352264404296875,-2.4813389778137207,0
history,mythology,2.9713134765625,1.7763088941574097,0
honest,honourable,-0.5696754455566406,2.7440707683563232,0
honest,industrious,5.6621551513671875,1.4139498472213745,0
honest,poignant,-4.713134765625,0.544421911239624,0
honest,straight,-2.7041015625,0.8916040658950806,0
honest,straightforward,7.860103607177734,2.2854833602905273,0
honor,manhood,-2.509765625,-2.0053718090057373,0
honor,riches,2.119140625,-2.359140396118164,0
honor,serve,2.470703125,1.4407020807266235,0
honor,service,-6.025390625,-0.3868771493434906,0
honor,truthfulness,6.0634765625,-1.121828317642212,0
honor,wisdom,4.456429481506348,-0.23412242531776428,0
honourable,merciful,2.3942489624023438,-1.1930097341537476,0
honourable,necessary,2.787109375,1.6885358095169067,0
honourable,poor,-16.84326171875,-3.235949754714966,0
hopes,thoughts,-1.875,0.19798880815505981,0
hormones,neurotransmitters,5.003335952758789,0.2086893618106842,0
hugged,kissed,3.136815309524536,-0.581342339515686,0
humorously,jokingly,-1.35693359375,-0.7823597192764282,0
hurting,terrifying,-4.701141357421875,-0.6484203338623047,0
hydrocarbons,oxygen,-3.315798759460449,-2.941312074661255,0
hymns,songs,-2.2736549377441406,-1.5719877481460571,0
inaccurate,lurid,6.5618896484375,0.8140130043029785,0
indefensible,unjustified,-4.94549560546875,1.5002671480178833,0
indonesian,malaysian,5.320621490478516,-0.42873141169548035,0
information,knowledge,2.4267578125,-1.8856123685836792,0
information,pictures,4.736328125,-2.126788854598999,0
information,services,0.55859375,1.287995457649231,0
information,support,-2.41015625,2.1059658527374268,0
information,tips,1.5078125,0.01489952951669693,0
injury,predation,1.49365234375,-1.712898850440979,0
inputs,microphones,-4.63323974609375,-0.6571211814880371,0
ins,outs,10.0419921875,1.1469790935516357,0
inside,under,1.99609375,0.6658892631530762,0
insipid,poor,-4.7734375,-4.890202522277832,0
insipid,stupid,-14.623779296875,-2.1709413528442383,0
insisting,insisting,0.0,0.04166380316019058,0
inspections,inspections,0.0,0.04166380316019058,0
instructions,pictures,-4.63970947265625,-4.575855731964111,0
inventors,scientists,0.4140625,-2.3603618144989014,0
irritated,nervous,-4.8002777099609375,-5.822801113128662,0
jagged,uneven,2.292734146118164,1.6229857206344604,0
jammed,overheated,-1.51312255859375,1.4400569200515747,0
journals,magazines,-6.006858825683594,-0.7329839468002319,0
joyfully,willingly,-5.745361328125,-2.88775897026062,0
judgment,taste,-1.653076171875,-2.885110855102539,0
juggled,stuff,5.3084716796875,-1.1706734895706177,0
kid,mutton,-5.10107421875,0.39582258462905884,0
knowledge,liberation,4.485595703125,1.6857746839523315,0
knowledge,wisdom,1.1322193145751953,1.6545257568359375,0
lace,leather,-2.419921875,-0.9458657503128052,0
lace,needlework,-6.2413330078125,2.75199818611145,0
last,oldest,0.4765625,-0.32551974058151245,0
last,sixteenth,-7.343130111694336,0.45050910115242004,0
last,steepest,4.8515625,0.05148480832576752,0
last,twentieth,-3.973850727081299,-1.6157162189483643,0
lefties,lefties,0.0,0.04166380316019058,0
legitimate,popular,-1.5602493286132812,-3.464517831802368,0
lemonade,sandwiches,3.2760725021362305,-0.07336211949586868,0
libel,slander,9.94921875,-2.4872963428497314,0
liberation,practicality,0.00469970703125,0.8644231557846069,0
lifelike,vivid,-5.288764953613281,-4.031347751617432,0
lipsticks,skirts,2.552734375,0.8978976011276245,0
liquid,vapor,1.498687744140625,-1.3552370071411133,0
loads,loads,0.0,0.04166380316019058,0
longest,oldest,2.86152720451355,-0.24625164270401,0
longest,widest,2.66644287109375,0.01980844885110855,0
look,manner,0.4833984375,-0.21699145436286926,0
look,voice,-0.400390625,0.48570504784584045,0
loss,sorrow,-1.083984375,-2.611661195755005,0
lurid,threatening,3.8196563720703125,4.6666741371154785,0
lysosomes,peroxisomes,5.5328369140625,1.3380184173583984,0
made,sold,6.153076171875,0.7258520126342773,0
made,spent,-4.755859375,-0.5358582735061646,0
majestically,silently,-4.726053237915039,-0.9013736248016357,0
malicious,stupid,-2.975900650024414,-0.634698212146759,0
manner,voice,-2.7822265625,-0.3300485908985138,0
maths,stuff,6.017791748046875,1.386100172996521,0
meagre,unpalatable,-3.9800872802734375,3.230308771133423,0
melodic,progressive,11.38525390625,0.9442678689956665,0
men,men,0.0,0.04166380316019058,0
men,munition,-0.212890625,3.72588849067688,0
men,people,3.443359375,1.0286390781402588,0
men,planes,1.12353515625,0.923285722732544,0
men,secrets,-1.9396514892578125,2.780573606491089,0
men,supplies,-0.71142578125,2.167527437210083,0
mexican,vietnamese,1.6613030433654785,3.7657277584075928,0
mezcal,pulque,-3.25390625,-1.6210399866104126,0
millions,millions,0.0,0.04166380316019058,0
miraculously,suddenly,-8.922889709472656,-3.033332586288452,0
motorcycles,quads,-1.864013671875,-0.9848079681396484,0
mountainous,northern,-0.8251953125,1.335003137588501,0
mourning,sorrow,6.5446014404296875,-0.641882598400116,0
nervous,poor,-1.151123046875,2.7532155513763428,0
nervous,restless,6.165771484375,4.14082670211792,0
nervous,shaky,-6.421875,1.7752138376235962,0
nervous,weak,-2.6220703125,-0.15166184306144714,0
nitric,sulphuric,-3.772857666015625,0.29436299204826355,0
normal,normal,0.0,0.04166380316019058,0
normal,well,-4.05859375,0.9019995927810669,0
notorious,puzzling,0.284088134765625,1.0603715181350708,0
notorious,valuable,-13.53125,-0.08860594034194946,0
nut,washer,-1.0126953125,2.0334386825561523,0
offside,support,4.61328125,0.6372067928314209,0
oxygen,sulphur,3.769118309020996,1.2895159721374512,0
paints,pencils,-9.960617065429688,-2.1702165603637695,0
patiently,watchfully,0.6289684772491455,0.9688733816146851,0
patiently,well,5.593719482421875,0.049338288605213165,0
peel,rot,-3.0498046875,0.6344696283340454,0
people,plywood,7.62109375,0.4786932170391083,0
people,priest,-3.728515625,-0.6222425103187561,0
people,producers,1.928300380706787,0.2663419246673584,0
people,rituals,4.060546875,1.2542777061462402,0
people,servants,2.0849609375,-2.0222508907318115,0
people,situations,4.316162109375,2.914668321609497,0
people,stuff,5.24609375,-0.7968368530273438,0
people,supplies,5.07164192199707,1.0689640045166016,0
people,vehicles,3.671849250793457,0.5792656540870667,0
petrochemical,pharmaceutical,-2.8634891510009766,0.2349816858768463,0
photography,videography,5.592012405395508,-0.2951497733592987,0
picnics,such,15.022106170654297,0.6071169972419739,0
pictures,stuff,8.927734375,2.5595481395721436,0
pieces,tags,5.96484375,0.7003659009933472,0
plaster,wood,-1.662841796875,-1.4341707229614258,0
play,want,-3.98828125,1.4203461408615112,0
pluck,straight,3.6982421875,-1.3963934183120728,0
polynesian,scandinavian,-13.0039701461792,1.5102003812789917,0
poor,unnoticed,0.29827880859375,1.6447144746780396,0
poor,weak,3.2607421875,0.780680775642395,0
popular,saleable,8.6015625,2.3881585597991943,0
postnatal,prenatal,-2.3218536376953125,0.7033121585845947,0
practising,practising,0.0,0.04166380316019058,0
prejudice,stereotypes,-1.283121109008789,0.4550102651119232,0
profane,threatening,10.066162109375,3.0679662227630615,0
professors,scientists,-0.06273460388183594,-0.2649211585521698,0
prosper,well,-9.947872161865234,-3.586627721786499,0
prosperity,welfare,0.2644538879394531,1.9440103769302368,0
psychological,terrible,-9.252609252929688,-0.147560253739357,0
publications,scientists,3.35888671875,-2.026902914047241,0
rabbit,sit,-7.2890625,-3.330110788345337,0
radium,sediments,6.115234375,0.3701554834842682,0
rained,rained,0.0,0.04166380316019058,0
rakes,spades,2.5634765625,0.8156437873840332,0
rare,shameful,2.9144287109375,1.8572031259536743,0
rare,uncommon,-0.92431640625,4.15006160736084,0
rare,valuable,-2.791015625,0.5272485613822937,0
rare,wicious,4.689453125,0.2732156217098236,0
reformist,separatist,4.8076171875,-1.178922176361084,0
restless,troubled,3.212371826171875,1.284309983253479,0
reverently,silently,0.660736083984375,-2.014296531677246,0
reverently,tenderly,1.8398160934448242,-0.6183583736419678,0
rides,sings,6.433013916015625,0.05408964306116104,0
roll,roll,0.0,0.04166380316019058,0
runs,shrieks,-0.7060546875,0.1627499759197235,0
sand,varnish,4.6103515625,0.1602305769920349,0
sandwiches,stuff,3.1916685104370117,1.7513316869735718,0
satisfied,triumphant,14.207374572753906,2.267204523086548,0
schools,schools,0.0,0.04166380316019058,0
schools,services,-1.458984375,3.295015573501587,0
schools,situations,0.138275146484375,4.606545925140381,0
schools,staff,0.47265625,1.4959661960601807,0
schools,stuff,5.1484375,4.0274786949157715,0
seasons,weather,1.490234375,-0.06654591113328934,0
servants,servants,0.0,0.04166380316019058,0
service,such,10.390625,-1.3052057027816772,0
services,support,4.619140625,0.8029188513755798,0
shakes,twitches,-9.2900390625,3.2222092151641846,0
shortsighted,weak,0.1268310546875,-2.740166425704956,0
shovels,spades,4.23908805847168,-0.3149195909500122,0
shriller,shriller,0.0,0.04166380316019058,0
silently,smoothly,1.006523609161377,-0.42469513416290283,0
silently,sorrowfully,2.687013626098633,1.9297953844070435,0
silently,suddenly,-9.798271179199219,0.52097088098526,0
sixteenth,twentieth,8.503960609436035,0.01080072671175003,0
slave,slave,0.0,0.04166380316019058,0
snot,stuff,4.1064453125,-0.27860724925994873,0
sobbed,sobbed,0.0,0.04166380316019058,0
sodomites,usurers,1.276123046875,-1.432870626449585,0
sonatas,sonatinas,-2.3472900390625,0.12949764728546143,0
songs,stuff,6.921875,1.9212732315063477,0
spent,weak,-8.498046875,-4.801463603973389,0
stacks,stacks,0.0,0.04166380316019058,0
startling,terrible,-2.673095703125,-1.9462920427322388,0
steel,wood,-2.6748046875,-3.220268487930298,0
straight,sturdy,0.962493896484375,2.402318239212036,0
strenuously,well,4.942893981933594,-1.4996910095214844,0
stuff,supplies,-4.660533905029297,0.6599676609039307,0
stuff,wood,-8.9912109375,-3.287205457687378,0
stupid,tedious,-5.641521453857422,0.584341824054718,0
stupid,weak,-3.240234375,-1.3486021757125854,0
such,such,0.0,0.04166380316019058,0
such,support,-8.25390625,1.2231816053390503,0
sunset,sunset,0.0,0.04166380316019058,0
supplies,vehicles,1.9062614440917969,-0.48733583092689514,0
support,support,0.0,0.04166380316019058,0
taste,wisdom,4.172401428222656,1.0632596015930176,0
tomorrow,tomorrow,0.0,0.04166380316019058,0
tomorrow,yesterday,-3.5078125,0.8427423238754272,0
trolls,witches,1.134033203125,-0.45582887530326843,0
twain,twain,0.0,0.04166380316019058,0
uninjured,well,-0.9666213989257812,0.1744977831840515,0
varnish,wood,-5.13134765625,-3.2803869247436523,0
vulnerable,weak,1.3373794555664062,-3.8306193351745605,0
wave,wave,0.0,0.04166380316019058,0
worse,worse,0.0,0.04166380316019058,0
worser,worser,0.0,0.04166380316019058,0
accuracy,efficiency,-1.5737628936767578,-1.2046467065811157,1
accuracy,range,-5.4462890625,0.605373740196228,1
acetone,ethanol,4.1575927734375,4.04360294342041,1
across,across,0.0,-0.0803663358092308,1
admiringly,kindly,-4.01953125,-2.462615489959717,1
aeronauts,workers,8.422576904296875,-1.3966747522354126,1
affairs,infidelities,1.14508056640625,2.652261734008789,1
affection,approval,3.024669647216797,1.1248618364334106,1
affection,impatience,-0.38379669189453125,1.1498879194259644,1
afraid,lonely,1.548828125,-1.1766022443771362,1
again,again,0.0,-0.0803663358092308,1
again,now,-5.376953125,2.269089460372925,1
again,simply,-2.3125,2.2006683349609375,1
again,so,-4.39453125,6.865762710571289,1
agile,quick,-4.6416015625,-6.544822692871094,1
airy,pleasant,-4.436622619628906,-1.377640962600708,1
airy,wholesome,4.498138427734375,0.9718979597091675,1
albanian,serbian,7.67303466796875,-1.3684171438217163,1
alcohol,cocaine,1.778487205505371,-0.3950519561767578,1
allowances,exemptions,0.47796630859375,0.04179404675960541,1
ample,comfortable,-4.5,-4.515259265899658,1
amputation,castration,1.5859375,1.7890723943710327,1
anglican,catholic,-5.8813934326171875,1.1040979623794556,1
animals,games,5.310546875,-1.0371946096420288,1
animals,giggles,8.70654296875,2.171743869781494,1
animals,pets,2.462158203125,0.4968945384025574,1
animals,trees,-4.5537109375,-1.5927702188491821,1
anxiety,impatience,-1.3080761432647705,0.9633337259292603,1
anxiety,nervousness,4.349365234375,0.5925084352493286,1
anxiety,paranoia,1.513671875,0.6753596067428589,1
anxiety,terror,2.15625,2.3197147846221924,1
anxiety,worry,4.79296875,0.9918264150619507,1
approval,discussion,-0.9503021240234375,1.4662237167358398,1
approval,satisfaction,-3.58642578125,-1.3836394548416138,1
approve,listen,-5.3446807861328125,0.4568978548049927,1
apps,games,-0.146484375,-1.5592708587646484,1
armed,resolute,8.4794921875,-0.024650707840919495,1
armed,unarmed,0.22035980224609375,2.2201952934265137,1
armor,horse,2.591796875,-1.8288978338241577,1
aspirin,sterno,1.752685546875,2.0681228637695312,1
astonished,pained,0.220703125,-0.10536690056324005,1
astonishing,disheartening,8.49267578125,2.2677910327911377,1
ate,ate,0.0,-0.0803663358092308,1
ate,talked,-1.876953125,1.0228043794631958,1
athletics,games,-1.385986328125,-1.588772177696228,1
athletics,wrestling,2.781524658203125,1.8593682050704956,1
atrocities,death,-5.212787628173828,-0.4239082336425781,1
avoid,try,-7.4140625,-1.4220930337905884,1
awed,mute,0.593017578125,-0.46629536151885986,1
balks,leas,-6.705078125,3.313844680786133,1
bands,performers,4.2568359375,4.131976127624512,1
bare,barren,5.22412109375,1.824190616607666,1
bare,colder,-0.9248046875,0.6616947650909424,1
bare,dusty,6.90625,-0.198690265417099,1
bare,parched,0.1796875,1.9371896982192993,1
bare,rugged,4.9033203125,4.193408012390137,1
bare,stark,-7.1171875,1.5211728811264038,1
bare,wet,-0.427734375,-1.0303853750228882,1
barns,fields,-6.841796875,-1.6905404329299927,1
barns,outbuildings,4.9489850997924805,1.693376898765564,1
barren,low,-5.8994140625,-3.6422677040100098,1
barren,parched,0.13812255859375,1.4297243356704712,1
barren,rugged,-11.115234375,1.1517705917358398,1
bars,bars,0.0,-0.0803663358092308,1
bars,bolts,-2.2780418395996094,-1.1553598642349243,1
bars,pubs,7.648221969604492,1.3734062910079956,1
bears,catamounts,10.32196044921875,4.310210227966309,1
beds,paths,2.41552734375,2.013749361038208,1
before,now,-3.3489837646484375,-1.2169324159622192,1
before,since,11.4267578125,1.438509225845337,1
before,so,8.4609375,1.2967385053634644,1
before,whispered,-5.734375,-0.4822407364845276,1
beheaded,condemned,-1.553792953491211,2.5281906127929688,1
beheaded,flayed,-6.088178634643555,-1.8097039461135864,1
benevolently,kindly,-6.935402870178223,0.4112904667854309,1
beverages,food,-4.5927734375,-2.2129836082458496,1
billiards,pool,-4.3056640625,0.6252102255821228,1
biographical,critical,-2.531585693359375,-0.2213606834411621,1
blogs,newspapers,-2.0576322078704834,1.0642222166061401,1
bloodshed,quarrels,0.4745779037475586,0.7597498893737793,1
borrowing,borrowing,0.0,-0.0803663358092308,1
bottle,glasses,5.2119140625,0.9146710634231567,1
brave,intelligent,-4.002871036529541,1.4114699363708496,1
brave,resolute,8.63134765625,3.3660659790039062,1
brave,warlike,1.3843994140625,1.5149611234664917,1
breadth,height,-10.52291488647461,-1.2862423658370972,1
briefly,hurriedly,0.5859375,0.735996663570404,1
briefly,simply,-0.1796875,2.3621292114257812,1
brightest,hottest,-2.6449084281921387,3.1374974250793457,1
brightest,merriest,3.182323455810547,1.1449713706970215,1
brightest,wisest,-2.872150421142578,2.4799201488494873,1
brushed,brushed,0.0,-0.0803663358092308,1
brushed,pressed,-0.03228759765625,1.3577181100845337,1
brushed,wet,-5.1566162109375,-2.3427882194519043,1
buggies,horse,-9.41357421875,-3.0490870475769043,1
buildings,furniture,0.5576171875,1.8197945356369019,1
buildings,land,-1.12109375,0.7032683491706848,1
buildings,towns,-1.7265625,-2.5512876510620117,1
buildings,track,7.34765625,1.1042667627334595,1
buildings,trees,-6.6455078125,-0.7985086441040039,1
bull,cow,-5.30078125,0.1747879534959793,1
bull,trident,-8.0859375,0.12980873882770538,1
bunny,horse,3.23828125,1.12848699092865,1
buttercups,clover,-3.518768310546875,-1.6875324249267578,1
byzantine,roman,-9.65228271484375,0.062117114663124084,1
calmness,equanimity,2.494391441345215,1.9161685705184937,1
calvarium,face,3.40234375,-1.5715581178665161,1
canoes,skiffs,-0.39887142181396484,-0.5247560143470764,1
capacity,scaleability,4.09423828125,0.8675944209098816,1
cardiovascular,nerve,5.535305023193359,0.822990894317627,1
careless,pleasant,0.599609375,-1.8013182878494263,1
careless,reckless,-2.7357168197631836,0.13042549788951874,1
careless,shiftless,0.41387939453125,-0.15437328815460205,1
catholic,monarchical,10.787345886230469,3.2297310829162598,1
cats,cows,-1.30517578125,-0.15425221621990204,1
cats,stoats,4.18701171875,2.684352397918701,1
centre,front,-7.71484375,-0.32724684476852417,1
chafed,disappointed,-1.39453125,-0.20780137181282043,1
chain,collar,-2.2451171875,0.2301614135503769,1
charm,terror,3.650390625,2.4407665729522705,1
charming,dusty,-4.1168212890625,2.3709325790405273,1
charming,genial,5.537109375,1.294386625289917,1
charming,respectable,-0.840087890625,3.052210807800293,1
charming,seductive,-0.4367828369140625,0.07909545302391052,1
charms,witchcraft,1.52459716796875,0.9168258905410767,1
charred,naked,0.64501953125,-0.902584433555603,1
chatter,strut,-4.6295166015625,-1.0065786838531494,1
chilli,onions,6.13037109375,-0.2766241729259491,1
chills,shivers,-3.507568359375,0.5978900194168091,1
chirruping,twittering,0.288299560546875,1.0491483211517334,1
cinders,smoke,-0.7509765625,-1.4442647695541382,1
circumcision,food,-3.33642578125,-4.593385219573975,1
circumcision,scarification,2.301055908203125,-1.5999172925949097,1
class,gender,-3.630523681640625,1.0270707607269287,1
class,snobbery,-0.47747802734375,2.829141139984131,1
clearly,simply,-0.3515625,2.290239095687866,1
clearly,succinctly,-5.16455078125,3.674082040786743,1
click,tell,6.490234375,1.1761292219161987,1
climb,climb,0.0,-0.0803663358092308,1
climb,jump,-5.8115234375,0.266276478767395,1
club,fang,0.01953125,3.9506726264953613,1
club,lash,-0.69677734375,0.6638830304145813,1
cocaine,heroine,2.192596435546875,-0.4724001884460449,1
colder,colder,0.0,-0.0803663358092308,1
colder,wetter,5.658203125,-0.17533738911151886,1
colourful,gorgeous,-4.0864644050598145,-0.1588927060365677,1
comfortable,easy,5.7822265625,2.5118465423583984,1
comfortable,jolly,-0.59375,1.576874852180481,1
comfortable,low,-10.150390625,-1.9256887435913086,1
comfortable,pleasant,1.369140625,0.9307818412780762,1
comments,concern,-6.303375244140625,0.19120697677135468,1
commons,lords,1.5328369140625,-3.2238433361053467,1
completeness,finality,0.97406005859375,0.40051305294036865,1
condemned,tried,-3.0148391723632812,-1.1932281255722046,1
confusing,sad,-3.736572265625,-5.987953186035156,1
considerable,effective,4.14056396484375,1.5859107971191406,1
contemporary,contemporary,0.0,-0.0803663358092308,1
cooler,cooler,0.0,-0.0803663358092308,1
cooler,fresher,0.42578125,0.26703256368637085,1
cooler,grayer,11.57177734375,0.5245321989059448,1
coolly,deliberately,-1.0017242431640625,0.7942754626274109,1
countermarch,march,-12.276611328125,-0.3069242537021637,1
cows,girls,-6.8203125,-1.5207942724227905,1
cows,goats,2.3865966796875,1.1962660551071167,1
cried,cried,0.0,-0.0803663358092308,1
cried,screamed,3.0176749229431152,0.626278281211853,1
cried,talked,1.8623046875,1.102028489112854,1
crisp,curly,3.350616455078125,1.5250998735427856,1
crisp,sunny,1.30340576171875,-1.6646212339401245,1
critical,dictatorial,5.676750183105469,2.438753604888916,1
criticism,discussion,-4.376686096191406,3.312035083770752,1
cultured,intelligent,0.84124755859375,-0.49658316373825073,1
cunninger,cunninger,0.0,-0.0803663358092308,1
cup,silverware,9.373046875,1.4269167184829712,1
curmudgeonly,cynical,4.3504638671875,-2.2955832481384277,1
damnation,death,-5.8299560546875,-0.3557109832763672,1
darkened,deepened,-3.276611328125,0.31669098138809204,1
dearest,kindest,0.27099609375,-0.7733741998672485,1
death,fugitive,-7.064453125,1.2015794515609741,1
death,infamy,3.2578125,2.3537096977233887,1
death,infection,-5.389892578125,0.37318873405456543,1
death,prison,-2.169921875,-0.7398355603218079,1
death,terror,-3.5107421875,1.0113736391067505,1
death,thirst,2.52146053314209,0.9888356924057007,1
deep,deep,0.0,-0.0803663358092308,1
deep,intelligent,2.16796875,1.0780097246170044,1
deep,lonely,0.33984375,3.085590362548828,1
deep,low,-3.64501953125,0.3439939618110657,1
deep,slow,-1.6826171875,-1.5695797204971313,1
deep,solitary,-1.0078125,3.7605371475219727,1
deep,sullen,4.359130859375,4.6754150390625,1
deep,wide,2.9365234375,-2.9948346614837646,1
deepened,increased,-2.9557037353515625,1.2052958011627197,1
defiance,malediction,-6.32196044921875,-0.901215136051178,1
delusion,witchcraft,-6.26318359375,0.005092397332191467,1
details,subjects,1.04296875,0.5436521172523499,1
dienes,polyenes,1.3734359741210938,-0.8969542384147644,1
differentiation,integration,2.3493309020996094,0.6322446465492249,1
dig,dig,0.0,-0.0803663358092308,1
dining,sitting,3.3671875,-2.60823130607605,1
disappointed,puzzled,-2.0865612030029297,2.303571939468384,1
disappointed,sad,-0.9609375,-2.1222751140594482,1
discipline,holy,-6.16546630859375,-1.7743061780929565,1
discipline,obedience,-2.156299591064453,1.0942109823226929,1
discipline,satisfaction,2.641939640045166,-2.0694591999053955,1
discriminating,just,-8.195863723754883,-3.6286444664001465,1
disenfranchised,lonely,-1.350341796875,-3.245793342590332,1
dive,dive,0.0,-0.0803663358092308,1
dive,jump,0.93798828125,1.6050548553466797,1
dragging,slow,-1.98291015625,-8.635822296142578,1
drenched,shivering,-2.3987998962402344,1.8130302429199219,1
dressed,washed,-6.95703125,-1.3528125286102295,1
drinkning,eating,-4.255859375,-0.22295744717121124,1
dukes,lords,-7.991943359375,-1.549054503440857,1
dusty,withered,7.40478515625,2.9628756046295166,1
dynasties,kings,-3.6501083374023438,-2.3011417388916016,1
easy,joyful,-1.372039794921875,0.5320789813995361,1
easy,pleasant,2.365234375,0.017096832394599915,1
easy,quick,1.1796875,-2.85243821144104,1
easy,slow,-0.984375,-2.2224478721618652,1
eating,eating,0.0,-0.0803663358092308,1
eating,food,-7.7197265625,0.17622338235378265,1
eating,sitting,-1.15234375,-1.905502438545227,1
eating,slurping,4.646484375,2.71016001701355,1
eating,thinking,1.66796875,3.6859278678894043,1
economically,safely,-1.70050048828125,-0.666637659072876,1
effective,quick,-0.65423583984375,-6.342947006225586,1
effective,rugged,-5.15777587890625,2.854132890701294,1
electrodes,filaments,-3.893491268157959,1.2878535985946655,1
eloquent,grateful,5.5081024169921875,-2.920612335205078,1
endothermic,homoeothermic,9.08203125,0.22536952793598175,1
enjoyments,surprises,-3.553466796875,-0.9871954321861267,1
exceeded,reached,-5.96240234375,-3.0569396018981934,1
exist,move,1.328125,0.3235950469970703,1
expensive,impractical,-1.2130126953125,1.717685341835022,1
expensive,just,8.48046875,3.265263557434082,1
expensive,showy,4.6630859375,0.7955470681190491,1
exporters,importers,-2.278090000152588,0.22511430084705353,1
fatigue,terror,-5.264945030212402,-1.364183783531189,1
fearlessly,truly,-2.8798828125,0.9512031078338623,1
feelings,thinking,-6.955078125,2.0843734741210938,1
fewer,fewer,0.0,-0.0803663358092308,1
fibre,metal,-2.97412109375,-0.44251686334609985,1
fields,fields,0.0,-0.0803663358092308,1
fields,mountains,-4.27734375,-0.0156436488032341,1
fields,trees,-4.359130859375,-1.6794819831848145,1
fierce,resolute,4.6055908203125,1.8262193202972412,1
films,musicals,3.427734375,1.6822965145111084,1
finding,seeking,-4.28515625,-0.33840709924697876,1
fingers,food,-6.05859375,0.010730907320976257,1
fingers,gabbling,-3.23046875,1.0906962156295776,1
fingers,penguin,-1.4212188720703125,0.06559428572654724,1
firing,food,-2.34478759765625,-3.1825900077819824,1
flapping,flapping,0.0,-0.0803663358092308,1
flurry,worry,-1.0002763271331787,0.9498566389083862,1
food,horse,-0.3828125,1.0924535989761353,1
food,material,2.287109375,1.1487339735031128,1
food,news,4.970703125,3.3857827186584473,1
food,newspapers,0.44879817962646484,1.1459896564483643,1
fools,weaklings,-0.37751197814941406,1.8009158372879028,1
forevermore,now,-7.208984375,0.03985418379306793,1
forgotten,lonely,-3.2158203125,-2.734954595565796,1
fought,fought,0.0,-0.0803663358092308,1
front,hind,2.64453125,-0.8177694082260132,1
frozen,wet,2.4959716796875,-3.527019739151001,1
frugality,industry,-11.3642578125,-0.2061731368303299,1
furniture,interiors,2.4271469116210938,3.4843649864196777,1
gaiters,smocks,-6.0302734375,-0.5663168430328369,1
gashed,gored,0.611328125,4.702021598815918,1
genial,pleasant,-1.369140625,-3.1082563400268555,1
geographic,magnetic,1.3602523803710938,-0.3162233829498291,1
geographical,otherwise,6.935079574584961,2.5976243019104004,1
geology,mineralogy,7.80029296875,2.2729504108428955,1
ginger,sugar,0.32421875,0.7986849546432495,1
girls,women,2.923828125,1.0571006536483765,1
glitter,sequins,2.3544921875,0.5281936526298523,1
goats,knifes,1.91015625,0.6655377149581909,1
gorgeous,sunny,0.4150390625,-1.9422999620437622,1
governments,militaries,-4.615234375,0.5313893556594849,1
grab,try,-5.87744140625,-1.5050312280654907,1
grain,wheat,1.7029962539672852,0.05193495750427246,1
grateful,low,-1.65625,-2.898102283477783,1
grateful,luxurious,6.214876174926758,1.2898895740509033,1
grayer,grayer,0.0,-0.0803663358092308,1
greasing,loosening,-7.9040679931640625,0.9191797971725464,1
guilty,uncomfortable,2.298828125,1.7392101287841797,1
gutters,trees,-1.9765625,-4.361473560333252,1
handshakes,photo,2.8876514434814453,5.832705020904541,1
happily,safely,2.065673828125,-0.9298851490020752,1
harmless,pleasant,-4.2880859375,-0.6924972534179688,1
harmless,small,-8.296630859375,-5.556916236877441,1
hate,hate,0.0,-0.0803663358092308,1
hate,vengeance,2.043895721435547,2.422058343887329,1
healed,humbled,-7.52001953125,-1.3391056060791016,1
herbalists,naturopaths,3.647724151611328,-1.5836005210876465,1
heresy,schism,4.43328857421875,0.9898462295532227,1
herodotean,homeric,-12.8994140625,-0.3190334141254425,1
hexagonal,monoclinic,-5.446361541748047,-0.7712115049362183,1
hish,low,-7.861328125,-5.047054767608643,1
hither,yon,22.62744140625,3.1433451175689697,1
holy,just,-0.453125,-0.061856843531131744,1
honestly,truly,4.4794921875,2.1155178546905518,1
horse,horse,0.0,-0.0803663358092308,1
imitations,sentences,-7.509765625,-2.731456756591797,1
impatience,revolt,5.32476806640625,1.0260201692581177,1
impractical,uncomfortable,-2.310302257537842,0.963140606880188,1
increased,stimulated,10.35009765625,1.2910882234573364,1
industry,obedience,-3.0400772094726562,1.432910680770874,1
infamy,shame,-4.533203125,-2.4733376502990723,1
insincerity,treachery,-4.013774871826172,0.5670366287231445,1
inspection,repair,1.9499095678329468,0.07857336103916168,1
intelligent,pleasant,-1.5907096862792969,-1.5003033876419067,1
intelligent,superior,8.90167236328125,0.7575061321258545,1
intelligent,unprejudiced,2.112682342529297,0.9707947969436646,1
interested,kindly,-4.1552734375,-2.4846339225769043,1
interested,slow,-2.59375,-6.624658584594727,1
interrupted,low,-6.91015625,-5.389636993408203,1
intimate,small,-5.625,-7.002833366394043,1
intimidate,try,-9.748895645141602,-4.2181243896484375,1
investments,pilgrimage,-4.8922882080078125,-0.28098228573799133,1
just,pious,-11.029296875,-0.26417189836502075,1
just,rightful,-4.7001953125,0.10240182280540466,1
just,try,-7.51220703125,-4.061981201171875,1
kindest,wisest,1.2874832153320312,0.3966708183288574,1
kindly,philanthropic,2.9451208114624023,1.6140931844711304,1
kindly,pious,1.0166015625,3.3503499031066895,1
kindly,pleasant,-3.5078125,-0.394375205039978,1
kings,lords,4.10693359375,0.5377366542816162,1
kiss,tell,7.333984375,4.079222679138184,1
knock,try,-7.34765625,-3.661774158477783,1
labored,slow,-1.9248046875,-4.5750837326049805,1
laces,stays,8.048892974853516,1.0841213464736938,1
laconic,slow,3.15966796875,-6.228419303894043,1
land,mountains,-5.994140625,-2.040897846221924,1
land,naval,1.5360565185546875,2.333503007888794,1
land,possessions,9.406005859375,3.6998820304870605,1
land,seas,-1.16796875,1.7482491731643677,1
land,try,-0.8583984375,-0.5985060334205627,1
laxer,shaggier,0.10205078125,-3.100496292114258,1
lesbians,women,-6.3310546875,-2.1883294582366943,1
lethality,range,-3.7802734375,0.9118325710296631,1
lettuce,radishes,0.4468994140625,2.6626198291778564,1
lie,lie,0.0,-0.0803663358092308,1
lie,shoot,3.90234375,1.2830153703689575,1
listen,listen,0.0,-0.0803663358092308,1
listen,pause,-6.490234375,-1.2012065649032593,1
listen,try,-5.6318359375,-2.1192853450775146,1
literature,newspapers,1.7703886032104492,0.17296136915683746,1
literature,religion,-3.73046875,-0.3249984383583069,1
lonely,sad,1.09375,-0.19812165200710297,1
lonely,sick,-1.6796875,3.3397698402404785,1
lonely,solitary,5.2012939453125,3.137793779373169,1
lonely,wet,-3.9326171875,-2.0461888313293457,1
lonely,wide,-4.986328125,-2.95353102684021,1
low,lower,1.1962890625,1.254948377609253,1
low,primary,-3.5810546875,-0.5716415643692017,1
low,quick,-5.37890625,2.6998634338378906,1
low,rounded,-0.90673828125,2.9985971450805664,1
low,sad,8.1845703125,1.8777951002120972,1
low,slow,3.9267578125,0.7704748511314392,1
low,wet,-0.732421875,1.3183717727661133,1
lower,lower,0.0,-0.0803663358092308,1
lower,slower,-6.1015625,-0.6229677200317383,1
lowriders,women,-6.781632423400879,-1.5616313219070435,1
maimed,sick,-1.00067138671875,-3.6084251403808594,1
manacle,prison,-5.5048828125,-0.5508612394332886,1
march,sing,-4.68359375,0.08686546981334686,1
memorizing,remark,7.154296875,1.1265510320663452,1
mercury,mud,1.308349609375,-5.1623945236206055,1
metal,woodwork,4.755859375,2.2988226413726807,1
mid,small,-8.34765625,-0.14114369451999664,1
moderator,panelist,5.462890625,1.0282541513442993,1
molecules,solids,-0.43305015563964844,-0.474088191986084,1
mom,pop,10.4921875,1.7197277545928955,1
momentum,position,-1.7078857421875,-2.2968358993530273,1
monstrous,terrific,5.188331604003906,-0.524894118309021,1
morality,religion,-3.462890625,-1.5524884462356567,1
mortice,tenon,13.3984375,2.6700124740600586,1
mountains,plateaux,15.48486328125,4.193878173828125,1
mountains,seas,1.36328125,2.440847396850586,1
mountains,trees,-3.896484375,-1.5272928476333618,1
move,move,0.0,-0.0803663358092308,1
move,position,-7.7421875,-0.7728235125541687,1
mud,slime,4.26025390625,-1.128410816192627,1
mud,stones,-1.330322265625,-1.2103885412216187,1
murdering,robbing,-6.4237060546875,-0.9972597360610962,1
murkier,murkier,0.0,-0.0803663358092308,1
naked,weaponless,24.237213134765625,2.4883456230163574,1
napkins,silverware,-5.41162109375,-1.4541583061218262,1
nervously,peevishly,0.4499692916870117,-0.05477321147918701,1
newies,townies,-0.318359375,2.1428463459014893,1
nicer,nicer,0.0,-0.0803663358092308,1
nights,nights,0.0,-0.0803663358092308,1
nodding,nodding,0.0,-0.0803663358092308,1
nodding,rocking,1.8099784851074219,-0.7029147148132324,1
now,now,0.0,-0.0803663358092308,1
now,so,0.296875,3.4392993450164795,1
nursery,primary,4.86328125,2.04995059967041,1
obedience,restraint,0.2757687568664551,-0.512606143951416,1
obedience,socialization,-1.9545402526855469,-0.511790931224823,1
obedience,terror,1.3587474822998047,2.4642560482025146,1
office,wealth,1.40771484375,-1.4262458086013794,1
oftener,oftener,0.0,-0.0803663358092308,1
opens,slams,4.81201171875,4.569309234619141,1
outbuildings,trees,-5.675140380859375,-4.381602764129639,1
overalls,pigtails,1.6407318115234375,-0.3035580515861511,1
pans,tachos,1.8720703125,1.53889799118042,1
parched,uncomfortable,-2.78753662109375,2.5579190254211426,1
pauses,progresses,5.7469940185546875,1.0913745164871216,1
peculiar,quick,5.50390625,-2.900505542755127,1
perishing,sickening,-10.71728515625,-1.3718538284301758,1
petrol,petrol,0.0,-0.0803663358092308,1
pitched,unwound,6.240234375,1.7529813051223755,1
plainer,plainer,0.0,-0.0803663358092308,1
planning,thinking,-7.0625,-1.1903164386749268,1
pleasant,solitary,6.9541015625,2.8368706703186035,1
pleasant,wholesome,7.2354960441589355,3.734750747680664,1
portly,princely,9.7685546875,2.0927300453186035,1
position,wealth,-3.7021484375,-1.9934099912643433,1
possessions,products,-2.723388671875,-0.22505991160869598,1
pressed,trodden,0.12345504760742188,-1.6928242444992065,1
primitive,small,-3.421851873397827,-5.179920196533203,1
principle,purpose,7.265472412109375,-1.6324771642684937,1
prison,psychiatrists,5.311428070068359,1.6524170637130737,1
processes,products,-4.1846923828125,-1.615686058998108,1
processes,uses,-8.23370361328125,-0.08341553062200546,1
psychologists,sociologists,2.993475914001465,-0.3334770202636719,1
puffed,puffed,0.0,-0.0803663358092308,1
puzzled,slow,-4.446409225463867,-4.438898086547852,1
quick,resolute,2.767822265625,1.4406882524490356,1
quick,skilful,5.3524169921875,3.085087299346924,1
quick,small,4.55712890625,-0.3333541750907898,1
raining,raining,0.0,-0.0803663358092308,1
rarer,rarer,0.0,-0.0803663358092308,1
reached,rounded,-4.3818359375,-1.3556177616119385,1
read,read,0.0,-0.0803663358092308,1
read,talked,0.50390625,2.8194515705108643,1
read,try,-1.03515625,-1.0845458507537842,1
realer,realer,0.0,-0.0803663358092308,1
realism,symbolism,2.865814208984375,0.31632357835769653,1
reared,whinnied,-3.43157958984375,0.921939492225647,1
redder,redder,0.0,-0.0803663358092308,1
ride,shoot,2.0869140625,0.04049007594585419,1
rounded,rugged,5.73065185546875,1.736662745475769,1
rubies,sapphires,-0.013671875,0.8259878754615784,1
rugged,small,-2.18798828125,-5.108926773071289,1
rugged,steep,-3.0421142578125,-7.738478183746338,1
rugged,thrifty,-2.02099609375,0.17586682736873627,1
ruthlessness,treachery,-2.78656005859375,1.762848973274231,1
sad,sick,4.318359375,-1.0851750373840332,1
sad,solitary,3.5745849609375,3.7665114402770996,1
sad,sullen,2.5966796875,2.5319199562072754,1
safely,simply,-3.341796875,2.999281406402588,1
scowling,squinting,2.2636654376983643,2.2788615226745605,1
screamed,screamed,0.0,-0.0803663358092308,1
secretive,vengeful,1.5824508666992188,-0.4950687885284424,1
seductive,sexy,3.3599853515625,1.3734791278839111,1
selective,skilful,-7.138954162597656,-4.074237823486328,1
sepsis,thrombosis,9.463118553161621,0.06935955584049225,1
serbian,yugoslav,2.431710958480835,0.0024798810482025146,1
set,try,1.189453125,-1.4616597890853882,1
shale,stones,-3.458984375,-1.745601773262024,1
shell,shrapnel,-3.0198707580566406,1.0461004972457886,1
shoot,shoot,0.0,-0.0803663358092308,1
simply,strictly,8.251953125,1.4002454280853271,1
slow,slower,1.7939453125,3.933229446411133,1
slow,small,-4.85546875,0.7150163650512695,1
slow,wearily,3.4560546875,4.054825782775879,1
slower,slower,0.0,-0.0803663358092308,1
slower,surer,13.8828125,2.0588178634643555,1
small,uncomfortable,3.6331024169921875,7.1189351081848145,1
small,unimportant,3.4783554077148438,5.828735828399658,1
snake,stool,-4.2515869140625,1.7989217042922974,1
so,so,0.0,-0.0803663358092308,1
stool,truck,1.5654296875,0.3015182614326477,1
stranger,stranger,0.0,-0.0803663358092308,1
stretched,stretched,0.0,-0.0803663358092308,1
stunned,stupefied,9.122366905212402,2.8123698234558105,1
sullen,wrathful,2.6357421875,0.7154096364974976,1
sun,sun,0.0,-0.0803663358092308,1
sunnier,sunnier,0.0,-0.0803663358092308,1
swiftest,wisest,-1.1002140045166016,0.6479858160018921,1
talked,talked,0.0,-0.0803663358092308,1
talked,walked,-6.6923828125,-1.8705379962921143,1
teaspoon,teaspoons,4.368912696838379,2.510521411895752,1
thinking,thinking,0.0,-0.0803663358092308,1
thinking,wishing,7.30633544921875,0.2736905813217163,1
thousands,thousands,0.0,-0.0803663358092308,1
tighter,tighter,0.0,-0.0803663358092308,1
trees,trees,0.0,-0.0803663358092308,1
trees,undergrowth,9.201620101928711,3.050534725189209,1
tried,tried,0.0,-0.0803663358092308,1
try,try,0.0,-0.0803663358092308,1
walked,walked,0.0,-0.0803663358092308,1
weeps,weeps,0.0,-0.0803663358092308,1
wetter,wetter,0.0,-0.0803663358092308,1
whispered,wore,-5.833984375,-0.922046422958374,1
wishing,wishing,0.0,-0.0803663358092308,1
younger,younger,0.0,-0.0803663358092308,1
abloom,sweet,8.13427734375,-5.4784932136535645,2
abuse,derision,4.123046875,0.009188324213027954,2
abuse,profanity,2.2902984619140625,-0.04283440113067627,2
abuse,violence,-0.52197265625,-2.3179242610931396,2
aching,hot,-1.083984375,-2.784722328186035,2
acrid,hot,-7.2568359375,-3.717059373855591,2
acronyms,bits,6.433494567871094,-0.6903976202011108,2
addictive,dangerous,2.021484375,1.8071383237838745,2
addresses,names,-8.778762817382812,-4.241261005401611,2
adorable,cute,-4.8919219970703125,-4.9455246925354,2
age,dirt,-3.3369140625,0.07655921578407288,2
age,usage,3.3203125,0.913374662399292,2
algae,cyanobacteria,-2.165774345397949,-0.6819164156913757,2
algae,pondweed,3.776345729827881,-2.620253801345825,2
algae,salts,-0.3526153564453125,-0.9137431979179382,2
always,always,0.0,0.17473068833351135,2
always,everywhere,0.279296875,-0.06826712191104889,2
amazed,furious,1.0311951637268066,3.3091728687286377,2
amazed,screaming,-7.5784912109375,-2.3789560794830322,2
amazed,terrified,-1.1387691497802734,1.186166524887085,2
amazed,utter,-4.4853515625,-0.019117623567581177,2
ambulance,police,-3.2412109375,0.04963626712560654,2
amending,improving,4.7869873046875,-0.9407288432121277,2
amplifiers,loudspeakers,-5.04510498046875,-0.34096628427505493,2
analysis,commentary,-4.180659294128418,-1.0911303758621216,2
analysis,presentation,3.85506010055542,-1.4834047555923462,2
analysis,remodeling,-3.2511215209960938,0.25098150968551636,2
animated,fresh,-2.82861328125,-4.444916725158691,2
antifreeze,polyester,6.4234619140625,-1.1316895484924316,2
arch,winsome,9.41943359375,1.5420011281967163,2
argue,debate,0.4313812255859375,-0.4504205584526062,2
arrives,comes,-0.8575096130371094,-2.56754732131958,2
artificial,insincere,5.891697883605957,0.750853955745697,2
ascending,descending,7.7583465576171875,-0.05885693430900574,2
ash,gas,-0.6123046875,-0.3349584937095642,2
astrology,mathematics,-1.0422329902648926,1.988527774810791,2
aviation,certification,1.822805404663086,0.9307984709739685,2
backing,veering,2.446533203125,0.47623223066329956,2
badminton,swimming,4.261960983276367,0.3038921356201172,2
banking,finance,2.7060470581054688,-0.4766732454299927,2
banksia,eucalyptus,-1.1956138610839844,1.375139594078064,2
bark,crow,-3.951171875,0.8562275171279907,2
basophils,eosinophils,-2.9211578369140625,0.4694705009460449,2
batteries,magnets,4.214776992797852,-1.9636913537979126,2
beaded,embroidered,-2.108320474624634,-0.24523751437664032,2
bearskins,deerskins,9.6241455078125,1.4059275388717651,2
bedelia,sally,-4.2275390625,0.07423754036426544,2
beetlebugs,caterpillars,-1.373633861541748,-2.5240728855133057,2
begged,shivered,-8.103023529052734,-3.9355580806732178,2
behaviourally,morphologically,-4.677493572235107,-1.7918956279754639,2
bell,tentacles,-0.5857334136962891,-1.2843955755233765,2
bereavement,destruction,2.6246490478515625,0.08912612497806549,2
bettering,education,-4.58984375,-3.417003870010376,2
bias,discrimination,1.3320903778076172,-0.23613862693309784,2
biggest,gravest,0.2607421875,1.8927401304244995,2
binding,lawful,-7.59033203125,-2.0276849269866943,2
bionic,hot,-5.408203125,-4.35240364074707,2
birds,dolls,-5.376953125,-0.4358797073364258,2
birds,mammals,-0.01834583282470703,6.720099925994873,2
birds,mosquitoes,-0.7466850280761719,4.355589389801025,2
bits,bits,0.0,0.17473068833351135,2
bits,dirt,-4.322265625,-0.8802546858787537,2
bits,dust,-7.166015625,-0.32784152030944824,2
bits,strips,0.709625244140625,-1.2816846370697021,2
bitter,cloudy,-1.6163063049316406,3.069984197616577,2
bitter,furious,1.460357666015625,2.6049697399139404,2
bitter,hot,-6.890625,-3.1461808681488037,2
bitter,malignant,3.0172548294067383,3.122009515762329,2
bitter,proud,8.37890625,0.10779712349176407,2
bitter,repeated,2.015625,4.061139106750488,2
bitter,sanguinary,6.7578125,1.9340804815292358,2
bland,innocent,-4.59375,-0.16631989181041718,2
blankets,cushions,1.1959962844848633,1.2888115644454956,2
blankets,dolls,-5.307403564453125,-1.8695272207260132,2
bleed,bleed,0.0,0.17473068833351135,2
blinking,winking,-0.317730188369751,-0.792481005191803,2
blocks,box,-3.064453125,-3.109963893890381,2
blocks,rebounds,5.0439453125,0.5055390000343323,2
blocks,toys,0.583984375,-0.11406071484088898,2
blooming,fresh,-5.59912109375,-4.705179214477539,2
blotched,red,-3.243896484375,-4.430740833282471,2
blotched,wrinkled,-2.30517578125,-0.42252516746520996,2
bluebells,cowslips,-1.4986553192138672,0.5356041789054871,2
bondage,distress,-5.1236572265625,1.9518706798553467,2
bone,muscle,11.89013671875,-0.7783763408660889,2
bored,impatient,12.962071418762207,1.8431447744369507,2
bored,neglected,6.796417236328125,-0.29087376594543457,2
bored,tired,1.51397705078125,-2.9790518283843994,2
bottles,bottles,0.0,0.17473068833351135,2
bourbon,whiskey,-2.7384033203125,-1.941527009010315,2
box,tape,1.75,1.2085613012313843,2
boxing,swimming,3.6644287109375,0.22895029187202454,2
brusque,businesslike,3.431640625,-0.14891402423381805,2
bulkhead,deck,-2.5800704956054688,-0.7102406620979309,2
burgers,shrimp,3.52028751373291,1.9902069568634033,2
burrows,feeds,-7.813784599304199,0.8591226935386658,2
calendar,email,-7.222900390625,-0.1920316368341446,2
calms,storms,-5.266944885253906,1.5392937660217285,2
camaraderie,friendship,-3.182373046875,-2.141143560409546,2
came,listened,6.685546875,3.4049911499023438,2
camels,donkeys,-1.4144287109375,0.12761792540550232,2
camels,goods,-6.03857421875,0.5784258842468262,2
cameras,toys,1.1391353607177734,-1.8897980451583862,2
candidacy,vote,-4.5330810546875,1.6434952020645142,2
cantons,cantons,0.0,0.17473068833351135,2
cap,weeping,-5.2245635986328125,-0.012629002332687378,2
capability,lines,-6.6953125,-3.1725804805755615,2
catalysts,pigments,3.1304969787597656,0.5337651968002319,2
categories,subcategories,5.547752380371094,-1.395097017288208,2
challenges,controversies,-1.8141686916351318,-0.4114064574241638,2
chapters,chapters,0.0,0.17473068833351135,2
cheated,robbed,-3.1848907470703125,-3.4855785369873047,2
cheerfulness,courage,11.3349609375,0.6298540234565735,2
cheese,egg,-0.720703125,0.21020402014255524,2
cheese,garlic,3.7421875,2.9825613498687744,2
cheese,meat,1.123046875,2.038964033126831,2
cheese,tomato,5.091796875,1.3653481006622314,2
chemicals,heat,-5.296016216278076,-3.5129764080047607,2
chemicals,polymers,7.217022895812988,0.08745376765727997,2
chuckles,nods,7.82666015625,-2.343003988265991,2
clandestine,immoderate,6.887901306152344,0.9701794981956482,2
clatter,clicks,-5.90478515625,0.9907510280609131,2
clear,clear,0.0,0.17473068833351135,2
clear,compelling,6.254518508911133,3.217514753341675,2
clear,composed,8.75,1.0481384992599487,2
clear,fresh,-2.280029296875,-1.471828579902649,2
clear,frosty,-1.8380126953125,2.297128915786743,2
clear,full,4.68896484375,2.808716297149658,2
clear,lighter,-0.466796875,-0.9084227681159973,2
clear,limpid,3.5361328125,3.0677566528320312,2
clear,precise,0.6240234375,0.10675851255655289,2
clear,red,0.8037109375,0.8997486233711243,2
clear,regular,7.427734375,-0.2744831442832947,2
clear,smooth,-0.6298828125,-0.7876797318458557,2
clear,specific,3.310546875,2.218942880630493,2
clear,starry,4.390625,2.2789108753204346,2
clear,sweet,2.059814453125,-1.4877192974090576,2
clear,true,-0.166015625,2.7801644802093506,2
clear,unhesitating,7.4764556884765625,6.458159923553467,2
clearer,clearer,0.0,0.17473068833351135,2
clearer,louder,0.616668701171875,-1.7480393648147583,2
climbed,climbed,0.0,0.17473068833351135,2
climbed,scrambled,-2.2277376651763916,0.6986683011054993,2
closed,forbidding,3.6341819763183594,2.723513603210449,2
closed,secured,5.491286277770996,3.1127946376800537,2
closets,pantry,6.600341796875,0.8372477293014526,2
cloudy,gray,2.407562255859375,-0.9961832165718079,2
coarse,scanty,-0.7963777780532837,1.5733989477157593,2
coarse,tough,1.9166641235351562,-2.6996982097625732,2
cobwebs,dirt,-2.3892364501953125,-3.0012643337249756,2
cobwebs,dust,-2.1845703125,-3.464672803878784,2
coins,medals,0.8837890625,-0.8312792181968689,2
coins,notes,7.4052734375,-0.08641611039638519,2
combat,demolition,1.65380859375,1.640200138092041,2
communicating,composition,-5.3509521484375,-0.7589360475540161,2
company,tiffany,-1.15521240234375,0.3812456727027893,2
compare,contrast,-1.74072265625,-0.02334466576576233,2
competitive,cultural,-1.9404067993164062,-1.6421562433242798,2
complex,dangerous,1.84765625,1.991822600364685,2
complex,proud,-2.8046875,-0.7975641489028931,2
complex,unresolved,7.419189453125,2.6905434131622314,2
complex,vast,-6.66796875,-3.0835490226745605,2
composition,singing,-6.318603515625,-2.8135323524475098,2
computers,radio,-2.229949951171875,-0.9485189318656921,2
computers,science,1.1311993598937988,-2.7813470363616943,2
comradery,friendship,-5.037109375,-0.49010300636291504,2
concordats,treaties,3.016845703125,0.5175433158874512,2
conditions,standards,-1.30523681640625,0.5321447253227234,2
conferences,lectures,-4.078926086425781,-1.1582309007644653,2
confidence,courage,-1.1796875,-0.021266654133796692,2
confidence,encouragement,-1.6358642578125,2.6698520183563232,2
confidence,faith,8.177734375,-1.9262501001358032,2
confidence,friendship,-0.216796875,0.011649981141090393,2
confrontation,dissention,9.235811233520508,0.8155524134635925,2
conscience,morals,2.4231948852539062,0.9434701800346375,2
conscience,reason,1.1028661727905273,0.7477025985717773,2
consequentialism,deontology,5.4404296875,0.024096205830574036,2
consistently,correctly,0.6102752685546875,1.7130900621414185,2
convenience,friendship,8.7138671875,-2.57983660697937,2
coordinated,disciplined,5.448484420776367,1.755172610282898,2
corals,shells,-6.1004638671875,-1.5649882555007935,2
cordiality,friendship,1.8066902160644531,-0.4427017569541931,2
cormalite,limestone,-6.3358001708984375,0.979265570640564,2
courage,dignity,5.212187767028809,1.4217019081115723,2
courage,discernment,6.2197265625,2.883727788925171,2
courage,faith,-3.2109375,0.4388319253921509,2
courage,optimism,0.830322265625,1.7560789585113525,2
courage,strength,-0.640625,0.10618722438812256,2
creamy,smooth,-0.9855194091796875,-0.8827323317527771,2
creamy,sweet,3.75,-0.7672188878059387,2
creamy,thick,-2.5634765625,-2.4414138793945312,2
criticized,unpopular,3.8076171875,1.1420542001724243,2
crooked,dangerous,-1.8942592144012451,-0.1270977109670639,2
crude,early,0.7265625,-1.192919373512268,2
cruelty,injustice,3.651185989379883,-0.15719659626483917,2
cruelty,oppression,-1.2769365310668945,-1.7087790966033936,2
cruelty,selfishness,-2.090972900390625,-2.256265640258789,2
cruelty,violence,-2.42401123046875,-0.6075891256332397,2
cultural,education,0.240325927734375,-0.5213989019393921,2
cultural,personal,0.714599609375,0.7541722059249878,2
cultural,physical,2.904296875,0.27185821533203125,2
cultural,publicity,1.141021728515625,1.7230333089828491,2
cultural,sporting,-0.0560302734375,3.6691770553588867,2
curiously,suspiciously,3.380859375,1.1337543725967407,2
cushions,trucks,-2.0809478759765625,-2.180776834487915,2
cute,innocent,9.5703125,2.790811777114868,2
cute,sweet,4.1435546875,0.6439030766487122,2
cyanotic,unresponsive,-7.924152374267578,2.983461618423462,2
cycling,swimming,-0.65234375,-1.3465087413787842,2
damanes,trespass,-5.27978515625,1.3505297899246216,2
dangerous,hot,-4.38671875,-2.1283328533172607,2
dangerous,miserable,-0.23828125,-0.2755959630012512,2
dangerous,true,-4.43359375,-1.3239737749099731,2
dangerous,unpopular,5.11669921875,0.34143877029418945,2
darkening,lightening,0.9153900146484375,0.2396213412284851,2
datebooks,pens,-2.528076171875,1.189094066619873,2
deceit,dishonesty,2.8178744316101074,2.760448932647705,2
deeds,documents,-7.7851104736328125,3.425915002822876,2
deeds,notes,-2.0517578125,-0.018609166145324707,2
defeated,unpopular,-1.50927734375,-0.11007265746593475,2
demolition,deterioration,-7.769287109375,-1.2887672185897827,2
demolition,maintenance,-1.3634111881256104,0.026268377900123596,2
demonolatry,idolatry,2.3218650817871094,0.8243118524551392,2
deportment,dignity,-1.3594970703125,-3.792353630065918,2
depraved,sinful,-0.236785888671875,-1.0613338947296143,2
derision,drunkenness,-9.776756286621094,-1.4907394647598267,2
destruction,misery,0.4803028106689453,-2.276115655899048,2
destruction,rebirth,1.0875244140625,-0.8169140815734863,2
destruction,war,-2.5732421875,-0.6921841502189636,2
developed,modern,-4.15625,-0.2899603247642517,2
dialogs,recitations,-8.998783111572266,2.8582966327667236,2
dials,receiver,-13.922720909118652,-3.427865505218506,2
died,suffered,-2.3994140625,1.797725796699524,2
dignity,strength,-5.7682647705078125,-3.0612082481384277,2
dinosaur,lion,3.724609375,2.5567023754119873,2
dirt,dust,2.400390625,0.9401970505714417,2
dirt,poisons,2.6588821411132812,4.247430801391602,2
disaster,failure,0.8623046875,-0.5082480907440186,2
disciplined,regular,0.925579309463501,-3.5408737659454346,2
discrimination,fights,0.7862961292266846,-1.2204035520553589,2
discrimination,slavery,-0.31679821014404297,-0.7933118939399719,2
discrimination,violence,-1.9852886199951172,-1.6051396131515503,2
dishonesty,injustice,-4.345924377441406,-0.7225936055183411,2
disobedience,misery,-0.30084073543548584,-3.1773531436920166,2
disobedience,negligence,5.65869140625,-1.9179669618606567,2
dispatch,neatness,-1.447265625,-1.051660180091858,2
distress,misery,-7.359375,-2.3239917755126953,2
distress,privation,1.7099609375,-1.478852391242981,2
dogs,dolls,-2.490234375,-0.9435356259346008,2
dogs,ferrets,2.3173828125,1.2400425672531128,2
dogs,pistols,3.681732177734375,3.6072521209716797,2
dogs,poets,-1.2412109375,0.55647873878479,2
dollars,dollars,0.0,0.17473068833351135,2
dolls,dolls,0.0,0.17473068833351135,2
dolls,pram,5.65283203125,1.669132947921753,2
dolls,toys,1.00390625,1.068365454673767,2
domestic,local,-3.59259033203125,0.25957298278808594,2
domestic,sexual,-2.6846923828125,-0.18495295941829681,2
dominant,official,2.455078125,0.9804696440696716,2
downhearted,gloomy,1.0026016235351562,-1.2646924257278442,2
dozens,dozens,0.0,0.17473068833351135,2
draw,schedule,-1.60565185546875,3.885244131088257,2
dreams,reality,-1.671875,-1.4535316228866577,2
dreams,stories,-0.744140625,0.8770490884780884,2
drongos,flycatchers,2.20965576171875,-0.6212438344955444,2
dug,dug,0.0,0.17473068833351135,2
dumplings,steam,-6.854949951171875,-0.6063124537467957,2
dust,gas,0.5263671875,-0.03569786250591278,2
dust,gravel,5.1427001953125,5.268932819366455,2
dust,heat,-4.90625,1.734386682510376,2
dust,waste,0.44921875,3.2743828296661377,2
dweebs,geeks,-1.8623046875,-2.1906092166900635,2
dyers,weavers,1.7265625,1.7756725549697876,2
early,extraordinary,0.8121910095214844,5.318531513214111,2
early,personal,5.663707733154297,3.0617454051971436,2
earthworks,megaliths,7.84912109375,-1.9117165803909302,2
easier,easier,0.0,0.17473068833351135,2
easier,lighter,0.94482421875,0.052913665771484375,2
easier,louder,0.278167724609375,-0.6278414130210876,2
eddied,swirled,-7.3649139404296875,0.9583778977394104,2
education,pedagogy,0.11199951171875,1.167890191078186,2
education,science,-1.32421875,-0.9592861533164978,2
egg,tongue,1.25390625,-1.617855429649353,2
elements,shapes,1.107421875,-2.3530821800231934,2
embarrassment,pleasure,-3.2733154296875,-3.790804147720337,2
embeddings,manifolds,8.920791625976562,-2.242354154586792,2
emperors,empresses,2.8072433471679688,0.597800612449646,2
encouragement,praise,-1.0169131755828857,-2.011697769165039,2
encouragement,warning,2.4054222106933594,-0.7644971013069153,2
enlarged,hollow,-0.29339599609375,-2.5701115131378174,2
enlarged,reduced,-6.870697021484375,1.6284533739089966,2
enlarged,revised,-2.0343017578125,-0.27345049381256104,2
enormous,majestic,9.100015640258789,0.9520708918571472,2
enormous,powerful,0.05411815643310547,-0.9063600897789001,2
entertainments,parties,-1.19171142578125,-3.4067623615264893,2
erect,fearless,10.37890625,1.9140280485153198,2
erect,masterful,16.28030776977539,3.023851156234741,2
espresso,juice,-0.455078125,-1.0788480043411255,2
events,events,0.0,0.17473068833351135,2
events,names,-1.27734375,-2.690981149673462,2
events,relationships,-0.896484375,0.04595667123794556,2
events,stories,-2.576171875,-0.4309147000312805,2
example,precept,7.306640625,0.32955485582351685,2
exhausted,hot,-3.413285255432129,-3.6197805404663086,2
expound,reason,-5.21142578125,-3.310091972351074,2
exterior,interior,1.4459381103515625,-0.688033401966095,2
facts,myths,-9.623046875,0.534142792224884,2
facts,names,-2.22222900390625,-2.4448859691619873,2
faith,glory,-2.43359375,0.6021482944488525,2
faith,morals,4.07666015625,-0.2841872572898865,2
faith,reason,6.954597473144531,-0.5376051068305969,2
faith,science,2.6953125,-2.836682081222534,2
faith,violence,1.931640625,1.0984866619110107,2
fall,tumble,-0.790771484375,0.5280669927597046,2
famous,hot,-2.908203125,-0.24777860939502716,2
farming,livestock,-2.9770355224609375,-0.21539248526096344,2
fast,febrile,3.08447265625,4.365233898162842,2
fast,furious,8.728271484375,2.9440901279449463,2
fast,mushy,13.544921875,4.210575580596924,2
fast,powerful,1.03125,2.0266666412353516,2
fast,steadily,4.579071044921875,1.365699291229248,2
fast,sure,5.51953125,2.8225767612457275,2
fast,thick,2.9775390625,-0.47931236028671265,2
fast,tough,-4.9296875,0.5218108892440796,2
fast,true,1.97265625,1.4052706956863403,2
fearless,gallant,-0.14404296875,1.8318825960159302,2
fights,war,2.169921875,1.6304997205734253,2
fits,starts,1.140625,-0.5303650498390198,2
flabby,wrinkled,0.8125076293945312,1.1350785493850708,2
flattery,persistence,10.6285400390625,0.8529099225997925,2
flattery,pleasure,-4.3451385498046875,-3.32368540763855,2
flattery,servility,-4.408203125,0.25002825260162354,2
flies,mosquitoes,-5.247447967529297,1.5004186630249023,2
flippers,lungs,-2.332794189453125,-0.12548808753490448,2
flopped,stumbled,2.265625,1.398460030555725,2
flushed,hoarse,2.0928916931152344,1.9545831680297852,2
flushed,hot,-3.02734375,-2.4925949573516846,2
flushed,impatient,2.8685035705566406,2.4901511669158936,2
flushed,radiant,5.868408203125,2.9741880893707275,2
flushed,red,-0.032958984375,-4.139423847198486,2
flushed,tired,-0.923828125,-1.7206968069076538,2
flushed,unhappy,3.3671875,1.179137110710144,2
fog,storms,-6.0057220458984375,-2.096050500869751,2
fog,wind,-3.3640880584716797,-2.182914972305298,2
forage,gather,-2.46484375,-0.3891981840133667,2
foreboding,loneliness,-6.728453159332275,-4.531805515289307,2
founding,full,9.720703125,-1.7001696825027466,2
founding,prominent,9.27545166015625,3.0846288204193115,2
freakier,freakier,0.0,0.17473068833351135,2
freight,luggage,-5.446872711181641,-1.3839281797409058,2
fresh,hot,-1.58203125,1.3549290895462036,2
fresh,sweet,-3.896484375,-1.06395423412323,2
fresh,unblemished,3.018798828125,4.9760308265686035,2
fresh,youthful,-4.767845153808594,3.833951234817505,2
friendship,intimacy,9.3048095703125,0.972892165184021,2
friendship,loneliness,4.302123546600342,0.7391528487205505,2
frog,wombat,11.5615234375,4.556471347808838,2
frosts,storms,-0.9894943237304688,0.08906842768192291,2
fuel,heating,8.421875,1.6556050777435303,2
full,immediate,2.583852767944336,-0.5919817090034485,2
full,transcendent,4.345916748046875,4.047970771789551,2
full,true,1.041015625,0.9991112351417542,2
furious,hot,-12.693206787109375,-2.964901924133301,2
furious,sputtering,-6.2867431640625,0.2506375312805176,2
galaxies,matter,-0.3021869659423828,-0.2995498776435852,2
gallant,shrewd,4.783294677734375,-0.3906167149543762,2
gallons,gallons,0.0,0.17473068833351135,2
gas,matter,3.33984375,2.5633130073547363,2
gas,steam,-8.3125,-0.4648217558860779,2
gaunt,gray,3.04248046875,-1.895302414894104,2
gaunt,hollow,-9.287109375,-2.8562867641448975,2
gears,levers,1.717041015625,3.9698593616485596,2
gigantic,red,1.893798828125,0.07695649564266205,2
girl,goose,-4.876953125,0.017221271991729736,2
girl,stalking,-4.4132080078125,0.6807047724723816,2
global,local,-4.334747314453125,-0.998423159122467,2
gloomy,stern,-3.63720703125,-0.08181749284267426,2
gloomy,thick,-4.837310791015625,-4.585270404815674,2
graduate,professional,-3.1328125,-0.4101913571357727,2
graduate,undergraduate,-2.921844482421875,0.7400593161582947,2
grame,grief,-10.601113319396973,-0.8485768437385559,2
gray,grewsome,-1.7451171875,3.140786647796631,2
gray,red,-1.792236328125,-0.5474594235420227,2
gray,scanty,7.801788330078125,0.8323574662208557,2
gray,tired,-7.04638671875,-2.293428659439087,2
gray,yellow,-2.63818359375,-0.4813263416290283,2
grey,red,2.1796875,-0.24714316427707672,2
grief,horror,-4.9409332275390625,-0.12566469609737396,2
grief,intrigue,-3.826416015625,1.2845789194107056,2
grief,passion,4.691141128540039,1.9196316003799438,2
grief,rage,1.2331390380859375,-0.6422870755195618,2
grinned,looked,-5.683837890625,-1.5801810026168823,2
harmonium,organ,-4.36474609375,-0.49052268266677856,2
hawed,himmed,-10.337890625,-1.1920051574707031,2
heaps,heaps,0.0,0.17473068833351135,2
hearths,homes,-2.525390625,-4.477455139160156,2
heat,strength,3.931640625,0.14969651401042938,2
heiress,owner,-5.3720703125,-1.51638662815094,2
heparin,histamine,0.57171630859375,0.12497255206108093,2
heretics,nonbelievers,-3.4518356323242188,1.4606550931930542,2
highlights,shadows,-0.7513313293457031,1.0218470096588135,2
hoarse,hollow,8.134506225585938,0.29265451431274414,2
hollow,lightweight,4.055610656738281,0.3211153745651245,2
hollow,muffled,8.941238403320312,4.163771629333496,2
honeysuckles,jessamines,5.911502838134766,0.9941591620445251,2
horrible,red,-5.205078125,-3.2173662185668945,2
horrible,yellow,-10.08984375,-3.3114945888519287,2
horror,misery,9.889404296875,1.4547477960586548,2
horror,rage,0.49072265625,0.7853124141693115,2
hot,mixed,6.423828125,0.827081561088562,2
hot,red,3.11865234375,-0.6856201887130737,2
hot,smoking,5.348876953125,2.1659278869628906,2
hot,steaming,0.5762939453125,3.7652697563171387,2
hot,sultry,6.5,4.877578258514404,2
hot,sweet,3.06640625,-0.49117279052734375,2
hot,tired,1.359375,0.2609074115753174,2
hushed,penetrated,11.720401763916016,4.297606945037842,2
illustrated,wrote,-10.679825782775879,-1.3412772417068481,2
immediate,personal,11.074302673339844,-0.4552431106567383,2
immediate,stern,-1.9091873168945312,-3.819697856903076,2
impatient,tired,1.9768662452697754,-1.518907904624939,2
increase,multiply,6.803800582885742,-0.22105289995670319,2
ingratitude,suspicion,-0.721221923828125,1.674606442451477,2
injustice,oppression,0.6031608581542969,0.07583731412887573,2
injustice,slavery,3.263477325439453,1.7144880294799805,2
injustice,violence,-1.1881542205810547,-1.190266489982605,2
innocent,leige,-1.25390625,1.038179874420166,2
innocent,sweet,-9.251953125,-4.389743804931641,2
inquiringly,politely,7.925853729248047,-1.959170937538147,2
insincere,supercilious,-4.1872406005859375,-2.218566656112671,2
insults,violence,-12.470703125,-1.8539210557937622,2
junior,professional,7.892578125,-1.5785974264144897,2
kinds,shapes,0.798828125,-0.03623761236667633,2
kinds,sorts,-0.984375,0.4759862422943115,2
leaking,patched,1.814453125,-0.5083782076835632,2
legos,lion,13.54876708984375,-0.56475830078125,2
leif,tarzan,-6.789970397949219,-0.03474371135234833,2
leukemia,lymphoma,-4.305505752563477,-0.13834606111049652,2
lighter,lighter,0.0,0.17473068833351135,2
lighter,thinner,4.82421875,2.8778884410858154,2
like,talking,7.41015625,0.07636792957782745,2
limestone,marble,1.9275360107421875,-1.8649500608444214,2
limped,stuttered,-0.5656356811523438,1.1826066970825195,2
limpid,salutary,0.7689208984375,0.21344608068466187,2
listened,listened,0.0,0.17473068833351135,2
listened,looked,-1.572265625,-0.10092256963253021,2
listened,watched,-3.8876953125,0.15252751111984253,2
local,provincial,-1.4375534057617188,2.1205637454986572,2
loneliness,misery,6.842380523681641,0.1906435489654541,2
looked,looked,0.0,0.17473068833351135,2
looked,smelt,3.544921875,2.907240390777588,2
lost,loved,-2.37109375,-0.9548049569129944,2
louder,louder,0.0,0.17473068833351135,2
louder,repeated,0.40386199951171875,1.678728699684143,2
louder,sharper,4.1474609375,0.24003541469573975,2
loyalists,unionists,6.0400390625,0.848659336566925,2
magisterial,police,-3.94140625,-0.6116171479225159,2
magnet,toys,-5.42578125,-1.8518086671829224,2
magnificent,proud,-3.89154052734375,-1.3175846338272095,2
majestic,powerful,-2.00927734375,-2.513371706008911,2
majestic,soothing,-2.6873016357421875,0.809928297996521,2
majestic,sublime,-6.188995361328125,-1.04352867603302,2
malice,rage,-5.00927734375,0.11624675989151001,2
marble,mosaic,-3.402557373046875,1.9996622800827026,2
maroon,red,-0.7490234375,-5.214588165283203,2
maroon,yellow,-4.31640625,-1.2079941034317017,2
mathematics,metamathematics,13.891316413879395,-0.5542103052139282,2
mathematics,science,-3.597809314727783,-4.006336688995361,2
mathematics,statistics,8.151188850402832,-1.113208532333374,2
matrimony,matrimony,0.0,0.17473068833351135,2
mauve,red,-2.4951171875,-1.5421068668365479,2
meaning,reason,4.3984375,1.2092112302780151,2
meaning,richness,-1.6904296875,-0.581048846244812,2
meat,meat,0.0,0.17473068833351135,2
meat,puddings,2.4455337524414062,3.158618450164795,2
metasedimentary,sedimentary,-6.03460693359375,-0.47462522983551025,2
metres,metres,0.0,0.17473068833351135,2
microprocessors,transistors,-1.6395111083984375,0.26064974069595337,2
mightiest,richest,-2.0932998657226562,0.8838739395141602,2
miserable,tired,-4.36328125,-0.7952314019203186,2
miserable,unhappy,1.9755859375,-0.01498962938785553,2
miserable,weeping,-6.26953125,-0.7162482142448425,2
missus,mister,-2.14825439453125,-1.0799893140792847,2
modern,practical,-1.009033203125,0.367428183555603,2
muffled,thick,-4.823470115661621,-6.434488773345947,2
mushrooms,tomatoes,-2.0207977294921875,0.354408323764801,2
necessity,urgency,4.576171875,0.1453961580991745,2
nestling,singing,-5.364501953125,0.08488470315933228,2
northwest,west,-0.951171875,-2.3272063732147217,2
official,royal,-7.16796875,-1.205398678779602,2
on,on,0.0,0.17473068833351135,2
opponents,players,-2.218806505203247,-0.931536853313446,2
oppression,violence,-1.6402587890625,-0.9444455504417419,2
outsiders,students,-7.009765625,-2.5145514011383057,2
outsiders,wives,1.39501953125,-0.9569575190544128,2
overweight,unhappy,4.316505432128906,-0.07540041208267212,2
paler,paler,0.0,0.17473068833351135,2
paler,thinner,2.364149570465088,-2.1631195545196533,2
paler,tired,-6.939453125,-2.5233428478240967,2
paperwork,signatures,2.18310546875,-1.3699160814285278,2
passion,rage,-4.63946533203125,-0.2878935933113098,2
personal,profanity,-4.96868896484375,1.79690420627594,2
personal,professional,1.4638671875,-0.09368832409381866,2
phases,stages,4.03515625,-0.14402274787425995,2
photographs,sketches,2.9163599014282227,2.3642280101776123,2
physical,sexual,2.794921875,-0.6716594099998474,2
pins,tape,1.734375,-1.0287069082260132,2
placid,smooth,-1.738555908203125,-4.7289042472839355,2
pleasure,rejoicing,-2.4979095458984375,5.640185832977295,2
poets,songwriters,-7.4884490966796875,0.7969743609428406,2
powdery,smooth,-5.795114040374756,-3.963399648666382,2
powerful,precise,-1.98828125,4.495462417602539,2
powerful,stern,-0.15234375,-1.594183087348938,2
powerful,vast,-4.78125,-2.6566457748413086,2
praise,publicity,4.0306396484375,1.3376573324203491,2
prematurity,smoking,-3.08612060546875,-3.5621845722198486,2
presentation,spelling,-6.27685546875,0.7452372312545776,2
principal,supervisor,6.927001953125,1.6818313598632812,2
produced,wrote,-5.6328125,-0.8218757510185242,2
profanity,sanctity,-3.4955711364746094,0.6424849033355713,2
profanity,sexual,0.62933349609375,-1.164973258972168,2
professional,student,1.544921875,-1.1117216348648071,2
property,slaves,-5.3515625,-0.4844668507575989,2
proud,stern,7.6875,1.070041537284851,2
proud,swaggering,-0.7102813720703125,5.1731953620910645,2
proud,vain,2.3046875,0.36611777544021606,2
pulled,pulled,0.0,0.17473068833351135,2
radiant,red,-1.91796875,0.4381389021873474,2
radio,record,4.013671875,2.6459057331085205,2
rage,scorn,2.756866455078125,0.33449459075927734,2
rage,war,2.8748779296875,0.13812489807605743,2
rage,weeping,4.0166015625,2.0565271377563477,2
rains,storms,-2.1476078033447266,1.0289306640625,2
rampant,red,6.1162109375,1.0892926454544067,2
randomness,statistics,4.460376739501953,-0.3697959780693054,2
rapidly,steadily,3.9294652938842773,0.5639263987541199,2
reason,science,-2.42626953125,-1.7561925649642944,2
reason,tradition,-5.091796875,-0.17754419147968292,2
receiver,recorder,2.15673828125,-0.5971470475196838,2
recorder,tape,-0.08740234375,0.2908369302749634,2
red,red,0.0,0.17473068833351135,2
red,thick,-3.7763671875,-0.40416187047958374,2
red,wrinkled,1.841583251953125,3.153913974761963,2
red,yellow,4.3779296875,0.5685861110687256,2
rehashed,revised,-1.859375,0.6109291315078735,2
repeated,sterner,-2.51171875,-0.3327401876449585,2
rip,tip,-2.5078125,-2.6174981594085693,2
rising,rising,0.0,0.17473068833351135,2
run,run,0.0,0.17473068833351135,2
run,shout,-4.94921875,1.6322686672210693,2
samoyedic,yeniseian,-14.62353515625,0.025264710187911987,2
screaming,shouting,2.5693359375,0.7906734347343445,2
secured,shut,-4.458953857421875,-3.061518669128418,2
sexuality,violence,-0.263671875,-1.9325729608535767,2
sharper,sharper,0.0,0.17473068833351135,2
shinyness,sunniness,-3.343292236328125,-0.22083286941051483,2
shivered,suffered,5.690673828125,1.3828781843185425,2
shivered,watched,5.161956787109375,0.874534010887146,2
shouting,shrieking,-0.1185150146484375,1.2258696556091309,2
shouting,singing,-1.3701171875,0.2937968373298645,2
shouting,talking,-4.9443359375,0.5537360310554504,2
shrimp,snails,-4.260256767272949,-0.21245567500591278,2
singing,talking,1.80859375,1.2940171957015991,2
skirmishing,trading,2.8017654418945312,-1.6812772750854492,2
sluggish,smooth,3.803363800048828,-3.5122549533843994,2
smoking,steaming,-0.7730884552001953,1.4906491041183472,2
smoking,talking,2.8392333984375,0.8150262236595154,2
smooth,sweet,2.970703125,-1.5952754020690918,2
smooth,thick,1.37451171875,-1.2234901189804077,2
spray,steam,-2.4761962890625,-2.477666139602661,2
spreading,spreading,0.0,0.17473068833351135,2
sputtering,sputtering,0.0,0.17473068833351135,2
squak,squak,0.0,0.17473068833351135,2
starved,tired,-2.69140625,-2.082014799118042,2
steeper,steeper,0.0,0.17473068833351135,2
stem,stern,-1.2109375,-1.9575902223587036,2
stifling,thick,-8.054931640625,-6.363475322723389,2
storms,wind,1.7574310302734375,-0.2962501049041748,2
talking,talking,0.0,0.17473068833351135,2
tamer,tamer,0.0,0.17473068833351135,2
thick,tough,3.594970703125,3.602365732192993,2
thick,yellow,-0.083984375,0.8346956372261047,2
thinner,thinner,0.0,0.17473068833351135,2
thumbs,toes,3.248046875,-0.5883274078369141,2
tired,unhappy,6.3916015625,1.2706773281097412,2
tired,uninspired,6.151126861572266,1.9565200805664062,2
tradition,usage,7.0634765625,-0.680378258228302,2
trains,trucks,1.916015625,-0.446799635887146,2
twice,twice,0.0,0.17473068833351135,2
tylenol,zithromax,3.69140625,0.4351733922958374,2
uncivilized,unlettered,2.173858642578125,1.171278953552246,2
unhallowed,unwarranted,0.6192245483398438,1.3990838527679443,2
unwinding,winding,0.923583984375,-0.8960960507392883,2
utter,vast,-7.265625,-3.485123872756958,2
village,village,0.0,0.17473068833351135,2
violence,war,-0.4111328125,0.29590433835983276,2
wailings,weeping,-11.8046875,-0.5302547812461853,2
watched,watched,0.0,0.17473068833351135,2
weeks,weeks,0.0,0.17473068833351135,2
wider,wider,0.0,0.17473068833351135,2
wrastled,wrastled,0.0,0.17473068833351135,2
wrinkled,yellow,0.22837448120117188,-5.140690803527832,2
wrote,wrote,0.0,0.17473068833351135,2
yards,yards,0.0,0.17473068833351135,2
yellow,yellow,0.0,0.17473068833351135,2
yours,yours,0.0,0.17473068833351135,2
abjurer,nowhere,-1.34765625,-1.3097360134124756,3
above,around,4.361328125,-0.6184711456298828,3
accidents,incidents,3.7798404693603516,-0.012126654386520386,3
accidents,problems,-0.290496826171875,-1.7853280305862427,3
acknowledge,state,2.1198577880859375,-6.096763610839844,3
actively,successfully,0.48711538314819336,0.18461528420448303,3
acts,speaks,0.076171875,-0.24887967109680176,3
acts,talks,-0.78125,-1.9128154516220093,3
adoration,love,-2.95654296875,-4.298784255981445,3
aerial,ground,-4.3291015625,-2.1582517623901367,3
aimlessly,unconsciously,9.996917724609375,0.6151885986328125,3
along,along,0.0,-0.03128553926944733,3
along,watch,18.337890625,2.422858238220215,3
amused,rapid,-3.90625,-4.021669387817383,3
anarchy,license,10.107051849365234,1.8686686754226685,3
anguish,dejection,-1.3290963172912598,2.202587127685547,3
ants,earth,-4.08251953125,-0.8258518576622009,3
ants,termites,2.172271728515625,1.0987361669540405,3
apologized,time,-13.5615234375,-3.3103270530700684,3
apologized,went,-6.03955078125,-3.3044815063476562,3
apples,cake,2.369140625,0.5556967258453369,3
aquatic,other,0.83203125,1.4481004476547241,3
arab,egyptian,0.0556640625,2.992154121398926,3
area,league,-1.716796875,1.545878529548645,3
armies,battles,-4.1826171875,0.8795347213745117,3
around,around,0.0,-0.03128553926944733,3
arrivals,departures,5.936285495758057,-0.5221163034439087,3
arrogant,hurtful,-1.52978515625,0.916598916053772,3
arrogant,lying,-0.59246826171875,-0.5553786754608154,3
arrogant,opinionated,1.017578125,3.193513870239258,3
arrogant,quarrelsome,0.06494140625,0.320357084274292,3
arrows,bow,-10.3837890625,-2.1503939628601074,3
arrows,chimales,8.483917236328125,1.6065057516098022,3
artists,cartoonists,-8.331298828125,2.1675448417663574,3
artists,intellectuals,-0.6735000610351562,1.675751805305481,3
artists,things,4.40625,2.4246768951416016,3
artists,writers,-1.85489821434021,0.9493991136550903,3
ask,call,-10.0869140625,-0.773851752281189,3
assassins,conspirators,1.9960746765136719,-1.0700913667678833,3
assassins,cutthroats,-7.506690979003906,-2.913939952850342,3
assets,cash,-4.7666015625,-2.1798696517944336,3
assets,exports,-1.281646728515625,0.3745378851890564,3
atheistic,materialistic,-7.0927734375,0.29541391134262085,3
attentive,ready,7.358615875244141,-2.803821563720703,3
audience,critics,0.044921875,2.415339946746826,3
babbled,babbled,0.0,-0.03128553926944733,3
babied,petted,1.045166015625,0.4297358989715576,3
babysit,come,-6.170961380004883,-3.668428421020508,3
backed,backed,0.0,-0.03128553926944733,3
backed,pranced,-7.7119140625,-0.18818166851997375,3
backward,sideways,0.16015625,-0.477548748254776,3
balloon,boy,2.5390625,-1.5305136442184448,3
barked,barked,0.0,-0.03128553926944733,3
barleycorns,roots,5.4423828125,-0.8518381118774414,3
baskets,parcels,-3.139110565185547,1.0883784294128418,3
battles,disputes,1.2392994165420532,0.2690589427947998,3
battleships,cruisers,4.451742172241211,-0.40547075867652893,3
beating,beating,0.0,-0.03128553926944733,3
beggars,churches,1.30804443359375,-4.909939765930176,3
belief,sentiment,4.984130859375,2.2706971168518066,3
belief,thought,-8.443359375,-0.25274309515953064,3
belief,unbelief,5.952173233032227,0.6852391362190247,3
berrid,dead,-4.38671875,-2.872982978820801,3
bewildering,many,1.90283203125,-1.6731566190719604,3
black,black,0.0,-0.03128553926944733,3
black,cold,0.373046875,-1.9700671434402466,3
black,dismal,8.30859375,5.253227233886719,3
black,gay,8.20263671875,0.708530604839325,3
black,shiny,4.270263671875,3.1571130752563477,3
blatant,officious,-0.34627532958984375,2.228638172149658,3
bliss,suffering,4.4990234375,-1.5914415121078491,3
blows,blows,0.0,-0.03128553926944733,3
board,keel,-1.5009765625,-1.5313798189163208,3
boars,deer,-5.7666015625,-1.7244054079055786,3
boars,oxen,-0.7039031982421875,-2.367478370666504,3
bonnets,dresses,-5.599956512451172,-0.6080747246742249,3
boots,clothing,-2.046875,1.932106852531433,3
boots,coats,-6.83642578125,1.8491249084472656,3
bow,slide,-0.9619140625,3.038540840148926,3
bowery,lofty,2.172558307647705,0.7998058795928955,3
boxed,wrestled,-4.967886924743652,-0.1947372704744339,3
bravery,cowardice,10.013885498046875,0.9336169958114624,3
bravery,enterprise,10.612342834472656,0.022173941135406494,3
breakfast,lunch,4.0234375,1.1207367181777954,3
breakfast,supper,1.4501953125,-0.027771949768066406,3
bribing,sleeping,1.5703125,0.7312003374099731,3
build,come,-7.8544921875,-4.907422065734863,3
burn,split,0.80078125,1.5936943292617798,3
cake,fruit,-4.74560546875,-0.7133446335792542,3
cake,jelly,4.69140625,-0.0810743123292923,3
call,call,0.0,-0.03128553926944733,3
call,come,-1.2890625,-2.596311092376709,3
camera,puzzle,-0.416015625,-0.2367447316646576,3
carry,cash,-2.75,-1.0985380411148071,3
cash,time,-3.35943603515625,-3.7294325828552246,3
casseroles,things,6.7674560546875,0.6208673119544983,3
charitable,grand,-3.367995262145996,-0.4416242241859436,3
cheat,steal,5.370669364929199,2.5724101066589355,3
churches,minsters,-2.2578125,2.8554258346557617,3
churches,monasteries,-0.986328125,4.752253532409668,3
cinematic,classical,-1.8909454345703125,0.5957503318786621,3
circumstances,fate,-6.95703125,-1.760326862335205,3
circumstances,time,-3.37890625,-3.1664986610412598,3
civilian,other,10.889984130859375,0.9016150236129761,3
clairvoyance,mesmerism,-12.769287109375,-1.5506768226623535,3
classical,quantum,4.210262298583984,0.6216279864311218,3
clergy,nobility,-4.9609375,0.6949156522750854,3
closer,closer,0.0,-0.03128553926944733,3
closer,longer,-7.693359375,-0.14734011888504028,3
closer,warmer,7.820709228515625,2.5958914756774902,3
clubs,societies,-4.2390289306640625,1.6687263250350952,3
clubs,things,3.746337890625,1.8416835069656372,3
coats,dresses,-4.7972412109375,0.5076689720153809,3
coats,scarves,2.048828125,0.242184579372406,3
cold,cramp,8.36083984375,0.5804840326309204,3
cold,dead,3.18359375,2.0772042274475098,3
cold,dire,1.640625,3.536065101623535,3
cold,intellectual,2.9552001953125,1.9988795518875122,3
cold,lifeless,6.749259948730469,4.794307708740234,3
cold,rain,0.953125,0.4218098521232605,3
cold,rainy,7.834228515625,3.274052619934082,3
cold,silent,-1.601806640625,2.3966312408447266,3
cold,snow,1.2880859375,-0.6035470962524414,3
cold,snowing,-0.081787109375,2.1293578147888184,3
cold,steady,2.8828125,3.3070883750915527,3
cold,stiff,5.875,0.3403393030166626,3
cold,undemonstrative,2.25390625,4.904130458831787,3
cold,useless,-0.15625,6.054584980010986,3
collectivism,individualism,0.354736328125,-0.7092123031616211,3
college,private,-2.599609375,2.484661102294922,3
college,pro,6.2890625,-0.3799199163913727,3
colleges,things,9.183053970336914,3.5879478454589844,3
coloring,drawing,-1.361328125,1.7992414236068726,3
come,come,0.0,-0.03128553926944733,3
come,dine,10.77197265625,1.5358716249465942,3
come,hurry,-3.279296875,1.152727723121643,3
come,take,8.07421875,8.349050521850586,3
come,watch,7.486328125,4.577295780181885,3
come,went,1.00390625,1.122132658958435,3
commitment,love,-6.30169677734375,-4.949710845947266,3
committing,disciplining,5.540584564208984,-0.4593992531299591,3
communication,trade,2.02294921875,-2.296450614929199,3
companies,regiments,5.6181640625,2.20927095413208,3
conducting,finish,-1.73828125,-2.0264344215393066,3
congressional,public,1.037109375,-3.0639286041259766,3
consent,order,-2.41796875,-1.9600282907485962,3
constrained,mysterious,2.1760520935058594,-0.4457092881202698,3
constrained,silent,1.658421516418457,-4.327437400817871,3
cookie,napkin,2.524322509765625,0.40639984607696533,3
cooking,pottery,3.74853515625,0.5810107588768005,3
cooking,residential,3.69610595703125,2.593371868133545,3
coronation,inauguration,0.6240310668945312,0.7792307138442993,3
courteous,friendly,-0.5507850646972656,0.9953256845474243,3
cowardice,meanness,-1.8806838989257812,0.34340715408325195,3
cowardly,slurring,7.495429992675781,1.9825776815414429,3
crew,passengers,-9.576171875,-1.9542597532272339,3
critics,curators,-2.06640625,-1.9908294677734375,3
critics,public,12.604965209960938,0.2524242401123047,3
croaks,pneumonia,-19.879194259643555,-0.32917314767837524,3
crowded,noisy,6.405661582946777,-1.6757246255874634,3
crypts,muslins,-2.4034423828125,-0.11786796152591705,3
cunning,different,0.3837890625,-1.0781962871551514,3
cunning,ready,3.888671875,2.587307929992676,3
cunning,unscrupulous,6.524428367614746,2.8655343055725098,3
currencies,problems,-2.576171875,0.06353428959846497,3
curses,howls,-6.013671875,-2.924516201019287,3
curses,threats,-1.2496490478515625,0.4233630895614624,3
daintiness,softness,2.41796875,-2.1713528633117676,3
dallied,dallied,0.0,-0.03128553926944733,3
dampish,lonesome,-3.4070162773132324,0.27857476472854614,3
dates,eras,2.107421875,4.09922456741333,3
dates,numbers,-0.19482421875,-1.0401127338409424,3
dates,things,8.5439453125,0.9231435060501099,3
dates,time,-2.318603515625,-3.5653905868530273,3
daycare,experiences,12.8907470703125,1.971479058265686,3
dead,decaying,1.705078125,1.6828861236572266,3
dead,stiff,-2.2789306640625,-2.7384657859802246,3
dead,useless,8.072265625,3.249795913696289,3
deed,thought,-5.8466796875,1.1648749113082886,3
delightfully,truthfully,5.364906311035156,0.5555862188339233,3
delivery,style,0.146484375,1.128959059715271,3
desire,hope,-0.552734375,-1.4639924764633179,3
desire,love,-0.26171875,-0.4168468415737152,3
diesel,gasoline,-1.38348388671875,-1.0247247219085693,3
different,imaginative,7.542938232421875,2.530451774597168,3
dimmer,dimmer,0.0,-0.03128553926944733,3
diplomatic,trade,-10.336662292480469,-3.327016830444336,3
dirtier,dirtier,0.0,-0.03128553926944733,3
discomfort,stress,-1.7653121948242188,-2.37416934967041,3
discontentedly,idly,-4.53326416015625,-1.2131248712539673,3
discotheques,things,8.15283203125,1.2063428163528442,3
disease,fasting,2.25323486328125,2.975890636444092,3
disease,stress,7.4190673828125,1.461096167564392,3
disease,suffering,0.259765625,2.3102169036865234,3
disease,wars,-4.865234375,0.9897351264953613,3
dishes,pots,2.4140625,0.996272087097168,3
displaced,uprooted,6.604106903076172,-2.1786465644836426,3
disturbances,wars,-2.26318359375,-0.4739428162574768,3
dodge,kick,-6.345703125,1.8421944379806519,3
dotingly,fondly,-4.924720764160156,0.09160536527633667,3
dresses,hose,4.028076171875,0.18391618132591248,3
drier,warmer,-0.15625,0.8174049854278564,3
drowsier,drowsier,0.0,-0.03128553926944733,3
drunk,drunk,0.0,-0.03128553926944733,3
drunk,loaded,1.26556396484375,-0.4103313088417053,3
drunk,merry,-1.107421875,-2.513352870941162,3
duties,pleasures,7.095941543579102,-0.19810038805007935,3
duties,quotas,-3.2484569549560547,1.6483120918273926,3
duties,tariffs,-5.733512878417969,-2.2539420127868652,3
duty,family,2.828125,-2.8467698097229004,3
duty,inclination,0.90972900390625,3.5422520637512207,3
duty,love,-6.3476104736328125,-0.36701422929763794,3
eagerly,quickly,-1.337890625,0.3111577332019806,3
earth,sods,-2.16796875,0.32138535380363464,3
edibles,fruit,-2.642353057861328,-2.8741230964660645,3
ejaculation,orgasm,0.64178466796875,-0.5970330238342285,3
elaborate,gay,-0.7378346920013428,-3.7415552139282227,3
elegancies,luxuries,1.1473383903503418,-0.32589423656463623,3
embarrassing,inconvenient,-3.481689453125,-2.602863311767578,3
emergencies,wars,-2.0169906616210938,-0.24333715438842773,3
employment,income,1.0506591796875,-1.4000718593597412,3
employment,industrial,3.4346923828125,-1.8644250631332397,3
enthusiastically,quickly,5.977739334106445,-1.4569003582000732,3
evenly,quickly,1.11810302734375,1.1125880479812622,3
evidently,slowly,-13.8603515625,-4.581699848175049,3
execrable,unclean,1.0706796646118164,-0.7580076456069946,3
executions,trials,-1.673828125,0.9234616756439209,3
explorer,martyr,-4.57330322265625,-0.5434204339981079,3
extended,reworked,-1.74855375289917,0.7116537094116211,3
extreme,rapid,0.5478515625,2.4570746421813965,3
faded,shabby,9.6015625,-0.055269137024879456,3
family,inheritance,1.3404541015625,3.3947019577026367,3
family,love,-4.819580078125,0.48974257707595825,3
family,tribal,2.5302734375,2.6653847694396973,3
farmers,ranchers,-1.145320177078247,-0.1730334758758545,3
fat,protein,3.5767822265625,3.985685348510742,3
fatal,mysterious,-1.3696708679199219,-0.36303460597991943,3
fatal,sinister,0.04833984375,0.850330650806427,3
feminine,masculine,-1.110687255859375,0.32163089513778687,3
fertility,love,-2.409618377685547,-2.8730502128601074,3
fiercer,other,-4.8720703125,2.7666220664978027,3
finish,start,-7.36328125,-2.6527419090270996,3
finished,released,1.0015869140625,0.40185725688934326,3
first,goal,2.8828125,5.817416191101074,3
first,ground,-1.53515625,4.046107769012451,3
first,largest,2.72265625,1.6693271398544312,3
first,notable,6.0009765625,2.159939765930176,3
first,original,-2.896484375,2.0666403770446777,3
first,second,5.166015625,-0.6480745077133179,3
first,sixth,0.69921875,-0.3082711398601532,3
fixed,known,1.6904296875,-0.8102078437805176,3
fixed,running,3.0703125,1.8192486763000488,3
fixed,steady,0.822265625,-0.3779890835285187,3
fixed,variable,-1.5210113525390625,2.167186737060547,3
flemish,german,-9.27492904663086,-1.3377469778060913,3
flips,things,4.69140625,1.9241403341293335,3
flooded,lifeless,8.1068115234375,-0.06282054632902145,3
foam,paper,-0.197509765625,0.41575556993484497,3
fondly,foolishly,7.100772857666016,0.34178411960601807,3
foolishness,inaccuracy,5.360298156738281,3.0136022567749023,3
footsteps,voices,-3.15777587890625,-1.4056364297866821,3
footsteps,whistling,-2.782684326171875,0.96979820728302,3
formulae,things,-0.984375,-0.8626129031181335,3
fossils,lithologies,0.062744140625,2.4366841316223145,3
fossils,minerals,5.609894275665283,1.4461692571640015,3
fours,threes,5.459716796875,4.500343322753906,3
friendly,frolicsome,2.65753173828125,2.3981423377990723,3
friendly,sympathetic,0.29842376708984375,2.8560352325439453,3
frolicsome,gay,0.54058837890625,0.7345839142799377,3
fruit,sherbets,-0.939208984375,2.028897762298584,3
fruit,suet,3.2958984375,0.6187211871147156,3
further,further,0.0,-0.03128553926944733,3
fussing,grizzling,6.0637006759643555,0.3091348111629486,3
gasoline,time,-4.236330032348633,-2.8908472061157227,3
gasps,sundry,-1.946533203125,4.231560707092285,3
gay,merry,-6.564453125,0.6127282381057739,3
gay,useless,1.61328125,2.7906155586242676,3
gayer,gayer,0.0,-0.03128553926944733,3
given,taken,1.9375,0.6355712413787842,3
gladly,quickly,3.5673828125,-0.5344024300575256,3
glands,vessels,-2.449981689453125,-0.7705498933792114,3
golder,phillipson,-0.28741455078125,2.9094176292419434,3
goodness,love,-5.060546875,-0.8784949779510498,3
goodness,sincerity,1.1076099872589111,3.959064483642578,3
gracious,ready,0.015625,2.6038570404052734,3
grand,lofty,6.5048828125,1.3660699129104614,3
grand,useful,-0.34765625,1.807335376739502,3
grandest,happiest,4.572725296020508,1.1654912233352661,3
grimaces,speaks,-6.918212890625,2.045468807220459,3
haltingly,slowly,-4.9521484375,1.334553599357605,3
handbags,jewelry,4.725067138671875,3.050903797149658,3
hands,heels,2.77685546875,3.781615734100342,3
hanged,quartered,11.465621948242188,0.044678255915641785,3
hanged,taken,2.939311981201172,0.9995125532150269,3
hardware,software,-3.5641088485717773,-0.2006920576095581,3
hasty,indifferent,3.8018991947174072,-0.05368687957525253,3
heavier,heavier,0.0,-0.03128553926944733,3
heavier,longer,1.7266044616699219,-0.24929681420326233,3
heavier,second,-3.52838134765625,1.5085233449935913,3
hibernation,reproduction,3.4810791015625,0.9176363945007324,3
hissed,sputtered,-3.164306640625,0.2714468836784363,3
homesick,lonesome,-3.703555107116699,-0.13541357219219208,3
honey,succotash,6.8984375,0.426228404045105,3
honorable,useful,-1.3076171875,-1.434370994567871,3
hope,love,-0.328125,-1.9938175678253174,3
hope,pride,-3.58984375,1.4792336225509644,3
hope,watch,-1.576171875,-0.07394220679998398,3
horses,oxen,5.813453674316406,1.0967576503753662,3
horses,riders,1.974609375,2.199787139892578,3
horses,sheep,-0.466796875,-0.2139371931552887,3
horses,waggons,6.251220703125,3.334129810333252,3
human,saurian,2.154296875,4.230205059051514,3
hurry,preparation,3.6982421875,1.7398700714111328,3
husband,husband,0.0,-0.03128553926944733,3
ideas,oratory,13.97265625,0.660082995891571,3
ideas,things,-2.8388671875,1.9796735048294067,3
improper,odors,-11.505859375,-3.6706395149230957,3
inclination,time,-6.52490234375,-6.37520694732666,3
incredulously,slowly,0.5196533203125,-4.118865489959717,3
indifferently,lazily,1.2602993249893188,0.362754762172699,3
individually,slowly,-0.9951171875,-2.93272066116333,3
industrial,port,5.516829490661621,0.2527063488960266,3
industrial,residential,-2.2199137210845947,1.5486811399459839,3
industrial,sectional,-0.12762415409088135,0.92835533618927,3
industrial,tourist,2.1426830291748047,-1.6768392324447632,3
industrial,trade,-7.207612991333008,-0.03997030854225159,3
ingredients,sauces,-2.9134960174560547,0.5397346615791321,3
ingredients,time,-4.4853515625,-3.8093438148498535,3
inscrutable,silent,-7.085979461669922,-4.824190616607666,3
intense,laborious,-1.215972900390625,2.1374125480651855,3
intense,passionate,0.3552131652832031,1.176568627357483,3
intense,thrilling,6.662109375,1.2281335592269897,3
invisible,silent,-1.1364649534225464,-4.501773834228516,3
island,town,-0.587890625,-1.3568369150161743,3
islands,jungles,9.96771240234375,2.50252103805542,3
joys,tears,-1.02734375,-2.8168835639953613,3
kick,plunge,2.9420166015625,2.1331920623779297,3
kindergarten,kindergarten,0.0,-0.03128553926944733,3
lame,stiff,-3.650390625,-1.006516933441162,3
lame,useless,3.685546875,1.4181084632873535,3
languages,learning,1.19921875,3.0678863525390625,3
languages,scriptures,-2.775390625,3.2015275955200195,3
largest,newest,-2.55712890625,-1.1774271726608276,3
law,order,9.0,2.286268711090088,3
learning,love,-4.333984375,-1.1660765409469604,3
legend,story,-1.216796875,0.569686233997345,3
legislation,trade,-3.0709228515625,-2.326176643371582,3
less,less,0.0,-0.03128553926944733,3
loaded,ready,-0.503265380859375,-0.9035067558288574,3
lofty,splendid,-2.963134765625,-0.7714512348175049,3
longer,longer,0.0,-0.03128553926944733,3
looking,looking,0.0,-0.03128553926944733,3
love,pride,1.09375,3.1358776092529297,3
love,sincerity,-2.281104326248169,6.484950542449951,3
love,sympathy,0.6692276000976562,3.011974334716797,3
love,tears,-5.015625,-1.6030761003494263,3
lumpier,lumpier,0.0,-0.03128553926944733,3
lustily,together,-7.666748046875,-1.8527228832244873,3
mail,passengers,-0.7548828125,0.20771557092666626,3
manufacturing,trade,1.79296875,0.3464887738227844,3
many,many,0.0,-0.03128553926944733,3
merry,thriving,-2.546875,3.546135902404785,3
minerals,protein,-0.8486623764038086,0.6395114660263062,3
miscellaneous,sundry,-6.149658203125,2.394808292388916,3
moans,pants,2.3740234375,-0.007767349481582642,3
moans,tears,-1.59375,-0.6901150941848755,3
motor,perceptional,-1.79296875,-0.6278831362724304,3
mudpuppies,olms,-1.15869140625,-1.4423413276672363,3
mysterious,obsessive,2.1353111267089844,1.5297759771347046,3
nets,nets,0.0,-0.03128553926944733,3
nets,rubbish,6.98046875,-2.0780649185180664,3
numbers,numbers,0.0,-0.03128553926944733,3
numbers,symbols,0.46306753158569336,1.4044355154037476,3
nursing,residential,-8.04416275024414,1.7488290071487427,3
oaths,threats,2.6552734375,4.086560249328613,3
observant,steady,-11.17578125,-2.401705741882324,3
occidental,suggestion,0.390625,1.5957014560699463,3
online,ready,6.01953125,1.8261038064956665,3
opportunities,threats,2.032562255859375,-0.7907145023345947,3
oppressions,wars,-4.0,-1.713065505027771,3
original,shocking,5.00439453125,-0.23052120208740234,3
original,simultaneous,5.375378131866455,1.6689430475234985,3
overwork,pneumonia,7.695245742797852,-0.9887136220932007,3
overwork,underfeeding,-6.451171875,0.8380559682846069,3
oxen,sheep,-4.0861053466796875,-2.0489418506622314,3
packages,parcels,1.118531584739685,0.9599429368972778,3
packages,suitcases,1.7686080932617188,0.7759522199630737,3
pages,pages,0.0,-0.03128553926944733,3
pants,shirts,-1.713623046875,0.4034995436668396,3
pants,vocalizes,-4.3204345703125,3.593977928161621,3
paper,points,16.1748046875,5.996737480163574,3
paper,pulp,-0.24365234375,4.935625076293945,3
paper,puzzle,-0.10009765625,1.060311198234558,3
paper,rubbish,3.076171875,-1.1065783500671387,3
paper,things,10.80078125,2.946415424346924,3
parish,public,-0.599609375,0.1910632848739624,3
peas,strawberries,-1.3533935546875,-0.8241622447967529,3
peeping,spying,-1.650390625,1.8057314157485962,3
perilous,uncertain,0.6129150390625,1.0065242052078247,3
persecution,suffering,-2.5301895141601562,-1.5869008302688599,3
persevering,plodding,0.28595972061157227,-1.2502895593643188,3
persons,things,1.30078125,3.3947091102600098,3
picture,story,-2.90625,2.386965751647949,3
piles,piles,0.0,-0.03128553926944733,3
poorer,poorer,0.0,-0.03128553926944733,3
pots,pots,0.0,-0.03128553926944733,3
pottery,statues,-0.75341796875,2.0673441886901855,3
powder,rifles,-1.495513916015625,4.443925380706787,3
prayed,prayed,0.0,-0.03128553926944733,3
preparation,study,-1.656982421875,-1.472594141960144,3
preparation,thought,-3.3681640625,-2.4166383743286133,3
pretend,pretend,0.0,-0.03128553926944733,3
pride,prime,-6.15234375,3.2469701766967773,3
pride,risk,-8.7265625,1.1448256969451904,3
pride,vanity,0.64739990234375,0.33015307784080505,3
private,public,-3.8310546875,0.13656863570213318,3
private,retail,-5.46728515625,1.4118503332138062,3
private,state,-4.353515625,-0.16681385040283203,3
private,tribal,-1.29296875,2.8953280448913574,3
problems,valium,-1.390625,-0.23637202382087708,3
problems,worries,2.38623046875,-0.5764667391777039,3
public,state,-1.876953125,0.6487290859222412,3
public,wooden,-0.599609375,-1.9392762184143066,3
put,take,6.154296875,0.10220804810523987,3
put,went,-7.302734375,-3.344322681427002,3
quality,quantity,-3.290283203125,-0.23244045674800873,3
quicker,quicker,0.0,-0.03128553926944733,3
quickly,sharply,-2.091554880142212,-0.29068678617477417,3
quickly,slowly,-1.3828125,-1.1489914655685425,3
quickly,wisely,4.801300048828125,0.18165871500968933,3
quotas,tariffs,-1.97821044921875,-2.9029788970947266,3
rain,snow,4.107421875,-1.0888676643371582,3
rain,tears,-1.9609375,2.02170991897583,3
rallies,talks,-2.109189987182617,0.18241992592811584,3
ran,ran,0.0,-0.03128553926944733,3
ready,silent,-0.830078125,-1.7901251316070557,3
ready,steady,-4.3125,-2.2532434463500977,3
ready,willing,-1.15625,0.9191555976867676,3
really,really,0.0,-0.03128553926944733,3
really,truthfully,8.828125,0.6866781711578369,3
rebellions,wars,6.35284423828125,-2.1763787269592285,3
rebo,things,-10.2236328125,-3.377030372619629,3
rented,went,-0.79345703125,-2.5412416458129883,3
repossessions,restrictions,-3.438692092895508,1.3639150857925415,3
residential,retail,1.13385009765625,-0.9020439982414246,3
respectful,sympathetic,3.0453176498413086,2.3554792404174805,3
rested,visited,5.018852233886719,0.7756379246711731,3
retail,trade,-2.896026611328125,-1.5529208183288574,3
returned,taken,-4.13671875,2.354099750518799,3
rifles,shotguns,1.6120643615722656,-0.2906152009963989,3
risk,uncertainty,-0.4075927734375,0.6490042209625244,3
roadways,sidewalks,7.4296875,0.08823761343955994,3
romp,roughhouse,9.114990234375,2.0387649536132812,3
ruined,uninhabited,3.6708755493164062,0.4013904929161072,3
rung,rung,0.0,-0.03128553926944733,3
running,running,0.0,-0.03128553926944733,3
running,stress,1.680908203125,0.8893033266067505,3
salted,smoked,-2.987332344055176,-3.1591787338256836,3
satellites,spacecraft,-0.26934814453125,0.5785205364227295,3
scarcer,scarcer,0.0,-0.03128553926944733,3
scarves,turtlenecks,1.811309814453125,1.650006890296936,3
schema,subschema,5.501953125,0.25100940465927124,3
searchingly,slowly,-4.498779296875,-2.1383543014526367,3
serials,series,-0.8359375,0.0012692511081695557,3
series,shows,-4.783203125,0.3674653172492981,3
share,share,0.0,-0.03128553926944733,3
shoplifting,things,-2.93353271484375,-3.482499599456787,3
shows,things,7.2177734375,2.798649787902832,3
shudder,tremble,7.88153076171875,0.7976493835449219,3
silent,stiff,1.328125,-1.7787340879440308,3
silent,tearful,6.66162109375,1.5796946287155151,3
sincere,thorough,-2.1716156005859375,-0.5497919917106628,3
skinnier,skinnier,0.0,-0.03128553926944733,3
skis,things,7.0830078125,2.5429434776306152,3
sleeping,sleeping,0.0,-0.03128553926944733,3
slowly,unconsciously,9.893952369689941,4.461935520172119,3
slows,tires,-0.3756103515625,0.43496447801589966,3
somehow,somewhere,0.640625,0.5882803201675415,3
sophistication,style,-0.772216796875,-2.510767936706543,3
speaks,turns,1.48828125,-2.1947221755981445,3
sponsor,witness,4.483482360839844,0.05166928470134735,3
springs,tension,0.850341796875,1.82783842086792,3
stalkier,stalkier,0.0,-0.03128553926944733,3
stamps,turns,-0.42431640625,-3.3901844024658203,3
start,tremble,2.776577949523926,0.7491621971130371,3
statues,things,-1.95556640625,1.2474970817565918,3
steady,stiff,-6.7109375,-2.2642669677734375,3
stiller,stiller,0.0,-0.03128553926944733,3
stress,tension,-7.92529296875,0.7750535607337952,3
study,thought,2.18359375,-0.6736356616020203,3
subtle,wondrous,-6.887313365936279,0.6165515184402466,3
suffering,time,-6.26171875,-2.5989575386047363,3
surrounded,taken,5.37109375,-0.3213650584220886,3
suspense,uncertainty,7.41680908203125,1.3968876600265503,3
sweeps,talks,-3.955078125,0.06119431555271149,3
talkative,thoughtless,0.007659912109375,-4.658422946929932,3
talks,talks,0.0,-0.03128553926944733,3
talks,turns,-5.12109375,-1.0264800786972046,3
tap,tap,0.0,-0.03128553926944733,3
territory,trade,2.939453125,-0.048366695642471313,3
things,things,0.0,-0.03128553926944733,3
things,tires,-0.0703125,0.16662698984146118,3
thought,thought,0.0,-0.03128553926944733,3
thought,time,-7.33203125,-2.868256092071533,3
time,time,0.0,-0.03128553926944733,3
time,ways,-2.775390625,0.30883848667144775,3
useful,willing,0.072265625,-0.582278311252594,3
vanquished,victor,-6.53643798828125,3.023282527923584,3
vanquished,victors,-9.2333984375,-0.28808099031448364,3
voices,whistling,-1.020263671875,0.1925899088382721,3
warmer,warmer,0.0,-0.03128553926944733,3
watch,watch,0.0,-0.03128553926944733,3
weaker,weaker,0.0,-0.03128553926944733,3
went,went,0.0,-0.03128553926944733,3
wilder,wilder,0.0,-0.03128553926944733,3
absence,substitution,6.855255126953125,0.5213637351989746,4
absorbing,long,-8.54736328125,-5.979217529296875,4
acceleration,velocity,5.167918682098389,2.2288410663604736,4
acquisition,opening,1.18994140625,-1.0733050107955933,4
act,looks,-9.67578125,-1.9303252696990967,4
act,snort,-4.06640625,0.17849966883659363,4
admission,listing,0.36419677734375,-0.1269620954990387,4
advantage,profit,-4.195343017578125,1.7438321113586426,4
agencies,officers,0.5315589904785156,-2.1872808933258057,4
alasia,gabrielle,2.01318359375,1.408990740776062,4
alms,largesse,7.809653282165527,3.3205063343048096,4
amazement,inquiry,-0.3590317964553833,1.4156688451766968,4
american,canadian,4.615234375,1.0809491872787476,4
american,confederate,7.272695541381836,0.28474488854408264,4
american,foreign,7.5,-0.10279771685600281,4
american,french,1.3623046875,-0.3206077814102173,4
american,irish,-3.0361328125,0.4331865608692169,4
anemone,roses,-18.221298217773438,-5.603940963745117,4
angle,distance,-8.17431640625,-1.791833519935608,4
angrily,loudly,-2.8851895332336426,-1.280227780342102,4
answered,considered,2.5859375,3.332361936569214,4
anxiously,long,-7.922416687011719,-5.524348258972168,4
apparel,implements,1.0465993881225586,1.6243005990982056,4
apparel,money,-5.9423828125,-2.894193172454834,4
appetizing,nourishing,2.5343265533447266,-1.466036081314087,4
architecture,ceremonies,-2.02402925491333,-0.32679396867752075,4
architecture,skyscrapers,2.2874183654785156,-1.2669306993484497,4
architecture,workmanship,5.684070587158203,2.627819538116455,4
architecture,works,-0.73583984375,-0.7529819011688232,4
arduously,long,-9.8623046875,-5.18850040435791,4
artistic,general,2.64013671875,0.42142942547798157,4
artistic,international,-1.954071044921875,0.5531315207481384,4
artistic,social,4.9466552734375,0.5382239818572998,4
artistic,technical,0.954864501953125,-0.8682143688201904,4
ashamed,enraged,3.60406494140625,1.0617561340332031,4
ashamed,white,1.26953125,-3.632721185684204,4
asking,asking,0.0,0.05260046198964119,4
atmospheric,solar,-3.6933860778808594,-0.9069952964782715,4
authority,caution,0.06583023071289062,0.48774483799934387,4
authority,responsibility,0.7578125,0.04672577977180481,4
back,back,0.0,0.05260046198964119,4
back,electrical,-5.8935546875,1.761273741722107,4
back,everyth,10.0625,4.367500305175781,4
back,open,-1.49609375,1.1219624280929565,4
back,out,-2.03515625,1.3585487604141235,4
back,upper,-8.203125,2.8724565505981445,4
back,work,4.03125,2.7623398303985596,4
backup,medical,-0.48046875,-3.6375763416290283,4
bamboo,rice,-1.6583251953125,-2.6455209255218506,4
banana,lavender,4.68658447265625,0.278933048248291,4
banana,rice,-0.015625,-0.23095646500587463,4
barracks,warehouses,2.888406991958618,0.9048047065734863,4
bass,piano,-2.9296875,-0.07394620776176453,4
battle,host,1.076171875,2.7208027839660645,4
battle,work,-4.794921875,-0.21157044172286987,4
beaten,bruised,-1.019989013671875,-1.2139286994934082,4
beaten,dispersed,-1.7505598068237305,0.36328211426734924,4
beaten,stabbed,-0.2186279296875,0.09406070411205292,4
bedevilment,confusion,1.5066986083984375,-1.526390552520752,4
bees,beetles,1.5376319885253906,0.7317556142807007,4
bees,lindens,5.8505859375,3.0597898960113525,4
beetles,rats,2.83270263671875,-1.2665294408798218,4
behavior,habitats,6.526712894439697,2.279836416244507,4
behavior,neurogenesis,4.162506103515625,-0.6486603021621704,4
behavior,size,-10.943586349487305,-5.134190559387207,4
behind,behind,0.0,0.05260046198964119,4
bellow,hook,-1.34765625,0.5965925455093384,4
beloved,dear,-7.367757797241211,-2.472429037094116,4
beloved,loving,-4.656744003295898,-2.867264747619629,4
bigger,bigger,0.0,0.05260046198964119,4
bigger,faster,-6.16796875,1.9281282424926758,4
bigger,newer,2.056640625,0.9946489334106445,4
bigger,prettier,6.4190673828125,3.7984652519226074,4
bison,cattle,1.5546875,-3.8711206912994385,4
bison,hybrids,-11.6513671875,-1.844685673713684,4
bleeding,bruised,-1.05377197265625,-1.920420527458191,4
blessed,dear,-0.5816650390625,-4.398576736450195,4
block,ring,1.490966796875,2.7874419689178467,4
blow,blow,0.0,0.05260046198964119,4
blow,bluster,-1.8223876953125,2.0178651809692383,4
blow,howl,0.2724609375,4.390861511230469,4
blues,whites,-4.366312026977539,-0.13187479972839355,4
bolder,bolder,0.0,0.05260046198964119,4
bouncing,bumping,-1.151773452758789,-2.5305755138397217,4
bowl,drinks,7.755859375,5.151197910308838,4
breathe,surface,3.15234375,-0.6208525896072388,4
brethren,trust,-1.1380882263183594,-2.5543925762176514,4
brie,butter,2.94921875,-4.865876197814941,4
bright,cheerful,4.679412841796875,4.373012542724609,4
bright,fair,0.763671875,1.088221549987793,4
bright,glorious,2.608062744140625,5.584341526031494,4
bright,joyous,4.126328468322754,5.629934310913086,4
bright,keen,4.234375,2.4421443939208984,4
bright,peaceful,3.431732177734375,5.657958030700684,4
bright,pure,-0.76953125,1.4547016620635986,4
bright,smiling,0.2080078125,3.7412147521972656,4
bright,snapping,2.28173828125,3.2082436084747314,4
bright,still,11.01953125,4.296630859375,4
bright,white,-3.263671875,1.1680521965026855,4
brightness,size,-8.5068359375,-1.8113735914230347,4
brooches,goblets,-2.42034912109375,2.8524162769317627,4
browned,healthy,7.191162109375,3.471303701400757,4
bruised,jarred,3.165283203125,-0.12606891989707947,4
bucks,saws,-0.12109375,-1.3467578887939453,4
building,building,0.0,0.05260046198964119,4
building,development,-2.23046875,0.3844794034957886,4
buses,trams,7.9786376953125,2.0926449298858643,4
butter,experience,-1.447265625,3.7287957668304443,4
butter,jam,1.2763671875,0.6692111492156982,4
cakes,candies,2.54156494140625,-0.5559191703796387,4
cakes,doughnuts,4.777988433837891,1.412946105003357,4
cakes,pastries,3.9873046875,3.0171825885772705,4
camps,cottages,-3.2808837890625,-1.5784066915512085,4
canadian,french,2.54296875,0.16981783509254456,4
canadian,international,2.828125,-0.22526705265045166,4
careful,long,-2.32421875,-1.5504580736160278,4
catalogs,essays,6.523786544799805,0.9803792238235474,4
cattle,farms,-4.4653778076171875,3.4227097034454346,4
caution,delay,4.388844013214111,0.8200788497924805,4
caution,experience,-2.5274581909179688,-0.25299063324928284,4
caution,mystery,-4.527679443359375,-2.536247491836548,4
celebrity,related,6.912109375,0.7825047969818115,4
changeability,conformity,5.81982421875,0.9900994300842285,4
changed,changed,0.0,0.05260046198964119,4
charisma,money,1.00439453125,-3.351331949234009,4
cheerful,cozy,-2.36712646484375,-1.4649806022644043,4
cheerful,smiling,-0.3935546875,-2.6963226795196533,4
cheerful,surprised,-9.275838851928711,0.16937482357025146,4
chives,onion,-3.0322265625,2.054821491241455,4
choicer,prettier,-6.836544036865234,0.696183443069458,4
church,work,-5.96875,0.841618537902832,4
ciliates,radiolaria,-1.365966796875,-1.9250582456588745,4
clay,lead,3.158203125,1.3011975288391113,4
clay,logs,2.21630859375,1.3711987733840942,4
cleared,lined,0.98779296875,-1.4862477779388428,4
cliffs,gorges,0.72882080078125,1.564842939376831,4
cliffs,hillsides,-2.309102773666382,2.997948169708252,4
cliffs,riverbanks,5.134542465209961,4.199021339416504,4
clods,clumps,-5.622325897216797,0.2455129772424698,4
closing,opening,-6.5859375,-1.1193305253982544,4
collapsed,melted,7.805062770843506,3.3906805515289307,4
colors,forms,-0.4638671875,2.4631826877593994,4
colors,patterns,-0.051338911056518555,2.71596097946167,4
community,voluntary,-3.09161376953125,-0.05239468067884445,4
concerted,concurrent,-1.706451416015625,-1.7833828926086426,4
condemnation,sentence,0.780670166015625,-4.461694717407227,4
confusion,misinformation,3.4364089965820312,2.4991893768310547,4
confusion,panic,1.647491455078125,-0.5679672956466675,4
confusion,rumors,-4.1993408203125,0.8995410203933716,4
considered,rejected,1.63232421875,0.47953757643699646,4
considered,still,-7.75390625,-3.009143829345703,4
conspiracy,forgery,2.979736328125,-2.34926438331604,4
constant,loud,-12.212890625,-3.4217326641082764,4
constant,perishable,-10.7308349609375,2.4486663341522217,4
continental,french,-5.1630859375,-3.8625285625457764,4
copyrights,rights,-5.280082702636719,-1.530106782913208,4
corruption,cultism,-4.10833740234375,-1.3430544137954712,4
cottages,houses,-2.3237266540527344,-3.7974584102630615,4
country,kinship,-0.9372406005859375,1.9942073822021484,4
country,royalty,-6.447265625,0.4476100206375122,4
crackers,fudges,2.4603424072265625,2.490971565246582,4
crackers,jam,7.5283203125,-0.4836392104625702,4
cranes,warehouses,6.942960739135742,0.21699213981628418,4
creaks,squelches,1.7636513710021973,0.5361745357513428,4
criticize,denounce,3.945709228515625,-0.9926160573959351,4
cross,disagreeable,6.366106986999512,1.3288887739181519,4
cross,discontented,3.869060516357422,6.720146656036377,4
cross,fussy,-2.3466796875,1.4152066707611084,4
cross,unkind,5.349609375,3.8327009677886963,4
crowbars,picks,0.282958984375,-0.5940902233123779,4
curled,curled,0.0,0.05260046198964119,4
cytosine,thymine,6.297637939453125,1.5177056789398193,4
damp,keen,-1.865234375,-2.4028565883636475,4
damp,loathsome,7.34796142578125,0.630500078201294,4
damp,long,-1.8502197265625,-3.701904535293579,4
damp,thin,-2.08349609375,-2.811192035675049,4
damp,unwholesome,8.696533203125,0.3799741566181183,4
dance,music,-1.056640625,2.4037983417510986,4
daring,heroic,-8.30230712890625,-0.9995537996292114,4
daring,lateral,5.932609558105469,2.2921130657196045,4
daring,marvellous,4.0779876708984375,0.31940868496894836,4
daring,own,-6.833984375,0.48306238651275635,4
deafening,long,-5.776279449462891,-7.550000190734863,4
dear,long,-0.08984375,-1.2376095056533813,4
dear,loving,1.841796875,2.203130006790161,4
dear,thoughtful,9.25146484375,2.9904520511627197,4
decorations,flags,0.8942300081253052,-2.5862436294555664,4
decorations,jewels,-2.309396743774414,-1.2008434534072876,4
decorations,tints,-5.07421875,-2.148916006088257,4
delighted,flustered,-3.517291784286499,1.0036283731460571,4
delighted,smiling,-8.859375,-0.9703842401504517,4
delighted,surprised,-3.142578125,1.3634464740753174,4
denounce,preach,-7.217041015625,-0.794076681137085,4
detonators,fuses,3.078125,-1.9817057847976685,4
development,production,2.86328125,0.06793293356895447,4
development,testing,3.8423004150390625,1.8115407228469849,4
diagrams,illustrations,-5.699501037597656,0.06793293356895447,4
dimpled,white,-0.91015625,-4.146822929382324,4
dismally,long,3.9755859375,-7.099424362182617,4
distance,size,-7.91796875,-0.5192339420318604,4
distance,terrain,9.06396484375,1.1556168794631958,4
distinctly,loud,-13.756884574890137,-5.085022926330566,4
distinctly,loudly,-9.71312427520752,-1.3273407220840454,4
dizzy,nauseated,6.0501837730407715,1.571948766708374,4
drastic,long,-9.4853515625,-4.142062664031982,4
drinks,eats,-3.8359375,1.0531517267227173,4
drinks,laughs,0.642578125,-2.462425947189331,4
dropped,sunk,2.109375,-0.14874832332134247,4
ducks,pelicans,2.0634078979492188,3.0249741077423096,4
dull,long,-5.923828125,-2.533348321914673,4
dull,simple,-2.078125,1.8446382284164429,4
dull,spiritless,7.8515625,1.2458019256591797,4
dwellings,shops,-2.2563858032226562,-1.8946770429611206,4
dysentery,famine,-1.7361221313476562,2.183889627456665,4
ecological,molecular,2.745396137237549,0.8146297931671143,4
educated,scientific,-2.390380859375,-2.699615240097046,4
egotistical,unrefined,-10.35595703125,2.2070152759552,4
endangered,endemic,1.2711181640625,2.1930949687957764,4
endure,work,-2.759765625,-0.6178494691848755,4
energy,fire,0.57421875,-0.12384393811225891,4
energy,stamina,5.775146484375,1.403537392616272,4
energy,valour,1.0089111328125,3.3023273944854736,4
engineer,managerial,3.80029296875,3.000972032546997,4
entertainment,lodging,0.9727783203125,0.7287346124649048,4
entertainment,music,5.232421875,0.7281465530395508,4
entertainment,profit,1.99981689453125,0.37873905897140503,4
equality,freedom,0.000244140625,-0.37512993812561035,4
ermine,scarlet,3.908524513244629,0.837090253829956,4
evade,evade,0.0,0.05260046198964119,4
everyday,simple,-6.044921875,0.8257372379302979,4
exclusive,significant,-0.39720964431762695,0.6693801879882812,4
exits,returns,3.5853271484375,-0.3516494333744049,4
experience,observation,-2.502685546875,0.45854559540748596,4
experience,responsibility,-4.6490478515625,2.7338063716888428,4
experiments,observations,2.2005615234375,2.2824771404266357,4
fagged,flustered,-2.71213436126709,1.117647409439087,4
fair,frank,-0.8046875,1.4765925407409668,4
fair,legible,11.11083984375,3.3583056926727295,4
fair,peaceful,1.370880126953125,4.485569000244141,4
fair,prosperous,-3.1750612258911133,4.038837432861328,4
fair,pure,-1.66796875,-0.9107732772827148,4
fair,still,5.59130859375,2.9996261596679688,4
farms,houses,-5.43243408203125,-2.9807989597320557,4
faster,faster,0.0,0.05260046198964119,4
fatiguing,long,-4.396240234375,-6.6758341789245605,4
feverish,ill,3.6927490234375,-0.35205361247062683,4
fevers,malarias,3.154296875,-0.41738176345825195,4
film,film,0.0,0.05260046198964119,4
film,music,-3.482421875,1.7405378818511963,4
finches,larks,3.165771484375,-0.06084819138050079,4
fire,lead,3.4609375,3.7692954540252686,4
fire,load,-2.169921875,2.961416006088257,4
fire,tools,0.375,1.7026710510253906,4
fixedly,long,-5.177734375,-5.254668712615967,4
flags,music,6.3438720703125,2.331163167953491,4
flash,loud,2.2890625,-2.5011684894561768,4
fleecy,thin,-0.1558990478515625,-5.150777339935303,4
fleecy,white,-5.095458984375,-4.053678035736084,4
fly,fly,0.0,0.05260046198964119,4
foreign,international,0.828125,0.644622802734375,4
foreign,tanned,-3.3798828125,2.185567617416382,4
foreign,ukrainian,2.4926300048828125,3.0466086864471436,4
forgives,relents,-15.22021484375,2.1869754791259766,4
frank,independent,-11.2559814453125,-0.7113219499588013,4
frank,offensive,4.197265625,4.3539934158325195,4
frank,open,-3.720703125,2.628358840942383,4
freedoms,rights,-1.7457351684570312,0.38356664776802063,4
french,irish,1.2607421875,1.4509367942810059,4
french,music,6.921875,4.05040168762207,4
freshman,sophomore,-5.193556785583496,-0.3495446741580963,4
friend,playfellow,5.3248291015625,2.929380178451538,4
furs,implements,8.5994873046875,0.5342371463775635,4
fuss,squeal,5.81475830078125,3.196136713027954,4
fuss,stamp,7.005859375,1.3179354667663574,4
gaping,muttering,1.9573135375976562,0.6460168361663818,4
general,maddened,6.830078125,4.222059726715088,4
general,technical,-0.215087890625,-0.4659522473812103,4
generations,generations,0.0,0.05260046198964119,4
ghastly,long,-2.9213485717773438,-5.029311180114746,4
ghastly,unending,-1.0095787048339844,0.9231232404708862,4
godless,violent,10.705078125,0.6759706735610962,4
grandma,grandpa,7.196533203125,-0.02102617174386978,4
guerilla,independent,-5.6109619140625,-0.506777286529541,4
gutturally,loudly,-2.41015625,-0.8973958492279053,4
hammering,hammering,0.0,0.05260046198964119,4
hazelnut,raspberry,-1.666259765625,0.6845442056655884,4
healthy,long,4.564453125,-0.7818800210952759,4
healthy,obedient,1.2740478515625,4.250764846801758,4
healthy,open,7.7421875,0.14384528994560242,4
healthy,prosperous,3.8763644695281982,1.1041783094406128,4
healthy,pure,-5.937744140625,-0.9739753007888794,4
heart,joints,-0.11962890625,1.5286660194396973,4
heart,renal,-0.21826171875,2.614405393600464,4
heartfelt,traditional,-1.1259765625,-1.145774245262146,4
heartily,long,-6.1076812744140625,-2.3818821907043457,4
hearty,loud,-9.34912109375,-5.008918285369873,4
hearty,loving,0.5595703125,-0.206268310546875,4
hedonism,utilitarianism,-0.619232177734375,-1.044904112815857,4
helmsman,operator,5.747314453125,0.8457047939300537,4
hoot,howl,3.2556800842285156,-1.3577910661697388,4
hop,squeal,0.0217437744140625,0.8195410966873169,4
hopelessly,vaguely,-7.682785987854004,-0.02288246899843216,4
hops,jumps,-4.221776962280273,-0.058381810784339905,4
horns,strings,3.5207977294921875,0.6333470344543457,4
hoss,hoss,0.0,0.05260046198964119,4
houses,houses,0.0,0.05260046198964119,4
houses,shops,7.5537109375,0.9270567893981934,4
houses,stores,-1.0361328125,1.744957447052002,4
howl,howl,0.0,0.05260046198964119,4
husk,sawdust,1.6698799133300781,3.7837183475494385,4
ill,weary,-7.404296875,-0.06311126053333282,4
ill,white,-4.271484375,-2.3451178073883057,4
implements,tools,-0.4153604507446289,-3.1398136615753174,4
incongruity,likeness,1.966501235961914,2.1069977283477783,4
independent,savage,-4.44140625,-0.19541525840759277,4
independent,sovereign,2.533935546875,0.6196726560592651,4
independent,wealthy,2.627408981323242,1.356766700744629,4
indoors,out,2.877185821533203,-1.598115086555481,4
infallible,sovereign,-8.824665069580078,1.726866602897644,4
innovation,technology,-0.0727454423904419,-1.8479474782943726,4
inquiring,thoughtful,-6.672119140625,-3.9800069332122803,4
inquiry,observation,2.38981294631958,0.08969481289386749,4
insulting,violent,1.289459228515625,-5.1776933670043945,4
intricate,long,-0.643280029296875,-7.794743537902832,4
involuntary,voluntary,-0.1470947265625,0.36917784810066223,4
irish,nigerian,0.90106201171875,0.22895389795303345,4
jewels,money,-6.958892822265625,0.14739090204238892,4
jib,jigger,2.5767822265625,0.09927025437355042,4
joking,smiling,0.77490234375,-1.5185188055038452,4
journalists,officials,3.5194091796875,0.0231841541826725,4
joyous,loud,-4.691958427429199,-3.969132661819458,4
joyous,smiling,-8.94091796875,-1.895727515220642,4
keen,peaceful,7.9677886962890625,6.153248310089111,4
keener,keener,0.0,0.05260046198964119,4
knowing,knowing,0.0,0.05260046198964119,4
labor,money,2.59832763671875,0.23694700002670288,4
lasting,long,-6.1064453125,-5.627571105957031,4
laughs,looks,4.9296875,0.7913225889205933,4
laughs,yells,-3.074249267578125,0.4919256865978241,4
lavender,white,-9.771484375,-4.092594146728516,4
lessons,work,-3.375,0.6334542036056519,4
limping,lisping,-4.6063232421875,0.6162391901016235,4
lived,struggled,3.067718505859375,1.169413685798645,4
lived,worked,5.36328125,1.0250412225723267,4
lives,looks,-0.66796875,-2.2174603939056396,4
lives,money,-0.642578125,0.35858243703842163,4
lives,work,-5.26953125,1.998938798904419,4
lives,works,9.46484375,1.1786267757415771,4
logical,simple,-4.797119140625,0.5007569789886475,4
logs,stumps,0.3024139404296875,0.40198269486427307,4
lone,long,-4.95703125,-3.641564130783081,4
long,long,0.0,0.05260046198964119,4
long,loud,1.55615234375,-0.46180853247642517,4
long,loudly,7.83984375,0.7526042461395264,4
long,loving,1.7236328125,3.842989683151245,4
long,lucidly,1.591796875,3.9844744205474854,4
long,narrow,3.998046875,1.0959136486053467,4
long,passionately,3.810791015625,5.662249565124512,4
long,peaceful,2.12890625,4.880721092224121,4
long,pointed,6.060546875,4.28432559967041,4
long,prosperous,8.318419456481934,5.150935173034668,4
long,significant,8.62054443359375,8.071898460388184,4
long,simple,2.5,4.094847679138184,4
long,sinewy,4.140861511230469,5.9626359939575195,4
long,slinking,9.28173828125,5.593762397766113,4
long,softly,0.2099609375,1.2977524995803833,4
long,storied,5.08984375,4.5145039558410645,4
long,thin,4.107421875,-0.0321044996380806,4
long,thoughtfully,13.628303527832031,4.12054443359375,4
long,untrimmed,2.8569693565368652,6.052635192871094,4
long,varied,5.5626220703125,7.695873260498047,4
long,violent,5.39453125,5.060588836669922,4
long,wearisome,4.992275238037109,3.0845019817352295,4
long,weary,8.39111328125,4.104415416717529,4
long,white,2.1318359375,3.304757833480835,4
looks,moves,0.37890625,0.9181860685348511,4
looks,works,-4.73828125,0.5283761024475098,4
loud,repetitive,0.462127685546875,3.968003749847412,4
loud,rowdy,4.33984375,7.587866306304932,4
loud,sudden,10.775390625,0.3096036911010742,4
loud,throaty,9.92724609375,8.215104103088379,4
loud,unnatural,10.44805908203125,6.960613250732422,4
loud,violent,10.81640625,3.9422566890716553,4
loving,pure,-0.2734375,1.8736072778701782,4
loving,simple,-4.84375,-0.5399782657623291,4
lutes,tambourines,-2.7823829650878906,2.4526898860931396,4
machinery,textiles,0.081787109375,-0.4210130274295807,4
machines,technology,-5.60479736328125,-0.6833255290985107,4
machines,tools,0.83154296875,-0.17007413506507874,4
madder,madder,0.0,0.05260046198964119,4
mangrove,passionfruit,0.7744216918945312,-1.0450570583343506,4
marathons,ultramarathons,-0.635284423828125,1.2159796953201294,4
medical,scientific,6.4140625,1.5709439516067505,4
medical,social,6.177734375,0.1854398548603058,4
medical,technical,2.827880859375,3.8225467205047607,4
meditation,prayer,-7.771240234375,0.4324815571308136,4
merchants,workmen,-3.1575570106506348,-1.2344410419464111,4
midwest,southeastern,9.051555633544922,0.5751211643218994,4
mobile,social,2.931640625,-2.296778917312622,4
money,production,3.80859375,1.400408387184143,4
money,records,8.1328125,0.9829859733581543,4
money,spices,-4.1162109375,0.8189016580581665,4
money,travelcards,9.162109375,3.39758038520813,4
monsoonal,tropical,1.9225616455078125,1.2831774950027466,4
morose,unfriendly,-4.0814971923828125,3.3037006855010986,4
mounted,stuffed,0.02631378173828125,2.4875271320343018,4
moves,uplifts,6.097900390625,1.1457182168960571,4
music,music,0.0,0.05260046198964119,4
music,philosophy,3.52880859375,-0.648269772529602,4
music,records,4.3046875,1.1507480144500732,4
music,rhetorics,-1.81036376953125,0.5742285251617432,4
music,static,2.087890625,0.6848019361495972,4
music,table,-9.54296875,-3.070634365081787,4
music,work,1.5390625,1.449034333229065,4
musically,philosophically,2.72412109375,1.9582241773605347,4
muttering,sobbing,-3.809772491455078,0.1281048208475113,4
narrow,rakish,7.637004852294922,3.5417606830596924,4
narrow,triangular,1.93994140625,2.1991546154022217,4
neck,neck,0.0,0.05260046198964119,4
neighbors,travelers,0.7483315467834473,1.6661770343780518,4
nephews,nieces,2.5843429565429688,0.3113989233970642,4
observation,theory,-6.7664794921875,-0.9333641529083252,4
offspring,parents,-5.179054260253906,-5.781150817871094,4
onward,out,-6.12109375,-0.4364795982837677,4
open,open,0.0,0.05260046198964119,4
open,violent,7.35546875,0.4735013246536255,4
opening,shutting,4.564453125,3.73052978515625,4
optimists,toppers,2.646240234375,-1.691943883895874,4
oral,written,-8.8115234375,-0.3560769259929657,4
orders,returns,5.7265625,1.0529775619506836,4
out,out,0.0,0.05260046198964119,4
parents,visitor,6.32171630859375,2.6061978340148926,4
passionately,strangely,0.6121826171875,-0.42562833428382874,4
peaceful,prosperous,3.175471544265747,0.09755758196115494,4
peaceful,smiling,1.4521484375,-1.561435580253601,4
peaceful,still,1.57373046875,1.8497365713119507,4
peaceful,unopposed,6.156341552734375,2.32497501373291,4
perfect,poofy,-1.32421875,0.012655604630708694,4
perfect,pure,-0.636474609375,-1.776869535446167,4
perfect,unbroken,9.066285133361816,2.4407918453216553,4
pertly,promptly,-7.2502593994140625,-0.5872718095779419,4
philosophy,theology,3.30218505859375,-0.6604344844818115,4
piano,violin,1.8212356567382812,1.9180911779403687,4
pike,spear,10.458984375,0.328599750995636,4
plans,preparations,2.28857421875,3.297147512435913,4
plaprer,plaprer,0.0,0.05260046198964119,4
pointed,terse,-1.552001953125,-0.6905437707901001,4
practise,practise,0.0,0.05260046198964119,4
prayer,thanksgiving,8.27227783203125,2.0600016117095947,4
prayer,worship,9.57403564453125,1.76438570022583,4
prettier,prettier,0.0,0.05260046198964119,4
production,technical,5.71917724609375,0.39677688479423523,4
production,transportation,2.103515625,0.10260264575481415,4
project,technical,-0.18212890625,-2.081244945526123,4
projectors,televisions,6.741668701171875,1.2496492862701416,4
punishment,rewards,-6.455078125,4.552929878234863,4
pure,simple,4.80078125,0.2231760025024414,4
pure,sober,-1.841796875,2.081454038619995,4
pure,solid,-3.287109375,4.0447998046875,4
pure,white,-2.534423828125,-0.48448994755744934,4
queerer,queerer,0.0,0.05260046198964119,4
quivering,white,-6.6889495849609375,-6.331949710845947,4
rascals,shepherds,6.03851318359375,-2.402125120162964,4
raved,stormed,-6.10736083984375,0.7118368148803711,4
reading,studying,1.8017578125,2.333270788192749,4
reports,rumors,-10.2841796875,-0.2554236352443695,4
responsibility,work,3.3828125,-1.5652028322219849,4
restaurants,shops,-6.485105514526367,0.051443517208099365,4
rice,tallow,3.5849609375,0.3295133113861084,4
ring,stacker,-1.1865234375,-0.4920947849750519,4
romantic,villainous,-0.0596923828125,2.0407724380493164,4
rope,textiles,5.45703125,1.4662296772003174,4
salvage,vandalizing,-5.503753662109375,1.1217747926712036,4
satin,spotted,7.93804931640625,1.6300913095474243,4
savage,treacherous,3.7750587463378906,1.6376856565475464,4
scarlet,white,-0.5146484375,-4.063936233520508,4
scholarly,sober,-3.1219482421875,0.2507289946079254,4
scientific,technical,2.161865234375,3.438758611679077,4
seals,walruses,1.1663970947265625,-1.2115055322647095,4
seasonal,tropical,-10.645843505859375,-1.8895114660263062,4
sensitive,temperamental,-0.6518669128417969,-0.5785129070281982,4
settlement,transportation,1.064453125,2.278186798095703,4
shaven,spotted,1.6871337890625,-1.5067626237869263,4
significant,varied,-1.359375,1.5534347295761108,4
simple,slight,-1.6640625,-1.1419579982757568,4
simple,touching,3.611328125,0.6721374988555908,4
sleek,thoughtful,6.86376953125,3.98112416267395,4
slight,thin,-2.72021484375,-2.155668020248413,4
smiling,unhurried,-0.02734375,1.7550714015960693,4
sober,thoughtful,-1.06201171875,-0.047953180968761444,4
social,technical,3.389892578125,1.2796519994735718,4
social,traditional,0.94921875,0.8293163776397705,4
social,youth,-1.22802734375,-3.499213695526123,4
softly,stealthily,6.498863220214844,6.88918924331665,4
solid,still,-3.34765625,1.5822948217391968,4
solid,unbroken,5.977935791015625,1.507386565208435,4
starched,white,0.9090576171875,-3.3978233337402344,4
still,thoughtful,-4.58868408203125,2.207415819168091,4
still,void,4.208984375,1.435518741607666,4
still,white,-3.0853271484375,-3.736220598220825,4
stores,warehouses,-0.000530242919921875,3.8816885948181152,4
stout,weatherly,1.2021484375,1.0760990381240845,4
strings,violin,2.475067138671875,0.13204604387283325,4
struggled,struggled,0.0,0.05260046198964119,4
stumps,walls,-5.834381103515625,-4.33182430267334,4
sudden,tremendous,2.545398712158203,8.50483226776123,4
sudden,unnatural,0.7889747619628906,3.296741247177124,4
sudden,violent,3.970703125,3.4268691539764404,4
swaying,swaying,0.0,0.05260046198964119,4
swaying,whirling,-3.317178726196289,1.222690224647522,4
table,table,0.0,0.05260046198964119,4
thin,white,1.32275390625,0.9975237846374512,4
tickling,touching,-7.92626953125,-1.1972373723983765,4
treacherous,vile,-8.059661865234375,1.4332178831100464,4
treacherous,villainous,2.547752618789673,-0.4383770525455475,4
treacherous,wicked,1.3762989044189453,-2.1336236000061035,4
turned,turned,0.0,0.05260046198964119,4
unafraid,unashamed,-4.86859130859375,1.04249906539917,4
unfriendly,unnatural,-2.12943172454834,-1.8965548276901245,4
ungoverned,violent,-7.888057708740234,-4.389338493347168,4
unkind,wicked,-6.29296875,-2.9461748600006104,4
unshaved,unwashed,-4.690582275390625,-1.8456000089645386,4
vindictive,violent,-5.320098876953125,-2.604405641555786,4
wanted,wanted,0.0,0.05260046198964119,4
warfare,work,-3.842071533203125,-1.034200668334961,4
wickeder,wickeder,0.0,0.05260046198964119,4
work,work,0.0,0.05260046198964119,4
worked,worked,0.0,0.05260046198964119,4
worst,worst,0.0,0.05260046198964119,4
abject,dejected,-3.381317138671875,-0.6885321736335754,5
acceptive,efficient,-0.3994598388671875,-1.2514415979385376,5
aches,pains,3.7705078125,0.3281418979167938,5
acting,performing,-1.6824951171875,2.9466428756713867,5
adapt,survive,-1.6392822265625,-1.5162981748580933,5
addition,deletions,-11.474609375,-0.23099389672279358,5
advice,assistance,1.488555908203125,2.4212164878845215,5
advice,injunctions,9.6722412109375,1.5512630939483643,5
advice,training,4.1162109375,0.09614912420511246,5
affordable,cheap,3.24273681640625,-4.365223407745361,5
aft,knelt,10.97662353515625,-0.5417344570159912,5
agitated,shocked,-5.282387733459473,-4.317517280578613,5
agnostic,liberal,1.0805587768554688,-0.8387340903282166,5
ahing,umming,3.92578125,0.8223636746406555,5
alien,strange,-3.64599609375,-7.52111291885376,5
alternatively,secondarily,5.48388671875,-0.23962649703025818,5
anecdotes,gossip,-6.168457984924316,-1.4297987222671509,5
anklets,bracelets,-1.6478748321533203,-1.0527244806289673,5
anklets,wristlets,5.17822265625,-0.0690922811627388,5
annoying,childish,6.022918701171875,-4.002363204956055,5
annoying,strange,-10.5615234375,-7.203872203826904,5
anticipation,intercourse,3.6931533813476562,-0.2913791537284851,5
apartments,cars,-7.080810546875,-3.668358564376831,5
apologizing,crying,-0.5225830078125,-4.228854179382324,5
appreciation,gratitude,-1.6734886169433594,-2.5215835571289062,5
appropriately,directly,-4.099365234375,-0.9895632863044739,5
arepas,cachapas,1.9345703125,-1.0977871417999268,5
argued,argued,0.0,0.14686372876167297,5
arrested,injured,2.0634765625,1.010869026184082,5
arrested,punished,3.4576950073242188,0.2539607286453247,5
arrested,shot,5.0234375,-1.8522255420684814,5
arrested,tortured,4.535699844360352,-1.6035752296447754,5
articles,books,0.21455538272857666,-1.1739782094955444,5
articles,interviews,-5.403737545013428,0.7410916686058044,5
asleep,quieted,-1.626953125,0.7249626517295837,5
asleep,snoring,2.7490234375,-0.14436721801757812,5
assistant,doorkeeper,-1.45654296875,2.8636016845703125,5
astonishment,fright,-2.5133056640625,-2.1348094940185547,5
astonishment,incredulity,8.289756774902344,1.1735880374908447,5
astrophysical,geophysical,2.6286463737487793,-1.2389014959335327,5
attractive,instructive,0.48003149032592773,-0.26623275876045227,5
attractive,interesting,-1.0552964210510254,-2.1244568824768066,5
attractive,proven,-5.31787109375,0.5841452479362488,5
attractive,serviceable,-3.9021034240722656,-1.2202821969985962,5
attractive,unique,-8.17645263671875,-1.9215863943099976,5
attractive,viable,-4.32568359375,0.7719096541404724,5
awe,reverence,-1.0263671875,2.8538904190063477,5
awful,profound,-3.8038330078125,-0.8843790888786316,5
awful,strange,-12.921875,-3.4544405937194824,5
awkwardly,heavily,-4.70671272277832,-1.2443784475326538,5
balmy,mild,-3.1312255859375,-2.412480592727661,5
banquets,cheers,1.387237548828125,0.22175684571266174,5
barbarians,pirates,-3.985504150390625,-3.2112083435058594,5
bargains,coffins,2.3866119384765625,0.3926239609718323,5
basketball,tennis,-1.056640625,0.09368778020143509,5
beardless,handsome,1.771484375,-3.252448320388794,5
behavioural,cognitive,-3.7090301513671875,-0.5842613577842712,5
behavioural,mental,-6.958034515380859,-5.891489505767822,5
best,best,0.0,0.14686372876167297,5
best,darlingest,-3.24951171875,0.36058852076530457,5
best,noblest,-4.792327880859375,-0.41808512806892395,5
best,quickest,0.4593505859375,-0.8598499894142151,5
best,smartest,5.089130401611328,0.377345472574234,5
best,soundest,0.667724609375,1.7341312170028687,5
biological,historical,4.5404205322265625,-1.0836504697799683,5
blunt,rough,-1.6044921875,-1.4608234167099,5
boastful,cheating,-2.5736083984375,-0.9833200573921204,5
boisterous,rude,-1.1592597961425781,-4.109236240386963,5
bollards,cars,-0.16845703125,-4.562314033508301,5
books,happenings,10.6832275390625,3.114424705505371,5
books,letters,-0.3603515625,0.023550279438495636,5
books,movies,-1.6572265625,-0.16796663403511047,5
books,pamphlets,-0.435455322265625,0.7056146264076233,5
books,postage,1.494140625,3.1229159832000732,5
books,studies,8.11767578125,0.8686438202857971,5
books,theater,3.921875,1.7594913244247437,5
bosses,budgets,5.456787109375,-0.5731586813926697,5
bosses,enemies,3.256591796875,-0.7149863243103027,5
boulders,rocks,-2.417236328125,-4.011252403259277,5
bounds,training,-1.380859375,-0.5733755230903625,5
bowling,tennis,-0.12451171875,-0.4162428379058838,5
boyish,free,-1.9375,-1.8509901762008667,5
breathless,panting,-6.6911163330078125,-0.38247618079185486,5
brighter,brighter,0.0,0.14686372876167297,5
brighter,content,4.93701171875,0.3453257381916046,5
brighter,merrier,-3.31298828125,1.386709213256836,5
british,iraqi,5.083396911621094,2.379945755004883,5
british,scottish,1.87109375,0.37267518043518066,5
british,spanish,1.39453125,-0.19835901260375977,5
british,yank,4.71484375,0.875698983669281,5
broad,eclectic,-2.9479589462280273,3.5287017822265625,5
broad,glittering,11.202118873596191,6.619036674499512,5
broad,handcuffed,-5.028155326843262,6.560815811157227,5
broad,leathery,5.5966796875,6.1284589767456055,5
broad,level,2.30078125,4.885220527648926,5
broadcasting,journalism,-7.908203125,-1.0005133152008057,5
broke,rotten,-7.27978515625,-2.120239734649658,5
bugs,fleas,-2.47747802734375,-0.22441479563713074,5
bumps,tracks,-4.51318359375,2.415459156036377,5
calls,letters,5.751953125,0.6921865940093994,5
cans,forks,1.4443359375,-1.0811082124710083,5
capacities,powers,-6.9725341796875,-3.040330171585083,5
capital,financial,2.671875,1.6107463836669922,5
capital,government,-3.91015625,-1.1224445104599,5
carotenoids,chlorophyll,-3.09429931640625,0.855137050151825,5
carpets,rugs,-1.354949951171875,0.1847379207611084,5
cars,hats,-0.08447265625,0.2808120548725128,5
cars,lorries,0.499542236328125,2.2480406761169434,5
casual,playful,2.0477676391601562,1.9532455205917358,5
cat,dog,3.6865234375,-1.3090968132019043,5
cat,puppy,-2.0703125,0.2558627426624298,5
catch,tame,3.35546875,-0.14541125297546387,5
catch,toss,1.78125,-0.8989031910896301,5
caverns,rocks,-6.48579216003418,-2.660769462585449,5
caverns,tunnels,0.9967460632324219,0.8436445593833923,5
cedar,yew,5.9603271484375,-0.0262291356921196,5
cereals,toast,1.19921875,-5.468998908996582,5
cereals,tobacco,4.006189346313477,-2.968234062194824,5
change,decay,6.7265625,1.7427172660827637,5
changes,changes,0.0,0.14686372876167297,5
character,comic,2.54052734375,-0.7762439846992493,5
character,form,-6.4853515625,0.5851994752883911,5
characteristic,interesting,-2.41796875,-2.3315534591674805,5
characteristic,unique,-3.0230865478515625,-1.0529385805130005,5
characters,letters,0.904296875,-0.4336179196834564,5
characters,movies,-2.96826171875,-2.1471564769744873,5
chattering,laughter,2.818359375,-2.972395658493042,5
cheap,nice,-3.109375,0.060726337134838104,5
cheap,plentiful,0.2133941650390625,0.7502439618110657,5
cheerfully,pleasantly,1.5106124877929688,-0.9466496109962463,5
cheerfully,regularly,-11.250957489013672,-0.4603017270565033,5
cheers,laughter,3.3271484375,0.5403692126274109,5
cheers,merriment,3.9356353282928467,3.9505462646484375,5
chemically,physically,-2.770832061767578,-0.17606860399246216,5
chivalry,courtesy,-0.4566352367401123,-1.743026852607727,5
chivalry,right,6.884513854980469,1.2736427783966064,5
christian,faithful,1.927734375,-0.3214503526687622,5
city,metropolitan,14.400146484375,4.77613639831543,5
clapping,laughter,-11.900390625,-2.1536049842834473,5
clean,nice,-11.779296875,-3.9246039390563965,5
clean,painted,-6.87109375,1.1879976987838745,5
clean,roomy,1.462890625,3.9999656677246094,5
clean,shaved,-2.263671875,3.1044669151306152,5
clean,trig,-2.0859375,2.9310593605041504,5
cliff,ray,6.5390625,1.574310064315796,5
clothe,make,-2.975341796875,-2.4025423526763916,5
coaches,lorries,-1.384368896484375,0.6386813521385193,5
coal,peat,6.3394775390625,0.885582685470581,5
coal,salt,1.216796875,1.1732637882232666,5
colloquially,officially,-5.24785041809082,1.1538147926330566,5
colour,form,-1.701171875,1.2786091566085815,5
colour,movement,4.84375,1.6100302934646606,5
colour,scent,0.1298828125,-0.15856769680976868,5
colours,sizes,2.7099609375,-0.6384930610656738,5
communications,media,-0.32763671875,-0.49998125433921814,5
communications,training,-4.443359375,-0.9851557612419128,5
compact,graceful,-6.8985595703125,-0.22117063403129578,5
compass,rule,-8.713775634765625,-4.856972694396973,5
complacence,sense,-1.953125,-1.5963538885116577,5
complete,unabridged,9.904327392578125,0.564250111579895,5
components,systems,2.799243927001953,-1.3543792963027954,5
conflicts,dramas,6.6309814453125,-1.20085608959198,5
connected,conscious,-0.0234375,-1.10812246799469,5
conscientious,reliable,4.515251159667969,1.8918310403823853,5
consistency,endurance,7.902587890625,0.2545596957206726,5
constellations,stars,-4.987091064453125,-3.1503095626831055,5
constraint,distrust,-7.6396484375,-0.6754871010780334,5
content,gratitude,0.232666015625,0.18443426489830017,5
content,peace,-3.55078125,-2.174156665802002,5
content,romance,-4.499046325683594,-3.4259438514709473,5
contentious,inefficient,3.052623748779297,-2.11077618598938,5
cooked,cooked,0.0,0.14686372876167297,5
corporeal,spiritual,4.0923309326171875,-0.13164019584655762,5
corridors,tunnels,-0.8938360214233398,-1.0458163022994995,5
cotton,groundnut,13.1396484375,2.593554973602295,5
cotton,tobacco,-2.781369686126709,2.0441150665283203,5
countries,nations,-4.20703125,0.23738574981689453,5
countries,others,4.884765625,1.3291987180709839,5
courtesy,reverence,-4.240653991699219,1.8892821073532104,5
courtesy,sense,2.5079736709594727,-1.597860336303711,5
craggy,handsome,8.3486328125,-5.568083763122559,5
crinkly,nice,-6.4410552978515625,-1.7695457935333252,5
crowed,prattled,2.5590009689331055,0.03580041974782944,5
cruising,crying,2.06787109375,-3.4413576126098633,5
crying,crying,0.0,0.14686372876167297,5
crying,kissing,-6.9287109375,2.491313934326172,5
crying,pleading,3.10516357421875,4.173051834106445,5
crying,scared,3.552734375,1.3259308338165283,5
curiouser,curiouser,0.0,0.14686372876167297,5
cut,foin,-0.123046875,1.8245030641555786,5
cutest,sexiest,3.06396484375,-0.1534847915172577,5
damaging,widespread,1.0248600244522095,-0.4572692811489105,5
day,twilight,10.349932670593262,2.713921070098877,5
debris,rocks,-7.12109375,-6.9623894691467285,5
decay,renewal,-1.70751953125,-0.5784111022949219,5
defenses,equipment,-0.6808195114135742,-0.14120012521743774,5
defensive,difficult,1.429931640625,-2.384180784225464,5
defensive,militant,2.364959716796875,0.6456408500671387,5
defined,used,2.67852783203125,1.173317790031433,5
dejected,distressed,-2.0017096996307373,0.47483018040657043,5
dejected,inconsolable,-0.8676247596740723,2.353823661804199,5
dejected,sore,-5.59619140625,-0.9825833439826965,5
difficult,rough,0.1529541015625,-0.7985830903053284,5
dignified,remarkable,-2.87152099609375,0.21633845567703247,5
dignified,solemn,16.41796875,0.3437229096889496,5
disbanded,scattered,1.9244575500488281,-1.1805168390274048,5
disconcerted,glum,-7.702178955078125,-5.409485816955566,5
disputing,quarrelling,-5.509668350219727,-0.9204407334327698,5
dissipated,free,-4.0040283203125,-2.608844757080078,5
distant,strange,-0.177734375,-1.7776439189910889,5
distracted,lawless,-3.0975341796875,-1.7581919431686401,5
distressing,humiliating,-1.6960487365722656,-0.5074818730354309,5
diverse,liberal,-2.7862548828125,-0.30809861421585083,5
diverse,vibrant,-6.7540283203125,1.5185173749923706,5
dog,man,3.220703125,2.689126491546631,5
dog,master,-4.951171875,0.16773536801338196,5
done,done,0.0,0.14686372876167297,5
done,opened,-0.888671875,-0.5611817240715027,5
done,over,-11.595703125,-1.1966615915298462,5
done,said,10.0062255859375,-0.7000246644020081,5
done,seen,-10.751953125,-0.42759791016578674,5
doze,dream,5.0390625,1.323560118675232,5
dramas,movies,-11.399829864501953,-3.126981258392334,5
drawn,painted,4.15234375,-1.9708386659622192,5
drill,training,-0.1484375,0.35284218192100525,5
driving,driving,0.0,0.14686372876167297,5
driving,steroids,-1.13330078125,-1.2032097578048706,5
drowned,shot,1.7082672119140625,-2.916907787322998,5
durable,viable,-2.30517578125,-0.30400729179382324,5
east,middle,-6.166015625,-1.2007306814193726,5
ecclesiastic,moral,0.8074216842651367,-0.9553053975105286,5
eerie,ominous,-8.804611206054688,-2.3599064350128174,5
efficient,reliable,13.36490249633789,2.026185989379883,5
eggs,flour,0.1968994140625,0.34342002868652344,5
eggs,game,8.970703125,1.7000921964645386,5
eggs,toast,5.333984375,2.2233638763427734,5
eigenvalues,eigenvectors,-3.4799423217773438,-1.0437113046646118,5
elbow,scream,-3.685546875,-2.005174398422241,5
elegant,graceful,2.8101749420166016,0.44638898968696594,5
elsewhere,here,-3.347900390625,-3.3978793621063232,5
emaciation,weakness,-1.2927703857421875,-3.174006700515747,5
emerged,proliferated,5.087302207946777,0.318630576133728,5
empowerment,engagement,-1.6365585327148438,-0.22110876441001892,5
entreating,menacing,5.30889892578125,-0.23880034685134888,5
equipment,toy,0.171875,-2.2778100967407227,5
equipment,training,3.2275390625,1.1578058004379272,5
ethology,sociobiology,2.2910919189453125,0.606411874294281,5
even,nice,-10.337890625,-3.531773090362549,5
even,odd,-4.095703125,-2.7457528114318848,5
exhaustion,hunger,1.5152015686035156,-3.683417797088623,5
exposure,hunger,-6.025978088378906,-5.405964374542236,5
expressly,purely,-5.9779052734375,-0.8735844492912292,5
fainter,fainter,0.0,0.14686372876167297,5
faithful,spiritual,1.94451904296875,-0.05730970948934555,5
faithful,trusty,6.419921875,2.9908649921417236,5
familiar,nice,-2.8203125,-5.266209602355957,5
feces,urine,-12.3818359375,-2.4896814823150635,5
fictional,historical,-5.1629638671875,0.1564439833164215,5
filtered,zoned,-1.568359375,-1.6702739000320435,5
financial,governmental,9.54296875,0.9315299391746521,5
financial,moral,8.342529296875,0.4940863847732544,5
fishermen,millers,2.05224609375,1.1915971040725708,5
fishermen,pirates,-3.52239990234375,-1.252346396446228,5
fitted,painted,-8.0146484375,-3.2734768390655518,5
flour,mincemeat,10.55615234375,-0.14713186025619507,5
forcible,racy,7.2578125,-0.9032998085021973,5
form,line,1.46484375,-1.1848801374435425,5
form,survive,3.966796875,-0.7085321545600891,5
fragile,rude,0.79345703125,-2.378882884979248,5
frantic,scattered,-3.0484619140625,2.0224153995513916,5
free,free,0.0,0.14686372876167297,5
free,scattered,-0.2747802734375,1.0651153326034546,5
free,spontaneous,2.4426193237304688,1.1022425889968872,5
fright,weakness,7.290069580078125,0.14711257815361023,5
frogs,rabbits,5.250433921813965,1.7962961196899414,5
funeral,save,0.46484375,0.5208481550216675,5
gambling,spending,1.4153976440429688,2.5877866744995117,5
game,pot,1.578125,0.5057380795478821,5
gamesters,runners,-2.3219566345214844,-0.6092115044593811,5
gasp,kissing,-10.8603515625,0.5476880669593811,5
gasp,scream,0.099609375,0.8088785409927368,5
gasp,stare,-16.210693359375,-2.0546364784240723,5
gayety,laughter,-4.7001953125,-1.437756896018982,5
gayety,merriment,0.7652161121368408,4.818746566772461,5
gayety,mirth,-5.583984375,-2.220099925994873,5
gently,immediately,-2.21954345703125,3.545661211013794,5
gently,nice,-8.30078125,-1.733105182647705,5
glans,prepuce,5.91455078125,1.281233787536621,5
glum,solemn,-0.7412109375,0.0672793909907341,5
gods,others,1.72216796875,2.0175163745880127,5
government,medicine,-2.5361328125,-1.4801130294799805,5
government,opposition,1.030167579650879,2.9710237979888916,5
government,rule,3.9609375,0.7198320031166077,5
graceful,unique,-0.8370437622070312,-1.327504277229309,5
grew,grew,0.0,0.14686372876167297,5
grocers,millers,-7.679988384246826,-2.062913417816162,5
grotesque,satire,0.0958709716796875,-1.3683325052261353,5
grotesque,strange,0.0741114616394043,-1.779607892036438,5
grunted,squealed,-1.4786148071289062,-0.3989352881908417,5
hairy,rough,-0.3001708984375,-1.9443339109420776,5
hand,hand,0.0,0.14686372876167297,5
handsome,soldierly,-2.48388671875,4.439655303955078,5
handsome,taller,-10.134033203125,1.7969669103622437,5
harder,harder,0.0,0.14686372876167297,5
harder,thicker,0.619140625,-0.7986984848976135,5
hardships,heroism,5.107536315917969,0.020581386983394623,5
harmful,strange,-8.19140625,-3.032062530517578,5
hats,robes,6.018795013427734,1.5330275297164917,5
heathen,remote,-3.6710331439971924,-2.020650863647461,5
helicopters,paratroopers,-0.16711628437042236,-0.01725081354379654,5
here,here,0.0,0.14686372876167297,5
here,hereafter,-0.197265625,3.875333309173584,5
historical,spiritual,4.1886444091796875,-0.02624429017305374,5
homo,porno,11.0,-0.8178955912590027,5
hooks,rods,0.453125,-1.6839442253112793,5
hospitable,interesting,0.21946239471435547,-5.195248126983643,5
hospitalised,injured,-6.595703125,0.1804005652666092,5
hours,hours,0.0,0.14686372876167297,5
hub,spoke,7.546875,-0.4258999526500702,5
ice,rocks,-3.6845703125,-1.8626214265823364,5
illuminated,spiritual,-0.10363006591796875,-3.3527417182922363,5
imaging,optical,1.159912109375,-2.3834140300750732,5
impulsive,rude,2.9220640659332275,-2.087430953979492,5
incident,romance,-0.11234283447265625,-1.4419490098953247,5
indented,numbered,0.4381294250488281,0.4300047755241394,5
indistinguishable,strange,-4.8975067138671875,-5.406406402587891,5
initial,initial,0.0,0.14686372876167297,5
injunctions,messages,-1.241058349609375,-1.7892751693725586,5
injured,shot,0.673828125,-1.7429749965667725,5
injured,woeful,0.306640625,-1.901189923286438,5
insolent,rebellious,4.156280517578125,-1.1542670726776123,5
inspiring,profound,-4.2802734375,-3.4900712966918945,5
instantaneously,unseen,8.6334228515625,1.6511467695236206,5
instructive,interesting,-9.769989013671875,-2.5630688667297363,5
instructive,moral,0.3475494384765625,0.23687618970870972,5
intercourse,training,-0.18660759925842285,-1.745487928390503,5
interesting,quaint,-9.4677734375,-1.6525065898895264,5
interesting,remarkable,10.244140625,2.354495048522949,5
interesting,strange,-1.15625,-0.4431745707988739,5
interesting,surprising,5.70849609375,2.2936084270477295,5
interesting,unique,-0.008380889892578125,0.490908682346344,5
invaders,pirates,2.079113483428955,-1.1085370779037476,5
jests,laughter,3.762451171875,-2.5416243076324463,5
kicked,kicked,0.0,0.14686372876167297,5
kids,mortgages,-1.70440673828125,1.5875617265701294,5
kids,starving,2.998046875,3.7956464290618896,5
kids,teen,7.939453125,1.5390440225601196,5
ladder,man,-1.634765625,-0.9775069355964661,5
laugh,laugh,0.0,0.14686372876167297,5
laugh,scream,2.423828125,-0.42746326327323914,5
laughter,merriment,-4.022000312805176,3.332467794418335,5
laughter,noise,-9.2197265625,-1.6892585754394531,5
laughter,peace,-6.7890625,-1.1926319599151611,5
lawless,rough,-1.619384765625,-2.8526623249053955,5
lawless,uncontrolled,-1.2548980712890625,2.5528757572174072,5
letters,messages,10.0526123046875,1.644565463066101,5
letters,presents,0.853515625,1.545188307762146,5
letters,scrolls,2.97314453125,0.905118465423584,5
lime,salt,-2.5132675170898438,-0.5728685855865479,5
linen,silver,4.33074951171875,-1.0287290811538696,5
looting,vandalism,1.32763671875,-2.534867763519287,5
lorries,said,11.209587097167969,2.6210591793060303,5
lumber,timbers,8.4443359375,1.3242398500442505,5
luxury,privilege,9.574554443359375,0.5376988053321838,5
luxury,refinement,5.287109375,-0.5625848770141602,5
machine,man,-4.515625,0.376816064119339,5
magnesium,potassium,3.8222429752349854,-0.07832210510969162,5
man,man,0.0,0.14686372876167297,5
man,master,-5.8017578125,-3.393754482269287,5
man,prey,3.4912109375,-1.1332353353500366,5
manned,trained,1.031219482421875,-4.160416603088379,5
marked,numbered,2.504148483276367,1.5983668565750122,5
master,missis,2.849609375,2.131303548812866,5
mates,prey,-1.908203125,3.001781463623047,5
matured,mellowed,-0.390625,0.21542856097221375,5
medicine,treatment,1.8515625,3.8868908882141113,5
medicine,treatments,9.216796875,5.21125602722168,5
meek,mild,-1.951171875,-1.4227060079574585,5
mental,moral,10.760009765625,3.050283908843994,5
mental,spiritual,-0.9835357666015625,1.1174041032791138,5
merriment,mirth,-2.3548583984375,-1.8635917901992798,5
merriment,noise,-2.9984054565429688,-5.707297325134277,5
messages,sightings,-0.2633514404296875,-2.441608428955078,5
mild,nice,-3.0859375,0.44251787662506104,5
mild,windless,7.76171875,4.833154678344727,5
milked,sugared,-4.84991455078125,3.1808104515075684,5
mirth,peace,-5.3271484375,-2.11696195602417,5
mistrustful,uncanny,-9.371414184570312,-0.29419419169425964,5
moist,nice,-1.728729248046875,-3.971862316131592,5
molluscs,vertebrates,1.1440963745117188,0.08767151087522507,5
moons,moons,0.0,0.14686372876167297,5
moons,suns,-6.6810302734375,-3.917497396469116,5
moral,spiritual,-1.5576171875,0.9193239808082581,5
mothers,teachers,2.4376602172851562,-3.8512368202209473,5
mothers,toddlers,4.97503662109375,-0.16370582580566406,5
movement,noise,-8.162109375,-2.662777900695801,5
movies,opera,-3.47021484375,-0.8750184178352356,5
movies,theater,3.588134765625,3.7995705604553223,5
movies,tv,1.923095703125,-1.7213895320892334,5
moving,up,-8.46484375,-2.1527445316314697,5
moving,wound,-7.533203125,-1.6753536462783813,5
nations,tribes,2.14501953125,1.4661921262741089,5
near,nice,-11.9443359375,-1.0944786071777344,5
near,remote,2.835045099258423,2.6498632431030273,5
next,next,0.0,0.14686372876167297,5
nice,relaxed,5.63623046875,4.853334426879883,5
nice,roasted,-1.919921875,3.001394033432007,5
nice,snug,12.2626953125,1.106754183769226,5
nice,spooky,6.12908935546875,2.701094150543213,5
nice,unselfish,-1.1860427856445312,3.8700342178344727,5
noise,unintelligible,8.053253173828125,3.052915573120117,5
nurses,nurses,0.0,0.14686372876167297,5
nurses,orderlies,3.599609375,0.4026847183704376,5
nurses,teachers,-0.871246337890625,-1.5609495639801025,5
oblations,prayers,-5.487331867218018,-1.3545730113983154,5
odd,spooky,0.8807754516601562,4.993377685546875,5
odd,unique,-1.6480317115783691,1.9800840616226196,5
older,older,0.0,0.14686372876167297,5
older,taller,2.66064453125,1.6863881349563599,5
older,tougher,0.58544921875,3.0305542945861816,5
older,wiser,17.735595703125,3.215268850326538,5
ominous,threatened,-1.8212127685546875,-1.367691159248352,5
others,volunteers,-5.261199951171875,-0.9969109892845154,5
outdated,rough,-1.1014175415039062,-1.6443432569503784,5
outfit,wagons,-11.1689453125,-2.782789707183838,5
outgunned,outnumbered,-10.187768936157227,-0.02944815158843994,5
outposts,patrols,-5.657280921936035,-1.2195038795471191,5
over,over,0.0,0.14686372876167297,5
over,up,-6.28515625,-2.158682346343994,5
paratroopers,peasants,1.4786605834960938,-1.3058661222457886,5
paused,said,12.23828125,2.375964641571045,5
peace,purity,0.2449951171875,2.977830410003662,5
peace,relaxation,3.74029541015625,5.281398773193359,5
pearl,silver,-2.8056640625,-1.7745367288589478,5
peep,see,5.4248046875,1.4443825483322144,5
penalties,prizes,-9.5966796875,-0.7521455883979797,5
penner,skupin,6.3095703125,0.30305415391921997,5
penultimate,thirteenth,-3.176802635192871,-4.765113830566406,5
permanent,substantial,1.74407958984375,-1.1704941987991333,5
permanent,suitable,1.4973831176757812,0.48685023188591003,5
ph,temperature,-16.16796875,-6.637940406799316,5
picturesque,quaint,6.3525390625,0.06531286984682083,5
picturesque,sleepy,2.7386474609375,-1.2876161336898804,5
pillage,tribute,0.627899169921875,2.952962636947632,5
pirates,pirates,0.0,0.14686372876167297,5
pirates,smugglers,-2.2271041870117188,1.935009241104126,5
pirates,wenches,-0.37451171875,1.8280409574508667,5
plantation,slabes,10.748046875,0.5257763266563416,5
plate,spoon,5.587890625,0.004350043833255768,5
pot,spoon,-2.4921875,-1.450433373451233,5
potassium,sodium,-6.813616752624512,-0.17014765739440918,5
powers,principalities,2.125,1.7195250988006592,5
presence,putrification,-10.728515625,0.42776620388031006,5
pressure,temperature,-4.04296875,-1.0520423650741577,5
previous,subsequent,2.4414901733398438,-0.0016563162207603455,5
profound,remarkable,-1.3828201293945312,1.2984553575515747,5
profound,resolved,5.9589080810546875,1.1685858964920044,5
profound,surprising,2.700836181640625,0.39399513602256775,5
pronounce,spell,4.4256591796875,-1.6082472801208496,5
queue,unique,4.2441253662109375,-1.4861491918563843,5
rabbits,rodents,4.4204816818237305,-0.2540768086910248,5
ragged,tawdry,2.120635986328125,0.5854611992835999,5
raped,tortured,0.6537965536117554,-1.2279956340789795,5
reels,rods,-1.482421875,-3.32523250579834,5
registered,verified,3.240002393722534,-0.7064732909202576,5
rehabilitation,treatment,0.8990561962127686,-1.0211211442947388,5
reliable,supervised,-0.3470306396484375,0.061741672456264496,5
reliable,trusty,0.9281234741210938,0.6773925423622131,5
remarkable,strange,-5.5474090576171875,-5.04461669921875,5
remarkable,unique,-3.878183126449585,-1.5687702894210815,5
resorts,villages,-9.389602661132812,-2.6345601081848145,5
revolting,strange,-9.1171875,-6.669456481933594,5
rocks,wilds,8.8876953125,1.9509966373443604,5
rocks,woods,-1.7421875,-0.11049895733594894,5
romance,satire,-1.6371526718139648,-0.02208533138036728,5
rough,rude,3.6171875,1.4455634355545044,5
safer,supervised,8.640380859375,-0.9581041932106018,5
said,saluted,6.572151184082031,-1.6015537977218628,5
salt,vinegar,1.7822761535644531,1.3161250352859497,5
scared,scream,21.263671875,-0.3337835371494293,5
scared,shy,-2.71875,-3.3199567794799805,5
scared,strange,0.01708984375,-2.4538254737854004,5
see,touch,9.22265625,-0.7121490836143494,5
seen,seen,0.0,0.14686372876167297,5
seen,understood,7.7666015625,1.8342207670211792,5
shy,strange,5.783203125,1.6556226015090942,5
smaller,smaller,0.0,0.14686372876167297,5
smaller,thicker,0.9267578125,0.21778851747512817,5
sorrier,wiser,-7.39208984375,-2.2443535327911377,5
speak,swim,4.30859375,-0.33487817645072937,5
special,unique,3.8645477294921875,0.029992394149303436,5
special,urgent,-3.2043914794921875,-0.16117006540298462,5
spectacular,unique,-2.0900087356567383,-1.0708380937576294,5
spicy,strange,-5.89453125,-1.9775959253311157,5
spiritual,temporal,-5.314697265625,1.7609361410140991,5
squealed,squealed,0.0,0.14686372876167297,5
stable,unique,-8.74315357208252,1.8412023782730103,5
stare,stop,-10.3154296875,-0.7979736924171448,5
stouter,stouter,0.0,0.14686372876167297,5
strengthened,strengthened,0.0,0.14686372876167297,5
stretch,stretch,0.0,0.14686372876167297,5
subtlety,timing,-6.423828125,-2.255289077758789,5
swim,swim,0.0,0.14686372876167297,5
taboos,totems,-0.37841796875,0.6486315727233887,5
taller,taller,0.0,0.14686372876167297,5
taught,used,4.052734375,1.882121205329895,5
ten,twoscore,0.2265625,2.562140464782715,5
thicker,thicker,0.0,0.14686372876167297,5
through,through,0.0,0.14686372876167297,5
togs,whatnot,21.0361328125,4.464005470275879,5
toy,toy,0.0,0.14686372876167297,5
trained,trusty,8.294921875,3.8047842979431152,5
tribes,tribes,0.0,0.14686372876167297,5
turbid,zaburlit,8.296875,0.563795268535614,5
unmoved,unobtrusive,0.5774726867675781,-0.23196175694465637,5
up,up,0.0,0.14686372876167297,5
valk,valk,0.0,0.14686372876167297,5
value,value,0.0,0.14686372876167297,5
waited,waited,0.0,0.14686372876167297,5
walks,walks,0.0,0.14686372876167297,5
wept,wept,0.0,0.14686372876167297,5
whales,whaling,8.44147777557373,-0.048932574689388275,5
whistle,whittle,-1.39697265625,0.519092321395874,5
wigwagging,woodcraft,-5.878204345703125,-3.984156608581543,5
wilds,woods,-7.5703125,-3.2698819637298584,5
yet,yet,0.0,0.14686372876167297,5
accomplished,amiable,-0.816162109375,0.6398071050643921,6
accurate,strong,-4.5945892333984375,-3.892219066619873,6
action,adventure,5.1494140625,0.08766741305589676,6
action,evolution,3.284912109375,1.9465901851654053,6
action,excitement,6.232421875,-2.9866833686828613,6
action,grace,0.3515625,-2.5859932899475098,6
active,curious,8.734375,-1.60733163356781,6
active,strong,-10.3193359375,-1.5848242044448853,6
activities,gestures,6.8447265625,0.3185160160064697,6
added,new,-10.8671875,-3.3456358909606934,6
adventure,excitement,-2.912109375,-0.13952289521694183,6
adventure,poetry,-2.8938522338867188,1.814869999885559,6
adventure,sport,-2.07373046875,0.5903719663619995,6
adventure,voyage,-4.306396484375,1.025484561920166,6
aerodromes,radar,1.52337646484375,1.2074780464172363,6
agriculture,crafts,1.4295780658721924,-3.970026969909668,6
agriculture,forestry,6.939083099365234,-0.24687032401561737,6
agriculture,gardening,-2.1363961696624756,-1.7331163883209229,6
agriculture,hunting,1.01713228225708,-1.5407439470291138,6
ai,nao,-6.318359375,1.7066210508346558,6
alarm,excitement,-1.146484375,-0.5350934863090515,6
alarm,perplexity,-3.9087061882019043,3.2705273628234863,6
alarm,triumph,-3.208251953125,0.2212267518043518,6
alcoholics,homosexuals,-0.608154296875,-1.0148361921310425,6
alone,far,1.876953125,-0.7943252325057983,6
alone,unobserved,5.23828125,4.0202226638793945,6
ambition,conquest,-3.670166015625,-0.17601360380649567,6
ambition,opulence,-3.855043411254883,-0.8183963298797607,6
ambition,vainglory,-8.757568359375,3.096086025238037,6
ammeters,voltmeters,0.3880615234375,-0.8315304517745972,6
amusement,diversion,-1.861114501953125,0.5571421384811401,6
amusement,excitement,0.4058990478515625,-2.1913483142852783,6
anger,excitement,-1.46337890625,0.8579127788543701,6
anger,hatred,2.3045408725738525,5.205582618713379,6
anger,hostility,-4.1473388671875,1.9310277700424194,6
anger,humiliation,-3.179443359375,4.254459857940674,6
anger,jealousy,-0.87811279296875,0.973602831363678,6
anger,trouble,-0.7734375,0.45462048053741455,6
angry,anxious,-1.2763671875,-0.190956249833107,6
angry,bewildered,4.744128227233887,-0.08103467524051666,6
angry,dark,-7.8359375,-3.894010543823242,6
angry,frightened,-1.916015625,-0.035891905426979065,6
angry,grim,-2.06689453125,0.7075393199920654,6
angry,grudging,6.537109375,3.6462299823760986,6
angry,insubordinate,-9.028144836425781,0.008320540189743042,6
angry,mean,7.80078125,5.006503582000732,6
angry,pale,-2.435546875,-0.1830490082502365,6
angry,shrill,-7.607421875,-0.7477983832359314,6
angry,suspicious,-1.1436767578125,1.72543466091156,6
angry,upset,6.965087890625,2.290815830230713,6
annual,maximum,-6.2213134765625,1.2575891017913818,6
antidepressants,cholesterol,-13.849288940429688,0.46015363931655884,6
antiques,artwork,10.96142578125,2.2103137969970703,6
anxious,eager,8.1728515625,1.1697429418563843,6
anxious,frightened,-1.658203125,-0.8258633613586426,6
anxious,pale,-5.17333984375,-4.328629493713379,6
anxious,shuddering,-0.074951171875,3.4048080444335938,6
aristocracy,feudalism,-5.056591033935547,-1.0642201900482178,6
artillery,guns,-3.7093491554260254,-3.079408884048462,6
artillery,motorization,0.4332444667816162,0.7467008829116821,6
artillery,troops,-5.845986366271973,-1.0154757499694824,6
arts,crafts,10.24957275390625,1.8702667951583862,6
arts,sciences,20.800188064575195,3.422316074371338,6
arts,sports,0.1708984375,0.08318772912025452,6
artworks,objects,6.6103515625,0.07942892611026764,6
attention,care,-5.9345703125,-0.40156090259552,6
attention,eyes,-4.1181640625,-0.7282472848892212,6
attention,zeal,1.408203125,2.145559072494507,6
autocrat,emperor,-4.263885498046875,-1.0607006549835205,6
automobiles,clothes,2.17724609375,-2.054720163345337,6
baby,daddy,2.09765625,-0.0972319096326828,6
baby,father,0.69140625,0.7031508684158325,6
baby,louise,-3.744140625,5.251725673675537,6
badass,big,-14.7060546875,-6.700328826904297,6
balls,pegs,-1.2822265625,0.7537274360656738,6
baritone,clarinet,-4.188124656677246,-1.41468346118927,6
barks,ships,-0.798828125,-0.3649146556854248,6
barley,rye,-2.1986083984375,0.7712115049362183,6
barred,locked,-7.91015625,-0.8589580059051514,6
basket,loaf,2.216796875,4.467306137084961,6
basket,scissors,1.9263935089111328,1.43986976146698,6
battered,dilapidated,-3.78192138671875,0.7741526365280151,6
believe,think,-0.203125,-1.1963176727294922,6
believed,hiding,-1.87109375,-0.27721530199050903,6
bewildered,confused,-9.632598876953125,-0.0949355810880661,6
bewildered,dismayed,4.076586723327637,2.6132493019104004,6
bewildered,frightened,-1.0883712768554688,-1.9867993593215942,6
big,curious,7.40234375,2.0829954147338867,6
big,dark,6.115966796875,2.4802539348602295,6
big,direct,-1.685546875,4.4103899002075195,6
big,high,-2.53515625,2.23453426361084,6
big,important,10.88671875,4.504576206207275,6
big,mellow,1.7158203125,4.107218265533447,6
big,new,-0.01953125,2.3560118675231934,6
big,round,6.677490234375,3.712678909301758,6
big,strong,5.513671875,2.669900894165039,6
big,successful,3.8125,3.321190357208252,6
big,wonderful,5.322265625,4.6120758056640625,6
biggerer,clumsier,-1.2734375,-0.3169648051261902,6
bigotry,intolerance,1.4758917093276978,1.9197983741760254,6
biscuit,tea,-9.320068359375,-2.3503317832946777,6
blaze,curl,-0.452850341796875,-0.044440433382987976,6
bleak,raw,1.4248046875,-3.2038326263427734,6
blood,darkness,-0.27734375,1.1605732440948486,6
blood,filth,3.67962646484375,0.8406609296798706,6
blood,fluid,1.80792236328125,1.0806409120559692,6
blood,grease,2.06591796875,0.4450832009315491,6
blood,soil,6.30908203125,2.224832057952881,6
bloodless,pale,-3.320556640625,-1.9816142320632935,6
boating,riding,4.7099609375,-1.8228565454483032,6
bold,cautious,-5.234375,0.49431896209716797,6
bold,new,11.5625,1.064488172531128,6
bold,round,1.6796875,2.306255578994751,6
bold,successful,-1.1634368896484375,1.138542890548706,6
bolt,eat,-0.681640625,-0.6960248947143555,6
bonds,stocks,-1.929443359375,-1.2736289501190186,6
brake,marsh,-2.73828125,-2.171696662902832,6
bravest,strongest,-4.668262481689453,-1.475972056388855,6
brawny,strong,-7.52734375,-3.800485134124756,6
brilliancy,dash,-3.6090087890625,-2.4872264862060547,6
brother,father,-5.28515625,0.7395532131195068,6
brother,slept,-4.1015625,3.822418689727783,6
brushwood,rock,7.99267578125,-2.0152196884155273,6
buckets,ladders,-1.67449951171875,0.32808423042297363,6
bundles,wraps,1.0060768127441406,0.8279999494552612,6
burning,slaying,4.142289161682129,1.0417098999023438,6
busier,busier,0.0,0.15053017437458038,6
buying,going,-0.099609375,0.9698985815048218,6
cabbage,carrot,0.5609512329101562,-0.21291600167751312,6
campaign,political,2.5078125,-1.696448564529419,6
cancer,depression,4.2620849609375,0.9190315008163452,6
capable,strong,-8.3076171875,-4.048328399658203,6
capitalism,feudalism,-0.005458831787109375,1.1767268180847168,6
captured,shown,2.078125,2.851625919342041,6
carbon,iron,0.9140625,-4.169906139373779,6
carbon,nitrogen,0.23284912109375,-1.325515866279602,6
carded,cleaned,-5.713682174682617,-1.0282284021377563,6
care,cleanliness,-6.141389846801758,1.8090468645095825,6
care,harm,0.470703125,0.31660789251327515,6
care,mind,4.7578125,0.9445039629936218,6
castles,cities,-10.1982421875,-4.769558906555176,6
castles,fortresses,3.412109375,-1.6355764865875244,6
centuries,centuries,0.0,0.15053017437458038,6
cf,kf,5.070556640625,1.177573561668396,6
chains,darkness,-2.09185791015625,-3.990670680999756,6
chains,locks,-2.09033203125,-1.9820805788040161,6
chains,mobiles,3.181396484375,-1.3983591794967651,6
champagne,flowers,-5.097076416015625,-4.660916328430176,6
changing,working,-5.3125,-1.460410714149475,6
chatted,chatted,0.0,0.15053017437458038,6
cheered,shouted,-2.09368896484375,-2.9037654399871826,6
chintz,silk,-7.58441162109375,-2.0584564208984375,6
chocolate,tea,-2.154296875,0.39271026849746704,6
cities,municipalities,-2.761810302734375,0.9070644378662109,6
cities,streets,-2.123046875,0.07357797026634216,6
classic,formal,-0.4833984375,2.0645322799682617,6
clatters,dinging,-2.522216796875,2.254971981048584,6
clatters,rings,-0.663818359375,0.15098384022712708,6
cleaned,dripped,0.43731689453125,0.19476954638957977,6
cleaned,restored,1.02880859375,1.60702383518219,6
climatology,meteorology,-1.9831809997558594,0.0013881474733352661,6
clock,rubber,0.48828125,-1.4183220863342285,6
close,dark,-4.6171875,0.8538612127304077,6
close,grasping,8.249313354492188,5.1170806884765625,6
close,monitoring,-0.6074066162109375,2.743119239807129,6
close,swift,1.1865234375,-1.0397330522537231,6
close,tight,4.501953125,-0.4233185052871704,6
clothes,eyes,2.1826171875,0.9242303371429443,6
clothes,gardens,-1.15069580078125,0.3630563020706177,6
clothes,mind,-0.034912109375,1.694271445274353,6
clothes,shopping,-6.392578125,0.16455288231372833,6
coals,iron,0.0107421875,-1.1328437328338623,6
colorful,dark,-4.0701904296875,-2.577320098876953,6
colorful,unusual,4.570068359375,0.738258957862854,6
coming,coming,0.0,0.15053017437458038,6
coming,falling,-1.421875,2.4575555324554443,6
coming,going,0.3671875,1.7331621646881104,6
compassion,help,-4.190271377563477,-2.828944206237793,6
compete,fight,-2.609640121459961,0.175742045044899,6
complexity,evolution,2.104156494140625,-0.6740113496780396,6
confident,strong,-3.5029296875,-3.074765205383301,6
confused,detected,1.4759521484375,0.522152304649353,6
confused,frightened,-1.208984375,-1.4260777235031128,6
confused,upset,-6.625,-0.10457555949687958,6
conquest,triumph,-5.468505859375,-0.3901115655899048,6
consular,passport,7.5869140625,2.522481918334961,6
contempt,contempt,0.0,0.15053017437458038,6
contempt,hatred,-7.172111511230469,-1.3371610641479492,6
contributors,supporters,-4.529998779296875,-0.38521599769592285,6
conviction,trial,1.970703125,0.62142413854599,6
cook,eat,0.103515625,-0.9193862676620483,6
costume,makeup,5.929443359375,1.2673653364181519,6
cowboys,frontiersmen,-3.3221616744995117,1.1768442392349243,6
crafts,industries,1.3236675262451172,0.037475138902664185,6
cranberry,turkey,-5.919281005859375,-0.36870676279067993,6
creased,stained,2.873046875,0.17323000729084015,6
criminalised,persecuted,-2.13092041015625,1.2593671083450317,6
crossly,pettishly,-2.9440460205078125,0.5333045125007629,6
crustaceans,insects,-1.2838973999023438,-2.0773603916168213,6
cumin,pepper,-0.0009765625,-2.7658803462982178,6
curious,new,-4.787109375,-2.152149200439453,6
curious,strong,-3.3310546875,-0.6910927891731262,6
curious,wonderful,-0.033203125,-0.19061912596225739,6
daddy,mummy,-6.60546875,0.46448075771331787,6
dark,dense,-0.681640625,1.4851311445236206,6
dark,dreary,6.751702308654785,6.862189292907715,6
dark,fearful,4.0325927734375,3.86565899848938,6
dark,high,7.59375,-0.42357659339904785,6
dark,melancholy,9.326986312866211,5.930821418762207,6
dark,secret,5.572265625,5.360344886779785,6
dark,starlight,4.1787109375,1.670667290687561,6
dark,swollen,1.3910160064697266,2.727980136871338,6
dark,tangled,0.6204261779785156,3.0624351501464844,6
dark,twisted,9.34027099609375,3.606912136077881,6
dark,ugly,-0.205078125,2.5167555809020996,6
dark,unforgiving,8.7763671875,8.730177879333496,6
dark,unshaven,4.4970703125,6.173521518707275,6
darker,darker,0.0,0.15053017437458038,6
darker,denser,6.049285888671875,3.617877960205078,6
darkness,disappearance,-6.7713623046875,3.6094160079956055,6
darkness,silence,5.533203125,0.025409862399101257,6
darkness,solitude,5.435546875,1.1901822090148926,6
darter,madame,3.640625,0.8935834169387817,6
dash,enthusiasm,-1.6717185974121094,0.22907637059688568,6
decades,decades,0.0,0.15053017437458038,6
decayed,inexpensive,-4.49847412109375,-0.6835184097290039,6
degree,removal,6.0380859375,2.6820032596588135,6
delicate,lazy,-1.225616455078125,0.3679444193840027,6
delicate,pale,1.4747314453125,-4.000370025634766,6
delicate,slender,-3.18682861328125,-0.26373612880706787,6
delightedly,largely,3.085205078125,-0.6086285710334778,6
democratic,political,-6.71484375,-0.09600614011287689,6
dense,frequent,0.22064208984375,-0.5796021819114685,6
dense,massive,-0.6199951171875,-0.7306629419326782,6
denser,denser,0.0,0.15053017437458038,6
depression,humiliation,-0.8872451782226562,1.9773993492126465,6
desertion,silence,0.15625,-3.931303024291992,6
detected,exposed,-1.3701019287109375,3.8007705211639404,6
detected,pursued,1.894536018371582,1.3879622220993042,6
devastating,massive,-3.982389450073242,-2.4522836208343506,6
devastating,tragic,-1.74481201171875,-1.4947059154510498,6
dialect,vernacular,-1.2962932586669922,-0.6972959041595459,6
dice,slice,1.60888671875,0.45958036184310913,6
diligent,responsible,-0.40362548828125,0.5714914798736572,6
direct,interactive,5.3173828125,0.9436241984367371,6
direct,strong,-7.1328125,-5.154541969299316,6
direct,write,-4.09765625,-2.64166259765625,6
disciples,friends,2.0068359375,-1.9993244409561157,6
disciples,interpreter,-1.87841796875,0.16478772461414337,6
disgrace,humiliation,1.1865253448486328,1.406716227531433,6
disgusting,gross,-1.6253662109375,-3.492079496383667,6
disgusting,impetuous,10.094482421875,-3.6544103622436523,6
dismayed,pale,-7.392559051513672,-5.188058853149414,6
disobedient,unruly,8.485408782958984,3.8039870262145996,6
disposition,sale,-11.064453125,0.1632738560438156,6
disposition,trial,0.28271484375,-2.0379154682159424,6
disrespectful,insubordinate,4.480876922607422,-0.4837123155593872,6
disrespectful,untamed,2.385498046875,0.9871282577514648,6
dissident,political,0.9931640625,0.1451338529586792,6
doctors,priests,-8.068359375,1.6329535245895386,6
dominican,haitian,-1.5187454223632812,1.0510026216506958,6
dousings,leaps,-4.91064453125,-1.1902509927749634,6
downforce,traction,-3.771484375,0.1448669731616974,6
drowsy,languid,5.06195068359375,-0.24830494821071625,6
drywall,paint,-1.9677734375,-1.6201812028884888,6
dumfounded,quaking,-5.484518527984619,1.9575546979904175,6
dunked,soaked,-4.33984375,-0.3411834239959717,6
dynastic,political,-2.703125,-1.4407691955566406,6
eager,rapt,-2.638671875,1.3956714868545532,6
eager,shrill,-4.4306640625,1.4459844827651978,6
eager,wondering,-6.9521484375,0.5710655450820923,6
earthly,heavenly,-4.98828125,-0.09021665155887604,6
eastern,south,2.2421875,1.0564208030700684,6
eat,eat,0.0,0.15053017437458038,6
eat,loaf,2.919921875,4.48081111907959,6
eat,rise,-2.484375,-0.5063395500183105,6
eat,stay,-3.07421875,-1.5490766763687134,6
eaten,gathered,-3.66015625,-0.7858943939208984,6
eaten,slept,1.34375,0.46332859992980957,6
educational,entertaining,-4.0572357177734375,-0.8198160529136658,6
educational,political,3.01708984375,-0.7233181595802307,6
educational,religious,-0.54541015625,-3.4010467529296875,6
efflorescences,encrustations,10.70263671875,1.9974037408828735,6
elegance,grace,0.723724365234375,-2.769695281982422,6
emperor,king,-4.91015625,0.42509812116622925,6
empires,leaders,-1.8828125,-2.1938681602478027,6
entertaining,new,-10.617813110351562,-6.057775497436523,6
enthusiasm,excitement,0.8327178955078125,-0.9797271490097046,6
enthusiasm,pep,0.43358373641967773,0.4723889231681824,6
enthusiasm,triumph,-2.5072803497314453,0.4773060083389282,6
entirely,fully,-3.390625,0.37978583574295044,6
entirely,thoroughly,-2.37109375,-0.13118012249469757,6
eternal,strong,-1.083984375,-2.1686007976531982,6
eventful,harassing,-4.08447265625,0.18309767544269562,6
eventful,new,-6.282953262329102,-2.868378162384033,6
excitement,exertion,-0.232269287109375,4.016443729400635,6
excitement,triumph,2.89764404296875,-0.04442186653614044,6
excitement,trouble,-1.7177734375,-0.14033056795597076,6
executive,regulatory,0.0335693359375,0.8638978004455566,6
extensive,new,-11.568145751953125,-4.583358287811279,6
extensive,strong,2.373779296875,-2.1825098991394043,6
extent,speed,-7.6728515625,-3.136645555496216,6
faggots,straw,-4.601165771484375,-1.3899468183517456,6
falling,flying,1.796875,-0.41788792610168457,6
false,groundless,7.463623046875,-0.24795721471309662,6
false,wrong,2.4169921875,-1.8453911542892456,6
far,far,0.0,0.15053017437458038,6
far,high,0.580078125,-1.7184646129608154,6
far,unused,-0.90234375,5.78533411026001,6
farder,farder,0.0,0.15053017437458038,6
farmer,wife,1.337890625,2.9917984008789062,6
father,father,0.0,0.15053017437458038,6
father,grandmother,5.8671875,-0.4639208912849426,6
father,jm,3.23046875,0.9929537773132324,6
father,son,8.2646484375,1.1954777240753174,6
fearful,unknown,4.16021728515625,-1.0417388677597046,6
fearful,wonderful,4.23681640625,1.8404990434646606,6
fifth,smallest,0.6980161666870117,-0.25887012481689453,6
fight,hunt,-4.9765625,-0.06824767589569092,6
fight,overcome,-0.5068359375,-0.2981244921684265,6
fight,stand,-8.6513671875,-1.2914375066757202,6
fight,stay,-3.87890625,1.8472639322280884,6
fight,wait,0.0703125,-0.36027032136917114,6
fighting,hunting,-1.5546875,-0.21645928919315338,6
fighting,watching,0.212890625,-0.22953079640865326,6
fighting,working,-4.826171875,0.2038804143667221,6
fills,fills,0.0,0.15053017437458038,6
find,seek,-3.77734375,-0.8140273690223694,6
fish,hunt,-6.0546875,0.9122295379638672,6
fish,insects,5.175048828125,0.880980908870697,6
fish,loaves,-0.95703125,2.725649356842041,6
fish,plant,-4.9111328125,2.9365549087524414,6
fish,squid,-0.92919921875,1.3966630697250366,6
fish,vegetables,4.028076171875,0.7898452877998352,6
flamingoes,mustard,13.0693359375,-0.16043756902217865,6
flatly,instantly,1.5234375,3.2060136795043945,6
flew,flew,0.0,0.15053017437458038,6
flew,fluttered,-2.755218505859375,-0.6935412883758545,6
flexible,flexuous,1.698528528213501,-0.10108713805675507,6
flexible,slender,-0.54736328125,-0.5719900131225586,6
flowers,gardens,-0.29395294189453125,2.9012086391448975,6
flowers,insects,7.734466552734375,1.8976274728775024,6
flowers,streamers,4.197265625,1.8141974210739136,6
flowers,vegetables,0.091400146484375,2.077467203140259,6
flowers,wines,3.482421875,1.5852769613265991,6
fluttered,fluttered,0.0,0.15053017437458038,6
fonder,fonder,0.0,0.15053017437458038,6
fox,geese,7.796875,2.9948339462280273,6
frequent,prolonged,8.52947998046875,2.1478219032287598,6
friends,lovers,1.82421875,1.6768903732299805,6
friends,owners,-3.7841796875,0.2514752745628357,6
frightened,pale,-8.46484375,-3.1181695461273193,6
frightened,unmanageable,0.5776982307434082,1.377835750579834,6
frightened,wondering,0.4951171875,2.3362083435058594,6
fruitful,important,1.265625,-0.9675170183181763,6
ganders,geese,2.79638671875,-0.9128314256668091,6
gentleness,kindliness,-4.459880828857422,0.1439540535211563,6
gentleness,magnanimity,-8.365025520324707,0.7183640003204346,6
geocaching,letterboxing,2.6357421875,-1.526896595954895,6
geography,religious,3.41552734375,1.4163806438446045,6
gestures,sounds,-2.032499313354492,-1.2113378047943115,6
gestures,swipes,0.9779815673828125,0.3275076150894165,6
gigglings,whisperings,7.9716796875,-1.516674280166626,6
gladness,refreshment,4.931389331817627,4.208103656768799,6
going,going,0.0,0.15053017437458038,6
going,motivated,2.868408203125,-0.7102535367012024,6
grace,majesty,8.564453125,1.3419455289840698,6
grace,swiftness,2.32025146484375,2.2037367820739746,6
grace,truth,3.23974609375,0.6656450033187866,6
grace,virulence,-3.377685546875,4.845484256744385,6
gratin,pasta,-10.9312744140625,-3.736206531524658,6
gravity,silence,0.428466796875,-1.8898922204971313,6
gravity,years,3.9141845703125,-3.5866990089416504,6
grease,paint,-2.763916015625,-1.0898756980895996,6
greater,greater,0.0,0.15053017437458038,6
greater,new,-5.9453125,-0.1141505092382431,6
greater,stronger,-0.4765625,-1.2232435941696167,6
greatest,strongest,1.2321624755859375,1.0713261365890503,6
grim,rocky,-9.574874877929688,1.8408797979354858,6
grim,tense,13.3828125,0.8964528441429138,6
grim,ugly,12.328125,0.5211933255195618,6
grizzled,sparse,-6.56689453125,1.2424712181091309,6
groaned,swayed,0.9114497900009155,0.9411953687667847,6
gross,wiggly,-5.5107421875,0.6450188159942627,6
grumpy,religious,-4.652153015136719,-1.537933588027954,6
guarded,locked,0.7296791076660156,-2.641392946243286,6
guarded,protective,3.753877639770508,-1.3941338062286377,6
guarded,suspicious,-3.905459403991699,-0.30529874563217163,6
guns,rockets,-2.8095703125,-1.7334507703781128,6
guns,shades,-1.78125,3.2892189025878906,6
guns,ships,3.1162109375,0.8212164640426636,6
guns,sticks,-5.330078125,0.21492315828800201,6
halloaed,shouted,-4.025390625,-1.7905244827270508,6
hallucinations,paralysis,2.587129592895508,-0.06436417996883392,6
hammers,iron,0.4501953125,-0.19701160490512848,6
handy,new,-1.083160400390625,-3.2238738536834717,6
handy,strong,0.1436767578125,-2.5502777099609375,6
harassed,pale,-8.2529296875,-6.579276084899902,6
harmonic,rhythmic,-6.2786865234375,-1.4226819276809692,6
hateful,mean,0.375,-1.8744498491287231,6
hatred,jealousy,-3.6887741088867188,-2.1159815788269043,6
heir,son,-7.935302734375,-2.969616413116455,6
help,hold,-1.940673828125,-0.15404601395130157,6
help,shelter,5.203125,0.9852547645568848,6
help,stay,-7.78125,0.20246054232120514,6
hide,seek,13.6712646484375,2.873115062713623,6
hiding,watching,-3.19921875,-0.6355342268943787,6
high,intermediate,-5.489350318908691,6.337100982666016,6
high,rocky,7.494968414306641,5.1268110275268555,6
high,shrill,2.918701171875,5.093577861785889,6
high,strong,-1.83203125,0.5131898522377014,6
high,tight,2.794921875,1.6002074480056763,6
high,tower,-0.3671875,0.349410742521286,6
hoarser,rougher,-7.7410736083984375,-0.7191733717918396,6
hockey,soccer,3.18503999710083,0.37057995796203613,6
hold,pull,7.1328125,-0.7556922435760498,6
honesty,truth,-0.27346324920654297,-1.1879383325576782,6
honeyeater,thornbill,8.25897216796875,2.395937919616699,6
hostility,intolerance,0.32393455505371094,0.7257117033004761,6
house,trance,-9.140625,2.159367799758911,6
howled,howled,0.0,0.15053017437458038,6
howled,shouted,-11.65472412109375,1.733202576637268,6
howled,whined,-2.8837890625,0.958270251750946,6
humans,pigs,1.130859375,1.8838716745376587,6
humans,spirits,6.39453125,-0.7841876149177551,6
humiliation,rejection,-1.271026611328125,-0.06790733337402344,6
hums,plays,1.3525390625,3.0455479621887207,6
hums,writes,0.9730567932128906,3.858020305633545,6
hungrier,hungrier,0.0,0.15053017437458038,6
hunt,sport,-3.9306640625,-1.573095440864563,6
hunt,transform,1.396484375,2.610198974609375,6
images,sounds,0.2642059326171875,0.5156542062759399,6
impertinent,troublesome,-2.048320770263672,-1.4370883703231812,6
impertinent,ugly,-5.910703659057617,-1.0944501161575317,6
import,sale,5.443359375,-0.37057530879974365,6
important,new,-10.375,-3.9247703552246094,6
important,unpleasant,0.24122273921966553,1.502701759338379,6
impotent,indecisive,6.74371337890625,2.623190402984619,6
independence,triumph,-0.529052734375,-0.5644843578338623,6
industries,mines,2.5496041774749756,-0.373948335647583,6
infertile,rocky,1.072265625,-2.124051094055176,6
inflamed,swollen,2.1129913330078125,-2.2309823036193848,6
innocence,truth,-3.1514892578125,-1.6673747301101685,6
instantly,neatly,-2.35198974609375,1.42510986328125,6
instrumental,religious,0.5028533935546875,-1.6380316019058228,6
invasions,troubles,2.1111679077148438,-1.4961071014404297,6
iron,rock,-2.35546875,-1.724510669708252,6
iron,vitamins,-3.9828877449035645,1.1651943922042847,6
ironic,tragic,-8.7562255859375,0.1450088620185852,6
iy,wonderful,-4.067527770996094,-2.8497557640075684,6
jealousies,troubles,-2.3642578125,-1.7916191816329956,6
judicial,legal,-3.0866470336914062,-1.2347999811172485,6
labour,plant,3.4677734375,0.6235455870628357,6
lagged,lagged,0.0,0.15053017437458038,6
lake,river,0.77734375,0.7245094180107117,6
languid,pale,-2.5760040283203125,-3.650887966156006,6
lazy,somnolent,4.0122528076171875,3.887301445007324,6
legal,political,-5.93212890625,-1.8362599611282349,6
legal,regulatory,5.361328125,4.128839015960693,6
legal,religious,-1.9140625,-1.0744831562042236,6
ligaments,muscles,-7.148155212402344,0.32814496755599976,6
linguistic,religious,-1.3740234375,-4.0087890625,6
lively,new,-3.4856491088867188,-2.3750925064086914,6
lively,tight,1.72265625,-2.033289909362793,6
living,shop,-1.9453125,0.9487386345863342,6
living,working,-2.41796875,1.273011326789856,6
locked,strong,-1.181640625,-1.853319764137268,6
loyalty,truth,-5.953125,-2.067777156829834,6
manipulated,tricked,-3.150390625,-1.5873668193817139,6
materials,objects,1.9359407424926758,0.4758785367012024,6
mayo,mustard,5.31494140625,-3.396833658218384,6
meal,vegetables,0.59130859375,0.19002923369407654,6
mean,nasty,-1.62890625,-3.364163875579834,6
mean,ugly,-1.326171875,0.2678530812263489,6
melodious,strong,-7.4024658203125,-3.6160387992858887,6
merrily,swiftly,3.205322265625,-0.9892408847808838,6
military,political,-1.71875,0.31341952085494995,6
military,politics,2.478515625,-0.7362583875656128,6
military,religious,-2.8076171875,-1.2595258951187134,6
military,space,5.013671875,2.7102584838867188,6
mines,quarries,-4.9429931640625,-0.0942947119474411,6
mines,torpedoes,-4.792083740234375,-0.42589080333709717,6
months,months,0.0,0.15053017437458038,6
months,years,2.23828125,-0.41406357288360596,6
mummy,mummy,0.0,0.15053017437458038,6
murdered,skinned,-4.541259765625,-1.56722092628479,6
narcissism,narcissism,0.0,0.15053017437458038,6
nasty,ugly,-1.830078125,0.6526841521263123,6
nasty,unpleasant,5.49491548538208,3.7044732570648193,6
national,political,4.322265625,0.02492259442806244,6
national,regional,1.4106254577636719,0.6706897020339966,6
national,religious,-1.2939453125,-0.5271754264831543,6
neatly,swiftly,3.6770191192626953,-0.17736069858074188,6
neoendemism,paleoendemism,-5.938305854797363,-0.20291681587696075,6
never,off,-8.90625,-3.5405354499816895,6
new,pioneering,-0.48828125,1.6390514373779297,6
new,precious,9.826171875,0.32039088010787964,6
new,strong,-0.62109375,0.16641798615455627,6
new,successful,8.41015625,0.3772697150707245,6
new,ugly,1.767578125,0.0845361202955246,6
new,unusual,7.75,1.6221259832382202,6
new,wonderful,7.1484375,0.08487828075885773,6
nobles,princes,0.8787841796875,0.4783599376678467,6
nodded,swayed,1.1219907999038696,0.47509878873825073,6
north,south,5.7761993408203125,0.8465923070907593,6
novelized,sung,8.23828125,0.7792330384254456,6
numbness,tingling,-5.09490966796875,2.105207681655884,6
ober,ober,0.0,0.15053017437458038,6
oppressive,unpleasant,3.1227874755859375,-1.2778667211532593,6
oracular,sacred,-7.1630859375,-0.8814325332641602,6
organization,rank,1.623046875,-0.6149599552154541,6
ounces,ounces,0.0,0.15053017437458038,6
owl,raven,7.6903076171875,4.348376274108887,6
packing,riding,1.5767974853515625,1.1248551607131958,6
paint,paint,0.0,0.15053017437458038,6
painting,poetry,-1.3216705322265625,2.906909942626953,6
pale,sickly,6.85400390625,3.051835775375366,6
pale,veiny,-0.60546875,1.1613966226577759,6
pant,stand,-10.3564453125,-3.069823741912842,6
parliamentary,political,-1.78955078125,0.6420111060142517,6
parliamentary,presidential,1.1458740234375,0.34308746457099915,6
passwords,usernames,2.420808792114258,0.7325812578201294,6
penniless,ugly,-4.3885297775268555,-4.611541271209717,6
perch,suckers,-2.615966796875,-1.2590521574020386,6
perplexity,trouble,-4.4042463302612305,-2.2797560691833496,6
plant,sow,6.74609375,1.200117588043213,6
plaques,tangles,9.62109375,-0.7792893052101135,6
plasters,weights,-1.6138916015625,-0.04742990434169769,6
plates,spoons,-2.237619400024414,4.3027424812316895,6
plates,utensils,5.489601135253906,1.3753246068954468,6
plays,poetry,-3.5937652587890625,-0.6575226783752441,6
poetry,sports,2.73394775390625,-1.037858009338379,6
poetry,wit,3.246030807495117,2.4409420490264893,6
poke,pull,3.109375,-1.2504810094833374,6
political,political,0.0,0.15053017437458038,6
political,religious,1.7099609375,-0.5521742701530457,6
pray,wait,-2.837890625,0.09148998558521271,6
precious,round,2.546875,-0.38351112604141235,6
pressors,volume,-5.591796875,-0.390603244304657,6
profitable,reasonable,-5.86895751953125,-0.46966552734375,6
prolonged,searching,6.066941261291504,-0.8324251174926758,6
pronunciation,tones,0.1281280517578125,-0.7996687889099121,6
protective,strong,-7.8974609375,-4.009246826171875,6
prussian,russian,2.5198822021484375,-0.5425132513046265,6
publish,write,-3.899751663208008,-0.6750065684318542,6
pumping,pumping,0.0,0.15053017437458038,6
pushed,pushed,0.0,0.15053017437458038,6
ranks,species,4.37939453125,1.266668677330017,6
recharged,reused,0.673095703125,0.029399901628494263,6
reefed,stowed,1.4398714303970337,0.8915347456932068,6
refreshment,repose,9.209747314453125,-1.6055512428283691,6
regional,school,3.444952964782715,-3.081970453262329,6
religious,sports,2.052734375,0.8328279256820679,6
remarried,reneged,5.2048492431640625,0.6818073987960815,6
repose,shelter,-6.17236328125,-0.653152585029602,6
rescue,search,-9.949462890625,-1.2804263830184937,6
resting,working,4.259765625,-1.4284924268722534,6
rhythmic,symmetrical,-7.993406772613525,0.9863171577453613,6
rings,sounds,-3.25,-0.0756436437368393,6
rise,spring,1.865234375,0.6785985827445984,6
rites,symbolisms,1.3850364685058594,1.2611147165298462,6
rock,soil,-0.580078125,1.9373500347137451,6
rock,thicket,-0.77764892578125,1.9882651567459106,6
rocky,tangled,-0.92578125,0.06785278767347336,6
rolls,rolls,0.0,0.15053017437458038,6
rooms,rooms,0.0,0.15053017437458038,6
round,round,0.0,0.15053017437458038,6
round,strong,-2.2255859375,-2.2253782749176025,6
rounder,rounder,0.0,0.15053017437458038,6
rubber,wool,1.37054443359375,0.08325215429067612,6
russian,swedish,-2.5316543579101562,0.15845787525177002,6
russian,yiddish,10.468353271484375,1.6193698644638062,6
sacred,secret,-2.66796875,1.3219941854476929,6
sagacity,wit,-2.8786942958831787,-1.4304461479187012,6
savages,unintelligent,1.7922821044921875,1.2457412481307983,6
sea,shore,-5.8662109375,0.15378858149051666,6
searched,searched,0.0,0.15053017437458038,6
searching,searching,0.0,0.15053017437458038,6
secret,wrong,0.703125,0.6150843501091003,6
seeded,unseeded,1.9624176025390625,0.1426442563533783,6
ships,shore,0.744140625,1.908197045326233,6
ships,troops,3.24609375,-0.7169017791748047,6
shook,shook,0.0,0.15053017437458038,6
shopping,sunbathing,0.013671875,1.721025824546814,6
shrank,swelled,-0.800048828125,-0.8447909355163574,6
shrill,unpleasant,8.042766571044922,1.1864666938781738,6
silence,solitude,-2.75244140625,2.0105793476104736,6
silk,tea,2.787109375,-1.847000241279602,6
sinks,toilets,4.6414794921875,-0.2561146020889282,6
slept,slept,0.0,0.15053017437458038,6
soaked,swollen,-1.2435760498046875,-0.06278027594089508,6
somewhat,thoroughly,-0.150390625,-1.4567400217056274,6
sounds,sounds,0.0,0.15053017437458038,6
south,south,0.0,0.15053017437458038,6
sprightly,strong,-5.9501953125,-4.692716598510742,6
squatting,thrusting,8.753875732421875,-0.9051506519317627,6
stand,stand,0.0,0.15053017437458038,6
stand,wait,6.818359375,3.891575336456299,6
stately,strong,-1.9169921875,-0.6479811668395996,6
stay,stay,0.0,0.15053017437458038,6
stay,think,5.0078125,5.148909091949463,6
stops,thinks,4.30859375,3.030247211456299,6
streets,streets,0.0,0.15053017437458038,6
strong,successful,8.607421875,2.292952537536621,6
strong,swift,2.697265625,0.42132940888404846,6
strong,tight,-6.26953125,0.9273337721824646,6
strong,tyrannous,1.383056640625,4.0007710456848145,6
strong,unusual,8.8046875,4.368350982666016,6
stronger,stronger,0.0,0.15053017437458038,6
sullenly,unwillingly,6.13037109375,-0.8885782957077026,6
sunsets,tea,1.54974365234375,-0.6077575087547302,6
suspicious,wondering,4.78564453125,1.9762191772460938,6
sympathize,understand,-4.969409942626953,1.295279860496521,6
think,think,0.0,0.15053017437458038,6
think,wait,-3.21875,-1.9499074220657349,6
thoroughly,vigorously,1.7622685432434082,1.8178523778915405,6
trial,tribulations,6.13671875,-0.4242708683013916,6
trial,trouble,-2.6328125,-0.44961947202682495,6
turkey,vegetables,6.39544677734375,2.926805019378662,6
turn,turn,0.0,0.15053017437458038,6
twos,twos,0.0,0.15053017437458038,6
uglier,uglier,0.0,0.15053017437458038,6
understand,write,2.1484375,-1.7062543630599976,6
unhumanized,untamed,-0.62109375,-0.2748599052429199,6
unknowable,unknown,-3.876708984375,-1.7352231740951538,6
vigorously,wrong,1.37060546875,-1.111296534538269,6
wait,wait,0.0,0.15053017437458038,6
waking,watching,-2.333251953125,0.13495925068855286,6
weights,widths,-4.88671875,0.05239363759756088,6
wondering,wondering,0.0,0.15053017437458038,6
working,working,0.0,0.15053017437458038,6
years,years,0.0,0.15053017437458038,6
abandoned,old,-9.563543319702148,-4.922985553741455,7
acres,acres,0.0,0.163394957780838,7
activity,eagerness,-0.9423828125,-2.982865571975708,7
activity,life,-3.306640625,-2.39265775680542,7
addiction,overdose,1.38018798828125,1.7589154243469238,7
adult,child,-4.75390625,-1.983642578125,7
adult,children,-4.595703125,0.3487250804901123,7
advanced,brightened,6.07293701171875,0.321849524974823,7
advertising,marketing,1.1097640991210938,0.09156636148691177,7
agony,fear,-3.4775390625,-0.889426589012146,7
air,light,-6.19140625,-2.595938205718994,7
algerian,moroccan,6.573974609375,0.4614149332046509,7
aloes,euphorbias,2.71142578125,0.19114232063293457,7
ambitious,worldly,0.17133331298828125,-1.2064316272735596,7
ammunition,bombs,-13.945104598999023,-2.8899176120758057,7
ammunition,weapons,-3.7424001693725586,-2.7574548721313477,7
ammunitions,weapons,-7.303474426269531,-1.0547629594802856,7
amuse,interest,-6.3642578125,-2.6087357997894287,7
anatomy,morphology,3.447509765625,1.1762943267822266,7
antisemitic,nationalist,5.135009765625,2.7074313163757324,7
anus,urogenital,5.6796875,0.10485433787107468,7
asked,blushed,-10.53173828125,-2.353416919708252,7
assault,robbery,6.12591552734375,-1.4532616138458252,7
assured,final,1.111328125,0.6926475763320923,7
attentively,gravely,-0.43747544288635254,-2.3106539249420166,7
autos,carriages,-11.80755615234375,0.08046399056911469,7
bags,purses,-0.9306640625,2.215701103210449,7
balanced,benign,-0.56103515625,2.210317611694336,7
ballets,operas,1.8837890625,3.267434597015381,7
barriers,queries,-3.10809326171875,0.172072634100914,7
bearer,flag,-6.561279296875,-1.6083170175552368,7
bedraggled,desperate,0.12682151794433594,-1.2414270639419556,7
bedraggled,soiled,-5.023272514343262,1.2313034534454346,7
belgian,dutch,-7.17608642578125,-0.6809978485107422,7
belgian,moroccan,-2.279998779296875,0.8690017461776733,7
bent,cramped,4.4864349365234375,1.3418371677398682,7
bent,old,-8.8828125,-4.2072649002075195,7
bent,worn,0.01953125,-0.3205973207950592,7
billeting,orientation,-9.36260986328125,0.4728599786758423,7
biology,genetics,5.7427520751953125,0.7793549299240112,7
bittersweet,milk,-11.815185546875,-2.0380280017852783,7
blabbing,tattling,2.333984375,0.6093385219573975,7
blind,cruel,-2.96875,0.8198046684265137,7
blind,helpless,1.0295753479003906,0.7757843732833862,7
blind,old,-4.698486328125,-2.511014461517334,7
blind,vague,-6.806640625,-0.16850513219833374,7
bloating,pain,-1.625,-0.9145050048828125,7
blossoms,herbs,2.2047882080078125,-0.7950286865234375,7
blowing,blowing,0.0,0.163394957780838,7
blowing,spitting,1.92724609375,0.9655743837356567,7
blustering,rollicking,0.00384521484375,1.2041116952896118,7
blustering,wild,-5.7431640625,-2.6503701210021973,7
boast,brag,0.3336181640625,0.44314834475517273,7
bombs,revolution,0.9560546875,1.7904987335205078,7
bombs,rowdies,0.587890625,0.9132806062698364,7
bombs,weapons,1.0178985595703125,0.22503362596035004,7
bones,flesh,-4.02734375,-0.7341738939285278,7
bones,organs,1.6799392700195312,3.2205257415771484,7
bones,skeleton,10.54296875,1.6535943746566772,7
bones,skin,-8.501953125,-0.9907588958740234,7
bows,buckles,2.99884033203125,1.4888713359832764,7
bragged,bragged,0.0,0.163394957780838,7
bribery,extortion,0.3358039855957031,2.256281852722168,7
bribery,promises,-0.5330185890197754,1.5370315313339233,7
bribes,promises,7.5048828125,2.9534096717834473,7
brisk,light,-2.84991455078125,-0.7421187162399292,7
bromides,iodides,3.7821044921875,0.6925804615020752,7
bronchitis,scabies,-4.477447509765625,-1.0399787425994873,7
brush,grass,-3.73291015625,-0.40369275212287903,7
brush,poles,-7.0478515625,2.841503143310547,7
bucked,roared,-6.1400146484375,-1.3654876947402954,7
bulletproof,tactical,2.7140960693359375,1.3127106428146362,7
bushels,bushels,0.0,0.163394957780838,7
bushes,grass,-1.2294921875,-0.034259676933288574,7
bushes,thorns,1.8418045043945312,2.7957706451416016,7
businesses,citizens,-3.1728515625,-1.140514850616455,7
businesses,colonies,-4.50244140625,-0.8852652311325073,7
businesses,properties,-3.233003616333008,1.1557120084762573,7
butlers,sex,0.400390625,-0.3360312283039093,7
calculated,deliberate,-3.7861328125,0.07955172657966614,7
calm,deadly,1.8193359375,4.039337158203125,7
calm,delightful,1.4599609375,2.2856733798980713,7
calm,light,2.50390625,-0.21156960725784302,7
calm,quiet,-2.94140625,0.14137393236160278,7
calm,sedate,4.74267578125,2.285994529724121,7
calm,stability,4.7607421875,1.3808205127716064,7
calm,sunshine,4.216796875,0.4979008734226227,7
canons,statutes,-5.3134765625,1.3928234577178955,7
carefulness,indifference,7.895263671875,3.072014331817627,7
carriages,motorcars,-3.4786376953125,0.25671571493148804,7
cart,harness,0.408203125,0.6669316291809082,7
cases,casks,-3.0048828125,-1.8143577575683594,7
cases,complaints,2.575592041015625,0.7860078811645508,7
cases,presses,11.6767578125,-0.14722511172294617,7
caught,kept,6.779296875,1.995936393737793,7
celebrate,drink,0.6236834526062012,-2.1502208709716797,7
central,large,0.095703125,-2.781684637069702,7
charabancs,charabancs,0.0,0.163394957780838,7
cheapest,easiest,6.314666748046875,0.07242745161056519,7
chess,rugby,4.686128616333008,1.3688442707061768,7
child,child,0.0,0.163394957780838,7
children,gum,0.98828125,1.8092365264892578,7
children,hens,0.7826995849609375,-0.5516226291656494,7
children,ladies,-0.62890625,-0.32259801030158997,7
children,milk,0.620361328125,-0.03626978397369385,7
children,pensioners,2.70849609375,1.6979820728302002,7
children,substitute,-0.0693359375,2.9552268981933594,7
citizens,musicians,-4.904541015625,1.0205364227294922,7
citronellol,geraniol,-8.4326171875,-0.6804701089859009,7
civilians,warriors,2.1005115509033203,-1.2102736234664917,7
clapped,clapped,0.0,0.163394957780838,7
clapped,roared,2.338225841522217,-3.8183016777038574,7
claws,legs,1.2900390625,-1.6901540756225586,7
clinopyroxene,nepheline,1.20458984375,-1.2879295349121094,7
clues,criminals,3.859375,0.8147993087768555,7
clues,maps,3.734375,-0.02836543321609497,7
cockroackes,temites,5.6187744140625,-0.49964985251426697,7
collectors,museums,4.58642578125,-2.2650094032287598,7
concentrated,deliberate,3.33770751953125,0.9207273721694946,7
cones,tapes,-1.6128692626953125,-2.43420147895813,7
confined,insane,-13.138671875,0.13313500583171844,7
connoisseurs,ladies,-11.290771484375,-3.0511810779571533,7
contamination,pollution,-6.06787109375,-1.119441032409668,7
contradictory,vague,-4.309837341308594,-1.491496205329895,7
convenient,large,-1.33203125,-5.143874168395996,7
convenient,serious,-8.996337890625,-2.3553833961486816,7
copied,remembered,3.2720947265625,-2.2945284843444824,7
cornflakes,milk,5.5927734375,-1.1437280178070068,7
courageous,old,-3.0970497131347656,-4.394279956817627,7
cower,shrink,-8.1004638671875,-1.0464473962783813,7
crackled,glowed,5.755584716796875,0.30741021037101746,7
crackled,roared,1.3447761535644531,-1.0485719442367554,7
crashing,crashing,0.0,0.163394957780838,7
crashing,thudding,8.464599609375,0.845549464225769,7
creepy,impressive,0.44671630859375,0.7004010677337646,7
crime,drugs,0.47021484375,-0.1635075807571411,7
crime,sex,-1.4189453125,-1.4382076263427734,7
criminality,hardship,-5.81396484375,1.023216724395752,7
criminals,dungeons,-3.2523350715637207,0.19009485840797424,7
criminals,thieves,-6.093866348266602,-1.9399676322937012,7
criminals,vagabonds,4.476457595825195,-0.9164245128631592,7
crops,harvest,-3.5249557495117188,-1.6875169277191162,7
crops,properties,8.946394920349121,0.606110692024231,7
crossness,meddling,-0.1849803924560547,3.3158414363861084,7
cruel,disastrous,-0.08041822910308838,2.3840973377227783,7
cruel,envious,1.66705322265625,1.5846703052520752,7
cruel,inconceivable,-0.45947265625,3.0980169773101807,7
cruel,paranoid,3.9570107460021973,1.5451726913452148,7
cruel,stormy,-1.5146484375,0.9040180444717407,7
cruel,wasteful,5.989013671875,2.002582311630249,7
cruel,wild,-5.093017578125,-2.865839958190918,7
curiosity,eagerness,5.483274459838867,0.987962007522583,7
curiosity,interest,-1.693920612335205,0.8333239555358887,7
curiosity,pain,-0.09231829643249512,0.03525601327419281,7
currently,formerly,3.9478302001953125,1.389878511428833,7
curtsy,smile,-7.4365234375,-2.3815245628356934,7
dainty,particular,1.18505859375,0.044604092836380005,7
dainty,soft,-0.187469482421875,-3.458770275115967,7
danced,sang,1.038473129272461,0.34585726261138916,7
deliberate,mock,-7.702392578125,-2.366297721862793,7
deliberated,sat,2.37969970703125,-3.3869829177856445,7
delightful,generous,4.736541748046875,0.5129600763320923,7
delightful,quiet,-0.6640625,-0.6723294258117676,7
deliverance,guidance,-2.884847640991211,-0.6849285364151001,7
demandingly,harshly,-2.412353515625,0.19399194419384003,7
democracy,socialism,-1.7279014587402344,-0.3262498378753662,7
dental,vision,-1.1328125,-1.1456148624420166,7
depressed,quiet,-5.3714599609375,-3.6112422943115234,7
depressed,uneasy,-2.116790771484375,-1.308779001235962,7
desolation,woe,-4.6968994140625,-0.08664202690124512,7
despatch,ease,-5.0654296875,-1.2068160772323608,7
desperate,disorganized,4.421817779541016,1.4078468084335327,7
destiny,life,-4.57470703125,-1.8199968338012695,7
destiny,vision,-1.548828125,-1.7392652034759521,7
dialogues,fugues,5.018157958984375,-0.06497128307819366,7
differences,resemblances,2.777658462524414,1.0618704557418823,7
differences,variations,1.2474346160888672,0.3161005973815918,7
discovered,mined,8.105712890625,-0.19951888918876648,7
discussions,meetings,-7.32098388671875,-0.41778168082237244,7
diseases,genetics,-3.905303955078125,-1.5426430702209473,7
diseases,viruses,1.5093536376953125,0.8865153789520264,7
disheveled,wild,-8.115570068359375,-4.872754096984863,7
displayed,stored,-3.2572460174560547,0.8753108978271484,7
displays,exhibits,-4.9564666748046875,-1.8405424356460571,7
dissolute,idle,0.773529052734375,1.6157903671264648,7
distributed,versioned,-4.7763671875,-0.8247519731521606,7
drama,satirical,-0.3289794921875,2.4662909507751465,7
dread,eagerness,3.9028167724609375,-1.843080997467041,7
dread,fear,-1.73046875,0.059474170207977295,7
dreamless,drugged,2.7778701782226562,-0.7405341863632202,7
dress,jewellery,5.203125,2.948131561279297,7
dress,talk,0.66015625,2.2533164024353027,7
dress,towel,-2.689453125,0.6790432929992676,7
drink,drugs,2.0234375,-1.2229982614517212,7
drink,sail,3.45703125,-0.07915392518043518,7
drink,smile,4.07421875,-2.7900800704956055,7
drink,talk,1.3828125,2.4237804412841797,7
driven,tugged,2.0888595581054688,-0.8431442975997925,7
drugs,homelessness,6.72802734375,0.9686421155929565,7
drugs,sex,-4.345703125,-1.2154443264007568,7
drugs,weapons,0.52734375,-0.10399499535560608,7
duck,squash,-4.765625,2.581584930419922,7
dutch,english,0.58203125,-0.22926777601242065,7
eachother,nature,-5.830078125,-0.7175344228744507,7
eagerness,exultation,7.35791015625,3.420926570892334,7
eagerness,regret,3.0415802001953125,-0.43632981181144714,7
earthquakes,tornadoes,2.5705184936523438,0.21143721044063568,7
earthquakes,volcanoes,13.946205139160156,0.4424645006656647,7
ease,quiet,-2.0662841796875,-0.4236041009426117,7
economic,environmental,0.45468711853027344,3.307816505432129,7
editing,writing,-7.2073974609375,-1.2852652072906494,7
egoistic,inflexible,-0.98583984375,1.4139001369476318,7
enabling,enabling,0.0,0.163394957780838,7
engineers,physicists,-2.2170372009277344,0.13219305872917175,7
english,italian,2.8388671875,1.5031791925430298,7
epilepsy,schizophrenia,2.0076332092285156,0.8444726467132568,7
erm,fertile,-0.07275390625,3.198930025100708,7
erm,revolution,-1.18359375,-0.2025047242641449,7
erm,talk,-7.48046875,0.9678820371627808,7
erm,weight,-4.21484375,-2.4884860515594482,7
ever,ever,0.0,0.163394957780838,7
ever,forever,-4.3092041015625,1.4166982173919678,7
evildoers,murderers,0.6804847717285156,-2.771913528442383,7
excited,hysterical,2.2930164337158203,1.3110501766204834,7
excited,irritable,4.534423828125,3.5743675231933594,7
excited,large,-12.328125,-3.1997721195220947,7
excited,pleased,3.2451171875,-0.6891931295394897,7
excited,wild,-3.52734375,-2.626849412918091,7
excited,wise,-8.1943359375,-3.353060722351074,7
exhibits,papers,-0.2568359375,-1.1788723468780518,7
exhibits,sales,-4.31640625,-1.0744147300720215,7
experienced,old,-5.785569190979004,-5.55372953414917,7
experienced,wise,-2.9010009765625,-2.990417003631592,7
expression,feeling,2.138671875,1.6647342443466187,7
expression,spirit,-1.125,0.4584513306617737,7
extravagant,wasteful,0.25586700439453125,-0.0774170458316803,7
fear,fury,5.11785888671875,0.45127442479133606,7
fear,indignation,0.197357177734375,4.217620372772217,7
fear,pain,-1.029296875,-1.2107439041137695,7
feathered,furry,0.4609794616699219,1.1090534925460815,7
feeling,life,-2.6455078125,-2.1059670448303223,7
fertile,populous,-5.6103515625,-3.0944883823394775,7
final,forth,7.87109375,1.2311456203460693,7
final,fourth,-13.14111328125,-4.254472732543945,7
flag,streamer,7.517578125,0.49173930287361145,7
flat,large,-0.595703125,-0.3064235746860504,7
flat,sandy,8.9072265625,-2.076495885848999,7
flesh,flesh,0.0,0.163394957780838,7
fluorescence,ionization,4.153129577636719,-0.0345822274684906,7
folktales,legends,0.5625085830688477,0.10739464312791824,7
forever,forever,0.0,0.163394957780838,7
forever,once,-3.5751953125,0.14198622107505798,7
formality,legality,8.029296875,0.1044459119439125,7
fourth,only,5.57421875,1.4294297695159912,7
fructose,glucose,2.091779947280884,0.13341893255710602,7
fuller,fuller,0.0,0.163394957780838,7
fuller,higher,1.27734375,-1.8591389656066895,7
furry,soft,-5.3544921875,-7.096307277679443,7
fury,pain,-3.8255157470703125,-1.1473103761672974,7
fury,sound,-2.544921875,-1.3488973379135132,7
garrulous,italian,-13.0205078125,-2.8994626998901367,7
generous,large,-6.044952392578125,-1.8609814643859863,7
generous,sportsmanlike,1.2606201171875,0.3599167466163635,7
generous,virtuous,-1.3474273681640625,0.3004966378211975,7
gin,sex,-5.1005859375,-0.6470656394958496,7
glad,lightsome,9.0595703125,0.49573925137519836,7
globalisation,imperialism,-2.290703058242798,-0.0417904406785965,7
globalisation,industrialisation,-5.47347354888916,0.032734885811805725,7
gradually,irregularly,-2.420928955078125,1.0297592878341675,7
grammar,words,-7.42822265625,0.351551353931427,7
grass,hay,1.66748046875,-0.02505013346672058,7
grasses,herbs,-0.57427978515625,0.6250940561294556,7
grasses,sedges,3.9052734375,3.024782180786133,7
grit,spirit,4.17724609375,-0.8325678110122681,7
growling,growling,0.0,0.163394957780838,7
growling,grunting,-1.0191650390625,-1.4061554670333862,7
growling,snarling,-2.52786922454834,1.0683844089508057,7
growly,raspy,-4.527099609375,0.946692943572998,7
grunting,straining,9.805419921875,1.4749855995178223,7
grunts,shouts,-1.6689453125,1.0339384078979492,7
grunts,sighs,0.8526611328125,-0.4488050639629364,7
guitar,keyboards,11.533531188964844,1.237475872039795,7
habit,instinct,-4.117462158203125,1.6317024230957031,7
hacking,stealing,5.616455078125,2.061936616897583,7
hardship,pain,-1.21405029296875,-1.015900731086731,7
harshly,unjustly,10.65838623046875,1.8163357973098755,7
haughty,imperious,2.1413869857788086,-1.5460569858551025,7
haughty,pompous,-0.7162704467773438,4.063745021820068,7
healthcare,hospitals,-4.037425994873047,-0.7302052974700928,7
hear,obey,10.5859375,0.9996986389160156,7
hear,talk,-2.16796875,-0.9824987649917603,7
helpless,ignorant,5.5883636474609375,2.83266282081604,7
herbs,perfumes,11.4276123046875,1.9185668230056763,7
higher,higher,0.0,0.163394957780838,7
higher,hotter,11.3759765625,2.4032537937164307,7
hoed,hoed,0.0,0.163394957780838,7
hospitals,hostels,-0.052855491638183594,-0.17361143231391907,7
hotter,hotter,0.0,0.163394957780838,7
hovels,palaces,0.926513671875,3.628908157348633,7
huge,influential,7.597846984863281,2.9064526557922363,7
huge,unexpected,-6.9059600830078125,2.7147812843322754,7
humor,spirit,0.314453125,0.2334267795085907,7
humor,words,-6.406005859375,-1.591049075126648,7
hurrahs,shouts,-15.307830810546875,-2.9648027420043945,7
hurried,unconnected,-11.797712326049805,5.155414581298828,7
idle,ignorant,1.4736840724945068,0.08621659874916077,7
ignorant,laughable,0.727078914642334,0.203933984041214,7
ignorant,wild,-3.01202392578125,-2.2667465209960938,7
inclusive,pragmatic,2.389781951904297,0.09171375632286072,7
indirect,vague,-9.668991088867188,-1.5125051736831665,7
individual,mine,-3.875,0.09155762195587158,7
influential,large,-5.832305908203125,-5.928285121917725,7
insinuating,soft,-9.424269676208496,-8.267244338989258,7
instruments,themes,-0.05028581619262695,1.1138640642166138,7
interest,life,-6.9248046875,-3.412079334259033,7
iranian,islamic,7.36065673828125,0.20086389780044556,7
iranian,persian,1.0999078750610352,0.12792111933231354,7
islamic,nationalist,1.796875,-0.3195275068283081,7
jounces,jounces,0.0,0.163394957780838,7
kicking,rearing,3.0331015586853027,0.7838990688323975,7
kicking,scrambling,1.0778656005859375,-0.08722341060638428,7
kill,torture,2.64642333984375,0.09283298254013062,7
knotty,large,-5.39306640625,-3.2385025024414062,7
kurdish,turkish,-6.4478302001953125,1.7762442827224731,7
lady,monkey,-6.4765625,0.6410009860992432,7
language,region,5.78125,2.1813786029815674,7
language,words,-1.3346099853515625,1.3324440717697144,7
large,larger,3.369140625,2.9624640941619873,7
large,quiet,3.885986328125,0.7656883001327515,7
large,ripe,0.607421875,1.713291883468628,7
large,scenic,8.0419921875,3.8601813316345215,7
large,selected,-2.84375,5.195997714996338,7
large,staring,6.796875,2.606020450592041,7
large,variegated,5.980096817016602,4.911711692810059,7
large,wavy,12.10302734375,2.850128173828125,7
large,woolly,8.18890380859375,3.513096809387207,7
larger,larger,0.0,0.163394957780838,7
laughable,pathetic,0.24903273582458496,0.6764016151428223,7
leadership,ownership,-4.18817138671875,-0.39490070939064026,7
leadership,tactical,4.9287109375,0.14841696619987488,7
lean,tall,-4.171875,0.36659812927246094,7
leisure,means,0.13539719581604004,-0.15286925435066223,7
liberty,life,-7.3759765625,-0.8059982061386108,7
life,light,-2.580078125,0.2553744912147522,7
life,nature,0.1015625,0.20854520797729492,7
life,quickness,5.09765625,0.9281060695648193,7
life,spirit,-0.078125,0.9729750156402588,7
life,substance,2.61865234375,1.0932540893554688,7
light,queer,3.396484375,2.9558277130126953,7
light,room,1.693359375,0.2938670814037323,7
light,sound,1.302734375,1.8760404586791992,7
light,sunshine,1.17041015625,0.06412425637245178,7
light,varying,-0.268646240234375,5.357017517089844,7
light,woolly,-1.527618408203125,1.0522663593292236,7
lists,maps,0.71820068359375,-0.716457724571228,7
lithium,risperidone,-14.3087158203125,0.11358261108398438,7
lordly,tall,-9.486328125,-3.6322460174560547,7
maintaining,writing,5.902900695800781,-4.1872968673706055,7
maps,papers,6.130859375,-0.6775914430618286,7
marshland,meadow,2.3349609375,3.9330320358276367,7
masterless,wretched,2.955078125,-0.7307138442993164,7
masters,monks,6.518058776855469,-0.12509551644325256,7
medicinal,vegetable,-6.28466796875,-2.6482393741607666,7
members,stewards,7.581298828125,1.6962053775787354,7
menopausal,old,-8.2900390625,-3.8883204460144043,7
metaphorically,poetically,2.91595458984375,-0.016970068216323853,7
mine,mine,0.0,0.163394957780838,7
mine,thine,-0.111358642578125,-0.267181396484375,7
moaning,sleepless,-3.279296875,0.6069685220718384,7
morally,spiritually,0.991455078125,-0.9426692724227905,7
moroccan,turkish,-3.736328125,-1.3686408996582031,7
mortification,pain,-5.52294921875,-1.568333387374878,7
mortification,regret,0.477294921875,-0.4599882662296295,7
muddy,sandy,-1.0152587890625,-1.5638973712921143,7
muddy,soft,-5.8295745849609375,-4.588371753692627,7
murderers,thieves,2.9935684204101562,-0.804282546043396,7
musicians,singers,0.889441728591919,-0.7580491304397583,7
mutinous,sulky,7.5224609375,0.25334668159484863,7
mutual,spatial,-4.5118255615234375,-0.7751388549804688,7
nails,twine,0.52587890625,-1.2254420518875122,7
niggardly,stingy,4.9949951171875,0.016992807388305664,7
oceans,rivers,-2.4937448501586914,-1.5113449096679688,7
offerings,sacrifice,3.0602097511291504,2.617518424987793,7
often,often,0.0,0.163394957780838,7
old,seasoned,23.939453125,3.2559621334075928,7
old,senile,11.025390625,5.421720027923584,7
old,unsure,2.005859375,1.8239660263061523,7
old,wise,4.2587890625,0.40143176913261414,7
old,worn,10.158203125,3.686601161956787,7
once,once,0.0,0.163394957780838,7
orchestra,singers,2.668701171875,-0.8299305438995361,7
organs,skin,-6.048259735107422,-1.1613926887512207,7
packed,strapped,1.0464681386947632,-1.078720211982727,7
paddled,rowed,-2.040853500366211,-0.19737008213996887,7
pain,regret,6.12890625,1.4502333402633667,7
pain,torture,-0.6845703125,1.6734715700149536,7
pain,weight,-2.923828125,-0.4775409400463104,7
paintings,sculptures,1.7457222938537598,0.9418361186981201,7
pastures,rivers,-5.62890625,-3.4522125720977783,7
pathological,physiological,0.9817001819610596,1.1478193998336792,7
peritoneal,subdural,1.1953125,-1.3694190979003906,7
persian,purple,2.798828125,-3.734015464782715,7
persian,turkish,3.167266845703125,0.16721774637699127,7
pierced,punctured,6.7439727783203125,1.2049871683120728,7
pilgrims,traders,0.4465610980987549,-2.213383913040161,7
pinioned,shackled,1.8941024541854858,-0.381166011095047,7
pirut,pup,-0.8984375,-0.22982606291770935,7
pitted,scarred,-4.2225341796875,-0.09623146057128906,7
places,rivers,0.109375,-0.5257142782211304,7
planters,traders,7.6744384765625,0.34915900230407715,7
playing,playing,0.0,0.163394957780838,7
plucky,quiet,-0.5234375,-2.3292007446289062,7
plump,tall,-2.82421875,-1.3912415504455566,7
polluting,toxic,-3.023505449295044,-1.990661859512329,7
practice,practice,0.0,0.163394957780838,7
practice,prescription,-3.80859375,0.8642222881317139,7
progress,stability,1.8251953125,-1.9257616996765137,7
progress,weight,4.447265625,-2.1348586082458496,7
purse,sword,1.058349609375,-0.03976276516914368,7
quiet,reputable,5.43359375,6.94148588180542,7
quiet,reserved,-3.2333984375,6.359479904174805,7
quiet,restful,-2.32916259765625,3.1984176635742188,7
quiet,soft,0.390625,-1.6700286865234375,7
quiet,wild,-0.728515625,0.4442102909088135,7
quietly,subtly,5.58740234375,3.9805376529693604,7
rifle,shotgun,1.722259521484375,2.1885197162628174,7
riflebirds,sicklebills,5.712165355682373,0.07389186322689056,7
sail,sail,0.0,0.163394957780838,7
sang,sang,0.0,0.163394957780838,7
scarred,worn,6.2265625,-2.7451539039611816,7
serious,unexpected,11.130859375,0.8579772710800171,7
serious,wise,-3.220703125,-3.9361791610717773,7
shouts,sound,4.958900451660156,2.340264320373535,7
shouts,trills,10.591843605041504,0.4488781988620758,7
sights,sights,0.0,0.163394957780838,7
signification,signs,-4.421875,-0.5853444337844849,7
signs,words,6.731201171875,0.8587861061096191,7
simplified,simplistic,-0.8643965721130371,0.4917275011539459,7
skinny,tall,-6.756126403808594,-3.630161762237549,7
smell,sound,-6.62890625,-0.7623027563095093,7
smell,vision,2.712890625,-1.3796274662017822,7
smile,smile,0.0,0.163394957780838,7
smile,talk,4.51171875,3.475238561630249,7
snarling,spitting,5.2239532470703125,1.2433857917785645,7
snarling,underhanded,9.877792358398438,-0.07232502102851868,7
soft,tall,6.4354248046875,0.6206939220428467,7
soft,wavy,4.587890625,3.1256871223449707,7
soft,woolly,1.46484375,2.758711338043213,7
soiled,thumbed,6.2099609375,-1.6531767845153809,7
solidarity,subsidiarity,-1.1056275367736816,-0.9569370746612549,7
sound,visibility,2.55859375,0.6394004821777344,7
sparkled,widened,4.040152549743652,0.9619011878967285,7
specially,symbolically,-3.98052978515625,-0.8563114404678345,7
splashed,tugged,3.09625244140625,-0.7032846212387085,7
staring,wild,-1.9501953125,-2.4677534103393555,7
storm,sunshine,-8.8134765625,-2.1550021171569824,7
strawberry,strawberry,0.0,0.163394957780838,7
syrup,tar,2.32470703125,0.3771631121635437,7
talk,talk,0.0,0.163394957780838,7
tall,weight,9.603515625,3.9442038536071777,7
tugged,tugged,0.0,0.163394957780838,7
uneasy,wretched,5.8292741775512695,0.04558023810386658,7
unexpected,unwelcome,-0.64141845703125,-0.5181542634963989,7
unloaded,unsaddled,4.628509521484375,-0.09995514154434204,7
vague,woolly,14.6552734375,2.151963710784912,7
verses,words,-2.0962677001953125,-1.8773071765899658,7
wavier,wavier,0.0,0.163394957780838,7
wild,woolly,15.898681640625,2.715399742126465,7
wild,wooly,10.294921875,4.332726955413818,7
xxx,xxx,0.0,0.163394957780838,7
ability,determination,2.5865535736083984,1.893988013267517,8
abort,miscarry,1.14453125,-0.29840975999832153,8
aboyne,called,-2.107421875,-1.7653142213821411,8
absolutely,wholeheartedly,1.0018310546875,0.3201921582221985,8
acid,alkali,10.984130859375,3.024279832839966,8
actress,comedian,-13.3544921875,3.6128015518188477,8
acute,earnest,-2.8306884765625,-1.1558887958526611,8
administrative,business,-1.774658203125,-3.264054775238037,8
administrative,territorial,-1.10467529296875,0.6047180891036987,8
aged,feeble,5.009616851806641,3.595604658126831,8
aged,hungry,-3.3359375,-2.1590144634246826,8
aged,infirm,8.7364501953125,5.033136367797852,8
aid,grant,2.03515625,-0.4460575580596924,8
alertness,power,-0.5958976745605469,0.17949742078781128,8
alive,beautiful,8.080078125,1.369791030883789,8
alive,brilliant,-5.470703125,0.19080610573291779,8
alive,sharp,0.833984375,-2.261887550354004,8
alive,unharmed,3.8978171348571777,0.2733844518661499,8
alive,whole,9.19921875,3.322174072265625,8
amantadine,rimantadine,-4.62646484375,-0.1685962975025177,8
anarchic,unpredictable,1.16558837890625,0.8630828857421875,8
anarchist,communist,-13.79327392578125,-0.4042268991470337,8
angels,demons,4.657428741455078,3.4517829418182373,8
apologies,lies,5.71826171875,-1.1450846195220947,8
apologies,surprise,-5.132354736328125,-0.744601845741272,8
apologies,thanks,1.5152359008789062,-0.45114022493362427,8
appeal,fortrial,-2.78662109375,-0.3105311989784241,8
appearance,function,3.068359375,0.7215181589126587,8
appearance,functionality,2.5927734375,1.1691927909851074,8
appearance,rigging,6.8310546875,3.2143561840057373,8
applauded,laughed,-3.778693914413452,-3.868354558944702,8
aristocrats,conservatives,-8.110443115234375,-1.9171969890594482,8
art,business,2.890625,-1.4951772689819336,8
art,culture,1.943359375,-1.7093861103057861,8
art,femininity,-5.53125,-0.9310848712921143,8
art,poems,-0.2265625,3.5073049068450928,8
art,power,-0.681640625,1.7142953872680664,8
ascendancy,power,0.1357421875,-3.6082141399383545,8
aspects,epithets,3.0268630981445312,1.8139047622680664,8
astronomy,math,5.5706787109375,1.0740305185317993,8
autopsy,identification,-6.581787109375,-0.8052232265472412,8
babies,boys,2.1005859375,-1.9960722923278809,8
backpackers,climbers,-6.88958740234375,-0.5005817413330078,8
ballrooms,hotels,1.9240264892578125,-0.3996938467025757,8
banksias,woodland,6.684814453125,-1.9743754863739014,8
barges,boats,-6.11572265625,-2.314924955368042,8
bearded,brown,-4.4738311767578125,-1.2706828117370605,8
beautiful,brilliant,-2.8056640625,0.23549771308898926,8
beautiful,busy,-3.033203125,0.9204557538032532,8
beautiful,carefree,1.76312255859375,4.985509872436523,8
beautiful,foolish,0.1875,0.9485970735549927,8
beautiful,great,-0.81640625,1.1847492456436157,8
beautiful,historic,3.26953125,2.2422475814819336,8
beautiful,kind,3.6640625,0.02376362681388855,8
beautiful,neat,-0.57861328125,-0.2619037628173828,8
beautiful,rational,0.548828125,4.096085071563721,8
beautiful,serene,-1.742919921875,0.6615891456604004,8
beautiful,shining,2.318359375,0.09283693134784698,8
beautiful,smart,4.2578125,0.09805522859096527,8
beautiful,young,-3.169921875,-1.642212152481079,8
beauty,happiness,5.59765625,-0.23965048789978027,8
beauty,health,-2.509765625,2.8583385944366455,8
beauty,joy,3.2802734375,1.223941683769226,8
beauty,placability,10.1875,4.146921157836914,8
beauty,rest,0.005859375,0.4511432349681854,8
beauty,ugliness,-1.75439453125,1.656690001487732,8
beg,beg,0.0,0.13440881669521332,8
beg,cry,-0.255859375,-5.086827278137207,8
behaves,interacts,5.17901611328125,2.879389762878418,8
beliefs,rules,1.1392822265625,0.6769117712974548,8
belonging,unity,-11.947091102600098,-3.5357234477996826,8
belt,car,1.62451171875,-2.2016398906707764,8
bile,lies,-4.673828125,1.0044772624969482,8
biscuits,nuts,-4.2294921875,0.24250002205371857,8
biscuits,shortcake,-1.943359375,0.35758012533187866,8
blast,damn,-4.42578125,0.32704123854637146,8
bleaker,bleaker,0.0,0.13440881669521332,8
blew,blew,0.0,0.13440881669521332,8
blinked,gasped,8.18634033203125,1.9225916862487793,8
boats,sails,-2.71484375,0.8543933033943176,8
boats,shipping,1.442626953125,4.025606155395508,8
bodies,minds,-3.2783203125,-0.21300840377807617,8
body,head,-5.078125,-2.190819263458252,8
body,limbs,4.6515350341796875,1.2279996871948242,8
body,soul,10.78857421875,1.1942611932754517,8
boiled,bubbled,1.6461830139160156,-0.17096146941184998,8
boiled,pounded,-0.271209716796875,1.3821697235107422,8
boiling,evaporation,6.6541748046875,3.24959397315979,8
boldness,unconcern,3.978515625,2.6434619426727295,8
bookplates,trademarks,8.180419921875,1.3673858642578125,8
boredom,disgust,-6.808746337890625,2.992316246032715,8
bounces,imitates,0.4041614532470703,0.3102772533893585,8
bowls,cups,1.8203125,-0.5135705471038818,8
boys,boys,0.0,0.13440881669521332,8
boys,cooks,-6.004638671875,3.1878838539123535,8
boys,mother,-2.939697265625,-0.9001340866088867,8
boys,quarry,-9.1334228515625,1.358476161956787,8
brick,glass,4.12890625,-0.821252703666687,8
brilliant,brown,-5.4599609375,-1.9522712230682373,8
brilliant,striking,4.722900390625,-0.1565936803817749,8
broken,empty,-3.9345703125,-0.9795547723770142,8
broken,gnarled,-1.914337158203125,-0.10970062017440796,8
broken,sharp,5.28515625,-2.0797479152679443,8
bronze,brown,0.19780540466308594,-2.2669169902801514,8
brown,dry,1.3857421875,3.544358968734741,8
brown,juicy,6.5794677734375,1.3099472522735596,8
brown,kind,0.87646484375,2.098193883895874,8
brown,russet,7.1080322265625,2.8744263648986816,8
brown,shining,3.11328125,2.551445722579956,8
bruising,scars,-0.662109375,0.9888351559638977,8
brushing,rustling,0.187896728515625,-0.7021641135215759,8
brushing,washing,-10.017333984375,1.1171307563781738,8
bubbles,dimple,5.5419921875,4.486516952514648,8
bubbles,oil,0.738525390625,2.0353846549987793,8
bulkiest,heaviest,-10.5078125,0.31337377429008484,8
bullwinkle,julia,1.0439453125,0.6131731271743774,8
business,fun,2.998046875,-0.5250215530395508,8
bustle,stir,9.86474609375,3.3833794593811035,8
caesium,thallium,-1.8665771484375,2.150550603866577,8
called,called,0.0,0.13440881669521332,8
called,stopped,-8.302734375,-1.1241307258605957,8
callers,visitors,1.884765625,2.1427900791168213,8
calling,calling,0.0,0.13440881669521332,8
calling,laughing,-1.68994140625,-2.768052339553833,8
candles,pizza,4.68212890625,1.7367448806762695,8
candles,ropes,-1.98583984375,0.1584922969341278,8
cannibals,drunkards,-3.07110595703125,-0.5768845081329346,8
car,mother,1.03125,0.09181365370750427,8
car,pitcher,-0.2255859375,-0.1039683073759079,8
car,watches,8.71875,-0.057690128684043884,8
carol,song,-2.5771484375,-2.8374717235565186,8
cartridges,cassettes,5.153730392456055,-0.07902941107749939,8
cells,organisms,7.61126708984375,2.083860158920288,8
ceramics,glass,-6.942768096923828,-1.3217182159423828,8
ceramics,metals,-1.528106689453125,0.5146199464797974,8
changeable,unpredictable,7.824043273925781,1.4358608722686768,8
charismatic,pentecostal,-0.6953506469726562,0.5155065059661865,8
chat,rest,-10.70703125,-0.09552210569381714,8
chatting,greeting,-1.6396484375,0.7902592420578003,8
chatting,laughing,4.621285438537598,-1.769339919090271,8
cheaper,divided,2.896942138671875,3.31891131401062,8
cheep,stir,-4.625,1.6180413961410522,8
cheer,cheer,0.0,0.13440881669521332,8
cheer,happiness,-0.0029296875,0.9370800256729126,8
cheer,shorten,-0.96875,1.4731431007385254,8
cheery,helpful,0.569580078125,0.7775858044624329,8
cheery,soul,-1.5751953125,0.85687255859375,8
chicken,mushroom,6.435279846191406,1.4750643968582153,8
chicken,potatoes,2.40234375,1.1586312055587769,8
chicken,waffles,-0.283935546875,2.653960704803467,8
chink,daub,6.6441650390625,0.15876302123069763,8
chocolates,sweets,0.12637710571289062,-1.3124176263809204,8
choky,little,1.689453125,-3.401309013366699,8
clicking,rustling,-1.748046875,0.48458734154701233,8
clicking,scraping,1.6328582763671875,-1.4081366062164307,8
coally,tom,5.29296875,-1.5388638973236084,8
commandant,syndic,2.0263671875,1.1022919416427612,8
commandments,laws,-3.1534423828125,-2.0676827430725098,8
common,european,-0.62109375,0.4287809729576111,8
common,indubitable,-3.810211181640625,0.6122758388519287,8
common,silly,-1.0390625,0.13851523399353027,8
concluding,third,-2.7900390625,-2.9741456508636475,8
condescension,patronizing,-3.6640625,-0.040181294083595276,8
consideration,honour,-1.80499267578125,-3.334800958633423,8
console,pity,-5.40820837020874,-1.166437029838562,8
consternation,surprise,-9.599273681640625,-3.3579909801483154,8
contact,separate,4.20703125,-0.5793241262435913,8
convex,discrete,4.368408203125,4.326153755187988,8
courses,programs,0.4677734375,0.48369333148002625,8
crayfish,spiders,0.37158203125,1.5554418563842773,8
crazy,feeble,3.9844894409179688,0.4927663505077362,8
crazy,fun,4.2890625,-3.135111093521118,8
crazy,funny,-2.3359375,0.5034651756286621,8
crazy,kinky,1.6015625,0.6999695301055908,8
crazy,silly,3.083984375,-0.7710915803909302,8
crippled,thief,-1.3583984375,-1.947411060333252,8
crossdisciplinarity,multidisciplinarity,0.8336181640625,-0.09580139815807343,8
cry,cry,0.0,0.13440881669521332,8
cry,fret,-1.0966796875,0.2597745656967163,8
cry,mourn,3.794487476348877,3.860901117324829,8
cry,pout,4.0107421875,2.1995627880096436,8
culture,health,3.9658203125,-1.7376240491867065,8
culture,laws,0.3779296875,-0.3906962275505066,8
culture,liberality,-7.35546875,0.6496288180351257,8
cups,pitcher,3.556640625,-0.5976200699806213,8
cups,saucers,7.132501125335693,0.6724730134010315,8
cursing,raving,-3.56298828125,1.8716776371002197,8
cursing,yelling,0.09519600868225098,-1.5656570196151733,8
daisies,heather,-0.025390625,-0.4831916093826294,8
dances,torches,4.4564666748046875,0.7560017108917236,8
days,days,0.0,0.13440881669521332,8
dearer,nearer,-16.9130859375,-0.5947394371032715,8
deeper,deeper,0.0,0.13440881669521332,8
delicious,juicy,1.81787109375,2.1300976276397705,8
delicious,supple,-1.462890625,1.0769250392913818,8
demons,dragons,6.400778770446777,0.208844855427742,8
depressions,sinkholes,0.57647705078125,-0.4209097623825073,8
deserted,empty,-2.91900634765625,0.6960327625274658,8
deserters,refugees,-7.219698905944824,0.09082181751728058,8
detergent,oil,-10.28515625,-2.1245739459991455,8
determination,resolution,-5.842018127441406,0.20484307408332825,8
determined,young,-4.7578125,-3.9752461910247803,8
dg,mother,-3.515625,-0.9208972454071045,8
dipped,dipped,0.0,0.13440881669521332,8
disappeared,failed,-4.265625,-1.3281819820404053,8
disappeared,passed,-1.25390625,2.411686420440674,8
discouragement,toil,-2.9041748046875,-1.9315688610076904,8
discovery,exploration,-1.9248065948486328,-0.6891236901283264,8
discretion,tact,0.25598907470703125,-1.2028794288635254,8
disgust,surprise,-2.7578125,-2.3190720081329346,8
distinctions,honours,-1.2459869384765625,-1.4513769149780273,8
distraught,moody,1.801422119140625,-1.8225812911987305,8
disturbed,perturbed,7.485180377960205,0.3441604971885681,8
divorced,married,-4.501972198486328,-2.518799066543579,8
doctor,patient,8.52978515625,0.2821323275566101,8
double,triple,3.654296875,4.594846725463867,8
drank,drank,0.0,0.13440881669521332,8
drawings,engravings,1.6740097999572754,2.983304023742676,8
dreamed,heard,-5.038370132446289,-1.300719976425171,8
dried,uncovered,2.39794921875,1.902742862701416,8
dripping,torn,-2.359130859375,-0.7939788103103638,8
drops,drops,0.0,0.13440881669521332,8
dry,rustling,3.6787109375,1.7501685619354248,8
dry,shining,5.970703125,0.598227858543396,8
dye,tool,-11.560546875,-2.184311628341675,8
earlier,earlier,0.0,0.13440881669521332,8
earlier,later,2.970703125,0.1350325047969818,8
earnest,sharp,-4.19140625,-0.6475639343261719,8
earnestly,fiercely,-0.69207763671875,2.2835285663604736,8
earnestly,vehemently,1.8294601440429688,0.897210419178009,8
ears,head,-6.9921875,-2.767803192138672,8
ears,noses,7.1953125,2.9019203186035156,8
eastbound,westbound,0.3274223804473877,0.21230119466781616,8
easter,easter,0.0,0.13440881669521332,8
electricity,magnetism,0.9984493255615234,-0.04511342942714691,8
electricity,oil,-1.1046142578125,-1.8935792446136475,8
electricity,power,-3.167633056640625,-0.44176530838012695,8
emotional,rational,1.100149154663086,0.689872145652771,8
empty,forlorn,2.3693485260009766,1.018863320350647,8
empty,hungry,4.263671875,-2.8529036045074463,8
enjoyment,fun,-8.669857025146484,-4.422736167907715,8
enjoyment,laughing,6.3353271484375,-3.972666025161743,8
european,japanese,-4.869140625,-1.4801491498947144,8
european,negro,2.3917236328125,-2.6720917224884033,8
evaporation,transpiration,2.77313232421875,-0.42358899116516113,8
exact,truthful,0.859375,0.3414989113807678,8
exasperated,rasping,-8.095172882080078,-0.3640652894973755,8
exercise,exercise,0.0,0.13440881669521332,8
exercise,fun,-9.734375,-1.9195692539215088,8
experimentor,mother,-6.858428955078125,-1.5701262950897217,8
exploration,travel,-1.88507080078125,-0.8856395483016968,8
explosives,flamethrowers,-0.463958740234375,-0.5941238403320312,8
extracts,tales,-10.46484375,-5.035703659057617,8
fabulous,unreal,-2.34246826171875,1.661377191543579,8
failed,failed,0.0,0.13440881669521332,8
faintly,spasmodically,-0.2472243309020996,0.4237278401851654,8
fairer,happier,-13.37723159790039,-0.5039162635803223,8
fallen,sorrowful,4.3046875,-1.0217459201812744,8
farther,farther,0.0,0.13440881669521332,8
fathers,sons,8.6240234375,1.1644842624664307,8
fats,oils,-2.2880859375,0.3017951250076294,8
females,young,3.11181640625,-1.3175016641616821,8
fern,moss,-2.25616455078125,-0.70662522315979,8
ferns,moss,-1.60205078125,0.17049986124038696,8
fluids,rest,3.720703125,1.002384901046753,8
focused,sharp,-1.189697265625,-3.730198621749878,8
foggy,foul,-2.7109375,-1.2260013818740845,8
foolish,headstrong,6.043701171875,3.628965377807617,8
foolish,naughty,-1.19140625,0.8365079164505005,8
foolish,rash,-1.2890625,1.8309978246688843,8
foolish,silly,-0.806640625,0.26787248253822327,8
foolish,young,-10.0830078125,-1.8358049392700195,8
forgiving,patient,-6.54296875,-0.1802249550819397,8
found,stopped,-0.88671875,-0.6250870227813721,8
frankly,freely,5.4765625,0.18145877122879028,8
friendships,laughing,5.123046875,-0.2278231382369995,8
frills,frills,0.0,0.13440881669521332,8
fruitsome,great,5.98828125,-2.25266432762146,8
fun,funny,-0.037109375,1.4311062097549438,8
fun,happiness,4.345703125,0.5898833274841309,8
fun,joy,0.9375,0.06685143709182739,8
fun,laughing,-0.606201171875,0.5207957029342651,8
fun,loose,4.015625,0.09354110062122345,8
fun,mischief,6.97119140625,2.2650387287139893,8
funny,laughing,3.8525390625,-0.4357782006263733,8
funny,rural,1.439453125,2.7174458503723145,8
funny,smart,3.81640625,-0.050125300884246826,8
funny,spirited,-1.8998260498046875,1.1208182573318481,8
funny,weird,0.189453125,-1.8235960006713867,8
gabble,nonsense,4.626953125,5.290717124938965,8
gallows,whip,0.810546875,0.6999711990356445,8
gaped,stared,3.8796424865722656,-2.4505162239074707,8
gasped,laughed,-9.7542724609375,-3.7528693675994873,8
gasped,sprayed,3.22100830078125,0.93706876039505,8
gasped,stared,4.923671722412109,0.3104250133037567,8
gasped,wheezed,5.459075927734375,0.8710010647773743,8
gentlest,meekest,-5.354422092437744,-0.4704047441482544,8
glass,pour,10.23828125,5.118627548217773,8
glee,happiness,3.201406478881836,-2.6835761070251465,8
glee,joy,-6.5927886962890625,0.2758644223213196,8
grandmere,mother,-8.68804931640625,-0.14604470133781433,8
grapes,ham,0.673828125,-0.188436359167099,8
grassland,redwood,-0.28466796875,1.6769579648971558,8
grassland,woodland,-3.92578125,0.23414617776870728,8
greasiness,thickness,2.398681640625,-0.39836061000823975,8
great,kind,2.5625,0.11771285533905029,8
great,little,10.48828125,3.2946951389312744,8
great,mighty,0.783203125,1.1416218280792236,8
great,mystical,-3.126953125,1.1485140323638916,8
great,novel,-8.3671875,0.33300742506980896,8
great,shining,9.123046875,0.02695891261100769,8
great,ultimate,-0.8349609375,2.148871898651123,8
greener,greener,0.0,0.13440881669521332,8
gripped,powerless,1.34197998046875,-2.05220627784729,8
groups,individuals,-3.7238407135009766,1.3568620681762695,8
grow,grow,0.0,0.13440881669521332,8
grow,implant,-0.5400390625,3.6309285163879395,8
grow,spread,0.59375,1.9297311305999756,8
growing,growing,0.0,0.13440881669521332,8
growing,young,-5.943359375,-2.40936017036438,8
growth,jobs,-4.36962890625,-2.3852717876434326,8
guilt,sin,0.503173828125,-2.8025405406951904,8
gullets,lies,-0.427734375,1.5512222051620483,8
gumbo,jambalaya,4.62847900390625,-0.22560256719589233,8
ham,mushroom,13.292976379394531,1.0172021389007568,8
happiness,health,4.2744140625,1.6279882192611694,8
happiness,joy,-4.3125,-0.657324492931366,8
happiness,sadness,-0.5505447387695312,1.3325011730194092,8
hardy,vigorous,8.3641357421875,2.258082628250122,8
hardy,young,-5.183349609375,-4.219494819641113,8
harshness,unkindness,2.837158203125,0.2994273900985718,8
hasidic,mystical,5.859638214111328,-1.2537400722503662,8
head,shoulders,9.9140625,0.7394407987594604,8
headstrong,rash,-6.7308349609375,-2.2023396492004395,8
headstrong,wilful,-1.0436680316925049,0.4996086359024048,8
health,illness,0.46484375,0.5878508687019348,8
heard,knew,1.244140625,0.21420732140541077,8
heard,laughed,-1.4453125,-5.543340682983398,8
heard,recognised,4.4572906494140625,3.1655304431915283,8
heard,smiled,-0.064453125,-4.405999183654785,8
heavy,layered,-3.685546875,2.169430732727051,8
heavy,pugnacious,1.965087890625,2.7633097171783447,8
heavy,sharp,-2.052734375,-1.5869580507278442,8
heavy,unsteady,8.22747802734375,4.786171913146973,8
helpful,kind,-0.70037841796875,-3.0968539714813232,8
heterogeneous,homogeneous,8.982397079467773,0.2673201560974121,8
holly,ivy,-4.204456329345703,2.7031023502349854,8
homogeneous,isotropic,5.788522720336914,0.018480464816093445,8
hoped,hoped,0.0,0.13440881669521332,8
humble,serene,11.41546630859375,0.3947795629501343,8
humble,sorrowful,4.9691162109375,0.9709370136260986,8
hundreds,hundreds,0.0,0.13440881669521332,8
hungry,needy,4.4130859375,4.633318901062012,8
hungry,young,-1.228515625,-3.3446462154388428,8
illness,surgery,1.9228515625,1.5597436428070068,8
illogical,rambling,-4.9013671875,0.16517490148544312,8
imagininary,self,-14.634765625,-3.9886314868927,8
indigenous,territorial,-4.387501239776611,-1.6658092737197876,8
individuals,institutions,-1.1516199111938477,1.693032145500183,8
inexperience,shortcomings,-1.1905784606933594,2.517735719680786,8
inexperienced,young,-10.671555519104004,-4.450713157653809,8
influence,power,-7.79296875,-4.537149429321289,8
ink,oil,-5.9873046875,-0.8228864669799805,8
inquiries,reminiscences,1.546226978302002,1.1502610445022583,8
institutions,power,2.907196044921875,-1.8257888555526733,8
institutions,pupils,0.051390647888183594,-0.26041048765182495,8
iodine,tyrosine,10.020034790039062,0.17523573338985443,8
isolated,rural,2.87982177734375,-2.817500352859497,8
ivy,moss,2.43853759765625,1.4512553215026855,8
jealous,selfish,-4.6802978515625,-1.8994693756103516,8
jobs,roads,-0.3046875,-0.24802091717720032,8
joy,power,-1.216796875,1.345674753189087,8
joy,rest,0.369140625,0.791865348815918,8
joy,sadness,-1.923828125,0.26812976598739624,8
joy,song,-0.5029296875,0.7819235324859619,8
joy,surprise,-1.234375,1.1200971603393555,8
jumped,jumped,0.0,0.13440881669521332,8
justice,reward,2.310546875,1.9173476696014404,8
kind,patient,3.087890625,-0.31885209679603577,8
kind,polite,-1.712890625,1.7550108432769775,8
kind,righteous,4.7675018310546875,2.7877371311187744,8
kind,smart,-2.5390625,-0.6504794359207153,8
kit,ropes,1.474609375,-0.3448028564453125,8
knew,respected,12.239501953125,0.4545620083808899,8
knew,suspected,5.634821891784668,0.3129695653915405,8
later,later,0.0,0.13440881669521332,8
laughed,laughed,0.0,0.13440881669521332,8
laughed,lay,1.79296875,0.06579755246639252,8
laughed,scrapped,0.647705078125,1.3277300596237183,8
laughed,stopped,-3.484375,-1.720442771911621,8
laughing,laughing,0.0,0.13440881669521332,8
laughing,lengthened,-1.600050449371338,2.634829521179199,8
laughing,nonsense,-1.23828125,6.238300323486328,8
laughing,pointing,1.625,3.6880228519439697,8
laughing,snorting,1.7374267578125,3.227933645248413,8
laughing,tickled,-8.34130859375,0.826053261756897,8
laughing,yelling,0.46879005432128906,2.450286865234375,8
laws,rules,-2.4560546875,1.8659873008728027,8
laws,theories,-2.1396484375,0.32120153307914734,8
leave,need,-12.189453125,-2.84761643409729,8
left,left,0.0,0.13440881669521332,8
legendary,mythical,-0.7001571655273438,0.4092237055301666,8
lemon,oil,2.349609375,0.20096522569656372,8
lesser,lesser,0.0,0.13440881669521332,8
little,naughty,0.9296875,-0.3973996043205261,8
little,twiggy,4.423828125,2.390047311782837,8
little,young,1.12890625,-1.9029009342193604,8
littler,littler,0.0,0.13440881669521332,8
lizards,spiders,-4.679439544677734,-2.6239678859710693,8
lnfluence,power,20.74609375,-3.446633815765381,8
losses,reward,6.5322265625,0.26071542501449585,8
lots,lots,0.0,0.13440881669521332,8
lunatic,silly,0.837890625,-2.0411715507507324,8
massages,yoga,-0.5927734375,2.3296663761138916,8
mechanics,use,-2.5888671875,0.49573007225990295,8
mighty,unmistakable,-12.423097610473633,2.585322618484497,8
mime,nonverbals,0.2890625,0.473634272813797,8
mime,pointing,-6.02734375,-0.20717588067054749,8
minutes,minutes,0.0,0.13440881669521332,8
miserly,squalid,-1.4307518005371094,-0.19597995281219482,8
moss,tussocks,3.65087890625,-0.9492121934890747,8
mother,mother,0.0,0.13440881669521332,8
mother,sons,9.4140625,1.278568148612976,8
motorways,roads,1.961669921875,-2.3192331790924072,8
mystical,prophetic,2.5839385986328125,3.645707845687866,8
naive,young,-6.5615234375,-3.888160467147827,8
naughty,wilful,5.37982177734375,1.068434715270996,8
nearer,nearer,0.0,0.13440881669521332,8
nearer,possible,2.798828125,5.528714179992676,8
neat,petite,1.41357421875,4.437560081481934,8
neat,smart,-3.0595703125,-0.5460432767868042,8
neat,tidy,3.95166015625,1.9133446216583252,8
notebook,pencil,2.969970703125,-0.7594433426856995,8
novel,pleasing,-2.9871482849121094,2.538567304611206,8
novel,striking,4.59228515625,3.6969010829925537,8
nuggets,nuggets,0.0,0.13440881669521332,8
oil,pitch,0.763671875,-0.3414353132247925,8
ones,zeroes,-1.619140625,-0.8689545392990112,8
ones,zeros,5.90283203125,0.5904818177223206,8
orgies,perversions,6.6729736328125,2.84352707862854,8
passing,passing,0.0,0.13440881669521332,8
patching,patching,0.0,0.13440881669521332,8
pencil,slate,-1.8125,5.532547950744629,8
perceptive,rational,2.244140625,1.225427269935608,8
peril,toil,-2.839527130126953,-2.012362241744995,8
perplexed,worried,-0.4186302423477173,-0.6533653736114502,8
personable,young,-1.0625,-4.9137725830078125,8
pie,potatoes,-6.3828125,-2.961660623550415,8
plants,protista,8.1328125,1.3665251731872559,8
plants,protists,3.7109375,0.30601486563682556,8
plants,relatives,2.0279541015625,0.6397613883018494,8
poems,sayings,5.84228515625,0.9502952098846436,8
poems,tales,4.416748046875,-1.2607427835464478,8
potatoes,stew,2.1484375,0.7183001637458801,8
pour,stir,-1.3984375,-2.7782766819000244,8
power,power,0.0,0.13440881669521332,8
preteens,teenagers,-6.1059417724609375,-0.10358521342277527,8
programs,protocols,1.27276611328125,0.053464628756046295,8
protesting,rioting,-10.269287109375,-0.8418198823928833,8
puking,shock,-4.810546875,1.36960768699646,8
purtier,purtier,0.0,0.13440881669521332,8
quake,shake,3.7294921875,0.2781577706336975,8
quicksand,swamp,-7.12890625,-0.38638269901275635,8
rasping,scraping,8.186128616333008,0.6683671474456787,8
rational,smart,-7.044921875,-5.139703750610352,8
realistic,striking,2.3971710205078125,0.21603162586688995,8
rebelling,rioting,-3.28106689453125,-0.3265056610107422,8
recover,rest,-2.5771560668945312,-2.8374202251434326,8
refreshing,rest,-7.00445556640625,-3.446932315826416,8
refreshing,unmistakable,4.72457218170166,1.7629063129425049,8
rehab,rest,1.0584478378295898,0.09551048278808594,8
rehydrate,rest,2.7045745849609375,-0.34379446506500244,8
rein,whip,-10.2021484375,-1.5676274299621582,8
replenish,rest,-0.4829082489013672,0.8907084465026855,8
restarted,stopped,-9.66876220703125,-5.422005653381348,8
rhyme,rune,8.396484375,3.266218900680542,8
rigging,sails,2.2073974609375,-1.7388358116149902,8
rigging,spars,-3.194091796875,-2.524329900741577,8
rolling,wheeled,9.181640625,-0.06079554557800293,8
rolling,yelling,-1.6464958190917969,0.963784396648407,8
ropes,sails,-7.3037109375,2.7119243144989014,8
ropes,spars,-0.9052734375,0.37712597846984863,8
rows,rows,0.0,0.13440881669521332,8
rub,rub,0.0,0.13440881669521332,8
rustling,snuffling,6.4337158203125,0.5547960996627808,8
sadness,stillness,1.0879440307617188,-0.5357754230499268,8
sandstorms,whirlwinds,2.5727386474609375,0.5139139890670776,8
saved,saved,0.0,0.13440881669521332,8
scold,scold,0.0,0.13440881669521332,8
scratched,scratched,0.0,0.13440881669521332,8
screw,struggle,-3.3046875,-1.546839952468872,8
seedy,stressful,-0.6673583984375,1.3210331201553345,8
seesaw,swing,0.3076171875,0.9479519128799438,8
selfish,wilful,4.28680419921875,0.5508973598480225,8
sharp,spirited,6.66119384765625,2.1937074661254883,8
shipping,transport,-5.204345703125,1.8651243448257446,8
sin,wickedness,-1.347900390625,1.2231338024139404,8
smart,young,-4.80859375,0.24822577834129333,8
smiled,smiled,0.0,0.13440881669521332,8
smiled,stared,3.11474609375,1.288581371307373,8
sorrowful,stolen,-7.6796875,1.3712412118911743,8
spies,traitors,-0.5845565795898438,0.5439574718475342,8
sporadic,weird,3.9136962890625,-4.772802352905273,8
spread,spread,0.0,0.13440881669521332,8
stalwart,vigorous,-9.361366271972656,1.4509057998657227,8
stared,stared,0.0,0.13440881669521332,8
stared,stopped,-7.75390625,-0.36712074279785156,8
stopped,wheeled,-2.12322998046875,1.9054239988327026,8
stunning,young,-7.60546875,-4.532855033874512,8
sucking,sucking,0.0,0.13440881669521332,8
superficial,superficial,0.0,0.13440881669521332,8
swing,swing,0.0,0.13440881669521332,8
third,third,0.0,0.13440881669521332,8
thus,thus,0.0,0.13440881669521332,8
tolerance,unity,-1.304779052734375,-2.0754079818725586,8
tourists,vagrants,-2.8228302001953125,1.505369782447815,8
tourists,visitors,0.6732711791992188,-0.21641817688941956,8
untrained,unwarlike,-4.9092254638671875,1.4081109762191772,8
untrained,young,-3.32763671875,-5.0544538497924805,8
untried,young,-8.61328125,-2.3529741764068604,8
use,washing,3.4990234375,0.23823750019073486,8
use,yardage,-5.404296875,1.473019003868103,8
vigorous,young,-8.209747314453125,-4.304018974304199,8
viral,young,-11.201904296875,-7.850220680236816,8
watches,websites,-0.7362136840820312,1.5662682056427002,8
waving,yelling,-9.637492179870605,-0.2598220705986023,8
wondered,wondered,0.0,0.13440881669521332,8
wuss,wuss,0.0,0.13440881669521332,8
aboriginal,natural,-0.75738525390625,-1.6443299055099487,9
absolute,real,-0.46484375,0.09636494517326355,9
absolute,rich,10.17578125,-1.5089539289474487,9
acquired,natural,0.47216796875,-2.640760898590088,9
actual,real,-10.376953125,-0.6293907165527344,9
admirable,exciting,4.641357421875,0.21326467394828796,9
admirable,fine,0.84912109375,-2.809695243835449,9
admiration,respect,-2.4907093048095703,-0.831017255783081,9
admiration,wonder,-0.9320335388183594,-1.8526790142059326,9
adventurers,explorers,0.4233245849609375,0.2557181119918823,9
affirmative,negative,0.5370101928710938,-1.0620951652526855,9
affrighted,fled,7.493187427520752,0.30648401379585266,9
affrighted,trembling,-1.4686164855957031,-1.7269032001495361,9
ages,ages,0.0,-0.10683861374855042,9
aggression,appeasement,1.2249755859375,-0.8986274003982544,9
aggression,kindness,-5.484375,-2.1428661346435547,9
aging,frail,5.65234375,0.6388996839523315,9
ambulances,generators,-2.533574104309082,-0.8365875482559204,9
amusing,exciting,-2.564453125,-2.8195841312408447,9
ancient,due,-3.640625,1.6358387470245361,9
ancient,rich,-6.16796875,-0.395181804895401,9
antibacterial,antiviral,17.621353149414062,2.0962655544281006,9
arabesques,sprigs,-3.84967041015625,0.011774495244026184,9
armenian,jewish,-1.2049713134765625,-1.1465803384780884,9
arms,breasts,-5.302490234375,2.9752321243286133,9
arthritis,psoriasis,5.982637405395508,1.932755470275879,9
artifacts,attributes,2.860322952270508,-0.1771785020828247,9
asian,asian,0.0,-0.10683861374855042,9
asian,portuguese,0.8966894149780273,2.866492748260498,9
asian,shit,4.80126953125,2.541402816772461,9
aunt,grandmamma,-0.18687725067138672,-0.05523039400577545,9
axe,knife,3.072265625,-4.252994537353516,9
babbling,noises,-5.057567596435547,-0.15098276734352112,9
bacteria,parasites,7.262115478515625,1.0262782573699951,9
baked,crumbling,3.6455078125,1.7373886108398438,9
balloons,kites,3.49609375,1.3910291194915771,9
bananas,plantains,2.0714111328125,2.8949851989746094,9
banding,convection,4.875,4.454433441162109,9
bats,slings,-2.0786895751953125,3.6514835357666016,9
bayou,forest,-1.08935546875,-2.181798219680786,9
beams,boards,1.680999755859375,-0.3975861668586731,9
beef,gravy,2.022705078125,5.279922008514404,9
befurbelowed,beruffled,-7.37335205078125,-2.183516502380371,9
behaviour,effort,-2.136962890625,-1.7394287586212158,9
behold,despair,4.71685791015625,-0.9983540773391724,9
beneficial,safe,0.424530029296875,-4.3105950355529785,9
berries,drupes,9.1875,1.481376051902771,9
berries,fruits,1.3075370788574219,-0.5398255586624146,9
berries,leaves,3.6897010803222656,-0.9122484922409058,9
berries,orange,-4.001220703125,-0.7872567176818848,9
berries,seeds,-1.228780746459961,-2.1294379234313965,9
beryls,turquoises,0.2497398853302002,1.1884212493896484,9
bitten,transformed,0.7666015625,0.1558656096458435,9
bizarre,genuine,-1.9345118999481201,-0.7707843780517578,9
blight,sickness,0.9312744140625,-1.7024095058441162,9
blotches,pimples,2.3779296875,0.0975685715675354,9
blundering,sinning,4.924346923828125,-4.199957370758057,9
blushes,smiles,-6.8251953125,0.6512075662612915,9
botany,zoology,4.0026679039001465,-3.0552148818969727,9
boughs,leaves,1.953125,0.0843670666217804,9
bounty,luck,1.9765625,0.7374038696289062,9
brooks,hills,-0.87078857421875,-1.6323120594024658,9
broom,ponytail,-1.49639892578125,0.821530818939209,9
brotherly,sisterly,6.031044006347656,-0.6490905284881592,9
bubble,froth,1.31396484375,-0.3643491566181183,9
bubble,melt,4.9820556640625,4.103496074676514,9
burglars,tramps,1.1873016357421875,-0.0010360926389694214,9
by,by,0.0,-0.10683861374855042,9
cables,switches,-2.00146484375,1.3656303882598877,9
cajole,push,4.337890625,-2.1674249172210693,9
calming,cooling,-1.595703125,-0.5364922881126404,9
capelin,launce,1.162109375,-0.3977287709712982,9
carefully,cautiously,-0.177734375,1.1585001945495605,9
carelessly,innocently,-1.1095046997070312,-0.15417462587356567,9
censure,reproach,-4.05743408203125,2.8610336780548096,9
cha,mot,4.7509765625,-0.40569788217544556,9
chair,cover,4.30078125,2.019245147705078,9
chair,cowboy,-4.980712890625,3.1162664890289307,9
chair,door,-0.75390625,0.9926910400390625,9
chairs,settees,4.8641357421875,4.001621723175049,9
charcoal,wire,-3.3432536125183105,-1.208375334739685,9
charity,kindness,3.147216796875,0.237796813249588,9
cheaply,easily,6.802734375,0.26673755049705505,9
chewing,swallowing,5.248924255371094,1.6814063787460327,9
chill,gloom,-2.783935546875,-0.6758749485015869,9
chill,penetrating,-1.382840871810913,5.09426736831665,9
chilling,hard,-0.620025634765625,-7.624349594116211,9
chips,sausage,-2.390625,1.5648386478424072,9
choke,cough,-4.90380859375,1.83502197265625,9
cigarettes,coffee,-3.8297228813171387,-2.4957265853881836,9
circled,circled,0.0,-0.10683861374855042,9
cj,vf,-0.86669921875,-0.2378804087638855,9
cleanse,purify,2.207585334777832,0.9102952480316162,9
clouds,convection,2.7424163818359375,5.046022415161133,9
clouds,mist,5.7060546875,2.7019948959350586,9
clouds,surf,-0.5634765625,1.706756830215454,9
coatings,semiconductors,1.00140380859375,-0.02992689609527588,9
coffee,conversation,10.8076171875,2.332288980484009,9
coffee,cookies,1.70849609375,-1.6498342752456665,9
coffee,more,5.20703125,3.214967727661133,9
coffee,shit,8.107421875,3.5894932746887207,9
coke,shit,-2.248046875,2.3998241424560547,9
collected,cool,-7.8338623046875,-5.866892337799072,9
collected,correlated,1.930577278137207,1.313739538192749,9
color,shape,5.9384765625,0.14676368236541748,9
color,warmth,-1.0906982421875,0.8179032802581787,9
combustion,corrosion,0.6126708984375,-0.3597624599933624,9
combustion,respiration,3.175048828125,0.6864943504333496,9
complications,mortality,-5.531280517578125,-3.302093267440796,9
computered,transcribed,-3.7646484375,3.666776657104492,9
concerts,nightclubs,-1.1342887878417969,-2.4350244998931885,9
condensed,distilled,0.662735104560852,-1.400009274482727,9
confessed,killed,3.1865234375,-0.34533438086509705,9
confiding,tender,0.8564453125,-6.787710666656494,9
conspiracies,plots,2.201568603515625,-2.558732032775879,9
constantly,hard,-4.667724609375,-6.339534282684326,9
contented,happy,0.2586374282836914,-2.318699836730957,9
contented,thankful,0.906005859375,-0.17561417818069458,9
contrary,ungrateful,0.04173564910888672,-0.8648220300674438,9
controlled,natural,-5.58642578125,-2.977097988128662,9
cool,cool,0.0,-0.10683861374855042,9
cool,hard,4.563720703125,0.8900934457778931,9
cool,harden,-0.32666015625,1.8671951293945312,9
cool,lovely,0.283203125,2.116074323654175,9
cool,shadowy,1.3719291687011719,4.11077356338501,9
cool,short,-0.001953125,0.6013679504394531,9
cool,warm,-1.171875,1.3423089981079102,9
cool,wetting,-4.66796875,3.724715232849121,9
cordial,warm,-1.3056640625,-8.256555557250977,9
corrosion,electrochemistry,-6.238439083099365,-2.4913241863250732,9
corrupted,rich,-6.353271484375,-7.053795337677002,9
cough,cough,0.0,-0.10683861374855042,9
cowed,trembling,3.747239589691162,0.10397157073020935,9
crabs,periwinkles,7.441650390625,3.2422943115234375,9
created,destroyed,4.27734375,2.161376953125,9
created,directed,3.84375,1.0623090267181396,9
cries,cries,0.0,-0.10683861374855042,9
cries,falls,1.763671875,0.5675572156906128,9
cries,jeers,0.07666015625,3.4213521480560303,9
cries,noises,2.22265625,-2.2927701473236084,9
crumbling,dirty,-0.30859375,-0.6549414396286011,9
crumbs,water,6.6181182861328125,-4.187808990478516,9
dams,railroads,2.938140869140625,1.4169816970825195,9
dbottle,teapot,-3.4527587890625,-3.178530693054199,9
decorating,unpacking,-3.469879150390625,0.3666256368160248,9
dedicated,hard,-8.623046875,-6.151462554931641,9
dedicated,talented,-7.072334289550781,-0.7433947324752808,9
deepest,finest,-0.5673708915710449,0.14966294169425964,9
defiled,killed,-0.6298828125,-3.668532371520996,9
deliberation,skill,-0.00628662109375,1.675905704498291,9
demeanor,speech,-2.795654296875,-4.063755512237549,9
deposed,fled,7.6240234375,0.14169135689735413,9
designs,prototypes,1.78076171875,2.653526782989502,9
desk,door,6.341796875,1.409729242324829,9
desolate,pitiful,-1.4456024169921875,-1.4314733743667603,9
despair,gloom,-1.4808425903320312,-1.8419088125228882,9
despair,weariness,3.4962158203125,-2.856581687927246,9
destroyed,plundered,-0.6557788848876953,-1.762246012687683,9
die,go,-2.439453125,-3.157201051712036,9
die,live,-5.2451171875,-0.8458497524261475,9
die,overheat,-9.89453125,-0.5973813533782959,9
die,pine,-6.583984375,-3.4588510990142822,9
die,sicken,-4.53271484375,0.04318556189537048,9
dimms,processors,-0.107421875,-1.0221458673477173,9
dipping,lifting,-4.962574005126953,-1.9756815433502197,9
directed,founded,-3.2890625,-0.13622143864631653,9
dirtiest,hardest,-1.1316680908203125,-2.330646514892578,9
dirty,dirty,0.0,-0.10683861374855042,9
dirty,dumpy,3.796875,2.6196537017822266,9
dirty,filthy,1.7549244165420532,2.7594590187072754,9
dirty,hard,1.0703125,-1.2118672132492065,9
dirty,mane,-0.03515625,2.808248281478882,9
disappear,evaporate,0.3099365234375,2.8653311729431152,9
displeased,grieved,5.453000068664551,-1.879720687866211,9
displeased,mortified,-3.53466796875,-0.7135976552963257,9
donkey,shrek,4.2003173828125,2.2472779750823975,9
door,wall,0.16015625,0.6709356307983398,9
due,proper,-2.53515625,-3.951050043106079,9
dumpy,listless,-6.80078125,-2.7532877922058105,9
dumpy,short,8.30078125,-2.6792964935302734,9
dwarves,elves,6.62548828125,-0.09441079944372177,9
dwarves,midgets,3.32080078125,1.2790279388427734,9
dying,wounded,-7.30078125,-1.3327577114105225,9
easily,naturally,3.8203125,-0.35324984788894653,9
eels,soles,-8.041015625,-0.5484726428985596,9
elastic,sticky,-4.215240478515625,0.08384731411933899,9
elated,happy,5.6046142578125,-2.5183610916137695,9
elves,gnomes,-5.159423828125,-0.21478748321533203,9
embalming,mummification,-3.46337890625,-3.348310708999634,9
engaging,speaking,-0.628662109375,-1.1400256156921387,9
enterprising,hard,-7.8311767578125,-5.241063117980957,9
erases,sponge,-4.701171875,-1.1688148975372314,9
escape,flight,9.986328125,-3.4873764514923096,9
escape,return,5.45703125,1.6064913272857666,9
escape,safety,-0.923828125,-1.8116973638534546,9
evidence,procedure,3.455810546875,1.685668706893921,9
exchanged,recycled,0.3262786865234375,-2.011425018310547,9
exciting,hard,1.0078125,-1.5938198566436768,9
exciting,severe,-7.01953125,-2.296147346496582,9
exile,poverty,-5.782648086547852,-1.1766769886016846,9
existing,projected,-2.857208251953125,-0.8538268804550171,9
explore,go,-5.314453125,-4.696431636810303,9
explorers,sailors,0.87066650390625,-1.0352909564971924,9
faint,indistinct,11.06826400756836,5.7557373046875,9
faint,lovely,2.5517578125,1.4094915390014648,9
faithless,perverse,-3.0078125,1.4170620441436768,9
falls,trips,-2.568359375,-1.2313677072525024,9
favour,kindness,-2.4539642333984375,-3.471985101699829,9
feasts,sake,1.86669921875,0.7870210409164429,9
fences,sheds,2.843994140625,0.08830350637435913,9
fertilizer,seeds,-8.472503662109375,-6.06416130065918,9
few,scattering,8.68359375,2.6588704586029053,9
few,short,4.58984375,0.7894617319107056,9
fia,mot,8.712890625,-2.2303109169006348,9
fidelity,luck,-1.2814102172851562,-2.1567513942718506,9
field,flood,-0.8046875,1.1204311847686768,9
field,forest,1.99609375,-1.6712040901184082,9
figures,lights,1.1708984375,-0.07341381907463074,9
filthy,yonkers,-7.333759307861328,0.25345373153686523,9
finally,then,-0.09765625,-0.8646658658981323,9
fine,flyaway,-0.087890625,4.831725120544434,9
fine,lovely,4.14453125,1.4205706119537354,9
fine,loyal,5.3125,1.6702148914337158,9
fine,pretty,4.94921875,1.783494472503662,9
fine,warm,3.306640625,-1.3520519733428955,9
finest,hardest,0.629547119140625,-0.9278038740158081,9
firm,hard,-1.029296875,-1.3185570240020752,9
firm,unyielding,8.792755126953125,5.189340591430664,9
fled,gone,-0.5703125,-1.5367518663406372,9
flint,rubble,4.246814727783203,2.244429349899292,9
flint,stone,7.7998046875,-0.49655240774154663,9
flow,flow,0.0,-0.10683861374855042,9
following,safety,-3.1796875,-1.1072920560836792,9
fondness,respect,2.5126953125,1.9580652713775635,9
forbearance,patience,-9.2391357421875,-1.4584784507751465,9
forest,plain,3.45654296875,0.21851330995559692,9
forest,stream,6.75390625,-0.13927222788333893,9
fornication,matchmaking,-7.947265625,1.9023995399475098,9
forward,return,0.3203125,-0.5523152351379395,9
frail,pretty,-6.763671875,-2.0421130657196045,9
freckles,shit,9.96728515625,0.31571173667907715,9
fruits,leaves,7.28125,-1.4764540195465088,9
fruits,seeds,-2.3080406188964844,-1.052219033241272,9
frustration,research,-1.888671875,2.4166126251220703,9
funnier,funnier,0.0,-0.10683861374855042,9
fussily,noisily,5.648063659667969,1.2048344612121582,9
gasping,singed,7.873046875,0.05049905180931091,9
gasping,trembling,-0.6252949237823486,-1.191131353378296,9
gazed,gazed,0.0,-0.10683861374855042,9
gazed,sympathized,6.068146705627441,0.7280802726745605,9
gentle,loyal,5.4052734375,5.163967132568359,9
gentle,pretty,-0.5224609375,2.536276340484619,9
gentle,refined,8.435302734375,5.736226558685303,9
gentle,safe,-2.23529052734375,-0.37954992055892944,9
gentle,tender,5.62890625,0.2465638816356659,9
gentle,valiant,5.0372314453125,2.0734453201293945,9
gentle,warm,-0.7996826171875,1.2665786743164062,9
gerken,leigh,8.85546875,4.205087184906006,9
gloom,unhappiness,3.407162666320801,2.397754192352295,9
gnomes,pixies,-1.59552001953125,-0.8446470499038696,9
go,go,0.0,-0.10683861374855042,9
go,grumble,3.3344783782958984,1.593445897102356,9
go,inquire,5.346111297607422,2.665226936340332,9
go,live,10.9052734375,0.8772015571594238,9
go,push,2.365234375,0.09215348958969116,9
go,return,0.85943603515625,1.653508186340332,9
go,sleep,5.0419921875,2.2519218921661377,9
go,switch,-0.615234375,2.1448681354522705,9
goatees,tattoos,-11.306640625,-1.5426414012908936,9
golden,pink,-4.40625,-2.350754499435425,9
golden,rosy,-1.31689453125,-1.2438753843307495,9
golden,warm,-2.56640625,-2.5790393352508545,9
gone,vanished,-5.127811431884766,0.7011064291000366,9
grasslands,woodlands,-4.478515625,0.3158990442752838,9
gravy,starch,0.844482421875,-0.3619121015071869,9
guitarist,keyboardist,5.340339660644531,1.2702633142471313,9
half,half,0.0,-0.10683861374855042,9
half,inch,5.521484375,0.41842886805534363,9
hall,saw,16.4921875,4.315354824066162,9
hammer,saw,2.900390625,2.5119926929473877,9
hammer,screwdriver,3.374979019165039,2.3432247638702393,9
happy,harmonious,2.5724639892578125,0.2606772482395172,9
happy,hurt,3.916015625,2.6016736030578613,9
happy,natural,2.865234375,1.3350574970245361,9
happy,pretty,-3.69921875,0.5060292482376099,9
happy,proper,4.3671875,2.8434107303619385,9
happy,rich,2.384765625,-1.0768705606460571,9
happy,rosy,5.9678955078125,1.3257863521575928,9
happy,safe,-2.427734375,-0.12301743030548096,9
happy,thankful,-5.3821258544921875,0.5216065645217896,9
happy,there,4.90625,0.8633921146392822,9
happy,warm,-1.5595703125,-1.9280788898468018,9
hard,harsh,-0.6654052734375,-0.02431429922580719,9
hard,heartless,1.55908203125,3.9652791023254395,9
hard,painful,9.2685546875,2.459204912185669,9
hard,severe,1.064453125,0.6574116945266724,9
hard,square,6.4208984375,2.6358392238616943,9
hard,tiresome,5.443275451660156,3.7771527767181396,9
hard,trying,1.58984375,4.109565258026123,9
hard,unyielding,9.92840576171875,4.725790023803711,9
harsh,unfair,5.0054168701171875,-0.22433248162269592,9
harsh,unpleasing,6.856201171875,3.733950138092041,9
hawks,kites,5.0322265625,0.842526912689209,9
hawks,owls,7.493690490722656,0.4882209599018097,9
haze,mist,-1.8553466796875,-4.598352432250977,9
hearing,speech,-3.572265625,-3.009291172027588,9
heartless,unsentimental,9.682037353515625,1.8392095565795898,9
hills,lakes,0.417938232421875,1.1042499542236328,9
hills,streams,5.6328125,1.2065296173095703,9
home,live,-0.455078125,-0.10066499561071396,9
home,safety,-2.021484375,0.7275135517120361,9
home,ship,-0.244140625,1.048343300819397,9
home,there,-3.193359375,4.539764404296875,9
homeless,wandering,-3.198974609375,1.0553582906723022,9
hoots,jeers,1.63916015625,1.3835983276367188,9
hoping,trying,2.720703125,-0.30431273579597473,9
hoping,waiting,-4.248046875,0.36075642704963684,9
hunted,hunted,0.0,-0.10683861374855042,9
hunted,rose,-9.66317367553711,-4.3182501792907715,9
hurt,killed,-1.814453125,1.7078651189804077,9
hurt,unhappiness,0.4810943603515625,2.798768997192383,9
hurt,wounded,6.2265625,0.22384586930274963,9
hydrogen,rubidium,2.6954345703125,-1.1988286972045898,9
ignorance,poverty,5.913547992706299,-0.8796157836914062,9
ignorance,sloth,0.8730955123901367,4.072793483734131,9
inconsiderate,irresponsible,-6.41883659362793,-0.802890419960022,9
innocently,naturally,-7.464996337890625,-1.474833607673645,9
institutional,structural,-7.328125,-1.0114030838012695,9
insubordination,treason,2.48760986328125,0.4977136552333832,9
insurrection,treason,-2.8241233825683594,-2.4882378578186035,9
intrapreneurial,startup,-8.927734375,-3.2328803539276123,9
irresponsible,sadic,10.0528564453125,-0.72782301902771,9
jewish,muslim,2.986328125,0.3172605335712433,9
jewish,polish,1.65625,-0.39450281858444214,9
judy,punch,-13.6864013671875,0.4568118155002594,9
jumping,tossing,1.100337028503418,0.09372010827064514,9
killed,mutilated,3.9677734375,-0.07015185803174973,9
killed,trapped,-0.3642578125,-0.2493899166584015,9
killed,vanished,-5.1787109375,0.9080911874771118,9
killed,wounded,5.0146484375,-1.595289945602417,9
kilograms,pounds,-5.688148498535156,-2.386608600616455,9
kindness,respect,-4.137451171875,0.661949872970581,9
kindness,teaching,1.979248046875,2.064410448074341,9
kindness,understanding,5.268310546875,2.5468857288360596,9
kisses,smiles,-3.5684967041015625,-1.3522212505340576,9
knights,soldiers,7.360328674316406,-0.8674435615539551,9
lakes,streams,0.5367584228515625,0.42935577034950256,9
layers,layers,0.0,-0.10683861374855042,9
leagues,leagues,0.0,-0.10683861374855042,9
leaping,taunting,2.331146240234375,1.0090298652648926,9
leaping,vaulting,10.32794189453125,0.5499378442764282,9
leaves,primroses,6.708718299865723,0.6746060848236084,9
lecturing,teaching,-16.341552734375,0.47814902663230896,9
lifting,shaking,2.7474827766418457,-1.4454734325408936,9
lights,noises,7.296875,4.418231010437012,9
lights,ornaments,3.8237502574920654,0.9403769969940186,9
listless,uninterested,5.54482889175415,2.53596830368042,9
literal,plain,-15.1865234375,-6.026185989379883,9
live,sleep,5.1533203125,-0.5059773921966553,9
lotions,splints,-1.1424560546875,-1.5510964393615723,9
lovable,lovely,-2.843242645263672,-3.844973087310791,9
lovable,warm,-3.5980682373046875,-3.841066360473633,9
lovely,real,-0.37890625,2.349717378616333,9
lovely,talented,9.23419189453125,0.6589736938476562,9
lovely,tender,3.900390625,1.1753818988800049,9
lovely,warm,4.470703125,-0.4705292880535126,9
lovingly,submissively,7.107025146484375,1.2469743490219116,9
lovingly,warmly,3.082338333129883,-0.8861043453216553,9
luck,skill,4.380859375,0.8618290424346924,9
magic,wonder,-4.4951171875,-1.1968379020690918,9
main,orignal,-2.962890625,-0.19925034046173096,9
major,minor,6.1748046875,2.1331186294555664,9
marches,protests,-8.06982421875,3.762026309967041,9
medication,therapy,2.2839813232421875,0.7499806880950928,9
microscopes,telescopes,-8.123709678649902,-0.9960037469863892,9
miles,miles,0.0,-0.10683861374855042,9
misfortune,poverty,-1.562054991722107,-1.8410109281539917,9
modifying,updating,-1.3116455078125,-1.2408661842346191,9
mold,pat,0.609375,0.5899221897125244,9
monkeys,shit,1.2431640625,-1.1647772789001465,9
more,more,0.0,-0.10683861374855042,9
mortar,stone,-4.4128570556640625,-2.794055938720703,9
mot,smiles,12.595703125,1.7877508401870728,9
motionless,prone,-3.520557165145874,2.569628953933716,9
murder,treason,1.322265625,1.4396898746490479,9
name,shape,3.724609375,-1.3522107601165771,9
narrower,shorter,-4.173095703125,0.34539082646369934,9
natural,proper,4.068359375,0.6792095899581909,9
natural,safe,0.5625,-0.09747102856636047,9
natural,synthetic,8.701210021972656,0.6943856477737427,9
natural,unconcerned,5.188929557800293,3.1227197647094727,9
neater,neater,0.0,-0.10683861374855042,9
needles,silks,-4.476398468017578,-2.182507038116455,9
needles,thimbles,0.289794921875,-0.37722280621528625,9
negative,positive,-4.5393829345703125,-2.4686574935913086,9
negative,substandard,0.9064292907714844,4.662473678588867,9
night,sunlight,-7.1041412353515625,3.1325039863586426,9
nouns,pronouns,1.1692276000976562,0.11538729071617126,9
oblong,square,-1.8533668518066406,0.6651202440261841,9
olios,tarts,6.80078125,0.8535699844360352,9
orange,pineapple,2.1904001235961914,0.8336648941040039,9
orange,pink,-1.4189453125,-0.7560482025146484,9
oranges,wine,2.722536563873291,-1.2724807262420654,9
ornaments,slides,-5.011725902557373,-2.3644073009490967,9
override,unlock,1.5546875,2.9590682983398438,9
painful,pitiful,-3.0885009765625,-1.7286171913146973,9
painful,severe,-2.03515625,-1.6978307962417603,9
participation,victories,3.37841796875,-1.416521668434143,9
pine,spruce,6.300178527832031,5.505117416381836,9
plain,pretty,0.007080078125,4.448078632354736,9
plain,square,2.0556640625,2.1877822875976562,9
plain,unattractive,5.8241119384765625,6.939836025238037,9
plenty,plenty,0.0,-0.10683861374855042,9
plenty,warmth,-4.505859375,-0.555069088935852,9
plotting,scheming,4.501556396484375,-1.8971319198608398,9
policemen,reporters,6.477499961853027,4.031280517578125,9
policemen,soldiers,1.3356809616088867,-2.9891600608825684,9
policies,procedures,2.39801025390625,-0.30061832070350647,9
policies,programmes,0.0767822265625,2.07625150680542,9
pondered,pondered,0.0,-0.10683861374855042,9
pounds,pounds,0.0,-0.10683861374855042,9
pounds,throbs,-8.125,-0.22750456631183624,9
pretty,refined,10.45263671875,2.436828851699829,9
pretty,safe,5.53125,-0.6118146181106567,9
prim,proper,1.541015625,1.0682106018066406,9
primed,waiting,3.572265625,2.576422929763794,9
procedure,structures,0.204345703125,-1.9785902500152588,9
projects,texts,4.369483947753906,-1.607394814491272,9
proper,safe,-9.478515625,-2.4213247299194336,9
proposals,recommendations,-1.4424972534179688,0.08449208736419678,9
protests,texts,-3.450897216796875,-0.7700536251068115,9
prowess,skill,-1.22021484375,-2.501582145690918,9
pry,push,2.302734375,-3.017723798751831,9
pushback,taxi,-4.94921875,-1.694106101989746,9
question,wonder,-0.68359375,1.7306475639343262,9
ragtags,scum,0.302734375,1.460204005241394,9
railroads,utilities,-2.0359268188476562,0.3440711796283722,9
real,symbolic,2.74468994140625,1.9873242378234863,9
real,valid,-2.5537109375,0.13970431685447693,9
rent,taxes,2.1492156982421875,-0.12310761213302612,9
reproach,strife,0.6183013916015625,-2.0753118991851807,9
research,teaching,-1.9111328125,0.2997274100780487,9
resinous,vitreous,7.4765625,0.3872353136539459,9
respect,understanding,-0.6064453125,-0.005250096321105957,9
results,scores,0.8955078125,0.05281934142112732,9
return,sleep,4.380859375,2.784799098968506,9
rich,rich,0.0,-0.10683861374855042,9
rich,warm,-3.89453125,-0.30684894323349,9
richer,richer,0.0,-0.10683861374855042,9
riflemen,soldiers,-4.526123046875,-2.490173101425171,9
rockholes,streams,1.2978057861328125,-0.47713351249694824,9
roped,tied,6.72021484375,0.0065964460372924805,9
rose,rose,0.0,-0.10683861374855042,9
rose,waxed,1.2726941108703613,4.160445213317871,9
rosy,warm,-4.813499450683594,-2.49161434173584,9
rubble,spoil,0.7451171875,2.466336727142334,9
sadder,sadder,0.0,-0.10683861374855042,9
safe,sheltered,0.45166015625,3.8385581970214844,9
safe,warm,4.896484375,-2.4138073921203613,9
safety,security,1.658203125,-1.1902817487716675,9
sailors,soldiers,-5.660118103027344,-1.0440255403518677,9
savory,tender,-2.3212890625,-3.58082914352417,9
saw,shrieked,-0.6062684059143066,-1.052943468093872,9
scalded,smashed,-1.114664912223816,-1.4671604633331299,9
scholars,soldiers,-5.234157562255859,-3.2087395191192627,9
scholars,sultans,4.15673828125,0.7004680633544922,9
seamen,soldiers,-4.189971923828125,-1.2524871826171875,9
seclusion,shyness,17.110733032226562,-3.2615833282470703,9
security,warmth,-8.22003173828125,0.3859212100505829,9
seeds,shit,0.09942626953125,3.835209846496582,9
severe,unaccustomed,2.345003843307495,3.641922950744629,9
shanties,sheds,-4.412273406982422,-1.819237232208252,9
short,snappish,0.396484375,0.1979883313179016,9
short,square,15.45849609375,0.9976916313171387,9
short,stubby,0.2763671875,3.843538284301758,9
short,thickly,9.96044921875,4.3046393394470215,9
shorter,shorter,0.0,-0.10683861374855042,9
silences,speech,5.7890625,-2.100830316543579,9
singly,then,10.267822265625,2.4064390659332275,9
sinning,sinning,0.0,-0.10683861374855042,9
sister,twin,5.367919921875,2.593031167984009,9
sleep,sleep,0.0,-0.10683861374855042,9
sleepier,sleepier,0.0,-0.10683861374855042,9
smiles,sobs,-4.166130065917969,0.9044041633605957,9
smiles,waves,0.435546875,1.0414243936538696,9
sniffed,sniffed,0.0,-0.10683861374855042,9
soap,water,-0.17578125,0.3535964787006378,9
sole,undivided,6.933406829833984,3.8141133785247803,9
sorry,thankful,-1.3506317138671875,0.7886840105056763,9
speech,swallowing,4.7076263427734375,4.238009452819824,9
squeeze,squeeze,0.0,-0.10683861374855042,9
squirming,struggling,-5.105560302734375,0.28668537735939026,9
sticky,warm,-1.491424560546875,-2.756960868835449,9
subjective,symbolic,5.5320587158203125,2.5571978092193604,9
sunlight,water,3.4246826171875,-4.192351818084717,9
swifter,swifter,0.0,-0.10683861374855042,9
then,then,0.0,-0.10683861374855042,9
then,there,2.35546875,-2.518131971359253,9
there,there,0.0,-0.10683861374855042,9
tied,wrapped,-0.46888160705566406,1.5714325904846191,9
tiresome,trite,-3.596101760864258,-0.03217163681983948,9
tons,tons,0.0,-0.10683861374855042,9
trembling,twitching,-0.27779388427734375,1.868065357208252,9
trembling,waiting,4.77000093460083,1.2918956279754639,9
trying,trying,0.0,-0.10683861374855042,9
twirled,twirled,0.0,-0.10683861374855042,9
vanished,vanishing,9.841796875,3.9223179817199707,9
victual,water,-1.962890625,-4.310029983520508,9
waiting,waiting,0.0,-0.10683861374855042,9
wall,water,-1.350341796875,0.3140868544578552,9
warm,welcoming,9.0625,6.807835578918457,9
water,water,0.0,-0.10683861374855042,9
water,wine,3.6337890625,-0.48490938544273376,9
whiter,whiter,0.0,-0.10683861374855042,9
