word1,word2,preference,mlp_pred,fold
abetting,aiding,-3.52734375,-0.1405048668384552,0
academic,parental,-1.6673583984375,-1.158037781715393,0
acceptance,recognition,-0.7430419921875,0.875109076499939,0
acoustic,electric,4.15374755859375,1.0171372890472412,0
adenine,guanine,0.642578125,0.36907461285591125,0
adjustment,haggling,-0.3447265625,-2.2115018367767334,0
adventures,pictures,-1.611328125,-0.8329439163208008,0
affirmation,liberation,-0.2138671875,0.16535019874572754,0
afloat,popular,2.37481689453125,0.24712073802947998,0
agents,supplies,0.04180908203125,-0.31441378593444824,0
agreed,approved,-0.612762451171875,-1.007956624031067,0
ahead,shiver,11.541015625,0.9118376970291138,0
airfields,factories,2.25836181640625,0.676655650138855,0
airfields,ports,1.0662841796875,-0.036556124687194824,0
ands,ifs,3.4365234375,1.555463433265686,0
angrier,angrier,0.0,0.06450247764587402,0
annoyance,disappointment,0.78125,-0.6919670104980469,0
annoyed,restless,0.072265625,-0.970009446144104,0
anthropology,voice,5.78515625,0.5355923175811768,0
apart,floor,-0.9921875,-2.3892099857330322,0
apologize,stuff,2.92462158203125,0.02845814824104309,0
appalling,terrible,2.6969680786132812,0.023938924074172974,0
applauding,cheering,-1.5906982421875,-0.08998274803161621,0
aqueducts,sewers,1.6865234375,-1.381902813911438,0
arm,arm,0.0,0.06450247764587402,0
aroused,irritated,3.406646728515625,0.26579198241233826,0
arrogance,riches,1.2431640625,0.21849511563777924,0
arteries,veins,-1.3564453125,0.39785799384117126,0
arums,mangroves,1.25048828125,-1.2713505029678345,0
associate,supporting,-0.013671875,0.880691409111023,0
attack,attack,0.0,0.06450247764587402,0
attack,defense,-0.10546875,-1.5434668064117432,0
attractions,television,-2.91796875,-0.9086312055587769,0
away,away,0.0,0.06450247764587402,0
away,down,0.365234375,0.1601456254720688,0
away,good,1.6484375,-0.8591181039810181,0
axes,scythes,-1.31591796875,0.9956029653549194,0
axes,shovels,-0.347412109375,-0.3897693455219269,0
axes,spades,1.685791015625,-0.029296427965164185,0
bacon,bread,-4.0226287841796875,-1.704912543296814,0
bacon,cornbread,0.2553253173828125,0.3451022207736969,0
bald,stony,0.30859375,-2.0168473720550537,0
bald,toothless,-0.85546875,-1.4308949708938599,0
bales,boxes,0.451171875,0.15893670916557312,0
banged,clattered,-2.1523361206054688,0.9300380945205688,0
barrows,shovels,6.462493896484375,0.972052812576294,0
bat,scull,-2.25,-0.4449545443058014,0
beast,men,-5.5390625,-1.254529356956482,0
beige,green,-1.94140625,-1.6254867315292358,0
beneficent,patriarchal,2.47052001953125,1.1576777696609497,0
better,better,0.0,0.06450247764587402,0
better,good,0.732421875,-1.287293791770935,0
better,popular,4.5,-0.2125234305858612,0
better,worse,-0.25,-1.4085770845413208,0
biblical,julian,3.4472503662109375,1.5674153566360474,0
billboards,magazines,3.5657730102539062,-0.13437971472740173,0
billions,billions,0.0,0.06450247764587402,0
blanket,coat,2.794921875,0.8783438205718994,0
blanket,doll,-0.048828125,-0.2672635614871979,0
blanket,popbeads,-3.24609375,2.117685079574585,0
blindfold,plaintively,-6.85107421875,1.0778008699417114,0
blink,sit,-1.6943359375,-1.3197401762008667,0
blistered,bloody,1.18359375,-0.46206483244895935,0
blistered,burned,2.603668212890625,-0.07540233433246613,0
bloody,guts,-4.896484375,-2.021873712539673,0
bloody,terrible,1.55078125,-0.8372527360916138,0
bloody,well,-3.671875,0.5164629220962524,0
bloomers,sneakers,2.6036376953125,0.08399610221385956,0
blue,glowing,0.052734375,1.5642614364624023,0
blue,gold,0.515625,-0.3863919675350189,0
blue,green,0.3984375,0.32309603691101074,0
blue,restless,-2.63037109375,1.3424032926559448,0
bonnet,veil,-3.173828125,1.2894049882888794,0
bony,discoloured,5.6884765625,3.0285215377807617,0
boobs,pubes,-0.00732421875,0.06071135401725769,0
brains,pluck,0.890625,1.6682723760604858,0
bravely,unfalteringly,3.5057373046875,1.526079535484314,0
bravely,well,-2.4365234375,0.8540626764297485,0
bread,fishes,2.3046875,2.0004050731658936,0
bread,salami,6.6142578125,1.8304601907730103,0
bread,stuff,3.20849609375,3.1213700771331787,0
brickdust,paraffin,1.6842041015625,0.9752782583236694,0
brokenly,incoherently,1.9257965087890625,-0.0345940887928009,0
built,made,-1.166015625,0.6338552236557007,0
burial,cremation,-1.00555419921875,-1.5654125213623047,0
burned,burned,0.0,0.06450247764587402,0
burned,spluttered,-3.93170166015625,-0.5415148735046387,0
bustling,dynamic,-2.3351211547851562,0.6290216445922852,0
calcified,hardened,2.109375,0.398985892534256,0
calcium,oxygen,-1.3157157897949219,-0.4471128284931183,0
calcium,phosphate,0.735076904296875,-0.9044228792190552,0
calcium,plutonium,-1.502227783203125,-2.315990924835205,0
caps,goals,4.853515625,-0.5069104433059692,0
caps,nightgowns,1.6087646484375,-0.6569342613220215,0
carriage,servants,-2.3828125,-0.5898542404174805,0
ceiling,floor,0.59405517578125,-0.8881767988204956,0
cement,sand,-2.19140625,-0.12432923913002014,0
cement,steel,-0.58203125,-0.3395836651325226,0
charts,pictures,2.9423828125,-0.1384546458721161,0
cheering,hooting,-2.2359771728515625,0.19842439889907837,0
cigars,lemonade,0.703125,0.2816341817378998,0
cinematography,photography,0.21300506591796875,-0.13461384177207947,0
citizenship,history,1.119140625,-1.4443879127502441,0
civil,commercial,0.1484375,-0.9420672655105591,0
cleaning,repairing,3.2750244140625,1.2562931776046753,0
cleaning,stuff,7.59375,-0.062215253710746765,0
clever,good,1.34375,-0.3006494343280792,0
clever,honest,1.685546875,0.8511267900466919,0
clever,industrious,6.8154296875,1.5338233709335327,0
coat,hat,-1.09375,0.12554100155830383,0
comedy,dancing,-1.12109375,1.0190705060958862,0
comedy,songs,-1.4765625,0.5959079265594482,0
comfort,counsel,1.39453125,1.2492042779922485,0
comfort,delight,0.447265625,1.0101715326309204,0
comfort,edification,-1.330078125,0.38197389245033264,0
comfort,inspiration,-1.593475341796875,0.061282962560653687,0
comfort,prosperity,-0.09796142578125,-0.28962430357933044,0
comfort,riches,1.646484375,0.046609506011009216,0
comfort,support,0.880859375,0.8770081996917725,0
commanding,distinct,-2.5771484375,-2.2759978771209717,0
commercial,corporate,0.5791015625,-0.724743127822876,0
commercial,ferry,-0.9921875,-1.0237215757369995,0
compliments,court,1.72271728515625,-0.2500031292438507,0
comprehensiveness,depth,3.368621826171875,-0.513810396194458,0
constitutionalism,economics,-0.1228485107421875,0.02408183366060257,0
contemptuous,curt,1.25732421875,0.13782277703285217,0
contents,hat,-3.7747802734375,-5.427365779876709,0
contracts,licenses,2.8592529296875,-0.13720503449440002,0
copper,gold,0.66796875,0.2230968177318573,0
copper,steel,2.07421875,0.1363687664270401,0
corn,oysters,0.595458984375,0.43582287430763245,0
correct,correct,0.0,0.06450247764587402,0
correct,erase,-0.6796875,0.8038409948348999,0
correct,present,0.83984375,1.7930059432983398,0
corrected,typed,-0.5559749603271484,-0.4545380175113678,0
coughs,groans,1.4080810546875,0.6692379713058472,0
coughs,sings,-0.40966796875,1.0535773038864136,0
court,perjury,0.796875,1.5480353832244873,0
covert,ingenious,-2.58154296875,-0.13173243403434753,0
cowered,such,3.2109375,0.7853610515594482,0
creaked,swerved,1.548828125,0.2951032817363739,0
crepuscular,diurnal,0.767333984375,0.86141037940979,0
cricket,football,1.6953125,0.17428430914878845,0
crosser,crosser,0.0,0.06450247764587402,0
crows,poultry,-3.55841064453125,0.4958129823207855,0
cubes,triangles,2.60015869140625,0.20404869318008423,0
danby,winter,-3.19140625,-0.3956708610057831,0
dancers,wood,3.4591064453125,-0.6349084377288818,0
dancing,dinner,-4.59375,-3.18695330619812,0
dancing,drinking,0.63671875,-0.22735381126403809,0
deaf,stupid,3.01116943359375,-0.08947855234146118,0
debauch,riot,-0.375,0.11569473892450333,0
defector,stateless,-1.72265625,-0.2209204137325287,0
defense,offense,4.1669921875,1.4885797500610352,0
dehydration,deprotonation,3.604736328125,-0.273229718208313,0
delight,tenderness,-0.6015625,-0.15294352173805237,0
demonstrations,petitions,-1.380859375,-0.642774224281311,0
depth,diameter,-6.086662292480469,-0.1990954875946045,0
depth,information,4.1533203125,-0.7432360649108887,0
depth,soundness,0.77490234375,-0.4653487503528595,0
despised,poor,-2.2159423828125,-1.3032238483428955,0
devils,witches,-0.1318359375,0.2677377462387085,0
devious,ruthless,-2.67626953125,-0.5957018136978149,0
dim,misty,3.251953125,-0.8945217132568359,0
dim,threatening,0.981201171875,-0.13975796103477478,0
dinner,stuff,5.966796875,2.7419519424438477,0
disappointment,doubt,-3.6513671875,0.993171215057373,0
disappointment,neglect,2.233642578125,1.7377523183822632,0
disappointment,sorrow,-0.47509765625,-0.4357432425022125,0
disgraced,humiliated,2.6221923828125,-0.1530294418334961,0
dishonor,honor,-2.31243896484375,-1.5347942113876343,0
disinherited,dispossessed,-1.1614990234375,-0.6122331619262695,0
dispatches,dispatches,0.0,0.06450247764587402,0
do,good,5.080078125,-2.961111068725586,0
do,stuff,10.46240234375,1.0068068504333496,0
do,undo,0.56201171875,1.368368148803711,0
docile,industrious,-4.1527099609375,0.558585524559021,0
doll,hat,-0.9921875,-0.31798672676086426,0
doll,popbeads,-4.94677734375,1.9168431758880615,0
dollhouse,men,0.3388671875,1.5704313516616821,0
doubt,speculation,-0.925048828125,-0.5061559677124023,0
down,down,0.0,0.06450247764587402,0
down,under,4.087890625,3.10355544090271,0
down,upstairs,-3.26171875,-1.2406105995178223,0
down,wireless,3.776611328125,-0.3312666714191437,0
dramatically,suddenly,-0.8720703125,-0.39799121022224426,0
dreadful,terrible,-0.0087890625,-0.021805018186569214,0
drinking,drinking,0.0,0.06450247764587402,0
drove,drove,0.0,0.06450247764587402,0
economics,history,-1.3556289672851562,-0.4064987003803253,0
edge,point,-3.119140625,2.3942041397094727,0
efficiently,smoothly,-4.7614593505859375,-0.860276460647583,0
electric,gravitational,-2.5181884765625,-0.5501357316970825,0
electric,hybrid,-0.0379791259765625,0.1579016149044037,0
electronics,vehicles,-0.8462162017822266,-0.3570340573787689,0
eleventh,last,5.2978515625,1.2779546976089478,0
embarrassed,humiliated,1.147216796875,0.23176050186157227,0
embarrassed,mad,-1.9061279296875,-0.5964275598526001,0
embarrassed,restless,0.086151123046875,0.021558910608291626,0
emeralds,gold,5.48828125,0.30279290676116943,0
enlargement,thickening,-3.343505859375,-0.8079203367233276,0
enthusiastic,excellent,-3.3782958984375,-0.37637564539909363,0
enthusiastic,utensiles,1.2872314453125,0.7527624368667603,0
equal,honest,0.1953125,0.11733877658843994,0
equal,opposite,2.41796875,0.316900372505188,0
evening,morning,-2.32421875,-0.039195120334625244,0
evil,good,0.916015625,-0.7446521520614624,0
evil,malicious,-0.6432342529296875,-0.44778725504875183,0
evil,unlucky,-2.3056640625,-1.1920689344406128,0
exactly,well,1.228515625,-2.2470898628234863,0
excellent,good,0.75048828125,0.03452959656715393,0
excesses,shortages,0.78802490234375,0.8715341091156006,0
exchanging,redeeming,-1.6507568359375,-2.2528510093688965,0
exclamation,interrogation,0.227294921875,0.09083247929811478,0
exhausting,futile,-0.375732421875,0.6876108646392822,0
expand,freeze,-0.6584930419921875,-0.6252527236938477,0
fabric,quilting,-2.61376953125,-2.3775041103363037,0
faces,people,-0.400390625,3.4375908374786377,0
factoring,factorisation,0.459716796875,-2.8714053630828857,0
fascinating,noble,2.8558692932128906,-1.2664260864257812,0
fathoms,fathoms,0.0,0.06450247764587402,0
fatter,fatter,0.0,0.06450247764587402,0
features,profiles,1.025390625,1.0480915307998657,0
fed,housed,1.1693115234375,0.15843281149864197,0
feedstocks,ligands,-0.23681640625,0.023969054222106934,0
felids,nimravids,-0.060546875,0.09976527094841003,0
fielders,sluggers,-2.62353515625,0.7501232624053955,0
figs,wasps,-2.6064453125,0.7005689144134521,0
files,information,-1.1923828125,0.7326450347900391,0
files,stuff,6.9140625,1.3296570777893066,0
fishes,people,0.16015625,-0.3917296230792999,0
flatter,flatter,0.0,0.06450247764587402,0
flatulence,shots,-0.73828125,-0.926769495010376,0
flourishing,green,0.491424560546875,-3.1856489181518555,0
forests,schools,-0.1484375,1.0900381803512573,0
former,present,0.30078125,-1.028660774230957,0
former,quarter,1.52734375,1.2320568561553955,0
forties,under,7.673828125,5.94852876663208,0
frazil,pancake,-5.5224609375,0.014126569032669067,0
freeze,shiver,-0.3173828125,-0.08268436789512634,0
frequently,recently,0.89208984375,-2.3243842124938965,0
friendlessly,homelessly,-0.392578125,0.4996650516986847,0
frustrated,irritated,3.0029144287109375,0.4021216928958893,0
frustrated,whining,-0.0313720703125,-0.7401351928710938,0
future,present,-0.556640625,1.807089924812317,0
gala,rare,1.228515625,1.3262182474136353,0
gangsters,pimps,2.1337890625,0.7758527994155884,0
geological,zoological,-2.06414794921875,1.1046335697174072,0
ghostly,good,-1.3583984375,-1.8049863576889038,0
gifts,supplies,0.286468505859375,0.2980068027973175,0
gleaming,greedy,5.1868896484375,-0.9245437383651733,0
gloves,hat,-0.375732421875,0.45911988615989685,0
glowing,immaculate,-2.455322265625,0.6160048246383667,0
gold,green,-0.71484375,-0.3528951406478882,0
gold,tangerine,-1.29638671875,0.2014748901128769,0
gold,treasure,-1.5361328125,0.08594958484172821,0
good,green,-2.056640625,0.19483883678913116,0
good,honest,3.3203125,0.4107963740825653,0
good,honourable,-0.18524169921875,1.0600614547729492,0
good,informative,3.142578125,-0.11345711350440979,0
good,mad,-2.005859375,1.045911192893982,0
good,merciful,-1.6468505859375,-0.739079475402832,0
good,noble,-0.2568359375,-0.8309140205383301,0
good,poor,-3.69140625,0.25574639439582825,0
good,straightforward,1.12677001953125,0.9274650812149048,0
good,unconstrained,0.475830078125,2.580212116241455,0
good,well,2.087890625,3.009748935699463,0
gowns,slippers,-3.383087158203125,-0.5147349834442139,0
grains,liquids,-1.3486328125,-0.43466928601264954,0
graphics,photography,0.877105712890625,0.6233315467834473,0
graphics,photos,-2.66015625,0.4228489100933075,0
grave,questioning,1.15673828125,3.259960412979126,0
grave,terrible,4.109375,1.535598874092102,0
grave,troubled,1.9852371215820312,1.099793553352356,0
green,green,0.0,0.06450247764587402,0
green,misty,-0.539306640625,1.1792808771133423,0
green,rust,2.5546875,0.7623677253723145,0
green,violet,0.15630531311035156,2.0708303451538086,0
green,wooded,1.74810791015625,1.2825345993041992,0
grows,grows,0.0,0.06450247764587402,0
grumbling,whining,-1.54833984375,0.10744918882846832,0
guile,wile,-2.783203125,-1.4487571716308594,0
haggard,troubled,-2.655914306640625,0.3804241120815277,0
handwritten,typed,-0.1884765625,2.4183831214904785,0
hardened,stabilised,-4.36865234375,-0.031113043427467346,0
harps,songs,-0.63671875,-0.7386844158172607,0
heaviness,sorrow,1.3298187255859375,0.10290297120809555,0
history,mythology,-0.58447265625,1.0946348905563354,0
honest,honourable,2.8377838134765625,2.3022820949554443,0
honest,industrious,2.111572265625,1.7020446062088013,0
honest,poignant,-1.3876953125,0.43225494027137756,0
honest,straight,4.1640625,0.8122010231018066,0
honest,straightforward,1.0911331176757812,0.7641233205795288,0
honor,manhood,-1.8046875,-2.2470738887786865,0
honor,riches,0.39453125,-0.5749566555023193,0
honor,serve,-0.369140625,1.1888445615768433,0
honor,service,-0.55078125,-0.4943157732486725,0
honor,truthfulness,1.01171875,-0.4652259051799774,0
honor,wisdom,1.7628326416015625,-1.160438895225525,0
honourable,merciful,-3.872039794921875,-2.043102264404297,0
honourable,necessary,-1.930908203125,0.3446989953517914,0
honourable,poor,-5.432373046875,-1.8797472715377808,0
hopes,thoughts,0.0146484375,0.2839418351650238,0
hormones,neurotransmitters,0.558349609375,-0.1363620162010193,0
hugged,kissed,1.6637382507324219,0.01861642301082611,0
humorously,jokingly,-6.2783203125,-1.2642320394515991,0
hurting,terrifying,1.46746826171875,-0.36510100960731506,0
hydrocarbons,oxygen,3.138763427734375,-0.016460582613945007,0
hymns,songs,-0.682830810546875,0.08705823123455048,0
inaccurate,lurid,-2.16552734375,0.35979750752449036,0
indefensible,unjustified,-0.51220703125,0.7818055152893066,0
indonesian,malaysian,0.426025390625,0.08572978526353836,0
information,knowledge,0.23046875,-0.4327763617038727,0
information,pictures,-1.158203125,-2.0708870887756348,0
information,services,-0.380859375,0.5499956607818604,0
information,support,3.671875,0.3585233986377716,0
information,tips,2.203125,0.8232365846633911,0
injury,predation,-3.599365234375,0.9745596647262573,0
inputs,microphones,-1.872528076171875,0.9199962615966797,0
ins,outs,-0.166015625,-2.6453468799591064,0
inside,under,4.828125,2.8113465309143066,0
insipid,poor,-3.38671875,-1.7797421216964722,0
insipid,stupid,-2.65234375,-0.4229640066623688,0
insisting,insisting,0.0,0.06450247764587402,0
inspections,inspections,0.0,0.06450247764587402,0
instructions,pictures,-1.187744140625,-1.6401654481887817,0
inventors,scientists,-1.59375,-0.14651080965995789,0
irritated,nervous,-3.80615234375,-0.7199431657791138,0
jagged,uneven,0.48248291015625,0.7335411310195923,0
jammed,overheated,2.50732421875,1.7741197347640991,0
journals,magazines,-1.7486495971679688,-0.42547890543937683,0
joyfully,willingly,-4.990234375,-0.6627049446105957,0
judgment,taste,1.3287353515625,-0.26156172156333923,0
juggled,stuff,5.77490234375,0.60601806640625,0
kid,mutton,-1.994140625,0.026668980717658997,0
knowledge,liberation,0.21630859375,-0.17231032252311707,0
knowledge,wisdom,-0.6563568115234375,-0.38311567902565,0
lace,leather,-2.8427734375,1.6134389638900757,0
lace,needlework,0.6796875,1.086077094078064,0
last,oldest,-2.26953125,-2.247194766998291,0
last,sixteenth,-0.6373672485351562,-2.056363344192505,0
last,steepest,-3.15234375,-0.23376598954200745,0
last,twentieth,0.7822647094726562,-1.3945504426956177,0
lefties,lefties,0.0,0.06450247764587402,0
legitimate,popular,0.043212890625,0.7211556434631348,0
lemonade,sandwiches,-3.3258166313171387,-0.7444745302200317,0
libel,slander,8.4765625,-0.6736388206481934,0
liberation,practicality,1.80419921875,-0.3906468451023102,0
lifelike,vivid,-1.56982421875,-1.9958590269088745,0
lipsticks,skirts,2.1041259765625,-0.7261567115783691,0
liquid,vapor,1.5078125,-0.8315720558166504,0
loads,loads,0.0,0.06450247764587402,0
longest,oldest,0.03215789794921875,-0.9486552476882935,0
longest,widest,2.0322265625,0.3191554546356201,0
look,manner,-0.3818359375,-0.7468464374542236,0
look,voice,-2.900390625,-1.9219783544540405,0
loss,sorrow,-0.255859375,0.0031404495239257812,0
lurid,threatening,2.029632568359375,0.7215228080749512,0
lysosomes,peroxisomes,-3.39892578125,0.17100679874420166,0
made,sold,2.21875,0.1391773819923401,0
made,spent,0.9140625,0.13762855529785156,0
majestically,silently,-6.57244873046875,-0.8353972434997559,0
malicious,stupid,2.1885299682617188,0.7398685216903687,0
manner,voice,-1.5205078125,-1.4078539609909058,0
maths,stuff,4.7275390625,2.1912264823913574,0
meagre,unpalatable,-0.16162109375,-0.9999808073043823,0
melodic,progressive,3.3671875,0.7232550382614136,0
men,men,0.0,0.06450247764587402,0
men,munition,-0.11328125,1.4187259674072266,0
men,people,3.4345703125,2.305464744567871,0
men,planes,-3.3662109375,0.6617922782897949,0
men,secrets,-4.333648681640625,1.1424626111984253,0
men,supplies,0.5982666015625,1.0522857904434204,0
mexican,vietnamese,-0.02149200439453125,-0.035492926836013794,0
mezcal,pulque,-0.255859375,-2.975203037261963,0
millions,millions,0.0,0.06450247764587402,0
miraculously,suddenly,1.8990478515625,-0.5143542289733887,0
motorcycles,quads,-6.042938232421875,1.5618689060211182,0
mountainous,northern,-2.779296875,0.34779122471809387,0
mourning,sorrow,-1.0074462890625,-1.4721263647079468,0
nervous,poor,-2.94921875,-1.9511557817459106,0
nervous,restless,-0.786376953125,0.9979841709136963,0
nervous,shaky,-2.08984375,-0.7854175567626953,0
nervous,weak,-2.298828125,-0.9280569553375244,0
nitric,sulphuric,-3.72833251953125,0.00801442563533783,0
normal,normal,0.0,0.06450247764587402,0
normal,well,2.7109375,2.895186424255371,0
notorious,puzzling,-0.04705810546875,0.12163984775543213,0
notorious,valuable,-4.1298828125,0.4608677625656128,0
nut,washer,2.5849609375,2.787053108215332,0
offside,support,3.0,-1.615967035293579,0
oxygen,sulphur,6.631072998046875,3.7651290893554688,0
paints,pencils,-0.42254638671875,-0.9346827268600464,0
patiently,watchfully,-3.8086280822753906,0.4022437036037445,0
patiently,well,-4.7114715576171875,0.8323942422866821,0
peel,rot,0.66015625,-0.8452061414718628,0
people,plywood,2.84765625,0.4686347544193268,0
people,priest,-0.958984375,-1.4055415391921997,0
people,producers,-1.8916015625,0.22536811232566833,0
people,rituals,-0.304931640625,0.039935506880283356,0
people,servants,0.2734375,-1.2622979879379272,0
people,situations,-2.31103515625,0.2403527796268463,0
people,stuff,5.837890625,0.48508694767951965,0
people,supplies,0.34320068359375,0.0850895345211029,0
people,vehicles,-0.39611339569091797,-0.3968029320240021,0
petrochemical,pharmaceutical,0.591796875,0.4337407946586609,0
photography,videography,4.7706298828125,0.8899729251861572,0
picnics,such,6.15777587890625,1.589004635810852,0
pictures,stuff,11.609375,1.9345637559890747,0
pieces,tags,1.07958984375,-0.19572511315345764,0
plaster,wood,-1.6533203125,0.24159705638885498,0
play,want,-1.8984375,2.646116256713867,0
pluck,straight,1.451171875,-1.6284939050674438,0
polynesian,scandinavian,-8.82208251953125,0.012574881315231323,0
poor,unnoticed,3.26123046875,1.998360514640808,0
poor,weak,2.1533203125,-0.3837665021419525,0
popular,saleable,-4.05078125,-1.7205544710159302,0
postnatal,prenatal,-2.375,-0.056388795375823975,0
practising,practising,0.0,0.06450247764587402,0
prejudice,stereotypes,-0.7018280029296875,-0.8799909353256226,0
profane,threatening,5.560981750488281,2.0739822387695312,0
professors,scientists,-0.5455322265625,-0.03892017900943756,0
prosper,well,-3.06182861328125,0.27255573868751526,0
prosperity,welfare,-0.4986114501953125,0.2808173894882202,0
psychological,terrible,0.850830078125,0.768599271774292,0
publications,scientists,0.154296875,0.3337775468826294,0
rabbit,sit,-4.421875,-0.4814431965351105,0
radium,sediments,3.009765625,0.8152210712432861,0
rained,rained,0.0,0.06450247764587402,0
rakes,spades,1.0234375,0.8398885726928711,0
rare,shameful,1.772705078125,1.990423560142517,0
rare,uncommon,0.636474609375,2.358759641647339,0
rare,valuable,0.390625,0.362046480178833,0
rare,wicious,-0.20703125,1.2218118906021118,0
reformist,separatist,-4.650390625,-0.2388763129711151,0
restless,troubled,-0.239013671875,0.9830316305160522,0
reverently,silently,-4.97491455078125,-1.085200309753418,0
reverently,tenderly,-0.79815673828125,-0.23866143822669983,0
rides,sings,-0.0716552734375,0.5962241888046265,0
roll,roll,0.0,0.06450247764587402,0
runs,shrieks,-3.75341796875,-0.5909252166748047,0
sand,varnish,0.6474609375,-1.8218899965286255,0
sandwiches,stuff,5.007559776306152,3.0884201526641846,0
satisfied,triumphant,11.86236572265625,-2.320904493331909,0
schools,schools,0.0,0.06450247764587402,0
schools,services,0.501953125,0.486489862203598,0
schools,situations,-0.91436767578125,0.8241863250732422,0
schools,staff,4.2666015625,0.7898588180541992,0
schools,stuff,4.171875,2.199697732925415,0
seasons,weather,2.8994140625,0.0336780846118927,0
servants,servants,0.0,0.06450247764587402,0
service,such,4.890625,-0.6486040353775024,0
services,support,3.6640625,0.7208281755447388,0
shakes,twitches,3.466796875,-0.914108395576477,0
shortsighted,weak,-2.896484375,-1.0833958387374878,0
shovels,spades,1.8855438232421875,-0.12338563799858093,0
shriller,shriller,0.0,0.06450247764587402,0
silently,smoothly,-1.09588623046875,0.2715623080730438,0
silently,sorrowfully,1.218994140625,0.56239914894104,0
silently,suddenly,-0.270263671875,-1.1320000886917114,0
sixteenth,twentieth,4.881599426269531,2.372668743133545,0
slave,slave,0.0,0.06450247764587402,0
snot,stuff,0.896484375,-1.0887709856033325,0
sobbed,sobbed,0.0,0.06450247764587402,0
sodomites,usurers,-6.759765625,-1.2063497304916382,0
sonatas,sonatinas,-4.0177001953125,0.20901364088058472,0
songs,stuff,6.28515625,1.7342860698699951,0
spent,weak,-3.5888671875,-4.6782636642456055,0
stacks,stacks,0.0,0.06450247764587402,0
startling,terrible,-3.972412109375,-0.5045063495635986,0
steel,wood,-1.9521484375,0.7413643598556519,0
straight,sturdy,-2.34173583984375,1.7065080404281616,0
strenuously,well,-2.00323486328125,-0.27542296051979065,0
stuff,supplies,-5.70391845703125,-1.067456841468811,0
stuff,wood,-5.62109375,-1.0903679132461548,0
stupid,tedious,-2.80859375,-0.09987232089042664,0
stupid,weak,-1.84765625,-0.27751925587654114,0
such,such,0.0,0.06450247764587402,0
such,support,-2.01171875,-2.502514362335205,0
sunset,sunset,0.0,0.06450247764587402,0
supplies,vehicles,2.443897247314453,-0.5013154745101929,0
support,support,0.0,0.06450247764587402,0
taste,wisdom,1.356231689453125,0.44379308819770813,0
tomorrow,tomorrow,0.0,0.06450247764587402,0
tomorrow,yesterday,-2.515625,-0.8205335140228271,0
trolls,witches,-0.07322311401367188,-0.4931996762752533,0
twain,twain,0.0,0.06450247764587402,0
uninjured,well,0.98699951171875,1.3817657232284546,0
varnish,wood,-4.774658203125,0.21705393493175507,0
vulnerable,weak,-1.03759765625,-0.8295419216156006,0
wave,wave,0.0,0.06450247764587402,0
worse,worse,0.0,0.06450247764587402,0
worser,worser,0.0,0.06450247764587402,0
accuracy,efficiency,2.0925216674804688,0.041925810277462006,1
accuracy,range,-1.17498779296875,0.1971530318260193,1
acetone,ethanol,4.9267578125,-0.4204665720462799,1
across,across,0.0,-0.11767323315143585,1
admiringly,kindly,0.283203125,-2.2112276554107666,1
aeronauts,workers,-2.17919921875,-0.3725403845310211,1
affairs,infidelities,0.706298828125,0.5362698435783386,1
affection,approval,1.2388916015625,0.8226106762886047,1
affection,impatience,-2.606781005859375,0.29511383175849915,1
afraid,lonely,2.845703125,-1.4659810066223145,1
again,again,0.0,-0.11767323315143585,1
again,now,-2.8671875,2.5743439197540283,1
again,simply,-3.8515625,1.1454136371612549,1
again,so,0.94140625,2.4534361362457275,1
agile,quick,-5.0419921875,-3.3753092288970947,1
airy,pleasant,-2.555908203125,0.1186225488781929,1
airy,wholesome,1.5166015625,0.46220919489860535,1
albanian,serbian,-1.792724609375,0.5393703579902649,1
alcohol,cocaine,1.21533203125,1.7687627077102661,1
allowances,exemptions,-0.96923828125,0.1717885434627533,1
ample,comfortable,-3.3984375,-1.7050594091415405,1
amputation,castration,-2.6552734375,0.04280766099691391,1
anglican,catholic,-3.2861328125,-0.2942866086959839,1
animals,games,0.23046875,0.3181937634944916,1
animals,giggles,6.451171875,5.08255672454834,1
animals,pets,1.4482421875,1.2425644397735596,1
animals,trees,-0.9365234375,-0.6527844667434692,1
anxiety,impatience,-2.64306640625,0.247020423412323,1
anxiety,nervousness,-0.64453125,-0.2664282023906708,1
anxiety,paranoia,-1.150390625,1.1563948392868042,1
anxiety,terror,0.482421875,0.025921106338500977,1
anxiety,worry,2.763671875,0.46428409218788147,1
approval,discussion,0.303619384765625,0.8866735696792603,1
approval,satisfaction,-4.3824462890625,-3.3924720287323,1
approve,listen,-1.73583984375,-0.042748235166072845,1
apps,games,-3.07421875,-4.50592041015625,1
armed,resolute,3.00390625,0.13085472583770752,1
armed,unarmed,3.13726806640625,0.5760884881019592,1
armor,horse,-3.515625,-1.7918524742126465,1
aspirin,sterno,2.083984375,-0.24093717336654663,1
astonished,pained,0.443359375,-0.028262898325920105,1
astonishing,disheartening,7.743896484375,0.7969982028007507,1
ate,ate,0.0,-0.11767323315143585,1
ate,talked,1.380859375,2.7127208709716797,1
athletics,games,0.6171875,0.13805803656578064,1
athletics,wrestling,2.44677734375,2.6181623935699463,1
atrocities,death,-1.43408203125,0.1679784059524536,1
avoid,try,-5.8486328125,-3.728179931640625,1
awed,mute,-0.046875,-2.2565677165985107,1
balks,leas,-0.919921875,1.8383190631866455,1
bands,performers,3.24169921875,2.5196373462677,1
bare,barren,3.00390625,1.653818130493164,1
bare,colder,-0.685546875,0.654754102230072,1
bare,dusty,2.03857421875,1.2003406286239624,1
bare,parched,2.3515625,1.3659733533859253,1
bare,rugged,2.166015625,3.020878791809082,1
bare,stark,-0.4453125,-2.4034006595611572,1
bare,wet,-2.001953125,-1.1710114479064941,1
barns,fields,-3.3466796875,0.6086768507957458,1
barns,outbuildings,2.788330078125,2.1454732418060303,1
barren,low,-2.083984375,-2.928196907043457,1
barren,parched,-0.59375,0.162657231092453,1
barren,rugged,-2.3828125,2.957644462585449,1
bars,bars,0.0,-0.11767323315143585,1
bars,bolts,1.505615234375,-0.31445562839508057,1
bars,pubs,7.69464111328125,1.1996761560440063,1
bears,catamounts,1.111328125,-0.27792301774024963,1
beds,paths,3.14794921875,0.4224037230014801,1
before,now,-3.45989990234375,-1.2624279260635376,1
before,since,1.23828125,1.2037888765335083,1
before,so,7.37109375,-1.4416919946670532,1
before,whispered,-2.19921875,2.729917049407959,1
beheaded,condemned,-0.6605224609375,2.060539960861206,1
beheaded,flayed,-4.898826599121094,0.8079913854598999,1
benevolently,kindly,-4.653472900390625,0.32836398482322693,1
beverages,food,1.2197265625,0.18971428275108337,1
billiards,pool,0.9755859375,1.6650065183639526,1
biographical,critical,-1.484466552734375,-1.6677861213684082,1
blogs,newspapers,-0.9453544616699219,-0.44720759987831116,1
bloodshed,quarrels,-4.822418212890625,0.22818070650100708,1
borrowing,borrowing,0.0,-0.11767323315143585,1
bottle,glasses,-2.791015625,-0.6319101452827454,1
brave,intelligent,-3.794361114501953,1.5217722654342651,1
brave,resolute,3.2734375,1.8113391399383545,1
brave,warlike,1.783203125,1.9036527872085571,1
breadth,height,-3.3779296875,0.023956991732120514,1
briefly,hurriedly,-3.771484375,0.44790342450141907,1
briefly,simply,1.845703125,1.4013091325759888,1
brightest,hottest,-2.430023193359375,0.350026398897171,1
brightest,merriest,2.42822265625,0.7306358814239502,1
brightest,wisest,2.125,0.3483556807041168,1
brushed,brushed,0.0,-0.11767323315143585,1
brushed,pressed,-0.4151611328125,1.1514742374420166,1
brushed,wet,-0.4453125,-0.9998418688774109,1
buggies,horse,-1.5869140625,-0.31342607736587524,1
buildings,furniture,0.1484375,-0.8261997103691101,1
buildings,land,1.00390625,0.9520509839057922,1
buildings,towns,-2.08984375,-1.7248361110687256,1
buildings,track,5.26953125,1.0998668670654297,1
buildings,trees,-2.109375,-0.4800148904323578,1
bull,cow,-5.96875,-2.661712884902954,1
bull,trident,-2.7939453125,-0.5246019959449768,1
bunny,horse,4.07421875,-0.18522632122039795,1
buttercups,clover,-4.03759765625,0.7229453325271606,1
byzantine,roman,-0.1448974609375,-0.49666061997413635,1
calmness,equanimity,0.651611328125,0.48888662457466125,1
calvarium,face,2.4375,0.31821563839912415,1
canoes,skiffs,-1.0168914794921875,-0.6400291919708252,1
capacity,scaleability,0.85650634765625,0.34096866846084595,1
cardiovascular,nerve,-1.4278564453125,0.09047161787748337,1
careless,pleasant,2.30859375,-0.36447638273239136,1
careless,reckless,1.147735595703125,0.22246938943862915,1
careless,shiftless,2.8010101318359375,0.12410194426774979,1
catholic,monarchical,2.339111328125,0.9421091675758362,1
cats,cows,-0.6298828125,-0.46576127409935,1
cats,stoats,0.4189453125,0.1737004816532135,1
centre,front,-2.3359375,0.3676620125770569,1
chafed,disappointed,-0.9462890625,0.530668318271637,1
chain,collar,0.7294921875,1.2165794372558594,1
charm,terror,0.97607421875,0.14692556858062744,1
charming,dusty,1.76513671875,0.2759881913661957,1
charming,genial,2.138671875,1.1009230613708496,1
charming,respectable,-0.33428955078125,1.9035885334014893,1
charming,seductive,5.07720947265625,-0.42892515659332275,1
charms,witchcraft,-2.133056640625,0.7713539600372314,1
charred,naked,-1.6171875,1.073333740234375,1
chatter,strut,2.4326171875,2.611445665359497,1
chilli,onions,6.859375,2.2430996894836426,1
chills,shivers,-1.04736328125,1.0821137428283691,1
chirruping,twittering,-4.3529052734375,-0.07617770880460739,1
cinders,smoke,-2.017578125,-0.34147000312805176,1
circumcision,food,1.38818359375,-1.913973093032837,1
circumcision,scarification,2.986572265625,-1.7640221118927002,1
class,gender,1.403564453125,-0.8313245177268982,1
class,snobbery,-3.5732421875,-1.7409954071044922,1
clearly,simply,-1.5625,2.269212007522583,1
clearly,succinctly,1.267578125,2.4255454540252686,1
click,tell,2.974609375,1.952998161315918,1
climb,climb,0.0,-0.11767323315143585,1
climb,jump,0.8046875,-0.2563920319080353,1
club,fang,0.224609375,0.611305832862854,1
club,lash,-1.6796875,0.5715698599815369,1
cocaine,heroine,1.04583740234375,0.5179253220558167,1
colder,colder,0.0,-0.11767323315143585,1
colder,wetter,2.6708984375,0.10506824404001236,1
colourful,gorgeous,-1.4157867431640625,0.5628982186317444,1
comfortable,easy,1.646484375,0.46868255734443665,1
comfortable,jolly,1.125,-0.17553776502609253,1
comfortable,low,-4.275390625,-1.8207261562347412,1
comfortable,pleasant,-2.306640625,0.012195967137813568,1
comments,concern,-2.8125,1.3037443161010742,1
commons,lords,-3.861083984375,-1.5185855627059937,1
completeness,finality,5.5634765625,-0.16410338878631592,1
condemned,tried,2.7249755859375,-0.5138830542564392,1
confusing,sad,-3.721435546875,-2.8086884021759033,1
considerable,effective,3.69091796875,0.8596422672271729,1
contemporary,contemporary,0.0,-0.11767323315143585,1
cooler,cooler,0.0,-0.11767323315143585,1
cooler,fresher,-3.32373046875,0.8679106831550598,1
cooler,grayer,0.818359375,-0.15036022663116455,1
coolly,deliberately,-0.0626068115234375,1.377996563911438,1
countermarch,march,0.609375,0.3155500590801239,1
cows,girls,-2.90625,1.7638306617736816,1
cows,goats,-0.3026123046875,1.3213279247283936,1
cried,cried,0.0,-0.11767323315143585,1
cried,screamed,-1.3233489990234375,0.1589667797088623,1
cried,talked,-0.837890625,1.6205461025238037,1
crisp,curly,2.5096435546875,0.739686906337738,1
crisp,sunny,-0.45928955078125,-2.2979421615600586,1
critical,dictatorial,3.1953353881835938,-0.5126917958259583,1
criticism,discussion,2.263641357421875,0.9191519618034363,1
cultured,intelligent,0.06524658203125,-0.8072500824928284,1
cunninger,cunninger,0.0,-0.11767323315143585,1
cup,silverware,1.609375,2.889033794403076,1
curmudgeonly,cynical,-1.751953125,-1.161901831626892,1
damnation,death,-0.12109375,-0.9982332587242126,1
darkened,deepened,-2.43853759765625,-0.3300492763519287,1
dearest,kindest,0.78173828125,-0.6851980090141296,1
death,fugitive,0.4971923828125,3.4135093688964844,1
death,infamy,1.43359375,2.908735990524292,1
death,infection,-2.2890625,0.806144654750824,1
death,prison,4.42578125,-0.6586592197418213,1
death,terror,-2.20703125,0.6618208289146423,1
death,thirst,-0.33474159240722656,1.4634250402450562,1
deep,deep,0.0,-0.11767323315143585,1
deep,intelligent,-0.0032958984375,1.1658198833465576,1
deep,lonely,1.98828125,0.338350385427475,1
deep,low,-1.322265625,0.26058632135391235,1
deep,slow,-0.58203125,-1.3593617677688599,1
deep,solitary,2.91455078125,2.2935168743133545,1
deep,sullen,-0.32080078125,1.275733232498169,1
deep,wide,2.578125,-0.3286294639110565,1
deepened,increased,2.4633331298828125,0.08105257898569107,1
defiance,malediction,0.59228515625,-0.7474690079689026,1
delusion,witchcraft,-0.166259765625,0.7556789517402649,1
details,subjects,-3.709228515625,0.05954907089471817,1
dienes,polyenes,0.22100830078125,0.14301973581314087,1
differentiation,integration,2.8253860473632812,-0.9555243849754333,1
dig,dig,0.0,-0.11767323315143585,1
dining,sitting,2.10546875,-0.28346243500709534,1
disappointed,puzzled,-0.10223388671875,-0.5636370182037354,1
disappointed,sad,-2.396484375,-1.07939612865448,1
discipline,holy,1.7652587890625,-0.006143383681774139,1
discipline,obedience,-2.0631103515625,-2.4208054542541504,1
discipline,satisfaction,-2.349517822265625,-2.433789014816284,1
discriminating,just,2.6047897338867188,3.3034963607788086,1
disenfranchised,lonely,-3.77734375,-1.643972396850586,1
dive,dive,0.0,-0.11767323315143585,1
dive,jump,-0.516845703125,-0.2251901924610138,1
dragging,slow,-4.86181640625,-4.546945095062256,1
drenched,shivering,-2.9723892211914062,-1.3834155797958374,1
dressed,washed,0.7890625,-0.4310022294521332,1
drinkning,eating,-0.505859375,-0.7376807332038879,1
dukes,lords,-1.0125732421875,-0.5663220882415771,1
dusty,withered,-1.0836181640625,0.4988488256931305,1
dynasties,kings,-5.96044921875,-1.5284743309020996,1
easy,joyful,-0.3154296875,-0.4549998939037323,1
easy,pleasant,-0.548828125,-0.02859918400645256,1
easy,quick,-3.5546875,-0.6210768222808838,1
easy,slow,-1.03515625,0.7823126912117004,1
eating,eating,0.0,-0.11767323315143585,1
eating,food,-2.3447265625,-2.4238386154174805,1
eating,sitting,0.20703125,-3.110948324203491,1
eating,slurping,-3.0716552734375,-0.43297281861305237,1
eating,thinking,3.0,3.597424268722534,1
economically,safely,-2.177520751953125,1.1660125255584717,1
effective,quick,-0.65234375,-2.5562174320220947,1
effective,rugged,-1.966796875,-0.10805922001600266,1
electrodes,filaments,-3.229248046875,-0.18386918306350708,1
eloquent,grateful,4.2653045654296875,1.1074326038360596,1
endothermic,homoeothermic,-3.2950439453125,-0.03808820992708206,1
enjoyments,surprises,-2.75830078125,-0.9470617771148682,1
exceeded,reached,-1.88037109375,-2.8824217319488525,1
exist,move,0.869140625,-0.10965164750814438,1
expensive,impractical,0.66015625,0.5359980463981628,1
expensive,just,7.78125,4.323925971984863,1
expensive,showy,0.236328125,-1.0778383016586304,1
exporters,importers,0.5109100341796875,0.012855850160121918,1
fatigue,terror,-1.98272705078125,-0.8248303532600403,1
fearlessly,truly,1.3984375,-0.20239770412445068,1
feelings,thinking,0.03125,1.2123597860336304,1
fewer,fewer,0.0,-0.11767323315143585,1
fibre,metal,-2.70849609375,-0.22603511810302734,1
fields,fields,0.0,-0.11767323315143585,1
fields,mountains,0.3984375,-0.15004560351371765,1
fields,trees,-1.7119140625,-0.6133416295051575,1
fierce,resolute,1.6494140625,1.0480819940567017,1
films,musicals,2.732421875,0.45440056920051575,1
finding,seeking,-0.248046875,-1.9750587940216064,1
fingers,food,-0.037109375,-0.9864288568496704,1
fingers,gabbling,-0.640625,0.36069348454475403,1
fingers,penguin,-3.9493408203125,-1.4447479248046875,1
firing,food,-2.952667236328125,-2.051765203475952,1
flapping,flapping,0.0,-0.11767323315143585,1
flurry,worry,-0.6886558532714844,-0.21722909808158875,1
food,horse,1.400390625,0.24463382363319397,1
food,material,2.5703125,1.9580283164978027,1
food,news,1.1669921875,3.3661484718322754,1
food,newspapers,0.23961257934570312,0.4048457443714142,1
fools,weaklings,0.4564208984375,0.03638681024312973,1
forevermore,now,-0.0572509765625,0.1224738284945488,1
forgotten,lonely,-2.416015625,-1.7433379888534546,1
fought,fought,0.0,-0.11767323315143585,1
front,hind,2.966796875,-0.6808399558067322,1
frozen,wet,-0.45269775390625,-1.5289371013641357,1
frugality,industry,3.31640625,-0.4716643691062927,1
furniture,interiors,1.044921875,2.7027788162231445,1
gaiters,smocks,-3.51171875,-0.6294599175453186,1
gashed,gored,-0.115234375,0.04824153333902359,1
genial,pleasant,-1.595703125,-0.6722243428230286,1
geographic,magnetic,-1.832834243774414,-1.0137543678283691,1
geographical,otherwise,1.8981475830078125,1.716070294380188,1
geology,mineralogy,5.6669921875,1.5625557899475098,1
ginger,sugar,-0.154296875,-0.35647422075271606,1
girls,women,1.1708984375,-0.6157007813453674,1
glitter,sequins,2.98583984375,0.07371643930673599,1
goats,knifes,0.4658203125,0.5645215511322021,1
gorgeous,sunny,-0.6937255859375,-0.26411473751068115,1
governments,militaries,-6.8292236328125,-0.2625081241130829,1
grab,try,-5.5107421875,-3.494209051132202,1
grain,wheat,-1.5257568359375,-1.053001046180725,1
grateful,low,-1.6328125,-1.7909678220748901,1
grateful,luxurious,1.533538818359375,0.4620467722415924,1
grayer,grayer,0.0,-0.11767323315143585,1
greasing,loosening,-2.625244140625,-0.08098483830690384,1
guilty,uncomfortable,1.69976806640625,0.253399521112442,1
gutters,trees,-0.6025390625,-0.975085437297821,1
handshakes,photo,-2.730224609375,2.4920475482940674,1
happily,safely,-2.770751953125,0.27423205971717834,1
harmless,pleasant,-3.927734375,-0.24040833115577698,1
harmless,small,-3.80517578125,-2.2690374851226807,1
hate,hate,0.0,-0.11767323315143585,1
hate,vengeance,1.1463775634765625,-0.06636177003383636,1
healed,humbled,2.03515625,-2.118781328201294,1
herbalists,naturopaths,0.3466796875,0.022371329367160797,1
heresy,schism,2.05712890625,1.989004135131836,1
herodotean,homeric,-2.5625,0.3517984449863434,1
hexagonal,monoclinic,-8.1064453125,-0.37988385558128357,1
hish,low,-2.181640625,-1.37054443359375,1
hither,yon,5.82421875,2.3701088428497314,1
holy,just,2.0625,1.1716855764389038,1
honestly,truly,2.453125,0.17842808365821838,1
horse,horse,0.0,-0.11767323315143585,1
imitations,sentences,-4.3157958984375,-1.4137544631958008,1
impatience,revolt,-1.00341796875,0.19531404972076416,1
impractical,uncomfortable,-1.8739013671875,-0.24249792098999023,1
increased,stimulated,4.0537109375,0.13140365481376648,1
industry,obedience,-3.009002685546875,-0.08512572944164276,1
infamy,shame,-2.615234375,-2.449604034423828,1
insincerity,treachery,-0.567138671875,0.6104640960693359,1
inspection,repair,1.9109954833984375,2.39581561088562,1
intelligent,pleasant,-0.531982421875,-0.5708471536636353,1
intelligent,superior,4.2946624755859375,-0.8373915553092957,1
intelligent,unprejudiced,0.964935302734375,0.28528791666030884,1
interested,kindly,-0.892578125,-2.211468458175659,1
interested,slow,-2.3671875,-0.3438957929611206,1
interrupted,low,-0.453125,-3.1346194744110107,1
intimate,small,-1.537109375,-2.3864707946777344,1
intimidate,try,-3.14837646484375,-1.850075125694275,1
investments,pilgrimage,-4.123779296875,0.603905975818634,1
just,pious,-6.759765625,-5.223177433013916,1
just,rightful,-6.166015625,-3.0608129501342773,1
just,try,-6.25244140625,-4.036864757537842,1
kindest,wisest,0.658935546875,0.07242041081190109,1
kindly,philanthropic,-1.10223388671875,0.9543951153755188,1
kindly,pious,-1.703125,0.08382914215326309,1
kindly,pleasant,-3.529296875,-0.14112156629562378,1
kings,lords,1.02685546875,0.14610949158668518,1
kiss,tell,-1.2109375,2.879826784133911,1
knock,try,-3.19140625,-2.736332654953003,1
labored,slow,-2.98828125,-1.2128689289093018,1
laces,stays,2.873046875,0.2744336426258087,1
laconic,slow,-1.513671875,-0.9956198334693909,1
land,mountains,-2.123046875,-0.3654272258281708,1
land,naval,1.734375,-0.20421016216278076,1
land,possessions,0.642578125,1.189855933189392,1
land,seas,-0.15234375,1.2625465393066406,1
land,try,-2.6806640625,-1.1428284645080566,1
laxer,shaggier,-6.888671875,-1.3050458431243896,1
lesbians,women,2.45703125,-1.467437744140625,1
lethality,range,-1.54296875,0.7473339438438416,1
lettuce,radishes,0.1070556640625,-0.07249822467565536,1
lie,lie,0.0,-0.11767323315143585,1
lie,shoot,-0.138671875,1.803912878036499,1
listen,listen,0.0,-0.11767323315143585,1
listen,pause,-3.193359375,-2.0813896656036377,1
listen,try,-3.6767578125,-2.1983065605163574,1
literature,newspapers,-0.6074948310852051,0.8737096190452576,1
literature,religion,-0.060546875,0.05611037462949753,1
lonely,sad,-0.30078125,0.7544302344322205,1
lonely,sick,-2.5625,-0.4132966101169586,1
lonely,solitary,0.26904296875,1.4538341760635376,1
lonely,wet,-2.8740234375,-0.8057866096496582,1
lonely,wide,-0.015625,-1.3029965162277222,1
low,lower,1.83154296875,-0.5958802103996277,1
low,primary,-1.05078125,-0.2570704519748688,1
low,quick,0.97265625,0.7430111765861511,1
low,rounded,4.646484375,0.44773784279823303,1
low,sad,3.0712890625,-1.033637285232544,1
low,slow,3.919921875,1.5776234865188599,1
low,wet,0.904296875,-0.612205982208252,1
lower,lower,0.0,-0.11767323315143585,1
lower,slower,-2.15625,-0.7569146752357483,1
lowriders,women,0.802734375,-2.3722360134124756,1
maimed,sick,0.62109375,-1.251311182975769,1
manacle,prison,-3.73046875,-1.722364902496338,1
march,sing,-0.7431640625,1.705329179763794,1
memorizing,remark,0.33984375,0.9787883162498474,1
mercury,mud,-2.7091064453125,-0.48228031396865845,1
metal,woodwork,3.6416015625,0.4751094877719879,1
mid,small,-6.412109375,-4.097774982452393,1
moderator,panelist,2.8759765625,-0.7188097834587097,1
molecules,solids,4.0880889892578125,0.08516236394643784,1
mom,pop,2.728515625,1.200315237045288,1
momentum,position,2.61102294921875,0.5156111121177673,1
monstrous,terrific,4.958473205566406,-0.29944297671318054,1
morality,religion,0.8876953125,-0.4031507670879364,1
mortice,tenon,-2.8125,-0.4775703549385071,1
mountains,plateaux,3.07421875,2.2669737339019775,1
mountains,seas,2.1318359375,1.1288975477218628,1
mountains,trees,-0.79296875,-0.7365512847900391,1
move,move,0.0,-0.11767323315143585,1
move,position,-4.404296875,-0.5597712397575378,1
mud,slime,2.697265625,-0.07807501405477524,1
mud,stones,0.0146484375,-0.3429025709629059,1
murdering,robbing,1.38671875,0.150103360414505,1
murkier,murkier,0.0,-0.11767323315143585,1
naked,weaponless,11.46435546875,-0.2562137544155121,1
napkins,silverware,2.49853515625,-1.2846124172210693,1
nervously,peevishly,2.4037704467773438,-0.7075244784355164,1
newies,townies,-1.6875,-0.35279762744903564,1
nicer,nicer,0.0,-0.11767323315143585,1
nights,nights,0.0,-0.11767323315143585,1
nodding,nodding,0.0,-0.11767323315143585,1
nodding,rocking,-0.6316947937011719,-1.887770414352417,1
now,now,0.0,-0.11767323315143585,1
now,so,-0.388671875,-0.5085253715515137,1
nursery,primary,-1.5078125,1.2347875833511353,1
obedience,restraint,-0.9754638671875,0.03291826695203781,1
obedience,socialization,-0.7982177734375,0.29849866032600403,1
obedience,terror,0.10739898681640625,-0.13709208369255066,1
office,wealth,-2.927734375,-1.5797021389007568,1
oftener,oftener,0.0,-0.11767323315143585,1
opens,slams,1.65478515625,2.0231683254241943,1
outbuildings,trees,-6.47216796875,-1.214219093322754,1
overalls,pigtails,-2.1796875,0.8261334300041199,1
pans,tachos,0.9482421875,-0.24811434745788574,1
parched,uncomfortable,-1.6727752685546875,0.1752818524837494,1
pauses,progresses,-1.8345928192138672,0.4205189645290375,1
peculiar,quick,0.396484375,-1.6922216415405273,1
perishing,sickening,-5.857421875,-1.345384120941162,1
petrol,petrol,0.0,-0.11767323315143585,1
pitched,unwound,5.015625,1.2850779294967651,1
plainer,plainer,0.0,-0.11767323315143585,1
planning,thinking,-0.5546875,-0.360119491815567,1
pleasant,solitary,0.4365234375,0.43413546681404114,1
pleasant,wholesome,3.035888671875,0.17329970002174377,1
portly,princely,-0.5146484375,-1.3025846481323242,1
position,wealth,-4.458984375,-0.22205105423927307,1
possessions,products,-1.646484375,-1.1995432376861572,1
pressed,trodden,-0.90789794921875,-0.6701245903968811,1
primitive,small,-3.4789810180664062,-3.053337574005127,1
principle,purpose,6.98974609375,-0.5640175342559814,1
prison,psychiatrists,2.88818359375,0.1858765184879303,1
processes,products,-1.85302734375,-0.6610642075538635,1
processes,uses,-1.447021484375,-0.0630415603518486,1
psychologists,sociologists,-2.0986328125,-0.4424287676811218,1
puffed,puffed,0.0,-0.11767323315143585,1
puzzled,slow,1.0358123779296875,-3.9124138355255127,1
quick,resolute,4.150390625,2.6904141902923584,1
quick,skilful,-0.856201171875,0.7573814988136292,1
quick,small,-1.3251953125,-1.2425966262817383,1
raining,raining,0.0,-0.11767323315143585,1
rarer,rarer,0.0,-0.11767323315143585,1
reached,rounded,-1.23193359375,-1.0593396425247192,1
read,read,0.0,-0.11767323315143585,1
read,talked,0.8046875,-0.21104592084884644,1
read,try,-1.017578125,-1.532365322113037,1
realer,realer,0.0,-0.11767323315143585,1
realism,symbolism,2.077880859375,0.0932609811425209,1
reared,whinnied,1.0084228515625,0.7857449650764465,1
redder,redder,0.0,-0.11767323315143585,1
ride,shoot,0.515625,-0.6993342638015747,1
rounded,rugged,-0.13525390625,0.9093136191368103,1
rubies,sapphires,3.3291015625,1.0332928895950317,1
rugged,small,-2.3193359375,-2.417546033859253,1
rugged,steep,-3.396484375,-0.18207186460494995,1
rugged,thrifty,-1.7919921875,0.404950886964798,1
ruthlessness,treachery,0.9097900390625,0.5407222509384155,1
sad,sick,-0.841796875,0.38762804865837097,1
sad,solitary,1.431640625,0.036929234862327576,1
sad,sullen,0.9033203125,0.7244974970817566,1
safely,simply,1.86328125,2.119041919708252,1
scowling,squinting,1.859039306640625,-0.08978249877691269,1
screamed,screamed,0.0,-0.11767323315143585,1
secretive,vengeful,1.252197265625,0.35602954030036926,1
seductive,sexy,-0.653411865234375,-1.3886442184448242,1
selective,skilful,-3.005126953125,-0.63466477394104,1
sepsis,thrombosis,-0.92626953125,0.5640084147453308,1
serbian,yugoslav,4.025825500488281,2.764659881591797,1
set,try,-2.88671875,-2.6889078617095947,1
shale,stones,-3.265625,-1.3087537288665771,1
shell,shrapnel,0.759765625,-0.4948243200778961,1
shoot,shoot,0.0,-0.11767323315143585,1
simply,strictly,-1.6434326171875,-0.47879835963249207,1
slow,slower,0.36328125,0.805335283279419,1
slow,small,-2.0400390625,-0.8859534859657288,1
slow,wearily,-0.7255859375,0.8952229022979736,1
slower,slower,0.0,-0.11767323315143585,1
slower,surer,1.97265625,1.1302881240844727,1
small,uncomfortable,4.8817596435546875,3.629237651824951,1
small,unimportant,3.95941162109375,3.7092411518096924,1
snake,stool,0.216796875,-0.5233386754989624,1
so,so,0.0,-0.11767323315143585,1
stool,truck,0.8984375,0.011085905134677887,1
stranger,stranger,0.0,-0.11767323315143585,1
stretched,stretched,0.0,-0.11767323315143585,1
stunned,stupefied,2.1243247985839844,0.13048255443572998,1
sullen,wrathful,2.74627685546875,0.5001383423805237,1
sun,sun,0.0,-0.11767323315143585,1
sunnier,sunnier,0.0,-0.11767323315143585,1
swiftest,wisest,-2.8325347900390625,0.28588008880615234,1
talked,talked,0.0,-0.11767323315143585,1
talked,walked,-2.611328125,-0.7781932353973389,1
teaspoon,teaspoons,2.9369006156921387,-1.8154542446136475,1
thinking,thinking,0.0,-0.11767323315143585,1
thinking,wishing,3.2998046875,0.03796321898698807,1
thousands,thousands,0.0,-0.11767323315143585,1
tighter,tighter,0.0,-0.11767323315143585,1
trees,trees,0.0,-0.11767323315143585,1
trees,undergrowth,5.07421875,1.3518365621566772,1
tried,tried,0.0,-0.11767323315143585,1
try,try,0.0,-0.11767323315143585,1
walked,walked,0.0,-0.11767323315143585,1
weeps,weeps,0.0,-0.11767323315143585,1
wetter,wetter,0.0,-0.11767323315143585,1
whispered,wore,-3.041015625,0.9062380790710449,1
wishing,wishing,0.0,-0.11767323315143585,1
younger,younger,0.0,-0.11767323315143585,1
abloom,sweet,-0.388671875,-2.515902519226074,2
abuse,derision,-0.189453125,-0.5833092927932739,2
abuse,profanity,-1.24267578125,-2.605435371398926,2
abuse,violence,-0.1708984375,-1.1189863681793213,2
aching,hot,-3.76953125,-1.4673742055892944,2
acrid,hot,-2.8515625,-1.9282606840133667,2
acronyms,bits,6.56640625,0.8918110132217407,2
addictive,dangerous,2.44970703125,-0.4310016334056854,2
addresses,names,-4.66876220703125,-0.8316744565963745,2
adorable,cute,-3.09979248046875,-1.362125039100647,2
age,dirt,2.263671875,-1.1410163640975952,2
age,usage,1.2900390625,-0.7782647609710693,2
algae,cyanobacteria,1.1336708068847656,-0.5082690715789795,2
algae,pondweed,-1.008056640625,0.09389391541481018,2
algae,salts,0.38702392578125,-1.6575549840927124,2
always,always,0.0,0.05099833011627197,2
always,everywhere,-1.892578125,-0.49949780106544495,2
amazed,furious,0.4759674072265625,-0.5791721343994141,2
amazed,screaming,-2.1376953125,-1.0796700716018677,2
amazed,terrified,0.44415283203125,0.8060257434844971,2
amazed,utter,1.4384765625,1.5742483139038086,2
ambulance,police,-1.099853515625,0.23354844748973846,2
amending,improving,2.34405517578125,0.15948008000850677,2
amplifiers,loudspeakers,0.7955322265625,0.0823773741722107,2
analysis,commentary,-0.889862060546875,1.0520368814468384,2
analysis,presentation,0.19415283203125,-0.16838961839675903,2
analysis,remodeling,-8.709747314453125,-0.3174966275691986,2
animated,fresh,-0.85546875,-1.5303486585617065,2
antifreeze,polyester,2.1494140625,-0.3897568881511688,2
arch,winsome,-0.1546630859375,-0.17982158064842224,2
argue,debate,-0.669921875,-1.1456397771835327,2
arrives,comes,0.2328033447265625,-0.6889076232910156,2
artificial,insincere,7.3524169921875,1.9991344213485718,2
ascending,descending,-1.2547607421875,1.1939448118209839,2
ash,gas,-1.18359375,1.0568263530731201,2
astrology,mathematics,-0.8813247680664062,0.4918119013309479,2
aviation,certification,2.43536376953125,-0.46481528878211975,2
backing,veering,-1.7529296875,-0.777834415435791,2
badminton,swimming,-0.2265625,0.05211058259010315,2
banking,finance,0.4619598388671875,0.08446286618709564,2
banksia,eucalyptus,0.122802734375,0.0013734400272369385,2
bark,crow,0.39453125,1.2285088300704956,2
basophils,eosinophils,1.86138916015625,0.08097866177558899,2
batteries,magnets,1.59912109375,-0.20358920097351074,2
beaded,embroidered,0.40735816955566406,0.9327586889266968,2
bearskins,deerskins,1.8380126953125,0.42846450209617615,2
bedelia,sally,2.74609375,-1.3829420804977417,2
beetlebugs,caterpillars,1.0814495086669922,-1.095152497291565,2
begged,shivered,-3.266876220703125,-2.7293901443481445,2
behaviourally,morphologically,3.20281982421875,-0.11468210816383362,2
bell,tentacles,-3.767333984375,-1.0033947229385376,2
bereavement,destruction,2.2884521484375,0.3775768280029297,2
bettering,education,0.283203125,-2.8544907569885254,2
bias,discrimination,0.4098968505859375,-0.6453208923339844,2
biggest,gravest,2.343017578125,1.253165602684021,2
binding,lawful,-2.26904296875,1.2884299755096436,2
bionic,hot,1.26171875,-1.5334497690200806,2
birds,dolls,0.4287109375,0.30707666277885437,2
birds,mammals,-4.68304443359375,0.7953115701675415,2
birds,mosquitoes,0.2220458984375,0.823562741279602,2
bits,bits,0.0,0.05099833011627197,2
bits,dirt,-2.2265625,-1.4415212869644165,2
bits,dust,-2.021484375,-0.9711803197860718,2
bits,strips,1.78369140625,-0.34611067175865173,2
bitter,cloudy,-0.3825225830078125,0.4666445255279541,2
bitter,furious,-0.36553955078125,0.46210822463035583,2
bitter,hot,-0.4921875,-1.1658645868301392,2
bitter,malignant,-2.092071533203125,-0.18080660700798035,2
bitter,proud,0.853515625,-0.8314383029937744,2
bitter,repeated,0.8984375,2.340270519256592,2
bitter,sanguinary,2.947265625,-0.014201730489730835,2
bland,innocent,-1.2265625,-0.09045007824897766,2
blankets,cushions,1.0671234130859375,0.7684835195541382,2
blankets,dolls,-1.4630546569824219,-0.20304903388023376,2
bleed,bleed,0.0,0.05099833011627197,2
blinking,winking,2.6635241508483887,-0.04944026470184326,2
blocks,box,-2.966796875,-1.1127887964248657,2
blocks,rebounds,1.33203125,0.48752352595329285,2
blocks,toys,0.5234375,-0.9744354486465454,2
blooming,fresh,-0.59423828125,-0.5875818729400635,2
blotched,red,-3.3193359375,-2.7802982330322266,2
blotched,wrinkled,-2.9161376953125,-0.32318970561027527,2
bluebells,cowslips,1.75384521484375,0.21240270137786865,2
bondage,distress,-3.2548828125,1.6498851776123047,2
bone,muscle,0.7666015625,0.7530853748321533,2
bored,impatient,3.1751365661621094,0.5232880115509033,2
bored,neglected,3.375490188598633,0.5912536978721619,2
bored,tired,1.1875,-0.952189564704895,2
bottles,bottles,0.0,0.05099833011627197,2
bourbon,whiskey,-1.92529296875,-0.8132764101028442,2
box,tape,1.515625,0.10942345857620239,2
boxing,swimming,4.641845703125,0.6364225149154663,2
brusque,businesslike,-0.275390625,0.35767093300819397,2
bulkhead,deck,-1.603515625,0.08354964852333069,2
burgers,shrimp,1.810791015625,0.9621164798736572,2
burrows,feeds,-1.4910888671875,1.3965457677841187,2
calendar,email,-1.1880950927734375,-0.3666522800922394,2
calms,storms,-1.34222412109375,0.3039131760597229,2
camaraderie,friendship,-4.056640625,-2.272066593170166,2
came,listened,1.328125,0.34197312593460083,2
camels,donkeys,-0.0775146484375,0.41992858052253723,2
camels,goods,-0.9140625,0.5009033679962158,2
cameras,toys,1.24688720703125,0.7963706254959106,2
candidacy,vote,-0.326171875,0.7753056287765503,2
cantons,cantons,0.0,0.05099833011627197,2
cap,weeping,1.3492431640625,2.04775071144104,2
capability,lines,-4.556640625,-0.5594182014465332,2
catalysts,pigments,0.5073776245117188,-0.1122608482837677,2
categories,subcategories,4.8987274169921875,-0.026125311851501465,2
challenges,controversies,-2.4847412109375,0.014772757887840271,2
chapters,chapters,0.0,0.05099833011627197,2
cheated,robbed,-0.898284912109375,-0.5569789409637451,2
cheerfulness,courage,5.3916015625,-0.25395771861076355,2
cheese,egg,1.041015625,1.1023551225662231,2
cheese,garlic,1.3486328125,2.535187244415283,2
cheese,meat,-2.2578125,0.07461521029472351,2
cheese,tomato,1.107421875,1.6754497289657593,2
chemicals,heat,1.811248779296875,-0.4241822063922882,2
chemicals,polymers,2.0221481323242188,-0.24069347977638245,2
chuckles,nods,2.703125,-0.20242944359779358,2
clandestine,immoderate,1.69921875,-0.5110656023025513,2
clatter,clicks,-1.552734375,3.979994297027588,2
clear,clear,0.0,0.05099833011627197,2
clear,compelling,1.596435546875,-0.4728098213672638,2
clear,composed,5.3984375,2.054133415222168,2
clear,fresh,1.6025390625,0.44059184193611145,2
clear,frosty,-5.2373046875,0.1051444411277771,2
clear,full,2.326171875,0.6706150770187378,2
clear,lighter,-1.6962890625,-0.5019786357879639,2
clear,limpid,0.759765625,0.18870362639427185,2
clear,precise,-0.02685546875,0.08158454298973083,2
clear,red,-0.505859375,-1.5531260967254639,2
clear,regular,2.03515625,0.8278182744979858,2
clear,smooth,-0.9375,0.12810826301574707,2
clear,specific,0.6796875,-0.3099890351295471,2
clear,starry,-1.162109375,0.9738689661026001,2
clear,sweet,-2.4130859375,-1.0377566814422607,2
clear,true,0.8388671875,0.6503620147705078,2
clear,unhesitating,3.148681640625,2.974717855453491,2
clearer,clearer,0.0,0.05099833011627197,2
clearer,louder,0.1876220703125,-1.5826596021652222,2
climbed,climbed,0.0,0.05099833011627197,2
climbed,scrambled,1.6739697456359863,1.5380605459213257,2
closed,forbidding,-0.1162109375,1.126093864440918,2
closed,secured,-1.5604362487792969,1.7994781732559204,2
closets,pantry,4.9345703125,1.100865364074707,2
cloudy,gray,1.1853485107421875,-0.8640486001968384,2
coarse,scanty,-0.0163116455078125,1.4904792308807373,2
coarse,tough,-2.0941543579101562,-0.538625955581665,2
cobwebs,dirt,-1.378204345703125,0.43866708874702454,2
cobwebs,dust,0.0537109375,-0.800727367401123,2
coins,medals,0.7763671875,0.13774773478507996,2
coins,notes,1.591796875,0.397102028131485,2
combat,demolition,2.45703125,1.0569968223571777,2
communicating,composition,-2.1298828125,-0.7184228897094727,2
company,tiffany,-1.865966796875,0.499040424823761,2
compare,contrast,-0.0048828125,-1.6441842317581177,2
competitive,cultural,-1.484771728515625,-1.0124620199203491,2
complex,dangerous,4.6640625,0.5925552248954773,2
complex,proud,-1.96484375,-0.47499361634254456,2
complex,unresolved,1.46875,1.207638144493103,2
complex,vast,-5.02734375,-2.0469882488250732,2
composition,singing,0.408203125,-0.2568834722042084,2
computers,radio,-0.3126220703125,-0.24486595392227173,2
computers,science,-1.328125,-1.1657050848007202,2
comradery,friendship,0.056640625,-1.2189289331436157,2
concordats,treaties,1.6121826171875,0.8810515403747559,2
conditions,standards,-2.47198486328125,-0.6253496408462524,2
conferences,lectures,-1.57513427734375,-1.4449013471603394,2
confidence,courage,0.8828125,0.16215483844280243,2
confidence,encouragement,0.425537109375,1.206028699874878,2
confidence,faith,1.169921875,0.4153597056865692,2
confidence,friendship,-0.94140625,-1.1335920095443726,2
confrontation,dissention,3.3795700073242188,0.6533553600311279,2
conscience,morals,3.0103759765625,-0.759589672088623,2
conscience,reason,1.03131103515625,1.0897481441497803,2
consequentialism,deontology,-1.71923828125,-0.6140623092651367,2
consistently,correctly,-0.5911865234375,-0.73238205909729,2
convenience,friendship,2.55029296875,-0.9254797697067261,2
coordinated,disciplined,1.560546875,-0.3899439871311188,2
corals,shells,-2.5137939453125,-1.408065915107727,2
cordiality,friendship,1.22064208984375,-1.170942783355713,2
cormalite,limestone,-0.31451416015625,-0.1735069453716278,2
courage,dignity,-0.7167510986328125,0.41766127943992615,2
courage,discernment,0.6607666015625,1.3792260885238647,2
courage,faith,-0.7734375,0.6197426319122314,2
courage,optimism,-1.28369140625,1.135793685913086,2
courage,strength,-0.3935546875,-0.06781455874443054,2
creamy,smooth,-0.419677734375,-0.5280083417892456,2
creamy,sweet,0.27734375,-0.8921257257461548,2
creamy,thick,-0.39453125,-1.0218799114227295,2
criticized,unpopular,-0.5343017578125,-1.7612825632095337,2
crooked,dangerous,2.2456130981445312,-0.38412895798683167,2
crude,early,5.046875,0.7478916645050049,2
cruelty,injustice,1.259521484375,0.36273980140686035,2
cruelty,oppression,-0.74072265625,1.9962042570114136,2
cruelty,selfishness,-1.65283203125,-0.6534150838851929,2
cruelty,violence,-4.2646484375,-0.1552649736404419,2
cultural,education,-2.18206787109375,-0.7516663074493408,2
cultural,personal,0.256744384765625,0.26093992590904236,2
cultural,physical,-0.14410400390625,-0.21593958139419556,2
cultural,publicity,-3.5463409423828125,-0.10024181008338928,2
cultural,sporting,-0.424560546875,0.6861797571182251,2
curiously,suspiciously,0.24420166015625,0.34432923793792725,2
cushions,trucks,1.0973281860351562,-1.3492900133132935,2
cute,innocent,1.494140625,0.7674716711044312,2
cute,sweet,2.87451171875,-1.6879528760910034,2
cyanotic,unresponsive,-4.4853515625,-0.6588718891143799,2
cycling,swimming,-0.60498046875,0.7525525093078613,2
damanes,trespass,0.82177734375,1.9420171976089478,2
dangerous,hot,-4.71875,-0.9889594316482544,2
dangerous,miserable,-1.544921875,-0.08044478297233582,2
dangerous,true,-2.49609375,-0.5697143077850342,2
dangerous,unpopular,-1.60693359375,-0.20135769248008728,2
darkening,lightening,0.466796875,0.6023075580596924,2
datebooks,pens,0.43359375,1.2946488857269287,2
deceit,dishonesty,0.7125244140625,-2.544100284576416,2
deeds,documents,-2.374725341796875,1.3147135972976685,2
deeds,notes,-2.552734375,0.2911531329154968,2
defeated,unpopular,-0.74041748046875,-0.8584623336791992,2
demolition,deterioration,-1.017578125,-0.9759179353713989,2
demolition,maintenance,0.51165771484375,-1.2709652185440063,2
demonolatry,idolatry,-2.13458251953125,-0.29522761702537537,2
deportment,dignity,-0.7751617431640625,-1.4820168018341064,2
depraved,sinful,1.404296875,-0.4916880428791046,2
derision,drunkenness,-3.8828125,-1.957703948020935,2
destruction,misery,0.955078125,-1.5378077030181885,2
destruction,rebirth,-5.436279296875,-1.8807369470596313,2
destruction,war,0.998291015625,-0.44704827666282654,2
developed,modern,-3.78515625,-1.2460616827011108,2
dialogs,recitations,-3.25775146484375,0.3715769350528717,2
dials,receiver,-10.460803985595703,-2.3372483253479004,2
died,suffered,-0.634765625,0.9159654378890991,2
dignity,strength,1.8704833984375,-0.9030123949050903,2
dinosaur,lion,-0.048828125,-1.0349844694137573,2
dirt,dust,1.9140625,0.6639597415924072,2
dirt,poisons,0.313629150390625,1.534735083580017,2
disaster,failure,1.44921875,0.8442673683166504,2
disciplined,regular,-1.5435791015625,-0.671377420425415,2
discrimination,fights,0.8332481384277344,-1.8707314729690552,2
discrimination,slavery,-3.6568984985351562,-1.1648002862930298,2
discrimination,violence,-1.6589508056640625,-0.4206359088420868,2
dishonesty,injustice,0.0550079345703125,-0.6675870418548584,2
disobedience,misery,1.77825927734375,0.23184922337532043,2
disobedience,negligence,-3.354217529296875,-0.274959534406662,2
dispatch,neatness,-3.7705078125,-2.4136199951171875,2
distress,misery,1.1689453125,-2.556210517883301,2
distress,privation,-7.93603515625,-1.399940848350525,2
dogs,dolls,0.51171875,-0.08581270277500153,2
dogs,ferrets,-1.22265625,0.903826117515564,2
dogs,pistols,0.77783203125,0.7402551174163818,2
dogs,poets,1.30078125,0.9189932346343994,2
dollars,dollars,0.0,0.05099833011627197,2
dolls,dolls,0.0,0.05099833011627197,2
dolls,pram,4.6064453125,1.7710920572280884,2
dolls,toys,-1.8203125,0.28466126322746277,2
domestic,local,1.44793701171875,1.4422333240509033,2
domestic,sexual,-0.01861572265625,-0.254532128572464,2
dominant,official,-1.78857421875,0.41350695490837097,2
downhearted,gloomy,5.691070556640625,0.2612004280090332,2
dozens,dozens,0.0,0.05099833011627197,2
draw,schedule,-2.8494873046875,1.8092273473739624,2
dreams,reality,0.328125,1.8451753854751587,2
dreams,stories,0.748046875,0.3385455906391144,2
drongos,flycatchers,2.4613037109375,-1.2121120691299438,2
dug,dug,0.0,0.05099833011627197,2
dumplings,steam,-2.5908203125,-0.07438276708126068,2
dust,gas,0.251953125,0.3674764335155487,2
dust,gravel,1.24951171875,0.532596230506897,2
dust,heat,-0.521484375,0.3893217444419861,2
dust,waste,-1.384765625,1.329175591468811,2
dweebs,geeks,1.705078125,-0.08405843377113342,2
dyers,weavers,5.01953125,0.849693775177002,2
early,extraordinary,0.624969482421875,0.28548383712768555,2
early,personal,0.63262939453125,-3.007399559020996,2
earthworks,megaliths,-1.416015625,-0.2795182466506958,2
easier,easier,0.0,0.05099833011627197,2
easier,lighter,-1.2333984375,-1.514248013496399,2
easier,louder,-2.3653564453125,-2.2863576412200928,2
eddied,swirled,-8.9404296875,-0.053953394293785095,2
education,pedagogy,-1.527587890625,2.7538862228393555,2
education,science,0.541015625,-0.2766267955303192,2
egg,tongue,-0.68359375,-1.1275932788848877,2
elements,shapes,2.7666015625,-2.0659258365631104,2
embarrassment,pleasure,1.1853179931640625,-2.1764883995056152,2
embeddings,manifolds,4.25079345703125,-0.5315394401550293,2
emperors,empresses,-0.011280536651611328,-0.11263912916183472,2
encouragement,praise,0.136138916015625,-1.5885744094848633,2
encouragement,warning,0.946014404296875,0.46018800139427185,2
enlarged,hollow,1.6666259765625,0.18685850501060486,2
enlarged,reduced,-1.98876953125,-0.008276522159576416,2
enlarged,revised,-2.4923248291015625,-0.2864093482494354,2
enormous,majestic,5.4521026611328125,0.135008305311203,2
enormous,powerful,1.957916259765625,-0.5205661058425903,2
entertainments,parties,0.99609375,0.08115267753601074,2
erect,fearless,-1.58984375,0.2959981858730316,2
erect,masterful,6.4976806640625,0.8087323904037476,2
espresso,juice,-2.517578125,-2.618743896484375,2
events,events,0.0,0.05099833011627197,2
events,names,0.064453125,-1.0548423528671265,2
events,relationships,-5.076385498046875,-0.5343039035797119,2
events,stories,-3.421875,-1.4242011308670044,2
example,precept,0.265625,1.568947672843933,2
exhausted,hot,-2.3088302612304688,-2.6135332584381104,2
expound,reason,-1.859375,-1.2898694276809692,2
exterior,interior,-1.8497314453125,-0.42906495928764343,2
facts,myths,-4.2578125,-1.6599065065383911,2
facts,names,2.3955078125,-0.5112322568893433,2
faith,glory,-0.41015625,0.8452222347259521,2
faith,morals,0.0087890625,0.28906065225601196,2
faith,reason,0.19769287109375,2.27048659324646,2
faith,science,-0.208984375,-1.0079988241195679,2
faith,violence,1.6689453125,0.867598295211792,2
fall,tumble,1.690460205078125,2.133228063583374,2
famous,hot,-0.0703125,-0.5834850072860718,2
farming,livestock,0.9486083984375,2.1683120727539062,2
fast,febrile,-4.8828125,2.482685089111328,2
fast,furious,1.0427093505859375,1.0160247087478638,2
fast,mushy,0.8984375,0.3015356659889221,2
fast,powerful,2.0546875,3.380436897277832,2
fast,steadily,3.5816268920898438,0.8413856029510498,2
fast,sure,4.33203125,0.861027717590332,2
fast,thick,2.451171875,0.04484975337982178,2
fast,tough,-1.357421875,0.2617378532886505,2
fast,true,-1.177734375,0.4327247440814972,2
fearless,gallant,1.2138671875,-0.050003111362457275,2
fights,war,5.26171875,0.38091644644737244,2
fits,starts,0.87890625,-1.9985049962997437,2
flabby,wrinkled,-3.406005859375,-0.5519429445266724,2
flattery,persistence,7.881591796875,-0.9511374235153198,2
flattery,pleasure,0.9378662109375,-0.9051635265350342,2
flattery,servility,-0.07421875,0.771540641784668,2
flies,mosquitoes,0.2240142822265625,0.9992645978927612,2
flippers,lungs,2.88250732421875,-0.028325974941253662,2
flopped,stumbled,1.86328125,-0.44884708523750305,2
flushed,hoarse,-2.2572102546691895,-0.4685575067996979,2
flushed,hot,1.4072265625,-1.5841213464736938,2
flushed,impatient,3.2911376953125,0.9957809448242188,2
flushed,radiant,2.205078125,-0.00635102391242981,2
flushed,red,-0.150390625,-2.2306456565856934,2
flushed,tired,3.533203125,-0.006498739123344421,2
flushed,unhappy,6.6875,-0.42208245396614075,2
fog,storms,-1.03955078125,-0.8396384716033936,2
fog,wind,-0.9033203125,0.24867936968803406,2
forage,gather,2.265625,1.5829973220825195,2
foreboding,loneliness,-3.1400680541992188,-2.432309150695801,2
founding,full,2.3671875,-0.6888196468353271,2
founding,prominent,-0.1767730712890625,-1.1639515161514282,2
freakier,freakier,0.0,0.05099833011627197,2
freight,luggage,0.28411865234375,0.325700044631958,2
fresh,hot,-0.458984375,-0.2736017405986786,2
fresh,sweet,-0.1171875,-0.26213598251342773,2
fresh,unblemished,1.935546875,1.6723252534866333,2
fresh,youthful,2.85125732421875,0.35636863112449646,2
friendship,intimacy,1.75653076171875,1.5268820524215698,2
friendship,loneliness,-2.543487548828125,-0.018154069781303406,2
frog,wombat,3.5576171875,0.9520198106765747,2
frosts,storms,0.614990234375,0.2660682499408722,2
fuel,heating,4.869140625,1.412667155265808,2
full,immediate,0.6229133605957031,1.3240138292312622,2
full,transcendent,-1.38958740234375,0.35718148946762085,2
full,true,0.296875,-0.7541040182113647,2
furious,hot,-4.884979248046875,-1.8947728872299194,2
furious,sputtering,-2.37353515625,-0.3743114173412323,2
galaxies,matter,-0.3526611328125,-0.1141754686832428,2
gallant,shrewd,3.173828125,-0.3655194938182831,2
gallons,gallons,0.0,0.05099833011627197,2
gas,matter,1.638671875,1.1544344425201416,2
gas,steam,-2.501953125,1.2549699544906616,2
gaunt,gray,-0.3408203125,-0.5569733381271362,2
gaunt,hollow,-1.2724609375,-0.2058287262916565,2
gears,levers,-1.593505859375,0.37414196133613586,2
gigantic,red,-0.6015625,-0.6131367683410645,2
girl,goose,-4.119140625,1.4207552671432495,2
girl,stalking,1.2255859375,2.057274341583252,2
global,local,0.9472198486328125,0.7243064641952515,2
gloomy,stern,-0.6201171875,-1.2087373733520508,2
gloomy,thick,-1.19873046875,-2.158963203430176,2
graduate,professional,-3.0419921875,0.31244051456451416,2
graduate,undergraduate,-1.073577880859375,0.2793034613132477,2
grame,grief,-5.1533966064453125,-1.5663673877716064,2
gray,grewsome,-4.396484375,2.679420232772827,2
gray,red,-1.724609375,-2.4968369007110596,2
gray,scanty,2.025146484375,0.40298518538475037,2
gray,tired,0.5068359375,1.250376582145691,2
gray,yellow,-1.1865234375,0.6626657247543335,2
grey,red,0.34375,-0.8171544075012207,2
grief,horror,-0.781158447265625,-0.6679974794387817,2
grief,intrigue,3.651611328125,2.173496961593628,2
grief,passion,-0.1083984375,0.21658216416835785,2
grief,rage,-1.0220947265625,0.7305803298950195,2
grinned,looked,-3.75,0.2305707335472107,2
harmonium,organ,4.6005859375,1.7353171110153198,2
hawed,himmed,4.125,2.986685276031494,2
heaps,heaps,0.0,0.05099833011627197,2
hearths,homes,-3.0712890625,-0.6658717393875122,2
heat,strength,-1.7080078125,-0.3352663815021515,2
heiress,owner,-1.0,0.041412413120269775,2
heparin,histamine,0.8515625,-0.6275877952575684,2
heretics,nonbelievers,1.5184326171875,2.2440264225006104,2
highlights,shadows,5.883941650390625,-0.4496810734272003,2
hoarse,hollow,-0.526031494140625,0.9739090204238892,2
hollow,lightweight,2.268798828125,-0.3318283259868622,2
hollow,muffled,1.2226028442382812,1.712937831878662,2
honeysuckles,jessamines,0.660186767578125,0.28667932748794556,2
horrible,red,-1.77734375,-3.4319963455200195,2
horrible,yellow,-4.95703125,-1.6560813188552856,2
horror,misery,1.633544921875,0.6324384212493896,2
horror,rage,3.46185302734375,-0.23593005537986755,2
hot,mixed,2.734375,1.2938112020492554,2
hot,red,0.0400390625,-0.7888854742050171,2
hot,smoking,4.6357421875,1.616424560546875,2
hot,steaming,0.357421875,-0.6036581993103027,2
hot,sultry,6.40869140625,2.9784512519836426,2
hot,sweet,0.16015625,-0.7440980672836304,2
hot,tired,3.001953125,0.7057093381881714,2
hushed,penetrated,1.50982666015625,1.3417915105819702,2
illustrated,wrote,-5.729631423950195,-0.9346815347671509,2
immediate,personal,6.723651885986328,-1.6136077642440796,2
immediate,stern,-0.09411239624023438,-1.0663366317749023,2
impatient,tired,1.12347412109375,-2.059782028198242,2
increase,multiply,-1.102294921875,-0.971098780632019,2
ingratitude,suspicion,-1.90533447265625,0.5524790287017822,2
injustice,oppression,-3.4071044921875,1.2932173013687134,2
injustice,slavery,-2.837799072265625,-0.07299801707267761,2
injustice,violence,-2.331024169921875,0.5376906394958496,2
innocent,leige,-2.533203125,2.1952438354492188,2
innocent,sweet,-0.54296875,-1.929348349571228,2
inquiringly,politely,3.085200071334839,-1.1882244348526,2
insincere,supercilious,-4.2177734375,-2.1952695846557617,2
insults,violence,-1.92578125,-0.31591519713401794,2
junior,professional,-1.0552978515625,2.389866352081299,2
kinds,shapes,1.65234375,-1.8747104406356812,2
kinds,sorts,-0.68359375,0.8991012573242188,2
leaking,patched,2.896484375,0.22411754727363586,2
legos,lion,2.013671875,-1.8354151248931885,2
leif,tarzan,0.18798828125,-1.9893378019332886,2
leukemia,lymphoma,0.343505859375,0.14500850439071655,2
lighter,lighter,0.0,0.05099833011627197,2
lighter,thinner,0.91943359375,0.38465845584869385,2
like,talking,8.482421875,2.411912441253662,2
limestone,marble,-1.21856689453125,-0.18519002199172974,2
limped,stuttered,-1.503936767578125,-0.7639453411102295,2
limpid,salutary,-4.9501953125,0.9606112241744995,2
listened,listened,0.0,0.05099833011627197,2
listened,looked,1.990234375,1.0992181301116943,2
listened,watched,-2.00390625,-0.7432844638824463,2
local,provincial,-0.38531494140625,0.052828967571258545,2
loneliness,misery,1.5861358642578125,1.6663295030593872,2
looked,looked,0.0,0.05099833011627197,2
looked,smelt,1.955078125,-0.10091055929660797,2
lost,loved,1.6015625,-1.6162382364273071,2
louder,louder,0.0,0.05099833011627197,2
louder,repeated,-0.5150146484375,3.839387893676758,2
louder,sharper,3.119873046875,1.1437410116195679,2
loyalists,unionists,1.1697998046875,0.5153940916061401,2
magisterial,police,-3.65234375,-1.701905369758606,2
magnet,toys,-3.392578125,-1.4601322412490845,2
magnificent,proud,-2.450927734375,-0.6959133148193359,2
majestic,powerful,1.7415771484375,-0.2536511719226837,2
majestic,soothing,-1.6562042236328125,0.26064038276672363,2
majestic,sublime,-2.51287841796875,-0.9659883975982666,2
malice,rage,-2.73773193359375,0.34465354681015015,2
marble,mosaic,0.94989013671875,0.019170425832271576,2
maroon,red,-0.029296875,-3.2982230186462402,2
maroon,yellow,-1.4892578125,-2.869257688522339,2
mathematics,metamathematics,2.483751058578491,-0.2259727418422699,2
mathematics,science,2.1590728759765625,-1.5473757982254028,2
mathematics,statistics,7.5575408935546875,1.2592167854309082,2
matrimony,matrimony,0.0,0.05099833011627197,2
mauve,red,0.953125,-3.7607600688934326,2
meaning,reason,1.349609375,0.8025306463241577,2
meaning,richness,-3.009765625,-1.8493502140045166,2
meat,meat,0.0,0.05099833011627197,2
meat,puddings,1.349365234375,1.14095938205719,2
metasedimentary,sedimentary,0.75201416015625,-0.0497475266456604,2
metres,metres,0.0,0.05099833011627197,2
microprocessors,transistors,-1.5732421875,-0.1415439248085022,2
mightiest,richest,0.3818359375,-0.7492836713790894,2
miserable,tired,-3.734375,-1.0546830892562866,2
miserable,unhappy,0.685546875,0.015721231698989868,2
miserable,weeping,-2.77734375,-1.9774442911148071,2
missus,mister,0.970458984375,-0.062450289726257324,2
modern,practical,-1.7193603515625,1.4663032293319702,2
muffled,thick,-3.5157470703125,-3.4532086849212646,2
mushrooms,tomatoes,-2.459075927734375,-0.013269364833831787,2
necessity,urgency,2.247802734375,-0.24632275104522705,2
nestling,singing,-2.416748046875,0.9878034591674805,2
northwest,west,-0.205078125,-0.7562769651412964,2
official,royal,-1.2578125,-2.1353209018707275,2
on,on,0.0,0.05099833011627197,2
opponents,players,-2.171572685241699,-0.6056932210922241,2
oppression,violence,-0.73974609375,-0.6657954454421997,2
outsiders,students,-0.7117919921875,-0.2765296995639801,2
outsiders,wives,-1.00537109375,-1.127339482307434,2
overweight,unhappy,-1.357025146484375,0.7037193775177002,2
paler,paler,0.0,0.05099833011627197,2
paler,thinner,1.50048828125,-1.3886569738388062,2
paler,tired,-1.88671875,-2.2315738201141357,2
paperwork,signatures,0.25921630859375,-0.5069708824157715,2
passion,rage,-0.257080078125,-0.732490062713623,2
personal,profanity,-2.52642822265625,-2.549532890319824,2
personal,professional,-1.8671875,0.14260147511959076,2
phases,stages,-2.18017578125,-0.08175055682659149,2
photographs,sketches,1.6398162841796875,0.6887513399124146,2
physical,sexual,-0.04296875,0.2582134008407593,2
pins,tape,-0.2919921875,0.7330771684646606,2
placid,smooth,0.57257080078125,-1.3099586963653564,2
pleasure,rejoicing,-0.3426513671875,0.04238632321357727,2
poets,songwriters,-1.846588134765625,0.896715521812439,2
powdery,smooth,-1.44921875,-1.2374991178512573,2
powerful,precise,-1.1064453125,0.5774686932563782,2
powerful,stern,-0.615234375,-0.32393962144851685,2
powerful,vast,-4.9765625,-0.22978851199150085,2
praise,publicity,1.7244873046875,0.27599287033081055,2
prematurity,smoking,1.08087158203125,0.1385425627231598,2
presentation,spelling,1.988525390625,-0.4539566934108734,2
principal,supervisor,-2.7578125,-0.42864206433296204,2
produced,wrote,-5.064453125,-0.025489553809165955,2
profanity,sanctity,1.3898773193359375,0.4663025438785553,2
profanity,sexual,2.3721923828125,0.8501358032226562,2
professional,student,-0.17578125,-0.9391876459121704,2
property,slaves,-2.55078125,0.9704134464263916,2
proud,stern,4.6865234375,2.157541036605835,2
proud,swaggering,-1.990142822265625,1.580300211906433,2
proud,vain,2.00390625,0.8689154386520386,2
pulled,pulled,0.0,0.05099833011627197,2
radiant,red,2.2587890625,-0.9157055616378784,2
radio,record,0.69921875,-0.2942644953727722,2
rage,scorn,1.0897216796875,0.2741994559764862,2
rage,war,-0.142578125,1.0563503503799438,2
rage,weeping,-0.36279296875,0.07950970530509949,2
rains,storms,-1.1923828125,-0.07074613869190216,2
rampant,red,1.748046875,-2.605417251586914,2
randomness,statistics,2.5131149291992188,0.7254859209060669,2
rapidly,steadily,3.9243087768554688,1.2896968126296997,2
reason,science,-2.525390625,-3.3666200637817383,2
reason,tradition,-1.671875,-1.8960074186325073,2
receiver,recorder,2.7157135009765625,-1.55335533618927,2
recorder,tape,1.427734375,1.124415397644043,2
red,red,0.0,0.05099833011627197,2
red,thick,-2.25732421875,0.00912255048751831,2
red,wrinkled,1.604248046875,1.8588429689407349,2
red,yellow,-1.8828125,0.8280327320098877,2
rehashed,revised,-2.697265625,0.1673107147216797,2
repeated,sterner,-2.244140625,-2.439624786376953,2
rip,tip,-0.36328125,-0.6285374164581299,2
rising,rising,0.0,0.05099833011627197,2
run,run,0.0,0.05099833011627197,2
run,shout,0.37109375,1.756792426109314,2
samoyedic,yeniseian,0.73046875,0.49834901094436646,2
screaming,shouting,0.796875,0.6519417762756348,2
secured,shut,1.0568923950195312,0.5492409467697144,2
sexuality,violence,0.015625,0.1489245593547821,2
sharper,sharper,0.0,0.05099833011627197,2
shinyness,sunniness,-1.23828125,-0.4503934681415558,2
shivered,suffered,1.8369140625,0.3686750531196594,2
shivered,watched,0.038818359375,1.450001835823059,2
shouting,shrieking,1.2489013671875,-0.3597261607646942,2
shouting,singing,-1.30078125,0.09461590647697449,2
shouting,talking,-0.98046875,0.3243747353553772,2
shrimp,snails,0.95965576171875,-1.9031294584274292,2
singing,talking,-1.021484375,0.24956122040748596,2
skirmishing,trading,1.78875732421875,-1.0026389360427856,2
sluggish,smooth,0.596649169921875,-1.8090349435806274,2
smoking,steaming,1.2111663818359375,-0.902856707572937,2
smoking,talking,0.52093505859375,-0.01685909926891327,2
smooth,sweet,1.521484375,-0.6236110925674438,2
smooth,thick,0.4755859375,-0.20311641693115234,2
spray,steam,-1.504150390625,-1.3547664880752563,2
spreading,spreading,0.0,0.05099833011627197,2
sputtering,sputtering,0.0,0.05099833011627197,2
squak,squak,0.0,0.05099833011627197,2
starved,tired,-2.34765625,-0.643873929977417,2
steeper,steeper,0.0,0.05099833011627197,2
stem,stern,2.2734375,0.04471106827259064,2
stifling,thick,-0.4794921875,-3.0050907135009766,2
storms,wind,-0.73687744140625,0.3674391806125641,2
talking,talking,0.0,0.05099833011627197,2
tamer,tamer,0.0,0.05099833011627197,2
thick,tough,0.400390625,0.4631234109401703,2
thick,yellow,1.103515625,0.3988167941570282,2
thinner,thinner,0.0,0.05099833011627197,2
thumbs,toes,3.1396484375,0.49048373103141785,2
tired,unhappy,2.4541015625,0.9592580795288086,2
tired,uninspired,1.91162109375,1.2308369874954224,2
tradition,usage,1.439453125,-0.2052658200263977,2
trains,trucks,0.1103515625,-1.4296035766601562,2
twice,twice,0.0,0.05099833011627197,2
tylenol,zithromax,2.271484375,-0.753538966178894,2
uncivilized,unlettered,-0.3446044921875,0.09511557221412659,2
unhallowed,unwarranted,-1.0765380859375,-0.03025020658969879,2
unwinding,winding,-2.116455078125,-0.5475367307662964,2
utter,vast,-4.1484375,-2.5303120613098145,2
village,village,0.0,0.05099833011627197,2
violence,war,-0.552734375,0.46287333965301514,2
wailings,weeping,-4.8505859375,-0.8439215421676636,2
watched,watched,0.0,0.05099833011627197,2
weeks,weeks,0.0,0.05099833011627197,2
wider,wider,0.0,0.05099833011627197,2
wrastled,wrastled,0.0,0.05099833011627197,2
wrinkled,yellow,-2.586517333984375,-2.3647613525390625,2
wrote,wrote,0.0,0.05099833011627197,2
yards,yards,0.0,0.05099833011627197,2
yellow,yellow,0.0,0.05099833011627197,2
yours,yours,0.0,0.05099833011627197,2
abjurer,nowhere,1.298828125,-0.801203191280365,3
above,around,1.4453125,0.3095476031303406,3
accidents,incidents,1.0263671875,0.37710195779800415,3
accidents,problems,1.3046875,0.25673621892929077,3
acknowledge,state,-2.7187652587890625,-0.03953152894973755,3
actively,successfully,-1.5408935546875,-0.06449852883815765,3
acts,speaks,-0.2421875,-1.331810712814331,3
acts,talks,-0.0703125,-1.0194041728973389,3
adoration,love,-3.75390625,-2.2241766452789307,3
aerial,ground,-3.56640625,-0.6538019180297852,3
aimlessly,unconsciously,0.9331026077270508,0.5724757313728333,3
along,along,0.0,-0.2457682490348816,3
along,watch,15.625,2.9743504524230957,3
amused,rapid,-7.77685546875,-1.7338495254516602,3
anarchy,license,0.284912109375,-0.3357170522212982,3
anguish,dejection,-0.3719902038574219,-0.7898412346839905,3
ants,earth,-1.201171875,-1.0222501754760742,3
ants,termites,1.0693359375,0.7183796763420105,3
apologized,time,-8.8544921875,-2.2439494132995605,3
apologized,went,-2.71875,0.549262285232544,3
apples,cake,0.560546875,0.10253870487213135,3
aquatic,other,1.66015625,3.947226047515869,3
arab,egyptian,-3.8896484375,0.028014153242111206,3
area,league,-0.431640625,-0.29732567071914673,3
armies,battles,-0.31201171875,-0.10047054290771484,3
around,around,0.0,-0.2457682490348816,3
arrivals,departures,-0.0881195068359375,0.37091249227523804,3
arrogant,hurtful,-3.81640625,0.6601113080978394,3
arrogant,lying,1.0906219482421875,0.7812123894691467,3
arrogant,opinionated,-4.37646484375,1.8102288246154785,3
arrogant,quarrelsome,-1.4287109375,0.3856284022331238,3
arrows,bow,-4.48876953125,0.14680826663970947,3
arrows,chimales,-3.323486328125,0.23013120889663696,3
artists,cartoonists,-2.2327880859375,0.6067448258399963,3
artists,intellectuals,-0.9291954040527344,0.5735539793968201,3
artists,things,2.14453125,2.3758111000061035,3
artists,writers,-3.649200439453125,0.26370054483413696,3
ask,call,-6.18359375,-2.324402332305908,3
assassins,conspirators,1.653076171875,0.14143282175064087,3
assassins,cutthroats,1.27001953125,-0.04548032581806183,3
assets,cash,-2.765625,0.04853099584579468,3
assets,exports,0.97802734375,0.11021900177001953,3
atheistic,materialistic,-0.43359375,1.138174057006836,3
attentive,ready,3.9326171875,-0.9128970503807068,3
audience,critics,0.21484375,0.47955477237701416,3
babbled,babbled,0.0,-0.2457682490348816,3
babied,petted,-1.092529296875,0.295543909072876,3
babysit,come,-2.0892333984375,-2.893423557281494,3
backed,backed,0.0,-0.2457682490348816,3
backed,pranced,5.505859375,-0.5615255832672119,3
backward,sideways,2.4150390625,-0.5540732145309448,3
balloon,boy,-0.453125,0.4834020733833313,3
barked,barked,0.0,-0.2457682490348816,3
barleycorns,roots,-6.0234375,-0.11012895405292511,3
baskets,parcels,-0.4936790466308594,0.15122509002685547,3
battles,disputes,-2.4276123046875,0.02531987428665161,3
battleships,cruisers,-7.3203125,-0.31678396463394165,3
beating,beating,0.0,-0.2457682490348816,3
beggars,churches,2.67431640625,-0.59078449010849,3
belief,sentiment,0.9189453125,0.8247880339622498,3
belief,thought,-0.353515625,-0.11921973526477814,3
belief,unbelief,4.730113983154297,1.5185680389404297,3
berrid,dead,-1.0390625,-1.8056321144104004,3
bewildering,many,3.4130859375,1.5438244342803955,3
black,black,0.0,-0.2457682490348816,3
black,cold,0.443359375,1.2750844955444336,3
black,dismal,1.5234375,4.922156810760498,3
black,gay,-1.8671875,2.2986557483673096,3
black,shiny,-0.95703125,1.7040660381317139,3
blatant,officious,2.97021484375,-1.1534452438354492,3
bliss,suffering,-0.048828125,-0.42301690578460693,3
blows,blows,0.0,-0.2457682490348816,3
board,keel,-1.53515625,0.7112034559249878,3
boars,deer,-1.20703125,-0.47350624203681946,3
boars,oxen,-2.274169921875,-0.43720579147338867,3
bonnets,dresses,-0.261474609375,-0.6093816757202148,3
boots,clothing,-0.47265625,0.2870716452598572,3
boots,coats,0.443359375,0.5694075226783752,3
bow,slide,1.833984375,0.10452914237976074,3
bowery,lofty,1.52960205078125,0.6855215430259705,3
boxed,wrestled,1.5477218627929688,0.39842408895492554,3
bravery,cowardice,1.34228515625,1.1287896633148193,3
bravery,enterprise,1.6796684265136719,0.18206965923309326,3
breakfast,lunch,-0.57421875,-0.5133019089698792,3
breakfast,supper,-0.76171875,-0.2775120735168457,3
bribing,sleeping,3.4228515625,0.06252878904342651,3
build,come,-4.708984375,-2.9383859634399414,3
burn,split,0.322265625,0.4854394793510437,3
cake,fruit,-1.9287109375,0.027737408876419067,3
cake,jelly,3.62890625,-0.18247383832931519,3
call,call,0.0,-0.2457682490348816,3
call,come,-4.255859375,-3.4615421295166016,3
camera,puzzle,1.234375,1.3177921772003174,3
carry,cash,-4.54296875,-4.355382919311523,3
cash,time,-1.0693359375,-0.7318813800811768,3
casseroles,things,9.2333984375,2.1047327518463135,3
charitable,grand,-3.055419921875,0.1654551923274994,3
cheat,steal,4.0177001953125,0.15837842226028442,3
churches,minsters,1.51171875,-0.588058590888977,3
churches,monasteries,-5.875244140625,1.2869765758514404,3
cinematic,classical,1.3986282348632812,-0.25679630041122437,3
circumstances,fate,-2.76171875,-1.5211493968963623,3
circumstances,time,0.046875,-2.0717575550079346,3
civilian,other,6.619140625,3.7804765701293945,3
clairvoyance,mesmerism,0.998046875,-0.8499866127967834,3
classical,quantum,0.1572265625,2.1389358043670654,3
clergy,nobility,-2.5147705078125,3.018092155456543,3
closer,closer,0.0,-0.2457682490348816,3
closer,longer,1.052734375,-0.5064057111740112,3
closer,warmer,-3.336669921875,-0.24658992886543274,3
clubs,societies,-2.0800018310546875,-0.07814282178878784,3
clubs,things,3.7423095703125,3.3129494190216064,3
coats,dresses,-3.330810546875,0.5295351147651672,3
coats,scarves,-0.886962890625,-0.13874459266662598,3
cold,cramp,1.158203125,1.5790584087371826,3
cold,dead,0.60546875,1.1714708805084229,3
cold,dire,-2.75390625,1.1430680751800537,3
cold,intellectual,4.463222503662109,2.5610885620117188,3
cold,lifeless,2.5084686279296875,2.234687566757202,3
cold,rain,-1.99609375,0.12910142540931702,3
cold,rainy,0.60498046875,0.02420186996459961,3
cold,silent,0.5361328125,0.31346267461776733,3
cold,snow,1.01171875,0.491993248462677,3
cold,snowing,-2.25390625,0.7278111577033997,3
cold,steady,2.603515625,1.6677021980285645,3
cold,stiff,2.00390625,-0.39998379349708557,3
cold,undemonstrative,1.31640625,2.0759449005126953,3
cold,useless,2.185546875,3.0980563163757324,3
collectivism,individualism,2.8302001953125,-0.6036989688873291,3
college,private,1.78515625,0.7562353014945984,3
college,pro,7.443359375,2.6079282760620117,3
colleges,things,7.621501922607422,3.075852632522583,3
coloring,drawing,-1.26953125,-2.5329172611236572,3
come,come,0.0,-0.2457682490348816,3
come,dine,4.26171875,1.0564110279083252,3
come,hurry,-0.751953125,2.481423854827881,3
come,take,6.220703125,4.827574729919434,3
come,watch,5.787109375,5.70249080657959,3
come,went,1.962890625,1.6151189804077148,3
commitment,love,-4.967041015625,-4.069620132446289,3
committing,disciplining,-2.439910888671875,-1.8692803382873535,3
communication,trade,0.09619140625,-0.5107706189155579,3
companies,regiments,1.044921875,0.3531891107559204,3
conducting,finish,-0.5244140625,-0.49347057938575745,3
congressional,public,2.3032913208007812,0.0966687798500061,3
consent,order,1.20703125,-2.1026527881622314,3
constrained,mysterious,0.008556365966796875,-0.9090301990509033,3
constrained,silent,-4.3789215087890625,-2.0258238315582275,3
cookie,napkin,-3.3162841796875,0.9405543208122253,3
cooking,pottery,2.13372802734375,-0.9763369560241699,3
cooking,residential,0.30694580078125,1.6007795333862305,3
coronation,inauguration,-1.23486328125,-0.7365908622741699,3
courteous,friendly,-2.83880615234375,0.06007245182991028,3
cowardice,meanness,-0.90380859375,-0.8703241348266602,3
cowardly,slurring,2.26611328125,0.6095841526985168,3
crew,passengers,-2.810546875,1.3215558528900146,3
critics,curators,0.2275390625,-1.6535706520080566,3
critics,public,5.7823486328125,2.5084753036499023,3
croaks,pneumonia,-1.265380859375,-0.8788918852806091,3
crowded,noisy,4.113210678100586,-0.007453948259353638,3
crypts,muslins,1.09423828125,-0.428758829832077,3
cunning,different,-0.544921875,0.5556965470314026,3
cunning,ready,6.33203125,-0.790107786655426,3
cunning,unscrupulous,5.6552734375,0.33824998140335083,3
currencies,problems,-0.28466796875,-0.3919019103050232,3
curses,howls,-2.287109375,-0.18528524041175842,3
curses,threats,-0.927734375,0.007645517587661743,3
daintiness,softness,-0.5458984375,-0.8781170845031738,3
dallied,dallied,0.0,-0.2457682490348816,3
dampish,lonesome,-2.962799072265625,-0.8018943667411804,3
dates,eras,4.052734375,1.8495235443115234,3
dates,numbers,2.12109375,-0.22443951666355133,3
dates,things,6.69921875,2.2705347537994385,3
dates,time,-0.6953125,-0.9460347890853882,3
daycare,experiences,2.2666015625,1.6039667129516602,3
dead,decaying,2.8427734375,2.1229305267333984,3
dead,stiff,-2.62255859375,-1.1786582469940186,3
dead,useless,3.123046875,1.7095797061920166,3
deed,thought,-3.748046875,-1.1375291347503662,3
delightfully,truthfully,1.29931640625,1.3170053958892822,3
delivery,style,-1.9586181640625,-0.7084814310073853,3
desire,hope,-1.4921875,-1.4808120727539062,3
desire,love,-1.5849609375,-2.602060079574585,3
diesel,gasoline,0.3063507080078125,-0.2075577825307846,3
different,imaginative,6.92529296875,-1.5022048950195312,3
dimmer,dimmer,0.0,-0.2457682490348816,3
diplomatic,trade,-4.40765380859375,-1.4353723526000977,3
dirtier,dirtier,0.0,-0.2457682490348816,3
discomfort,stress,-2.8154296875,-0.2482128143310547,3
discontentedly,idly,-1.715087890625,0.6613938212394714,3
discotheques,things,4.64453125,2.9129109382629395,3
disease,fasting,1.39404296875,1.4769723415374756,3
disease,stress,1.94873046875,1.3714375495910645,3
disease,suffering,1.849609375,0.7751457095146179,3
disease,wars,-2.32421875,-0.1032697856426239,3
dishes,pots,2.5107421875,0.8825574517250061,3
displaced,uprooted,-0.1514892578125,0.08592161536216736,3
disturbances,wars,-1.1939697265625,-0.4175017476081848,3
dodge,kick,-3.517578125,1.6375370025634766,3
dotingly,fondly,0.759765625,-1.10504150390625,3
dresses,hose,0.056640625,0.651049017906189,3
drier,warmer,0.953125,-0.7793803811073303,3
drowsier,drowsier,0.0,-0.2457682490348816,3
drunk,drunk,0.0,-0.2457682490348816,3
drunk,loaded,-0.199462890625,0.6876446604728699,3
drunk,merry,-2.14453125,0.9955242276191711,3
duties,pleasures,-0.52252197265625,0.5106472969055176,3
duties,quotas,-2.9426116943359375,-0.5995666980743408,3
duties,tariffs,-2.8218765258789062,-1.3251700401306152,3
duty,family,3.599609375,-0.38682568073272705,3
duty,inclination,2.789306640625,0.7997608780860901,3
duty,love,-2.026885986328125,-1.1917386054992676,3
eagerly,quickly,0.9296875,-0.9166935682296753,3
earth,sods,-0.5283203125,-0.3314365744590759,3
edibles,fruit,-1.9228515625,0.2707366347312927,3
ejaculation,orgasm,-3.13134765625,1.2479853630065918,3
elaborate,gay,-3.7276611328125,-1.70220947265625,3
elegancies,luxuries,0.0799560546875,0.4534279704093933,3
embarrassing,inconvenient,0.27166748046875,1.0144703388214111,3
emergencies,wars,1.349853515625,-0.816215455532074,3
employment,income,0.3700714111328125,-0.9463625550270081,3
employment,industrial,-0.19297027587890625,-0.2941577434539795,3
enthusiastically,quickly,-0.67901611328125,-1.7171640396118164,3
evenly,quickly,1.25390625,-1.4322099685668945,3
evidently,slowly,-10.2890625,-5.176016807556152,3
execrable,unclean,2.42236328125,-0.7164407968521118,3
executions,trials,-3.216796875,-1.3167445659637451,3
explorer,martyr,-2.2406005859375,-0.5944544076919556,3
extended,reworked,-0.52252197265625,-0.7293991446495056,3
extreme,rapid,-2.115234375,0.4869018793106079,3
faded,shabby,2.0791015625,-0.22923524677753448,3
family,inheritance,0.7520751953125,-0.16532179713249207,3
family,love,-3.48974609375,-2.409830093383789,3
family,tribal,2.171875,0.8676130175590515,3
farmers,ranchers,1.7498779296875,-0.45216596126556396,3
fat,protein,0.3094482421875,-1.0367412567138672,3
fatal,mysterious,3.55712890625,0.029285699129104614,3
fatal,sinister,3.932373046875,1.3004260063171387,3
feminine,masculine,-1.53155517578125,0.4343257546424866,3
fertility,love,-2.339111328125,-1.0650761127471924,3
fiercer,other,0.986328125,2.971327781677246,3
finish,start,-4.82421875,0.6920372247695923,3
finished,released,-7.6671142578125,-0.07100144028663635,3
first,goal,-0.23046875,-0.6832916736602783,3
first,ground,-4.671875,-0.781178891658783,3
first,largest,1.65625,-0.06108522415161133,3
first,notable,1.1611328125,3.3855700492858887,3
first,original,1.0908203125,0.9243006110191345,3
first,second,4.44091796875,0.28538137674331665,3
first,sixth,1.7265625,-1.4605345726013184,3
fixed,known,5.67431640625,0.5292209386825562,3
fixed,running,0.521484375,0.6345593333244324,3
fixed,steady,-1.48828125,-1.1538091897964478,3
fixed,variable,-2.2666015625,-0.5517398715019226,3
flemish,german,-2.340576171875,0.060337960720062256,3
flips,things,3.6904296875,1.4203002452850342,3
flooded,lifeless,1.22509765625,0.24768197536468506,3
foam,paper,-1.8564453125,-1.0300514698028564,3
fondly,foolishly,2.782958984375,-0.04251012206077576,3
foolishness,inaccuracy,4.27685546875,0.2720821499824524,3
footsteps,voices,-3.60711669921875,-0.8976256251335144,3
footsteps,whistling,3.026153564453125,-1.411745309829712,3
formulae,things,2.421875,1.4101414680480957,3
fossils,lithologies,0.2548828125,0.474054217338562,3
fossils,minerals,0.8220367431640625,-0.3973121643066406,3
fours,threes,1.498046875,0.13613444566726685,3
friendly,frolicsome,0.2049560546875,0.8481519818305969,3
friendly,sympathetic,3.553955078125,-1.2617359161376953,3
frolicsome,gay,0.365234375,-1.4990379810333252,3
fruit,sherbets,0.8564453125,0.7607523798942566,3
fruit,suet,6.44140625,4.649437427520752,3
further,further,0.0,-0.2457682490348816,3
fussing,grizzling,1.6569290161132812,-0.051270052790641785,3
gasoline,time,-5.3269805908203125,-1.469315528869629,3
gasps,sundry,4.1533203125,2.4975287914276123,3
gay,merry,0.603515625,0.13841629028320312,3
gay,useless,-0.39453125,1.7621369361877441,3
gayer,gayer,0.0,-0.2457682490348816,3
given,taken,-1.75390625,-0.6099989414215088,3
gladly,quickly,-2.662109375,-1.6727538108825684,3
glands,vessels,3.319915771484375,1.0974791049957275,3
golder,phillipson,7.191375732421875,-0.07229484617710114,3
goodness,love,1.1171875,-1.1425458192825317,3
goodness,sincerity,-1.3731307983398438,-0.6217018365859985,3
gracious,ready,0.623046875,0.2746756076812744,3
grand,lofty,-1.44921875,-0.5277291536331177,3
grand,useful,1.146484375,-0.00803491473197937,3
grandest,happiest,-0.2489013671875,-0.12371404469013214,3
grimaces,speaks,0.31640625,0.5527250170707703,3
haltingly,slowly,-1.767578125,-0.420535147190094,3
handbags,jewelry,0.1502227783203125,-0.6334373354911804,3
hands,heels,-3.062744140625,2.4827370643615723,3
hanged,quartered,1.75042724609375,0.6221835613250732,3
hanged,taken,1.5749359130859375,0.5001596212387085,3
hardware,software,-2.670496940612793,-0.6908311247825623,3
hasty,indifferent,6.647712707519531,-0.9051186442375183,3
heavier,heavier,0.0,-0.2457682490348816,3
heavier,longer,3.69085693359375,0.9767065644264221,3
heavier,second,-4.01123046875,-1.006974458694458,3
hibernation,reproduction,1.818115234375,1.0880215167999268,3
hissed,sputtered,-1.135986328125,-0.7024698257446289,3
homesick,lonesome,0.3909492492675781,0.48297005891799927,3
honey,succotash,-1.927734375,1.359529733657837,3
honorable,useful,-5.32421875,-1.4984970092773438,3
hope,love,-1.841796875,-1.1474664211273193,3
hope,pride,-1.279296875,1.0786194801330566,3
hope,watch,-3.716796875,0.7533902525901794,3
horses,oxen,2.036041259765625,0.16813671588897705,3
horses,riders,2.08056640625,2.0974388122558594,3
horses,sheep,-1.13671875,1.8085088729858398,3
horses,waggons,1.92529296875,1.6266889572143555,3
human,saurian,-1.501953125,0.026629716157913208,3
hurry,preparation,3.41796875,0.5121071338653564,3
husband,husband,0.0,-0.2457682490348816,3
ideas,oratory,6.1171875,1.516836166381836,3
ideas,things,1.64453125,2.669067859649658,3
improper,odors,-0.529296875,-2.3606045246124268,3
inclination,time,-3.9228515625,-1.9198482036590576,3
incredulously,slowly,-3.14825439453125,-3.2883243560791016,3
indifferently,lazily,1.0210304260253906,0.8215932250022888,3
individually,slowly,2.15234375,-2.0642025470733643,3
industrial,port,1.7349090576171875,0.3091278076171875,3
industrial,residential,-2.3674240112304688,-0.12436563521623611,3
industrial,sectional,2.1489524841308594,-0.45866668224334717,3
industrial,tourist,-1.3952064514160156,0.14106103777885437,3
industrial,trade,-3.675759792327881,-2.2017714977264404,3
ingredients,sauces,0.6923065185546875,-0.7854684591293335,3
ingredients,time,-11.28515625,-1.8110618591308594,3
inscrutable,silent,-2.8486328125,-1.5381503105163574,3
intense,laborious,-1.6572265625,0.7879372239112854,3
intense,passionate,-1.4052734375,0.6339001059532166,3
intense,thrilling,2.564453125,0.817321240901947,3
invisible,silent,0.8406486511230469,-1.1410763263702393,3
island,town,2.044921875,-0.8612574934959412,3
islands,jungles,2.00634765625,0.06957024335861206,3
joys,tears,-5.352294921875,0.4196070432662964,3
kick,plunge,0.9590730667114258,0.6755241751670837,3
kindergarten,kindergarten,0.0,-0.2457682490348816,3
lame,stiff,-0.1044921875,-1.748114824295044,3
lame,useless,3.470703125,-0.7591602206230164,3
languages,learning,-0.271484375,1.9946479797363281,3
languages,scriptures,2.236328125,0.8588643670082092,3
largest,newest,-0.80859375,0.4393472671508789,3
law,order,2.40234375,-0.3575139045715332,3
learning,love,-0.3388671875,-1.0685532093048096,3
legend,story,1.015625,-0.7520279884338379,3
legislation,trade,-0.939208984375,0.6437885165214539,3
less,less,0.0,-0.2457682490348816,3
loaded,ready,-0.2978515625,0.5399553179740906,3
lofty,splendid,1.52490234375,0.22068771719932556,3
longer,longer,0.0,-0.2457682490348816,3
looking,looking,0.0,-0.2457682490348816,3
love,pride,-0.189453125,1.795699119567871,3
love,sincerity,-2.2410812377929688,2.099036455154419,3
love,sympathy,1.097412109375,2.694514751434326,3
love,tears,-3.5732421875,1.7851943969726562,3
lumpier,lumpier,0.0,-0.2457682490348816,3
lustily,together,-1.1689453125,-1.4456772804260254,3
mail,passengers,-3.7099609375,0.31911933422088623,3
manufacturing,trade,1.0181884765625,0.9245895743370056,3
many,many,0.0,-0.2457682490348816,3
merry,thriving,1.54638671875,0.9994146227836609,3
minerals,protein,-2.5515975952148438,-0.7647585272789001,3
miscellaneous,sundry,-0.8077392578125,0.2019631266593933,3
moans,pants,0.98388671875,-0.44819068908691406,3
moans,tears,-5.080078125,0.3154368996620178,3
motor,perceptional,-4.390625,-0.1657525599002838,3
mudpuppies,olms,-2.4638671875,0.25083011388778687,3
mysterious,obsessive,-0.117767333984375,0.3764703869819641,3
nets,nets,0.0,-0.2457682490348816,3
nets,rubbish,2.064453125,0.4701771140098572,3
numbers,numbers,0.0,-0.2457682490348816,3
numbers,symbols,-0.4974212646484375,0.5062889456748962,3
nursing,residential,-0.145751953125,0.9134300351142883,3
oaths,threats,2.44580078125,1.1784372329711914,3
observant,steady,-4.5,0.12136083841323853,3
occidental,suggestion,0.556640625,0.6855838298797607,3
online,ready,1.30078125,-0.29050010442733765,3
opportunities,threats,-5.76068115234375,-0.5886141061782837,3
oppressions,wars,-0.265625,-0.3244636058807373,3
original,shocking,0.5810546875,1.620678424835205,3
original,simultaneous,2.352813720703125,0.4436015486717224,3
overwork,pneumonia,2.7722396850585938,-1.9667291641235352,3
overwork,underfeeding,-4.2099609375,-2.3993048667907715,3
oxen,sheep,-1.6275787353515625,0.5604318976402283,3
packages,parcels,0.5813751220703125,0.007385313510894775,3
packages,suitcases,-0.399078369140625,0.3178756833076477,3
pages,pages,0.0,-0.2457682490348816,3
pants,shirts,-0.70263671875,-0.27436041831970215,3
pants,vocalizes,0.082763671875,1.2400765419006348,3
paper,points,11.4130859375,5.137315273284912,3
paper,pulp,1.07421875,4.568342208862305,3
paper,puzzle,-4.6201171875,1.856271743774414,3
paper,rubbish,0.369140625,2.7534098625183105,3
paper,things,3.53515625,3.705470085144043,3
parish,public,1.44921875,1.187821388244629,3
peas,strawberries,-0.18017578125,-1.230902075767517,3
peeping,spying,4.421875,2.533055067062378,3
perilous,uncertain,0.5986328125,1.0887725353240967,3
persecution,suffering,-2.28759765625,-0.8335521817207336,3
persevering,plodding,1.1823883056640625,0.4376569390296936,3
persons,things,0.689453125,3.7840027809143066,3
picture,story,-3.146484375,-0.766434371471405,3
piles,piles,0.0,-0.2457682490348816,3
poorer,poorer,0.0,-0.2457682490348816,3
pots,pots,0.0,-0.2457682490348816,3
pottery,statues,5.349609375,-0.9287846088409424,3
powder,rifles,-0.3372802734375,0.16532477736473083,3
prayed,prayed,0.0,-0.2457682490348816,3
preparation,study,-3.005126953125,-1.3491246700286865,3
preparation,thought,-2.109375,1.4217967987060547,3
pretend,pretend,0.0,-0.2457682490348816,3
pride,prime,-4.9189453125,0.5033676028251648,3
pride,risk,-2.623046875,1.2688279151916504,3
pride,vanity,-0.659912109375,0.8882552981376648,3
private,public,-1.037109375,0.3254137635231018,3
private,retail,0.90478515625,1.9526667594909668,3
private,state,-0.265625,-0.11445300281047821,3
private,tribal,-2.193359375,1.2237000465393066,3
problems,valium,1.71875,0.7944093346595764,3
problems,worries,1.264892578125,-0.11608341336250305,3
public,state,-1.4853515625,-2.3172101974487305,3
public,wooden,-1.123046875,-2.0109751224517822,3
put,take,0.986328125,-0.12906472384929657,3
put,went,-7.1484375,-5.207174301147461,3
quality,quantity,3.0595703125,-0.1289674937725067,3
quicker,quicker,0.0,-0.2457682490348816,3
quickly,sharply,-1.0225067138671875,0.4767609238624573,3
quickly,slowly,-2.544921875,-0.6580363512039185,3
quickly,wisely,2.6585540771484375,0.18213269114494324,3
quotas,tariffs,-2.9462890625,-1.6857845783233643,3
rain,snow,0.646484375,-0.7881516218185425,3
rain,tears,-0.033203125,0.8204296231269836,3
rallies,talks,2.746337890625,0.619289755821228,3
ran,ran,0.0,-0.2457682490348816,3
ready,silent,-2.90478515625,-1.4734396934509277,3
ready,steady,2.451171875,1.0149693489074707,3
ready,willing,3.27734375,1.2832324504852295,3
really,really,0.0,-0.2457682490348816,3
really,truthfully,-0.365234375,0.04694202542304993,3
rebellions,wars,-0.8173828125,-0.942070484161377,3
rebo,things,-7.1416015625,-4.326216220855713,3
rented,went,-1.87139892578125,-1.1907691955566406,3
repossessions,restrictions,0.483154296875,0.3030198812484741,3
residential,retail,1.64892578125,0.5895044207572937,3
respectful,sympathetic,-2.51397705078125,-1.1135531663894653,3
rested,visited,0.76849365234375,0.28167372941970825,3
retail,trade,-2.2919921875,-1.1450347900390625,3
returned,taken,-0.76953125,0.723404049873352,3
rifles,shotguns,-0.3109588623046875,0.5521736741065979,3
risk,uncertainty,0.828125,-0.7757272124290466,3
roadways,sidewalks,1.025390625,-1.0854804515838623,3
romp,roughhouse,0.8251953125,-0.4945836663246155,3
ruined,uninhabited,0.54931640625,1.275782823562622,3
rung,rung,0.0,-0.2457682490348816,3
running,running,0.0,-0.2457682490348816,3
running,stress,-1.060546875,-0.3493344783782959,3
salted,smoked,-0.65869140625,-0.6100378632545471,3
satellites,spacecraft,1.264404296875,0.7855661511421204,3
scarcer,scarcer,0.0,-0.2457682490348816,3
scarves,turtlenecks,-3.025390625,-0.7456409931182861,3
schema,subschema,-0.88232421875,0.3619768023490906,3
searchingly,slowly,-3.00048828125,-1.8718757629394531,3
serials,series,-1.33984375,0.6378815174102783,3
series,shows,2.537109375,-0.45556581020355225,3
share,share,0.0,-0.2457682490348816,3
shoplifting,things,2.5625,-1.9104149341583252,3
shows,things,0.70703125,2.176027297973633,3
shudder,tremble,0.441650390625,-0.21940171718597412,3
silent,stiff,0.3583984375,-1.3587095737457275,3
silent,tearful,1.69140625,0.10925877094268799,3
sincere,thorough,1.3288459777832031,-0.11254724860191345,3
skinnier,skinnier,0.0,-0.2457682490348816,3
skis,things,3.68359375,2.0525317192077637,3
sleeping,sleeping,0.0,-0.2457682490348816,3
slowly,unconsciously,8.174301147460938,3.929051399230957,3
slows,tires,0.2734375,-1.7319400310516357,3
somehow,somewhere,-1.205078125,0.6878780722618103,3
sophistication,style,4.46484375,-0.9478864073753357,3
speaks,turns,-0.7265625,-0.5375049114227295,3
sponsor,witness,-0.9501953125,-0.016136065125465393,3
springs,tension,0.28125,0.1427629590034485,3
stalkier,stalkier,0.0,-0.2457682490348816,3
stamps,turns,1.09271240234375,0.5733723044395447,3
start,tremble,-1.078857421875,0.4620519280433655,3
statues,things,-0.0205078125,3.8929405212402344,3
steady,stiff,-1.49609375,-1.0289912223815918,3
stiller,stiller,0.0,-0.2457682490348816,3
stress,tension,-4.42578125,-0.16103443503379822,3
study,thought,1.591796875,2.47137713432312,3
subtle,wondrous,-0.8984375,-0.7129185199737549,3
suffering,time,-1.58984375,-0.5393772125244141,3
surrounded,taken,-0.59375,1.5449578762054443,3
suspense,uncertainty,6.494140625,0.259757936000824,3
sweeps,talks,-1.853515625,0.7706956267356873,3
talkative,thoughtless,-0.98046875,-0.1152133196592331,3
talks,talks,0.0,-0.2457682490348816,3
talks,turns,-3.6484375,0.49828487634658813,3
tap,tap,0.0,-0.2457682490348816,3
territory,trade,2.29296875,0.546488881111145,3
things,things,0.0,-0.2457682490348816,3
things,tires,1.896484375,-0.5904718637466431,3
thought,thought,0.0,-0.2457682490348816,3
thought,time,-2.29296875,-2.3187103271484375,3
time,time,0.0,-0.2457682490348816,3
time,ways,-2.318359375,0.7666208148002625,3
useful,willing,1.056640625,0.8819407820701599,3
vanquished,victor,-3.75030517578125,1.1408483982086182,3
vanquished,victors,-5.13818359375,-0.08597797155380249,3
voices,whistling,-3.654296875,-1.6788949966430664,3
warmer,warmer,0.0,-0.2457682490348816,3
watch,watch,0.0,-0.2457682490348816,3
weaker,weaker,0.0,-0.2457682490348816,3
went,went,0.0,-0.2457682490348816,3
wilder,wilder,0.0,-0.2457682490348816,3
absence,substitution,2.633056640625,-0.1400947868824005,4
absorbing,long,-6.498046875,-4.269161224365234,4
acceleration,velocity,1.562713623046875,0.5697410106658936,4
acquisition,opening,1.60089111328125,0.7667156457901001,4
act,looks,-6.986328125,-0.48264992237091064,4
act,snort,-0.98828125,-0.26916220784187317,4
admission,listing,1.79541015625,-1.398371696472168,4
advantage,profit,-2.184814453125,-0.11608261615037918,4
agencies,officers,2.432373046875,-1.2405730485916138,4
alasia,gabrielle,-2.169921875,0.3456558585166931,4
alms,largesse,3.2457275390625,1.697035551071167,4
amazement,inquiry,1.4008712768554688,1.1177297830581665,4
american,canadian,-0.6240234375,1.3290766477584839,4
american,confederate,6.143341064453125,0.3098699152469635,4
american,foreign,0.60546875,1.436525583267212,4
american,french,-1.9296875,-0.7034099102020264,4
american,irish,-0.623046875,-0.9451165199279785,4
anemone,roses,-7.449462890625,-2.21673583984375,4
angle,distance,0.7109375,-1.7045838832855225,4
angrily,loudly,-2.03338623046875,-0.3514443039894104,4
answered,considered,-0.51953125,0.7016603946685791,4
anxiously,long,-2.2017574310302734,-2.4983725547790527,4
apparel,implements,0.72369384765625,-1.026997685432434,4
apparel,money,-3.5997314453125,-4.123483657836914,4
appetizing,nourishing,1.1270904541015625,-1.0948566198349,4
architecture,ceremonies,-0.648590087890625,1.0827465057373047,4
architecture,skyscrapers,-1.305908203125,0.8066872358322144,4
architecture,workmanship,-1.988525390625,0.8144077062606812,4
architecture,works,2.779296875,0.2960708737373352,4
arduously,long,0.060546875,-3.6545252799987793,4
artistic,general,-2.8828125,-0.6027528047561646,4
artistic,international,0.95489501953125,1.6470147371292114,4
artistic,social,6.95751953125,1.4463087320327759,4
artistic,technical,2.51220703125,1.601210117340088,4
ashamed,enraged,-0.467864990234375,-0.9429423809051514,4
ashamed,white,-0.349609375,-3.225651979446411,4
asking,asking,0.0,0.03686651960015297,4
atmospheric,solar,2.150482177734375,0.6209765672683716,4
authority,caution,0.2924346923828125,0.7859062552452087,4
authority,responsibility,-1.3203125,-0.7023252248764038,4
back,back,0.0,0.03686651960015297,4
back,electrical,-3.4990234375,0.36084604263305664,4
back,everyth,2.6953125,0.9685508012771606,4
back,open,-2.6640625,-0.032654114067554474,4
back,out,-0.224609375,-0.15732702612876892,4
back,upper,0.53125,0.9138561487197876,4
back,work,0.48828125,0.4718720316886902,4
backup,medical,-0.6611328125,-0.331514835357666,4
bamboo,rice,-0.00439453125,-1.4384793043136597,4
banana,lavender,2.1805419921875,2.0731537342071533,4
banana,rice,-0.646484375,-0.7932212948799133,4
barracks,warehouses,-2.3435440063476562,-0.31477436423301697,4
bass,piano,0.783203125,-0.5806759595870972,4
battle,host,1.634765625,1.2539340257644653,4
battle,work,-2.09765625,1.768481969833374,4
beaten,bruised,2.185302734375,-0.32830050587654114,4
beaten,dispersed,1.70751953125,0.458767294883728,4
beaten,stabbed,0.784942626953125,0.2044270634651184,4
bedevilment,confusion,0.67529296875,0.25260698795318604,4
bees,beetles,2.754638671875,0.4496347904205322,4
bees,lindens,1.138916015625,0.9833624362945557,4
beetles,rats,-3.883544921875,-0.12489039450883865,4
behavior,habitats,-0.8188323974609375,-1.2449146509170532,4
behavior,neurogenesis,0.8838176727294922,0.6890907287597656,4
behavior,size,-3.827143669128418,-1.6765048503875732,4
behind,behind,0.0,0.03686651960015297,4
bellow,hook,-3.5390625,-1.854889154434204,4
beloved,dear,-1.7210979461669922,-0.8002015948295593,4
beloved,loving,-0.3428993225097656,-0.24123114347457886,4
bigger,bigger,0.0,0.03686651960015297,4
bigger,faster,0.83984375,1.1853066682815552,4
bigger,newer,-5.34375,0.798591673374176,4
bigger,prettier,-0.79541015625,2.7269749641418457,4
bison,cattle,-0.787109375,-0.6411908864974976,4
bison,hybrids,2.158203125,0.023174457252025604,4
bleeding,bruised,4.6160888671875,1.0243228673934937,4
blessed,dear,-0.590728759765625,-2.110858678817749,4
block,ring,2.763671875,1.170660376548767,4
blow,blow,0.0,0.03686651960015297,4
blow,bluster,-0.52978515625,-0.3681328296661377,4
blow,howl,1.1787109375,0.4829074740409851,4
blues,whites,-2.18804931640625,1.2306911945343018,4
bolder,bolder,0.0,0.03686651960015297,4
bouncing,bumping,1.6452293395996094,-0.9929684400558472,4
bowl,drinks,6.6796875,3.024925470352173,4
breathe,surface,1.265625,-0.3569965958595276,4
brethren,trust,1.2750244140625,-0.5245757699012756,4
brie,butter,-1.095703125,-3.820190668106079,4
bright,cheerful,2.0789794921875,1.9338243007659912,4
bright,fair,0.939453125,0.8766916990280151,4
bright,glorious,0.46422576904296875,0.7596213221549988,4
bright,joyous,0.826904296875,0.38385528326034546,4
bright,keen,0.8212890625,0.8333321809768677,4
bright,peaceful,2.4761962890625,1.4546717405319214,4
bright,pure,-1.630859375,0.7668734788894653,4
bright,smiling,-1.4541015625,1.8360124826431274,4
bright,snapping,-0.8466796875,1.4168086051940918,4
bright,still,2.087890625,0.85795658826828,4
bright,white,0.7265625,0.2759905457496643,4
brightness,size,-1.9580078125,-1.4160006046295166,4
brooches,goblets,5.755859375,-0.7835080623626709,4
browned,healthy,7.3427734375,0.5404607653617859,4
bruised,jarred,-2.05615234375,-0.10924424976110458,4
bucks,saws,3.9814453125,0.2966758906841278,4
building,building,0.0,0.03686651960015297,4
building,development,-1.876953125,-0.21359878778457642,4
buses,trams,-1.06591796875,0.37168121337890625,4
butter,experience,-3.8525390625,1.5233861207962036,4
butter,jam,1.01171875,0.13522261381149292,4
cakes,candies,0.0587158203125,0.9233076572418213,4
cakes,doughnuts,-0.61627197265625,0.33705005049705505,4
cakes,pastries,1.9521484375,1.1461480855941772,4
camps,cottages,1.143524169921875,0.33473917841911316,4
canadian,french,-1.265625,0.22694778442382812,4
canadian,international,2.556640625,1.0259283781051636,4
careful,long,-3.84765625,-2.6313998699188232,4
catalogs,essays,-0.5470123291015625,0.789958119392395,4
cattle,farms,1.373779296875,0.5988453030586243,4
caution,delay,-0.99664306640625,-0.3448125123977661,4
caution,experience,-2.33416748046875,-1.0167874097824097,4
caution,mystery,-1.264404296875,-1.1230744123458862,4
celebrity,related,5.1015625,1.7951384782791138,4
changeability,conformity,-1.134765625,0.09885518997907639,4
changed,changed,0.0,0.03686651960015297,4
charisma,money,-2.529296875,-1.4212411642074585,4
cheerful,cozy,-1.61083984375,0.2696683406829834,4
cheerful,smiling,-1.76629638671875,-0.48156362771987915,4
cheerful,surprised,-1.230224609375,-0.8542386293411255,4
chives,onion,4.5009765625,2.2336597442626953,4
choicer,prettier,-1.13336181640625,-0.7953253984451294,4
church,work,-0.1015625,1.7619107961654663,4
ciliates,radiolaria,-0.623046875,0.14703160524368286,4
clay,lead,2.763671875,1.7874921560287476,4
clay,logs,-1.908203125,-0.9868758916854858,4
cleared,lined,1.81884765625,1.1046197414398193,4
cliffs,gorges,-0.0341644287109375,1.6541022062301636,4
cliffs,hillsides,2.3363189697265625,0.6102120876312256,4
cliffs,riverbanks,-0.950927734375,0.24859532713890076,4
clods,clumps,0.63525390625,0.858782947063446,4
closing,opening,-2.478515625,-0.14406156539916992,4
collapsed,melted,2.1735458374023438,0.9521084427833557,4
colors,forms,0.576171875,0.67242830991745,4
colors,patterns,1.9892959594726562,0.7419987916946411,4
community,voluntary,0.5430908203125,-0.016596056520938873,4
concerted,concurrent,0.87109375,-0.9571877717971802,4
condemnation,sentence,4.51898193359375,0.6420006155967712,4
confusion,misinformation,0.52294921875,0.059727124869823456,4
confusion,panic,-1.6201171875,-1.734268069267273,4
confusion,rumors,-2.08837890625,-0.37121158838272095,4
considered,rejected,-0.435791015625,-2.3072495460510254,4
considered,still,-5.662109375,-1.3845065832138062,4
conspiracy,forgery,5.078369140625,-2.137880563735962,4
constant,loud,-0.953125,-1.3239487409591675,4
constant,perishable,1.891357421875,2.765403985977173,4
continental,french,-0.37158203125,-0.7099342346191406,4
copyrights,rights,-1.2899169921875,0.07376080006361008,4
corruption,cultism,-0.9094772338867188,-2.2705764770507812,4
cottages,houses,-0.320709228515625,-1.447067379951477,4
country,kinship,-2.583984375,0.7275083661079407,4
country,royalty,-2.93408203125,0.5927419662475586,4
crackers,fudges,-0.1298828125,0.5748200416564941,4
crackers,jam,-1.653076171875,0.4291195273399353,4
cranes,warehouses,-1.040771484375,-0.4615010619163513,4
creaks,squelches,1.1089019775390625,1.185102105140686,4
criticize,denounce,3.433349609375,0.08972551673650742,4
cross,disagreeable,0.1129302978515625,-0.3111385107040405,4
cross,discontented,1.1904296875,2.1922223567962646,4
cross,fussy,-1.435546875,-2.5786492824554443,4
cross,unkind,-2.607421875,0.5033839344978333,4
crowbars,picks,1.337890625,0.15892046689987183,4
curled,curled,0.0,0.03686651960015297,4
cytosine,thymine,2.486328125,-0.3921741545200348,4
damp,keen,0.591796875,1.7445725202560425,4
damp,loathsome,2.4677734375,1.7274720668792725,4
damp,long,-1.7265625,-1.0719853639602661,4
damp,thin,-0.79296875,-0.28495943546295166,4
damp,unwholesome,0.9654541015625,0.6091107130050659,4
dance,music,-1.15625,-0.12919792532920837,4
daring,heroic,-1.536865234375,0.08479493111371994,4
daring,lateral,2.343109130859375,-1.1822292804718018,4
daring,marvellous,1.3973464965820312,0.3099434971809387,4
daring,own,-0.005859375,0.06971024721860886,4
deafening,long,-2.6214447021484375,-2.585651397705078,4
dear,long,-0.73828125,-1.878233551979065,4
dear,loving,1.55078125,1.1511958837509155,4
dear,thoughtful,3.71044921875,0.09729351848363876,4
decorations,flags,-2.0615234375,-1.4445754289627075,4
decorations,jewels,-2.89776611328125,0.7360862493515015,4
decorations,tints,-0.848876953125,-0.36737996339797974,4
delighted,flustered,-1.6341552734375,0.18681982159614563,4
delighted,smiling,-4.12890625,-1.3009097576141357,4
delighted,surprised,-2.474609375,-0.547515332698822,4
denounce,preach,-2.724609375,-0.5336127281188965,4
detonators,fuses,-0.44921875,0.033726923167705536,4
development,production,-1.65234375,-0.19145789742469788,4
development,testing,-1.12640380859375,0.7154032588005066,4
diagrams,illustrations,-3.572998046875,-0.36593207716941833,4
dimpled,white,0.119873046875,-3.049199342727661,4
dismally,long,-1.3974609375,-2.324389696121216,4
distance,size,-6.65625,0.10665193945169449,4
distance,terrain,-0.42138671875,1.1748241186141968,4
distinctly,loud,-5.9397501945495605,-2.574275255203247,4
distinctly,loudly,-3.18916654586792,-0.9449626207351685,4
dizzy,nauseated,7.17474365234375,2.0873522758483887,4
drastic,long,-3.884765625,-2.466216564178467,4
drinks,eats,1.12890625,1.0822726488113403,4
drinks,laughs,3.4375,1.275797724723816,4
dropped,sunk,0.970703125,-1.3634170293807983,4
ducks,pelicans,0.24609375,0.5424473285675049,4
dull,long,-2.07421875,-2.294323682785034,4
dull,simple,4.732421875,-0.5468921661376953,4
dull,spiritless,1.2578125,0.914747416973114,4
dwellings,shops,0.526123046875,-0.49143922328948975,4
dysentery,famine,0.30322265625,0.3302652835845947,4
ecological,molecular,0.9741897583007812,-0.4911426901817322,4
educated,scientific,-0.986328125,-0.04451567679643631,4
egotistical,unrefined,-9.021484375,0.5002060532569885,4
endangered,endemic,-3.7775726318359375,0.3984929919242859,4
endure,work,-0.37890625,0.13400453329086304,4
energy,fire,-0.048828125,-0.33093446493148804,4
energy,stamina,1.16015625,1.600631594657898,4
energy,valour,-1.1796875,-0.05359745770692825,4
engineer,managerial,2.390625,-0.007936932146549225,4
entertainment,lodging,2.7568359375,0.21274054050445557,4
entertainment,music,-0.54296875,-0.5605223178863525,4
entertainment,profit,0.12744140625,2.135511875152588,4
equality,freedom,0.181884765625,-0.6302273869514465,4
ermine,scarlet,-0.78057861328125,-0.41317033767700195,4
evade,evade,0.0,0.03686651960015297,4
everyday,simple,-0.3349609375,0.18640339374542236,4
exclusive,significant,0.515716552734375,0.43989670276641846,4
exits,returns,-0.796600341796875,-0.5307716131210327,4
experience,observation,-2.937744140625,-0.5654508471488953,4
experience,responsibility,0.82763671875,0.8266825079917908,4
experiments,observations,2.19580078125,-0.35077500343322754,4
fagged,flustered,1.337158203125,-0.10942692309617996,4
fair,frank,-0.513671875,1.3794960975646973,4
fair,legible,4.03125,1.4437768459320068,4
fair,peaceful,2.67230224609375,0.9594029188156128,4
fair,prosperous,1.9454612731933594,1.4978970289230347,4
fair,pure,-0.9033203125,-1.7878464460372925,4
fair,still,0.423828125,1.2967618703842163,4
farms,houses,-3.525634765625,-0.4272685647010803,4
faster,faster,0.0,0.03686651960015297,4
fatiguing,long,-3.3720703125,-3.5397942066192627,4
feverish,ill,1.12451171875,-0.11721671372652054,4
fevers,malarias,3.71875,-0.840171754360199,4
film,film,0.0,0.03686651960015297,4
film,music,-0.875,0.8363621830940247,4
finches,larks,3.3876953125,0.35636642575263977,4
fire,lead,-0.9375,2.6535048484802246,4
fire,load,2.240234375,1.7690659761428833,4
fire,tools,-0.833984375,-1.7117469310760498,4
fixedly,long,1.052734375,-3.726811170578003,4
flags,music,0.12060546875,0.161976158618927,4
flash,loud,-0.626953125,-0.826290488243103,4
fleecy,thin,-0.3232421875,-1.241426706314087,4
fleecy,white,-4.208984375,-2.170546770095825,4
fly,fly,0.0,0.03686651960015297,4
foreign,international,0.9140625,-0.40129736065864563,4
foreign,tanned,-1.79052734375,-0.38498932123184204,4
foreign,ukrainian,1.77099609375,-0.7681026458740234,4
forgives,relents,-0.3310546875,1.092084527015686,4
frank,independent,-0.6995849609375,-0.4169423282146454,4
frank,offensive,-6.5771484375,0.7047855854034424,4
frank,open,0.740234375,0.33191782236099243,4
freedoms,rights,-3.96142578125,0.2463611364364624,4
french,irish,-0.7109375,-0.7486810684204102,4
french,music,3.0859375,-0.21315282583236694,4
freshman,sophomore,0.48260498046875,-0.1279071569442749,4
friend,playfellow,-2.2060546875,0.13092613220214844,4
furs,implements,-0.614501953125,1.3548682928085327,4
fuss,squeal,1.072509765625,-0.8224719166755676,4
fuss,stamp,3.119140625,0.4134540259838104,4
gaping,muttering,2.41705322265625,1.0891667604446411,4
general,maddened,4.337890625,1.5131206512451172,4
general,technical,-0.3624267578125,0.8074127435684204,4
generations,generations,0.0,0.03686651960015297,4
ghastly,long,-3.2086181640625,-2.0187644958496094,4
ghastly,unending,0.031494140625,2.2323548793792725,4
godless,violent,2.10302734375,0.787835955619812,4
grandma,grandpa,5.5341796875,0.09678151458501816,4
guerilla,independent,1.6142578125,-0.3389386534690857,4
gutturally,loudly,-4.01953125,-1.0881853103637695,4
hammering,hammering,0.0,0.03686651960015297,4
hazelnut,raspberry,-0.083740234375,0.9546651840209961,4
healthy,long,-4.203125,-0.7929019927978516,4
healthy,obedient,1.8665771484375,1.5871199369430542,4
healthy,open,4.40234375,0.31533682346343994,4
healthy,prosperous,1.7238616943359375,1.337339162826538,4
healthy,pure,-4.6904296875,-1.467821478843689,4
heart,joints,-1.63134765625,1.1189500093460083,4
heart,renal,1.296875,3.9511311054229736,4
heartfelt,traditional,0.9404296875,-0.34943079948425293,4
heartily,long,2.282782554626465,-2.024470806121826,4
hearty,loud,-3.45556640625,-2.0210041999816895,4
hearty,loving,0.513671875,-0.5616105794906616,4
hedonism,utilitarianism,-3.1683349609375,-0.504671037197113,4
helmsman,operator,-0.43701171875,-0.041639238595962524,4
hoot,howl,1.474609375,1.2309750318527222,4
hop,squeal,0.029052734375,-0.9008208513259888,4
hopelessly,vaguely,1.140848159790039,0.43479716777801514,4
hops,jumps,-1.85882568359375,-1.2159843444824219,4
horns,strings,0.870361328125,0.8270068764686584,4
hoss,hoss,0.0,0.03686651960015297,4
houses,houses,0.0,0.03686651960015297,4
houses,shops,4.046875,0.06475142389535904,4
houses,stores,4.626953125,0.6977278590202332,4
howl,howl,0.0,0.03686651960015297,4
husk,sawdust,-3.215087890625,-1.2645717859268188,4
ill,weary,-4.15234375,-2.122868061065674,4
ill,white,-1.1650390625,-1.258180856704712,4
implements,tools,-0.3240966796875,-1.918566346168518,4
incongruity,likeness,1.5958099365234375,1.3400756120681763,4
independent,savage,-2.064453125,-0.7348488569259644,4
independent,sovereign,-1.806640625,0.25015509128570557,4
independent,wealthy,8.548370361328125,0.8185375332832336,4
indoors,out,1.452056884765625,0.9125311970710754,4
infallible,sovereign,-6.55364990234375,-0.8143619298934937,4
innovation,technology,1.4179534912109375,-0.34007152915000916,4
inquiring,thoughtful,-4.6669921875,-1.0069810152053833,4
inquiry,observation,-1.2394561767578125,-0.8286125063896179,4
insulting,violent,-3.4754638671875,-0.7660447359085083,4
intricate,long,-0.58056640625,-3.18796968460083,4
involuntary,voluntary,-2.37835693359375,-0.2593991756439209,4
irish,nigerian,-1.789306640625,1.444658875465393,4
jewels,money,-0.27978515625,-1.1260608434677124,4
jib,jigger,-2.1767578125,0.27950599789619446,4
joking,smiling,-1.7001953125,-0.07866097241640091,4
journalists,officials,1.69573974609375,0.5079096555709839,4
joyous,loud,-3.453777313232422,-0.6480221152305603,4
joyous,smiling,-4.2105712890625,0.1375797986984253,4
keen,peaceful,-4.656494140625,0.02357202023267746,4
keener,keener,0.0,0.03686651960015297,4
knowing,knowing,0.0,0.03686651960015297,4
labor,money,-1.7255859375,-1.5372363328933716,4
lasting,long,-2.630859375,-4.612544536590576,4
laughs,looks,1.2841796875,-0.08023498207330704,4
laughs,yells,1.82421875,0.15918835997581482,4
lavender,white,-1.5672760009765625,-1.9271066188812256,4
lessons,work,4.5390625,0.4172424077987671,4
limping,lisping,-0.85662841796875,0.0482037290930748,4
lived,struggled,0.54302978515625,1.2664594650268555,4
lived,worked,3.623046875,1.4433320760726929,4
lives,looks,-0.703125,2.3341143131256104,4
lives,money,-2.4404296875,0.016754083335399628,4
lives,work,-1.556640625,0.31543928384780884,4
lives,works,1.970703125,1.8948676586151123,4
logical,simple,-0.421875,1.0323957204818726,4
logs,stumps,0.8270263671875,0.38579612970352173,4
lone,long,-0.34765625,-2.120544672012329,4
long,long,0.0,0.03686651960015297,4
long,loud,0.28125,0.6556028127670288,4
long,loudly,0.255859375,0.24321657419204712,4
long,loving,1.48828125,2.108757734298706,4
long,lucidly,5.46875,3.58251690864563,4
long,narrow,1.66015625,0.6584938168525696,4
long,passionately,0.37579345703125,1.880238652229309,4
long,peaceful,-2.16455078125,1.6922730207443237,4
long,pointed,1.0634765625,2.2292983531951904,4
long,prosperous,4.8166961669921875,2.391538619995117,4
long,significant,3.348724365234375,3.1503663063049316,4
long,simple,3.080078125,1.848997950553894,4
long,sinewy,1.22314453125,2.6959259510040283,4
long,slinking,3.01666259765625,1.587838053703308,4
long,softly,-1.43359375,0.007513783872127533,4
long,storied,6.02734375,1.9738329648971558,4
long,thin,3.2041015625,0.3897636830806732,4
long,thoughtfully,3.94482421875,3.0143585205078125,4
long,untrimmed,0.37371826171875,1.9161009788513184,4
long,varied,4.546630859375,2.108729600906372,4
long,violent,3.5,2.2036640644073486,4
long,wearisome,3.181640625,2.7835781574249268,4
long,weary,2.6015625,2.5077741146087646,4
long,white,-1.1416015625,0.398667573928833,4
looks,moves,0.73828125,-0.8636939525604248,4
looks,works,-0.84765625,-0.10524410754442215,4
loud,repetitive,4.224609375,3.9365785121917725,4
loud,rowdy,-1.50732421875,0.700196385383606,4
loud,sudden,0.923828125,1.739141583442688,4
loud,throaty,2.135986328125,1.9914289712905884,4
loud,unnatural,9.6824951171875,1.292345404624939,4
loud,violent,5.373046875,1.9913341999053955,4
loving,pure,-1.6533203125,-2.9099552631378174,4
loving,simple,-5.318359375,-1.3590506315231323,4
lutes,tambourines,0.658935546875,1.5543432235717773,4
machinery,textiles,-3.494384765625,-0.2104700207710266,4
machines,technology,1.83984375,0.9725934863090515,4
machines,tools,-0.1611328125,-0.7063791751861572,4
madder,madder,0.0,0.03686651960015297,4
mangrove,passionfruit,-2.4833984375,1.4879990816116333,4
marathons,ultramarathons,0.6357421875,0.2813248634338379,4
medical,scientific,1.392578125,0.6631383895874023,4
medical,social,2.6484375,0.7294563055038452,4
medical,technical,1.16033935546875,0.2166462242603302,4
meditation,prayer,-1.84814453125,-1.470260739326477,4
merchants,workmen,-0.12610816955566406,-0.8766518831253052,4
midwest,southeastern,4.663120269775391,-0.2545863389968872,4
mobile,social,0.50390625,-0.5807480216026306,4
money,production,0.578125,-0.5779353380203247,4
money,records,0.3515625,0.11027482897043228,4
money,spices,4.58203125,0.29814741015434265,4
money,travelcards,0.2744140625,1.3111937046051025,4
monsoonal,tropical,-4.65673828125,0.5114756226539612,4
morose,unfriendly,0.895751953125,2.199171543121338,4
mounted,stuffed,2.0669326782226562,-0.3113149404525757,4
moves,uplifts,0.918701171875,0.008598007261753082,4
music,music,0.0,0.03686651960015297,4
music,philosophy,-1.29833984375,-0.5342882871627808,4
music,records,1.142578125,0.21793675422668457,4
music,rhetorics,1.5885009765625,1.100454568862915,4
music,static,-0.228515625,-0.2571609616279602,4
music,table,-6.185546875,-0.9694609642028809,4
music,work,0.958984375,0.950000524520874,4
musically,philosophically,11.71612548828125,0.679648220539093,4
muttering,sobbing,-5.103691101074219,-0.21000808477401733,4
narrow,rakish,0.126953125,1.0370216369628906,4
narrow,triangular,-0.11236572265625,1.5953835248947144,4
neck,neck,0.0,0.03686651960015297,4
neighbors,travelers,1.6225700378417969,0.6058204174041748,4
nephews,nieces,-0.203857421875,0.7741070985794067,4
observation,theory,-0.37225341796875,0.18987375497817993,4
offspring,parents,-5.494781494140625,-3.091132879257202,4
onward,out,-4.0693359375,-1.5644280910491943,4
open,open,0.0,0.03686651960015297,4
open,violent,9.58203125,1.0140897035598755,4
opening,shutting,3.36328125,0.09203176945447922,4
optimists,toppers,-2.609375,-2.314709186553955,4
oral,written,1.03125,0.04624413698911667,4
orders,returns,2.326171875,0.06997741013765335,4
out,out,0.0,0.03686651960015297,4
parents,visitor,4.583251953125,-0.07141632586717606,4
passionately,strangely,0.5439453125,-0.29937314987182617,4
peaceful,prosperous,4.13623046875,0.4670027494430542,4
peaceful,smiling,-1.8408203125,-0.13858044147491455,4
peaceful,still,3.692138671875,0.36354464292526245,4
peaceful,unopposed,2.71044921875,1.9710932970046997,4
perfect,poofy,-1.28125,-1.2314207553863525,4
perfect,pure,0.611328125,-2.400759220123291,4
perfect,unbroken,4.372047424316406,-0.07410896569490433,4
pertly,promptly,-0.533203125,0.1735314130783081,4
philosophy,theology,-3.51123046875,-0.48279106616973877,4
piano,violin,0.589111328125,1.1894100904464722,4
pike,spear,3.40234375,0.8364699482917786,4
plans,preparations,1.468017578125,0.5866719484329224,4
plaprer,plaprer,0.0,0.03686651960015297,4
pointed,terse,0.203125,0.5084850788116455,4
practise,practise,0.0,0.03686651960015297,4
prayer,thanksgiving,2.27349853515625,1.9458211660385132,4
prayer,worship,1.77325439453125,1.655165672302246,4
prettier,prettier,0.0,0.03686651960015297,4
production,technical,5.837158203125,1.0380245447158813,4
production,transportation,0.9443359375,0.21232450008392334,4
project,technical,-1.84478759765625,-0.8186467289924622,4
projectors,televisions,1.2431640625,0.59535151720047,4
punishment,rewards,-1.193359375,1.149993896484375,4
pure,simple,1.841796875,0.5421484708786011,4
pure,sober,-0.7734375,1.7714556455612183,4
pure,solid,-0.33984375,0.7403314709663391,4
pure,white,1.2900390625,-0.12782222032546997,4
queerer,queerer,0.0,0.03686651960015297,4
quivering,white,-0.62005615234375,-2.4627325534820557,4
rascals,shepherds,-1.7983551025390625,-0.21300920844078064,4
raved,stormed,-1.0459671020507812,-1.635615587234497,4
reading,studying,-0.291015625,-0.4127312898635864,4
reports,rumors,-2.3404541015625,0.08859168738126755,4
responsibility,work,0.744140625,-0.015806682407855988,4
restaurants,shops,-2.1305809020996094,-0.3447231650352478,4
rice,tallow,-0.1875,1.2100846767425537,4
ring,stacker,-1.32586669921875,-1.8522692918777466,4
romantic,villainous,2.06781005859375,0.4971200227737427,4
rope,textiles,2.09375,-0.06914711743593216,4
salvage,vandalizing,-2.80078125,-0.3792458176612854,4
satin,spotted,5.24261474609375,1.1476773023605347,4
savage,treacherous,0.311737060546875,1.3347218036651611,4
scarlet,white,0.11669921875,-2.5307514667510986,4
scholarly,sober,1.438720703125,0.9045863747596741,4
scientific,technical,-0.9541015625,-0.006422027945518494,4
seals,walruses,-1.1328125,0.011921845376491547,4
seasonal,tropical,-4.60498046875,-0.5190073251724243,4
sensitive,temperamental,1.101806640625,-0.30857759714126587,4
settlement,transportation,2.958984375,-0.22152921557426453,4
shaven,spotted,-0.460784912109375,-0.08749038726091385,4
significant,varied,0.8690185546875,1.046052098274231,4
simple,slight,2.96484375,-0.08022133260965347,4
simple,touching,3.3984375,0.6361474394798279,4
sleek,thoughtful,-1.748046875,0.6418080925941467,4
slight,thin,0.0400390625,0.04479452222585678,4
smiling,unhurried,0.8291015625,1.2194733619689941,4
sober,thoughtful,1.3232421875,-1.801946997642517,4
social,technical,1.385986328125,0.8852983117103577,4
social,traditional,-0.154296875,0.545242190361023,4
social,youth,-2.64208984375,-1.3676871061325073,4
softly,stealthily,3.47314453125,1.0173290967941284,4
solid,still,2.923828125,0.5862122774124146,4
solid,unbroken,0.11773681640625,0.40913859009742737,4
starched,white,1.119140625,-3.6210415363311768,4
still,thoughtful,1.304931640625,-1.8134018182754517,4
still,void,-1.525390625,-0.955696165561676,4
still,white,1.30078125,-3.4705231189727783,4
stores,warehouses,0.561981201171875,1.4417566061019897,4
stout,weatherly,3.521484375,1.0186028480529785,4
strings,violin,-1.3310546875,0.24505650997161865,4
struggled,struggled,0.0,0.03686651960015297,4
stumps,walls,-1.67431640625,-1.0518269538879395,4
sudden,tremendous,2.28485107421875,1.385843276977539,4
sudden,unnatural,9.899505615234375,-0.9146636724472046,4
sudden,violent,4.90234375,1.2569025754928589,4
swaying,swaying,0.0,0.03686651960015297,4
swaying,whirling,-0.3680877685546875,-0.9627498984336853,4
table,table,0.0,0.03686651960015297,4
thin,white,2.29248046875,-0.6672675013542175,4
tickling,touching,0.71875,0.7251785397529602,4
treacherous,vile,0.94873046875,0.5101989507675171,4
treacherous,villainous,3.0868759155273438,0.037914976477622986,4
treacherous,wicked,-1.759033203125,-0.8581023812294006,4
turned,turned,0.0,0.03686651960015297,4
unafraid,unashamed,0.11279296875,-1.4176992177963257,4
unfriendly,unnatural,-0.60748291015625,-0.9787229299545288,4
ungoverned,violent,-0.9515380859375,0.11889383941888809,4
unkind,wicked,-2.75,-2.2962229251861572,4
unshaved,unwashed,-1.5009765625,-1.5104951858520508,4
vindictive,violent,0.49609375,-0.19649487733840942,4
wanted,wanted,0.0,0.03686651960015297,4
warfare,work,-0.395355224609375,-1.3653606176376343,4
wickeder,wickeder,0.0,0.03686651960015297,4
work,work,0.0,0.03686651960015297,4
worked,worked,0.0,0.03686651960015297,4
worst,worst,0.0,0.03686651960015297,4
abject,dejected,0.18359375,-1.4482959508895874,5
acceptive,efficient,0.7587890625,0.8589521050453186,5
aches,pains,-3.080078125,-0.47801703214645386,5
acting,performing,0.227783203125,0.782615065574646,5
adapt,survive,0.1083984375,-2.0556297302246094,5
addition,deletions,-6.94140625,-1.2231380939483643,5
advice,assistance,1.15765380859375,0.19960841536521912,5
advice,injunctions,3.842529296875,0.47416210174560547,5
advice,training,0.458984375,0.4626067280769348,5
affordable,cheap,-0.11767578125,-2.534395217895508,5
aft,knelt,2.8974609375,1.6674574613571167,5
agitated,shocked,2.3699874877929688,-1.410259485244751,5
agnostic,liberal,-0.5692138671875,1.162024974822998,5
ahing,umming,0.244140625,-0.7501253485679626,5
alien,strange,-0.0234375,-1.3371273279190063,5
alternatively,secondarily,3.8720703125,-0.8066977262496948,5
anecdotes,gossip,-5.7991943359375,0.29918885231018066,5
anklets,bracelets,-1.14666748046875,-0.1724981665611267,5
anklets,wristlets,1.21484375,0.31649333238601685,5
annoying,childish,-4.8759765625,-1.5127507448196411,5
annoying,strange,-5.602294921875,-1.970107913017273,5
anticipation,intercourse,2.2232666015625,-0.18906044960021973,5
apartments,cars,-1.7421875,-1.4561257362365723,5
apologizing,crying,-4.1533203125,-1.6074342727661133,5
appreciation,gratitude,-1.78369140625,-0.2165134847164154,5
appropriately,directly,0.130859375,-0.04863482713699341,5
arepas,cachapas,0.15234375,0.030079346150159836,5
argued,argued,0.0,0.10555287450551987,5
arrested,injured,4.990234375,-0.7602030038833618,5
arrested,punished,2.3245849609375,0.44552916288375854,5
arrested,shot,2.625,-0.03531824052333832,5
arrested,tortured,4.346427917480469,-0.07850661128759384,5
articles,books,-2.180440902709961,-1.201298713684082,5
articles,interviews,-5.2073211669921875,0.6904822587966919,5
asleep,quieted,4.318359375,0.6046881675720215,5
asleep,snoring,4.3544921875,2.6781206130981445,5
assistant,doorkeeper,0.140625,-0.06064034253358841,5
astonishment,fright,-0.297088623046875,0.5391930937767029,5
astonishment,incredulity,2.1090087890625,0.5435238480567932,5
astrophysical,geophysical,1.115631103515625,0.08335091173648834,5
attractive,instructive,0.64300537109375,0.481454461812973,5
attractive,interesting,-2.171478271484375,0.20541512966156006,5
attractive,proven,0.5313720703125,2.7673754692077637,5
attractive,serviceable,-2.0816650390625,-0.09565804153680801,5
attractive,unique,-1.2670097351074219,-0.0583345964550972,5
attractive,viable,-1.6048583984375,0.2305373251438141,5
awe,reverence,-3.37548828125,2.0104453563690186,5
awful,profound,-1.4306640625,0.618272066116333,5
awful,strange,-8.193359375,-1.0598841905593872,5
awkwardly,heavily,-2.282978057861328,0.33313673734664917,5
balmy,mild,-0.509765625,-2.4988179206848145,5
banquets,cheers,-1.305908203125,-0.07208461314439774,5
barbarians,pirates,-0.96630859375,-0.6740105152130127,5
bargains,coffins,-1.76611328125,-0.1217140331864357,5
basketball,tennis,-1.943359375,-0.592050313949585,5
beardless,handsome,2.14453125,-0.47424548864364624,5
behavioural,cognitive,0.459686279296875,0.19718557596206665,5
behavioural,mental,-2.568878173828125,-0.20552870631217957,5
best,best,0.0,0.10555287450551987,5
best,darlingest,-0.408203125,0.9572573900222778,5
best,noblest,1.55908203125,0.36086365580558777,5
best,quickest,-0.7734375,-0.3633594512939453,5
best,smartest,-1.05938720703125,-0.6357183456420898,5
best,soundest,6.22265625,-0.039920344948768616,5
biological,historical,2.2852783203125,0.3601546585559845,5
blunt,rough,-1.103515625,-1.6286839246749878,5
boastful,cheating,-0.8271484375,-0.5804842114448547,5
boisterous,rude,1.043182373046875,-0.8926364183425903,5
bollards,cars,-4.30859375,-3.160191774368286,5
books,happenings,5.4775390625,1.6348179578781128,5
books,letters,0.228515625,0.5226870775222778,5
books,movies,-1.556640625,0.7366464138031006,5
books,pamphlets,1.04595947265625,1.1261276006698608,5
books,postage,2.357421875,1.1786807775497437,5
books,studies,1.765625,0.43625718355178833,5
books,theater,1.140625,2.109151840209961,5
bosses,budgets,-0.04052734375,-0.4369267225265503,5
bosses,enemies,1.800048828125,-0.3746986985206604,5
boulders,rocks,-0.153564453125,-0.5812943577766418,5
bounds,training,0.89453125,-0.5164109468460083,5
bowling,tennis,-0.8408203125,0.3030742406845093,5
boyish,free,0.5009765625,-0.5710861682891846,5
breathless,panting,-0.10509490966796875,0.9761877655982971,5
brighter,brighter,0.0,0.10555287450551987,5
brighter,content,0.5302734375,1.0309646129608154,5
brighter,merrier,1.3359375,0.716109037399292,5
british,iraqi,-1.365325927734375,-0.7911175489425659,5
british,scottish,2.853515625,-0.32431909441947937,5
british,spanish,1.515625,1.0191785097122192,5
british,yank,1.970703125,1.6595169305801392,5
broad,eclectic,-1.7998046875,1.5537256002426147,5
broad,glittering,2.89190673828125,1.7681859731674194,5
broad,handcuffed,0.8267822265625,2.8064794540405273,5
broad,leathery,-0.42376708984375,0.9202483892440796,5
broad,level,3.0546875,1.4715081453323364,5
broadcasting,journalism,-3.2548828125,-1.4695169925689697,5
broke,rotten,-5.13525390625,-1.8119207620620728,5
bugs,fleas,2.87353515625,0.44282540678977966,5
bumps,tracks,0.53515625,-0.3382093906402588,5
calls,letters,0.00390625,-1.2415839433670044,5
cans,forks,-1.291015625,-1.0738810300827026,5
capacities,powers,0.8056640625,-0.4069424271583557,5
capital,financial,1.45703125,-0.13517165184020996,5
capital,government,-5.71484375,-1.022239089012146,5
carotenoids,chlorophyll,5.1767578125,2.319988250732422,5
carpets,rugs,1.6380615234375,-1.0924533605575562,5
cars,hats,2.5419921875,0.5440645217895508,5
cars,lorries,2.6845703125,3.1647164821624756,5
casual,playful,2.619140625,0.3877810537815094,5
cat,dog,1.025390625,-1.2344510555267334,5
cat,puppy,4.14453125,-1.1844148635864258,5
catch,tame,0.564453125,0.47007086873054504,5
catch,toss,0.111328125,-1.3872359991073608,5
caverns,rocks,-2.8623046875,-0.4181423783302307,5
caverns,tunnels,-0.071807861328125,-0.09763143211603165,5
cedar,yew,3.711181640625,1.174667477607727,5
cereals,toast,0.50390625,-0.650137186050415,5
cereals,tobacco,-0.404052734375,1.2256139516830444,5
change,decay,1.7861328125,-0.5730037689208984,5
changes,changes,0.0,0.10555287450551987,5
character,comic,3.14453125,-0.2468092441558838,5
character,form,1.013671875,0.6218803524971008,5
characteristic,interesting,4.873046875,-0.33714979887008667,5
characteristic,unique,-1.6606225967407227,-0.24082714319229126,5
characters,letters,-0.7763671875,-0.19168105721473694,5
characters,movies,1.056640625,-0.6254497170448303,5
chattering,laughter,4.130859375,-0.42507296800613403,5
cheap,nice,-2.662109375,-0.5789796113967896,5
cheap,plentiful,0.584228515625,1.073539137840271,5
cheerfully,pleasantly,-3.071533203125,-1.0861928462982178,5
cheerfully,regularly,-4.44525146484375,-0.48097890615463257,5
cheers,laughter,0.458984375,-0.31533750891685486,5
cheers,merriment,3.31427001953125,1.2660375833511353,5
chemically,physically,-0.1619873046875,0.03928469493985176,5
chivalry,courtesy,-1.226318359375,-1.0418106317520142,5
chivalry,right,7.36572265625,-1.2790086269378662,5
christian,faithful,-0.4140625,0.2684019207954407,5
city,metropolitan,7.4366455078125,1.5762813091278076,5
clapping,laughter,-4.80078125,-2.0121476650238037,5
clean,nice,-8.1953125,-1.1059097051620483,5
clean,painted,0.5546875,1.3984683752059937,5
clean,roomy,0.26708984375,0.501433253288269,5
clean,shaved,-0.42578125,0.4425189793109894,5
clean,trig,-1.349609375,3.0862510204315186,5
cliff,ray,-1.29296875,0.6133478879928589,5
clothe,make,0.519775390625,1.7016993761062622,5
coaches,lorries,-2.9658203125,0.3709653913974762,5
coal,peat,2.18359375,1.2385952472686768,5
coal,salt,0.2216796875,-0.17154091596603394,5
colloquially,officially,-1.06683349609375,1.0850945711135864,5
colour,form,1.724609375,0.4246586263179779,5
colour,movement,-0.1220703125,-0.2708100378513336,5
colour,scent,0.568359375,1.4496185779571533,5
colours,sizes,3.052734375,-0.2768023610115051,5
communications,media,-1.7265625,-0.2515660226345062,5
communications,training,1.140625,0.2914654016494751,5
compact,graceful,3.04052734375,-2.0084195137023926,5
compass,rule,-1.35546875,-1.2946232557296753,5
complacence,sense,-2.49609375,-0.3066800534725189,5
complete,unabridged,0.0693359375,-0.2472018003463745,5
components,systems,1.978240966796875,0.7032574415206909,5
conflicts,dramas,1.740478515625,0.04986902326345444,5
connected,conscious,-2.46484375,-2.3820033073425293,5
conscientious,reliable,0.408233642578125,0.24500682950019836,5
consistency,endurance,-0.107177734375,-1.0438326597213745,5
constellations,stars,-1.3585205078125,-1.418878436088562,5
constraint,distrust,-3.71875,1.1161218881607056,5
content,gratitude,-1.673583984375,-1.7457422018051147,5
content,peace,-4.220703125,-3.4535980224609375,5
content,romance,-0.96240234375,-2.808566093444824,5
contentious,inefficient,1.07965087890625,0.12372362613677979,5
cooked,cooked,0.0,0.10555287450551987,5
corporeal,spiritual,1.6004638671875,0.2939012944698334,5
corridors,tunnels,-0.901519775390625,-1.0824228525161743,5
cotton,groundnut,2.8857421875,1.8886116743087769,5
cotton,tobacco,0.87091064453125,1.182917594909668,5
countries,nations,-2.822265625,-0.29964709281921387,5
countries,others,-1.962890625,0.694333553314209,5
courtesy,reverence,-3.6806640625,1.2500394582748413,5
courtesy,sense,-3.25885009765625,-1.0071196556091309,5
craggy,handsome,-0.9619140625,-0.5132888555526733,5
crinkly,nice,-5.2880859375,-1.1494296789169312,5
crowed,prattled,-2.8090667724609375,1.564477562904358,5
cruising,crying,1.779296875,-0.557624340057373,5
crying,crying,0.0,0.10555287450551987,5
crying,kissing,-0.063812255859375,0.25686538219451904,5
crying,pleading,1.93359375,0.8602502346038818,5
crying,scared,-0.5625,-0.8886355757713318,5
curiouser,curiouser,0.0,0.10555287450551987,5
cut,foin,-4.029296875,-2.745346784591675,5
cutest,sexiest,1.1015625,-2.8081932067871094,5
damaging,widespread,-0.9142303466796875,-1.0135669708251953,5
day,twilight,1.4436225891113281,-0.24383407831192017,5
debris,rocks,-2.8701171875,-1.408768653869629,5
decay,renewal,-0.36083984375,-0.14768245816230774,5
defenses,equipment,0.829345703125,-0.22344166040420532,5
defensive,difficult,1.24072265625,-0.07230476289987564,5
defensive,militant,-0.8076171875,-1.2082537412643433,5
defined,used,-0.230224609375,-0.3485304117202759,5
dejected,distressed,-0.073333740234375,-1.1487882137298584,5
dejected,inconsolable,1.5631103515625,-0.12121372669935226,5
dejected,sore,-7.47119140625,-1.61431086063385,5
difficult,rough,-2.3974609375,-3.02670955657959,5
dignified,remarkable,2.9114990234375,-0.6062309741973877,5
dignified,solemn,7.6279296875,-0.39218682050704956,5
disbanded,scattered,0.6723785400390625,-0.7599116563796997,5
disconcerted,glum,-0.92242431640625,-2.0095176696777344,5
disputing,quarrelling,-1.090576171875,-1.6408480405807495,5
dissipated,free,-1.009765625,-1.0482218265533447,5
distant,strange,1.466796875,-2.0934090614318848,5
distracted,lawless,-5.5771484375,-1.8355430364608765,5
distressing,humiliating,-2.353302001953125,-0.1533581018447876,5
diverse,liberal,-1.42755126953125,0.12686380743980408,5
diverse,vibrant,-1.508056640625,-0.307420015335083,5
dog,man,0.09765625,1.3388808965682983,5
dog,master,-1.62109375,1.9132462739944458,5
done,done,0.0,0.10555287450551987,5
done,opened,0.376953125,-1.185989260673523,5
done,over,-1.7265625,-1.5709084272384644,5
done,said,3.2060546875,-0.05554267764091492,5
done,seen,-3.3701171875,-1.812345266342163,5
doze,dream,2.181640625,0.9927209615707397,5
dramas,movies,0.951171875,-0.09889035671949387,5
drawn,painted,-0.2265625,-0.04348284751176834,5
drill,training,-1.330078125,0.5506070852279663,5
driving,driving,0.0,0.10555287450551987,5
driving,steroids,-1.435302734375,-1.0447429418563843,5
drowned,shot,-0.4293212890625,-0.699984073638916,5
durable,viable,1.24267578125,0.18047213554382324,5
east,middle,-0.98828125,1.2044532299041748,5
ecclesiastic,moral,-0.123779296875,0.5123101472854614,5
eerie,ominous,-0.529541015625,-1.3867100477218628,5
efficient,reliable,3.6619873046875,0.07482918351888657,5
eggs,flour,-0.502197265625,1.5149683952331543,5
eggs,game,0.775390625,1.4437960386276245,5
eggs,toast,1.9375,1.2243231534957886,5
eigenvalues,eigenvectors,3.3327484130859375,0.36326083540916443,5
elbow,scream,-0.80078125,1.6686899662017822,5
elegant,graceful,4.140277862548828,0.2506329417228699,5
elsewhere,here,2.7542724609375,-2.2281761169433594,5
emaciation,weakness,4.148193359375,-1.5318413972854614,5
emerged,proliferated,5.0753173828125,0.9285951256752014,5
empowerment,engagement,-1.6171112060546875,0.22374284267425537,5
entreating,menacing,-3.5048828125,-1.4979389905929565,5
equipment,toy,-2.8515625,0.5162428617477417,5
equipment,training,-0.17578125,0.3237999975681305,5
ethology,sociobiology,0.767333984375,-1.3104437589645386,5
even,nice,-11.7392578125,-7.040395736694336,5
even,odd,0.37109375,-5.070525169372559,5
exhaustion,hunger,-1.5616455078125,-1.8828696012496948,5
exposure,hunger,-3.20465087890625,-0.023125238716602325,5
expressly,purely,-1.197265625,-1.0583246946334839,5
fainter,fainter,0.0,0.10555287450551987,5
faithful,spiritual,-0.2041015625,0.9056128263473511,5
faithful,trusty,4.724609375,1.560409665107727,5
familiar,nice,-5.9140625,-1.4283400774002075,5
feces,urine,2.76953125,1.6550828218460083,5
fictional,historical,0.69189453125,-0.25739169120788574,5
filtered,zoned,-3.4853515625,-0.8495332598686218,5
financial,governmental,1.2890625,1.0512478351593018,5
financial,moral,2.0419921875,1.4334596395492554,5
fishermen,millers,2.087158203125,0.8137097358703613,5
fishermen,pirates,0.1712646484375,-0.5445186495780945,5
fitted,painted,-0.560546875,-1.221220850944519,5
flour,mincemeat,2.451171875,-0.8232375979423523,5
forcible,racy,0.4375,-1.7103999853134155,5
form,line,-3.23046875,-1.0342234373092651,5
form,survive,2.416015625,-1.7532597780227661,5
fragile,rude,-4.3896484375,-0.42547547817230225,5
frantic,scattered,-0.6738128662109375,0.9936715960502625,5
free,free,0.0,0.10555287450551987,5
free,scattered,0.546875,0.8723185062408447,5
free,spontaneous,-0.9772186279296875,0.784332275390625,5
fright,weakness,2.66357421875,0.6568654775619507,5
frogs,rabbits,1.2167205810546875,0.7545876502990723,5
funeral,save,4.3359375,2.9453089237213135,5
gambling,spending,4.196197509765625,3.2371926307678223,5
game,pot,3.09375,0.717656135559082,5
gamesters,runners,-0.00797271728515625,-0.18517962098121643,5
gasp,kissing,0.290771484375,0.6931260824203491,5
gasp,scream,0.240234375,0.32926326990127563,5
gasp,stare,-0.267578125,0.03726907819509506,5
gayety,laughter,-2.88671875,-0.8423210382461548,5
gayety,merriment,-0.6146697998046875,0.8819777965545654,5
gayety,mirth,-0.3359375,-0.38368871808052063,5
gently,immediately,-1.79248046875,1.1142120361328125,5
gently,nice,-0.84375,0.6935220956802368,5
glans,prepuce,1.974609375,2.3682100772857666,5
glum,solemn,-0.904296875,-0.5720547437667847,5
gods,others,1.83203125,2.7760391235351562,5
government,medicine,1.0439453125,-0.8122450113296509,5
government,opposition,-0.7113800048828125,0.9706164002418518,5
government,rule,2.455078125,0.6467291116714478,5
graceful,unique,-1.7315921783447266,-0.2983894944190979,5
grew,grew,0.0,0.10555287450551987,5
grocers,millers,3.7628173828125,-0.4813600778579712,5
grotesque,satire,1.5078125,1.2634621858596802,5
grotesque,strange,3.1695556640625,0.0074507370591163635,5
grunted,squealed,-2.0593857765197754,-0.0931011214852333,5
hairy,rough,-0.7510986328125,0.06891336292028427,5
hand,hand,0.0,0.10555287450551987,5
handsome,soldierly,-2.8203125,1.854366660118103,5
handsome,taller,-6.618408203125,0.892859935760498,5
harder,harder,0.0,0.10555287450551987,5
harder,thicker,0.6611328125,0.02192986011505127,5
hardships,heroism,-1.13037109375,-0.525770902633667,5
harmful,strange,-2.44921875,-2.1290440559387207,5
hats,robes,1.13134765625,0.22004738450050354,5
heathen,remote,-0.0698699951171875,1.9190925359725952,5
helicopters,paratroopers,-1.789215087890625,0.349630206823349,5
here,here,0.0,0.10555287450551987,5
here,hereafter,-0.369140625,-0.19909000396728516,5
historical,spiritual,0.62530517578125,0.45653513073921204,5
homo,porno,4.068359375,1.9757568836212158,5
hooks,rods,2.1806640625,-0.16009095311164856,5
hospitable,interesting,2.513774871826172,-0.24525758624076843,5
hospitalised,injured,-0.583984375,-0.35058873891830444,5
hours,hours,0.0,0.10555287450551987,5
hub,spoke,0.0859375,1.5455156564712524,5
ice,rocks,-5.3291015625,-0.24867260456085205,5
illuminated,spiritual,-3.30438232421875,-0.8834336996078491,5
imaging,optical,3.1123046875,-0.914039134979248,5
impulsive,rude,1.016510009765625,0.10495620220899582,5
incident,romance,-2.20391845703125,-0.9562405347824097,5
indented,numbered,-0.034149169921875,1.4527324438095093,5
indistinguishable,strange,-4.375701904296875,-2.5569863319396973,5
initial,initial,0.0,0.10555287450551987,5
injunctions,messages,-3.2149658203125,-0.5087807774543762,5
injured,shot,-1.81640625,0.9444385170936584,5
injured,woeful,1.66015625,-0.9267982244491577,5
insolent,rebellious,-6.1064453125,-0.04549809545278549,5
inspiring,profound,-2.80517578125,-0.007065244019031525,5
instantaneously,unseen,8.2762451171875,1.4872552156448364,5
instructive,interesting,-5.1827850341796875,-0.927058219909668,5
instructive,moral,0.2633056640625,-1.3624989986419678,5
intercourse,training,-0.10596466064453125,-0.9221503138542175,5
interesting,quaint,-3.4482421875,0.41792452335357666,5
interesting,remarkable,3.255126953125,0.4723235070705414,5
interesting,strange,-0.97265625,-0.6230223178863525,5
interesting,surprising,0.51373291015625,0.04063987359404564,5
interesting,unique,0.4793281555175781,-0.21175643801689148,5
invaders,pirates,1.69586181640625,-1.4585036039352417,5
jests,laughter,-1.0517578125,-0.8701189756393433,5
kicked,kicked,0.0,0.10555287450551987,5
kids,mortgages,-0.4375,0.4444829523563385,5
kids,starving,-2.82269287109375,0.8789598941802979,5
kids,teen,4.7294921875,1.8602832555770874,5
ladder,man,1.203125,0.7194560170173645,5
laugh,laugh,0.0,0.10555287450551987,5
laugh,scream,-1.046875,0.33835867047309875,5
laughter,merriment,-1.0231475830078125,1.7913373708724976,5
laughter,noise,-2.97265625,0.5037270784378052,5
laughter,peace,-5.26171875,0.003987066447734833,5
lawless,rough,-2.20166015625,-1.3135782480239868,5
lawless,uncontrolled,3.27740478515625,0.5566932559013367,5
letters,messages,4.6107177734375,1.9613392353057861,5
letters,presents,-0.537109375,0.02487499639391899,5
letters,scrolls,-1.620361328125,0.36618104577064514,5
lime,salt,-2.2080078125,-0.3517789840698242,5
linen,silver,1.478515625,-0.2521459460258484,5
looting,vandalism,-1.78485107421875,-1.208314061164856,5
lorries,said,4.184326171875,3.4220633506774902,5
lumber,timbers,-2.71875,-1.0632671117782593,5
luxury,privilege,1.97119140625,0.07289578765630722,5
luxury,refinement,2.8614501953125,0.3574414849281311,5
machine,man,-2.3828125,-0.2682662010192871,5
magnesium,potassium,-0.50872802734375,-0.04238209128379822,5
man,man,0.0,0.10555287450551987,5
man,master,-0.94140625,0.6040928363800049,5
man,prey,0.8154296875,2.057164192199707,5
manned,trained,0.673828125,0.2328103482723236,5
marked,numbered,4.580078125,0.08909918367862701,5
master,missis,-1.634765625,-0.4999927282333374,5
mates,prey,1.66015625,2.0171620845794678,5
matured,mellowed,2.55224609375,0.14060774445533752,5
medicine,treatment,1.51171875,1.4041714668273926,5
medicine,treatments,4.544921875,1.956436276435852,5
meek,mild,1.478515625,-0.5364457964897156,5
mental,moral,1.8756103515625,0.214284747838974,5
mental,spiritual,0.222412109375,0.2530887722969055,5
merriment,mirth,-0.7186279296875,-1.6179544925689697,5
merriment,noise,0.2470703125,-3.345196008682251,5
messages,sightings,-0.20306396484375,0.08585675060749054,5
mild,nice,-5.96630859375,-0.5111594796180725,5
mild,windless,-3.724609375,1.0715135335922241,5
milked,sugared,1.2939453125,0.35008615255355835,5
mirth,peace,-1.66015625,-0.39588475227355957,5
mistrustful,uncanny,0.10809326171875,-1.3011215925216675,5
moist,nice,-5.93798828125,-2.1864490509033203,5
molluscs,vertebrates,1.369384765625,0.6395251750946045,5
moons,moons,0.0,0.10555287450551987,5
moons,suns,-0.7490234375,-0.8345834016799927,5
moral,spiritual,4.943359375,0.5641399621963501,5
mothers,teachers,-1.530792236328125,0.07956849783658981,5
mothers,toddlers,0.2642822265625,-0.6948277950286865,5
movement,noise,-0.498046875,-1.284049153327942,5
movies,opera,-0.408203125,-0.24197494983673096,5
movies,theater,0.15625,1.3366280794143677,5
movies,tv,3.685546875,0.15768113732337952,5
moving,up,-6.904296875,-2.551924705505371,5
moving,wound,-8.404296875,-0.8577567934989929,5
nations,tribes,-1.19580078125,-0.8201003670692444,5
near,nice,-5.208984375,-1.232753872871399,5
near,remote,-0.6107330322265625,2.005567789077759,5
next,next,0.0,0.10555287450551987,5
nice,relaxed,4.402557373046875,1.8137714862823486,5
nice,roasted,6.052734375,1.2102311849594116,5
nice,snug,4.419921875,2.6875147819519043,5
nice,spooky,2.699615478515625,0.6840704679489136,5
nice,unselfish,3.4285736083984375,0.8151865601539612,5
noise,unintelligible,3.172016143798828,1.3983224630355835,5
nurses,nurses,0.0,0.10555287450551987,5
nurses,orderlies,1.048583984375,0.5610100626945496,5
nurses,teachers,-1.4228515625,-1.369444489479065,5
oblations,prayers,0.41107177734375,-1.2016818523406982,5
odd,spooky,0.330078125,0.25559210777282715,5
odd,unique,-0.8620147705078125,0.6634337306022644,5
older,older,0.0,0.10555287450551987,5
older,taller,1.10546875,0.8917534351348877,5
older,tougher,0.376708984375,1.4659807682037354,5
older,wiser,3.4765625,1.5150936841964722,5
ominous,threatened,-0.8734588623046875,0.7780107259750366,5
others,volunteers,-4.1795654296875,-0.8986166715621948,5
outdated,rough,1.0009765625,-2.6032967567443848,5
outfit,wagons,-3.25244140625,-0.29081857204437256,5
outgunned,outnumbered,0.7692031860351562,1.331555724143982,5
outposts,patrols,0.397918701171875,-0.12731653451919556,5
over,over,0.0,0.10555287450551987,5
over,up,-3.02734375,-1.5270555019378662,5
paratroopers,peasants,-1.32373046875,-1.202734112739563,5
paused,said,9.3583984375,2.4192562103271484,5
peace,purity,-0.97705078125,1.2514969110488892,5
peace,relaxation,5.37158203125,2.324275255203247,5
pearl,silver,-0.571044921875,0.029428087174892426,5
peep,see,3.506591796875,1.7134922742843628,5
penalties,prizes,0.047149658203125,-0.12144076079130173,5
penner,skupin,-0.267578125,-0.82933509349823,5
penultimate,thirteenth,4.1422929763793945,-1.5409969091415405,5
permanent,substantial,-1.5498046875,0.1141524687409401,5
permanent,suitable,-1.3264312744140625,0.4138277769088745,5
ph,temperature,-6.05859375,-4.235184669494629,5
picturesque,quaint,2.92138671875,1.4181841611862183,5
picturesque,sleepy,0.669921875,1.1689257621765137,5
pillage,tribute,0.8532257080078125,2.78450608253479,5
pirates,pirates,0.0,0.10555287450551987,5
pirates,smugglers,-0.4296875,1.0354065895080566,5
pirates,wenches,0.47265625,1.1744918823242188,5
plantation,slabes,0.32861328125,0.5836554765701294,5
plate,spoon,1.953125,-0.5727917551994324,5
pot,spoon,0.798828125,-0.04680038243532181,5
potassium,sodium,0.9436416625976562,-0.019232220947742462,5
powers,principalities,-1.494140625,1.4830421209335327,5
presence,putrification,-5.39404296875,0.835966944694519,5
pressure,temperature,-1.884765625,-0.6071369647979736,5
previous,subsequent,1.13671875,-1.7065011262893677,5
profound,remarkable,-2.2569580078125,0.034772008657455444,5
profound,resolved,5.30816650390625,2.1429595947265625,5
profound,surprising,-0.576446533203125,-0.7277476787567139,5
pronounce,spell,2.044189453125,-1.2661241292953491,5
queue,unique,3.49761962890625,1.1277283430099487,5
rabbits,rodents,-0.25928497314453125,0.3729060888290405,5
ragged,tawdry,0.01336669921875,-0.4105544686317444,5
raped,tortured,1.89996337890625,-0.10294904559850693,5
reels,rods,-1.0009765625,-0.941004753112793,5
registered,verified,1.2223596572875977,-0.09051977843046188,5
rehabilitation,treatment,-0.957489013671875,-1.252947449684143,5
reliable,supervised,-2.9423828125,-0.3224294185638428,5
reliable,trusty,2.6898345947265625,0.35714849829673767,5
remarkable,strange,-4.84912109375,-2.779430389404297,5
remarkable,unique,1.4371042251586914,-1.4730647802352905,5
resorts,villages,-0.812255859375,-1.5929014682769775,5
revolting,strange,-4.8720703125,-2.2062931060791016,5
rocks,wilds,2.4091796875,0.3557858467102051,5
rocks,woods,-1.359375,-1.001507043838501,5
romance,satire,1.90606689453125,0.1567572057247162,5
rough,rude,3.568359375,1.0673003196716309,5
safer,supervised,0.33447265625,-0.6119827032089233,5
said,saluted,0.3253173828125,0.46426182985305786,5
salt,vinegar,3.02734375,1.1372960805892944,5
scared,scream,12.4140625,0.729766845703125,5
scared,shy,-2.501953125,-0.7123336791992188,5
scared,strange,-2.1396484375,-0.5844454765319824,5
see,touch,0.1982421875,-0.08467183262109756,5
seen,seen,0.0,0.10555287450551987,5
seen,understood,2.6953125,0.4110910892486572,5
shy,strange,2.12890625,0.588848352432251,5
smaller,smaller,0.0,0.10555287450551987,5
smaller,thicker,1.5078125,1.7901555299758911,5
sorrier,wiser,3.34130859375,-0.03574641793966293,5
speak,swim,-6.48828125,-2.9494385719299316,5
special,unique,0.317657470703125,-1.4630481004714966,5
special,urgent,1.115234375,0.8930404782295227,5
spectacular,unique,0.345123291015625,-0.25121209025382996,5
spicy,strange,-0.15625,-1.5274661779403687,5
spiritual,temporal,1.723876953125,1.5501197576522827,5
squealed,squealed,0.0,0.10555287450551987,5
stable,unique,-0.38379478454589844,0.061881326138973236,5
stare,stop,-4.115234375,-0.8252174854278564,5
stouter,stouter,0.0,0.10555287450551987,5
strengthened,strengthened,0.0,0.10555287450551987,5
stretch,stretch,0.0,0.10555287450551987,5
subtlety,timing,0.708984375,-0.36319276690483093,5
swim,swim,0.0,0.10555287450551987,5
taboos,totems,-0.2425537109375,0.3256305158138275,5
taller,taller,0.0,0.10555287450551987,5
taught,used,0.05029296875,1.2182739973068237,5
ten,twoscore,-3.087890625,-2.8005316257476807,5
thicker,thicker,0.0,0.10555287450551987,5
through,through,0.0,0.10555287450551987,5
togs,whatnot,6.56640625,3.965224027633667,5
toy,toy,0.0,0.10555287450551987,5
trained,trusty,3.17578125,-0.10075656324625015,5
tribes,tribes,0.0,0.10555287450551987,5
turbid,zaburlit,5.52734375,-0.9328442811965942,5
unmoved,unobtrusive,1.08154296875,-0.4833073019981384,5
up,up,0.0,0.10555287450551987,5
valk,valk,0.0,0.10555287450551987,5
value,value,0.0,0.10555287450551987,5
waited,waited,0.0,0.10555287450551987,5
walks,walks,0.0,0.10555287450551987,5
wept,wept,0.0,0.10555287450551987,5
whales,whaling,-0.495849609375,-0.5866442918777466,5
whistle,whittle,-0.720703125,0.1678643822669983,5
wigwagging,woodcraft,-2.2474365234375,-0.23254787921905518,5
wilds,woods,-3.181640625,-0.49844443798065186,5
yet,yet,0.0,0.10555287450551987,5
accomplished,amiable,-1.47454833984375,-0.6767509579658508,6
accurate,strong,0.72119140625,-3.2428576946258545,6
action,adventure,-2.119140625,-1.0282529592514038,6
action,evolution,-1.5361328125,1.2694458961486816,6
action,excitement,1.126953125,-1.5137288570404053,6
action,grace,2.4306640625,-0.951429545879364,6
active,curious,4.810546875,-1.62730073928833,6
active,strong,-2.431640625,-1.984235167503357,6
activities,gestures,1.6781005859375,0.7192540764808655,6
added,new,-8.23046875,-2.5121583938598633,6
adventure,excitement,-1.541015625,-0.41054806113243103,6
adventure,poetry,0.12353515625,0.5430535674095154,6
adventure,sport,-0.2841796875,0.5143988132476807,6
adventure,voyage,0.70654296875,1.7494151592254639,6
aerodromes,radar,1.20263671875,0.29369816184043884,6
agriculture,crafts,5.043575286865234,-0.8507811427116394,6
agriculture,forestry,5.058052062988281,1.075704574584961,6
agriculture,gardening,1.7708313465118408,-0.23731602728366852,6
agriculture,hunting,3.6050262451171875,-0.436503529548645,6
ai,nao,2.0087890625,0.8405579328536987,6
alarm,excitement,-5.044921875,-1.4816949367523193,6
alarm,perplexity,-1.8107385635375977,-0.14255370199680328,6
alarm,triumph,-4.262939453125,0.9725378155708313,6
alcoholics,homosexuals,5.063728332519531,0.11430172622203827,6
alone,far,2.9453125,1.4772584438323975,6
alone,unobserved,1.1669921875,3.269315004348755,6
ambition,conquest,2.47216796875,-0.4345189332962036,6
ambition,opulence,-1.018280029296875,-1.485236406326294,6
ambition,vainglory,-1.781982421875,-0.6821483969688416,6
ammeters,voltmeters,-5.8682861328125,0.2034553736448288,6
amusement,diversion,1.0888519287109375,0.23831398785114288,6
amusement,excitement,-0.5337982177734375,-1.1006362438201904,6
anger,excitement,-0.1943359375,0.08461521565914154,6
anger,hatred,-0.20914459228515625,2.3590545654296875,6
anger,hostility,2.30029296875,1.2763502597808838,6
anger,humiliation,-2.83038330078125,1.6516058444976807,6
anger,jealousy,1.063995361328125,1.555273413658142,6
anger,trouble,0.798828125,0.4477485418319702,6
angry,anxious,2.080078125,0.8645980954170227,6
angry,bewildered,-0.283935546875,0.2179243415594101,6
angry,dark,-4.4873046875,-3.065680980682373,6
angry,frightened,1.806640625,-0.853468120098114,6
angry,grim,-2.03125,-0.8483684659004211,6
angry,grudging,2.0682373046875,1.404687523841858,6
angry,insubordinate,1.9735107421875,0.811835765838623,6
angry,mean,8.953125,4.848066806793213,6
angry,pale,-4.087890625,-2.0463645458221436,6
angry,shrill,-7.4970703125,-0.40671446919441223,6
angry,suspicious,-1.915771484375,0.5392705798149109,6
angry,upset,-0.18359375,1.4883826971054077,6
annual,maximum,-0.1002197265625,-1.0975925922393799,6
antidepressants,cholesterol,-0.384765625,0.6479239463806152,6
antiques,artwork,3.5625,0.3693685531616211,6
anxious,eager,6.789794921875,1.3218199014663696,6
anxious,frightened,-0.390625,-0.06490567326545715,6
anxious,pale,-5.1357421875,-2.08016300201416,6
anxious,shuddering,-4.557373046875,0.09534907341003418,6
aristocracy,feudalism,-2.9607086181640625,0.004104536026716232,6
artillery,guns,-5.532958984375,-1.6380010843276978,6
artillery,motorization,1.7505130767822266,-0.12240932881832123,6
artillery,troops,-1.3635482788085938,-0.7869469523429871,6
arts,crafts,6.7308349609375,0.07816959917545319,6
arts,sciences,7.886554718017578,0.6917580962181091,6
arts,sports,2.228515625,1.14969801902771,6
artworks,objects,0.74609375,-0.45954450964927673,6
attention,care,-3.712890625,-1.6486455202102661,6
attention,eyes,-3.677734375,-0.7991799116134644,6
attention,zeal,-2.0390625,-0.6837486624717712,6
autocrat,emperor,-5.904296875,-0.35699009895324707,6
automobiles,clothes,-0.1639251708984375,-0.44922763109207153,6
baby,daddy,-0.4921875,0.4023755192756653,6
baby,father,-1.48046875,-1.4084769487380981,6
baby,louise,-4.3328857421875,-0.7701735496520996,6
badass,big,-3.955078125,-1.5424357652664185,6
balls,pegs,-1.083984375,0.136815145611763,6
baritone,clarinet,-3.9730224609375,-1.1846007108688354,6
barks,ships,-2.16015625,-0.24160994589328766,6
barley,rye,-1.7734375,-0.23442195355892181,6
barred,locked,-2.9375,1.0881277322769165,6
basket,loaf,3.412109375,0.5638008713722229,6
basket,scissors,-0.9863624572753906,0.21503658592700958,6
battered,dilapidated,2.7027587890625,1.8218820095062256,6
believe,think,0.09765625,-0.2073477953672409,6
believed,hiding,-4.03515625,-0.774597704410553,6
bewildered,confused,-1.9918670654296875,0.28467607498168945,6
bewildered,dismayed,2.8796119689941406,1.0365161895751953,6
bewildered,frightened,-0.9378662109375,-0.7185245752334595,6
big,curious,5.34375,1.2371965646743774,6
big,dark,3.0166015625,1.2759382724761963,6
big,direct,-0.234375,1.7364788055419922,6
big,high,1.173828125,2.453045606613159,6
big,important,8.82421875,2.2428383827209473,6
big,mellow,0.1162109375,3.796213388442993,6
big,new,0.09228515625,1.589372158050537,6
big,round,4.09326171875,3.3674750328063965,6
big,strong,4.3662109375,0.23632462322711945,6
big,successful,-0.0390625,1.2745869159698486,6
big,wonderful,2.50390625,0.2922133505344391,6
biggerer,clumsier,-3.021484375,-0.9087352156639099,6
bigotry,intolerance,1.04443359375,0.8897257447242737,6
biscuit,tea,-6.611083984375,-0.19604390859603882,6
blaze,curl,2.795501708984375,-0.533733606338501,6
bleak,raw,0.373046875,2.835432529449463,6
blood,darkness,-0.7109375,0.7010496258735657,6
blood,filth,-0.53240966796875,-0.3873923122882843,6
blood,fluid,0.3330078125,1.3078417778015137,6
blood,grease,-0.0146484375,0.4122624695301056,6
blood,soil,7.146484375,1.3927462100982666,6
bloodless,pale,-5.5615234375,-0.8212502598762512,6
boating,riding,1.6767578125,0.6563680768013,6
bold,cautious,1.775390625,1.777756929397583,6
bold,new,-2.966796875,1.5269628763198853,6
bold,round,1.376953125,1.1132677793502808,6
bold,successful,-0.55474853515625,0.42907947301864624,6
bolt,eat,-0.88427734375,2.833549737930298,6
bonds,stocks,3.1044921875,-1.0415520668029785,6
brake,marsh,-2.62109375,0.451005756855011,6
bravest,strongest,1.420745849609375,0.10152927041053772,6
brawny,strong,-2.09716796875,-0.963417649269104,6
brilliancy,dash,-1.0753173828125,-0.4364401698112488,6
brother,father,0.91015625,0.4368952214717865,6
brother,slept,-8.787109375,1.7923327684402466,6
brushwood,rock,1.19580078125,0.6610289216041565,6
buckets,ladders,-0.1712493896484375,0.5210110545158386,6
bundles,wraps,1.905517578125,0.026783544570207596,6
burning,slaying,0.58837890625,0.40067553520202637,6
busier,busier,0.0,-0.11257924139499664,6
buying,going,-1.8359375,-0.6888056397438049,6
cabbage,carrot,0.294677734375,-0.7320266366004944,6
campaign,political,2.65625,1.787477970123291,6
cancer,depression,-1.09912109375,0.9569182991981506,6
capable,strong,-3.9990234375,-2.0499730110168457,6
capitalism,feudalism,3.072998046875,0.4690908193588257,6
captured,shown,2.181640625,3.343280792236328,6
carbon,iron,-1.73046875,-0.9642054438591003,6
carbon,nitrogen,-2.421722412109375,-0.6329460740089417,6
carded,cleaned,-1.1397705078125,0.033638570457696915,6
care,cleanliness,-2.30621337890625,-1.1735155582427979,6
care,harm,-0.47265625,1.1246144771575928,6
care,mind,7.2421875,1.0988245010375977,6
castles,cities,-2.814453125,-0.5017817616462708,6
castles,fortresses,-2.331298828125,-0.24654056131839752,6
centuries,centuries,0.0,-0.11257924139499664,6
cf,kf,1.537109375,0.6527813076972961,6
chains,darkness,-1.98828125,-0.35115545988082886,6
chains,locks,-1.259521484375,0.08934833109378815,6
chains,mobiles,-2.41748046875,-0.34247106313705444,6
champagne,flowers,-0.911346435546875,-2.228710889816284,6
changing,working,2.85546875,1.3280221223831177,6
chatted,chatted,0.0,-0.11257924139499664,6
cheered,shouted,0.38653564453125,-0.3107239603996277,6
chintz,silk,-2.55914306640625,-1.300855278968811,6
chocolate,tea,-0.935546875,0.38470062613487244,6
cities,municipalities,-0.16748046875,0.4229818284511566,6
cities,streets,-0.673828125,-0.22075136005878448,6
classic,formal,-1.76318359375,1.311840534210205,6
clatters,dinging,-0.470703125,-0.45427119731903076,6
clatters,rings,1.36962890625,-0.1833677440881729,6
cleaned,dripped,1.96337890625,0.4254228472709656,6
cleaned,restored,-0.176025390625,2.173548460006714,6
climatology,meteorology,3.866668701171875,-0.029779475182294846,6
clock,rubber,-0.919921875,-1.791988730430603,6
close,dark,-1.0908203125,-1.9987210035324097,6
close,grasping,3.510009765625,0.2128349393606186,6
close,monitoring,4.8626708984375,-0.4716290831565857,6
close,swift,-1.345703125,-1.256522297859192,6
close,tight,0.814453125,-2.1746437549591064,6
clothes,eyes,-1.5849609375,-0.37936872243881226,6
clothes,gardens,0.22408676147460938,0.37459561228752136,6
clothes,mind,-3.3681640625,0.2532237768173218,6
clothes,shopping,-0.986328125,1.3617444038391113,6
coals,iron,0.06640625,1.2892000675201416,6
colorful,dark,0.2802734375,-0.8451818227767944,6
colorful,unusual,2.348388671875,0.2560555636882782,6
coming,coming,0.0,-0.11257924139499664,6
coming,falling,1.5234375,1.5068928003311157,6
coming,going,2.69140625,1.8109362125396729,6
compassion,help,-3.653564453125,-0.8555856347084045,6
compete,fight,-0.8599853515625,-0.6566072106361389,6
complexity,evolution,3.810546875,0.41576284170150757,6
confident,strong,-0.896484375,-1.7149792909622192,6
confused,detected,1.679168701171875,1.5956788063049316,6
confused,frightened,0.005859375,-0.502160906791687,6
confused,upset,-0.033203125,1.5987223386764526,6
conquest,triumph,0.723876953125,-0.23148225247859955,6
consular,passport,2.380859375,1.0347298383712769,6
contempt,contempt,0.0,-0.11257924139499664,6
contempt,hatred,0.392822265625,-1.2148983478546143,6
contributors,supporters,-0.9129228591918945,-0.6824718117713928,6
conviction,trial,-1.814453125,-1.2338823080062866,6
cook,eat,-1.11328125,-0.20792223513126373,6
costume,makeup,-0.35205078125,1.9120396375656128,6
cowboys,frontiersmen,1.120391845703125,-0.022714857012033463,6
crafts,industries,-0.09631919860839844,0.9230806827545166,6
cranberry,turkey,-3.37890625,-0.9279952049255371,6
creased,stained,0.56640625,-0.3674677312374115,6
criminalised,persecuted,0.292724609375,0.4356687068939209,6
crossly,pettishly,-0.397705078125,0.08111916482448578,6
crustaceans,insects,-2.1141357421875,-0.24673454463481903,6
cumin,pepper,-2.5078125,-1.142709493637085,6
curious,new,-1.435546875,0.22924824059009552,6
curious,strong,0.177734375,-0.503875732421875,6
curious,wonderful,1.142578125,-0.23983392119407654,6
daddy,mummy,-4.6279296875,-1.282507300376892,6
dark,dense,-0.619140625,0.17473244667053223,6
dark,dreary,0.922454833984375,2.0476303100585938,6
dark,fearful,4.7384033203125,2.93937349319458,6
dark,high,-3.193359375,0.8459979891777039,6
dark,melancholy,1.038299560546875,0.9634129405021667,6
dark,secret,-0.5703125,2.6563432216644287,6
dark,starlight,0.7705078125,1.7387166023254395,6
dark,swollen,-3.7201156616210938,0.28350818157196045,6
dark,tangled,1.785247802734375,2.80723237991333,6
dark,twisted,4.885498046875,4.270622730255127,6
dark,ugly,1.1953125,0.7984519600868225,6
dark,unforgiving,5.548828125,5.77721643447876,6
dark,unshaven,1.814453125,3.931135654449463,6
darker,darker,0.0,-0.11257924139499664,6
darker,denser,1.1337890625,0.7023462653160095,6
darkness,disappearance,1.0,0.8477974534034729,6
darkness,silence,-2.23828125,0.8822975158691406,6
darkness,solitude,-1.6943359375,1.7029435634613037,6
darter,madame,2.69140625,2.380176305770874,6
dash,enthusiasm,-2.3294830322265625,-1.9960072040557861,6
decades,decades,0.0,-0.11257924139499664,6
decayed,inexpensive,0.82122802734375,0.33285027742385864,6
degree,removal,2.91162109375,0.5504308342933655,6
delicate,lazy,-0.428314208984375,0.2965651750564575,6
delicate,pale,-0.979248046875,-0.5470712184906006,6
delicate,slender,0.0142822265625,0.6883813142776489,6
delightedly,largely,-3.87890625,0.04157077893614769,6
democratic,political,-3.98828125,-0.48335546255111694,6
dense,frequent,1.207275390625,0.7290331125259399,6
dense,massive,-1.6298828125,1.2026488780975342,6
denser,denser,0.0,-0.11257924139499664,6
depression,humiliation,0.7388916015625,0.7729804515838623,6
desertion,silence,0.796875,-1.8255088329315186,6
detected,exposed,1.3768310546875,0.6797158718109131,6
detected,pursued,1.1588287353515625,0.012606065720319748,6
devastating,massive,-5.4285888671875,-1.9923962354660034,6
devastating,tragic,-0.32220458984375,-1.5489885807037354,6
dialect,vernacular,0.9172592163085938,0.10991652309894562,6
dice,slice,0.654296875,-0.2308284193277359,6
diligent,responsible,1.486572265625,1.3011884689331055,6
direct,interactive,2.1884765625,-0.43704113364219666,6
direct,strong,-5.32421875,-2.4715819358825684,6
direct,write,-5.30859375,-1.9150768518447876,6
disciples,friends,-1.02978515625,-1.0599849224090576,6
disciples,interpreter,-2.8623046875,0.4254438877105713,6
disgrace,humiliation,-1.6921310424804688,0.23831428587436676,6
disgusting,gross,2.62939453125,0.6605637669563293,6
disgusting,impetuous,7.42041015625,0.8026791214942932,6
dismayed,pale,-6.3841552734375,-3.171159267425537,6
disobedient,unruly,3.7664794921875,-0.31290268898010254,6
disposition,sale,-7.304931640625,-0.5386720895767212,6
disposition,trial,-1.458740234375,-1.5266896486282349,6
disrespectful,insubordinate,5.73345947265625,-0.3232036828994751,6
disrespectful,untamed,-2.9912109375,-0.4282621741294861,6
dissident,political,1.9775390625,2.2374558448791504,6
doctors,priests,0.80078125,1.4094520807266235,6
dominican,haitian,0.363525390625,-0.6328909397125244,6
dousings,leaps,0.2900390625,-0.06234795227646828,6
downforce,traction,0.7734375,-0.8241775035858154,6
drowsy,languid,0.260986328125,0.13174928724765778,6
drywall,paint,0.580078125,-1.5284004211425781,6
dumfounded,quaking,-0.4892578125,-1.392106533050537,6
dunked,soaked,0.623046875,0.03815070167183876,6
dynastic,political,-1.12109375,1.5360467433929443,6
eager,rapt,4.35693359375,0.7596942782402039,6
eager,shrill,-1.642578125,0.04586830362677574,6
eager,wondering,-0.5859375,1.212762713432312,6
earthly,heavenly,-3.12890625,0.40106576681137085,6
eastern,south,2.296875,1.491922378540039,6
eat,eat,0.0,-0.11257924139499664,6
eat,loaf,5.517578125,-0.6460524201393127,6
eat,rise,-3.306640625,-3.2846641540527344,6
eat,stay,-3.58984375,-1.3377017974853516,6
eaten,gathered,-1.205078125,1.1454520225524902,6
eaten,slept,2.07421875,0.5503020882606506,6
educational,entertaining,1.4879302978515625,-0.34485673904418945,6
educational,political,-0.869140625,0.43673592805862427,6
educational,religious,-2.01373291015625,-0.3218002915382385,6
efflorescences,encrustations,-0.6298828125,0.25435924530029297,6
elegance,grace,-0.5915069580078125,-0.859481155872345,6
emperor,king,-1.73828125,0.7478722333908081,6
empires,leaders,2.3759765625,-0.8657439947128296,6
entertaining,new,-9.152862548828125,-0.8026427626609802,6
enthusiasm,excitement,-1.76318359375,-0.8664893507957458,6
enthusiasm,pep,3.6115341186523438,0.22585685551166534,6
enthusiasm,triumph,-3.7898082733154297,0.1522669792175293,6
entirely,fully,-2.015625,0.35439521074295044,6
entirely,thoroughly,-1.75390625,-1.7275078296661377,6
eternal,strong,0.81280517578125,-2.767530918121338,6
eventful,harassing,-2.103515625,-0.8989678621292114,6
eventful,new,-4.8470458984375,-1.3197591304779053,6
excitement,exertion,1.173095703125,0.9741912484169006,6
excitement,triumph,0.2940673828125,0.6609532237052917,6
excitement,trouble,0.61328125,0.2660645842552185,6
executive,regulatory,4.0888671875,1.710913062095642,6
extensive,new,-4.17431640625,-0.39257627725601196,6
extensive,strong,0.087890625,-2.1885721683502197,6
extent,speed,0.939453125,-0.7444425225257874,6
faggots,straw,0.5537109375,-0.7884382009506226,6
falling,flying,-0.5,-1.3394804000854492,6
false,groundless,1.765625,-0.5717555284500122,6
false,wrong,0.513671875,-0.22337110340595245,6
far,far,0.0,-0.11257924139499664,6
far,high,-0.5234375,-0.7821261882781982,6
far,unused,0.5390625,1.7871768474578857,6
farder,farder,0.0,-0.11257924139499664,6
farmer,wife,2.6640625,-1.8181205987930298,6
father,father,0.0,-0.11257924139499664,6
father,grandmother,0.482421875,0.31927064061164856,6
father,jm,-0.94140625,1.2269806861877441,6
father,son,2.986328125,0.4070262014865875,6
fearful,unknown,-1.5634765625,-0.5145811438560486,6
fearful,wonderful,-0.259765625,-1.696492075920105,6
fifth,smallest,-2.175048828125,0.5495923161506653,6
fight,hunt,-0.91015625,-1.0304293632507324,6
fight,overcome,3.349609375,0.8408294320106506,6
fight,stand,-2.451171875,-2.077410936355591,6
fight,stay,-3.8203125,-1.428585171699524,6
fight,wait,-0.447265625,-2.7231557369232178,6
fighting,hunting,-0.4296875,-2.213057041168213,6
fighting,watching,-1.5546875,-1.9274969100952148,6
fighting,working,-0.7919921875,-0.1256982833147049,6
fills,fills,0.0,-0.11257924139499664,6
find,seek,1.56640625,-0.7733340859413147,6
fish,hunt,-0.296875,1.1221939325332642,6
fish,insects,1.1826171875,0.7933326363563538,6
fish,loaves,0.59375,-0.2340615838766098,6
fish,plant,-0.197265625,2.5034613609313965,6
fish,squid,6.39306640625,1.8879817724227905,6
fish,vegetables,2.0537109375,-0.43852001428604126,6
flamingoes,mustard,2.68359375,0.5433786511421204,6
flatly,instantly,2.53515625,0.36842381954193115,6
flew,flew,0.0,-0.11257924139499664,6
flew,fluttered,-3.3572998046875,-0.41339975595474243,6
flexible,flexuous,-1.90651535987854,-0.603653073310852,6
flexible,slender,0.08984375,-0.06469185650348663,6
flowers,gardens,-0.6729297637939453,0.027393411844968796,6
flowers,insects,2.8065185546875,0.3165157437324524,6
flowers,streamers,1.3740234375,0.7699289917945862,6
flowers,vegetables,1.94219970703125,-0.1994156390428543,6
flowers,wines,0.265625,-0.23588715493679047,6
fluttered,fluttered,0.0,-0.11257924139499664,6
fonder,fonder,0.0,-0.11257924139499664,6
fox,geese,1.73583984375,-0.42240211367607117,6
frequent,prolonged,4.51995849609375,0.7630472779273987,6
friends,lovers,2.82763671875,0.39635169506073,6
friends,owners,2.6650390625,0.8005620241165161,6
frightened,pale,-1.439453125,-2.098416805267334,6
frightened,unmanageable,-0.28948974609375,2.1909449100494385,6
frightened,wondering,1.03515625,2.430725336074829,6
fruitful,important,3.03515625,1.2674169540405273,6
ganders,geese,0.265625,0.012598004192113876,6
gentleness,kindliness,1.2388916015625,-0.6336653828620911,6
gentleness,magnanimity,3.3979949951171875,0.18010197579860687,6
geocaching,letterboxing,2.7734375,-3.324138641357422,6
geography,religious,0.5625,1.059197187423706,6
gestures,sounds,-0.54541015625,-0.40390101075172424,6
gestures,swipes,0.5745849609375,-0.2941531836986542,6
gigglings,whisperings,0.84515380859375,0.7534742951393127,6
gladness,refreshment,2.1716384887695312,0.6547412276268005,6
going,going,0.0,-0.11257924139499664,6
going,motivated,-0.6571044921875,-0.5569018721580505,6
grace,majesty,-0.4765625,-0.17913082242012024,6
grace,swiftness,-0.921875,-0.23847776651382446,6
grace,truth,-2.28125,-0.273749977350235,6
grace,virulence,2.3828125,-0.021042291074991226,6
gratin,pasta,3.65625,-2.2158491611480713,6
gravity,silence,-1.0401611328125,0.41518232226371765,6
gravity,years,2.9609375,1.1673645973205566,6
grease,paint,1.169921875,-0.036819327622652054,6
greater,greater,0.0,-0.11257924139499664,6
greater,new,-1.37109375,1.0531237125396729,6
greater,stronger,1.673828125,-0.4035581350326538,6
greatest,strongest,2.6782989501953125,0.3875710368156433,6
grim,rocky,-5.0697021484375,1.1444765329360962,6
grim,tense,4.375,-0.35675838589668274,6
grim,ugly,5.447265625,-0.6341469287872314,6
grizzled,sparse,-1.65234375,0.5800522565841675,6
groaned,swayed,1.21136474609375,1.355844497680664,6
gross,wiggly,-0.7099609375,-1.9292765855789185,6
grumpy,religious,-0.36151123046875,-0.7413172125816345,6
guarded,locked,-0.625732421875,-0.7410838603973389,6
guarded,protective,2.0159912109375,0.6619693040847778,6
guarded,suspicious,0.785186767578125,-0.41481101512908936,6
guns,rockets,-0.166748046875,1.0017366409301758,6
guns,shades,1.6962890625,1.8178772926330566,6
guns,ships,2.447265625,1.3785866498947144,6
guns,sticks,-1.9609375,0.1742304414510727,6
halloaed,shouted,0.45703125,0.20074881613254547,6
hallucinations,paralysis,-2.7739334106445312,0.7122989892959595,6
hammers,iron,-2.720703125,0.41488373279571533,6
handy,new,-2.7626953125,-0.687400758266449,6
handy,strong,0.132080078125,-0.7105591893196106,6
harassed,pale,-3.716796875,-1.2894233465194702,6
harmonic,rhythmic,-1.986328125,1.4069244861602783,6
hateful,mean,0.111572265625,0.8526566624641418,6
hatred,jealousy,-2.4638671875,-0.15641868114471436,6
heir,son,0.4267578125,-0.32377302646636963,6
help,hold,0.45947265625,1.71181058883667,6
help,shelter,-1.541015625,-0.7006850242614746,6
help,stay,-4.84765625,0.083378866314888,6
hide,seek,9.361328125,0.4177355170249939,6
hiding,watching,-0.953125,0.6838797330856323,6
high,intermediate,-3.36505126953125,-0.5855073928833008,6
high,rocky,0.41796875,0.9626901745796204,6
high,shrill,4.9140625,0.5992950797080994,6
high,strong,-0.39453125,-0.009865809231996536,6
high,tight,0.919921875,0.6208859086036682,6
high,tower,1.375,-0.8257014751434326,6
hoarser,rougher,0.618896484375,0.5492786765098572,6
hockey,soccer,1.6441726684570312,0.04471917077898979,6
hold,pull,3.4375,-0.3489857017993927,6
honesty,truth,-0.572021484375,-0.4519590437412262,6
honeyeater,thornbill,2.37255859375,0.36253243684768677,6
hostility,intolerance,-1.4375,0.31710317730903625,6
house,trance,0.224609375,1.1150329113006592,6
howled,howled,0.0,-0.11257924139499664,6
howled,shouted,-4.44287109375,-0.6343264579772949,6
howled,whined,-2.8193359375,1.154736876487732,6
humans,pigs,1.796875,-1.2977991104125977,6
humans,spirits,0.17578125,-1.573395848274231,6
humiliation,rejection,2.25390625,-0.26111429929733276,6
hums,plays,2.8251953125,3.1262576580047607,6
hums,writes,2.8032379150390625,1.7880535125732422,6
hungrier,hungrier,0.0,-0.11257924139499664,6
hunt,sport,0.484375,0.3141351342201233,6
hunt,transform,1.5712890625,2.1068830490112305,6
images,sounds,2.5001220703125,1.6739449501037598,6
impertinent,troublesome,-5.17791748046875,0.6196873188018799,6
impertinent,ugly,-5.189697265625,-1.2928318977355957,6
import,sale,9.734375,0.02870870754122734,6
important,new,-7.7265625,-1.1795183420181274,6
important,unpleasant,2.0543899536132812,0.9170170426368713,6
impotent,indecisive,3.937744140625,-0.06328107416629791,6
independence,triumph,0.76171875,0.6526927947998047,6
industries,mines,1.1149296760559082,-0.4602079391479492,6
infertile,rocky,0.373046875,-1.1578588485717773,6
inflamed,swollen,-4.022430419921875,-0.8175197243690491,6
innocence,truth,-2.3626708984375,0.12279786169528961,6
instantly,neatly,1.9318180084228516,-0.006154615432024002,6
instrumental,religious,0.58154296875,-0.41098475456237793,6
invasions,troubles,3.398193359375,-1.1190844774246216,6
iron,rock,-1.1953125,0.8143225312232971,6
iron,vitamins,-0.80029296875,0.4864168167114258,6
ironic,tragic,0.424713134765625,-0.4032878875732422,6
iy,wonderful,-2.287261962890625,-3.541224956512451,6
jealousies,troubles,0.53125,-0.2869888246059418,6
judicial,legal,-1.1424560546875,0.27990061044692993,6
labour,plant,4.71484375,3.9342172145843506,6
lagged,lagged,0.0,-0.11257924139499664,6
lake,river,0.09765625,0.8441028594970703,6
languid,pale,-3.01806640625,-2.1362273693084717,6
lazy,somnolent,1.517578125,1.0429444313049316,6
legal,political,-2.04296875,0.2516292929649353,6
legal,regulatory,-0.39990234375,0.11820019781589508,6
legal,religious,3.12890625,-0.9441144466400146,6
ligaments,muscles,-2.453125,-0.17647410929203033,6
linguistic,religious,-0.68408203125,0.34193331003189087,6
lively,new,-2.7777099609375,0.4268943667411804,6
lively,tight,0.95648193359375,-1.9301121234893799,6
living,shop,1.837890625,-1.0339386463165283,6
living,working,-3.701171875,0.3070135712623596,6
locked,strong,-0.30078125,-0.9276149868965149,6
loyalty,truth,2.4052734375,0.19230546057224274,6
manipulated,tricked,-1.07476806640625,0.5891791582107544,6
materials,objects,-1.564849853515625,-0.6899524331092834,6
mayo,mustard,-1.08203125,-0.5285148024559021,6
meal,vegetables,-0.357177734375,0.527668297290802,6
mean,nasty,-6.4375,-2.681062936782837,6
mean,ugly,-3.4296875,0.8499835133552551,6
melodious,strong,-0.72802734375,-1.6245994567871094,6
merrily,swiftly,4.555419921875,0.2837570905685425,6
military,political,0.71875,1.1395264863967896,6
military,politics,-2.13671875,-1.8728392124176025,6
military,religious,-0.5625,-0.4705461263656616,6
military,space,3.677734375,-0.3869819939136505,6
mines,quarries,2.8876953125,0.6012442111968994,6
mines,torpedoes,-2.562042236328125,0.32473114132881165,6
months,months,0.0,-0.11257924139499664,6
months,years,-0.7568359375,-0.0319029726088047,6
mummy,mummy,0.0,-0.11257924139499664,6
murdered,skinned,-2.322265625,1.4411853551864624,6
narcissism,narcissism,0.0,-0.11257924139499664,6
nasty,ugly,-2.859375,-1.0958125591278076,6
nasty,unpleasant,1.1192855834960938,0.48101192712783813,6
national,political,0.998046875,-1.6346837282180786,6
national,regional,0.386474609375,0.38743385672569275,6
national,religious,0.634765625,-1.5949236154556274,6
neatly,swiftly,2.62518310546875,-0.35740190744400024,6
neoendemism,paleoendemism,-0.82061767578125,-0.21456949412822723,6
never,off,-6.45703125,-1.0051218271255493,6
new,pioneering,-0.984375,-0.9480584263801575,6
new,precious,5.34765625,1.4880428314208984,6
new,strong,4.54296875,-1.7973287105560303,6
new,successful,5.1015625,-0.21295882761478424,6
new,ugly,3.916015625,-1.028653621673584,6
new,unusual,3.57421875,-0.03961299732327461,6
new,wonderful,3.4765625,-0.8423121571540833,6
nobles,princes,-3.011474609375,-1.5078885555267334,6
nodded,swayed,-0.29803466796875,0.8990593552589417,6
north,south,1.998046875,0.1402827352285385,6
novelized,sung,-0.84375,0.19740082323551178,6
numbness,tingling,-0.36669921875,-0.8946590423583984,6
ober,ober,0.0,-0.11257924139499664,6
oppressive,unpleasant,0.617706298828125,0.7267040014266968,6
oracular,sacred,-3.564453125,0.7971563339233398,6
organization,rank,0.486328125,-0.25959891080856323,6
ounces,ounces,0.0,-0.11257924139499664,6
owl,raven,0.3642578125,1.862134337425232,6
packing,riding,1.90447998046875,0.8499063849449158,6
paint,paint,0.0,-0.11257924139499664,6
painting,poetry,0.4485931396484375,-0.4175339937210083,6
pale,sickly,3.1572265625,2.004485607147217,6
pale,veiny,0.982421875,2.723292350769043,6
pant,stand,-5.779296875,-3.3484113216400146,6
parliamentary,political,3.287109375,0.8946521878242493,6
parliamentary,presidential,3.826171875,-0.06062941625714302,6
passwords,usernames,-1.880859375,-0.042767394334077835,6
penniless,ugly,-5.2578125,-1.4988340139389038,6
perch,suckers,-2.5673828125,-1.7882354259490967,6
perplexity,trouble,0.5274467468261719,-0.39455974102020264,6
plant,sow,-0.4296875,-0.009652655571699142,6
plaques,tangles,-1.88671875,-0.14994291961193085,6
plasters,weights,0.680419921875,-0.19119124114513397,6
plates,spoons,1.7968673706054688,3.2413482666015625,6
plates,utensils,0.9108734130859375,3.0618996620178223,6
plays,poetry,-6.382049560546875,-1.7039296627044678,6
poetry,sports,-0.1870574951171875,0.23697705566883087,6
poetry,wit,4.201080322265625,-0.24650834500789642,6
poke,pull,-3.1943359375,0.9073948264122009,6
political,political,0.0,-0.11257924139499664,6
political,religious,-0.298828125,-1.337681770324707,6
pray,wait,-3.251953125,-1.8485429286956787,6
precious,round,-2.90234375,-2.514963150024414,6
pressors,volume,4.55859375,-0.2673497796058655,6
profitable,reasonable,-1.11181640625,-0.10343249142169952,6
prolonged,searching,-2.7592391967773438,-0.09769310057163239,6
pronunciation,tones,-1.1168746948242188,-1.0105773210525513,6
protective,strong,-0.748046875,-3.5929274559020996,6
prussian,russian,1.645111083984375,0.5168867707252502,6
publish,write,-0.8599166870117188,-0.9699763059616089,6
pumping,pumping,0.0,-0.11257924139499664,6
pushed,pushed,0.0,-0.11257924139499664,6
ranks,species,2.568603515625,1.5361080169677734,6
recharged,reused,3.208984375,0.872673749923706,6
reefed,stowed,2.4627761840820312,1.4691784381866455,6
refreshment,repose,-0.22412109375,-0.5803902745246887,6
regional,school,-2.71539306640625,-1.0933607816696167,6
religious,sports,-2.474609375,-0.8395655155181885,6
remarried,reneged,2.0924072265625,1.429596185684204,6
repose,shelter,-6.3857421875,-1.4894338846206665,6
rescue,search,-2.46875,-1.1850051879882812,6
resting,working,-0.7314453125,0.830778181552887,6
rhythmic,symmetrical,1.6930465698242188,0.2868150472640991,6
rings,sounds,-2.1357421875,0.8580784797668457,6
rise,spring,0.96875,1.4727003574371338,6
rites,symbolisms,0.359619140625,-0.9554352164268494,6
rock,soil,-0.3515625,0.6615040898323059,6
rock,thicket,2.36865234375,0.2193940430879593,6
rocky,tangled,2.862548828125,0.8759044408798218,6
rolls,rolls,0.0,-0.11257924139499664,6
rooms,rooms,0.0,-0.11257924139499664,6
round,round,0.0,-0.11257924139499664,6
round,strong,-3.017578125,-1.1600892543792725,6
rounder,rounder,0.0,-0.11257924139499664,6
rubber,wool,-2.15625,-0.7480948567390442,6
russian,swedish,-1.2454338073730469,-0.4232381582260132,6
russian,yiddish,1.1396484375,1.9016602039337158,6
sacred,secret,-2.19140625,1.2171263694763184,6
sagacity,wit,-1.123016357421875,-1.013634443283081,6
savages,unintelligent,1.8172607421875,1.8842092752456665,6
sea,shore,-5.07421875,-1.5700980424880981,6
searched,searched,0.0,-0.11257924139499664,6
searching,searching,0.0,-0.11257924139499664,6
secret,wrong,0.4921875,-0.51456618309021,6
seeded,unseeded,-3.419952392578125,0.8797405362129211,6
ships,shore,-4.072265625,0.6335146427154541,6
ships,troops,-2.640625,-0.27927935123443604,6
shook,shook,0.0,-0.11257924139499664,6
shopping,sunbathing,-3.330078125,-0.9661714434623718,6
shrank,swelled,-0.6314697265625,-1.0916588306427002,6
shrill,unpleasant,3.780498504638672,1.5279194116592407,6
silence,solitude,2.345703125,1.6221588850021362,6
silk,tea,-1.9931640625,-1.0957647562026978,6
sinks,toilets,-0.8197021484375,-0.10281659662723541,6
slept,slept,0.0,-0.11257924139499664,6
soaked,swollen,1.08563232421875,-0.18326042592525482,6
somewhat,thoroughly,-0.94140625,-0.995701253414154,6
sounds,sounds,0.0,-0.11257924139499664,6
south,south,0.0,-0.11257924139499664,6
sprightly,strong,0.41015625,-1.539954423904419,6
squatting,thrusting,-0.5061702728271484,1.3641139268875122,6
stand,stand,0.0,-0.11257924139499664,6
stand,wait,3.103515625,0.22202546894550323,6
stately,strong,0.71875,-2.476334810256958,6
stay,stay,0.0,-0.11257924139499664,6
stay,think,3.875,0.5665891766548157,6
stops,thinks,3.48828125,1.8517248630523682,6
streets,streets,0.0,-0.11257924139499664,6
strong,successful,2.923828125,0.9909787774085999,6
strong,swift,1.912109375,-0.21678268909454346,6
strong,tight,0.10546875,-0.002084098756313324,6
strong,tyrannous,-0.49072265625,2.333404302597046,6
strong,unusual,0.794921875,0.8839165568351746,6
stronger,stronger,0.0,-0.11257924139499664,6
sullenly,unwillingly,-2.54833984375,1.6436049938201904,6
sunsets,tea,-1.7802734375,-0.6641182899475098,6
suspicious,wondering,4.19232177734375,1.6289589405059814,6
sympathize,understand,-2.236083984375,-0.2526743412017822,6
think,think,0.0,-0.11257924139499664,6
think,wait,-4.619140625,-1.7642754316329956,6
thoroughly,vigorously,1.204559326171875,0.7613498568534851,6
trial,tribulations,-0.67578125,0.8214291930198669,6
trial,trouble,-2.25,0.6002930998802185,6
turkey,vegetables,4.4542236328125,0.9213882684707642,6
turn,turn,0.0,-0.11257924139499664,6
twos,twos,0.0,-0.11257924139499664,6
uglier,uglier,0.0,-0.11257924139499664,6
understand,write,-0.505859375,0.016992826014757156,6
unhumanized,untamed,0.48828125,1.428368091583252,6
unknowable,unknown,-3.005859375,0.3187415599822998,6
vigorously,wrong,-4.33544921875,-1.0415581464767456,6
wait,wait,0.0,-0.11257924139499664,6
waking,watching,1.25732421875,-0.25191569328308105,6
weights,widths,3.0439453125,-0.2465267777442932,6
wondering,wondering,0.0,-0.11257924139499664,6
working,working,0.0,-0.11257924139499664,6
years,years,0.0,-0.11257924139499664,6
abandoned,old,-1.2100143432617188,-3.1103343963623047,7
acres,acres,0.0,0.2995385229587555,7
activity,eagerness,-0.355224609375,-0.7011756896972656,7
activity,life,-3.7734375,-2.0527193546295166,7
addiction,overdose,1.12890625,0.39931821823120117,7
adult,child,-1.6015625,-3.2325069904327393,7
adult,children,-4.375,-3.2468297481536865,7
advanced,brightened,4.21533203125,0.06293517351150513,7
advertising,marketing,0.5191650390625,-0.02018800377845764,7
agony,fear,-0.18701171875,0.04331895709037781,7
air,light,-0.408203125,-0.5975189208984375,7
algerian,moroccan,-0.1494140625,1.321438193321228,7
aloes,euphorbias,0.1181640625,0.9115486145019531,7
ambitious,worldly,-1.2684326171875,0.07069812715053558,7
ammunition,bombs,-3.921630859375,-1.337462067604065,7
ammunition,weapons,-2.1149139404296875,-1.3012551069259644,7
ammunitions,weapons,-2.16259765625,-1.3697634935379028,7
amuse,interest,-2.0703125,-2.987795114517212,7
anatomy,morphology,-4.1368408203125,0.14848068356513977,7
antisemitic,nationalist,1.36083984375,-0.14254513382911682,7
anus,urogenital,-2.748046875,-2.5006186962127686,7
asked,blushed,-6.48828125,-2.970698595046997,7
assault,robbery,4.140869140625,0.3760092854499817,7
assured,final,-0.5859375,0.08569192886352539,7
attentively,gravely,0.05677032470703125,-0.6095483303070068,7
autos,carriages,-1.567474365234375,0.09932033717632294,7
bags,purses,2.47802734375,0.752657413482666,7
balanced,benign,1.94287109375,0.966110348701477,7
ballets,operas,-1.4326171875,-0.3222673833370209,7
barriers,queries,-4.4803466796875,-2.1548216342926025,7
bearer,flag,-0.0908203125,-0.2222735583782196,7
bedraggled,desperate,1.333984375,-0.19904980063438416,7
bedraggled,soiled,0.068603515625,-0.8507364988327026,7
belgian,dutch,-1.56414794921875,0.5844238996505737,7
belgian,moroccan,0.68505859375,2.1189157962799072,7
bent,cramped,2.3006591796875,1.2690274715423584,7
bent,old,-5.287109375,-1.6975549459457397,7
bent,worn,-0.240234375,2.6594016551971436,7
billeting,orientation,-1.448974609375,0.4611749053001404,7
biology,genetics,1.592041015625,1.3436908721923828,7
bittersweet,milk,-1.138671875,-0.3916318714618683,7
blabbing,tattling,4.8173828125,-0.9156786203384399,7
blind,cruel,1.5390625,0.7189285755157471,7
blind,helpless,1.56982421875,-1.2445151805877686,7
blind,old,-1.6015625,-2.4753475189208984,7
blind,vague,-2.375,0.043392300605773926,7
bloating,pain,-0.693359375,-0.7247296571731567,7
blossoms,herbs,-0.763916015625,-0.07609039545059204,7
blowing,blowing,0.0,0.2995385229587555,7
blowing,spitting,3.337890625,0.7054950594902039,7
blustering,rollicking,0.904296875,0.18598242104053497,7
blustering,wild,-0.59326171875,-1.6953026056289673,7
boast,brag,-2.185302734375,-0.2917962372303009,7
bombs,revolution,2.30517578125,0.8009545803070068,7
bombs,rowdies,-0.04901123046875,0.1725877821445465,7
bombs,weapons,-0.7880859375,-0.39266273379325867,7
bones,flesh,-2.3857421875,-0.6604632139205933,7
bones,organs,2.09765625,1.7176249027252197,7
bones,skeleton,2.83349609375,1.0646260976791382,7
bones,skin,1.138671875,0.04485329985618591,7
bows,buckles,1.34521484375,0.8393521308898926,7
bragged,bragged,0.0,0.2995385229587555,7
bribery,extortion,-2.987518310546875,0.3934731185436249,7
bribery,promises,-1.294921875,-0.09766849875450134,7
bribes,promises,0.03857421875,1.9691139459609985,7
brisk,light,3.03326416015625,0.29839885234832764,7
bromides,iodides,3.7060546875,0.8705126047134399,7
bronchitis,scabies,3.2578125,-0.017363756895065308,7
brush,grass,-0.109375,-1.209688663482666,7
brush,poles,0.67578125,0.36056196689605713,7
bucked,roared,-0.31817626953125,-0.37662771344184875,7
bulletproof,tactical,2.624267578125,0.8276048898696899,7
bushels,bushels,0.0,0.2995385229587555,7
bushes,grass,-2.693359375,0.2245849370956421,7
bushes,thorns,0.381103515625,0.782882809638977,7
businesses,citizens,-1.6474609375,-1.0560293197631836,7
businesses,colonies,2.135009765625,-0.2350578010082245,7
businesses,properties,-0.86328125,0.2098994255065918,7
butlers,sex,2.703125,0.6931259632110596,7
calculated,deliberate,-1.731201171875,-0.20251646637916565,7
calm,deadly,2.5712890625,0.35814452171325684,7
calm,delightful,-1.7548828125,0.6108813285827637,7
calm,light,0.36328125,-0.7374731302261353,7
calm,quiet,1.798828125,0.17200049757957458,7
calm,sedate,1.47265625,1.8118408918380737,7
calm,stability,2.02734375,-0.38135918974876404,7
calm,sunshine,0.365234375,-1.1256033182144165,7
canons,statutes,0.53515625,-0.6554845571517944,7
carefulness,indifference,1.064208984375,0.6917786002159119,7
carriages,motorcars,1.2947998046875,-0.903903603553772,7
cart,harness,-0.84130859375,-0.9577611684799194,7
cases,casks,-0.8873291015625,-0.12488743662834167,7
cases,complaints,3.3359375,0.3235742449760437,7
cases,presses,2.9140625,-1.1520133018493652,7
caught,kept,6.802734375,2.1520814895629883,7
celebrate,drink,-0.2474365234375,-2.7932522296905518,7
central,large,-2.548828125,-1.560193419456482,7
charabancs,charabancs,0.0,0.2995385229587555,7
cheapest,easiest,-0.322021484375,-0.4123243987560272,7
chess,rugby,0.81134033203125,0.34691253304481506,7
child,child,0.0,0.2995385229587555,7
children,gum,0.591796875,-0.7590848207473755,7
children,hens,-3.5830078125,-0.11885914206504822,7
children,ladies,-3.857421875,-0.02253928780555725,7
children,milk,-1.171875,-0.07068702578544617,7
children,pensioners,-0.73779296875,0.7825862169265747,7
children,substitute,-0.93798828125,1.0272456407546997,7
citizens,musicians,-2.73638916015625,0.1973249912261963,7
citronellol,geraniol,1.23828125,0.5516335368156433,7
civilians,warriors,-1.4139909744262695,-0.03308907151222229,7
clapped,clapped,0.0,0.2995385229587555,7
clapped,roared,1.1777191162109375,-1.4790295362472534,7
claws,legs,4.81787109375,-0.02150854468345642,7
clinopyroxene,nepheline,4.1015625,-0.06758558750152588,7
clues,criminals,1.33050537109375,-0.7219407558441162,7
clues,maps,2.5185546875,1.3357048034667969,7
cockroackes,temites,2.05322265625,-0.06415975093841553,7
collectors,museums,4.15472412109375,0.24741950631141663,7
concentrated,deliberate,-1.14276123046875,-0.20773985981941223,7
cones,tapes,-3.546356201171875,-0.5932621955871582,7
confined,insane,-5.251953125,-1.1715179681777954,7
connoisseurs,ladies,-3.166015625,-1.6725438833236694,7
contamination,pollution,1.01153564453125,-0.26065173745155334,7
contradictory,vague,-2.6796875,-0.6104065179824829,7
convenient,large,-1.916259765625,-3.9564836025238037,7
convenient,serious,-1.324462890625,-0.5499675273895264,7
copied,remembered,-2.7354736328125,-0.36330386996269226,7
cornflakes,milk,-0.234375,0.06525221467018127,7
courageous,old,-2.6953125,-3.4989593029022217,7
cower,shrink,-2.3857421875,0.4227409064769745,7
crackled,glowed,2.397216796875,0.9665485620498657,7
crackled,roared,1.62738037109375,-0.1857735812664032,7
crashing,crashing,0.0,0.2995385229587555,7
crashing,thudding,0.214111328125,0.3129273056983948,7
creepy,impressive,0.41278076171875,-0.21717843413352966,7
crime,drugs,-0.224609375,-0.12195602059364319,7
crime,sex,1.216796875,-0.022994786500930786,7
criminality,hardship,-0.6943359375,1.1938073635101318,7
criminals,dungeons,0.764678955078125,0.02562829852104187,7
criminals,thieves,0.203765869140625,-0.37570056319236755,7
criminals,vagabonds,0.5214805603027344,-0.10708725452423096,7
crops,harvest,1.37158203125,1.389412522315979,7
crops,properties,1.108917236328125,1.3107199668884277,7
crossness,meddling,0.435546875,1.0316935777664185,7
cruel,disastrous,-0.34088134765625,0.6984900236129761,7
cruel,envious,0.703369140625,-0.046113401651382446,7
cruel,inconceivable,1.4974365234375,2.120462656021118,7
cruel,paranoid,-0.8865966796875,0.9523130655288696,7
cruel,stormy,1.45166015625,0.12669920921325684,7
cruel,wasteful,0.01953125,1.3741127252578735,7
cruel,wild,-0.236328125,-1.0335228443145752,7
curiosity,eagerness,3.1627097129821777,0.4814739525318146,7
curiosity,interest,-1.3126602172851562,0.3541632890701294,7
curiosity,pain,0.8834075927734375,0.24880966544151306,7
currently,formerly,-0.29547119140625,0.7895429134368896,7
curtsy,smile,-6.54345703125,-1.1209965944290161,7
dainty,particular,2.5989990234375,1.3181554079055786,7
dainty,soft,-2.1259765625,-3.3222029209136963,7
danced,sang,-0.4963951110839844,1.4743996858596802,7
deliberate,mock,-1.9296875,-0.9265064001083374,7
deliberated,sat,1.31884765625,-0.2105695903301239,7
delightful,generous,3.2200927734375,-0.6168954372406006,7
delightful,quiet,1.55078125,0.7222387790679932,7
deliverance,guidance,0.0083465576171875,-0.06572750210762024,7
demandingly,harshly,2.957763671875,-2.0466763973236084,7
democracy,socialism,-1.0643310546875,-0.23008260130882263,7
dental,vision,-3.212890625,0.6821681261062622,7
depressed,quiet,0.62939453125,-0.5984457731246948,7
depressed,uneasy,-1.57421875,-1.3775304555892944,7
desolation,woe,1.29052734375,1.109243392944336,7
despatch,ease,-3.361328125,-0.7427014112472534,7
desperate,disorganized,2.104736328125,-0.00955536961555481,7
destiny,life,-2.07421875,-2.1679770946502686,7
destiny,vision,-1.896484375,0.38747119903564453,7
dialogues,fugues,-0.25421142578125,-0.45724985003471375,7
differences,resemblances,-0.93536376953125,-1.4224085807800293,7
differences,variations,-0.5746526718139648,-1.0770200490951538,7
discovered,mined,4.29864501953125,0.360748291015625,7
discussions,meetings,-5.03466796875,-1.0552407503128052,7
diseases,genetics,-4.850841522216797,0.1901431530714035,7
diseases,viruses,1.675241470336914,0.87945556640625,7
disheveled,wild,-5.7769775390625,-2.034290313720703,7
displayed,stored,-1.284515380859375,-0.08009561896324158,7
displays,exhibits,4.0511474609375,0.31769654154777527,7
dissolute,idle,-4.234619140625,-1.2498207092285156,7
distributed,versioned,-3.423828125,-0.011953800916671753,7
drama,satirical,1.818359375,0.7254817485809326,7
dread,eagerness,1.3389892578125,0.2843603789806366,7
dread,fear,2.3515625,-0.8248119354248047,7
dreamless,drugged,7.339691162109375,1.9362870454788208,7
dress,jewellery,2.3282470703125,1.5462301969528198,7
dress,talk,0.982421875,1.0612716674804688,7
dress,towel,-0.716796875,-0.5794410705566406,7
drink,drugs,-1.240234375,-0.45354148745536804,7
drink,sail,1.423828125,-0.5753558874130249,7
drink,smile,0.20703125,-0.6220366954803467,7
drink,talk,-0.1640625,0.9012870788574219,7
driven,tugged,-0.96826171875,-1.165096402168274,7
drugs,homelessness,4.05908203125,-0.415476530790329,7
drugs,sex,1.1328125,0.9938383102416992,7
drugs,weapons,-0.3359375,-0.1492510735988617,7
duck,squash,1.302734375,0.07579872012138367,7
dutch,english,0.12109375,0.030830413103103638,7
eachother,nature,0.513671875,0.5432151556015015,7
eagerness,exultation,2.002685546875,0.9581944942474365,7
eagerness,regret,0.43609619140625,1.1494736671447754,7
earthquakes,tornadoes,0.7775344848632812,0.37081971764564514,7
earthquakes,volcanoes,2.128631591796875,1.262987494468689,7
ease,quiet,1.39892578125,3.6547296047210693,7
economic,environmental,0.6320343017578125,0.638442873954773,7
editing,writing,-0.162109375,-2.011354446411133,7
egoistic,inflexible,-0.9840087890625,0.20677638053894043,7
enabling,enabling,0.0,0.2995385229587555,7
engineers,physicists,-0.3079833984375,-0.12669718265533447,7
english,italian,-0.55078125,0.5358177423477173,7
epilepsy,schizophrenia,-2.257080078125,-0.9474904537200928,7
erm,fertile,-5.1474609375,-1.8786548376083374,7
erm,revolution,-1.9609375,-3.059509515762329,7
erm,talk,-5.841796875,-2.1932289600372314,7
erm,weight,-4.435546875,-1.9749737977981567,7
ever,ever,0.0,0.2995385229587555,7
ever,forever,-3.6357421875,0.44572505354881287,7
evildoers,murderers,-6.8739471435546875,-0.7405790090560913,7
excited,hysterical,-0.787841796875,0.1521262526512146,7
excited,irritable,1.6806640625,0.15310820937156677,7
excited,large,-4.962890625,-0.9373232126235962,7
excited,pleased,0.66796875,0.948578953742981,7
excited,wild,-2.263671875,-1.0894643068313599,7
excited,wise,-3.4873046875,-0.9131902456283569,7
exhibits,papers,-1.095703125,-2.5294992923736572,7
exhibits,sales,-3.0576171875,-2.3910579681396484,7
experienced,old,-0.727783203125,-1.6089502573013306,7
experienced,wise,-8.66729736328125,-0.8882150650024414,7
expression,feeling,2.95703125,1.1440247297286987,7
expression,spirit,0.41796875,0.42307478189468384,7
extravagant,wasteful,1.8538818359375,-0.15878888964653015,7
fear,fury,0.6240234375,0.879372239112854,7
fear,indignation,1.88861083984375,1.9125409126281738,7
fear,pain,0.9951171875,0.4324744939804077,7
feathered,furry,0.8031005859375,-0.8352200984954834,7
feeling,life,-5.16015625,-3.250386953353882,7
fertile,populous,-2.017822265625,-0.23734113574028015,7
final,forth,5.80078125,-1.0882385969161987,7
final,fourth,-5.62060546875,-3.0565855503082275,7
flag,streamer,-2.5234375,0.23775562644004822,7
flat,large,-2.3955078125,-2.1652145385742188,7
flat,sandy,0.8583984375,0.09852012991905212,7
flesh,flesh,0.0,0.2995385229587555,7
fluorescence,ionization,0.5986328125,0.1276242733001709,7
folktales,legends,1.1871814727783203,0.5934203267097473,7
forever,forever,0.0,0.2995385229587555,7
forever,once,0.62890625,0.46306923031806946,7
formality,legality,1.1845703125,0.20136716961860657,7
fourth,only,6.65625,2.7571027278900146,7
fructose,glucose,-5.357356071472168,-0.11055690050125122,7
fuller,fuller,0.0,0.2995385229587555,7
fuller,higher,-1.03125,-0.3099622428417206,7
furry,soft,-5.328369140625,-4.237910270690918,7
fury,pain,0.669921875,-0.4662698209285736,7
fury,sound,-0.8603515625,0.06817004084587097,7
garrulous,italian,-0.34375,-0.49907615780830383,7
generous,large,-4.4920654296875,-2.8938446044921875,7
generous,sportsmanlike,3.583740234375,-0.3562886416912079,7
generous,virtuous,-1.255340576171875,-0.06625354290008545,7
gin,sex,-1.486328125,-2.774724006652832,7
glad,lightsome,1.84375,-0.15970849990844727,7
globalisation,imperialism,0.628204345703125,-0.1909986436367035,7
globalisation,industrialisation,2.1928634643554688,0.14411866664886475,7
gradually,irregularly,-1.5731353759765625,1.8918007612228394,7
grammar,words,-1.408447265625,-0.8001608848571777,7
grass,hay,-1.1103515625,-1.4509416818618774,7
grasses,herbs,-0.2724609375,1.281886100769043,7
grasses,sedges,0.9482421875,0.19810941815376282,7
grit,spirit,1.201171875,-0.14916524291038513,7
growling,growling,0.0,0.2995385229587555,7
growling,grunting,1.16064453125,1.5180703401565552,7
growling,snarling,-0.542633056640625,1.2319035530090332,7
growly,raspy,-2.4970703125,1.462861180305481,7
grunting,straining,2.65771484375,1.0287559032440186,7
grunts,shouts,1.119598388671875,-0.16458061337471008,7
grunts,sighs,-2.3524169921875,1.031569242477417,7
guitar,keyboards,4.475044250488281,-0.4511626660823822,7
habit,instinct,0.8179931640625,-0.34590914845466614,7
hacking,stealing,0.259765625,2.110844135284424,7
hardship,pain,-1.02197265625,0.7286378145217896,7
harshly,unjustly,1.383056640625,1.3122361898422241,7
haughty,imperious,5.119781494140625,0.5272692441940308,7
haughty,pompous,0.298583984375,-0.4656699001789093,7
healthcare,hospitals,0.27341461181640625,-0.20835408568382263,7
hear,obey,0.921630859375,0.17623433470726013,7
hear,talk,2.029296875,0.7779297828674316,7
helpless,ignorant,2.4814453125,0.5765151977539062,7
herbs,perfumes,-0.4521484375,0.20077842473983765,7
higher,higher,0.0,0.2995385229587555,7
higher,hotter,3.24609375,2.0676910877227783,7
hoed,hoed,0.0,0.2995385229587555,7
hospitals,hostels,-0.5333595275878906,0.8442578315734863,7
hotter,hotter,0.0,0.2995385229587555,7
hovels,palaces,0.8486328125,0.1798705756664276,7
huge,influential,4.68359375,0.6513279676437378,7
huge,unexpected,-3.408111572265625,1.1219016313552856,7
humor,spirit,0.4921875,-1.0084606409072876,7
humor,words,-3.4658203125,-0.49341681599617004,7
hurrahs,shouts,-3.5593719482421875,-0.34121546149253845,7
hurried,unconnected,-6.481201171875,0.9335645437240601,7
idle,ignorant,2.31744384765625,0.34847739338874817,7
ignorant,laughable,-0.35040283203125,-0.9417442083358765,7
ignorant,wild,-3.882476806640625,-0.7603702545166016,7
inclusive,pragmatic,-0.94134521484375,-0.9121087789535522,7
indirect,vague,-5.2689208984375,-2.168060064315796,7
individual,mine,-3.099609375,-0.36134418845176697,7
influential,large,-1.3837890625,-3.0934624671936035,7
insinuating,soft,-7.123046875,-3.2278518676757812,7
instruments,themes,0.07464146614074707,-0.2523936927318573,7
interest,life,-3.869140625,-1.366939663887024,7
iranian,islamic,1.65771484375,-0.20272329449653625,7
iranian,persian,0.4197998046875,0.048091232776641846,7
islamic,nationalist,-0.400390625,0.3098495602607727,7
jounces,jounces,0.0,0.2995385229587555,7
kicking,rearing,3.6044921875,1.326379656791687,7
kicking,scrambling,0.5199508666992188,0.10154087841510773,7
kill,torture,0.767578125,0.802781343460083,7
knotty,large,-1.0400390625,-1.7088905572891235,7
kurdish,turkish,-2.211090087890625,0.379520446062088,7
lady,monkey,1.6171875,0.8189980983734131,7
language,region,0.140625,3.2614405155181885,7
language,words,-2.0159912109375,0.3966914415359497,7
large,larger,1.087890625,0.9303930997848511,7
large,quiet,3.83984375,2.296541452407837,7
large,ripe,2.5361328125,1.909941554069519,7
large,scenic,0.2734375,2.171257734298706,7
large,selected,0.00390625,3.415287494659424,7
large,staring,2.83203125,2.9840991497039795,7
large,variegated,0.41845703125,2.8881118297576904,7
large,wavy,2.55078125,1.1044517755508423,7
large,woolly,4.04248046875,1.9854179620742798,7
larger,larger,0.0,0.2995385229587555,7
laughable,pathetic,-1.1898231506347656,-0.6226592063903809,7
leadership,ownership,-1.93341064453125,-1.10170316696167,7
leadership,tactical,-1.260009765625,-0.12633901834487915,7
lean,tall,3.58984375,-1.6661858558654785,7
leisure,means,5.148212432861328,2.024921178817749,7
liberty,life,-1.642578125,-0.3081302344799042,7
life,light,4.181640625,0.3026415705680847,7
life,nature,-0.431640625,0.6389126777648926,7
life,quickness,1.28515625,0.788777232170105,7
life,spirit,0.74609375,0.8684244155883789,7
life,substance,2.1162109375,1.8590381145477295,7
light,queer,-1.7841796875,-0.09354889392852783,7
light,room,-0.74609375,-2.6346325874328613,7
light,sound,1.986328125,0.8928879499435425,7
light,sunshine,1.6318359375,-1.4084261655807495,7
light,varying,3.4183349609375,1.3010504245758057,7
light,woolly,-0.53515625,-0.4892496168613434,7
lists,maps,-1.953125,0.316614031791687,7
lithium,risperidone,-1.6103515625,-0.34865066409111023,7
lordly,tall,-0.458984375,-1.6943024396896362,7
maintaining,writing,-0.3878173828125,-0.3284100592136383,7
maps,papers,0.85546875,-4.051327705383301,7
marshland,meadow,4.759765625,0.04979860782623291,7
masterless,wretched,2.0032958984375,0.8493732213973999,7
masters,monks,1.1162109375,0.2834513783454895,7
medicinal,vegetable,-1.310302734375,0.985193133354187,7
members,stewards,1.162109375,0.261708527803421,7
menopausal,old,-4.328125,-2.125061511993408,7
metaphorically,poetically,2.5537109375,0.5301545858383179,7
mine,mine,0.0,0.2995385229587555,7
mine,thine,-0.0068359375,0.03660207986831665,7
moaning,sleepless,-0.54638671875,0.3434997498989105,7
morally,spiritually,-0.8603515625,0.14059974253177643,7
moroccan,turkish,-1.5902099609375,-1.614997148513794,7
mortification,pain,-0.72119140625,0.2827647924423218,7
mortification,regret,-1.361572265625,-0.1219061017036438,7
muddy,sandy,0.23974609375,-0.9655537605285645,7
muddy,soft,-2.77783203125,-3.2446799278259277,7
murderers,thieves,0.9690170288085938,0.12395980954170227,7
musicians,singers,0.39031982421875,0.8057143688201904,7
mutinous,sulky,-4.12841796875,-0.15259623527526855,7
mutual,spatial,-0.5048828125,0.3818250298500061,7
nails,twine,0.6123046875,0.6027652621269226,7
niggardly,stingy,-0.6611328125,-0.22838816046714783,7
oceans,rivers,1.02874755859375,-0.19061517715454102,7
offerings,sacrifice,-1.0251235961914062,0.6970655918121338,7
often,often,0.0,0.2995385229587555,7
old,seasoned,9.03125,2.6210572719573975,7
old,senile,1.119140625,1.1641345024108887,7
old,unsure,0.71484375,-0.4364129602909088,7
old,wise,2.41015625,0.4614916145801544,7
old,worn,3.32421875,2.8280632495880127,7
once,once,0.0,0.2995385229587555,7
orchestra,singers,2.388824462890625,0.47288304567337036,7
organs,skin,-3.3962326049804688,-0.661815881729126,7
packed,strapped,0.9149017333984375,0.6030118465423584,7
paddled,rowed,-2.9984397888183594,0.039554208517074585,7
pain,regret,-0.390625,0.4802968204021454,7
pain,torture,0.48876953125,1.4145110845565796,7
pain,weight,1.5048828125,0.3930738866329193,7
paintings,sculptures,2.6629295349121094,0.9089303016662598,7
pastures,rivers,-0.236328125,0.8503158092498779,7
pathological,physiological,-2.07763671875,0.34173402190208435,7
peritoneal,subdural,2.32421875,-0.8820258378982544,7
persian,purple,-0.490234375,0.5755602121353149,7
persian,turkish,3.51812744140625,0.15150320529937744,7
pierced,punctured,-1.154541015625,0.3128604590892792,7
pilgrims,traders,-1.1715278625488281,0.01463368535041809,7
pinioned,shackled,-0.0351715087890625,0.1987752467393875,7
pirut,pup,2.58203125,0.43748408555984497,7
pitted,scarred,1.07421875,-1.7570139169692993,7
places,rivers,-0.0888671875,-1.647997260093689,7
planters,traders,3.65869140625,-0.17673835158348083,7
playing,playing,0.0,0.2995385229587555,7
plucky,quiet,1.61572265625,-1.2790281772613525,7
plump,tall,-1.57421875,-1.480285406112671,7
polluting,toxic,2.0872802734375,-0.9395854473114014,7
practice,practice,0.0,0.2995385229587555,7
practice,prescription,-1.9715576171875,0.45435208082199097,7
progress,stability,-1.484375,0.108777716755867,7
progress,weight,0.220703125,-1.840133547782898,7
purse,sword,1.275390625,-0.4214611351490021,7
quiet,reputable,-0.9111328125,0.7196918725967407,7
quiet,reserved,1.279296875,3.5192759037017822,7
quiet,restful,-2.171875,1.1068358421325684,7
quiet,soft,-1.92578125,-3.0595507621765137,7
quiet,wild,-0.7578125,-1.7819513082504272,7
quietly,subtly,-1.298828125,1.1075046062469482,7
rifle,shotgun,0.8095703125,2.227050304412842,7
riflebirds,sicklebills,1.5665054321289062,-0.4757159650325775,7
sail,sail,0.0,0.2995385229587555,7
sang,sang,0.0,0.2995385229587555,7
scarred,worn,-1.72265625,0.9977138042449951,7
serious,unexpected,7.5615234375,0.5755941867828369,7
serious,wise,-2.0009765625,-0.7726075649261475,7
shouts,sound,2.925537109375,1.3754914999008179,7
shouts,trills,3.5641937255859375,0.021407216787338257,7
sights,sights,0.0,0.2995385229587555,7
signification,signs,-1.09375,-1.5066313743591309,7
signs,words,4.693359375,-0.6033896207809448,7
simplified,simplistic,3.909221649169922,-0.7896981239318848,7
skinny,tall,-3.453765869140625,-1.0769386291503906,7
smell,sound,0.35546875,-0.025498896837234497,7
smell,vision,-1.017578125,-0.15411409735679626,7
smile,smile,0.0,0.2995385229587555,7
smile,talk,3.255859375,1.8192899227142334,7
snarling,spitting,-0.12744140625,1.2197843790054321,7
snarling,underhanded,-1.2861328125,-0.5543010234832764,7
soft,tall,-0.31396484375,-0.7555294036865234,7
soft,wavy,1.716796875,2.366211175918579,7
soft,woolly,4.9951171875,2.851107120513916,7
soiled,thumbed,-0.3701171875,-0.8815022706985474,7
solidarity,subsidiarity,-0.633453369140625,0.4908217787742615,7
sound,visibility,0.732421875,-0.3004167377948761,7
sparkled,widened,-2.07061767578125,-0.15288308262825012,7
specially,symbolically,2.7700462341308594,-0.6992442607879639,7
splashed,tugged,1.4931182861328125,0.5953437089920044,7
staring,wild,-2.12109375,-1.9448429346084595,7
storm,sunshine,-1.1142578125,-0.42882075905799866,7
strawberry,strawberry,0.0,0.2995385229587555,7
syrup,tar,-1.60784912109375,1.1915333271026611,7
talk,talk,0.0,0.2995385229587555,7
tall,weight,5.267578125,2.1030359268188477,7
tugged,tugged,0.0,0.2995385229587555,7
uneasy,wretched,-0.7045135498046875,1.990892767906189,7
unexpected,unwelcome,0.8448486328125,-0.6186584234237671,7
unloaded,unsaddled,2.0301513671875,-0.008556932210922241,7
vague,woolly,4.548828125,0.36072343587875366,7
verses,words,-1.011474609375,-0.5548369884490967,7
wavier,wavier,0.0,0.2995385229587555,7
wild,woolly,2.4295654296875,0.891193151473999,7
wild,wooly,4.296875,1.077305793762207,7
xxx,xxx,0.0,0.2995385229587555,7
ability,determination,1.109130859375,0.6486316919326782,8
abort,miscarry,0.58984375,-2.674309253692627,8
aboyne,called,-2.93359375,0.8571695685386658,8
absolutely,wholeheartedly,-1.498291015625,-1.0260009765625,8
acid,alkali,4.6025390625,1.5866153240203857,8
actress,comedian,-4.6513671875,-0.6018972396850586,8
acute,earnest,1.1484375,-1.5122082233428955,8
administrative,business,-0.8076171875,-0.8091316819190979,8
administrative,territorial,2.5665054321289062,-0.22465045750141144,8
aged,feeble,2.4774169921875,1.6735405921936035,8
aged,hungry,1.20703125,0.5018311738967896,8
aged,infirm,3.89453125,3.54082989692688,8
aid,grant,1.01953125,2.352847099304199,8
alertness,power,1.96875,0.6568213701248169,8
alive,beautiful,4.87109375,0.21651363372802734,8
alive,brilliant,-0.935546875,0.3578047752380371,8
alive,sharp,3.509765625,1.536583423614502,8
alive,unharmed,3.25408935546875,0.3800937533378601,8
alive,whole,2.42578125,2.648899793624878,8
amantadine,rimantadine,-3.813140869140625,0.2798023819923401,8
anarchic,unpredictable,-3.48876953125,-3.668761730194092,8
anarchist,communist,-8.3648681640625,-1.383791208267212,8
angels,demons,-0.2686614990234375,0.12865182757377625,8
apologies,lies,1.556396484375,-1.119455099105835,8
apologies,surprise,-2.379669189453125,-1.5255615711212158,8
apologies,thanks,1.2935104370117188,1.3380274772644043,8
appeal,fortrial,1.2459716796875,-1.8202223777770996,8
appearance,function,4.953125,1.512763500213623,8
appearance,functionality,2.64453125,1.6861655712127686,8
appearance,rigging,7.482421875,2.078108549118042,8
applauded,laughed,-3.4219093322753906,-1.7217702865600586,8
aristocrats,conservatives,1.230804443359375,-1.4111824035644531,8
art,business,0.4404296875,-0.8110491633415222,8
art,culture,-0.52734375,-1.1837399005889893,8
art,femininity,-0.15673828125,-1.2663757801055908,8
art,poems,-0.0947265625,-1.1922650337219238,8
art,power,2.978515625,0.03873822093009949,8
ascendancy,power,1.892578125,-0.5724779367446899,8
aspects,epithets,-3.3824462890625,-1.508396863937378,8
astronomy,math,2.812744140625,0.003384903073310852,8
autopsy,identification,-1.2174072265625,0.22176361083984375,8
babies,boys,2.6875,-0.3723703920841217,8
backpackers,climbers,-6.06494140625,0.3680906891822815,8
ballrooms,hotels,-0.0487060546875,0.3471628427505493,8
banksias,woodland,0.6630859375,-0.6346864104270935,8
barges,boats,-0.193359375,-0.5232855081558228,8
bearded,brown,-2.2578125,-1.1394602060317993,8
beautiful,brilliant,0.224609375,0.496046781539917,8
beautiful,busy,1.55859375,1.1491107940673828,8
beautiful,carefree,-2.0673828125,1.5659000873565674,8
beautiful,foolish,0.19921875,0.6811116337776184,8
beautiful,great,-3.859375,-0.590479850769043,8
beautiful,historic,0.197265625,1.0706372261047363,8
beautiful,kind,2.26953125,1.2534685134887695,8
beautiful,neat,0.84375,0.7220382690429688,8
beautiful,rational,-0.486328125,1.0143835544586182,8
beautiful,serene,-1.533203125,1.3840622901916504,8
beautiful,shining,1.12109375,0.6284688711166382,8
beautiful,smart,-0.63671875,0.42802828550338745,8
beautiful,young,-2.4453125,-0.6459091305732727,8
beauty,happiness,0.103515625,0.311326265335083,8
beauty,health,-2.59375,-0.17383021116256714,8
beauty,joy,-0.4638671875,0.5449356436729431,8
beauty,placability,-0.05078125,1.1805837154388428,8
beauty,rest,-1.025390625,1.6240389347076416,8
beauty,ugliness,-1.144287109375,-1.4545543193817139,8
beg,beg,0.0,-0.12648069858551025,8
beg,cry,-2.681640625,-1.7924933433532715,8
behaves,interacts,2.55560302734375,-1.0681657791137695,8
beliefs,rules,-4.57623291015625,-0.35022515058517456,8
belonging,unity,-2.2176513671875,-2.452894926071167,8
belt,car,0.98828125,-0.9029169678688049,8
bile,lies,-3.541015625,1.015282154083252,8
biscuits,nuts,-0.0966796875,-0.4965910017490387,8
biscuits,shortcake,2.353515625,1.385446548461914,8
blast,damn,-0.515625,1.0081782341003418,8
bleaker,bleaker,0.0,-0.12648069858551025,8
blew,blew,0.0,-0.12648069858551025,8
blinked,gasped,2.51019287109375,0.3223223090171814,8
boats,sails,1.931640625,0.329129695892334,8
boats,shipping,3.4921875,1.5307209491729736,8
bodies,minds,-0.767578125,0.3857795000076294,8
body,head,0.287109375,-0.3934788107872009,8
body,limbs,-0.19140625,0.7149145007133484,8
body,soul,2.955078125,-0.1690022200345993,8
boiled,bubbled,-2.223388671875,-0.48820510506629944,8
boiled,pounded,-1.787353515625,-0.5712913274765015,8
boiling,evaporation,-0.790283203125,0.35605388879776,8
boldness,unconcern,1.15673828125,3.545755386352539,8
bookplates,trademarks,2.3662109375,-0.018565431237220764,8
boredom,disgust,-0.50390625,1.1545531749725342,8
bounces,imitates,2.105194091796875,2.7862088680267334,8
bowls,cups,0.116455078125,-0.5395144820213318,8
boys,boys,0.0,-0.12648069858551025,8
boys,cooks,0.296875,-0.5841268301010132,8
boys,mother,-2.1650390625,-0.809589147567749,8
boys,quarry,-2.1448974609375,0.11469683051109314,8
brick,glass,0.5673828125,-0.015473663806915283,8
brilliant,brown,-0.9609375,-0.7971915602684021,8
brilliant,striking,0.69482421875,1.128326416015625,8
broken,empty,-2.1181640625,-0.13801805675029755,8
broken,gnarled,0.53125,0.4539770483970642,8
broken,sharp,-2.9140625,-3.0349485874176025,8
bronze,brown,1.2705078125,-0.7063935995101929,8
brown,dry,0.1796875,0.24565187096595764,8
brown,juicy,3.416015625,0.6498683094978333,8
brown,kind,2.4453125,1.2401762008666992,8
brown,russet,0.95361328125,-0.8226667046546936,8
brown,shining,2.078125,1.0463132858276367,8
bruising,scars,-1.0400390625,-0.6602365970611572,8
brushing,rustling,-1.849609375,-2.3091728687286377,8
brushing,washing,-4.6142578125,-0.10340582579374313,8
bubbles,dimple,3.826171875,0.7028981447219849,8
bubbles,oil,3.4560546875,-0.6282707452774048,8
bulkiest,heaviest,-4.00146484375,-1.1021621227264404,8
bullwinkle,julia,1.060546875,2.3409411907196045,8
business,fun,-0.25390625,0.15384331345558167,8
bustle,stir,4.01025390625,-0.5250483155250549,8
caesium,thallium,2.0498046875,0.6349868774414062,8
called,called,0.0,-0.12648069858551025,8
called,stopped,-4.912109375,-3.5181915760040283,8
callers,visitors,1.060546875,0.12063014507293701,8
calling,calling,0.0,-0.12648069858551025,8
calling,laughing,-2.6015625,-2.961662530899048,8
candles,pizza,-1.0565185546875,-0.5414818525314331,8
candles,ropes,-1.671875,-0.12042810022830963,8
cannibals,drunkards,-0.38226318359375,-0.8170354962348938,8
car,mother,2.3984375,-1.262511968612671,8
car,pitcher,-0.7138671875,-1.5121479034423828,8
car,watches,9.220703125,2.219346761703491,8
carol,song,1.01953125,0.07266397774219513,8
cartridges,cassettes,1.24609375,-0.2161935418844223,8
cells,organisms,4.03521728515625,0.543412983417511,8
ceramics,glass,-1.11279296875,0.39047908782958984,8
ceramics,metals,0.13720703125,0.3714919686317444,8
changeable,unpredictable,0.70489501953125,1.019589900970459,8
charismatic,pentecostal,-0.22412109375,0.22485113143920898,8
chat,rest,-2.62109375,0.24741536378860474,8
chatting,greeting,-0.03564453125,0.5731536746025085,8
chatting,laughing,-0.439453125,-2.5315263271331787,8
cheaper,divided,-1.005126953125,0.5076990723609924,8
cheep,stir,-0.515625,-1.80421781539917,8
cheer,cheer,0.0,-0.12648069858551025,8
cheer,happiness,1.390625,-0.9954904913902283,8
cheer,shorten,1.10919189453125,1.7970671653747559,8
cheery,helpful,-1.1749267578125,0.24909484386444092,8
cheery,soul,0.197265625,-0.022896230220794678,8
chicken,mushroom,5.8883056640625,0.8653640151023865,8
chicken,potatoes,0.177734375,0.17896193265914917,8
chicken,waffles,0.5361328125,0.34452974796295166,8
chink,daub,4.55078125,2.563852310180664,8
chocolates,sweets,-0.7322998046875,-0.7971928715705872,8
choky,little,0.328125,-1.207716703414917,8
clicking,rustling,-2.4443359375,-1.0018259286880493,8
clicking,scraping,-3.104665756225586,-0.8747760057449341,8
coally,tom,0.01953125,-0.5902960300445557,8
commandant,syndic,3.825439453125,0.08768033981323242,8
commandments,laws,-0.658203125,-0.5108720064163208,8
common,european,0.52734375,-2.158766746520996,8
common,indubitable,-1.931640625,-0.31586673855781555,8
common,silly,1.01953125,-0.48081594705581665,8
concluding,third,-2.760986328125,-1.9122743606567383,8
condescension,patronizing,-6.34765625,0.18742859363555908,8
consideration,honour,1.7149505615234375,-0.7736884355545044,8
console,pity,2.1295623779296875,-0.9790839552879333,8
consternation,surprise,-0.748443603515625,-2.427826404571533,8
contact,separate,-1.76953125,0.47323399782180786,8
convex,discrete,-0.823974609375,0.6188632249832153,8
courses,programs,0.0439453125,1.1180076599121094,8
crayfish,spiders,0.28955078125,-0.16514211893081665,8
crazy,feeble,-0.6937255859375,1.0752322673797607,8
crazy,fun,-1.15234375,-0.6073241233825684,8
crazy,funny,-0.44921875,-0.9501232504844666,8
crazy,kinky,-0.349609375,-0.7362841367721558,8
crazy,silly,3.861328125,-0.40067917108535767,8
crippled,thief,-1.29541015625,-1.0249686241149902,8
crossdisciplinarity,multidisciplinarity,4.34716796875,-0.43188944458961487,8
cry,cry,0.0,-0.12648069858551025,8
cry,fret,1.3388671875,0.7283884286880493,8
cry,mourn,1.943328857421875,1.6975338459014893,8
cry,pout,-0.8359375,-0.2884693741798401,8
culture,health,-0.1787109375,2.0870754718780518,8
culture,laws,2.939453125,0.5025616884231567,8
culture,liberality,-2.66015625,1.4477007389068604,8
cups,pitcher,0.671875,-0.34630757570266724,8
cups,saucers,3.6051101684570312,1.2498447895050049,8
cursing,raving,-0.13385009765625,0.23551976680755615,8
cursing,yelling,-1.756683349609375,1.404745101928711,8
daisies,heather,1.61865234375,2.4685044288635254,8
dances,torches,0.275634765625,0.40461939573287964,8
days,days,0.0,-0.12648069858551025,8
dearer,nearer,1.267578125,-0.9265342950820923,8
deeper,deeper,0.0,-0.12648069858551025,8
delicious,juicy,-3.291259765625,-0.28577008843421936,8
delicious,supple,6.1875,3.4734981060028076,8
demons,dragons,3.183349609375,0.21873560547828674,8
depressions,sinkholes,-0.9794921875,-0.7616684436798096,8
deserted,empty,-2.283447265625,-1.1262712478637695,8
deserters,refugees,1.487060546875,0.5553001165390015,8
detergent,oil,-4.6328125,-1.399857521057129,8
determination,resolution,0.7011489868164062,0.2534227669239044,8
determined,young,-3.109375,-3.517024278640747,8
dg,mother,-1.994140625,-0.6294850707054138,8
dipped,dipped,0.0,-0.12648069858551025,8
disappeared,failed,-2.87109375,1.2869350910186768,8
disappeared,passed,1.439453125,1.3764724731445312,8
discouragement,toil,-2.95550537109375,-0.058846473693847656,8
discovery,exploration,2.79705810546875,0.2178800404071808,8
discretion,tact,0.9487991333007812,0.476711630821228,8
disgust,surprise,-2.6201171875,-1.2364587783813477,8
distinctions,honours,0.6494140625,-1.6249914169311523,8
distraught,moody,-1.8167724609375,-1.8757433891296387,8
disturbed,perturbed,-0.689117431640625,0.7512447237968445,8
divorced,married,-5.02587890625,-0.424312025308609,8
doctor,patient,1.615234375,-0.21979933977127075,8
double,triple,1.037109375,1.0825908184051514,8
drank,drank,0.0,-0.12648069858551025,8
drawings,engravings,-0.4018707275390625,0.13822197914123535,8
dreamed,heard,0.612274169921875,-1.769486427307129,8
dried,uncovered,-2.17950439453125,0.07514446973800659,8
dripping,torn,-0.8134765625,0.7667679190635681,8
drops,drops,0.0,-0.12648069858551025,8
dry,rustling,-0.5,-1.6731374263763428,8
dry,shining,1.7919921875,1.1455166339874268,8
dye,tool,-2.0625,-1.6660041809082031,8
earlier,earlier,0.0,-0.12648069858551025,8
earlier,later,6.40625,0.5221320390701294,8
earnest,sharp,-0.18359375,-0.8245759606361389,8
earnestly,fiercely,-2.7608642578125,-0.8090230822563171,8
earnestly,vehemently,1.651845932006836,0.44644737243652344,8
ears,head,1.2431640625,0.4811990261077881,8
ears,noses,-0.740234375,0.20471107959747314,8
eastbound,westbound,1.15509033203125,-0.1600767970085144,8
easter,easter,0.0,-0.12648069858551025,8
electricity,magnetism,5.42529296875,-0.3300936222076416,8
electricity,oil,-2.203125,-0.17861634492874146,8
electricity,power,-0.6395263671875,-0.16487964987754822,8
emotional,rational,2.160675048828125,-0.21423596143722534,8
empty,forlorn,-1.212188720703125,-1.593085527420044,8
empty,hungry,-0.48046875,0.097937673330307,8
enjoyment,fun,-2.467529296875,-0.9707878232002258,8
enjoyment,laughing,2.87969970703125,-0.7286956310272217,8
european,japanese,-0.099609375,0.18541646003723145,8
european,negro,1.99609375,1.0798444747924805,8
evaporation,transpiration,-0.5789413452148438,0.22179746627807617,8
exact,truthful,-3.763671875,-2.661022424697876,8
exasperated,rasping,-5.972412109375,-0.8147575259208679,8
exercise,exercise,0.0,-0.12648069858551025,8
exercise,fun,-3.34375,-0.7273099422454834,8
experimentor,mother,-3.246826171875,-0.43298518657684326,8
exploration,travel,-2.21685791015625,0.5081504583358765,8
explosives,flamethrowers,2.14697265625,-0.5988067388534546,8
extracts,tales,-5.47265625,-0.4903929829597473,8
fabulous,unreal,0.469970703125,-0.30899345874786377,8
failed,failed,0.0,-0.12648069858551025,8
faintly,spasmodically,2.69232177734375,0.8672718405723572,8
fairer,happier,-5.08880615234375,0.7634236216545105,8
fallen,sorrowful,5.7626953125,-3.263038396835327,8
farther,farther,0.0,-0.12648069858551025,8
fathers,sons,6.47705078125,-0.8236866593360901,8
fats,oils,0.9150390625,-0.24848540127277374,8
females,young,-1.939453125,-1.6173081398010254,8
fern,moss,2.4462890625,-0.5061700344085693,8
ferns,moss,0.650634765625,0.8062278628349304,8
fluids,rest,1.564453125,1.7545125484466553,8
focused,sharp,-1.94830322265625,-0.7686971426010132,8
foggy,foul,-1.04296875,-0.01593482494354248,8
foolish,headstrong,4.376953125,0.33037352561950684,8
foolish,naughty,0.453125,-0.35742369294166565,8
foolish,rash,-1.212890625,-0.7853571772575378,8
foolish,silly,-1.1171875,0.46562427282333374,8
foolish,young,-7.318359375,-2.990614891052246,8
forgiving,patient,-3.96875,-1.7978146076202393,8
found,stopped,-3.505859375,-2.437197685241699,8
frankly,freely,1.204345703125,-0.27720656991004944,8
friendships,laughing,3.50390625,-1.0213937759399414,8
frills,frills,0.0,-0.12648069858551025,8
fruitsome,great,0.984375,-1.7192797660827637,8
fun,funny,0.353515625,-0.5983601808547974,8
fun,happiness,3.3095703125,0.524709165096283,8
fun,joy,-1.2666015625,0.03201901912689209,8
fun,laughing,1.263671875,-0.9929766058921814,8
fun,loose,4.427734375,0.6244900226593018,8
fun,mischief,3.48046875,0.9118586182594299,8
funny,laughing,5.048828125,0.05381910502910614,8
funny,rural,-0.5869140625,0.3181465268135071,8
funny,smart,-2.2109375,0.21966853737831116,8
funny,spirited,2.2613525390625,1.1552505493164062,8
funny,weird,0.037109375,-0.1515885591506958,8
gabble,nonsense,2.0458984375,-0.31609487533569336,8
gallows,whip,1.6328125,1.2954206466674805,8
gaped,stared,0.5647735595703125,-1.7512569427490234,8
gasped,laughed,-2.975250244140625,0.40226995944976807,8
gasped,sprayed,0.45462799072265625,1.526562213897705,8
gasped,stared,2.841217041015625,0.028124839067459106,8
gasped,wheezed,1.5878143310546875,0.14216959476470947,8
gentlest,meekest,3.2805328369140625,0.1448669135570526,8
glass,pour,8.568359375,5.213963031768799,8
glee,happiness,0.875244140625,0.2951061725616455,8
glee,joy,-1.220703125,-0.10707508772611618,8
grandmere,mother,-5.154296875,-2.266312599182129,8
grapes,ham,0.1884765625,-0.052476897835731506,8
grassland,redwood,1.345703125,0.034366458654403687,8
grassland,woodland,-2.1689453125,0.12725776433944702,8
greasiness,thickness,-2.615234375,-0.07322981208562851,8
great,kind,1.732421875,1.2745997905731201,8
great,little,2.453125,1.197051763534546,8
great,mighty,1.849609375,1.275486946105957,8
great,mystical,-5.2412109375,1.8813247680664062,8
great,novel,-0.09375,0.32790547609329224,8
great,shining,0.38671875,0.5693784356117249,8
great,ultimate,1.63818359375,2.393367052078247,8
greener,greener,0.0,-0.12648069858551025,8
gripped,powerless,1.3939208984375,-0.6346232891082764,8
groups,individuals,-3.2563304901123047,-0.5452353954315186,8
grow,grow,0.0,-0.12648069858551025,8
grow,implant,3.0078125,2.898413896560669,8
grow,spread,-0.4296875,2.5175893306732178,8
growing,growing,0.0,-0.12648069858551025,8
growing,young,-0.171875,-2.3147542476654053,8
growth,jobs,0.2822265625,0.8029167056083679,8
guilt,sin,3.8798828125,-1.8334670066833496,8
gullets,lies,-2.767578125,0.05418716371059418,8
gumbo,jambalaya,-1.32421875,-0.02667948603630066,8
ham,mushroom,0.82489013671875,0.9168943762779236,8
happiness,health,1.52734375,0.9827451109886169,8
happiness,joy,-0.0498046875,-0.23894774913787842,8
happiness,sadness,-4.019287109375,1.0127599239349365,8
hardy,vigorous,2.678955078125,0.40250784158706665,8
hardy,young,-4.1533203125,-1.6560015678405762,8
harshness,unkindness,-0.81097412109375,-0.5662211775779724,8
hasidic,mystical,0.271484375,-0.5110018253326416,8
head,shoulders,11.560546875,-1.0549182891845703,8
headstrong,rash,-0.368896484375,0.12170934677124023,8
headstrong,wilful,3.0491943359375,0.627009391784668,8
health,illness,-0.310546875,0.5178806781768799,8
heard,knew,-1.146484375,1.3169639110565186,8
heard,laughed,-1.27734375,-2.922804832458496,8
heard,recognised,-0.399566650390625,0.392173707485199,8
heard,smiled,0.998046875,-2.842559576034546,8
heavy,layered,1.599609375,1.7477409839630127,8
heavy,pugnacious,-1.6171875,0.7471279501914978,8
heavy,sharp,-1.357421875,-0.3552573323249817,8
heavy,unsteady,3.535400390625,2.117330312728882,8
helpful,kind,0.779327392578125,0.2475423812866211,8
heterogeneous,homogeneous,-7.292749404907227,-0.6042496562004089,8
holly,ivy,-0.4208984375,0.6706309914588928,8
homogeneous,isotropic,6.0068359375,0.846834123134613,8
hoped,hoped,0.0,-0.12648069858551025,8
humble,serene,1.0771484375,1.9009835720062256,8
humble,sorrowful,1.3583984375,-0.6885340809822083,8
hundreds,hundreds,0.0,-0.12648069858551025,8
hungry,needy,-0.095703125,0.9617593884468079,8
hungry,young,-1.212890625,-2.0698864459991455,8
illness,surgery,-0.234375,0.40113580226898193,8
illogical,rambling,-1.1900634765625,-0.5514598488807678,8
imagininary,self,-4.275390625,-0.7972575426101685,8
indigenous,territorial,-0.6013298034667969,1.064000129699707,8
individuals,institutions,2.5570497512817383,0.7775078415870667,8
inexperience,shortcomings,-1.3179931640625,0.36051321029663086,8
inexperienced,young,-0.67218017578125,-1.311309576034546,8
influence,power,-2.63671875,0.9390742182731628,8
ink,oil,-4.203125,-3.2158377170562744,8
inquiries,reminiscences,-0.09161949157714844,-0.6009668707847595,8
institutions,power,-2.8061904907226562,0.49515581130981445,8
institutions,pupils,-1.727691650390625,-1.03083074092865,8
iodine,tyrosine,-3.3984375,-0.3142544627189636,8
isolated,rural,0.029052734375,0.4515500068664551,8
ivy,moss,-1.7919921875,-0.6531736850738525,8
jealous,selfish,1.4161376953125,-0.5252350568771362,8
jobs,roads,0.95703125,-0.8056555390357971,8
joy,power,0.5419921875,0.3097168803215027,8
joy,rest,3.2373046875,1.1135096549987793,8
joy,sadness,-2.814453125,-0.6199795007705688,8
joy,song,5.427734375,0.022220313549041748,8
joy,surprise,-1.81640625,-1.9982190132141113,8
jumped,jumped,0.0,-0.12648069858551025,8
justice,reward,1.673828125,0.21986135840415955,8
kind,patient,4.423828125,1.3373701572418213,8
kind,polite,-2.24609375,-2.371474504470825,8
kind,righteous,-4.47998046875,-2.419996976852417,8
kind,smart,-2.7734375,-2.444895029067993,8
kit,ropes,-3.1943359375,-3.040381669998169,8
knew,respected,2.85888671875,-0.29224345088005066,8
knew,suspected,3.574310302734375,-0.1873413324356079,8
later,later,0.0,-0.12648069858551025,8
laughed,laughed,0.0,-0.12648069858551025,8
laughed,lay,2.185546875,0.9958245158195496,8
laughed,scrapped,2.255615234375,0.33041590452194214,8
laughed,stopped,-3.8974609375,-1.5107316970825195,8
laughing,laughing,0.0,-0.12648069858551025,8
laughing,lengthened,-7.1473388671875,0.6843032240867615,8
laughing,nonsense,-2.693359375,-0.18281587958335876,8
laughing,pointing,4.083984375,2.290666341781616,8
laughing,snorting,1.605865478515625,1.1594712734222412,8
laughing,tickled,-9.1512451171875,2.426621913909912,8
laughing,yelling,-1.1048698425292969,1.5014662742614746,8
laws,rules,4.60546875,0.6191285252571106,8
laws,theories,1.5087890625,-0.6580941081047058,8
leave,need,-11.314453125,0.09252449870109558,8
left,left,0.0,-0.12648069858551025,8
legendary,mythical,1.959381103515625,0.39191192388534546,8
lemon,oil,-2.443359375,-0.8729567527770996,8
lesser,lesser,0.0,-0.12648069858551025,8
little,naughty,2.794921875,0.9224130511283875,8
little,twiggy,2.720703125,0.603552520275116,8
little,young,-4.5244140625,-1.5848140716552734,8
littler,littler,0.0,-0.12648069858551025,8
lizards,spiders,-1.57183837890625,0.41838544607162476,8
lnfluence,power,4.4453125,0.17156019806861877,8
losses,reward,-0.005859375,0.08965852856636047,8
lots,lots,0.0,-0.12648069858551025,8
lunatic,silly,5.5908203125,-0.13367819786071777,8
massages,yoga,-1.19921875,0.8404622673988342,8
mechanics,use,1.05859375,1.9261868000030518,8
mighty,unmistakable,-9.050872802734375,1.5482580661773682,8
mime,nonverbals,2.2978515625,0.4376128315925598,8
mime,pointing,0.501953125,2.058074712753296,8
minutes,minutes,0.0,-0.12648069858551025,8
miserly,squalid,0.041748046875,-0.9011568427085876,8
moss,tussocks,-1.333984375,-0.30408990383148193,8
mother,mother,0.0,-0.12648069858551025,8
mother,sons,3.703125,-0.9960388541221619,8
motorways,roads,-1.2099609375,-0.6667627692222595,8
mystical,prophetic,4.470703125,0.12187358736991882,8
naive,young,-3.530029296875,-2.774214506149292,8
naughty,wilful,2.828857421875,0.8920966982841492,8
nearer,nearer,0.0,-0.12648069858551025,8
nearer,possible,2.810546875,4.331655025482178,8
neat,petite,1.4482421875,4.014830112457275,8
neat,smart,-0.6171875,0.1814950704574585,8
neat,tidy,2.05517578125,1.4270861148834229,8
notebook,pencil,0.6865234375,-0.7132525444030762,8
novel,pleasing,1.8388671875,1.2759244441986084,8
novel,striking,-1.3603515625,0.9652134776115417,8
nuggets,nuggets,0.0,-0.12648069858551025,8
oil,pitch,1.736328125,0.3461384177207947,8
ones,zeroes,0.4296875,-0.6859439611434937,8
ones,zeros,-1.3046875,0.8140293955802917,8
orgies,perversions,-1.2705078125,1.7775087356567383,8
passing,passing,0.0,-0.12648069858551025,8
patching,patching,0.0,-0.12648069858551025,8
pencil,slate,-1.56640625,1.6582293510437012,8
perceptive,rational,1.08984375,-0.5001260042190552,8
peril,toil,2.9193115234375,-0.8473158478736877,8
perplexed,worried,-1.152491569519043,-1.2946534156799316,8
personable,young,-3.34765625,-1.7847650051116943,8
pie,potatoes,0.13671875,-1.1280138492584229,8
plants,protista,-0.61328125,1.6295475959777832,8
plants,protists,0.97265625,0.05039981007575989,8
plants,relatives,5.83441162109375,1.179762840270996,8
poems,sayings,3.498046875,1.0207595825195312,8
poems,tales,-1.379150390625,-0.6483337879180908,8
potatoes,stew,1.46484375,4.982223987579346,8
pour,stir,-1.3125,-0.8253765106201172,8
power,power,0.0,-0.12648069858551025,8
preteens,teenagers,-4.203033447265625,-2.1151785850524902,8
programs,protocols,-1.132537841796875,-0.14208954572677612,8
protesting,rioting,-1.999542236328125,-0.8598547577857971,8
puking,shock,-0.83203125,-0.5659562349319458,8
purtier,purtier,0.0,-0.12648069858551025,8
quake,shake,-0.8984375,-0.762444257736206,8
quicksand,swamp,-0.833984375,0.25113779306411743,8
rasping,scraping,1.099365234375,-0.14391666650772095,8
rational,smart,-2.623046875,-0.9074041247367859,8
realistic,striking,-1.15771484375,0.35621386766433716,8
rebelling,rioting,-0.0321044921875,0.2081405520439148,8
recover,rest,-2.0858154296875,-3.0772390365600586,8
refreshing,rest,0.551025390625,-1.2861034870147705,8
refreshing,unmistakable,1.66845703125,-0.7079736590385437,8
rehab,rest,-1.8262939453125,-1.121298909187317,8
rehydrate,rest,-1.179840087890625,-0.07393375039100647,8
rein,whip,-3.16015625,-1.3818814754486084,8
replenish,rest,-2.954345703125,-0.12370951473712921,8
restarted,stopped,-2.164093017578125,-1.747751235961914,8
rhyme,rune,6.0107421875,2.2815186977386475,8
rigging,sails,-4.7958984375,-2.1334128379821777,8
rigging,spars,0.052734375,-1.2972054481506348,8
rolling,wheeled,2.587890625,-0.9850970506668091,8
rolling,yelling,0.5694580078125,0.11666768789291382,8
ropes,sails,0.35205078125,0.7306489944458008,8
ropes,spars,-0.42822265625,0.545902669429779,8
rows,rows,0.0,-0.12648069858551025,8
rub,rub,0.0,-0.12648069858551025,8
rustling,snuffling,1.150390625,0.012432068586349487,8
sadness,stillness,-0.9013671875,-0.4452649652957916,8
sandstorms,whirlwinds,1.26953125,0.20650413632392883,8
saved,saved,0.0,-0.12648069858551025,8
scold,scold,0.0,-0.12648069858551025,8
scratched,scratched,0.0,-0.12648069858551025,8
screw,struggle,-1.873046875,-1.6787762641906738,8
seedy,stressful,0.87255859375,0.1624716818332672,8
seesaw,swing,-5.294921875,-0.5323302745819092,8
selfish,wilful,-2.6435546875,0.5336218476295471,8
sharp,spirited,2.08154296875,2.3409528732299805,8
shipping,transport,2.0302734375,1.8475172519683838,8
sin,wickedness,2.17578125,1.9805185794830322,8
smart,young,-4.201171875,-0.680645763874054,8
smiled,smiled,0.0,-0.12648069858551025,8
smiled,stared,1.1832275390625,0.6338114142417908,8
sorrowful,stolen,-3.916259765625,1.2811226844787598,8
spies,traitors,1.056732177734375,1.5305931568145752,8
sporadic,weird,0.85546875,-1.7389471530914307,8
spread,spread,0.0,-0.12648069858551025,8
stalwart,vigorous,-0.700439453125,0.20361104607582092,8
stared,stared,0.0,-0.12648069858551025,8
stared,stopped,-7.495361328125,-1.6947376728057861,8
stopped,wheeled,2.0343589782714844,1.711479902267456,8
stunning,young,-1.8837890625,-2.5936920642852783,8
sucking,sucking,0.0,-0.12648069858551025,8
superficial,superficial,0.0,-0.12648069858551025,8
swing,swing,0.0,-0.12648069858551025,8
third,third,0.0,-0.12648069858551025,8
thus,thus,0.0,-0.12648069858551025,8
tolerance,unity,1.095703125,1.0775535106658936,8
tourists,vagrants,-2.8343048095703125,0.5585587620735168,8
tourists,visitors,-1.46875,0.2575376033782959,8
untrained,unwarlike,-2.346435546875,1.13822603225708,8
untrained,young,-1.806396484375,-2.795941114425659,8
untried,young,-2.234375,-2.8508684635162354,8
use,washing,-0.451171875,-0.7147194147109985,8
use,yardage,-3.828125,-2.3691024780273438,8
vigorous,young,-6.275634765625,-2.816434144973755,8
viral,young,-3.15234375,-2.6256043910980225,8
watches,websites,0.0191650390625,-0.4319505989551544,8
waving,yelling,-1.6552734375,-0.8284743428230286,8
wondered,wondered,0.0,-0.12648069858551025,8
wuss,wuss,0.0,-0.12648069858551025,8
aboriginal,natural,-0.3079376220703125,-1.8211891651153564,9
absolute,real,-2.060546875,0.1786179393529892,9
absolute,rich,4.744140625,-1.3993840217590332,9
acquired,natural,-1.4736328125,-2.0584192276000977,9
actual,real,-2.40625,-1.2548456192016602,9
admirable,exciting,1.1142578125,0.00504978746175766,9
admirable,fine,-3.044921875,-0.3629649877548218,9
admiration,respect,-0.316680908203125,-0.3335517644882202,9
admiration,wonder,-1.2623748779296875,-0.20949523150920868,9
adventurers,explorers,0.43798828125,-0.008849363774061203,9
affirmative,negative,1.623504638671875,-0.5483123064041138,9
affrighted,fled,4.66021728515625,-0.40328240394592285,9
affrighted,trembling,-3.1624832153320312,-1.0071321725845337,9
ages,ages,0.0,0.0017864052206277847,9
aggression,appeasement,-1.42822265625,0.5697686076164246,9
aggression,kindness,-1.23828125,-1.5945978164672852,9
aging,frail,-0.076171875,-1.053094744682312,9
ambulances,generators,-3.926513671875,-0.34146279096603394,9
amusing,exciting,2.2958984375,-0.9959850311279297,9
ancient,due,0.3125,5.536271095275879,9
ancient,rich,-4.330078125,0.3803468346595764,9
antibacterial,antiviral,-1.21875,0.5130099058151245,9
arabesques,sprigs,-2.482421875,-0.2100977748632431,9
armenian,jewish,-1.0858154296875,0.43892210721969604,9
arms,breasts,-0.110595703125,1.1370052099227905,9
arthritis,psoriasis,2.565765380859375,-0.6596570014953613,9
artifacts,attributes,2.89703369140625,-0.4448922276496887,9
asian,asian,0.0,0.0017864052206277847,9
asian,portuguese,1.1971282958984375,-1.827123999595642,9
asian,shit,5.3515625,1.0781686305999756,9
aunt,grandmamma,-0.54705810546875,-0.3885961174964905,9
axe,knife,-2.857421875,-1.1487098932266235,9
babbling,noises,-5.90576171875,0.10170920193195343,9
bacteria,parasites,4.36553955078125,-0.3245058059692383,9
baked,crumbling,-1.27734375,-0.31254011392593384,9
balloons,kites,1.470458984375,0.9925505518913269,9
bananas,plantains,1.1986083984375,0.4681960940361023,9
banding,convection,-0.80078125,1.967607021331787,9
bats,slings,-2.620849609375,0.5432879328727722,9
bayou,forest,1.02734375,-0.6067031621932983,9
beams,boards,-3.361328125,0.39988797903060913,9
beef,gravy,4.7646484375,-0.2971671223640442,9
befurbelowed,beruffled,-2.27734375,-1.052770972251892,9
behaviour,effort,0.937591552734375,-1.0274369716644287,9
behold,despair,5.691650390625,0.875167965888977,9
beneficial,safe,-1.9619140625,-1.3348088264465332,9
berries,drupes,0.01611328125,0.5239742398262024,9
berries,fruits,2.0167236328125,-0.783306360244751,9
berries,leaves,1.7203369140625,-0.17425817251205444,9
berries,orange,0.03045654296875,-0.10399062931537628,9
berries,seeds,0.9591064453125,-0.4353996515274048,9
beryls,turquoises,1.9775390625,0.8522655963897705,9
bitten,transformed,5.50146484375,1.457805871963501,9
bizarre,genuine,-4.127410888671875,0.18349097669124603,9
blight,sickness,0.7939453125,0.0816827118396759,9
blotches,pimples,1.1474609375,0.043713390827178955,9
blundering,sinning,-0.4588623046875,-0.9430550336837769,9
blushes,smiles,-5.5234375,-0.7778921723365784,9
botany,zoology,-0.4323883056640625,-3.485358238220215,9
boughs,leaves,-0.720703125,0.7433310151100159,9
bounty,luck,2.1416015625,0.8278346657752991,9
brooks,hills,0.017822265625,-1.2461066246032715,9
broom,ponytail,-0.10595703125,1.3104147911071777,9
brotherly,sisterly,3.994140625,-0.15581542253494263,9
bubble,froth,-1.51708984375,0.20668017864227295,9
bubble,melt,1.699462890625,1.2245185375213623,9
burglars,tramps,1.0738525390625,0.008252888917922974,9
by,by,0.0,0.0017864052206277847,9
cables,switches,-1.0654296875,0.8526253700256348,9
cajole,push,-0.580078125,-1.4895163774490356,9
calming,cooling,1.435546875,-0.38977283239364624,9
capelin,launce,4.56640625,-1.8677175045013428,9
carefully,cautiously,1.52978515625,0.9630680084228516,9
carelessly,innocently,2.7005786895751953,0.26071929931640625,9
censure,reproach,2.419677734375,1.5379881858825684,9
cha,mot,0.46875,-1.2944631576538086,9
chair,cover,0.234375,3.570026397705078,9
chair,cowboy,0.37353515625,1.9884188175201416,9
chair,door,-2.560546875,1.697539210319519,9
chairs,settees,1.166015625,0.9882436990737915,9
charcoal,wire,0.01531982421875,-1.2920982837677002,9
charity,kindness,1.09765625,-0.16862691938877106,9
cheaply,easily,1.2109375,1.6713981628417969,9
chewing,swallowing,-0.5419921875,0.25575512647628784,9
chill,gloom,-1.3441162109375,-0.5744284391403198,9
chill,penetrating,-0.8037185668945312,0.5513943433761597,9
chilling,hard,-1.80712890625,-0.9882864952087402,9
chips,sausage,-3.15234375,-0.17420470714569092,9
choke,cough,-1.064697265625,-0.7180954217910767,9
cigarettes,coffee,1.2481403350830078,-1.9950401782989502,9
circled,circled,0.0,0.0017864052206277847,9
cj,vf,4.396728515625,1.2996238470077515,9
cleanse,purify,-1.34033203125,-0.5959044694900513,9
clouds,convection,1.3859405517578125,0.9639451503753662,9
clouds,mist,0.7041015625,-1.054973840713501,9
clouds,surf,7.625732421875,2.0550167560577393,9
coatings,semiconductors,0.87548828125,0.6376256942749023,9
coffee,conversation,3.8330078125,1.7403762340545654,9
coffee,cookies,0.8056640625,0.5148276686668396,9
coffee,more,5.744140625,2.8186728954315186,9
coffee,shit,4.65234375,3.2043399810791016,9
coke,shit,3.04296875,1.4542170763015747,9
collected,cool,-2.52447509765625,-1.6990270614624023,9
collected,correlated,0.07344818115234375,0.18005990982055664,9
color,shape,-0.7421875,-0.9070988297462463,9
color,warmth,-2.023193359375,-0.36623793840408325,9
combustion,corrosion,0.607666015625,0.30685144662857056,9
combustion,respiration,0.5406532287597656,0.11723418533802032,9
complications,mortality,-0.47662353515625,-2.397752046585083,9
computered,transcribed,2.763671875,-0.4176856279373169,9
concerts,nightclubs,-1.9532470703125,-2.432662010192871,9
condensed,distilled,-0.26348876953125,0.2531503736972809,9
confessed,killed,1.8016357421875,-1.9005686044692993,9
confiding,tender,-1.830078125,-2.7184722423553467,9
conspiracies,plots,-0.6326828002929688,-1.0037811994552612,9
constantly,hard,-2.43505859375,-1.1921594142913818,9
contented,happy,0.57208251953125,-2.2908430099487305,9
contented,thankful,0.40234375,0.5122261643409729,9
contrary,ungrateful,0.9695320129394531,0.40450364351272583,9
controlled,natural,-0.46533203125,-1.6748539209365845,9
cool,cool,0.0,0.0017864052206277847,9
cool,hard,0.1904296875,-0.8004971742630005,9
cool,harden,1.2294921875,1.1377781629562378,9
cool,lovely,-2.587890625,0.17435236275196075,9
cool,shadowy,3.0400390625,0.780874490737915,9
cool,short,0.126953125,-0.7817228436470032,9
cool,warm,0.064453125,-1.0208772420883179,9
cool,wetting,-1.5078125,0.3435468077659607,9
cordial,warm,-1.18212890625,-2.044661521911621,9
corrosion,electrochemistry,-0.0592041015625,-1.0537023544311523,9
corrupted,rich,-4.3095703125,-1.8014819622039795,9
cough,cough,0.0,0.0017864052206277847,9
cowed,trembling,2.535829544067383,0.11509357392787933,9
crabs,periwinkles,0.0057373046875,0.6484922766685486,9
created,destroyed,0.14453125,0.05344809591770172,9
created,directed,0.109375,0.37352484464645386,9
cries,cries,0.0,0.0017864052206277847,9
cries,falls,1.73828125,-2.727052688598633,9
cries,jeers,1.349609375,-0.4076817035675049,9
cries,noises,-3.5703125,-0.3878999352455139,9
crumbling,dirty,2.189453125,0.11489616334438324,9
crumbs,water,-0.2568359375,0.8513321876525879,9
dams,railroads,-0.617462158203125,0.8897095918655396,9
dbottle,teapot,-1.5966682434082031,-1.6383113861083984,9
decorating,unpacking,-2.098876953125,-0.24617473781108856,9
dedicated,hard,-0.4697265625,-1.770141839981079,9
dedicated,talented,-1.778564453125,-1.1614705324172974,9
deepest,finest,-0.28887939453125,0.4287593960762024,9
defiled,killed,-1.4169921875,-1.1871007680892944,9
deliberation,skill,-0.294921875,-1.132936716079712,9
demeanor,speech,-3.166015625,-0.6447544693946838,9
deposed,fled,2.654296875,-1.2908048629760742,9
designs,prototypes,0.1337890625,-0.6824115514755249,9
desk,door,0.1005859375,1.70186185836792,9
desolate,pitiful,-2.315185546875,-1.640924096107483,9
despair,gloom,0.1229248046875,-2.336289405822754,9
despair,weariness,0.98345947265625,-2.3517801761627197,9
destroyed,plundered,-0.225799560546875,0.9432888031005859,9
die,go,-2.478515625,-0.7065659165382385,9
die,live,-0.091796875,-1.1602872610092163,9
die,overheat,-2.71875,0.5095743536949158,9
die,pine,0.8984375,0.14756865799427032,9
die,sicken,1.169921875,2.9471333026885986,9
dimms,processors,0.880859375,1.2802660465240479,9
dipping,lifting,-1.609130859375,1.3275831937789917,9
directed,founded,-3.27734375,-0.8436398506164551,9
dirtiest,hardest,-2.938720703125,0.43768274784088135,9
dirty,dirty,0.0,0.0017864052206277847,9
dirty,dumpy,0.39453125,0.6338084936141968,9
dirty,filthy,-0.023529052734375,0.8356401920318604,9
dirty,hard,-0.11328125,-0.0287657231092453,9
dirty,mane,-1.0546875,-0.017484471201896667,9
disappear,evaporate,0.6201171875,0.7537477612495422,9
displeased,grieved,0.2765617370605469,-0.9609463214874268,9
displeased,mortified,-0.83209228515625,-1.1636786460876465,9
donkey,shrek,0.23779296875,1.2100355625152588,9
door,wall,0.28125,0.39368581771850586,9
due,proper,0.33203125,-2.4262855052948,9
dumpy,listless,-0.98828125,-0.08835917711257935,9
dumpy,short,-0.734375,-0.11395338177680969,9
dwarves,elves,-0.3759765625,0.2732665538787842,9
dwarves,midgets,-1.31591796875,0.6488796472549438,9
dying,wounded,0.359375,-0.4590291976928711,9
easily,naturally,0.578125,1.485559344291687,9
eels,soles,-5.513671875,-0.7889707088470459,9
elastic,sticky,-3.6566162109375,0.37334954738616943,9
elated,happy,0.7255859375,-1.5773985385894775,9
elves,gnomes,2.7275390625,-0.6949262022972107,9
embalming,mummification,2.017578125,-0.4035990238189697,9
engaging,speaking,-1.22265625,-0.5429245829582214,9
enterprising,hard,1.576416015625,-0.12328360974788666,9
erases,sponge,-2.01953125,-3.689016342163086,9
escape,flight,3.623046875,-0.13381890952587128,9
escape,return,2.39453125,0.4627388119697571,9
escape,safety,0.16796875,-1.4391087293624878,9
evidence,procedure,1.06396484375,-1.4063690900802612,9
exchanged,recycled,-2.9595794677734375,-0.9087008833885193,9
exciting,hard,1.06640625,-0.2869921326637268,9
exciting,severe,-2.203125,-0.10607436299324036,9
exile,poverty,-1.5531444549560547,-3.3253557682037354,9
existing,projected,2.721923828125,-0.3863334059715271,9
explore,go,-4.341796875,-1.3541254997253418,9
explorers,sailors,-1.29058837890625,-0.23400793969631195,9
faint,indistinct,4.41961669921875,2.614377975463867,9
faint,lovely,-1.955078125,0.6696580648422241,9
faithless,perverse,1.470703125,-0.37086427211761475,9
falls,trips,-1.5244140625,0.03448675572872162,9
favour,kindness,0.03076171875,-0.8720837831497192,9
feasts,sake,-1.09423828125,1.0587399005889893,9
fences,sheds,-0.5087890625,0.6161150932312012,9
fertilizer,seeds,-5.392578125,-1.4663503170013428,9
few,scattering,-1.8876953125,-1.7989174127578735,9
few,short,-1.4375,-2.3202781677246094,9
fia,mot,-0.328125,-2.475278615951538,9
fidelity,luck,-0.749267578125,1.0085252523422241,9
field,flood,0.169921875,0.48346227407455444,9
field,forest,1.841796875,-0.674590528011322,9
figures,lights,-1.318359375,-0.7561766505241394,9
filthy,yonkers,-0.9755859375,-0.9594470262527466,9
finally,then,0.375,-0.8599156141281128,9
fine,flyaway,4.478515625,-0.06165449321269989,9
fine,lovely,2.822265625,0.5275406241416931,9
fine,loyal,2.0546875,0.45761406421661377,9
fine,pretty,-0.791015625,-0.5786000490188599,9
fine,warm,-0.171875,-1.234839677810669,9
finest,hardest,1.1829833984375,0.26346755027770996,9
firm,hard,-0.251953125,-0.8125531673431396,9
firm,unyielding,-0.6424560546875,1.9990875720977783,9
fled,gone,1.048828125,0.031199902296066284,9
flint,rubble,2.1429061889648438,0.23854757845401764,9
flint,stone,2.11328125,-2.1811370849609375,9
flow,flow,0.0,0.0017864052206277847,9
following,safety,-4.810546875,-3.598691463470459,9
fondness,respect,-0.0751953125,2.3394670486450195,9
forbearance,patience,0.64599609375,0.5181030035018921,9
forest,plain,-0.05859375,0.1584676057100296,9
forest,stream,2.3515625,0.15755052864551544,9
fornication,matchmaking,-3.9765625,0.3811008334159851,9
forward,return,-0.20703125,0.9225653409957886,9
frail,pretty,0.58984375,-0.6288106441497803,9
freckles,shit,2.9541015625,1.7669947147369385,9
fruits,leaves,1.9161376953125,-0.6089698076248169,9
fruits,seeds,0.190155029296875,0.7451451420783997,9
frustration,research,-6.669921875,-1.6743091344833374,9
funnier,funnier,0.0,0.0017864052206277847,9
fussily,noisily,0.1234130859375,1.1494371891021729,9
gasping,singed,0.60107421875,2.8772921562194824,9
gasping,trembling,2.242321014404297,0.09741973876953125,9
gazed,gazed,0.0,0.0017864052206277847,9
gazed,sympathized,0.42085838317871094,0.16800734400749207,9
gentle,loyal,1.18359375,0.5144971013069153,9
gentle,pretty,1.2646484375,0.671859860420227,9
gentle,refined,2.48828125,1.8193347454071045,9
gentle,safe,-5.2018585205078125,-1.143716812133789,9
gentle,tender,1.162109375,0.492792546749115,9
gentle,valiant,1.916015625,1.7032437324523926,9
gentle,warm,-2.82965087890625,-0.3666294813156128,9
gerken,leigh,2.00390625,-1.2881001234054565,9
gloom,unhappiness,-4.589935302734375,1.3099899291992188,9
gnomes,pixies,0.6939697265625,0.1314692348241806,9
go,go,0.0,0.0017864052206277847,9
go,grumble,1.905059814453125,1.305987000465393,9
go,inquire,5.11260986328125,3.755441665649414,9
go,live,8.166015625,1.258287787437439,9
go,push,-0.10546875,-0.35635238885879517,9
go,return,3.8568115234375,1.0990798473358154,9
go,sleep,4.21484375,0.5042280554771423,9
go,switch,1.251953125,1.169042706489563,9
goatees,tattoos,-4.546875,-0.22384703159332275,9
golden,pink,-2.03125,-1.4267394542694092,9
golden,rosy,-1.48681640625,-0.42668867111206055,9
golden,warm,-4.26953125,-1.7755393981933594,9
gone,vanished,-0.809326171875,-0.7735759615898132,9
grasslands,woodlands,-2.52392578125,-0.11574813723564148,9
gravy,starch,-2.3681640625,-0.0610564649105072,9
guitarist,keyboardist,-7.7014007568359375,-0.08488655090332031,9
half,half,0.0,0.0017864052206277847,9
half,inch,-3.27734375,-0.7458173632621765,9
hall,saw,12.421875,3.883000373840332,9
hammer,saw,1.357421875,2.2009854316711426,9
hammer,screwdriver,0.6693038940429688,0.04141096770763397,9
happy,harmonious,-0.4140625,0.7568663358688354,9
happy,hurt,4.595703125,3.956817626953125,9
happy,natural,1.02734375,0.9592291712760925,9
happy,pretty,-2.294921875,-0.46496546268463135,9
happy,proper,3.11328125,1.082690715789795,9
happy,rich,-1.982421875,-1.4690077304840088,9
happy,rosy,-2.33984375,-0.2441415935754776,9
happy,safe,-0.505859375,-0.5249007344245911,9
happy,thankful,0.377197265625,1.4313068389892578,9
happy,there,0.16015625,-0.16468952596187592,9
happy,warm,-0.3642578125,0.14017494022846222,9
hard,harsh,3.1611328125,-1.154325008392334,9
hard,heartless,0.92578125,0.23419241607189178,9
hard,painful,3.1982421875,1.3060532808303833,9
hard,severe,0.900390625,0.34486544132232666,9
hard,square,0.96484375,-0.46946799755096436,9
hard,tiresome,0.75,0.7946248054504395,9
hard,trying,2.421875,1.2929587364196777,9
hard,unyielding,1.89892578125,2.0294010639190674,9
harsh,unfair,0.1182861328125,0.49501073360443115,9
harsh,unpleasing,4.03076171875,1.150354266166687,9
hawks,kites,3.232421875,1.3008804321289062,9
hawks,owls,1.8050384521484375,-0.3937937021255493,9
haze,mist,-2.763671875,-0.7704191207885742,9
hearing,speech,-0.701171875,-0.9871780872344971,9
heartless,unsentimental,4.2607421875,0.9865608215332031,9
hills,lakes,1.734375,0.28877007961273193,9
hills,streams,1.3470458984375,0.8701975345611572,9
home,live,0.0546875,2.2727603912353516,9
home,safety,-1.732421875,0.27038782835006714,9
home,ship,1.517578125,1.9439148902893066,9
home,there,3.265625,0.49811118841171265,9
homeless,wandering,4.071533203125,0.5029162168502808,9
hoots,jeers,1.8173828125,0.6450008153915405,9
hoping,trying,-2.35546875,-0.31036287546157837,9
hoping,waiting,-4.048828125,-0.848950982093811,9
hunted,hunted,0.0,0.0017864052206277847,9
hunted,rose,-2.970012664794922,-2.240950345993042,9
hurt,killed,0.765625,0.19244475662708282,9
hurt,unhappiness,-2.184814453125,-1.4479504823684692,9
hurt,wounded,0.5478515625,-0.7483892440795898,9
hydrogen,rubidium,2.44677734375,0.604300320148468,9
ignorance,poverty,0.3880796432495117,-0.8317915201187134,9
ignorance,sloth,0.630767822265625,0.0862249881029129,9
inconsiderate,irresponsible,-2.07763671875,-0.6052783727645874,9
innocently,naturally,-4.1396484375,-0.17378459870815277,9
institutional,structural,-1.1259765625,-0.9650321006774902,9
insubordination,treason,-0.24169921875,-0.15183694660663605,9
insurrection,treason,-0.85858154296875,-0.9356484413146973,9
intrapreneurial,startup,2.201171875,0.8649616241455078,9
irresponsible,sadic,2.69580078125,0.5402315258979797,9
jewish,muslim,0.65234375,0.36368638277053833,9
jewish,polish,-0.05859375,-0.5891992449760437,9
judy,punch,3.0738525390625,0.44717729091644287,9
jumping,tossing,0.7938232421875,1.4323921203613281,9
killed,mutilated,0.0233154296875,0.7016003727912903,9
killed,trapped,-1.9229736328125,1.1748485565185547,9
killed,vanished,1.98388671875,0.5447990298271179,9
killed,wounded,1.931640625,-0.20667706429958344,9
kilograms,pounds,-0.316650390625,0.1605217605829239,9
kindness,respect,0.47265625,1.4913216829299927,9
kindness,teaching,1.572265625,2.0585532188415527,9
kindness,understanding,-2.7005615234375,2.0638184547424316,9
kisses,smiles,-2.47125244140625,-1.1637630462646484,9
knights,soldiers,2.4427032470703125,0.3685608506202698,9
lakes,streams,-0.2668914794921875,0.5525929927825928,9
layers,layers,0.0,0.0017864052206277847,9
leagues,leagues,0.0,0.0017864052206277847,9
leaping,taunting,-0.71923828125,0.06634733825922012,9
leaping,vaulting,-2.03289794921875,-1.3406879901885986,9
leaves,primroses,2.10089111328125,0.9619085192680359,9
lecturing,teaching,-2.49609375,-0.6620951294898987,9
lifting,shaking,2.6248817443847656,0.6669266223907471,9
lights,noises,2.900390625,1.3201292753219604,9
lights,ornaments,1.7606735229492188,0.8543089628219604,9
listless,uninterested,0.0340423583984375,1.680100679397583,9
literal,plain,-2.333984375,-2.019680976867676,9
live,sleep,2.75,0.1740752011537552,9
lotions,splints,-3.783203125,-1.104525089263916,9
lovable,lovely,-0.39483642578125,-1.1836085319519043,9
lovable,warm,-0.1204833984375,-1.5912773609161377,9
lovely,real,-2.58984375,0.89743572473526,9
lovely,talented,-0.46484375,1.1935142278671265,9
lovely,tender,0.9248046875,0.7184540629386902,9
lovely,warm,3.80078125,0.19884513318538666,9
lovingly,submissively,6.0808563232421875,0.7505558729171753,9
lovingly,warmly,-1.43310546875,-0.533139705657959,9
luck,skill,-1.564453125,0.150345578789711,9
magic,wonder,0.5908203125,0.714864194393158,9
main,orignal,-2.064453125,-3.0092897415161133,9
major,minor,2.49609375,0.4150543212890625,9
marches,protests,-1.1318359375,-0.6871936321258545,9
medication,therapy,2.58050537109375,-0.8741313219070435,9
microscopes,telescopes,-3.68084716796875,0.2667461335659027,9
miles,miles,0.0,0.0017864052206277847,9
misfortune,poverty,-1.5019969940185547,-1.7034517526626587,9
modifying,updating,0.851043701171875,-0.16198568046092987,9
mold,pat,-2.638671875,0.7551934123039246,9
monkeys,shit,4.923828125,2.1086792945861816,9
more,more,0.0,0.0017864052206277847,9
mortar,stone,-0.67333984375,0.5376504063606262,9
mot,smiles,11.626953125,2.582782745361328,9
motionless,prone,3.1225204467773438,2.399822473526001,9
murder,treason,0.623046875,-0.23355622589588165,9
name,shape,-2.48828125,-0.7945243120193481,9
narrower,shorter,-1.0263671875,0.6810376048088074,9
natural,proper,2.84375,0.8649038076400757,9
natural,safe,-2.89453125,-0.21187353134155273,9
natural,synthetic,-0.32861328125,-0.21972687542438507,9
natural,unconcerned,3.3463134765625,1.4405124187469482,9
neater,neater,0.0,0.0017864052206277847,9
needles,silks,3.22784423828125,-0.07582429051399231,9
needles,thimbles,-1.14727783203125,-0.37329423427581787,9
negative,positive,-4.1082763671875,-1.8656660318374634,9
negative,substandard,5.8721923828125,0.3025020360946655,9
night,sunlight,-3.2666015625,-0.6264703869819641,9
nouns,pronouns,-3.8127784729003906,0.14436572790145874,9
oblong,square,-2.650390625,-0.4686241149902344,9
olios,tarts,-1.58203125,-2.0391244888305664,9
orange,pineapple,-2.136016845703125,1.4447383880615234,9
orange,pink,1.140625,0.4208489656448364,9
oranges,wine,2.220703125,-1.4739744663238525,9
ornaments,slides,-4.142208099365234,-0.46016955375671387,9
override,unlock,4.07958984375,1.0238655805587769,9
painful,pitiful,1.4539794921875,-1.1071126461029053,9
painful,severe,0.66552734375,-0.0037528052926063538,9
participation,victories,0.595458984375,-0.21455919742584229,9
pine,spruce,2.98248291015625,-1.2540991306304932,9
plain,pretty,1.810546875,0.5035979747772217,9
plain,square,1.095703125,-0.3439079523086548,9
plain,unattractive,0.9033203125,1.155179500579834,9
plenty,plenty,0.0,0.0017864052206277847,9
plenty,warmth,-1.77685546875,-2.7920432090759277,9
plotting,scheming,-1.5535888671875,-0.5738218426704407,9
policemen,reporters,5.323089599609375,-1.17863929271698,9
policemen,soldiers,-2.934478759765625,-2.1278202533721924,9
policies,procedures,1.309326171875,0.09284692257642746,9
policies,programmes,2.08935546875,0.6777547597885132,9
pondered,pondered,0.0,0.0017864052206277847,9
pounds,pounds,0.0,0.0017864052206277847,9
pounds,throbs,-4.8515625,1.0518180131912231,9
pretty,refined,2.544921875,2.2426462173461914,9
pretty,safe,-0.919921875,-0.4936046004295349,9
prim,proper,-2.251953125,-1.3419058322906494,9
primed,waiting,1.91015625,-1.2239290475845337,9
procedure,structures,3.29248046875,0.20735202729701996,9
projects,texts,0.357666015625,-0.21792234480381012,9
proper,safe,-1.5,-2.4405264854431152,9
proposals,recommendations,0.54644775390625,-0.14969831705093384,9
protests,texts,1.58203125,0.06293723732233047,9
prowess,skill,-3.80859375,-0.4700798988342285,9
pry,push,-4.36328125,-0.45508235692977905,9
pushback,taxi,-1.84375,0.47242456674575806,9
question,wonder,-1.91015625,-1.1158665418624878,9
ragtags,scum,4.76953125,3.4451959133148193,9
railroads,utilities,-0.7420196533203125,-0.03129252791404724,9
real,symbolic,1.30712890625,-0.24547229707241058,9
real,valid,3.9501953125,0.7610306739807129,9
rent,taxes,-1.849853515625,0.6787893176078796,9
reproach,strife,-0.31353759765625,-1.9773838520050049,9
research,teaching,0.5419921875,1.714656949043274,9
resinous,vitreous,-0.865234375,-1.126904845237732,9
respect,understanding,-2.42578125,-0.24466754496097565,9
results,scores,5.3885498046875,-0.26795971393585205,9
return,sleep,-2.501953125,-1.1925926208496094,9
rich,rich,0.0,0.0017864052206277847,9
rich,warm,1.5703125,-0.25272101163864136,9
richer,richer,0.0,0.0017864052206277847,9
riflemen,soldiers,-0.07568359375,0.15949647128582,9
rockholes,streams,-1.2518310546875,-1.1776798963546753,9
roped,tied,3.353515625,0.07283060252666473,9
rose,rose,0.0,0.0017864052206277847,9
rose,waxed,2.5631103515625,3.3124423027038574,9
rosy,warm,0.494140625,-0.6684433221817017,9
rubble,spoil,2.69287109375,0.05970846116542816,9
sadder,sadder,0.0,0.0017864052206277847,9
safe,sheltered,1.02423095703125,2.411680221557617,9
safe,warm,3.78125,0.29603874683380127,9
safety,security,-0.205078125,-0.030352339148521423,9
sailors,soldiers,-3.6123809814453125,-0.7198234796524048,9
savory,tender,0.8896484375,-0.41728365421295166,9
saw,shrieked,-1.5581817626953125,-1.7291526794433594,9
scalded,smashed,0.4400634765625,1.4275274276733398,9
scholars,soldiers,1.23779296875,-0.3785627484321594,9
scholars,sultans,-1.7401580810546875,1.1673074960708618,9
seamen,soldiers,-2.82421875,-0.642581045627594,9
seclusion,shyness,-2.3616485595703125,-1.8595030307769775,9
security,warmth,-0.861328125,-1.1675658226013184,9
seeds,shit,3.3837890625,-0.33948326110839844,9
severe,unaccustomed,2.599987030029297,0.3822641372680664,9
shanties,sheds,1.20751953125,-0.12661786377429962,9
short,snappish,2.515625,1.7292271852493286,9
short,square,7.5,1.3123878240585327,9
short,stubby,2.125,1.5676350593566895,9
short,thickly,2.162109375,2.4436042308807373,9
shorter,shorter,0.0,0.0017864052206277847,9
silences,speech,2.822265625,-0.040201202034950256,9
singly,then,8.240234375,-0.539380669593811,9
sinning,sinning,0.0,0.0017864052206277847,9
sister,twin,-2.45361328125,0.850090742111206,9
sleep,sleep,0.0,0.0017864052206277847,9
sleepier,sleepier,0.0,0.0017864052206277847,9
smiles,sobs,1.144775390625,0.8529759645462036,9
smiles,waves,2.5234375,2.515044689178467,9
sniffed,sniffed,0.0,0.0017864052206277847,9
soap,water,2.009765625,-0.7359973192214966,9
sole,undivided,5.1865997314453125,0.35857510566711426,9
sorry,thankful,-1.26873779296875,0.28622496128082275,9
speech,swallowing,-0.15570068359375,3.274820327758789,9
squeeze,squeeze,0.0,0.0017864052206277847,9
squirming,struggling,-0.249267578125,1.6225943565368652,9
sticky,warm,2.658935546875,-1.031929612159729,9
subjective,symbolic,-1.9022216796875,0.11573134362697601,9
sunlight,water,0.805419921875,0.6033370494842529,9
swifter,swifter,0.0,0.0017864052206277847,9
then,then,0.0,0.0017864052206277847,9
then,there,-3.11328125,-2.7276268005371094,9
there,there,0.0,0.0017864052206277847,9
tied,wrapped,-1.1211624145507812,-0.2510003447532654,9
tiresome,trite,5.178607940673828,0.7349112033843994,9
tons,tons,0.0,0.0017864052206277847,9
trembling,twitching,0.9387960433959961,0.7549089789390564,9
trembling,waiting,1.9013185501098633,1.311511516571045,9
trying,trying,0.0,0.0017864052206277847,9
twirled,twirled,0.0,0.0017864052206277847,9
vanished,vanishing,0.001953125,-0.237714484333992,9
victual,water,-0.0595703125,-1.719627857208252,9
waiting,waiting,0.0,0.0017864052206277847,9
wall,water,0.41845703125,0.09871335327625275,9
warm,welcoming,2.470703125,2.526447296142578,9
water,water,0.0,0.0017864052206277847,9
water,wine,-5.3935546875,-1.2717435359954834,9
whiter,whiter,0.0,0.0017864052206277847,9
