word1,word2,preference,mlp_pred,fold
abetting,aiding,-3.52734375,-0.1348665952682495,0
academic,parental,-1.6673583984375,-0.8089773058891296,0
acceptance,recognition,-0.7430419921875,0.6622605919837952,0
acoustic,electric,4.15374755859375,-0.09284665435552597,0
adenine,guanine,0.642578125,-0.24664872884750366,0
adjustment,haggling,-0.3447265625,-1.5293418169021606,0
adventures,pictures,-1.611328125,0.27623265981674194,0
affirmation,liberation,-0.2138671875,-0.8685636520385742,0
afloat,popular,2.37481689453125,-0.46394628286361694,0
agents,supplies,0.04180908203125,0.5246368646621704,0
agreed,approved,-0.612762451171875,-0.7781238555908203,0
ahead,shiver,11.541015625,1.9936732053756714,0
airfields,factories,2.25836181640625,0.8783102631568909,0
airfields,ports,1.0662841796875,1.2839487791061401,0
ands,ifs,3.4365234375,-0.6153479814529419,0
angrier,angrier,0.0,-0.16724735498428345,0
annoyance,disappointment,0.78125,0.7151549458503723,0
annoyed,restless,0.072265625,-0.5084008574485779,0
anthropology,voice,5.78515625,-1.0566625595092773,0
apart,floor,-0.9921875,-3.808302164077759,0
apologize,stuff,2.92462158203125,2.0527617931365967,0
appalling,terrible,2.6969680786132812,-1.0493450164794922,0
applauding,cheering,-1.5906982421875,-1.0196020603179932,0
aqueducts,sewers,1.6865234375,-0.20547908544540405,0
arm,arm,0.0,-0.8467735648155212,0
aroused,irritated,3.406646728515625,1.0295270681381226,0
arrogance,riches,1.2431640625,-0.5387346148490906,0
arteries,veins,-1.3564453125,0.3215280771255493,0
arums,mangroves,1.25048828125,0.08001507073640823,0
associate,supporting,-0.013671875,0.2613961398601532,0
attack,attack,0.0,0.805382251739502,0
attack,defense,-0.10546875,-0.46255195140838623,0
attractions,television,-2.91796875,-3.3237390518188477,0
away,away,0.0,0.6747851371765137,0
away,down,0.365234375,1.023430585861206,0
away,good,1.6484375,-1.620880126953125,0
axes,scythes,-1.31591796875,0.1682339906692505,0
axes,shovels,-0.347412109375,0.6470744013786316,0
axes,spades,1.685791015625,0.3286744952201843,0
bacon,bread,-4.0226287841796875,-0.42211294174194336,0
bacon,cornbread,0.2553253173828125,0.019325144588947296,0
bald,stony,0.30859375,-1.2708535194396973,0
bald,toothless,-0.85546875,-0.55609130859375,0
bales,boxes,0.451171875,-0.7412229776382446,0
banged,clattered,-2.1523361206054688,0.08371306210756302,0
barrows,shovels,6.462493896484375,1.0824084281921387,0
bat,scull,-2.25,-1.0237843990325928,0
beast,men,-5.5390625,-0.7472954988479614,0
beige,green,-1.94140625,0.10684589296579361,0
beneficent,patriarchal,2.47052001953125,1.5280083417892456,0
better,better,0.0,0.4729321002960205,0
better,good,0.732421875,-3.2819948196411133,0
better,popular,4.5,-0.5271826386451721,0
better,worse,-0.25,0.3960680067539215,0
biblical,julian,3.4472503662109375,-0.19957461953163147,0
billboards,magazines,3.5657730102539062,-0.270935595035553,0
billions,billions,0.0,0.06360582262277603,0
blanket,coat,2.794921875,-0.5804077386856079,0
blanket,doll,-0.048828125,0.28018513321876526,0
blanket,popbeads,-3.24609375,2.0157885551452637,0
blindfold,plaintively,-6.85107421875,-0.30098146200180054,0
blink,sit,-1.6943359375,-2.2932262420654297,0
blistered,bloody,1.18359375,-0.5088659524917603,0
blistered,burned,2.603668212890625,-0.6458474397659302,0
bloody,guts,-4.896484375,-1.6731945276260376,0
bloody,terrible,1.55078125,-0.07062613219022751,0
bloody,well,-3.671875,-1.197619080543518,0
bloomers,sneakers,2.6036376953125,0.05644769221544266,0
blue,glowing,0.052734375,1.1775941848754883,0
blue,gold,0.515625,-1.0391968488693237,0
blue,green,0.3984375,0.4759218692779541,0
blue,restless,-2.63037109375,1.175247073173523,0
bonnet,veil,-3.173828125,1.3837701082229614,0
bony,discoloured,5.6884765625,1.1293009519577026,0
boobs,pubes,-0.00732421875,-0.5819064378738403,0
brains,pluck,0.890625,1.5996242761611938,0
bravely,unfalteringly,3.5057373046875,0.8940010070800781,0
bravely,well,-2.4365234375,0.8297207355499268,0
bread,fishes,2.3046875,1.8094466924667358,0
bread,salami,6.6142578125,2.7736711502075195,0
bread,stuff,3.20849609375,4.970095634460449,0
brickdust,paraffin,1.6842041015625,0.44411027431488037,0
brokenly,incoherently,1.9257965087890625,-0.01951233297586441,0
built,made,-1.166015625,1.3595513105392456,0
burial,cremation,-1.00555419921875,0.15887558460235596,0
burned,burned,0.0,0.4657684564590454,0
burned,spluttered,-3.93170166015625,-0.9723883271217346,0
bustling,dynamic,-2.3351211547851562,0.026982255280017853,0
calcified,hardened,2.109375,0.10644955188035965,0
calcium,oxygen,-1.3157157897949219,0.0879746600985527,0
calcium,phosphate,0.735076904296875,0.7131978273391724,0
calcium,plutonium,-1.502227783203125,0.5390572547912598,0
caps,goals,4.853515625,0.6022785305976868,0
caps,nightgowns,1.6087646484375,-1.5594416856765747,0
carriage,servants,-2.3828125,-0.1657819151878357,0
ceiling,floor,0.59405517578125,-4.566009998321533,0
cement,sand,-2.19140625,-1.1887909173965454,0
cement,steel,-0.58203125,-0.6850376725196838,0
charts,pictures,2.9423828125,-0.8586747646331787,0
cheering,hooting,-2.2359771728515625,-0.6096601486206055,0
cigars,lemonade,0.703125,0.3158026337623596,0
cinematography,photography,0.21300506591796875,-1.382405161857605,0
citizenship,history,1.119140625,0.25659680366516113,0
civil,commercial,0.1484375,1.259657621383667,0
cleaning,repairing,3.2750244140625,1.645043134689331,0
cleaning,stuff,7.59375,2.8631505966186523,0
clever,good,1.34375,-0.6023443341255188,0
clever,honest,1.685546875,1.0997345447540283,0
clever,industrious,6.8154296875,1.0852333307266235,0
coat,hat,-1.09375,0.8791943788528442,0
comedy,dancing,-1.12109375,0.1989949345588684,0
comedy,songs,-1.4765625,0.5689549446105957,0
comfort,counsel,1.39453125,2.177868604660034,0
comfort,delight,0.447265625,1.6684852838516235,0
comfort,edification,-1.330078125,0.967034101486206,0
comfort,inspiration,-1.593475341796875,1.2508476972579956,0
comfort,prosperity,-0.09796142578125,0.9912052154541016,0
comfort,riches,1.646484375,1.4893163442611694,0
comfort,support,0.880859375,1.9743438959121704,0
commanding,distinct,-2.5771484375,-1.1692909002304077,0
commercial,corporate,0.5791015625,-0.06660523265600204,0
commercial,ferry,-0.9921875,1.704925775527954,0
compliments,court,1.72271728515625,-1.17617666721344,0
comprehensiveness,depth,3.368621826171875,-0.5561872124671936,0
constitutionalism,economics,-0.1228485107421875,-0.32970619201660156,0
contemptuous,curt,1.25732421875,0.014142222702503204,0
contents,hat,-3.7747802734375,-2.806447982788086,0
contracts,licenses,2.8592529296875,-0.03918831795454025,0
copper,gold,0.66796875,-0.5288897156715393,0
copper,steel,2.07421875,0.6753981709480286,0
corn,oysters,0.595458984375,1.2564982175827026,0
correct,correct,0.0,-0.5623242259025574,0
correct,erase,-0.6796875,0.5527852773666382,0
correct,present,0.83984375,0.8378399014472961,0
corrected,typed,-0.5559749603271484,-0.12337570637464523,0
coughs,groans,1.4080810546875,1.0720134973526,0
coughs,sings,-0.40966796875,0.7458788156509399,0
court,perjury,0.796875,1.1987053155899048,0
covert,ingenious,-2.58154296875,0.2015719711780548,0
cowered,such,3.2109375,-0.040071599185466766,0
creaked,swerved,1.548828125,-0.584241509437561,0
crepuscular,diurnal,0.767333984375,0.7422499060630798,0
cricket,football,1.6953125,-1.2252998352050781,0
crosser,crosser,0.0,0.21561309695243835,0
crows,poultry,-3.55841064453125,0.16621309518814087,0
cubes,triangles,2.60015869140625,-0.4198799729347229,0
danby,winter,-3.19140625,-0.6148919463157654,0
dancers,wood,3.4591064453125,-1.4331403970718384,0
dancing,dinner,-4.59375,-1.9707940816879272,0
dancing,drinking,0.63671875,0.5737140774726868,0
deaf,stupid,3.01116943359375,-0.3604607582092285,0
debauch,riot,-0.375,-1.8974294662475586,0
defector,stateless,-1.72265625,-0.3392074406147003,0
defense,offense,4.1669921875,0.9751354455947876,0
dehydration,deprotonation,3.604736328125,-0.8083890676498413,0
delight,tenderness,-0.6015625,-0.5477505922317505,0
demonstrations,petitions,-1.380859375,-1.6350574493408203,0
depth,diameter,-6.086662292480469,-0.22228729724884033,0
depth,information,4.1533203125,-0.3756526708602905,0
depth,soundness,0.77490234375,-0.908302903175354,0
despised,poor,-2.2159423828125,-2.8514254093170166,0
devils,witches,-0.1318359375,-0.835668683052063,0
devious,ruthless,-2.67626953125,-0.9578777551651001,0
dim,misty,3.251953125,-0.4987291097640991,0
dim,threatening,0.981201171875,1.2784010171890259,0
dinner,stuff,5.966796875,4.29375696182251,0
disappointment,doubt,-3.6513671875,-1.1926735639572144,0
disappointment,neglect,2.233642578125,0.7699742317199707,0
disappointment,sorrow,-0.47509765625,-0.3584515154361725,0
disgraced,humiliated,2.6221923828125,-0.8744553327560425,0
dishonor,honor,-2.31243896484375,-1.40355384349823,0
disinherited,dispossessed,-1.1614990234375,-0.3831824064254761,0
dispatches,dispatches,0.0,-0.06948133558034897,0
do,good,5.080078125,-3.3692455291748047,0
do,stuff,10.46240234375,1.1522718667984009,0
do,undo,0.56201171875,0.9115837812423706,0
docile,industrious,-4.1527099609375,-0.22393560409545898,0
doll,hat,-0.9921875,0.2616671621799469,0
doll,popbeads,-4.94677734375,1.8719364404678345,0
dollhouse,men,0.3388671875,1.0563347339630127,0
doubt,speculation,-0.925048828125,1.792563557624817,0
down,down,0.0,-0.1229236051440239,0
down,under,4.087890625,0.6384924054145813,0
down,upstairs,-3.26171875,-3.42214298248291,0
down,wireless,3.776611328125,-2.1271984577178955,0
dramatically,suddenly,-0.8720703125,-1.771401047706604,0
dreadful,terrible,-0.0087890625,-0.5991426110267639,0
drinking,drinking,0.0,0.2955028712749481,0
drove,drove,0.0,-0.4072650671005249,0
economics,history,-1.3556289672851562,-0.6211438775062561,0
edge,point,-3.119140625,6.233790874481201,0
efficiently,smoothly,-4.7614593505859375,-2.2490642070770264,0
electric,gravitational,-2.5181884765625,0.7578930258750916,0
electric,hybrid,-0.0379791259765625,0.5347613096237183,0
electronics,vehicles,-0.8462162017822266,-0.3610517382621765,0
eleventh,last,5.2978515625,0.0670713260769844,0
embarrassed,humiliated,1.147216796875,-0.6569857597351074,0
embarrassed,mad,-1.9061279296875,-3.082730531692505,0
embarrassed,restless,0.086151123046875,-1.2299158573150635,0
emeralds,gold,5.48828125,-1.2099659442901611,0
enlargement,thickening,-3.343505859375,-2.0895748138427734,0
enthusiastic,excellent,-3.3782958984375,-2.2516822814941406,0
enthusiastic,utensiles,1.2872314453125,0.15222442150115967,0
equal,honest,0.1953125,-0.7223844528198242,0
equal,opposite,2.41796875,-0.056697599589824677,0
evening,morning,-2.32421875,0.6764872074127197,0
evil,good,0.916015625,-2.039578914642334,0
evil,malicious,-0.6432342529296875,-0.9724580645561218,0
evil,unlucky,-2.3056640625,0.3288349211215973,0
exactly,well,1.228515625,-3.617717742919922,0
excellent,good,0.75048828125,-1.34465754032135,0
excesses,shortages,0.78802490234375,-0.7938909530639648,0
exchanging,redeeming,-1.6507568359375,1.029100775718689,0
exclamation,interrogation,0.227294921875,0.1344188153743744,0
exhausting,futile,-0.375732421875,0.08095646649599075,0
expand,freeze,-0.6584930419921875,-0.6156316995620728,0
fabric,quilting,-2.61376953125,0.17198336124420166,0
faces,people,-0.400390625,1.2693959474563599,0
factoring,factorisation,0.459716796875,0.11898813396692276,0
fascinating,noble,2.8558692932128906,-2.9830217361450195,0
fathoms,fathoms,0.0,-0.5091729760169983,0
fatter,fatter,0.0,0.1912621259689331,0
features,profiles,1.025390625,1.4367119073867798,0
fed,housed,1.1693115234375,-0.4391218423843384,0
feedstocks,ligands,-0.23681640625,0.023618347942829132,0
felids,nimravids,-0.060546875,0.9714902639389038,0
fielders,sluggers,-2.62353515625,0.25764545798301697,0
figs,wasps,-2.6064453125,1.1811531782150269,0
files,information,-1.1923828125,0.5158901214599609,0
files,stuff,6.9140625,2.889054775238037,0
fishes,people,0.16015625,0.7437506914138794,0
flatter,flatter,0.0,1.132250189781189,0
flatulence,shots,-0.73828125,0.6482201814651489,0
flourishing,green,0.491424560546875,-0.7478315830230713,0
forests,schools,-0.1484375,-1.1893212795257568,0
former,present,0.30078125,1.927249789237976,0
former,quarter,1.52734375,0.9675552845001221,0
forties,under,7.673828125,1.8562514781951904,0
frazil,pancake,-5.5224609375,-2.1579344272613525,0
freeze,shiver,-0.3173828125,-0.26100295782089233,0
frequently,recently,0.89208984375,-0.5856895446777344,0
friendlessly,homelessly,-0.392578125,0.10502804070711136,0
frustrated,irritated,3.0029144287109375,0.09440550953149796,0
frustrated,whining,-0.0313720703125,-1.328941822052002,0
future,present,-0.556640625,1.8201442956924438,0
gala,rare,1.228515625,-0.2740749716758728,0
gangsters,pimps,2.1337890625,0.14992499351501465,0
geological,zoological,-2.06414794921875,-0.48835986852645874,0
ghostly,good,-1.3583984375,-2.0105886459350586,0
gifts,supplies,0.286468505859375,1.5567482709884644,0
gleaming,greedy,5.1868896484375,1.2146046161651611,0
gloves,hat,-0.375732421875,-1.285513997077942,0
glowing,immaculate,-2.455322265625,1.3530961275100708,0
gold,green,-0.71484375,0.9068888425827026,0
gold,tangerine,-1.29638671875,0.7824519872665405,0
gold,treasure,-1.5361328125,0.044192664325237274,0
good,green,-2.056640625,1.316038727760315,0
good,honest,3.3203125,2.1367039680480957,0
good,honourable,-0.18524169921875,2.3547980785369873,0
good,informative,3.142578125,2.5366902351379395,0
good,mad,-2.005859375,-0.5580071806907654,0
good,merciful,-1.6468505859375,1.4914002418518066,0
good,noble,-0.2568359375,0.36306846141815186,0
good,poor,-3.69140625,0.6444861888885498,0
good,straightforward,1.12677001953125,2.1219847202301025,0
good,unconstrained,0.475830078125,3.522548198699951,0
good,well,2.087890625,2.1053073406219482,0
gowns,slippers,-3.383087158203125,-0.3744894862174988,0
grains,liquids,-1.3486328125,0.15509840846061707,0
graphics,photography,0.877105712890625,0.08961107581853867,0
graphics,photos,-2.66015625,0.7967432141304016,0
grave,questioning,1.15673828125,3.591686725616455,0
grave,terrible,4.109375,3.577256917953491,0
grave,troubled,1.9852371215820312,2.5937793254852295,0
green,green,0.0,0.18206661939620972,0
green,misty,-0.539306640625,1.012364149093628,0
green,rust,2.5546875,0.8962786197662354,0
green,violet,0.15630531311035156,-0.07385221868753433,0
green,wooded,1.74810791015625,0.5119272470474243,0
grows,grows,0.0,-0.11088841408491135,0
grumbling,whining,-1.54833984375,-0.7228994369506836,0
guile,wile,-2.783203125,-1.780542016029358,0
haggard,troubled,-2.655914306640625,0.4634712338447571,0
handwritten,typed,-0.1884765625,1.2411385774612427,0
hardened,stabilised,-4.36865234375,-0.608435332775116,0
harps,songs,-0.63671875,-0.9210892915725708,0
heaviness,sorrow,1.3298187255859375,0.7810448408126831,0
history,mythology,-0.58447265625,0.662981390953064,0
honest,honourable,2.8377838134765625,1.004109501838684,0
honest,industrious,2.111572265625,-0.652927041053772,0
honest,poignant,-1.3876953125,0.8561360836029053,0
honest,straight,4.1640625,-1.0628893375396729,0
honest,straightforward,1.0911331176757812,0.23431074619293213,0
honor,manhood,-1.8046875,0.300048291683197,0
honor,riches,0.39453125,0.2167935073375702,0
honor,serve,-0.369140625,3.0591957569122314,0
honor,service,-0.55078125,0.12088573724031448,0
honor,truthfulness,1.01171875,0.2568601369857788,0
honor,wisdom,1.7628326416015625,-0.014106802642345428,0
honourable,merciful,-3.872039794921875,-1.2235682010650635,0
honourable,necessary,-1.930908203125,1.275200605392456,0
honourable,poor,-5.432373046875,-1.9497231245040894,0
hopes,thoughts,0.0146484375,0.7316718697547913,0
hormones,neurotransmitters,0.558349609375,1.2191160917282104,0
hugged,kissed,1.6637382507324219,-0.8499370813369751,0
humorously,jokingly,-6.2783203125,0.08531825989484787,0
hurting,terrifying,1.46746826171875,0.6723726987838745,0
hydrocarbons,oxygen,3.138763427734375,-0.34262701869010925,0
hymns,songs,-0.682830810546875,-1.7990168333053589,0
inaccurate,lurid,-2.16552734375,-1.263031005859375,0
indefensible,unjustified,-0.51220703125,1.5135220289230347,0
indonesian,malaysian,0.426025390625,-0.8977758884429932,0
information,knowledge,0.23046875,-0.40402883291244507,0
information,pictures,-1.158203125,-0.8930202722549438,0
information,services,-0.380859375,-0.714597225189209,0
information,support,3.671875,-0.39372751116752625,0
information,tips,2.203125,0.2257653772830963,0
injury,predation,-3.599365234375,0.12731143832206726,0
inputs,microphones,-1.872528076171875,-0.8746495246887207,0
ins,outs,-0.166015625,-2.1819941997528076,0
inside,under,4.828125,1.145493984222412,0
insipid,poor,-3.38671875,-4.007768154144287,0
insipid,stupid,-2.65234375,-3.172877311706543,0
insisting,insisting,0.0,-0.5748823881149292,0
inspections,inspections,0.0,-0.021450839936733246,0
instructions,pictures,-1.187744140625,-1.8723336458206177,0
inventors,scientists,-1.59375,0.760514497756958,0
irritated,nervous,-3.80615234375,-1.7276707887649536,0
jagged,uneven,0.48248291015625,0.4483795166015625,0
jammed,overheated,2.50732421875,0.04191117733716965,0
journals,magazines,-1.7486495971679688,-1.0279948711395264,0
joyfully,willingly,-4.990234375,1.1551183462142944,0
judgment,taste,1.3287353515625,-0.5065035820007324,0
juggled,stuff,5.77490234375,2.2757468223571777,0
kid,mutton,-1.994140625,2.449341297149658,0
knowledge,liberation,0.21630859375,0.055660612881183624,0
knowledge,wisdom,-0.6563568115234375,-0.521821916103363,0
lace,leather,-2.8427734375,0.5799450278282166,0
lace,needlework,0.6796875,1.9002103805541992,0
last,oldest,-2.26953125,-4.0459113121032715,0
last,sixteenth,-0.6373672485351562,-3.0556368827819824,0
last,steepest,-3.15234375,-0.8827103972434998,0
last,twentieth,0.7822647094726562,-1.5287381410598755,0
lefties,lefties,0.0,0.185377836227417,0
legitimate,popular,0.043212890625,-1.0723165273666382,0
lemonade,sandwiches,-3.3258166313171387,-0.29465171694755554,0
libel,slander,8.4765625,0.02046705037355423,0
liberation,practicality,1.80419921875,-0.44500166177749634,0
lifelike,vivid,-1.56982421875,0.35572338104248047,0
lipsticks,skirts,2.1041259765625,0.2697297930717468,0
liquid,vapor,1.5078125,0.5398824214935303,0
loads,loads,0.0,0.5778203010559082,0
longest,oldest,0.03215789794921875,-0.5458264350891113,0
longest,widest,2.0322265625,1.5880537033081055,0
look,manner,-0.3818359375,-2.4797327518463135,0
look,voice,-2.900390625,-2.8744564056396484,0
loss,sorrow,-0.255859375,-0.9689943194389343,0
lurid,threatening,2.029632568359375,0.9436866044998169,0
lysosomes,peroxisomes,-3.39892578125,0.7585338950157166,0
made,sold,2.21875,-1.1210604906082153,0
made,spent,0.9140625,-3.159856081008911,0
majestically,silently,-6.57244873046875,-1.4806450605392456,0
malicious,stupid,2.1885299682617188,0.614920973777771,0
manner,voice,-1.5205078125,0.2533094584941864,0
maths,stuff,4.7275390625,2.7318787574768066,0
meagre,unpalatable,-0.16162109375,-1.1418248414993286,0
melodic,progressive,3.3671875,-0.42303746938705444,0
men,men,0.0,0.13341325521469116,0
men,munition,-0.11328125,1.565547227859497,0
men,people,3.4345703125,0.9890445470809937,0
men,planes,-3.3662109375,0.389217734336853,0
men,secrets,-4.333648681640625,0.8590126037597656,0
men,supplies,0.5982666015625,1.390555739402771,0
mexican,vietnamese,-0.02149200439453125,-0.5266081690788269,0
mezcal,pulque,-0.255859375,-0.840521514415741,0
millions,millions,0.0,-0.9830626845359802,0
miraculously,suddenly,1.8990478515625,-2.471743106842041,0
motorcycles,quads,-6.042938232421875,0.44469213485717773,0
mountainous,northern,-2.779296875,0.6662375926971436,0
mourning,sorrow,-1.0074462890625,-0.3065396845340729,0
nervous,poor,-2.94921875,-1.6203961372375488,0
nervous,restless,-0.786376953125,0.21150660514831543,0
nervous,shaky,-2.08984375,0.08548230677843094,0
nervous,weak,-2.298828125,-0.4995053708553314,0
nitric,sulphuric,-3.72833251953125,-0.15024827420711517,0
normal,normal,0.0,-0.8070403337478638,0
normal,well,2.7109375,1.0257235765457153,0
notorious,puzzling,-0.04705810546875,-1.1752606630325317,0
notorious,valuable,-4.1298828125,-0.33567988872528076,0
nut,washer,2.5849609375,3.076537609100342,0
offside,support,3.0,-1.128072738647461,0
oxygen,sulphur,6.631072998046875,0.7518689036369324,0
paints,pencils,-0.42254638671875,-1.1532326936721802,0
patiently,watchfully,-3.8086280822753906,-0.196806401014328,0
patiently,well,-4.7114715576171875,0.3025825321674347,0
peel,rot,0.66015625,0.3540433645248413,0
people,plywood,2.84765625,-0.7224876880645752,0
people,priest,-0.958984375,-1.0435433387756348,0
people,producers,-1.8916015625,0.34640634059906006,0
people,rituals,-0.304931640625,-0.21289631724357605,0
people,servants,0.2734375,-1.3577892780303955,0
people,situations,-2.31103515625,-0.0069580078125,0
people,stuff,5.837890625,1.5145167112350464,0
people,supplies,0.34320068359375,0.6536937355995178,0
people,vehicles,-0.39611339569091797,-1.3121412992477417,0
petrochemical,pharmaceutical,0.591796875,-0.19998490810394287,0
photography,videography,4.7706298828125,1.0081911087036133,0
picnics,such,6.15777587890625,1.480201005935669,0
pictures,stuff,11.609375,4.486748218536377,0
pieces,tags,1.07958984375,-1.1581271886825562,0
plaster,wood,-1.6533203125,-1.3539191484451294,0
play,want,-1.8984375,2.0523219108581543,0
pluck,straight,1.451171875,-0.684434711933136,0
polynesian,scandinavian,-8.82208251953125,-0.012374334037303925,0
poor,unnoticed,3.26123046875,4.253965854644775,0
poor,weak,2.1533203125,0.7084646821022034,0
popular,saleable,-4.05078125,-0.6270468235015869,0
postnatal,prenatal,-2.375,0.12736964225769043,0
practising,practising,0.0,-0.20909938216209412,0
prejudice,stereotypes,-0.7018280029296875,-0.8828393220901489,0
profane,threatening,5.560981750488281,1.4450416564941406,0
professors,scientists,-0.5455322265625,0.8245552182197571,0
prosper,well,-3.06182861328125,0.8172796964645386,0
prosperity,welfare,-0.4986114501953125,0.5903630256652832,0
psychological,terrible,0.850830078125,1.2624317407608032,0
publications,scientists,0.154296875,0.3276963233947754,0
rabbit,sit,-4.421875,1.1074498891830444,0
radium,sediments,3.009765625,0.7168842554092407,0
rained,rained,0.0,-1.0727221965789795,0
rakes,spades,1.0234375,0.28807395696640015,0
rare,shameful,1.772705078125,3.4739341735839844,0
rare,uncommon,0.636474609375,2.9355111122131348,0
rare,valuable,0.390625,1.4589285850524902,0
rare,wicious,-0.20703125,0.8069906234741211,0
reformist,separatist,-4.650390625,0.2036220133304596,0
restless,troubled,-0.239013671875,-0.34265005588531494,0
reverently,silently,-4.97491455078125,-2.005434274673462,0
reverently,tenderly,-0.79815673828125,-0.39538151025772095,0
rides,sings,-0.0716552734375,0.441148042678833,0
roll,roll,0.0,-0.23400694131851196,0
runs,shrieks,-3.75341796875,-1.544094443321228,0
sand,varnish,0.6474609375,0.7489309310913086,0
sandwiches,stuff,5.007559776306152,4.393095016479492,0
satisfied,triumphant,11.86236572265625,-1.6773027181625366,0
schools,schools,0.0,-0.0995255634188652,0
schools,services,0.501953125,0.545748233795166,0
schools,situations,-0.91436767578125,1.149017333984375,0
schools,staff,4.2666015625,1.4773470163345337,0
schools,stuff,4.171875,3.7306976318359375,0
seasons,weather,2.8994140625,-1.1266257762908936,0
servants,servants,0.0,0.20644617080688477,0
service,such,4.890625,3.370265007019043,0
services,support,3.6640625,1.2782751321792603,0
shakes,twitches,3.466796875,-0.37771666049957275,0
shortsighted,weak,-2.896484375,-0.6246920228004456,0
shovels,spades,1.8855438232421875,0.0664946511387825,0
shriller,shriller,0.0,-0.5710298418998718,0
silently,smoothly,-1.09588623046875,0.09980875998735428,0
silently,sorrowfully,1.218994140625,2.0558810234069824,0
silently,suddenly,-0.270263671875,-0.08904837816953659,0
sixteenth,twentieth,4.881599426269531,1.27415132522583,0
slave,slave,0.0,-0.22556060552597046,0
snot,stuff,0.896484375,2.027801752090454,0
sobbed,sobbed,0.0,0.0531381294131279,0
sodomites,usurers,-6.759765625,0.35538047552108765,0
sonatas,sonatinas,-4.0177001953125,-0.18671634793281555,0
songs,stuff,6.28515625,3.2207722663879395,0
spent,weak,-3.5888671875,-1.6943598985671997,0
stacks,stacks,0.0,-0.5400441288948059,0
startling,terrible,-3.972412109375,0.6366295218467712,0
steel,wood,-1.9521484375,-0.2579841911792755,0
straight,sturdy,-2.34173583984375,0.7989425659179688,0
strenuously,well,-2.00323486328125,0.5557999610900879,0
stuff,supplies,-5.70391845703125,-1.9626997709274292,0
stuff,wood,-5.62109375,-4.858099937438965,0
stupid,tedious,-2.80859375,-0.20547181367874146,0
stupid,weak,-1.84765625,-1.1930819749832153,0
such,such,0.0,-0.5668638944625854,0
such,support,-2.01171875,0.03083326667547226,0
sunset,sunset,0.0,0.22242110967636108,0
supplies,vehicles,2.443897247314453,-1.8147227764129639,0
support,support,0.0,0.15299302339553833,0
taste,wisdom,1.356231689453125,-0.7045479416847229,0
tomorrow,tomorrow,0.0,-0.36395353078842163,0
tomorrow,yesterday,-2.515625,0.24194246530532837,0
trolls,witches,-0.07322311401367188,-0.08776595443487167,0
twain,twain,0.0,-0.02268967777490616,0
uninjured,well,0.98699951171875,-0.6022093296051025,0
varnish,wood,-4.774658203125,-1.3003201484680176,0
vulnerable,weak,-1.03759765625,-0.9907410144805908,0
wave,wave,0.0,0.5327826738357544,0
worse,worse,0.0,-0.2638656497001648,0
worser,worser,0.0,0.2933656573295593,0
accuracy,efficiency,2.0925216674804688,0.1282426416873932,1
accuracy,range,-1.17498779296875,-0.3074533939361572,1
acetone,ethanol,4.9267578125,0.09957652539014816,1
across,across,0.0,0.25157761573791504,1
admiringly,kindly,0.283203125,-1.408474087715149,1
aeronauts,workers,-2.17919921875,-0.6108364462852478,1
affairs,infidelities,0.706298828125,0.5878610014915466,1
affection,approval,1.2388916015625,1.2743966579437256,1
affection,impatience,-2.606781005859375,0.3363167345523834,1
afraid,lonely,2.845703125,-2.2335972785949707,1
again,again,0.0,0.13527965545654297,1
again,now,-2.8671875,-0.6591303944587708,1
again,simply,-3.8515625,4.009096622467041,1
again,so,0.94140625,2.119436502456665,1
agile,quick,-5.0419921875,-1.316673994064331,1
airy,pleasant,-2.555908203125,-0.4832480847835541,1
airy,wholesome,1.5166015625,0.059072233736515045,1
albanian,serbian,-1.792724609375,0.45913198590278625,1
alcohol,cocaine,1.21533203125,0.9480404257774353,1
allowances,exemptions,-0.96923828125,-0.02638886123895645,1
ample,comfortable,-3.3984375,-2.312760829925537,1
amputation,castration,-2.6552734375,-0.6573417782783508,1
anglican,catholic,-3.2861328125,-0.30903884768486023,1
animals,games,0.23046875,1.4413810968399048,1
animals,giggles,6.451171875,0.5521045327186584,1
animals,pets,1.4482421875,-0.22797849774360657,1
animals,trees,-0.9365234375,-0.8889908194541931,1
anxiety,impatience,-2.64306640625,1.1529932022094727,1
anxiety,nervousness,-0.64453125,-0.17838901281356812,1
anxiety,paranoia,-1.150390625,1.1499571800231934,1
anxiety,terror,0.482421875,0.5914835333824158,1
anxiety,worry,2.763671875,0.1078399196267128,1
approval,discussion,0.303619384765625,-0.5856014490127563,1
approval,satisfaction,-4.3824462890625,-1.9251017570495605,1
approve,listen,-1.73583984375,-0.49587777256965637,1
apps,games,-3.07421875,-0.6186858415603638,1
armed,resolute,3.00390625,0.5279167890548706,1
armed,unarmed,3.13726806640625,1.132084846496582,1
armor,horse,-3.515625,-1.5859520435333252,1
aspirin,sterno,2.083984375,-0.7230142951011658,1
astonished,pained,0.443359375,1.2225186824798584,1
astonishing,disheartening,7.743896484375,1.0604143142700195,1
ate,ate,0.0,-0.02436002343893051,1
ate,talked,1.380859375,1.6733371019363403,1
athletics,games,0.6171875,1.418471336364746,1
athletics,wrestling,2.44677734375,0.5500296950340271,1
atrocities,death,-1.43408203125,-0.9441906809806824,1
avoid,try,-5.8486328125,-1.8028626441955566,1
awed,mute,-0.046875,-0.13259853422641754,1
balks,leas,-0.919921875,0.9854050278663635,1
bands,performers,3.24169921875,0.9204180836677551,1
bare,barren,3.00390625,-0.6086258292198181,1
bare,colder,-0.685546875,-0.9732467532157898,1
bare,dusty,2.03857421875,-0.21850064396858215,1
bare,parched,2.3515625,-0.31685709953308105,1
bare,rugged,2.166015625,0.6959527134895325,1
bare,stark,-0.4453125,-0.3640042841434479,1
bare,wet,-2.001953125,-1.6988431215286255,1
barns,fields,-3.3466796875,-0.3881320655345917,1
barns,outbuildings,2.788330078125,0.09731040149927139,1
barren,low,-2.083984375,-0.6010879278182983,1
barren,parched,-0.59375,0.0708521381020546,1
barren,rugged,-2.3828125,0.6606315970420837,1
bars,bars,0.0,0.36337363719940186,1
bars,bolts,1.505615234375,-0.08115699142217636,1
bars,pubs,7.69464111328125,-0.20505434274673462,1
bears,catamounts,1.111328125,-0.7232721447944641,1
beds,paths,3.14794921875,0.15754273533821106,1
before,now,-3.45989990234375,-1.475651741027832,1
before,since,1.23828125,0.7129599452018738,1
before,so,7.37109375,0.6522569060325623,1
before,whispered,-2.19921875,-0.7010124921798706,1
beheaded,condemned,-0.6605224609375,0.7633928656578064,1
beheaded,flayed,-4.898826599121094,0.046820081770420074,1
benevolently,kindly,-4.653472900390625,-1.517780065536499,1
beverages,food,1.2197265625,-0.4913654923439026,1
billiards,pool,0.9755859375,0.840056836605072,1
biographical,critical,-1.484466552734375,-0.5400547385215759,1
blogs,newspapers,-0.9453544616699219,-0.09182476997375488,1
bloodshed,quarrels,-4.822418212890625,-0.14754870533943176,1
borrowing,borrowing,0.0,-0.010532654821872711,1
bottle,glasses,-2.791015625,0.620872437953949,1
brave,intelligent,-3.794361114501953,1.0093234777450562,1
brave,resolute,3.2734375,0.8969192504882812,1
brave,warlike,1.783203125,1.2579628229141235,1
breadth,height,-3.3779296875,-0.8771159648895264,1
briefly,hurriedly,-3.771484375,-0.7971365451812744,1
briefly,simply,1.845703125,4.128244876861572,1
brightest,hottest,-2.430023193359375,0.42485275864601135,1
brightest,merriest,2.42822265625,1.6999540328979492,1
brightest,wisest,2.125,1.4118516445159912,1
brushed,brushed,0.0,0.05339006334543228,1
brushed,pressed,-0.4151611328125,-0.07289566844701767,1
brushed,wet,-0.4453125,-1.576393723487854,1
buggies,horse,-1.5869140625,-1.5874983072280884,1
buildings,furniture,0.1484375,-1.1765342950820923,1
buildings,land,1.00390625,0.07998647540807724,1
buildings,towns,-2.08984375,-1.1443896293640137,1
buildings,track,5.26953125,-0.03673043102025986,1
buildings,trees,-2.109375,-0.5390646457672119,1
bull,cow,-5.96875,-1.026799201965332,1
bull,trident,-2.7939453125,-0.6068060398101807,1
bunny,horse,4.07421875,0.37367895245552063,1
buttercups,clover,-4.03759765625,1.2220019102096558,1
byzantine,roman,-0.1448974609375,0.2652021646499634,1
calmness,equanimity,0.651611328125,0.8721405863761902,1
calvarium,face,2.4375,-1.4173951148986816,1
canoes,skiffs,-1.0168914794921875,-0.6631370186805725,1
capacity,scaleability,0.85650634765625,-0.5043413639068604,1
cardiovascular,nerve,-1.4278564453125,0.11911193281412125,1
careless,pleasant,2.30859375,-0.7274721264839172,1
careless,reckless,1.147735595703125,0.05789158493280411,1
careless,shiftless,2.8010101318359375,-0.22804155945777893,1
catholic,monarchical,2.339111328125,1.1992406845092773,1
cats,cows,-0.6298828125,-0.19800099730491638,1
cats,stoats,0.4189453125,1.7514218091964722,1
centre,front,-2.3359375,-0.8073852062225342,1
chafed,disappointed,-0.9462890625,0.5494231581687927,1
chain,collar,0.7294921875,0.3210594654083252,1
charm,terror,0.97607421875,-0.40042832493782043,1
charming,dusty,1.76513671875,1.5888718366622925,1
charming,genial,2.138671875,1.3051053285598755,1
charming,respectable,-0.33428955078125,1.3007444143295288,1
charming,seductive,5.07720947265625,1.9998252391815186,1
charms,witchcraft,-2.133056640625,0.2523846924304962,1
charred,naked,-1.6171875,-0.6577180624008179,1
chatter,strut,2.4326171875,1.2294867038726807,1
chilli,onions,6.859375,0.790038526058197,1
chills,shivers,-1.04736328125,0.30952635407447815,1
chirruping,twittering,-4.3529052734375,-0.4123084247112274,1
cinders,smoke,-2.017578125,0.09963152557611465,1
circumcision,food,1.38818359375,-1.8454012870788574,1
circumcision,scarification,2.986572265625,-1.0416138172149658,1
class,gender,1.403564453125,0.6749643087387085,1
class,snobbery,-3.5732421875,0.11791989952325821,1
clearly,simply,-1.5625,2.3604676723480225,1
clearly,succinctly,1.267578125,0.42543575167655945,1
click,tell,2.974609375,2.1328883171081543,1
climb,climb,0.0,0.9661250710487366,1
climb,jump,0.8046875,0.13439694046974182,1
club,fang,0.224609375,0.9623637795448303,1
club,lash,-1.6796875,-0.28858086466789246,1
cocaine,heroine,1.04583740234375,-0.3134973347187042,1
colder,colder,0.0,-0.47967392206192017,1
colder,wetter,2.6708984375,-1.3510541915893555,1
colourful,gorgeous,-1.4157867431640625,-0.595897376537323,1
comfortable,easy,1.646484375,-0.1446336805820465,1
comfortable,jolly,1.125,1.0829010009765625,1
comfortable,low,-4.275390625,0.2415807545185089,1
comfortable,pleasant,-2.306640625,-0.140945166349411,1
comments,concern,-2.8125,0.18081232905387878,1
commons,lords,-3.861083984375,-1.7169134616851807,1
completeness,finality,5.5634765625,-0.6793233752250671,1
condemned,tried,2.7249755859375,-1.219513177871704,1
confusing,sad,-3.721435546875,-3.4973771572113037,1
considerable,effective,3.69091796875,2.029803514480591,1
contemporary,contemporary,0.0,0.25309687852859497,1
cooler,cooler,0.0,-0.2630293071269989,1
cooler,fresher,-3.32373046875,0.5176964402198792,1
cooler,grayer,0.818359375,-0.7044315338134766,1
coolly,deliberately,-0.0626068115234375,0.1633950173854828,1
countermarch,march,0.609375,-2.6048333644866943,1
cows,girls,-2.90625,1.8646824359893799,1
cows,goats,-0.3026123046875,1.7512590885162354,1
cried,cried,0.0,-1.237778902053833,1
cried,screamed,-1.3233489990234375,-0.7544940114021301,1
cried,talked,-0.837890625,1.5213782787322998,1
crisp,curly,2.5096435546875,0.7222372889518738,1
crisp,sunny,-0.45928955078125,-1.526167631149292,1
critical,dictatorial,3.1953353881835938,1.1983790397644043,1
criticism,discussion,2.263641357421875,1.2048940658569336,1
cultured,intelligent,0.06524658203125,0.11096779257059097,1
cunninger,cunninger,0.0,0.3285238444805145,1
cup,silverware,1.609375,0.28046998381614685,1
curmudgeonly,cynical,-1.751953125,-0.03202761709690094,1
damnation,death,-0.12109375,-1.0644454956054688,1
darkened,deepened,-2.43853759765625,0.3774814009666443,1
dearest,kindest,0.78173828125,-0.6234574913978577,1
death,fugitive,0.4971923828125,0.9194743037223816,1
death,infamy,1.43359375,1.3833141326904297,1
death,infection,-2.2890625,0.5225802659988403,1
death,prison,4.42578125,-0.07663436979055405,1
death,terror,-2.20703125,0.5370482802391052,1
death,thirst,-0.33474159240722656,0.4413100779056549,1
deep,deep,0.0,-0.4445640742778778,1
deep,intelligent,-0.0032958984375,0.9031360745429993,1
deep,lonely,1.98828125,-0.5754076838493347,1
deep,low,-1.322265625,-0.6437588334083557,1
deep,slow,-0.58203125,1.0980433225631714,1
deep,solitary,2.91455078125,1.2709962129592896,1
deep,sullen,-0.32080078125,1.6650035381317139,1
deep,wide,2.578125,-2.349546432495117,1
deepened,increased,2.4633331298828125,0.07314852625131607,1
defiance,malediction,0.59228515625,-1.0381048917770386,1
delusion,witchcraft,-0.166259765625,-0.4738672077655792,1
details,subjects,-3.709228515625,-0.5910884737968445,1
dienes,polyenes,0.22100830078125,-0.918393075466156,1
differentiation,integration,2.8253860473632812,0.3166452944278717,1
dig,dig,0.0,1.2423365116119385,1
dining,sitting,2.10546875,-0.7515084147453308,1
disappointed,puzzled,-0.10223388671875,-0.838473916053772,1
disappointed,sad,-2.396484375,-3.108949899673462,1
discipline,holy,1.7652587890625,-0.043058328330516815,1
discipline,obedience,-2.0631103515625,-0.1827702820301056,1
discipline,satisfaction,-2.349517822265625,-1.9113236665725708,1
discriminating,just,2.6047897338867188,2.988609790802002,1
disenfranchised,lonely,-3.77734375,-2.272397994995117,1
dive,dive,0.0,0.2505474388599396,1
dive,jump,-0.516845703125,1.1260302066802979,1
dragging,slow,-4.86181640625,-0.7332478761672974,1
drenched,shivering,-2.9723892211914062,0.27708613872528076,1
dressed,washed,0.7890625,2.533724069595337,1
drinkning,eating,-0.505859375,-0.3372816741466522,1
dukes,lords,-1.0125732421875,-0.5621607899665833,1
dusty,withered,-1.0836181640625,0.17447534203529358,1
dynasties,kings,-5.96044921875,-1.357349157333374,1
easy,joyful,-0.3154296875,1.3108811378479004,1
easy,pleasant,-0.548828125,-0.89328533411026,1
easy,quick,-3.5546875,-1.1043038368225098,1
easy,slow,-1.03515625,0.07432160526514053,1
eating,eating,0.0,0.020825304090976715,1
eating,food,-2.3447265625,-0.7958065867424011,1
eating,sitting,0.20703125,-1.3508248329162598,1
eating,slurping,-3.0716552734375,0.19791379570960999,1
eating,thinking,3.0,1.189143180847168,1
economically,safely,-2.177520751953125,0.8848162293434143,1
effective,quick,-0.65234375,-2.513165235519409,1
effective,rugged,-1.966796875,-0.531912624835968,1
electrodes,filaments,-3.229248046875,0.2525513172149658,1
eloquent,grateful,4.2653045654296875,0.77583247423172,1
endothermic,homoeothermic,-3.2950439453125,-0.5486654043197632,1
enjoyments,surprises,-2.75830078125,-0.7900630831718445,1
exceeded,reached,-1.88037109375,-2.6867122650146484,1
exist,move,0.869140625,-1.4286302328109741,1
expensive,impractical,0.66015625,0.6620654463768005,1
expensive,just,7.78125,4.039546966552734,1
expensive,showy,0.236328125,0.38711321353912354,1
exporters,importers,0.5109100341796875,-0.48019251227378845,1
fatigue,terror,-1.98272705078125,-0.5980947017669678,1
fearlessly,truly,1.3984375,-1.6356083154678345,1
feelings,thinking,0.03125,0.7017534375190735,1
fewer,fewer,0.0,-0.3693898022174835,1
fibre,metal,-2.70849609375,-0.8565134406089783,1
fields,fields,0.0,-0.18153786659240723,1
fields,mountains,0.3984375,-0.33898553252220154,1
fields,trees,-1.7119140625,-0.35436925292015076,1
fierce,resolute,1.6494140625,0.8037607669830322,1
films,musicals,2.732421875,-0.1099291667342186,1
finding,seeking,-0.248046875,-0.8242072463035583,1
fingers,food,-0.037109375,-0.5601693391799927,1
fingers,gabbling,-0.640625,0.39967915415763855,1
fingers,penguin,-3.9493408203125,-1.0188685655593872,1
firing,food,-2.952667236328125,-0.9670041799545288,1
flapping,flapping,0.0,0.5290492177009583,1
flurry,worry,-0.6886558532714844,0.7253115773200989,1
food,horse,1.400390625,-0.8813161253929138,1
food,material,2.5703125,1.4775137901306152,1
food,news,1.1669921875,2.070347547531128,1
food,newspapers,0.23961257934570312,0.41242560744285583,1
fools,weaklings,0.4564208984375,-0.4977104961872101,1
forevermore,now,-0.0572509765625,-0.635363757610321,1
forgotten,lonely,-2.416015625,-3.146324634552002,1
fought,fought,0.0,0.5891236066818237,1
front,hind,2.966796875,0.5149974226951599,1
frozen,wet,-0.45269775390625,-0.9991783499717712,1
frugality,industry,3.31640625,0.43164703249931335,1
furniture,interiors,1.044921875,1.7938998937606812,1
gaiters,smocks,-3.51171875,-0.7764096260070801,1
gashed,gored,-0.115234375,-0.634925901889801,1
genial,pleasant,-1.595703125,-0.2670540511608124,1
geographic,magnetic,-1.832834243774414,-0.27768436074256897,1
geographical,otherwise,1.8981475830078125,1.220089077949524,1
geology,mineralogy,5.6669921875,1.3696868419647217,1
ginger,sugar,-0.154296875,-0.346420019865036,1
girls,women,1.1708984375,0.052977241575717926,1
glitter,sequins,2.98583984375,0.45215561985969543,1
goats,knifes,0.4658203125,1.4267609119415283,1
gorgeous,sunny,-0.6937255859375,-1.4586036205291748,1
governments,militaries,-6.8292236328125,-0.6004804968833923,1
grab,try,-5.5107421875,-1.0490723848342896,1
grain,wheat,-1.5257568359375,-0.12160291522741318,1
grateful,low,-1.6328125,-2.093391180038452,1
grateful,luxurious,1.533538818359375,-0.5838507413864136,1
grayer,grayer,0.0,-0.36668357253074646,1
greasing,loosening,-2.625244140625,-0.14193469285964966,1
guilty,uncomfortable,1.69976806640625,0.30747076869010925,1
gutters,trees,-0.6025390625,-1.347290277481079,1
handshakes,photo,-2.730224609375,1.2765159606933594,1
happily,safely,-2.770751953125,-0.27109718322753906,1
harmless,pleasant,-3.927734375,-1.3563063144683838,1
harmless,small,-3.80517578125,-3.1569607257843018,1
hate,hate,0.0,-0.33673226833343506,1
hate,vengeance,1.1463775634765625,0.3337898254394531,1
healed,humbled,2.03515625,-0.5805858373641968,1
herbalists,naturopaths,0.3466796875,-0.08954320102930069,1
heresy,schism,2.05712890625,1.5565580129623413,1
herodotean,homeric,-2.5625,-0.015749655663967133,1
hexagonal,monoclinic,-8.1064453125,-0.21600037813186646,1
hish,low,-2.181640625,-0.955348014831543,1
hither,yon,5.82421875,0.5513352751731873,1
holy,just,2.0625,4.171855926513672,1
honestly,truly,2.453125,-0.7489447593688965,1
horse,horse,0.0,-0.3915635645389557,1
imitations,sentences,-4.3157958984375,-0.4313472509384155,1
impatience,revolt,-1.00341796875,0.5925445556640625,1
impractical,uncomfortable,-1.8739013671875,-0.06994160264730453,1
increased,stimulated,4.0537109375,0.12580057978630066,1
industry,obedience,-3.009002685546875,0.5391028523445129,1
infamy,shame,-2.615234375,-1.8316078186035156,1
insincerity,treachery,-0.567138671875,-0.36700770258903503,1
inspection,repair,1.9109954833984375,1.7748255729675293,1
intelligent,pleasant,-0.531982421875,-0.9219854474067688,1
intelligent,superior,4.2946624755859375,-0.30789586901664734,1
intelligent,unprejudiced,0.964935302734375,1.7677232027053833,1
interested,kindly,-0.892578125,-0.7090315818786621,1
interested,slow,-2.3671875,0.5732200741767883,1
interrupted,low,-0.453125,-2.462584972381592,1
intimate,small,-1.537109375,-3.106844663619995,1
intimidate,try,-3.14837646484375,-1.4011003971099854,1
investments,pilgrimage,-4.123779296875,-0.42871716618537903,1
just,pious,-6.759765625,-3.1728692054748535,1
just,rightful,-6.166015625,-3.543893337249756,1
just,try,-6.25244140625,-4.333047866821289,1
kindest,wisest,0.658935546875,0.3244379758834839,1
kindly,philanthropic,-1.10223388671875,1.0232869386672974,1
kindly,pious,-1.703125,0.5490238666534424,1
kindly,pleasant,-3.529296875,-1.255250096321106,1
kings,lords,1.02685546875,-0.1469629406929016,1
kiss,tell,-1.2109375,2.031358003616333,1
knock,try,-3.19140625,-0.376691609621048,1
labored,slow,-2.98828125,-0.339089959859848,1
laces,stays,2.873046875,-0.8804717659950256,1
laconic,slow,-1.513671875,0.36502179503440857,1
land,mountains,-2.123046875,-0.14886370301246643,1
land,naval,1.734375,0.29511159658432007,1
land,possessions,0.642578125,0.5097418427467346,1
land,seas,-0.15234375,0.4146535098552704,1
land,try,-2.6806640625,0.27882257103919983,1
laxer,shaggier,-6.888671875,-0.4482676684856415,1
lesbians,women,2.45703125,0.07139552384614944,1
lethality,range,-1.54296875,-1.0162603855133057,1
lettuce,radishes,0.1070556640625,0.23099693655967712,1
lie,lie,0.0,-0.5565279126167297,1
lie,shoot,-0.138671875,1.08482027053833,1
listen,listen,0.0,0.4137938320636749,1
listen,pause,-3.193359375,-2.4600679874420166,1
listen,try,-3.6767578125,-1.938934087753296,1
literature,newspapers,-0.6074948310852051,1.0877012014389038,1
literature,religion,-0.060546875,0.2158445417881012,1
lonely,sad,-0.30078125,-0.2908799350261688,1
lonely,sick,-2.5625,1.188509225845337,1
lonely,solitary,0.26904296875,0.7191258072853088,1
lonely,wet,-2.8740234375,0.744192898273468,1
lonely,wide,-0.015625,-2.250250816345215,1
low,lower,1.83154296875,0.38114044070243835,1
low,primary,-1.05078125,0.23986521363258362,1
low,quick,0.97265625,1.0826964378356934,1
low,rounded,4.646484375,0.9681783318519592,1
low,sad,3.0712890625,0.40561750531196594,1
low,slow,3.919921875,1.4826455116271973,1
low,wet,0.904296875,0.5298303961753845,1
lower,lower,0.0,-0.5141039490699768,1
lower,slower,-2.15625,0.5141505599021912,1
lowriders,women,0.802734375,-0.6374967694282532,1
maimed,sick,0.62109375,-1.3073301315307617,1
manacle,prison,-3.73046875,0.5211229920387268,1
march,sing,-0.7431640625,3.418060064315796,1
memorizing,remark,0.33984375,-0.1387316882610321,1
mercury,mud,-2.7091064453125,-0.7223465442657471,1
metal,woodwork,3.6416015625,-0.34280675649642944,1
mid,small,-6.412109375,-2.602081060409546,1
moderator,panelist,2.8759765625,0.1718638837337494,1
molecules,solids,4.0880889892578125,-0.21901795268058777,1
mom,pop,2.728515625,1.7403274774551392,1
momentum,position,2.61102294921875,-0.610659122467041,1
monstrous,terrific,4.958473205566406,0.8241406083106995,1
morality,religion,0.8876953125,-0.3888128101825714,1
mortice,tenon,-2.8125,-0.05461212247610092,1
mountains,plateaux,3.07421875,0.3341201841831207,1
mountains,seas,2.1318359375,1.6210603713989258,1
mountains,trees,-0.79296875,-0.5482105612754822,1
move,move,0.0,-0.08587311953306198,1
move,position,-4.404296875,-1.6353610754013062,1
mud,slime,2.697265625,0.7056204676628113,1
mud,stones,0.0146484375,-0.8462759852409363,1
murdering,robbing,1.38671875,0.10759522765874863,1
murkier,murkier,0.0,0.4679258167743683,1
naked,weaponless,11.46435546875,-0.3640538156032562,1
napkins,silverware,2.49853515625,0.4669695794582367,1
nervously,peevishly,2.4037704467773438,0.24567317962646484,1
newies,townies,-1.6875,0.28332552313804626,1
nicer,nicer,0.0,-0.01178991049528122,1
nights,nights,0.0,-0.22643107175827026,1
nodding,nodding,0.0,-0.5910468697547913,1
nodding,rocking,-0.6316947937011719,-1.4568370580673218,1
now,now,0.0,0.11645380407571793,1
now,so,-0.388671875,2.793450117111206,1
nursery,primary,-1.5078125,-0.08419308811426163,1
obedience,restraint,-0.9754638671875,-0.8189590573310852,1
obedience,socialization,-0.7982177734375,-1.1364610195159912,1
obedience,terror,0.10739898681640625,-0.6800131797790527,1
office,wealth,-2.927734375,-0.9049206972122192,1
oftener,oftener,0.0,-0.16112898290157318,1
opens,slams,1.65478515625,0.1980699598789215,1
outbuildings,trees,-6.47216796875,-1.425017237663269,1
overalls,pigtails,-2.1796875,-0.7890883684158325,1
pans,tachos,0.9482421875,-0.17748123407363892,1
parched,uncomfortable,-1.6727752685546875,0.8812693357467651,1
pauses,progresses,-1.8345928192138672,0.906028687953949,1
peculiar,quick,0.396484375,-1.2364239692687988,1
perishing,sickening,-5.857421875,-0.6652180552482605,1
petrol,petrol,0.0,-0.3597817122936249,1
pitched,unwound,5.015625,1.4570086002349854,1
plainer,plainer,0.0,-0.6585555672645569,1
planning,thinking,-0.5546875,1.1626200675964355,1
pleasant,solitary,0.4365234375,0.6972915530204773,1
pleasant,wholesome,3.035888671875,0.6521875262260437,1
portly,princely,-0.5146484375,-0.7854437828063965,1
position,wealth,-4.458984375,-1.159867525100708,1
possessions,products,-1.646484375,-0.2942465543746948,1
pressed,trodden,-0.90789794921875,-1.6180672645568848,1
primitive,small,-3.4789810180664062,-2.3445286750793457,1
principle,purpose,6.98974609375,-0.11202661693096161,1
prison,psychiatrists,2.88818359375,-0.21547982096672058,1
processes,products,-1.85302734375,-0.3517264127731323,1
processes,uses,-1.447021484375,1.686057209968567,1
psychologists,sociologists,-2.0986328125,0.4633813202381134,1
puffed,puffed,0.0,-0.04181107133626938,1
puzzled,slow,1.0358123779296875,-0.05860169976949692,1
quick,resolute,4.150390625,1.3261048793792725,1
quick,skilful,-0.856201171875,0.5602121949195862,1
quick,small,-1.3251953125,-1.9380924701690674,1
raining,raining,0.0,-0.455367773771286,1
rarer,rarer,0.0,0.21691802144050598,1
reached,rounded,-1.23193359375,-1.3969142436981201,1
read,read,0.0,-0.7489700317382812,1
read,talked,0.8046875,-1.1870436668395996,1
read,try,-1.017578125,-2.625506639480591,1
realer,realer,0.0,0.2892501652240753,1
realism,symbolism,2.077880859375,0.21161693334579468,1
reared,whinnied,1.0084228515625,-0.5794047713279724,1
redder,redder,0.0,0.15656313300132751,1
ride,shoot,0.515625,1.2139945030212402,1
rounded,rugged,-0.13525390625,2.1005489826202393,1
rubies,sapphires,3.3291015625,0.3015054166316986,1
rugged,small,-2.3193359375,-3.543879270553589,1
rugged,steep,-3.396484375,-0.7107321619987488,1
rugged,thrifty,-1.7919921875,-0.19455304741859436,1
ruthlessness,treachery,0.9097900390625,0.05890224128961563,1
sad,sick,-0.841796875,1.5593178272247314,1
sad,solitary,1.431640625,1.4459569454193115,1
sad,sullen,0.9033203125,2.954571008682251,1
safely,simply,1.86328125,2.5923802852630615,1
scowling,squinting,1.859039306640625,0.17201146483421326,1
screamed,screamed,0.0,-0.4777790606021881,1
secretive,vengeful,1.252197265625,0.09562768787145615,1
seductive,sexy,-0.653411865234375,-0.540774405002594,1
selective,skilful,-3.005126953125,-0.5488642454147339,1
sepsis,thrombosis,-0.92626953125,-0.3413773775100708,1
serbian,yugoslav,4.025825500488281,0.04394153505563736,1
set,try,-2.88671875,-0.6454168558120728,1
shale,stones,-3.265625,-0.4178655445575714,1
shell,shrapnel,0.759765625,0.4094248116016388,1
shoot,shoot,0.0,-0.0911123976111412,1
simply,strictly,-1.6434326171875,-2.151331901550293,1
slow,slower,0.36328125,0.2984040379524231,1
slow,small,-2.0400390625,-2.6302173137664795,1
slow,wearily,-0.7255859375,0.4772484600543976,1
slower,slower,0.0,-0.02148330956697464,1
slower,surer,1.97265625,0.4552665650844574,1
small,uncomfortable,4.8817596435546875,3.2857933044433594,1
small,unimportant,3.95941162109375,3.897385358810425,1
snake,stool,0.216796875,0.13331016898155212,1
so,so,0.0,1.0243017673492432,1
stool,truck,0.8984375,-1.2977244853973389,1
stranger,stranger,0.0,-0.2927344739437103,1
stretched,stretched,0.0,0.7073605060577393,1
stunned,stupefied,2.1243247985839844,-0.2128385603427887,1
sullen,wrathful,2.74627685546875,-0.11905994266271591,1
sun,sun,0.0,-0.030764184892177582,1
sunnier,sunnier,0.0,-0.3680324852466583,1
swiftest,wisest,-2.8325347900390625,0.877872884273529,1
talked,talked,0.0,-0.4847946763038635,1
talked,walked,-2.611328125,-3.648973226547241,1
teaspoon,teaspoons,2.9369006156921387,-0.6298388242721558,1
thinking,thinking,0.0,-0.3612113296985626,1
thinking,wishing,3.2998046875,-2.0624451637268066,1
thousands,thousands,0.0,0.24079108238220215,1
tighter,tighter,0.0,-0.7263609766960144,1
trees,trees,0.0,-0.14362502098083496,1
trees,undergrowth,5.07421875,2.4837710857391357,1
tried,tried,0.0,-0.33746370673179626,1
try,try,0.0,0.046443141996860504,1
walked,walked,0.0,-0.357124388217926,1
weeps,weeps,0.0,-0.23398363590240479,1
wetter,wetter,0.0,-0.4430241584777832,1
whispered,wore,-3.041015625,0.24172478914260864,1
wishing,wishing,0.0,-0.4744831621646881,1
younger,younger,0.0,-0.8993157148361206,1
abloom,sweet,-0.388671875,-0.8531558513641357,2
abuse,derision,-0.189453125,-0.517499566078186,2
abuse,profanity,-1.24267578125,-0.3542897403240204,2
abuse,violence,-0.1708984375,-0.7218780517578125,2
aching,hot,-3.76953125,-1.625129222869873,2
acrid,hot,-2.8515625,-1.894850254058838,2
acronyms,bits,6.56640625,1.6524555683135986,2
addictive,dangerous,2.44970703125,-0.29936471581459045,2
addresses,names,-4.66876220703125,-0.5744905471801758,2
adorable,cute,-3.09979248046875,-2.418377637863159,2
age,dirt,2.263671875,1.6064735651016235,2
age,usage,1.2900390625,2.9945194721221924,2
algae,cyanobacteria,1.1336708068847656,0.3805231750011444,2
algae,pondweed,-1.008056640625,1.3859931230545044,2
algae,salts,0.38702392578125,0.7025707960128784,2
always,always,0.0,-0.2993692457675934,2
always,everywhere,-1.892578125,-2.336538791656494,2
amazed,furious,0.4759674072265625,-0.6759028434753418,2
amazed,screaming,-2.1376953125,-1.3312139511108398,2
amazed,terrified,0.44415283203125,0.36959412693977356,2
amazed,utter,1.4384765625,0.6532547473907471,2
ambulance,police,-1.099853515625,-0.39615002274513245,2
amending,improving,2.34405517578125,-1.3143465518951416,2
amplifiers,loudspeakers,0.7955322265625,-1.0726885795593262,2
analysis,commentary,-0.889862060546875,0.6610878109931946,2
analysis,presentation,0.19415283203125,0.3134443759918213,2
analysis,remodeling,-8.709747314453125,1.692486047744751,2
animated,fresh,-0.85546875,-1.5091255903244019,2
antifreeze,polyester,2.1494140625,-1.069667935371399,2
arch,winsome,-0.1546630859375,1.1948883533477783,2
argue,debate,-0.669921875,0.25699862837791443,2
arrives,comes,0.2328033447265625,-2.839860200881958,2
artificial,insincere,7.3524169921875,1.4257742166519165,2
ascending,descending,-1.2547607421875,-0.11595675349235535,2
ash,gas,-1.18359375,-1.0373142957687378,2
astrology,mathematics,-0.8813247680664062,0.16421350836753845,2
aviation,certification,2.43536376953125,0.09412473440170288,2
backing,veering,-1.7529296875,-0.5366461277008057,2
badminton,swimming,-0.2265625,-0.5013835430145264,2
banking,finance,0.4619598388671875,-0.9685313701629639,2
banksia,eucalyptus,0.122802734375,-0.5436749458312988,2
bark,crow,0.39453125,0.6386152505874634,2
basophils,eosinophils,1.86138916015625,0.004928082227706909,2
batteries,magnets,1.59912109375,0.010301947593688965,2
beaded,embroidered,0.40735816955566406,0.15885457396507263,2
bearskins,deerskins,1.8380126953125,1.9068541526794434,2
bedelia,sally,2.74609375,0.5673598051071167,2
beetlebugs,caterpillars,1.0814495086669922,-0.5675408840179443,2
begged,shivered,-3.266876220703125,-2.068641424179077,2
behaviourally,morphologically,3.20281982421875,-0.09874695539474487,2
bell,tentacles,-3.767333984375,0.18783798813819885,2
bereavement,destruction,2.2884521484375,-0.4601112902164459,2
bettering,education,0.283203125,-3.0122296810150146,2
bias,discrimination,0.4098968505859375,0.076395183801651,2
biggest,gravest,2.343017578125,-0.10802307724952698,2
binding,lawful,-2.26904296875,-1.071360468864441,2
bionic,hot,1.26171875,-0.9865677356719971,2
birds,dolls,0.4287109375,-0.3531472980976105,2
birds,mammals,-4.68304443359375,1.8158472776412964,2
birds,mosquitoes,0.2220458984375,2.0443456172943115,2
bits,bits,0.0,0.08837305009365082,2
bits,dirt,-2.2265625,-0.16333001852035522,2
bits,dust,-2.021484375,0.6550250053405762,2
bits,strips,1.78369140625,1.2517104148864746,2
bitter,cloudy,-0.3825225830078125,-1.1555509567260742,2
bitter,furious,-0.36553955078125,-0.09279307723045349,2
bitter,hot,-0.4921875,-1.8711273670196533,2
bitter,malignant,-2.092071533203125,0.4891906976699829,2
bitter,proud,0.853515625,-1.1687554121017456,2
bitter,repeated,0.8984375,1.3783793449401855,2
bitter,sanguinary,2.947265625,0.16883447766304016,2
bland,innocent,-1.2265625,-1.39163339138031,2
blankets,cushions,1.0671234130859375,1.1445391178131104,2
blankets,dolls,-1.4630546569824219,-0.07625085115432739,2
bleed,bleed,0.0,0.15294626355171204,2
blinking,winking,2.6635241508483887,-0.7380996942520142,2
blocks,box,-2.966796875,-1.876312017440796,2
blocks,rebounds,1.33203125,1.2684681415557861,2
blocks,toys,0.5234375,0.7726649045944214,2
blooming,fresh,-0.59423828125,-0.10556676983833313,2
blotched,red,-3.3193359375,-0.5985950231552124,2
blotched,wrinkled,-2.9161376953125,-0.011294826865196228,2
bluebells,cowslips,1.75384521484375,0.034598469734191895,2
bondage,distress,-3.2548828125,0.46078062057495117,2
bone,muscle,0.7666015625,1.1600302457809448,2
bored,impatient,3.1751365661621094,0.1645454615354538,2
bored,neglected,3.375490188598633,1.6265690326690674,2
bored,tired,1.1875,-0.0925016701221466,2
bottles,bottles,0.0,-0.38185521960258484,2
bourbon,whiskey,-1.92529296875,-1.0480167865753174,2
box,tape,1.515625,2.1339471340179443,2
boxing,swimming,4.641845703125,1.3959449529647827,2
brusque,businesslike,-0.275390625,0.26369065046310425,2
bulkhead,deck,-1.603515625,0.03401097655296326,2
burgers,shrimp,1.810791015625,0.13210678100585938,2
burrows,feeds,-1.4910888671875,0.9770305156707764,2
calendar,email,-1.1880950927734375,0.18585950136184692,2
calms,storms,-1.34222412109375,0.284574031829834,2
camaraderie,friendship,-4.056640625,-2.305176019668579,2
came,listened,1.328125,0.7286984920501709,2
camels,donkeys,-0.0775146484375,1.402700662612915,2
camels,goods,-0.9140625,1.4597198963165283,2
cameras,toys,1.24688720703125,0.1623590886592865,2
candidacy,vote,-0.326171875,0.2805631458759308,2
cantons,cantons,0.0,-0.06605017185211182,2
cap,weeping,1.3492431640625,0.42609599232673645,2
capability,lines,-4.556640625,-0.060301274061203,2
catalysts,pigments,0.5073776245117188,0.5381090641021729,2
categories,subcategories,4.8987274169921875,0.6710246801376343,2
challenges,controversies,-2.4847412109375,0.5746232271194458,2
chapters,chapters,0.0,-0.20227044820785522,2
cheated,robbed,-0.898284912109375,1.2597994804382324,2
cheerfulness,courage,5.3916015625,0.15485656261444092,2
cheese,egg,1.041015625,1.4483706951141357,2
cheese,garlic,1.3486328125,2.8697893619537354,2
cheese,meat,-2.2578125,2.1390514373779297,2
cheese,tomato,1.107421875,3.415663957595825,2
chemicals,heat,1.811248779296875,-0.679612398147583,2
chemicals,polymers,2.0221481323242188,0.0338352769613266,2
chuckles,nods,2.703125,0.7770563364028931,2
clandestine,immoderate,1.69921875,0.4093809723854065,2
clatter,clicks,-1.552734375,0.0731515884399414,2
clear,clear,0.0,-0.14976263046264648,2
clear,compelling,1.596435546875,0.3890960216522217,2
clear,composed,5.3984375,0.12661388516426086,2
clear,fresh,1.6025390625,-0.784480094909668,2
clear,frosty,-5.2373046875,-1.074866533279419,2
clear,full,2.326171875,-1.032487392425537,2
clear,lighter,-1.6962890625,-0.6314482688903809,2
clear,limpid,0.759765625,-0.17274776101112366,2
clear,precise,-0.02685546875,-0.4076824486255646,2
clear,red,-0.505859375,-0.832258939743042,2
clear,regular,2.03515625,0.5381478071212769,2
clear,smooth,-0.9375,-0.7544052600860596,2
clear,specific,0.6796875,1.236931324005127,2
clear,starry,-1.162109375,-0.6324443817138672,2
clear,sweet,-2.4130859375,-1.1391682624816895,2
clear,true,0.8388671875,0.04798370599746704,2
clear,unhesitating,3.148681640625,1.2103948593139648,2
clearer,clearer,0.0,-0.7851921319961548,2
clearer,louder,0.1876220703125,-1.3077555894851685,2
climbed,climbed,0.0,-0.003410130739212036,2
climbed,scrambled,1.6739697456359863,0.29787513613700867,2
closed,forbidding,-0.1162109375,0.9356929063796997,2
closed,secured,-1.5604362487792969,0.7852511405944824,2
closets,pantry,4.9345703125,0.6449779868125916,2
cloudy,gray,1.1853485107421875,-0.132733553647995,2
coarse,scanty,-0.0163116455078125,-0.5260732173919678,2
coarse,tough,-2.0941543579101562,-0.22777387499809265,2
cobwebs,dirt,-1.378204345703125,-0.14673009514808655,2
cobwebs,dust,0.0537109375,-0.14707979559898376,2
coins,medals,0.7763671875,-0.30499663949012756,2
coins,notes,1.591796875,0.5067527294158936,2
combat,demolition,2.45703125,1.0615782737731934,2
communicating,composition,-2.1298828125,0.1279756724834442,2
company,tiffany,-1.865966796875,-0.08231732249259949,2
compare,contrast,-0.0048828125,0.3448999524116516,2
competitive,cultural,-1.484771728515625,-0.5650352239608765,2
complex,dangerous,4.6640625,0.5178018808364868,2
complex,proud,-1.96484375,-0.5545217990875244,2
complex,unresolved,1.46875,1.5575191974639893,2
complex,vast,-5.02734375,-1.3610432147979736,2
composition,singing,0.408203125,0.3482062816619873,2
computers,radio,-0.3126220703125,-0.3735019862651825,2
computers,science,-1.328125,-0.9872723817825317,2
comradery,friendship,0.056640625,-1.4369571208953857,2
concordats,treaties,1.6121826171875,1.068304181098938,2
conditions,standards,-2.47198486328125,-0.629010796546936,2
conferences,lectures,-1.57513427734375,-0.9386211633682251,2
confidence,courage,0.8828125,0.31663891673088074,2
confidence,encouragement,0.425537109375,1.9349141120910645,2
confidence,faith,1.169921875,0.37222644686698914,2
confidence,friendship,-0.94140625,-0.5622266530990601,2
confrontation,dissention,3.3795700073242188,-0.12271341681480408,2
conscience,morals,3.0103759765625,-0.38300827145576477,2
conscience,reason,1.03131103515625,-0.962797999382019,2
consequentialism,deontology,-1.71923828125,0.04600869119167328,2
consistently,correctly,-0.5911865234375,-0.8002606630325317,2
convenience,friendship,2.55029296875,-1.4138892889022827,2
coordinated,disciplined,1.560546875,1.9225921630859375,2
corals,shells,-2.5137939453125,-0.9786362648010254,2
cordiality,friendship,1.22064208984375,-0.5598297119140625,2
cormalite,limestone,-0.31451416015625,0.2996079921722412,2
courage,dignity,-0.7167510986328125,-0.4276200830936432,2
courage,discernment,0.6607666015625,0.8551770448684692,2
courage,faith,-0.7734375,-0.7406830787658691,2
courage,optimism,-1.28369140625,0.5112463235855103,2
courage,strength,-0.3935546875,-0.5209512710571289,2
creamy,smooth,-0.419677734375,-0.5184706449508667,2
creamy,sweet,0.27734375,-1.1882092952728271,2
creamy,thick,-0.39453125,-0.44065776467323303,2
criticized,unpopular,-0.5343017578125,0.09424024820327759,2
crooked,dangerous,2.2456130981445312,0.41334864497184753,2
crude,early,5.046875,-1.1404986381530762,2
cruelty,injustice,1.259521484375,0.5397547483444214,2
cruelty,oppression,-0.74072265625,0.19028624892234802,2
cruelty,selfishness,-1.65283203125,-0.533110499382019,2
cruelty,violence,-4.2646484375,-0.517623782157898,2
cultural,education,-2.18206787109375,-1.286534309387207,2
cultural,personal,0.256744384765625,1.2169091701507568,2
cultural,physical,-0.14410400390625,0.5412676930427551,2
cultural,publicity,-3.5463409423828125,-0.5228217840194702,2
cultural,sporting,-0.424560546875,0.7267320156097412,2
curiously,suspiciously,0.24420166015625,-0.4866301119327545,2
cushions,trucks,1.0973281860351562,-1.6055611371994019,2
cute,innocent,1.494140625,1.4276264905929565,2
cute,sweet,2.87451171875,-0.1774478256702423,2
cyanotic,unresponsive,-4.4853515625,1.1235833168029785,2
cycling,swimming,-0.60498046875,0.15617501735687256,2
damanes,trespass,0.82177734375,0.11108270287513733,2
dangerous,hot,-4.71875,-3.73305606842041,2
dangerous,miserable,-1.544921875,-0.2389945089817047,2
dangerous,true,-2.49609375,-1.4015142917633057,2
dangerous,unpopular,-1.60693359375,-0.8040380477905273,2
darkening,lightening,0.466796875,0.27689018845558167,2
datebooks,pens,0.43359375,1.7314151525497437,2
deceit,dishonesty,0.7125244140625,-0.9320385456085205,2
deeds,documents,-2.374725341796875,-0.4313354194164276,2
deeds,notes,-2.552734375,-0.8586858510971069,2
defeated,unpopular,-0.74041748046875,-0.9660265445709229,2
demolition,deterioration,-1.017578125,-0.6395070552825928,2
demolition,maintenance,0.51165771484375,0.15092484652996063,2
demonolatry,idolatry,-2.13458251953125,-0.11721399426460266,2
deportment,dignity,-0.7751617431640625,-0.3517201840877533,2
depraved,sinful,1.404296875,-0.327585369348526,2
derision,drunkenness,-3.8828125,-0.8651988506317139,2
destruction,misery,0.955078125,0.03466394543647766,2
destruction,rebirth,-5.436279296875,-0.1036933958530426,2
destruction,war,0.998291015625,-0.35065773129463196,2
developed,modern,-3.78515625,-1.2554361820220947,2
dialogs,recitations,-3.25775146484375,0.5323259234428406,2
dials,receiver,-10.460803985595703,-0.20295450091362,2
died,suffered,-0.634765625,1.1135427951812744,2
dignity,strength,1.8704833984375,-1.1565433740615845,2
dinosaur,lion,-0.048828125,-0.05353826284408569,2
dirt,dust,1.9140625,0.956128716468811,2
dirt,poisons,0.313629150390625,1.0587657690048218,2
disaster,failure,1.44921875,0.2783549129962921,2
disciplined,regular,-1.5435791015625,-0.9948140382766724,2
discrimination,fights,0.8332481384277344,-0.3516748249530792,2
discrimination,slavery,-3.6568984985351562,-1.4007453918457031,2
discrimination,violence,-1.6589508056640625,-1.3381271362304688,2
dishonesty,injustice,0.0550079345703125,1.145346999168396,2
disobedience,misery,1.77825927734375,-0.22267097234725952,2
disobedience,negligence,-3.354217529296875,0.131711944937706,2
dispatch,neatness,-3.7705078125,-1.0766621828079224,2
distress,misery,1.1689453125,-1.2849339246749878,2
distress,privation,-7.93603515625,-0.47951629757881165,2
dogs,dolls,0.51171875,0.5764318704605103,2
dogs,ferrets,-1.22265625,1.4045617580413818,2
dogs,pistols,0.77783203125,1.8215817213058472,2
dogs,poets,1.30078125,1.6296054124832153,2
dollars,dollars,0.0,0.3884449899196625,2
dolls,dolls,0.0,-0.2818146049976349,2
dolls,pram,4.6064453125,3.520519971847534,2
dolls,toys,-1.8203125,-0.11035525798797607,2
domestic,local,1.44793701171875,0.6787025928497314,2
domestic,sexual,-0.01861572265625,0.568068265914917,2
dominant,official,-1.78857421875,-0.3935733139514923,2
downhearted,gloomy,5.691070556640625,-0.3424086272716522,2
dozens,dozens,0.0,0.1601831316947937,2
draw,schedule,-2.8494873046875,0.11706152558326721,2
dreams,reality,0.328125,1.6408541202545166,2
dreams,stories,0.748046875,0.6959344744682312,2
drongos,flycatchers,2.4613037109375,-0.9462980031967163,2
dug,dug,0.0,-0.09136661887168884,2
dumplings,steam,-2.5908203125,0.8053717613220215,2
dust,gas,0.251953125,0.32802614569664,2
dust,gravel,1.24951171875,0.35380104184150696,2
dust,heat,-0.521484375,-0.3030083477497101,2
dust,waste,-1.384765625,1.3024611473083496,2
dweebs,geeks,1.705078125,0.6763746738433838,2
dyers,weavers,5.01953125,0.5115883350372314,2
early,extraordinary,0.624969482421875,0.39265093207359314,2
early,personal,0.63262939453125,-0.1783154308795929,2
earthworks,megaliths,-1.416015625,-0.771869421005249,2
easier,easier,0.0,-0.23977047204971313,2
easier,lighter,-1.2333984375,-1.0576201677322388,2
easier,louder,-2.3653564453125,-0.5844013690948486,2
eddied,swirled,-8.9404296875,-0.16773968935012817,2
education,pedagogy,-1.527587890625,1.9373923540115356,2
education,science,0.541015625,0.7909280061721802,2
egg,tongue,-0.68359375,0.3766729533672333,2
elements,shapes,2.7666015625,-1.206719160079956,2
embarrassment,pleasure,1.1853179931640625,-1.4462978839874268,2
embeddings,manifolds,4.25079345703125,-0.8682862520217896,2
emperors,empresses,-0.011280536651611328,-0.26973047852516174,2
encouragement,praise,0.136138916015625,-1.6633896827697754,2
encouragement,warning,0.946014404296875,-0.7773715257644653,2
enlarged,hollow,1.6666259765625,-1.1808394193649292,2
enlarged,reduced,-1.98876953125,-0.9250657558441162,2
enlarged,revised,-2.4923248291015625,-0.2160540521144867,2
enormous,majestic,5.4521026611328125,-0.7021341323852539,2
enormous,powerful,1.957916259765625,-0.82771897315979,2
entertainments,parties,0.99609375,-0.5138884782791138,2
erect,fearless,-1.58984375,-0.8125630617141724,2
erect,masterful,6.4976806640625,-0.30116167664527893,2
espresso,juice,-2.517578125,-2.5685136318206787,2
events,events,0.0,-0.7129063606262207,2
events,names,0.064453125,-1.2262517213821411,2
events,relationships,-5.076385498046875,-0.9786036014556885,2
events,stories,-3.421875,-1.1942805051803589,2
example,precept,0.265625,0.9537302255630493,2
exhausted,hot,-2.3088302612304688,-3.154146909713745,2
expound,reason,-1.859375,-0.9855309724807739,2
exterior,interior,-1.8497314453125,-0.6159590482711792,2
facts,myths,-4.2578125,-0.8887523412704468,2
facts,names,2.3955078125,-2.214550495147705,2
faith,glory,-0.41015625,-0.4414084255695343,2
faith,morals,0.0087890625,-0.43909117579460144,2
faith,reason,0.19769287109375,0.22844883799552917,2
faith,science,-0.208984375,-1.3103750944137573,2
faith,violence,1.6689453125,-0.5411443710327148,2
fall,tumble,1.690460205078125,0.5717925429344177,2
famous,hot,-0.0703125,-0.7431813478469849,2
farming,livestock,0.9486083984375,-0.4706932604312897,2
fast,febrile,-4.8828125,2.0632643699645996,2
fast,furious,1.0427093505859375,2.3908159732818604,2
fast,mushy,0.8984375,1.9238789081573486,2
fast,powerful,2.0546875,2.695650339126587,2
fast,steadily,3.5816268920898438,2.5468056201934814,2
fast,sure,4.33203125,1.8695603609085083,2
fast,thick,2.451171875,1.0094423294067383,2
fast,tough,-1.357421875,1.7775146961212158,2
fast,true,-1.177734375,2.1070809364318848,2
fearless,gallant,1.2138671875,0.09797412157058716,2
fights,war,5.26171875,0.16185304522514343,2
fits,starts,0.87890625,-2.6038708686828613,2
flabby,wrinkled,-3.406005859375,-0.369546502828598,2
flattery,persistence,7.881591796875,0.09772118926048279,2
flattery,pleasure,0.9378662109375,-0.8016262054443359,2
flattery,servility,-0.07421875,0.2203972488641739,2
flies,mosquitoes,0.2240142822265625,1.5600144863128662,2
flippers,lungs,2.88250732421875,0.7914608716964722,2
flopped,stumbled,1.86328125,0.09432512521743774,2
flushed,hoarse,-2.2572102546691895,0.28803375363349915,2
flushed,hot,1.4072265625,-1.6991217136383057,2
flushed,impatient,3.2911376953125,0.754751443862915,2
flushed,radiant,2.205078125,-0.2721783220767975,2
flushed,red,-0.150390625,-0.1898987889289856,2
flushed,tired,3.533203125,-0.3010142147541046,2
flushed,unhappy,6.6875,-0.3509548008441925,2
fog,storms,-1.03955078125,-0.7495883703231812,2
fog,wind,-0.9033203125,-1.509965419769287,2
forage,gather,2.265625,1.8619105815887451,2
foreboding,loneliness,-3.1400680541992188,-1.4713287353515625,2
founding,full,2.3671875,-1.097243309020996,2
founding,prominent,-0.1767730712890625,0.5966354012489319,2
freakier,freakier,0.0,-0.5651149749755859,2
freight,luggage,0.28411865234375,0.5460617542266846,2
fresh,hot,-0.458984375,-1.9144201278686523,2
fresh,sweet,-0.1171875,-0.6751776933670044,2
fresh,unblemished,1.935546875,2.1824817657470703,2
fresh,youthful,2.85125732421875,-0.4355022609233856,2
friendship,intimacy,1.75653076171875,1.0034303665161133,2
friendship,loneliness,-2.543487548828125,1.0401537418365479,2
frog,wombat,3.5576171875,3.0135107040405273,2
frosts,storms,0.614990234375,0.6034091711044312,2
fuel,heating,4.869140625,1.3502490520477295,2
full,immediate,0.6229133605957031,0.6452885866165161,2
full,transcendent,-1.38958740234375,0.41858792304992676,2
full,true,0.296875,0.4858972430229187,2
furious,hot,-4.884979248046875,-1.4468783140182495,2
furious,sputtering,-2.37353515625,0.19304963946342468,2
galaxies,matter,-0.3526611328125,1.774082899093628,2
gallant,shrewd,3.173828125,0.8582113981246948,2
gallons,gallons,0.0,-0.5065593719482422,2
gas,matter,1.638671875,0.4163186550140381,2
gas,steam,-2.501953125,0.7653015851974487,2
gaunt,gray,-0.3408203125,-0.6138368844985962,2
gaunt,hollow,-1.2724609375,0.2737332880496979,2
gears,levers,-1.593505859375,1.1974191665649414,2
gigantic,red,-0.6015625,-1.0029489994049072,2
girl,goose,-4.119140625,-1.0097025632858276,2
girl,stalking,1.2255859375,0.33544638752937317,2
global,local,0.9472198486328125,1.7174177169799805,2
gloomy,stern,-0.6201171875,-0.5263490676879883,2
gloomy,thick,-1.19873046875,-0.7709058523178101,2
graduate,professional,-3.0419921875,0.251580148935318,2
graduate,undergraduate,-1.073577880859375,1.253847599029541,2
grame,grief,-5.1533966064453125,-0.6094499826431274,2
gray,grewsome,-4.396484375,0.28542420268058777,2
gray,red,-1.724609375,-0.6789997816085815,2
gray,scanty,2.025146484375,0.4244414269924164,2
gray,tired,0.5068359375,2.071054458618164,2
gray,yellow,-1.1865234375,-0.20580866932868958,2
grey,red,0.34375,-0.11593785881996155,2
grief,horror,-0.781158447265625,-0.8974149227142334,2
grief,intrigue,3.651611328125,0.7487258911132812,2
grief,passion,-0.1083984375,1.0704268217086792,2
grief,rage,-1.0220947265625,0.6516604423522949,2
grinned,looked,-3.75,-0.26728275418281555,2
harmonium,organ,4.6005859375,1.963087797164917,2
hawed,himmed,4.125,-0.10077038407325745,2
heaps,heaps,0.0,-0.06792619824409485,2
hearths,homes,-3.0712890625,-1.7871577739715576,2
heat,strength,-1.7080078125,-0.4977395832538605,2
heiress,owner,-1.0,-1.3528766632080078,2
heparin,histamine,0.8515625,-0.4400458037853241,2
heretics,nonbelievers,1.5184326171875,0.8338525295257568,2
highlights,shadows,5.883941650390625,0.09157928824424744,2
hoarse,hollow,-0.526031494140625,0.8665475845336914,2
hollow,lightweight,2.268798828125,-0.8011171817779541,2
hollow,muffled,1.2226028442382812,0.3873705565929413,2
honeysuckles,jessamines,0.660186767578125,0.31271740794181824,2
horrible,red,-1.77734375,-1.9052510261535645,2
horrible,yellow,-4.95703125,-1.758630394935608,2
horror,misery,1.633544921875,0.8861830234527588,2
horror,rage,3.46185302734375,1.9888458251953125,2
hot,mixed,2.734375,1.5354721546173096,2
hot,red,0.0400390625,1.160256028175354,2
hot,smoking,4.6357421875,2.1266255378723145,2
hot,steaming,0.357421875,1.334622859954834,2
hot,sultry,6.40869140625,3.3668792247772217,2
hot,sweet,0.16015625,0.34597429633140564,2
hot,tired,3.001953125,2.000683546066284,2
hushed,penetrated,1.50982666015625,1.4250357151031494,2
illustrated,wrote,-5.729631423950195,-0.6634628772735596,2
immediate,personal,6.723651885986328,-0.5760853290557861,2
immediate,stern,-0.09411239624023438,-2.101780414581299,2
impatient,tired,1.12347412109375,-1.4840081930160522,2
increase,multiply,-1.102294921875,-0.7461203336715698,2
ingratitude,suspicion,-1.90533447265625,-0.09358063340187073,2
injustice,oppression,-3.4071044921875,-0.862054705619812,2
injustice,slavery,-2.837799072265625,-1.542975902557373,2
injustice,violence,-2.331024169921875,-1.9783155918121338,2
innocent,leige,-2.533203125,1.70781409740448,2
innocent,sweet,-0.54296875,-0.996464729309082,2
inquiringly,politely,3.085200071334839,-1.4056354761123657,2
insincere,supercilious,-4.2177734375,-2.7762324810028076,2
insults,violence,-1.92578125,-0.12073954939842224,2
junior,professional,-1.0552978515625,0.8763095140457153,2
kinds,shapes,1.65234375,-2.0571954250335693,2
kinds,sorts,-0.68359375,1.5672762393951416,2
leaking,patched,2.896484375,-0.534670352935791,2
legos,lion,2.013671875,-1.4689990282058716,2
leif,tarzan,0.18798828125,-2.1712520122528076,2
leukemia,lymphoma,0.343505859375,-0.5615503787994385,2
lighter,lighter,0.0,-0.467558890581131,2
lighter,thinner,0.91943359375,0.67596036195755,2
like,talking,8.482421875,-1.4460012912750244,2
limestone,marble,-1.21856689453125,-0.19475600123405457,2
limped,stuttered,-1.503936767578125,0.06009352207183838,2
limpid,salutary,-4.9501953125,0.503649115562439,2
listened,listened,0.0,0.6801530122756958,2
listened,looked,1.990234375,0.07545968890190125,2
listened,watched,-2.00390625,-0.32893601059913635,2
local,provincial,-0.38531494140625,-0.27964070439338684,2
loneliness,misery,1.5861358642578125,0.4944257438182831,2
looked,looked,0.0,0.09918758273124695,2
looked,smelt,1.955078125,0.8029634952545166,2
lost,loved,1.6015625,-1.153029441833496,2
louder,louder,0.0,-0.07986930012702942,2
louder,repeated,-0.5150146484375,1.971869707107544,2
louder,sharper,3.119873046875,-1.1806576251983643,2
loyalists,unionists,1.1697998046875,-0.6544201374053955,2
magisterial,police,-3.65234375,-1.686354160308838,2
magnet,toys,-3.392578125,-1.001590609550476,2
magnificent,proud,-2.450927734375,-0.3898954689502716,2
majestic,powerful,1.7415771484375,0.37665417790412903,2
majestic,soothing,-1.6562042236328125,0.08570277690887451,2
majestic,sublime,-2.51287841796875,0.2746642827987671,2
malice,rage,-2.73773193359375,0.15054413676261902,2
marble,mosaic,0.94989013671875,-0.7696764469146729,2
maroon,red,-0.029296875,-1.775261640548706,2
maroon,yellow,-1.4892578125,-1.5315070152282715,2
mathematics,metamathematics,2.483751058578491,0.382068008184433,2
mathematics,science,2.1590728759765625,-0.8472706079483032,2
mathematics,statistics,7.5575408935546875,1.0361446142196655,2
matrimony,matrimony,0.0,-0.8283913135528564,2
mauve,red,0.953125,-1.385737419128418,2
meaning,reason,1.349609375,-1.2879090309143066,2
meaning,richness,-3.009765625,-1.8432936668395996,2
meat,meat,0.0,0.5357898473739624,2
meat,puddings,1.349365234375,1.8773794174194336,2
metasedimentary,sedimentary,0.75201416015625,0.09941892325878143,2
metres,metres,0.0,-0.7054541110992432,2
microprocessors,transistors,-1.5732421875,0.852450966835022,2
mightiest,richest,0.3818359375,-1.3023043870925903,2
miserable,tired,-3.734375,-0.014675825834274292,2
miserable,unhappy,0.685546875,-0.1459064781665802,2
miserable,weeping,-2.77734375,0.03395932912826538,2
missus,mister,0.970458984375,0.5308789014816284,2
modern,practical,-1.7193603515625,2.06913161277771,2
muffled,thick,-3.5157470703125,-1.6652412414550781,2
mushrooms,tomatoes,-2.459075927734375,-0.3863220512866974,2
necessity,urgency,2.247802734375,0.7257735729217529,2
nestling,singing,-2.416748046875,0.28015244007110596,2
northwest,west,-0.205078125,-1.7136896848678589,2
official,royal,-1.2578125,-0.01396837830543518,2
on,on,0.0,0.4397258460521698,2
opponents,players,-2.171572685241699,-1.157214641571045,2
oppression,violence,-0.73974609375,-0.9989413022994995,2
outsiders,students,-0.7117919921875,-0.7727704048156738,2
outsiders,wives,-1.00537109375,-0.6532794237136841,2
overweight,unhappy,-1.357025146484375,-0.987335205078125,2
paler,paler,0.0,-0.4306013882160187,2
paler,thinner,1.50048828125,-1.0558158159255981,2
paler,tired,-1.88671875,-1.1207940578460693,2
paperwork,signatures,0.25921630859375,0.7310101985931396,2
passion,rage,-0.257080078125,-0.24787002801895142,2
personal,profanity,-2.52642822265625,-0.2145180106163025,2
personal,professional,-1.8671875,-1.5499114990234375,2
phases,stages,-2.18017578125,0.4113624095916748,2
photographs,sketches,1.6398162841796875,-0.109534353017807,2
physical,sexual,-0.04296875,0.09358462691307068,2
pins,tape,-0.2919921875,0.7243236303329468,2
placid,smooth,0.57257080078125,-1.2055041790008545,2
pleasure,rejoicing,-0.3426513671875,1.3794033527374268,2
poets,songwriters,-1.846588134765625,1.0685361623764038,2
powdery,smooth,-1.44921875,-0.9412535429000854,2
powerful,precise,-1.1064453125,0.056616634130477905,2
powerful,stern,-0.615234375,-1.2732833623886108,2
powerful,vast,-4.9765625,-1.5062761306762695,2
praise,publicity,1.7244873046875,-0.8519120216369629,2
prematurity,smoking,1.08087158203125,-0.1288571059703827,2
presentation,spelling,1.988525390625,-0.7232222557067871,2
principal,supervisor,-2.7578125,-0.09590157866477966,2
produced,wrote,-5.064453125,0.6795179843902588,2
profanity,sanctity,1.3898773193359375,-0.39293262362480164,2
profanity,sexual,2.3721923828125,-0.5259883403778076,2
professional,student,-0.17578125,0.1705501526594162,2
property,slaves,-2.55078125,1.4910330772399902,2
proud,stern,4.6865234375,-1.6757910251617432,2
proud,swaggering,-1.990142822265625,0.40500134229660034,2
proud,vain,2.00390625,-1.4003095626831055,2
pulled,pulled,0.0,-0.21061095595359802,2
radiant,red,2.2587890625,-0.9025008678436279,2
radio,record,0.69921875,-0.4700928032398224,2
rage,scorn,1.0897216796875,-0.957884669303894,2
rage,war,-0.142578125,0.1324731409549713,2
rage,weeping,-0.36279296875,0.1280883401632309,2
rains,storms,-1.1923828125,0.013112574815750122,2
rampant,red,1.748046875,-0.7351670265197754,2
randomness,statistics,2.5131149291992188,1.5905101299285889,2
rapidly,steadily,3.9243087768554688,2.6089704036712646,2
reason,science,-2.525390625,-2.087263584136963,2
reason,tradition,-1.671875,0.27789583802223206,2
receiver,recorder,2.7157135009765625,-0.45533379912376404,2
recorder,tape,1.427734375,0.8939328193664551,2
red,red,0.0,-0.32683685421943665,2
red,thick,-2.25732421875,0.07934877276420593,2
red,wrinkled,1.604248046875,1.1998698711395264,2
red,yellow,-1.8828125,-0.07932350039482117,2
rehashed,revised,-2.697265625,0.16327747702598572,2
repeated,sterner,-2.244140625,-0.5366570949554443,2
rip,tip,-0.36328125,0.21435174345970154,2
rising,rising,0.0,-0.13153335452079773,2
run,run,0.0,-0.2961883246898651,2
run,shout,0.37109375,1.149430274963379,2
samoyedic,yeniseian,0.73046875,-0.23619255423545837,2
screaming,shouting,0.796875,0.24056464433670044,2
secured,shut,1.0568923950195312,1.7124016284942627,2
sexuality,violence,0.015625,0.5554133057594299,2
sharper,sharper,0.0,0.4565776586532593,2
shinyness,sunniness,-1.23828125,0.34961313009262085,2
shivered,suffered,1.8369140625,1.8915672302246094,2
shivered,watched,0.038818359375,0.20646101236343384,2
shouting,shrieking,1.2489013671875,-0.23157349228858948,2
shouting,singing,-1.30078125,0.16121438145637512,2
shouting,talking,-0.98046875,0.9198825359344482,2
shrimp,snails,0.95965576171875,0.5409613847732544,2
singing,talking,-1.021484375,0.2016516625881195,2
skirmishing,trading,1.78875732421875,0.7543548345565796,2
sluggish,smooth,0.596649169921875,-1.198153018951416,2
smoking,steaming,1.2111663818359375,0.7280138731002808,2
smoking,talking,0.52093505859375,-0.2882244288921356,2
smooth,sweet,1.521484375,-0.47219136357307434,2
smooth,thick,0.4755859375,-0.5468497276306152,2
spray,steam,-1.504150390625,0.581071138381958,2
spreading,spreading,0.0,0.4295884668827057,2
sputtering,sputtering,0.0,-0.3063272535800934,2
squak,squak,0.0,0.10483196377754211,2
starved,tired,-2.34765625,0.12270177900791168,2
steeper,steeper,0.0,0.01638743281364441,2
stem,stern,2.2734375,-1.7704205513000488,2
stifling,thick,-0.4794921875,-1.3892111778259277,2
storms,wind,-0.73687744140625,-1.1303870677947998,2
talking,talking,0.0,0.9522360563278198,2
tamer,tamer,0.0,-0.8379738330841064,2
thick,tough,0.400390625,0.9295563697814941,2
thick,yellow,1.103515625,0.41293928027153015,2
thinner,thinner,0.0,0.900970458984375,2
thumbs,toes,3.1396484375,0.44141021370887756,2
tired,unhappy,2.4541015625,-0.19361788034439087,2
tired,uninspired,1.91162109375,1.2090555429458618,2
tradition,usage,1.439453125,0.08403393626213074,2
trains,trucks,0.1103515625,-0.5078099966049194,2
twice,twice,0.0,-1.1023929119110107,2
tylenol,zithromax,2.271484375,-0.32348397374153137,2
uncivilized,unlettered,-0.3446044921875,1.3253440856933594,2
unhallowed,unwarranted,-1.0765380859375,0.49788567423820496,2
unwinding,winding,-2.116455078125,0.1483505666255951,2
utter,vast,-4.1484375,-2.2366716861724854,2
village,village,0.0,0.08018520474433899,2
violence,war,-0.552734375,0.4807242453098297,2
wailings,weeping,-4.8505859375,1.5447784662246704,2
watched,watched,0.0,0.061279624700546265,2
weeks,weeks,0.0,0.4875440001487732,2
wider,wider,0.0,-0.47021248936653137,2
wrastled,wrastled,0.0,-0.2536367177963257,2
wrinkled,yellow,-2.586517333984375,-0.7289818525314331,2
wrote,wrote,0.0,-0.4882248342037201,2
yards,yards,0.0,0.027185410261154175,2
yellow,yellow,0.0,0.09535136818885803,2
yours,yours,0.0,-0.034357696771621704,2
abjurer,nowhere,1.298828125,0.6537474393844604,3
above,around,1.4453125,0.8677583336830139,3
accidents,incidents,1.0263671875,0.7953400015830994,3
accidents,problems,1.3046875,-0.735894501209259,3
acknowledge,state,-2.7187652587890625,0.26352304220199585,3
actively,successfully,-1.5408935546875,-0.552839457988739,3
acts,speaks,-0.2421875,0.7592007517814636,3
acts,talks,-0.0703125,1.0873323678970337,3
adoration,love,-3.75390625,-1.9907371997833252,3
aerial,ground,-3.56640625,-0.9309071898460388,3
aimlessly,unconsciously,0.9331026077270508,0.5601779222488403,3
along,along,0.0,-0.7886915802955627,3
along,watch,15.625,-0.7309151887893677,3
amused,rapid,-7.77685546875,-1.5501765012741089,3
anarchy,license,0.284912109375,0.46003425121307373,3
anguish,dejection,-0.3719902038574219,1.3038090467453003,3
ants,earth,-1.201171875,0.1443353146314621,3
ants,termites,1.0693359375,0.9485365748405457,3
apologized,time,-8.8544921875,-1.3430583477020264,3
apologized,went,-2.71875,-0.6590756773948669,3
apples,cake,0.560546875,-1.0869096517562866,3
aquatic,other,1.66015625,1.6838607788085938,3
arab,egyptian,-3.8896484375,-0.3803364038467407,3
area,league,-0.431640625,-0.2226136177778244,3
armies,battles,-0.31201171875,0.0008835047483444214,3
around,around,0.0,0.5599440336227417,3
arrivals,departures,-0.0881195068359375,-0.7253342866897583,3
arrogant,hurtful,-3.81640625,0.3714120388031006,3
arrogant,lying,1.0906219482421875,0.06887154281139374,3
arrogant,opinionated,-4.37646484375,0.5625485777854919,3
arrogant,quarrelsome,-1.4287109375,-0.6041738390922546,3
arrows,bow,-4.48876953125,0.43856745958328247,3
arrows,chimales,-3.323486328125,0.21535731852054596,3
artists,cartoonists,-2.2327880859375,0.8067080974578857,3
artists,intellectuals,-0.9291954040527344,1.613547682762146,3
artists,things,2.14453125,2.4265105724334717,3
artists,writers,-3.649200439453125,0.700887143611908,3
ask,call,-6.18359375,-2.664369821548462,3
assassins,conspirators,1.653076171875,0.1998530477285385,3
assassins,cutthroats,1.27001953125,-0.5212539434432983,3
assets,cash,-2.765625,0.1269216388463974,3
assets,exports,0.97802734375,-0.04413739591836929,3
atheistic,materialistic,-0.43359375,0.056978002190589905,3
attentive,ready,3.9326171875,-0.10676755011081696,3
audience,critics,0.21484375,-0.8735564351081848,3
babbled,babbled,0.0,0.3771762251853943,3
babied,petted,-1.092529296875,0.5672680735588074,3
babysit,come,-2.0892333984375,-2.6763346195220947,3
backed,backed,0.0,-0.31525200605392456,3
backed,pranced,5.505859375,-0.3918769955635071,3
backward,sideways,2.4150390625,0.0487009733915329,3
balloon,boy,-0.453125,-0.47098058462142944,3
barked,barked,0.0,0.6089656352996826,3
barleycorns,roots,-6.0234375,0.036383017897605896,3
baskets,parcels,-0.4936790466308594,-0.1495227813720703,3
battles,disputes,-2.4276123046875,1.6872962713241577,3
battleships,cruisers,-7.3203125,-0.15205729007720947,3
beating,beating,0.0,-0.4304463863372803,3
beggars,churches,2.67431640625,-1.6332849264144897,3
belief,sentiment,0.9189453125,1.3864030838012695,3
belief,thought,-0.353515625,1.5395498275756836,3
belief,unbelief,4.730113983154297,1.4634381532669067,3
berrid,dead,-1.0390625,-1.4578571319580078,3
bewildering,many,3.4130859375,0.11311005055904388,3
black,black,0.0,0.8459526896476746,3
black,cold,0.443359375,1.2342649698257446,3
black,dismal,1.5234375,2.223229169845581,3
black,gay,-1.8671875,0.49358928203582764,3
black,shiny,-0.95703125,1.073590874671936,3
blatant,officious,2.97021484375,-0.020061269402503967,3
bliss,suffering,-0.048828125,-1.3902913331985474,3
blows,blows,0.0,-0.07617957890033722,3
board,keel,-1.53515625,-0.01775287091732025,3
boars,deer,-1.20703125,-0.19713278114795685,3
boars,oxen,-2.274169921875,0.21949835121631622,3
bonnets,dresses,-0.261474609375,-0.1101192981004715,3
boots,clothing,-0.47265625,-0.1530817300081253,3
boots,coats,0.443359375,0.7657642960548401,3
bow,slide,1.833984375,1.376318335533142,3
bowery,lofty,1.52960205078125,-0.7374840378761292,3
boxed,wrestled,1.5477218627929688,1.1735395193099976,3
bravery,cowardice,1.34228515625,-0.19020242989063263,3
bravery,enterprise,1.6796684265136719,1.3535752296447754,3
breakfast,lunch,-0.57421875,0.6585244536399841,3
breakfast,supper,-0.76171875,0.13767163455486298,3
bribing,sleeping,3.4228515625,0.6011258959770203,3
build,come,-4.708984375,-3.218435525894165,3
burn,split,0.322265625,-0.5462154150009155,3
cake,fruit,-1.9287109375,-0.06489165127277374,3
cake,jelly,3.62890625,0.9335916638374329,3
call,call,0.0,-0.2966596484184265,3
call,come,-4.255859375,-4.393182754516602,3
camera,puzzle,1.234375,-0.6225364804267883,3
carry,cash,-4.54296875,-2.8506221771240234,3
cash,time,-1.0693359375,-0.4638689160346985,3
casseroles,things,9.2333984375,1.9655379056930542,3
charitable,grand,-3.055419921875,-1.3460084199905396,3
cheat,steal,4.0177001953125,0.64632648229599,3
churches,minsters,1.51171875,1.5826092958450317,3
churches,monasteries,-5.875244140625,1.0721646547317505,3
cinematic,classical,1.3986282348632812,-1.6750432252883911,3
circumstances,fate,-2.76171875,-1.7645517587661743,3
circumstances,time,0.046875,-0.7741871476173401,3
civilian,other,6.619140625,1.2995588779449463,3
clairvoyance,mesmerism,0.998046875,-0.5670512914657593,3
classical,quantum,0.1572265625,1.5146957635879517,3
clergy,nobility,-2.5147705078125,1.481684684753418,3
closer,closer,0.0,-0.5494750738143921,3
closer,longer,1.052734375,1.383935570716858,3
closer,warmer,-3.336669921875,0.0017828196287155151,3
clubs,societies,-2.0800018310546875,-0.28630512952804565,3
clubs,things,3.7423095703125,1.4809274673461914,3
coats,dresses,-3.330810546875,0.40874892473220825,3
coats,scarves,-0.886962890625,1.2183878421783447,3
cold,cramp,1.158203125,1.8645275831222534,3
cold,dead,0.60546875,-0.7061368227005005,3
cold,dire,-2.75390625,0.9117726683616638,3
cold,intellectual,4.463222503662109,1.7756534814834595,3
cold,lifeless,2.5084686279296875,1.3260444402694702,3
cold,rain,-1.99609375,1.1213146448135376,3
cold,rainy,0.60498046875,0.8422929644584656,3
cold,silent,0.5361328125,0.2768849730491638,3
cold,snow,1.01171875,0.3340211510658264,3
cold,snowing,-2.25390625,1.0687576532363892,3
cold,steady,2.603515625,-0.05589759349822998,3
cold,stiff,2.00390625,-1.5020440816879272,3
cold,undemonstrative,1.31640625,3.0061452388763428,3
cold,useless,2.185546875,1.2052911520004272,3
collectivism,individualism,2.8302001953125,-0.011107966303825378,3
college,private,1.78515625,-0.7321627140045166,3
college,pro,7.443359375,2.4612648487091064,3
colleges,things,7.621501922607422,2.3879966735839844,3
coloring,drawing,-1.26953125,-0.6488991379737854,3
come,come,0.0,-0.7898918986320496,3
come,dine,4.26171875,1.3812668323516846,3
come,hurry,-0.751953125,0.38585710525512695,3
come,take,6.220703125,4.976992607116699,3
come,watch,5.787109375,1.9368103742599487,3
come,went,1.962890625,2.393028497695923,3
commitment,love,-4.967041015625,-2.715384006500244,3
committing,disciplining,-2.439910888671875,-0.8151621222496033,3
communication,trade,0.09619140625,-0.7009457349777222,3
companies,regiments,1.044921875,0.4945144057273865,3
conducting,finish,-0.5244140625,0.3824561834335327,3
congressional,public,2.3032913208007812,-0.07364444434642792,3
consent,order,1.20703125,0.3436139225959778,3
constrained,mysterious,0.008556365966796875,-1.5630130767822266,3
constrained,silent,-4.3789215087890625,-3.369243860244751,3
cookie,napkin,-3.3162841796875,-0.0391547828912735,3
cooking,pottery,2.13372802734375,1.1216241121292114,3
cooking,residential,0.30694580078125,1.3009741306304932,3
coronation,inauguration,-1.23486328125,0.0471922904253006,3
courteous,friendly,-2.83880615234375,-0.15854404866695404,3
cowardice,meanness,-0.90380859375,0.7757932543754578,3
cowardly,slurring,2.26611328125,0.13814274966716766,3
crew,passengers,-2.810546875,-0.1150829941034317,3
critics,curators,0.2275390625,0.7857704758644104,3
critics,public,5.7823486328125,0.20380394160747528,3
croaks,pneumonia,-1.265380859375,0.8660195469856262,3
crowded,noisy,4.113210678100586,1.0330116748809814,3
crypts,muslins,1.09423828125,0.20411835610866547,3
cunning,different,-0.544921875,0.7617243528366089,3
cunning,ready,6.33203125,0.6754777431488037,3
cunning,unscrupulous,5.6552734375,0.5625669360160828,3
currencies,problems,-0.28466796875,-0.37392061948776245,3
curses,howls,-2.287109375,0.06456026434898376,3
curses,threats,-0.927734375,0.5500177145004272,3
daintiness,softness,-0.5458984375,-0.06386043131351471,3
dallied,dallied,0.0,-0.5830355286598206,3
dampish,lonesome,-2.962799072265625,0.16514469683170319,3
dates,eras,4.052734375,2.4627206325531006,3
dates,numbers,2.12109375,-1.3651888370513916,3
dates,things,6.69921875,1.1167734861373901,3
dates,time,-0.6953125,-0.23398829996585846,3
daycare,experiences,2.2666015625,0.10621888935565948,3
dead,decaying,2.8427734375,2.8120832443237305,3
dead,stiff,-2.62255859375,-0.2848304510116577,3
dead,useless,3.123046875,2.279672145843506,3
deed,thought,-3.748046875,0.025676265358924866,3
delightfully,truthfully,1.29931640625,-0.6561843752861023,3
delivery,style,-1.9586181640625,-0.3385498523712158,3
desire,hope,-1.4921875,-0.9601898193359375,3
desire,love,-1.5849609375,-2.227277994155884,3
diesel,gasoline,0.3063507080078125,-0.39949893951416016,3
different,imaginative,6.92529296875,1.1918072700500488,3
dimmer,dimmer,0.0,0.12826953828334808,3
diplomatic,trade,-4.40765380859375,-0.49925291538238525,3
dirtier,dirtier,0.0,0.305206835269928,3
discomfort,stress,-2.8154296875,-0.6921872496604919,3
discontentedly,idly,-1.715087890625,-0.47953444719314575,3
discotheques,things,4.64453125,1.3477672338485718,3
disease,fasting,1.39404296875,0.3395642638206482,3
disease,stress,1.94873046875,1.7341159582138062,3
disease,suffering,1.849609375,-0.36060577630996704,3
disease,wars,-2.32421875,-0.4438234567642212,3
dishes,pots,2.5107421875,0.4131914973258972,3
displaced,uprooted,-0.1514892578125,-1.5927095413208008,3
disturbances,wars,-1.1939697265625,-1.5936799049377441,3
dodge,kick,-3.517578125,0.7774873375892639,3
dotingly,fondly,0.759765625,0.24767504632472992,3
dresses,hose,0.056640625,1.5094608068466187,3
drier,warmer,0.953125,-0.8695923089981079,3
drowsier,drowsier,0.0,-0.052220314741134644,3
drunk,drunk,0.0,-0.3000897169113159,3
drunk,loaded,-0.199462890625,0.015361830592155457,3
drunk,merry,-2.14453125,0.35625702142715454,3
duties,pleasures,-0.52252197265625,0.1394185870885849,3
duties,quotas,-2.9426116943359375,0.15869905054569244,3
duties,tariffs,-2.8218765258789062,-0.3024563789367676,3
duty,family,3.599609375,-0.32789909839630127,3
duty,inclination,2.789306640625,1.0165467262268066,3
duty,love,-2.026885986328125,-0.86028653383255,3
eagerly,quickly,0.9296875,-0.17882318794727325,3
earth,sods,-0.5283203125,1.3896410465240479,3
edibles,fruit,-1.9228515625,-0.9058954119682312,3
ejaculation,orgasm,-3.13134765625,0.9797824025154114,3
elaborate,gay,-3.7276611328125,-2.122966766357422,3
elegancies,luxuries,0.0799560546875,-0.519738495349884,3
embarrassing,inconvenient,0.27166748046875,0.9735185503959656,3
emergencies,wars,1.349853515625,-0.6299899816513062,3
employment,income,0.3700714111328125,-2.0664288997650146,3
employment,industrial,-0.19297027587890625,-0.11515964567661285,3
enthusiastically,quickly,-0.67901611328125,-1.9017764329910278,3
evenly,quickly,1.25390625,-2.02183198928833,3
evidently,slowly,-10.2890625,-3.1580467224121094,3
execrable,unclean,2.42236328125,-1.2002553939819336,3
executions,trials,-3.216796875,-0.48160040378570557,3
explorer,martyr,-2.2406005859375,-0.23872311413288116,3
extended,reworked,-0.52252197265625,-0.20362980663776398,3
extreme,rapid,-2.115234375,-0.1294616311788559,3
faded,shabby,2.0791015625,-0.7914824485778809,3
family,inheritance,0.7520751953125,1.743939995765686,3
family,love,-3.48974609375,0.1921507567167282,3
family,tribal,2.171875,1.733845591545105,3
farmers,ranchers,1.7498779296875,-0.16318097710609436,3
fat,protein,0.3094482421875,0.18928037583827972,3
fatal,mysterious,3.55712890625,0.5412306785583496,3
fatal,sinister,3.932373046875,0.2190319150686264,3
feminine,masculine,-1.53155517578125,0.8212185502052307,3
fertility,love,-2.339111328125,-1.6856389045715332,3
fiercer,other,0.986328125,3.043072462081909,3
finish,start,-4.82421875,-1.0252684354782104,3
finished,released,-7.6671142578125,0.34989649057388306,3
first,goal,-0.23046875,-0.7811404466629028,3
first,ground,-4.671875,-0.8145495057106018,3
first,largest,1.65625,-1.976450800895691,3
first,notable,1.1611328125,1.6584995985031128,3
first,original,1.0908203125,-0.9979299902915955,3
first,second,4.44091796875,-0.788059413433075,3
first,sixth,1.7265625,-2.041872262954712,3
fixed,known,5.67431640625,0.28033447265625,3
fixed,running,0.521484375,-0.8497980833053589,3
fixed,steady,-1.48828125,-0.854212760925293,3
fixed,variable,-2.2666015625,-0.5537314414978027,3
flemish,german,-2.340576171875,-0.2607618272304535,3
flips,things,3.6904296875,1.8350515365600586,3
flooded,lifeless,1.22509765625,-0.20613493025302887,3
foam,paper,-1.8564453125,-1.4239219427108765,3
fondly,foolishly,2.782958984375,0.6269055008888245,3
foolishness,inaccuracy,4.27685546875,1.36298668384552,3
footsteps,voices,-3.60711669921875,-1.581541895866394,3
footsteps,whistling,3.026153564453125,-0.25352048873901367,3
formulae,things,2.421875,0.3477495312690735,3
fossils,lithologies,0.2548828125,0.438689649105072,3
fossils,minerals,0.8220367431640625,0.3371184468269348,3
fours,threes,1.498046875,0.4165867567062378,3
friendly,frolicsome,0.2049560546875,1.373602032661438,3
friendly,sympathetic,3.553955078125,1.0250831842422485,3
frolicsome,gay,0.365234375,-2.0734753608703613,3
fruit,sherbets,0.8564453125,2.442566156387329,3
fruit,suet,6.44140625,3.135953187942505,3
further,further,0.0,-0.5564539432525635,3
fussing,grizzling,1.6569290161132812,0.6275694966316223,3
gasoline,time,-5.3269805908203125,0.2217719405889511,3
gasps,sundry,4.1533203125,1.6674798727035522,3
gay,merry,0.603515625,1.6615031957626343,3
gay,useless,-0.39453125,2.4020915031433105,3
gayer,gayer,0.0,0.680448591709137,3
given,taken,-1.75390625,-1.0036159753799438,3
gladly,quickly,-2.662109375,-1.1207168102264404,3
glands,vessels,3.319915771484375,-0.5912644863128662,3
golder,phillipson,7.191375732421875,0.5107893943786621,3
goodness,love,1.1171875,-0.08334702998399734,3
goodness,sincerity,-1.3731307983398438,0.9045955538749695,3
gracious,ready,0.623046875,0.4269675612449646,3
grand,lofty,-1.44921875,-0.1112518459558487,3
grand,useful,1.146484375,0.7448972463607788,3
grandest,happiest,-0.2489013671875,0.6566323637962341,3
grimaces,speaks,0.31640625,1.7138738632202148,3
haltingly,slowly,-1.767578125,-2.1553311347961426,3
handbags,jewelry,0.1502227783203125,0.23573563992977142,3
hands,heels,-3.062744140625,1.4636046886444092,3
hanged,quartered,1.75042724609375,-0.767896294593811,3
hanged,taken,1.5749359130859375,1.20081627368927,3
hardware,software,-2.670496940612793,0.21475635468959808,3
hasty,indifferent,6.647712707519531,0.15138892829418182,3
heavier,heavier,0.0,0.23200903832912445,3
heavier,longer,3.69085693359375,0.586432695388794,3
heavier,second,-4.01123046875,-1.6664408445358276,3
hibernation,reproduction,1.818115234375,-0.05603794753551483,3
hissed,sputtered,-1.135986328125,0.10465483367443085,3
homesick,lonesome,0.3909492492675781,0.16219158470630646,3
honey,succotash,-1.927734375,0.8204454779624939,3
honorable,useful,-5.32421875,0.08733348548412323,3
hope,love,-1.841796875,-2.077610731124878,3
hope,pride,-1.279296875,-1.491544485092163,3
hope,watch,-3.716796875,-0.11401940882205963,3
horses,oxen,2.036041259765625,1.276028037071228,3
horses,riders,2.08056640625,2.891634225845337,3
horses,sheep,-1.13671875,0.15813080966472626,3
horses,waggons,1.92529296875,1.986962914466858,3
human,saurian,-1.501953125,-0.9101727604866028,3
hurry,preparation,3.41796875,1.6298185586929321,3
husband,husband,0.0,-0.002584114670753479,3
ideas,oratory,6.1171875,1.2821965217590332,3
ideas,things,1.64453125,1.4653960466384888,3
improper,odors,-0.529296875,-0.16008217632770538,3
inclination,time,-3.9228515625,-0.5220045447349548,3
incredulously,slowly,-3.14825439453125,-2.932468891143799,3
indifferently,lazily,1.0210304260253906,-1.7005164623260498,3
individually,slowly,2.15234375,-3.292116165161133,3
industrial,port,1.7349090576171875,0.7831818461418152,3
industrial,residential,-2.3674240112304688,-0.26163119077682495,3
industrial,sectional,2.1489524841308594,0.1907416731119156,3
industrial,tourist,-1.3952064514160156,-0.1427173763513565,3
industrial,trade,-3.675759792327881,-0.5609037280082703,3
ingredients,sauces,0.6923065185546875,-0.34338992834091187,3
ingredients,time,-11.28515625,-0.03751029074192047,3
inscrutable,silent,-2.8486328125,-1.8588073253631592,3
intense,laborious,-1.6572265625,1.7443944215774536,3
intense,passionate,-1.4052734375,2.0979936122894287,3
intense,thrilling,2.564453125,2.338796615600586,3
invisible,silent,0.8406486511230469,-2.374864101409912,3
island,town,2.044921875,-0.8982955813407898,3
islands,jungles,2.00634765625,0.4847150444984436,3
joys,tears,-5.352294921875,-0.9932729601860046,3
kick,plunge,0.9590730667114258,1.2624403238296509,3
kindergarten,kindergarten,0.0,0.6357052326202393,3
lame,stiff,-0.1044921875,-2.277407646179199,3
lame,useless,3.470703125,0.5924343466758728,3
languages,learning,-0.271484375,0.3216514587402344,3
languages,scriptures,2.236328125,0.18658284842967987,3
largest,newest,-0.80859375,-0.1429232507944107,3
law,order,2.40234375,2.472463369369507,3
learning,love,-0.3388671875,-1.1561640501022339,3
legend,story,1.015625,0.2668635845184326,3
legislation,trade,-0.939208984375,-1.5808839797973633,3
less,less,0.0,0.3698130249977112,3
loaded,ready,-0.2978515625,0.9656899571418762,3
lofty,splendid,1.52490234375,-0.8488732576370239,3
longer,longer,0.0,0.19774238765239716,3
looking,looking,0.0,-0.14471997320652008,3
love,pride,-0.189453125,-0.04923970252275467,3
love,sincerity,-2.2410812377929688,1.0942667722702026,3
love,sympathy,1.097412109375,0.7967846989631653,3
love,tears,-3.5732421875,1.9556962251663208,3
lumpier,lumpier,0.0,-0.03286294639110565,3
lustily,together,-1.1689453125,-0.8463643193244934,3
mail,passengers,-3.7099609375,1.058964729309082,3
manufacturing,trade,1.0181884765625,-0.5578410625457764,3
many,many,0.0,-1.5432016849517822,3
merry,thriving,1.54638671875,1.668349266052246,3
minerals,protein,-2.5515975952148438,-0.28531408309936523,3
miscellaneous,sundry,-0.8077392578125,0.5553140640258789,3
moans,pants,0.98388671875,-0.962190568447113,3
moans,tears,-5.080078125,-0.5861102938652039,3
motor,perceptional,-4.390625,0.41674143075942993,3
mudpuppies,olms,-2.4638671875,0.6372700333595276,3
mysterious,obsessive,-0.117767333984375,-0.4570547342300415,3
nets,nets,0.0,0.3271150588989258,3
nets,rubbish,2.064453125,1.6391555070877075,3
numbers,numbers,0.0,-0.6045793890953064,3
numbers,symbols,-0.4974212646484375,-0.3163468837738037,3
nursing,residential,-0.145751953125,0.5669728517532349,3
oaths,threats,2.44580078125,0.4987674355506897,3
observant,steady,-4.5,-0.6446942687034607,3
occidental,suggestion,0.556640625,0.9226903319358826,3
online,ready,1.30078125,0.2904288172721863,3
opportunities,threats,-5.76068115234375,-0.4535760283470154,3
oppressions,wars,-0.265625,-1.3741952180862427,3
original,shocking,0.5810546875,3.5684165954589844,3
original,simultaneous,2.352813720703125,1.9013904333114624,3
overwork,pneumonia,2.7722396850585938,-0.2537580728530884,3
overwork,underfeeding,-4.2099609375,1.1388460397720337,3
oxen,sheep,-1.6275787353515625,-0.951324999332428,3
packages,parcels,0.5813751220703125,0.38006073236465454,3
packages,suitcases,-0.399078369140625,0.3689696192741394,3
pages,pages,0.0,-0.047436073422431946,3
pants,shirts,-0.70263671875,1.29999577999115,3
pants,vocalizes,0.082763671875,1.360268473625183,3
paper,points,11.4130859375,3.450467348098755,3
paper,pulp,1.07421875,3.2679944038391113,3
paper,puzzle,-4.6201171875,1.8638893365859985,3
paper,rubbish,0.369140625,3.1020302772521973,3
paper,things,3.53515625,3.9662978649139404,3
parish,public,1.44921875,-1.0587130784988403,3
peas,strawberries,-0.18017578125,-2.636608600616455,3
peeping,spying,4.421875,2.1341969966888428,3
perilous,uncertain,0.5986328125,1.128347396850586,3
persecution,suffering,-2.28759765625,-1.700724482536316,3
persevering,plodding,1.1823883056640625,-0.4733416438102722,3
persons,things,0.689453125,1.5540531873703003,3
picture,story,-3.146484375,-0.6202608942985535,3
piles,piles,0.0,-0.19800134003162384,3
poorer,poorer,0.0,0.12837330996990204,3
pots,pots,0.0,0.17464648187160492,3
pottery,statues,5.349609375,0.8305900692939758,3
powder,rifles,-0.3372802734375,0.9283220171928406,3
prayed,prayed,0.0,-0.7530354261398315,3
preparation,study,-3.005126953125,-1.5623513460159302,3
preparation,thought,-2.109375,-0.07273386418819427,3
pretend,pretend,0.0,-1.75318443775177,3
pride,prime,-4.9189453125,1.9216970205307007,3
pride,risk,-2.623046875,2.1407358646392822,3
pride,vanity,-0.659912109375,-0.046547845005989075,3
private,public,-1.037109375,0.692808210849762,3
private,retail,0.90478515625,2.0131053924560547,3
private,state,-0.265625,1.1941896677017212,3
private,tribal,-2.193359375,1.1493701934814453,3
problems,valium,1.71875,-0.4661558270454407,3
problems,worries,1.264892578125,0.038186609745025635,3
public,state,-1.4853515625,0.06694822013378143,3
public,wooden,-1.123046875,0.014208957552909851,3
put,take,0.986328125,-1.5132547616958618,3
put,went,-7.1484375,-3.2429332733154297,3
quality,quantity,3.0595703125,0.43767255544662476,3
quicker,quicker,0.0,-0.2842679023742676,3
quickly,sharply,-1.0225067138671875,0.612663984298706,3
quickly,slowly,-2.544921875,-0.9444271326065063,3
quickly,wisely,2.6585540771484375,-0.2067510336637497,3
quotas,tariffs,-2.9462890625,0.376589298248291,3
rain,snow,0.646484375,-1.3775910139083862,3
rain,tears,-0.033203125,-0.25863152742385864,3
rallies,talks,2.746337890625,2.4298791885375977,3
ran,ran,0.0,-0.6175333857536316,3
ready,silent,-2.90478515625,-1.0793434381484985,3
ready,steady,2.451171875,-0.7794141173362732,3
ready,willing,3.27734375,0.5517266392707825,3
really,really,0.0,-0.737993061542511,3
really,truthfully,-0.365234375,-2.9247922897338867,3
rebellions,wars,-0.8173828125,-1.0623241662979126,3
rebo,things,-7.1416015625,0.9069839119911194,3
rented,went,-1.87139892578125,0.11351613700389862,3
repossessions,restrictions,0.483154296875,0.15537099540233612,3
residential,retail,1.64892578125,0.045943811535835266,3
respectful,sympathetic,-2.51397705078125,-0.5085144639015198,3
rested,visited,0.76849365234375,-0.31807857751846313,3
retail,trade,-2.2919921875,-0.9497937560081482,3
returned,taken,-0.76953125,0.8916754126548767,3
rifles,shotguns,-0.3109588623046875,-0.3659186363220215,3
risk,uncertainty,0.828125,-0.4715796113014221,3
roadways,sidewalks,1.025390625,-0.012232080101966858,3
romp,roughhouse,0.8251953125,-2.134875535964966,3
ruined,uninhabited,0.54931640625,1.1380455493927002,3
rung,rung,0.0,0.37111157178878784,3
running,running,0.0,-0.014264419674873352,3
running,stress,-1.060546875,0.5884225964546204,3
salted,smoked,-0.65869140625,-0.44374507665634155,3
satellites,spacecraft,1.264404296875,0.6424103379249573,3
scarcer,scarcer,0.0,0.7076376080513,3
scarves,turtlenecks,-3.025390625,-0.7061519026756287,3
schema,subschema,-0.88232421875,-0.6068698763847351,3
searchingly,slowly,-3.00048828125,-1.3718332052230835,3
serials,series,-1.33984375,0.19488747417926788,3
series,shows,2.537109375,0.6274243593215942,3
share,share,0.0,0.8339489102363586,3
shoplifting,things,2.5625,1.171552062034607,3
shows,things,0.70703125,0.056252941489219666,3
shudder,tremble,0.441650390625,0.9632300734519958,3
silent,stiff,0.3583984375,-1.0720765590667725,3
silent,tearful,1.69140625,2.140378713607788,3
sincere,thorough,1.3288459777832031,-2.118358850479126,3
skinnier,skinnier,0.0,0.012873828411102295,3
skis,things,3.68359375,1.6173927783966064,3
sleeping,sleeping,0.0,0.46367132663726807,3
slowly,unconsciously,8.174301147460938,2.851808786392212,3
slows,tires,0.2734375,-0.15664640069007874,3
somehow,somewhere,-1.205078125,-1.6212352514266968,3
sophistication,style,4.46484375,-0.4047943949699402,3
speaks,turns,-0.7265625,0.6027435064315796,3
sponsor,witness,-0.9501953125,-0.058998093008995056,3
springs,tension,0.28125,1.049925446510315,3
stalkier,stalkier,0.0,0.1883268803358078,3
stamps,turns,1.09271240234375,1.8125098943710327,3
start,tremble,-1.078857421875,-0.5515059232711792,3
statues,things,-0.0205078125,0.301175594329834,3
steady,stiff,-1.49609375,-1.4163540601730347,3
stiller,stiller,0.0,0.31502217054367065,3
stress,tension,-4.42578125,-0.58527672290802,3
study,thought,1.591796875,1.7652925252914429,3
subtle,wondrous,-0.8984375,-0.7843772768974304,3
suffering,time,-1.58984375,0.42480093240737915,3
surrounded,taken,-0.59375,1.6782160997390747,3
suspense,uncertainty,6.494140625,0.8067097067832947,3
sweeps,talks,-1.853515625,3.6254942417144775,3
talkative,thoughtless,-0.98046875,0.6071487665176392,3
talks,talks,0.0,1.142724633216858,3
talks,turns,-3.6484375,-0.42797327041625977,3
tap,tap,0.0,-0.12848325073719025,3
territory,trade,2.29296875,-0.010269209742546082,3
things,things,0.0,-0.613366425037384,3
things,tires,1.896484375,-3.4008777141571045,3
thought,thought,0.0,0.4044508934020996,3
thought,time,-2.29296875,-2.0998566150665283,3
time,time,0.0,0.19161321222782135,3
time,ways,-2.318359375,0.0546310693025589,3
useful,willing,1.056640625,-0.07338567078113556,3
vanquished,victor,-3.75030517578125,0.6243902444839478,3
vanquished,victors,-5.13818359375,0.8635902404785156,3
voices,whistling,-3.654296875,0.6968385577201843,3
warmer,warmer,0.0,-0.39436548948287964,3
watch,watch,0.0,-0.5928448438644409,3
weaker,weaker,0.0,0.23411060869693756,3
went,went,0.0,0.6093938946723938,3
wilder,wilder,0.0,0.5281259417533875,3
absence,substitution,2.633056640625,0.9334837794303894,4
absorbing,long,-6.498046875,-2.884873867034912,4
acceleration,velocity,1.562713623046875,0.7597235441207886,4
acquisition,opening,1.60089111328125,-0.20591241121292114,4
act,looks,-6.986328125,-0.049561165273189545,4
act,snort,-0.98828125,-0.19835695624351501,4
admission,listing,1.79541015625,-0.4879375994205475,4
advantage,profit,-2.184814453125,0.2556075155735016,4
agencies,officers,2.432373046875,-0.7605456113815308,4
alasia,gabrielle,-2.169921875,-0.37893733382225037,4
alms,largesse,3.2457275390625,-0.2352740466594696,4
amazement,inquiry,1.4008712768554688,0.33614209294319153,4
american,canadian,-0.6240234375,-0.36589324474334717,4
american,confederate,6.143341064453125,0.6786282658576965,4
american,foreign,0.60546875,0.3406647741794586,4
american,french,-1.9296875,-0.7509241104125977,4
american,irish,-0.623046875,-0.5341839790344238,4
anemone,roses,-7.449462890625,-2.47363018989563,4
angle,distance,0.7109375,-0.9023202657699585,4
angrily,loudly,-2.03338623046875,-1.2039153575897217,4
answered,considered,-0.51953125,1.2980996370315552,4
anxiously,long,-2.2017574310302734,-3.425633192062378,4
apparel,implements,0.72369384765625,-0.6045958399772644,4
apparel,money,-3.5997314453125,-1.1130006313323975,4
appetizing,nourishing,1.1270904541015625,-0.8226739168167114,4
architecture,ceremonies,-0.648590087890625,0.06281889230012894,4
architecture,skyscrapers,-1.305908203125,-0.07023880630731583,4
architecture,workmanship,-1.988525390625,0.29748019576072693,4
architecture,works,2.779296875,1.0201524496078491,4
arduously,long,0.060546875,-1.2458657026290894,4
artistic,general,-2.8828125,0.1835937798023224,4
artistic,international,0.95489501953125,0.5700957775115967,4
artistic,social,6.95751953125,0.543243408203125,4
artistic,technical,2.51220703125,1.0579050779342651,4
ashamed,enraged,-0.467864990234375,1.545562744140625,4
ashamed,white,-0.349609375,-2.1818838119506836,4
asking,asking,0.0,-0.4515233337879181,4
atmospheric,solar,2.150482177734375,2.1925265789031982,4
authority,caution,0.2924346923828125,-0.6735110878944397,4
authority,responsibility,-1.3203125,-1.0699124336242676,4
back,back,0.0,-0.31571462750434875,4
back,electrical,-3.4990234375,-0.5198734998703003,4
back,everyth,2.6953125,0.08835194259881973,4
back,open,-2.6640625,-0.07839825004339218,4
back,out,-0.224609375,-0.3932197690010071,4
back,upper,0.53125,-1.1600255966186523,4
back,work,0.48828125,-0.5742064118385315,4
backup,medical,-0.6611328125,-4.17191219329834,4
bamboo,rice,-0.00439453125,-1.8821794986724854,4
banana,lavender,2.1805419921875,0.8495420217514038,4
banana,rice,-0.646484375,-0.22284844517707825,4
barracks,warehouses,-2.3435440063476562,-0.2712151110172272,4
bass,piano,0.783203125,0.09433136135339737,4
battle,host,1.634765625,0.5506426095962524,4
battle,work,-2.09765625,-1.0157508850097656,4
beaten,bruised,2.185302734375,-0.5600765943527222,4
beaten,dispersed,1.70751953125,0.7880216836929321,4
beaten,stabbed,0.784942626953125,0.14995598793029785,4
bedevilment,confusion,0.67529296875,1.314095139503479,4
bees,beetles,2.754638671875,0.7627251744270325,4
bees,lindens,1.138916015625,-0.19330242276191711,4
beetles,rats,-3.883544921875,-0.4392649829387665,4
behavior,habitats,-0.8188323974609375,-0.4193231165409088,4
behavior,neurogenesis,0.8838176727294922,-0.5564455986022949,4
behavior,size,-3.827143669128418,-1.727403163909912,4
behind,behind,0.0,-0.6744693517684937,4
bellow,hook,-3.5390625,0.35087740421295166,4
beloved,dear,-1.7210979461669922,0.24913370609283447,4
beloved,loving,-0.3428993225097656,1.2622020244598389,4
bigger,bigger,0.0,0.32807767391204834,4
bigger,faster,0.83984375,2.7613914012908936,4
bigger,newer,-5.34375,1.2181053161621094,4
bigger,prettier,-0.79541015625,2.2444581985473633,4
bison,cattle,-0.787109375,-3.3450076580047607,4
bison,hybrids,2.158203125,-0.4914127290248871,4
bleeding,bruised,4.6160888671875,1.090058445930481,4
blessed,dear,-0.590728759765625,-2.1031501293182373,4
block,ring,2.763671875,-0.5892863273620605,4
blow,blow,0.0,-0.212810218334198,4
blow,bluster,-0.52978515625,-0.0027245208621025085,4
blow,howl,1.1787109375,-0.10436036437749863,4
blues,whites,-2.18804931640625,-0.25657859444618225,4
bolder,bolder,0.0,-0.018038295209407806,4
bouncing,bumping,1.6452293395996094,-0.3644147515296936,4
bowl,drinks,6.6796875,1.0099618434906006,4
breathe,surface,1.265625,-1.0091729164123535,4
brethren,trust,1.2750244140625,-0.1614677608013153,4
brie,butter,-1.095703125,-1.8889915943145752,4
bright,cheerful,2.0789794921875,0.9585742950439453,4
bright,fair,0.939453125,0.13553711771965027,4
bright,glorious,0.46422576904296875,-0.04639007896184921,4
bright,joyous,0.826904296875,1.2333115339279175,4
bright,keen,0.8212890625,0.6891669034957886,4
bright,peaceful,2.4761962890625,-0.11453869193792343,4
bright,pure,-1.630859375,-0.0013522133231163025,4
bright,smiling,-1.4541015625,1.2346144914627075,4
bright,snapping,-0.8466796875,1.5817551612854004,4
bright,still,2.087890625,0.7249010801315308,4
bright,white,0.7265625,-1.3549344539642334,4
brightness,size,-1.9580078125,-1.6161268949508667,4
brooches,goblets,5.755859375,0.2983928620815277,4
browned,healthy,7.3427734375,0.6433032751083374,4
bruised,jarred,-2.05615234375,0.30688604712486267,4
bucks,saws,3.9814453125,1.5882399082183838,4
building,building,0.0,0.10120109468698502,4
building,development,-1.876953125,0.019933238625526428,4
buses,trams,-1.06591796875,0.1583656370639801,4
butter,experience,-3.8525390625,0.6814050078392029,4
butter,jam,1.01171875,-0.41823437809944153,4
cakes,candies,0.0587158203125,0.2746902406215668,4
cakes,doughnuts,-0.61627197265625,0.9545860886573792,4
cakes,pastries,1.9521484375,1.9860954284667969,4
camps,cottages,1.143524169921875,-0.6887237429618835,4
canadian,french,-1.265625,-0.25630977749824524,4
canadian,international,2.556640625,0.7851299047470093,4
careful,long,-3.84765625,-2.8302676677703857,4
catalogs,essays,-0.5470123291015625,0.5035699009895325,4
cattle,farms,1.373779296875,1.3785507678985596,4
caution,delay,-0.99664306640625,1.219360113143921,4
caution,experience,-2.33416748046875,-0.32805201411247253,4
caution,mystery,-1.264404296875,-1.2041146755218506,4
celebrity,related,5.1015625,0.021268583834171295,4
changeability,conformity,-1.134765625,-0.3557613790035248,4
changed,changed,0.0,0.44013580679893494,4
charisma,money,-2.529296875,-0.5656890869140625,4
cheerful,cozy,-1.61083984375,-0.9938212633132935,4
cheerful,smiling,-1.76629638671875,-0.0660271868109703,4
cheerful,surprised,-1.230224609375,-0.33010223507881165,4
chives,onion,4.5009765625,0.9640888571739197,4
choicer,prettier,-1.13336181640625,0.6739454865455627,4
church,work,-0.1015625,0.7982300519943237,4
ciliates,radiolaria,-0.623046875,1.1304941177368164,4
clay,lead,2.763671875,2.9569945335388184,4
clay,logs,-1.908203125,0.012709356844425201,4
cleared,lined,1.81884765625,0.658011794090271,4
cliffs,gorges,-0.0341644287109375,1.0100902318954468,4
cliffs,hillsides,2.3363189697265625,0.40476033091545105,4
cliffs,riverbanks,-0.950927734375,0.926579475402832,4
clods,clumps,0.63525390625,-0.15786004066467285,4
closing,opening,-2.478515625,-0.6209149360656738,4
collapsed,melted,2.1735458374023438,0.1837197244167328,4
colors,forms,0.576171875,0.9573933482170105,4
colors,patterns,1.9892959594726562,0.48263493180274963,4
community,voluntary,0.5430908203125,1.2381091117858887,4
concerted,concurrent,0.87109375,-0.46714940667152405,4
condemnation,sentence,4.51898193359375,-0.03861062973737717,4
confusion,misinformation,0.52294921875,-0.3698979318141937,4
confusion,panic,-1.6201171875,-1.7025871276855469,4
confusion,rumors,-2.08837890625,0.19555702805519104,4
considered,rejected,-0.435791015625,-0.5801249742507935,4
considered,still,-5.662109375,-1.9044760465621948,4
conspiracy,forgery,5.078369140625,0.5093947649002075,4
constant,loud,-0.953125,-0.9801814556121826,4
constant,perishable,1.891357421875,1.591704249382019,4
continental,french,-0.37158203125,-0.8567485809326172,4
copyrights,rights,-1.2899169921875,-1.0399601459503174,4
corruption,cultism,-0.9094772338867188,-0.6067190170288086,4
cottages,houses,-0.320709228515625,-0.3875482380390167,4
country,kinship,-2.583984375,-0.16897287964820862,4
country,royalty,-2.93408203125,1.5470614433288574,4
crackers,fudges,-0.1298828125,9.503215551376343e-05,4
crackers,jam,-1.653076171875,-1.3680484294891357,4
cranes,warehouses,-1.040771484375,-0.29255613684654236,4
creaks,squelches,1.1089019775390625,1.060956358909607,4
criticize,denounce,3.433349609375,0.6596201062202454,4
cross,disagreeable,0.1129302978515625,0.8559656143188477,4
cross,discontented,1.1904296875,-0.2348528802394867,4
cross,fussy,-1.435546875,-0.7953372597694397,4
cross,unkind,-2.607421875,0.3939425051212311,4
crowbars,picks,1.337890625,2.9800734519958496,4
curled,curled,0.0,0.11323169618844986,4
cytosine,thymine,2.486328125,-0.14134830236434937,4
damp,keen,0.591796875,0.4577583968639374,4
damp,loathsome,2.4677734375,0.4961996078491211,4
damp,long,-1.7265625,-0.8239471912384033,4
damp,thin,-0.79296875,-0.6468704342842102,4
damp,unwholesome,0.9654541015625,0.7544094324111938,4
dance,music,-1.15625,-0.5740993022918701,4
daring,heroic,-1.536865234375,-0.42706671357154846,4
daring,lateral,2.343109130859375,1.1765189170837402,4
daring,marvellous,1.3973464965820312,-0.054650746285915375,4
daring,own,-0.005859375,-0.07835515588521957,4
deafening,long,-2.6214447021484375,-2.1673946380615234,4
dear,long,-0.73828125,-2.245417594909668,4
dear,loving,1.55078125,0.40282031893730164,4
dear,thoughtful,3.71044921875,0.44397804141044617,4
decorations,flags,-2.0615234375,0.2690327763557434,4
decorations,jewels,-2.89776611328125,0.143256276845932,4
decorations,tints,-0.848876953125,0.7525665163993835,4
delighted,flustered,-1.6341552734375,-0.10529723018407822,4
delighted,smiling,-4.12890625,-0.03204371780157089,4
delighted,surprised,-2.474609375,-0.17646494507789612,4
denounce,preach,-2.724609375,-0.2517305910587311,4
detonators,fuses,-0.44921875,-0.6844317317008972,4
development,production,-1.65234375,0.0016377642750740051,4
development,testing,-1.12640380859375,0.7068623900413513,4
diagrams,illustrations,-3.572998046875,-0.4256264269351959,4
dimpled,white,0.119873046875,-2.5657575130462646,4
dismally,long,-1.3974609375,-3.200803518295288,4
distance,size,-6.65625,-0.043934307992458344,4
distance,terrain,-0.42138671875,2.5887186527252197,4
distinctly,loud,-5.9397501945495605,-2.2375988960266113,4
distinctly,loudly,-3.18916654586792,-1.1669132709503174,4
dizzy,nauseated,7.17474365234375,0.5702597498893738,4
drastic,long,-3.884765625,-1.0698738098144531,4
drinks,eats,1.12890625,-0.8004307746887207,4
drinks,laughs,3.4375,-0.03993823379278183,4
dropped,sunk,0.970703125,-0.5474462509155273,4
ducks,pelicans,0.24609375,1.9614653587341309,4
dull,long,-2.07421875,-1.43681001663208,4
dull,simple,4.732421875,-1.0134834051132202,4
dull,spiritless,1.2578125,-0.14195403456687927,4
dwellings,shops,0.526123046875,-0.37824174761772156,4
dysentery,famine,0.30322265625,0.8196080923080444,4
ecological,molecular,0.9741897583007812,-0.5624399185180664,4
educated,scientific,-0.986328125,-1.9594058990478516,4
egotistical,unrefined,-9.021484375,0.972696840763092,4
endangered,endemic,-3.7775726318359375,0.9659678339958191,4
endure,work,-0.37890625,-0.44040927290916443,4
energy,fire,-0.048828125,-1.0867480039596558,4
energy,stamina,1.16015625,-0.10585059970617294,4
energy,valour,-1.1796875,0.21998172998428345,4
engineer,managerial,2.390625,0.7740559577941895,4
entertainment,lodging,2.7568359375,0.4944930672645569,4
entertainment,music,-0.54296875,-0.7042856216430664,4
entertainment,profit,0.12744140625,1.903794288635254,4
equality,freedom,0.181884765625,-1.2099097967147827,4
ermine,scarlet,-0.78057861328125,-1.2176086902618408,4
evade,evade,0.0,-0.2507455050945282,4
everyday,simple,-0.3349609375,-1.5764594078063965,4
exclusive,significant,0.515716552734375,0.8080117702484131,4
exits,returns,-0.796600341796875,-1.2003315687179565,4
experience,observation,-2.937744140625,0.17397770285606384,4
experience,responsibility,0.82763671875,-0.8002465963363647,4
experiments,observations,2.19580078125,0.453366219997406,4
fagged,flustered,1.337158203125,-1.1928741931915283,4
fair,frank,-0.513671875,-1.760609745979309,4
fair,legible,4.03125,-0.12829232215881348,4
fair,peaceful,2.67230224609375,0.08825788646936417,4
fair,prosperous,1.9454612731933594,0.7159596681594849,4
fair,pure,-0.9033203125,-0.2851361930370331,4
fair,still,0.423828125,0.13032254576683044,4
farms,houses,-3.525634765625,-0.672507107257843,4
faster,faster,0.0,-0.34145480394363403,4
fatiguing,long,-3.3720703125,-2.3902266025543213,4
feverish,ill,1.12451171875,0.3062187135219574,4
fevers,malarias,3.71875,-0.5868890881538391,4
film,film,0.0,-0.17739078402519226,4
film,music,-0.875,-0.7203763723373413,4
finches,larks,3.3876953125,-0.47569993138313293,4
fire,lead,-0.9375,2.901454448699951,4
fire,load,2.240234375,1.2624225616455078,4
fire,tools,-0.833984375,-0.1029585525393486,4
fixedly,long,1.052734375,-3.4064693450927734,4
flags,music,0.12060546875,-0.3011426627635956,4
flash,loud,-0.626953125,-1.941230297088623,4
fleecy,thin,-0.3232421875,-0.9169052839279175,4
fleecy,white,-4.208984375,-1.203221321105957,4
fly,fly,0.0,-0.5242484211921692,4
foreign,international,0.9140625,-0.5302433967590332,4
foreign,tanned,-1.79052734375,-0.5941749215126038,4
foreign,ukrainian,1.77099609375,-1.267073154449463,4
forgives,relents,-0.3310546875,0.5146457552909851,4
frank,independent,-0.6995849609375,2.193023443222046,4
frank,offensive,-6.5771484375,1.9053163528442383,4
frank,open,0.740234375,1.5909452438354492,4
freedoms,rights,-3.96142578125,-0.8124643564224243,4
french,irish,-0.7109375,-0.2768862545490265,4
french,music,3.0859375,-0.5362863540649414,4
freshman,sophomore,0.48260498046875,0.11500401049852371,4
friend,playfellow,-2.2060546875,0.9573400616645813,4
furs,implements,-0.614501953125,-0.05887245386838913,4
fuss,squeal,1.072509765625,-0.14472892880439758,4
fuss,stamp,3.119140625,1.7747993469238281,4
gaping,muttering,2.41705322265625,0.16135966777801514,4
general,maddened,4.337890625,0.49657830595970154,4
general,technical,-0.3624267578125,0.9154472351074219,4
generations,generations,0.0,0.2654167711734772,4
ghastly,long,-3.2086181640625,-1.467117428779602,4
ghastly,unending,0.031494140625,0.928992509841919,4
godless,violent,2.10302734375,0.7405150532722473,4
grandma,grandpa,5.5341796875,0.08341334015130997,4
guerilla,independent,1.6142578125,0.9017770290374756,4
gutturally,loudly,-4.01953125,-1.6782681941986084,4
hammering,hammering,0.0,-0.5395257472991943,4
hazelnut,raspberry,-0.083740234375,-0.955824613571167,4
healthy,long,-4.203125,-1.95375657081604,4
healthy,obedient,1.8665771484375,2.267709970474243,4
healthy,open,4.40234375,-0.6944162845611572,4
healthy,prosperous,1.7238616943359375,0.9215856194496155,4
healthy,pure,-4.6904296875,-0.45385387539863586,4
heart,joints,-1.63134765625,1.3775533437728882,4
heart,renal,1.296875,1.9467897415161133,4
heartfelt,traditional,0.9404296875,-0.2685069739818573,4
heartily,long,2.282782554626465,-2.2101991176605225,4
hearty,loud,-3.45556640625,-0.9349567890167236,4
hearty,loving,0.513671875,0.5809034705162048,4
hedonism,utilitarianism,-3.1683349609375,-0.4664090573787689,4
helmsman,operator,-0.43701171875,1.2282238006591797,4
hoot,howl,1.474609375,0.5616315007209778,4
hop,squeal,0.029052734375,1.0363188982009888,4
hopelessly,vaguely,1.140848159790039,-0.47398415207862854,4
hops,jumps,-1.85882568359375,2.032904863357544,4
horns,strings,0.870361328125,1.8930574655532837,4
hoss,hoss,0.0,-0.09171747416257858,4
houses,houses,0.0,-0.45061853528022766,4
houses,shops,4.046875,0.5652421116828918,4
houses,stores,4.626953125,0.16646286845207214,4
howl,howl,0.0,-0.3621045649051666,4
husk,sawdust,-3.215087890625,3.450744152069092,4
ill,weary,-4.15234375,-0.9009664058685303,4
ill,white,-1.1650390625,-1.3561598062515259,4
implements,tools,-0.3240966796875,-1.135301947593689,4
incongruity,likeness,1.5958099365234375,0.1336214244365692,4
independent,savage,-2.064453125,-0.6389208436012268,4
independent,sovereign,-1.806640625,0.023783303797245026,4
independent,wealthy,8.548370361328125,-0.6729719042778015,4
indoors,out,1.452056884765625,0.5395665764808655,4
infallible,sovereign,-6.55364990234375,0.4226844012737274,4
innovation,technology,1.4179534912109375,0.42617711424827576,4
inquiring,thoughtful,-4.6669921875,-0.48095670342445374,4
inquiry,observation,-1.2394561767578125,-0.45123329758644104,4
insulting,violent,-3.4754638671875,-2.114398241043091,4
intricate,long,-0.58056640625,-0.9797630310058594,4
involuntary,voluntary,-2.37835693359375,-0.31488659977912903,4
irish,nigerian,-1.789306640625,0.2746894657611847,4
jewels,money,-0.27978515625,-0.6389502286911011,4
jib,jigger,-2.1767578125,-1.1932142972946167,4
joking,smiling,-1.7001953125,0.3061855435371399,4
journalists,officials,1.69573974609375,1.255936861038208,4
joyous,loud,-3.453777313232422,-0.9795999526977539,4
joyous,smiling,-4.2105712890625,0.12278614193201065,4
keen,peaceful,-4.656494140625,-0.4598099887371063,4
keener,keener,0.0,0.4206468164920807,4
knowing,knowing,0.0,-0.33064624667167664,4
labor,money,-1.7255859375,-0.5822156071662903,4
lasting,long,-2.630859375,-2.5179483890533447,4
laughs,looks,1.2841796875,-0.14398303627967834,4
laughs,yells,1.82421875,-0.7454590797424316,4
lavender,white,-1.5672760009765625,-1.1854400634765625,4
lessons,work,4.5390625,-0.31551381945610046,4
limping,lisping,-0.85662841796875,0.7518258690834045,4
lived,struggled,0.54302978515625,0.5707808136940002,4
lived,worked,3.623046875,0.6224154233932495,4
lives,looks,-0.703125,2.204216480255127,4
lives,money,-2.4404296875,-1.6381765604019165,4
lives,work,-1.556640625,-0.2791540324687958,4
lives,works,1.970703125,-0.13392892479896545,4
logical,simple,-0.421875,-0.11223115772008896,4
logs,stumps,0.8270263671875,0.8614094257354736,4
lone,long,-0.34765625,-1.4436118602752686,4
long,long,0.0,-0.2528991997241974,4
long,loud,0.28125,-0.16990330815315247,4
long,loudly,0.255859375,0.6362701654434204,4
long,loving,1.48828125,2.6679537296295166,4
long,lucidly,5.46875,1.3628404140472412,4
long,narrow,1.66015625,0.8862922787666321,4
long,passionately,0.37579345703125,1.7876371145248413,4
long,peaceful,-2.16455078125,1.6096203327178955,4
long,pointed,1.0634765625,3.8676917552948,4
long,prosperous,4.8166961669921875,1.844069242477417,4
long,significant,3.348724365234375,2.570307970046997,4
long,simple,3.080078125,-0.07643421739339828,4
long,sinewy,1.22314453125,0.9026362299919128,4
long,slinking,3.01666259765625,1.4359749555587769,4
long,softly,-1.43359375,-0.1414843499660492,4
long,storied,6.02734375,1.986922264099121,4
long,thin,3.2041015625,0.8699115514755249,4
long,thoughtfully,3.94482421875,2.670961380004883,4
long,untrimmed,0.37371826171875,1.9894323348999023,4
long,varied,4.546630859375,1.7983890771865845,4
long,violent,3.5,2.2890079021453857,4
long,wearisome,3.181640625,1.7221739292144775,4
long,weary,2.6015625,0.10596192628145218,4
long,white,-1.1416015625,-0.11715856939554214,4
looks,moves,0.73828125,-0.7788876891136169,4
looks,works,-0.84765625,-1.2529958486557007,4
loud,repetitive,4.224609375,1.849999189376831,4
loud,rowdy,-1.50732421875,1.34604012966156,4
loud,sudden,0.923828125,0.7173111438751221,4
loud,throaty,2.135986328125,0.706233024597168,4
loud,unnatural,9.6824951171875,2.030015707015991,4
loud,violent,5.373046875,1.45274817943573,4
loving,pure,-1.6533203125,-2.5090181827545166,4
loving,simple,-5.318359375,-3.6937918663024902,4
lutes,tambourines,0.658935546875,-0.40291357040405273,4
machinery,textiles,-3.494384765625,-0.1578357219696045,4
machines,technology,1.83984375,0.7450144290924072,4
machines,tools,-0.1611328125,-0.16091695427894592,4
madder,madder,0.0,-0.008217155933380127,4
mangrove,passionfruit,-2.4833984375,1.1178687810897827,4
marathons,ultramarathons,0.6357421875,0.8185656070709229,4
medical,scientific,1.392578125,0.6777461767196655,4
medical,social,2.6484375,1.2775158882141113,4
medical,technical,1.16033935546875,1.2722095251083374,4
meditation,prayer,-1.84814453125,-1.3365849256515503,4
merchants,workmen,-0.12610816955566406,0.36955732107162476,4
midwest,southeastern,4.663120269775391,0.13216695189476013,4
mobile,social,0.50390625,-0.5688212513923645,4
money,production,0.578125,1.093756914138794,4
money,records,0.3515625,-0.16217169165611267,4
money,spices,4.58203125,0.7614395618438721,4
money,travelcards,0.2744140625,0.811384916305542,4
monsoonal,tropical,-4.65673828125,-1.5580856800079346,4
morose,unfriendly,0.895751953125,1.0913407802581787,4
mounted,stuffed,2.0669326782226562,2.1665592193603516,4
moves,uplifts,0.918701171875,-0.9192162752151489,4
music,music,0.0,0.272711843252182,4
music,philosophy,-1.29833984375,1.3111499547958374,4
music,records,1.142578125,0.7122148275375366,4
music,rhetorics,1.5885009765625,1.2061840295791626,4
music,static,-0.228515625,1.102205753326416,4
music,table,-6.185546875,-1.0502023696899414,4
music,work,0.958984375,1.5895318984985352,4
musically,philosophically,11.71612548828125,0.7185623645782471,4
muttering,sobbing,-5.103691101074219,-0.8351112604141235,4
narrow,rakish,0.126953125,0.974280059337616,4
narrow,triangular,-0.11236572265625,1.5451020002365112,4
neck,neck,0.0,0.13090738654136658,4
neighbors,travelers,1.6225700378417969,0.48204895853996277,4
nephews,nieces,-0.203857421875,0.5384426116943359,4
observation,theory,-0.37225341796875,0.6293571591377258,4
offspring,parents,-5.494781494140625,-0.688072681427002,4
onward,out,-4.0693359375,-0.42977461218833923,4
open,open,0.0,-0.4550096094608307,4
open,violent,9.58203125,0.292284220457077,4
opening,shutting,3.36328125,1.9865975379943848,4
optimists,toppers,-2.609375,-0.2894425690174103,4
oral,written,1.03125,-2.7970540523529053,4
orders,returns,2.326171875,-0.3447752296924591,4
out,out,0.0,-0.2214905321598053,4
parents,visitor,4.583251953125,0.6275691390037537,4
passionately,strangely,0.5439453125,-1.2732486724853516,4
peaceful,prosperous,4.13623046875,0.19460397958755493,4
peaceful,smiling,-1.8408203125,0.7945559620857239,4
peaceful,still,3.692138671875,0.2065618336200714,4
peaceful,unopposed,2.71044921875,0.1928199827671051,4
perfect,poofy,-1.28125,-0.8480874300003052,4
perfect,pure,0.611328125,-2.0177369117736816,4
perfect,unbroken,4.372047424316406,-0.6478505730628967,4
pertly,promptly,-0.533203125,-1.4480371475219727,4
philosophy,theology,-3.51123046875,0.1511436402797699,4
piano,violin,0.589111328125,1.442753791809082,4
pike,spear,3.40234375,0.9885136485099792,4
plans,preparations,1.468017578125,0.6726993322372437,4
plaprer,plaprer,0.0,-0.06817226856946945,4
pointed,terse,0.203125,0.9516677260398865,4
practise,practise,0.0,0.043529339134693146,4
prayer,thanksgiving,2.27349853515625,0.6771203279495239,4
prayer,worship,1.77325439453125,-0.6389368176460266,4
prettier,prettier,0.0,-0.4806084930896759,4
production,technical,5.837158203125,-0.43617215752601624,4
production,transportation,0.9443359375,-0.8253580331802368,4
project,technical,-1.84478759765625,-1.5098259449005127,4
projectors,televisions,1.2431640625,0.8639869093894958,4
punishment,rewards,-1.193359375,0.8663711547851562,4
pure,simple,1.841796875,-0.5252386927604675,4
pure,sober,-0.7734375,1.8370966911315918,4
pure,solid,-0.33984375,1.941178798675537,4
pure,white,1.2900390625,-0.42036017775535583,4
queerer,queerer,0.0,-0.3495849668979645,4
quivering,white,-0.62005615234375,-1.6015695333480835,4
rascals,shepherds,-1.7983551025390625,-0.012317262589931488,4
raved,stormed,-1.0459671020507812,-0.0688481554389,4
reading,studying,-0.291015625,-0.9047927856445312,4
reports,rumors,-2.3404541015625,0.6917294859886169,4
responsibility,work,0.744140625,0.35163357853889465,4
restaurants,shops,-2.1305809020996094,-0.0578327402472496,4
rice,tallow,-0.1875,0.1606561243534088,4
ring,stacker,-1.32586669921875,0.8446658849716187,4
romantic,villainous,2.06781005859375,-1.0899977684020996,4
rope,textiles,2.09375,0.3984212577342987,4
salvage,vandalizing,-2.80078125,0.5100007057189941,4
satin,spotted,5.24261474609375,1.711578130722046,4
savage,treacherous,0.311737060546875,1.0780150890350342,4
scarlet,white,0.11669921875,-2.5040957927703857,4
scholarly,sober,1.438720703125,-0.08841072767972946,4
scientific,technical,-0.9541015625,0.3933736979961395,4
seals,walruses,-1.1328125,-1.2033321857452393,4
seasonal,tropical,-4.60498046875,-0.528060793876648,4
sensitive,temperamental,1.101806640625,-0.7724144458770752,4
settlement,transportation,2.958984375,-0.18620708584785461,4
shaven,spotted,-0.460784912109375,-0.4147184491157532,4
significant,varied,0.8690185546875,0.5153375267982483,4
simple,slight,2.96484375,0.8828539848327637,4
simple,touching,3.3984375,2.6184241771698,4
sleek,thoughtful,-1.748046875,2.25890851020813,4
slight,thin,0.0400390625,-0.2556857168674469,4
smiling,unhurried,0.8291015625,0.2047341763973236,4
sober,thoughtful,1.3232421875,-0.565687894821167,4
social,technical,1.385986328125,0.1497693955898285,4
social,traditional,-0.154296875,-0.5980544686317444,4
social,youth,-2.64208984375,-1.0253543853759766,4
softly,stealthily,3.47314453125,1.7411478757858276,4
solid,still,2.923828125,-0.1564512550830841,4
solid,unbroken,0.11773681640625,0.2639424502849579,4
starched,white,1.119140625,-1.4709415435791016,4
still,thoughtful,1.304931640625,1.0411324501037598,4
still,void,-1.525390625,0.3637940585613251,4
still,white,1.30078125,-2.3584718704223633,4
stores,warehouses,0.561981201171875,1.318003535270691,4
stout,weatherly,3.521484375,-1.1756196022033691,4
strings,violin,-1.3310546875,0.21550163626670837,4
struggled,struggled,0.0,-0.03197946399450302,4
stumps,walls,-1.67431640625,-1.235909104347229,4
sudden,tremendous,2.28485107421875,1.0398098230361938,4
sudden,unnatural,9.899505615234375,1.4923226833343506,4
sudden,violent,4.90234375,0.060050107538700104,4
swaying,swaying,0.0,0.48685720562934875,4
swaying,whirling,-0.3680877685546875,0.22613969445228577,4
table,table,0.0,0.6949881911277771,4
thin,white,2.29248046875,-1.0609533786773682,4
tickling,touching,0.71875,0.7683625221252441,4
treacherous,vile,0.94873046875,0.7873726487159729,4
treacherous,villainous,3.0868759155273438,-0.3998952805995941,4
treacherous,wicked,-1.759033203125,-0.9943664073944092,4
turned,turned,0.0,1.1252673864364624,4
unafraid,unashamed,0.11279296875,0.7690329551696777,4
unfriendly,unnatural,-0.60748291015625,-0.602606475353241,4
ungoverned,violent,-0.9515380859375,-1.0358000993728638,4
unkind,wicked,-2.75,-2.288705587387085,4
unshaved,unwashed,-1.5009765625,1.1726188659667969,4
vindictive,violent,0.49609375,-0.740767776966095,4
wanted,wanted,0.0,0.28454530239105225,4
warfare,work,-0.395355224609375,0.40756627917289734,4
wickeder,wickeder,0.0,-0.45691385865211487,4
work,work,0.0,-0.011995755136013031,4
worked,worked,0.0,-0.010897837579250336,4
worst,worst,0.0,-0.8794819116592407,4
abject,dejected,0.18359375,0.3193875551223755,5
acceptive,efficient,0.7587890625,-0.21882183849811554,5
aches,pains,-3.080078125,0.28484511375427246,5
acting,performing,0.227783203125,0.2694975733757019,5
adapt,survive,0.1083984375,-0.4320409297943115,5
addition,deletions,-6.94140625,0.21464259922504425,5
advice,assistance,1.15765380859375,1.439136028289795,5
advice,injunctions,3.842529296875,0.6789994239807129,5
advice,training,0.458984375,0.47162067890167236,5
affordable,cheap,-0.11767578125,-1.9207243919372559,5
aft,knelt,2.8974609375,-0.18851618468761444,5
agitated,shocked,2.3699874877929688,-0.6538582444190979,5
agnostic,liberal,-0.5692138671875,-0.4116249680519104,5
ahing,umming,0.244140625,1.2546285390853882,5
alien,strange,-0.0234375,-1.459639310836792,5
alternatively,secondarily,3.8720703125,-0.6891999840736389,5
anecdotes,gossip,-5.7991943359375,0.49532657861709595,5
anklets,bracelets,-1.14666748046875,-0.1906048208475113,5
anklets,wristlets,1.21484375,-0.923809289932251,5
annoying,childish,-4.8759765625,-0.27847278118133545,5
annoying,strange,-5.602294921875,-1.463166356086731,5
anticipation,intercourse,2.2232666015625,0.8645802736282349,5
apartments,cars,-1.7421875,-1.9564518928527832,5
apologizing,crying,-4.1533203125,-0.6900882720947266,5
appreciation,gratitude,-1.78369140625,-0.7203741669654846,5
appropriately,directly,0.130859375,0.46328628063201904,5
arepas,cachapas,0.15234375,0.037297025322914124,5
argued,argued,0.0,0.6224694848060608,5
arrested,injured,4.990234375,0.4411236047744751,5
arrested,punished,2.3245849609375,1.3570103645324707,5
arrested,shot,2.625,-0.9056386351585388,5
arrested,tortured,4.346427917480469,1.5969181060791016,5
articles,books,-2.180440902709961,-1.64635169506073,5
articles,interviews,-5.2073211669921875,-0.5107831358909607,5
asleep,quieted,4.318359375,1.667494773864746,5
asleep,snoring,4.3544921875,0.903815746307373,5
assistant,doorkeeper,0.140625,-1.7833281755447388,5
astonishment,fright,-0.297088623046875,0.5985680818557739,5
astonishment,incredulity,2.1090087890625,1.5483782291412354,5
astrophysical,geophysical,1.115631103515625,-0.33194780349731445,5
attractive,instructive,0.64300537109375,0.45475947856903076,5
attractive,interesting,-2.171478271484375,-1.8714474439620972,5
attractive,proven,0.5313720703125,1.1175432205200195,5
attractive,serviceable,-2.0816650390625,-1.3426399230957031,5
attractive,unique,-1.2670097351074219,-0.7181745171546936,5
attractive,viable,-1.6048583984375,-1.158608078956604,5
awe,reverence,-3.37548828125,1.146934986114502,5
awful,profound,-1.4306640625,0.36562061309814453,5
awful,strange,-8.193359375,-0.5029871463775635,5
awkwardly,heavily,-2.282978057861328,0.0641951709985733,5
balmy,mild,-0.509765625,-2.831916332244873,5
banquets,cheers,-1.305908203125,-0.6787000298500061,5
barbarians,pirates,-0.96630859375,-1.3773984909057617,5
bargains,coffins,-1.76611328125,-1.0262802839279175,5
basketball,tennis,-1.943359375,0.3485509157180786,5
beardless,handsome,2.14453125,-1.316057801246643,5
behavioural,cognitive,0.459686279296875,-0.8836110830307007,5
behavioural,mental,-2.568878173828125,-0.9627279043197632,5
best,best,0.0,0.5315088629722595,5
best,darlingest,-0.408203125,1.4571001529693604,5
best,noblest,1.55908203125,-0.17021210491657257,5
best,quickest,-0.7734375,0.6810860633850098,5
best,smartest,-1.05938720703125,0.35583871603012085,5
best,soundest,6.22265625,2.1765058040618896,5
biological,historical,2.2852783203125,0.07859612256288528,5
blunt,rough,-1.103515625,-1.740069031715393,5
boastful,cheating,-0.8271484375,-0.6650360226631165,5
boisterous,rude,1.043182373046875,0.1389453262090683,5
bollards,cars,-4.30859375,-1.0351622104644775,5
books,happenings,5.4775390625,1.800182580947876,5
books,letters,0.228515625,-0.6733355522155762,5
books,movies,-1.556640625,0.13836480677127838,5
books,pamphlets,1.04595947265625,0.6155558824539185,5
books,postage,2.357421875,1.0092898607254028,5
books,studies,1.765625,1.1463731527328491,5
books,theater,1.140625,1.9024860858917236,5
bosses,budgets,-0.04052734375,-0.7520880103111267,5
bosses,enemies,1.800048828125,-0.28590333461761475,5
boulders,rocks,-0.153564453125,-0.8039917945861816,5
bounds,training,0.89453125,-0.21540968120098114,5
bowling,tennis,-0.8408203125,-0.018296584486961365,5
boyish,free,0.5009765625,-0.28968459367752075,5
breathless,panting,-0.10509490966796875,0.9037768244743347,5
brighter,brighter,0.0,0.2501901388168335,5
brighter,content,0.5302734375,2.4494333267211914,5
brighter,merrier,1.3359375,0.9929898977279663,5
british,iraqi,-1.365325927734375,0.23312141001224518,5
british,scottish,2.853515625,-0.33559203147888184,5
british,spanish,1.515625,-0.2533709406852722,5
british,yank,1.970703125,-0.1005885899066925,5
broad,eclectic,-1.7998046875,2.3378827571868896,5
broad,glittering,2.89190673828125,1.8408160209655762,5
broad,handcuffed,0.8267822265625,2.0790889263153076,5
broad,leathery,-0.42376708984375,2.0755562782287598,5
broad,level,3.0546875,1.2428014278411865,5
broadcasting,journalism,-3.2548828125,-0.9434875249862671,5
broke,rotten,-5.13525390625,-0.9769706726074219,5
bugs,fleas,2.87353515625,0.2191833108663559,5
bumps,tracks,0.53515625,-1.9629936218261719,5
calls,letters,0.00390625,-2.151167631149292,5
cans,forks,-1.291015625,-0.019747182726860046,5
capacities,powers,0.8056640625,-0.8659225106239319,5
capital,financial,1.45703125,-0.5028215646743774,5
capital,government,-5.71484375,-1.3206288814544678,5
carotenoids,chlorophyll,5.1767578125,0.4830538034439087,5
carpets,rugs,1.6380615234375,-1.1401398181915283,5
cars,hats,2.5419921875,-0.27205705642700195,5
cars,lorries,2.6845703125,1.4128435850143433,5
casual,playful,2.619140625,0.5234376788139343,5
cat,dog,1.025390625,-0.6717227697372437,5
cat,puppy,4.14453125,-0.3938513994216919,5
catch,tame,0.564453125,-0.8501841425895691,5
catch,toss,0.111328125,2.6536865234375,5
caverns,rocks,-2.8623046875,-0.5899344086647034,5
caverns,tunnels,-0.071807861328125,-0.2393321543931961,5
cedar,yew,3.711181640625,-0.14226330816745758,5
cereals,toast,0.50390625,-1.798280954360962,5
cereals,tobacco,-0.404052734375,0.3910181522369385,5
change,decay,1.7861328125,0.21007581055164337,5
changes,changes,0.0,0.6028985977172852,5
character,comic,3.14453125,-0.7813424468040466,5
character,form,1.013671875,0.7969215512275696,5
characteristic,interesting,4.873046875,-0.7029961347579956,5
characteristic,unique,-1.6606225967407227,-0.03886055946350098,5
characters,letters,-0.7763671875,-1.7448396682739258,5
characters,movies,1.056640625,-1.6443049907684326,5
chattering,laughter,4.130859375,-0.3670887351036072,5
cheap,nice,-2.662109375,-1.5993592739105225,5
cheap,plentiful,0.584228515625,0.832677960395813,5
cheerfully,pleasantly,-3.071533203125,0.7844873666763306,5
cheerfully,regularly,-4.44525146484375,-0.6109824180603027,5
cheers,laughter,0.458984375,0.3075219988822937,5
cheers,merriment,3.31427001953125,2.44382905960083,5
chemically,physically,-0.1619873046875,-1.0463831424713135,5
chivalry,courtesy,-1.226318359375,-0.6010710000991821,5
chivalry,right,7.36572265625,-0.3248670697212219,5
christian,faithful,-0.4140625,-0.6863962411880493,5
city,metropolitan,7.4366455078125,2.074326276779175,5
clapping,laughter,-4.80078125,-0.3937089443206787,5
clean,nice,-8.1953125,-0.95823073387146,5
clean,painted,0.5546875,0.09031075239181519,5
clean,roomy,0.26708984375,-1.3618289232254028,5
clean,shaved,-0.42578125,0.2666590213775635,5
clean,trig,-1.349609375,2.1569182872772217,5
cliff,ray,-1.29296875,1.2997891902923584,5
clothe,make,0.519775390625,0.8664300441741943,5
coaches,lorries,-2.9658203125,0.5282549262046814,5
coal,peat,2.18359375,-0.6267905831336975,5
coal,salt,0.2216796875,-0.6663881540298462,5
colloquially,officially,-1.06683349609375,0.037621043622493744,5
colour,form,1.724609375,2.647331476211548,5
colour,movement,-0.1220703125,1.4793471097946167,5
colour,scent,0.568359375,1.1192013025283813,5
colours,sizes,3.052734375,0.9474083185195923,5
communications,media,-1.7265625,-1.893815517425537,5
communications,training,1.140625,-0.31582456827163696,5
compact,graceful,3.04052734375,-0.08921036124229431,5
compass,rule,-1.35546875,-0.2667149305343628,5
complacence,sense,-2.49609375,0.06881625950336456,5
complete,unabridged,0.0693359375,1.820224404335022,5
components,systems,1.978240966796875,-0.3577005863189697,5
conflicts,dramas,1.740478515625,0.9162015318870544,5
connected,conscious,-2.46484375,-1.0439345836639404,5
conscientious,reliable,0.408233642578125,0.5666045546531677,5
consistency,endurance,-0.107177734375,-0.396084189414978,5
constellations,stars,-1.3585205078125,-1.2665036916732788,5
constraint,distrust,-3.71875,1.334919810295105,5
content,gratitude,-1.673583984375,-1.102881669998169,5
content,peace,-4.220703125,-1.9470348358154297,5
content,romance,-0.96240234375,-1.3205934762954712,5
contentious,inefficient,1.07965087890625,-0.49511533975601196,5
cooked,cooked,0.0,-0.409498393535614,5
corporeal,spiritual,1.6004638671875,-0.03584851324558258,5
corridors,tunnels,-0.901519775390625,-0.005671277642250061,5
cotton,groundnut,2.8857421875,0.3693771958351135,5
cotton,tobacco,0.87091064453125,-0.046715542674064636,5
countries,nations,-2.822265625,-0.220987007021904,5
countries,others,-1.962890625,0.45202088356018066,5
courtesy,reverence,-3.6806640625,0.7142248153686523,5
courtesy,sense,-3.25885009765625,-0.445875883102417,5
craggy,handsome,-0.9619140625,-1.414332389831543,5
crinkly,nice,-5.2880859375,-1.4135791063308716,5
crowed,prattled,-2.8090667724609375,1.8762569427490234,5
cruising,crying,1.779296875,-1.4552369117736816,5
crying,crying,0.0,-0.1732565015554428,5
crying,kissing,-0.063812255859375,0.23027361929416656,5
crying,pleading,1.93359375,1.3427562713623047,5
crying,scared,-0.5625,-0.9652247428894043,5
curiouser,curiouser,0.0,-0.40264958143234253,5
cut,foin,-4.029296875,-0.8543943166732788,5
cutest,sexiest,1.1015625,-1.0764060020446777,5
damaging,widespread,-0.9142303466796875,-1.4792163372039795,5
day,twilight,1.4436225891113281,0.7591797113418579,5
debris,rocks,-2.8701171875,-0.6904864311218262,5
decay,renewal,-0.36083984375,0.4052457809448242,5
defenses,equipment,0.829345703125,-1.2746447324752808,5
defensive,difficult,1.24072265625,0.21394343674182892,5
defensive,militant,-0.8076171875,-0.9978915452957153,5
defined,used,-0.230224609375,-0.70639967918396,5
dejected,distressed,-0.073333740234375,0.025202617049217224,5
dejected,inconsolable,1.5631103515625,-0.04441998898983002,5
dejected,sore,-7.47119140625,-1.16170334815979,5
difficult,rough,-2.3974609375,-2.3047516345977783,5
dignified,remarkable,2.9114990234375,-1.3583157062530518,5
dignified,solemn,7.6279296875,-0.872078537940979,5
disbanded,scattered,0.6723785400390625,-0.5301098823547363,5
disconcerted,glum,-0.92242431640625,-2.466062068939209,5
disputing,quarrelling,-1.090576171875,-1.597832202911377,5
dissipated,free,-1.009765625,-1.2909348011016846,5
distant,strange,1.466796875,0.443199098110199,5
distracted,lawless,-5.5771484375,-2.552252769470215,5
distressing,humiliating,-2.353302001953125,0.5274288058280945,5
diverse,liberal,-1.42755126953125,-0.4286388158798218,5
diverse,vibrant,-1.508056640625,0.2731226682662964,5
dog,man,0.09765625,1.7272436618804932,5
dog,master,-1.62109375,0.9046657085418701,5
done,done,0.0,0.5828203558921814,5
done,opened,0.376953125,-1.8407453298568726,5
done,over,-1.7265625,-2.112097978591919,5
done,said,3.2060546875,1.7103557586669922,5
done,seen,-3.3701171875,-2.3347952365875244,5
doze,dream,2.181640625,-0.006838962435722351,5
dramas,movies,0.951171875,-2.283146858215332,5
drawn,painted,-0.2265625,0.07281453907489777,5
drill,training,-1.330078125,-0.5225235223770142,5
driving,driving,0.0,-0.41844409704208374,5
driving,steroids,-1.435302734375,-1.059177279472351,5
drowned,shot,-0.4293212890625,-1.7676208019256592,5
durable,viable,1.24267578125,-0.4280804395675659,5
east,middle,-0.98828125,1.2075631618499756,5
ecclesiastic,moral,-0.123779296875,0.502214789390564,5
eerie,ominous,-0.529541015625,-0.49938565492630005,5
efficient,reliable,3.6619873046875,-0.06594529747962952,5
eggs,flour,-0.502197265625,0.6017714738845825,5
eggs,game,0.775390625,1.4784554243087769,5
eggs,toast,1.9375,1.3218764066696167,5
eigenvalues,eigenvectors,3.3327484130859375,0.20639874041080475,5
elbow,scream,-0.80078125,1.5101734399795532,5
elegant,graceful,4.140277862548828,0.12870381772518158,5
elsewhere,here,2.7542724609375,-5.390900611877441,5
emaciation,weakness,4.148193359375,-0.9102770090103149,5
emerged,proliferated,5.0753173828125,0.01691289246082306,5
empowerment,engagement,-1.6171112060546875,0.8962563872337341,5
entreating,menacing,-3.5048828125,-0.8900095224380493,5
equipment,toy,-2.8515625,-0.3980550169944763,5
equipment,training,-0.17578125,0.006647571921348572,5
ethology,sociobiology,0.767333984375,-0.14477889239788055,5
even,nice,-11.7392578125,-4.857840538024902,5
even,odd,0.37109375,-1.8532147407531738,5
exhaustion,hunger,-1.5616455078125,-0.043797969818115234,5
exposure,hunger,-3.20465087890625,-0.4943174719810486,5
expressly,purely,-1.197265625,-1.6353669166564941,5
fainter,fainter,0.0,-0.19503609836101532,5
faithful,spiritual,-0.2041015625,1.5018377304077148,5
faithful,trusty,4.724609375,2.333717107772827,5
familiar,nice,-5.9140625,-2.5510659217834473,5
feces,urine,2.76953125,0.2363288551568985,5
fictional,historical,0.69189453125,-0.15835438668727875,5
filtered,zoned,-3.4853515625,-1.2623541355133057,5
financial,governmental,1.2890625,0.7484753131866455,5
financial,moral,2.0419921875,1.2162810564041138,5
fishermen,millers,2.087158203125,-0.3694079518318176,5
fishermen,pirates,0.1712646484375,-0.44713103771209717,5
fitted,painted,-0.560546875,-1.8443856239318848,5
flour,mincemeat,2.451171875,1.2526775598526,5
forcible,racy,0.4375,-0.9361217021942139,5
form,line,-3.23046875,-1.6428771018981934,5
form,survive,2.416015625,-0.35462772846221924,5
fragile,rude,-4.3896484375,-0.5550577640533447,5
frantic,scattered,-0.6738128662109375,-0.1812019795179367,5
free,free,0.0,-0.2757963538169861,5
free,scattered,0.546875,0.4515165090560913,5
free,spontaneous,-0.9772186279296875,-0.12109805643558502,5
fright,weakness,2.66357421875,0.25034797191619873,5
frogs,rabbits,1.2167205810546875,1.547019600868225,5
funeral,save,4.3359375,1.1860179901123047,5
gambling,spending,4.196197509765625,2.546691417694092,5
game,pot,3.09375,-0.8046169281005859,5
gamesters,runners,-0.00797271728515625,0.3718254566192627,5
gasp,kissing,0.290771484375,0.3045753240585327,5
gasp,scream,0.240234375,0.8877121210098267,5
gasp,stare,-0.267578125,0.38346052169799805,5
gayety,laughter,-2.88671875,0.5026242733001709,5
gayety,merriment,-0.6146697998046875,0.8683911561965942,5
gayety,mirth,-0.3359375,0.006648615002632141,5
gently,immediately,-1.79248046875,2.597208261489868,5
gently,nice,-0.84375,-1.4798991680145264,5
glans,prepuce,1.974609375,0.7968848943710327,5
glum,solemn,-0.904296875,0.6388264894485474,5
gods,others,1.83203125,0.8469300270080566,5
government,medicine,1.0439453125,-1.7373028993606567,5
government,opposition,-0.7113800048828125,0.35172903537750244,5
government,rule,2.455078125,-0.48362046480178833,5
graceful,unique,-1.7315921783447266,-0.06087157130241394,5
grew,grew,0.0,0.5849025249481201,5
grocers,millers,3.7628173828125,-0.744874119758606,5
grotesque,satire,1.5078125,-0.14796073734760284,5
grotesque,strange,3.1695556640625,0.14721104502677917,5
grunted,squealed,-2.0593857765197754,-0.12543627619743347,5
hairy,rough,-0.7510986328125,-1.0533785820007324,5
hand,hand,0.0,-0.33220797777175903,5
handsome,soldierly,-2.8203125,1.5118169784545898,5
handsome,taller,-6.618408203125,-0.9095026254653931,5
harder,harder,0.0,-0.3523283004760742,5
harder,thicker,0.6611328125,-0.7209100723266602,5
hardships,heroism,-1.13037109375,-0.3857913017272949,5
harmful,strange,-2.44921875,-2.3620471954345703,5
hats,robes,1.13134765625,0.6504963040351868,5
heathen,remote,-0.0698699951171875,1.337180256843567,5
helicopters,paratroopers,-1.789215087890625,-0.266507625579834,5
here,here,0.0,-0.4416080713272095,5
here,hereafter,-0.369140625,2.1078414916992188,5
historical,spiritual,0.62530517578125,1.2280200719833374,5
homo,porno,4.068359375,0.9515674710273743,5
hooks,rods,2.1806640625,0.2321905642747879,5
hospitable,interesting,2.513774871826172,-1.554732322692871,5
hospitalised,injured,-0.583984375,-0.5971240401268005,5
hours,hours,0.0,-0.6604995727539062,5
hub,spoke,0.0859375,1.2839758396148682,5
ice,rocks,-5.3291015625,0.01725389063358307,5
illuminated,spiritual,-3.30438232421875,0.2472154051065445,5
imaging,optical,3.1123046875,-0.6950381994247437,5
impulsive,rude,1.016510009765625,-1.0318572521209717,5
incident,romance,-2.20391845703125,-2.248842477798462,5
indented,numbered,-0.034149169921875,-0.9024317264556885,5
indistinguishable,strange,-4.375701904296875,-1.3894586563110352,5
initial,initial,0.0,0.24263787269592285,5
injunctions,messages,-3.2149658203125,-1.4912910461425781,5
injured,shot,-1.81640625,-0.8093240261077881,5
injured,woeful,1.66015625,-0.31667327880859375,5
insolent,rebellious,-6.1064453125,-0.06152455508708954,5
inspiring,profound,-2.80517578125,-0.006216809153556824,5
instantaneously,unseen,8.2762451171875,2.152434825897217,5
instructive,interesting,-5.1827850341796875,-1.7250919342041016,5
instructive,moral,0.2633056640625,-0.07465074956417084,5
intercourse,training,-0.10596466064453125,-0.911831259727478,5
interesting,quaint,-3.4482421875,0.31638723611831665,5
interesting,remarkable,3.255126953125,1.1668963432312012,5
interesting,strange,-0.97265625,0.4198271632194519,5
interesting,surprising,0.51373291015625,1.4912370443344116,5
interesting,unique,0.4793281555175781,0.9135445356369019,5
invaders,pirates,1.69586181640625,-0.8955616354942322,5
jests,laughter,-1.0517578125,-1.136448621749878,5
kicked,kicked,0.0,0.8099365234375,5
kids,mortgages,-0.4375,0.3264122009277344,5
kids,starving,-2.82269287109375,0.5485379695892334,5
kids,teen,4.7294921875,-0.23427100479602814,5
ladder,man,1.203125,2.059434413909912,5
laugh,laugh,0.0,-0.060322508215904236,5
laugh,scream,-1.046875,0.9284589290618896,5
laughter,merriment,-1.0231475830078125,2.1893153190612793,5
laughter,noise,-2.97265625,-0.14431050419807434,5
laughter,peace,-5.26171875,-1.134786605834961,5
lawless,rough,-2.20166015625,-0.03856514394283295,5
lawless,uncontrolled,3.27740478515625,1.7496087551116943,5
letters,messages,4.6107177734375,1.1333644390106201,5
letters,presents,-0.537109375,1.2273287773132324,5
letters,scrolls,-1.620361328125,1.057032823562622,5
lime,salt,-2.2080078125,-1.1831940412521362,5
linen,silver,1.478515625,-0.19534288346767426,5
looting,vandalism,-1.78485107421875,0.7269506454467773,5
lorries,said,4.184326171875,2.054154396057129,5
lumber,timbers,-2.71875,0.2975854277610779,5
luxury,privilege,1.97119140625,0.0036204904317855835,5
luxury,refinement,2.8614501953125,1.1558804512023926,5
machine,man,-2.3828125,0.9398910403251648,5
magnesium,potassium,-0.50872802734375,-1.2425659894943237,5
man,man,0.0,1.216570258140564,5
man,master,-0.94140625,0.35617631673812866,5
man,prey,0.8154296875,0.798671543598175,5
manned,trained,0.673828125,-0.045992180705070496,5
marked,numbered,4.580078125,-0.33683717250823975,5
master,missis,-1.634765625,0.9998971819877625,5
mates,prey,1.66015625,1.7099933624267578,5
matured,mellowed,2.55224609375,-0.5716103315353394,5
medicine,treatment,1.51171875,1.1456197500228882,5
medicine,treatments,4.544921875,2.385274648666382,5
meek,mild,1.478515625,-1.6237897872924805,5
mental,moral,1.8756103515625,0.5273765325546265,5
mental,spiritual,0.222412109375,0.4304695129394531,5
merriment,mirth,-0.7186279296875,-1.0586576461791992,5
merriment,noise,0.2470703125,-0.719170868396759,5
messages,sightings,-0.20306396484375,-0.32494962215423584,5
mild,nice,-5.96630859375,0.13046683371067047,5
mild,windless,-3.724609375,1.3325114250183105,5
milked,sugared,1.2939453125,0.3319246768951416,5
mirth,peace,-1.66015625,-0.6562904119491577,5
mistrustful,uncanny,0.10809326171875,0.12491989135742188,5
moist,nice,-5.93798828125,-1.493137240409851,5
molluscs,vertebrates,1.369384765625,-0.026411861181259155,5
moons,moons,0.0,0.3006455898284912,5
moons,suns,-0.7490234375,-1.9500548839569092,5
moral,spiritual,4.943359375,0.3836337924003601,5
mothers,teachers,-1.530792236328125,-1.3456403017044067,5
mothers,toddlers,0.2642822265625,0.18135471642017365,5
movement,noise,-0.498046875,-0.027167662978172302,5
movies,opera,-0.408203125,0.0831562727689743,5
movies,theater,0.15625,1.6592236757278442,5
movies,tv,3.685546875,0.2869194746017456,5
moving,up,-6.904296875,-1.5003345012664795,5
moving,wound,-8.404296875,-1.3843963146209717,5
nations,tribes,-1.19580078125,0.04973599314689636,5
near,nice,-5.208984375,-1.4636446237564087,5
near,remote,-0.6107330322265625,0.9260711669921875,5
next,next,0.0,0.6030130982398987,5
nice,relaxed,4.402557373046875,2.6926965713500977,5
nice,roasted,6.052734375,1.3206778764724731,5
nice,snug,4.419921875,0.8733187317848206,5
nice,spooky,2.699615478515625,1.4395287036895752,5
nice,unselfish,3.4285736083984375,2.977633237838745,5
noise,unintelligible,3.172016143798828,2.494812250137329,5
nurses,nurses,0.0,0.8408406376838684,5
nurses,orderlies,1.048583984375,0.6657177805900574,5
nurses,teachers,-1.4228515625,-0.7997053265571594,5
oblations,prayers,0.41107177734375,0.07369641959667206,5
odd,spooky,0.330078125,0.32529163360595703,5
odd,unique,-0.8620147705078125,0.33539116382598877,5
older,older,0.0,0.0759143978357315,5
older,taller,1.10546875,-0.6441805362701416,5
older,tougher,0.376708984375,1.323566198348999,5
older,wiser,3.4765625,1.9966583251953125,5
ominous,threatened,-0.8734588623046875,1.3307774066925049,5
others,volunteers,-4.1795654296875,-0.647077202796936,5
outdated,rough,1.0009765625,-1.0941426753997803,5
outfit,wagons,-3.25244140625,-0.556000292301178,5
outgunned,outnumbered,0.7692031860351562,0.5217382907867432,5
outposts,patrols,0.397918701171875,-0.6454201936721802,5
over,over,0.0,1.0575344562530518,5
over,up,-3.02734375,0.43776988983154297,5
paratroopers,peasants,-1.32373046875,-0.6766780018806458,5
paused,said,9.3583984375,5.709327220916748,5
peace,purity,-0.97705078125,0.07526062428951263,5
peace,relaxation,5.37158203125,1.1906912326812744,5
pearl,silver,-0.571044921875,0.2548533082008362,5
peep,see,3.506591796875,0.3432103395462036,5
penalties,prizes,0.047149658203125,1.0685913562774658,5
penner,skupin,-0.267578125,0.271504282951355,5
penultimate,thirteenth,4.1422929763793945,0.4983144998550415,5
permanent,substantial,-1.5498046875,0.031021427363157272,5
permanent,suitable,-1.3264312744140625,-1.0571112632751465,5
ph,temperature,-6.05859375,-2.063599109649658,5
picturesque,quaint,2.92138671875,0.4875785708427429,5
picturesque,sleepy,0.669921875,-0.5945817232131958,5
pillage,tribute,0.8532257080078125,1.105151891708374,5
pirates,pirates,0.0,0.7168663740158081,5
pirates,smugglers,-0.4296875,0.9052194356918335,5
pirates,wenches,0.47265625,0.35220426321029663,5
plantation,slabes,0.32861328125,-0.23278222978115082,5
plate,spoon,1.953125,0.4294067621231079,5
pot,spoon,0.798828125,-1.2970666885375977,5
potassium,sodium,0.9436416625976562,0.6375967264175415,5
powers,principalities,-1.494140625,0.5723907351493835,5
presence,putrification,-5.39404296875,2.038283348083496,5
pressure,temperature,-1.884765625,-0.3024924397468567,5
previous,subsequent,1.13671875,-0.37923842668533325,5
profound,remarkable,-2.2569580078125,-1.172177791595459,5
profound,resolved,5.30816650390625,1.2760670185089111,5
profound,surprising,-0.576446533203125,0.27559733390808105,5
pronounce,spell,2.044189453125,-0.3299316167831421,5
queue,unique,3.49761962890625,-0.06389720737934113,5
rabbits,rodents,-0.25928497314453125,0.515023946762085,5
ragged,tawdry,0.01336669921875,-1.1736772060394287,5
raped,tortured,1.89996337890625,0.28600871562957764,5
reels,rods,-1.0009765625,-1.2135913372039795,5
registered,verified,1.2223596572875977,-1.2242134809494019,5
rehabilitation,treatment,-0.957489013671875,-0.5403093099594116,5
reliable,supervised,-2.9423828125,-0.37682634592056274,5
reliable,trusty,2.6898345947265625,-0.013483405113220215,5
remarkable,strange,-4.84912109375,-0.7311963438987732,5
remarkable,unique,1.4371042251586914,0.06891410052776337,5
resorts,villages,-0.812255859375,-0.8989266753196716,5
revolting,strange,-4.8720703125,-1.3097901344299316,5
rocks,wilds,2.4091796875,-0.03207467496395111,5
rocks,woods,-1.359375,-1.7984952926635742,5
romance,satire,1.90606689453125,-0.011204645037651062,5
rough,rude,3.568359375,0.864541232585907,5
safer,supervised,0.33447265625,-0.24991323053836823,5
said,saluted,0.3253173828125,-2.315500259399414,5
salt,vinegar,3.02734375,1.7454180717468262,5
scared,scream,12.4140625,1.779761552810669,5
scared,shy,-2.501953125,-0.8636113405227661,5
scared,strange,-2.1396484375,-0.7063168883323669,5
see,touch,0.1982421875,-0.25376462936401367,5
seen,seen,0.0,0.0905761867761612,5
seen,understood,2.6953125,1.9285051822662354,5
shy,strange,2.12890625,-0.09432993829250336,5
smaller,smaller,0.0,-0.18162553012371063,5
smaller,thicker,1.5078125,0.4309003949165344,5
sorrier,wiser,3.34130859375,-0.6182713508605957,5
speak,swim,-6.48828125,-1.2003291845321655,5
special,unique,0.317657470703125,-0.40853095054626465,5
special,urgent,1.115234375,-0.02432560920715332,5
spectacular,unique,0.345123291015625,-0.4165847897529602,5
spicy,strange,-0.15625,-1.0847558975219727,5
spiritual,temporal,1.723876953125,0.7657110691070557,5
squealed,squealed,0.0,-0.03285492956638336,5
stable,unique,-0.38379478454589844,1.2090312242507935,5
stare,stop,-4.115234375,-1.3198928833007812,5
stouter,stouter,0.0,-0.23432870209217072,5
strengthened,strengthened,0.0,0.6656265258789062,5
stretch,stretch,0.0,0.6721510887145996,5
subtlety,timing,0.708984375,0.2716207504272461,5
swim,swim,0.0,-0.03591941297054291,5
taboos,totems,-0.2425537109375,1.0005556344985962,5
taller,taller,0.0,-0.1701260656118393,5
taught,used,0.05029296875,-0.054066017270088196,5
ten,twoscore,-3.087890625,-0.9357103109359741,5
thicker,thicker,0.0,0.2531511187553406,5
through,through,0.0,1.2549059391021729,5
togs,whatnot,6.56640625,3.9876914024353027,5
toy,toy,0.0,-0.15454940497875214,5
trained,trusty,3.17578125,0.767935037612915,5
tribes,tribes,0.0,-0.29983580112457275,5
turbid,zaburlit,5.52734375,-1.3483221530914307,5
unmoved,unobtrusive,1.08154296875,-0.388249933719635,5
up,up,0.0,0.7293427586555481,5
valk,valk,0.0,0.18101318180561066,5
value,value,0.0,0.12971462309360504,5
waited,waited,0.0,-0.9023820161819458,5
walks,walks,0.0,0.46533000469207764,5
wept,wept,0.0,0.15122978389263153,5
whales,whaling,-0.495849609375,-0.25895875692367554,5
whistle,whittle,-0.720703125,-0.506868839263916,5
wigwagging,woodcraft,-2.2474365234375,-1.7302918434143066,5
wilds,woods,-3.181640625,-2.532702684402466,5
yet,yet,0.0,-0.9303226470947266,5
accomplished,amiable,-1.47454833984375,0.3620069622993469,6
accurate,strong,0.72119140625,-2.692235231399536,6
action,adventure,-2.119140625,-1.383075475692749,6
action,evolution,-1.5361328125,1.2534193992614746,6
action,excitement,1.126953125,-0.637006938457489,6
action,grace,2.4306640625,-0.5499491095542908,6
active,curious,4.810546875,-1.5336227416992188,6
active,strong,-2.431640625,-1.5486702919006348,6
activities,gestures,1.6781005859375,-0.7521618008613586,6
added,new,-8.23046875,-3.383188486099243,6
adventure,excitement,-1.541015625,0.27378571033477783,6
adventure,poetry,0.12353515625,0.5832381844520569,6
adventure,sport,-0.2841796875,0.876400887966156,6
adventure,voyage,0.70654296875,0.19926011562347412,6
aerodromes,radar,1.20263671875,-0.17206934094429016,6
agriculture,crafts,5.043575286865234,-1.0536096096038818,6
agriculture,forestry,5.058052062988281,-0.37996041774749756,6
agriculture,gardening,1.7708313465118408,-0.8260372281074524,6
agriculture,hunting,3.6050262451171875,-0.8157803416252136,6
ai,nao,2.0087890625,-0.006117641925811768,6
alarm,excitement,-5.044921875,-0.6343472599983215,6
alarm,perplexity,-1.8107385635375977,0.3027217984199524,6
alarm,triumph,-4.262939453125,1.2855198383331299,6
alcoholics,homosexuals,5.063728332519531,0.1711323857307434,6
alone,far,2.9453125,-1.7738580703735352,6
alone,unobserved,1.1669921875,0.2825583815574646,6
ambition,conquest,2.47216796875,1.0476891994476318,6
ambition,opulence,-1.018280029296875,0.6124448776245117,6
ambition,vainglory,-1.781982421875,0.07308977842330933,6
ammeters,voltmeters,-5.8682861328125,-0.7073805928230286,6
amusement,diversion,1.0888519287109375,-0.6247520446777344,6
amusement,excitement,-0.5337982177734375,-1.7419981956481934,6
anger,excitement,-0.1943359375,0.17435604333877563,6
anger,hatred,-0.20914459228515625,0.8577184081077576,6
anger,hostility,2.30029296875,1.2186059951782227,6
anger,humiliation,-2.83038330078125,1.5812780857086182,6
anger,jealousy,1.063995361328125,1.7135417461395264,6
anger,trouble,0.798828125,-0.9116984009742737,6
angry,anxious,2.080078125,0.9052905440330505,6
angry,bewildered,-0.283935546875,0.9339288473129272,6
angry,dark,-4.4873046875,-2.674699068069458,6
angry,frightened,1.806640625,-0.38601285219192505,6
angry,grim,-2.03125,-0.9814078211784363,6
angry,grudging,2.0682373046875,0.5888155102729797,6
angry,insubordinate,1.9735107421875,1.9201784133911133,6
angry,mean,8.953125,1.6276133060455322,6
angry,pale,-4.087890625,-2.2520172595977783,6
angry,shrill,-7.4970703125,0.21885555982589722,6
angry,suspicious,-1.915771484375,-0.0034583210945129395,6
angry,upset,-0.18359375,0.9848122000694275,6
annual,maximum,-0.1002197265625,-0.2221693992614746,6
antidepressants,cholesterol,-0.384765625,0.19636401534080505,6
antiques,artwork,3.5625,0.2973575294017792,6
anxious,eager,6.789794921875,-1.0044593811035156,6
anxious,frightened,-0.390625,-2.122612714767456,6
anxious,pale,-5.1357421875,-3.505239248275757,6
anxious,shuddering,-4.557373046875,-0.5094783902168274,6
aristocracy,feudalism,-2.9607086181640625,-0.33267778158187866,6
artillery,guns,-5.532958984375,-1.3632440567016602,6
artillery,motorization,1.7505130767822266,0.9213210940361023,6
artillery,troops,-1.3635482788085938,-1.4515917301177979,6
arts,crafts,6.7308349609375,0.8297014832496643,6
arts,sciences,7.886554718017578,0.20756900310516357,6
arts,sports,2.228515625,0.7839431166648865,6
artworks,objects,0.74609375,0.36682814359664917,6
attention,care,-3.712890625,1.466135025024414,6
attention,eyes,-3.677734375,-0.4222976565361023,6
attention,zeal,-2.0390625,2.130488634109497,6
autocrat,emperor,-5.904296875,-0.3713826537132263,6
automobiles,clothes,-0.1639251708984375,-1.3136672973632812,6
baby,daddy,-0.4921875,0.43273645639419556,6
baby,father,-1.48046875,-1.1707727909088135,6
baby,louise,-4.3328857421875,0.3847563564777374,6
badass,big,-3.955078125,-2.7536861896514893,6
balls,pegs,-1.083984375,-2.0193159580230713,6
baritone,clarinet,-3.9730224609375,-0.47554510831832886,6
barks,ships,-2.16015625,-0.6014841794967651,6
barley,rye,-1.7734375,-0.03215056657791138,6
barred,locked,-2.9375,1.4379353523254395,6
basket,loaf,3.412109375,1.3801836967468262,6
basket,scissors,-0.9863624572753906,1.8326833248138428,6
battered,dilapidated,2.7027587890625,-0.9054781794548035,6
believe,think,0.09765625,-1.1712021827697754,6
believed,hiding,-4.03515625,-1.102078914642334,6
bewildered,confused,-1.9918670654296875,-0.6235578656196594,6
bewildered,dismayed,2.8796119689941406,0.3423268496990204,6
bewildered,frightened,-0.9378662109375,-1.4811744689941406,6
big,curious,5.34375,2.436906576156616,6
big,dark,3.0166015625,0.47801679372787476,6
big,direct,-0.234375,5.270803928375244,6
big,high,1.173828125,2.290534257888794,6
big,important,8.82421875,3.3535807132720947,6
big,mellow,0.1162109375,1.6660940647125244,6
big,new,0.09228515625,2.4280645847320557,6
big,round,4.09326171875,-0.11144000291824341,6
big,strong,4.3662109375,2.5619704723358154,6
big,successful,-0.0390625,1.7429168224334717,6
big,wonderful,2.50390625,2.481715440750122,6
biggerer,clumsier,-3.021484375,0.3917098641395569,6
bigotry,intolerance,1.04443359375,1.000467300415039,6
biscuit,tea,-6.611083984375,0.4569055438041687,6
blaze,curl,2.795501708984375,0.6334128379821777,6
bleak,raw,0.373046875,-0.18369147181510925,6
blood,darkness,-0.7109375,-1.4589931964874268,6
blood,filth,-0.53240966796875,0.2982214093208313,6
blood,fluid,0.3330078125,0.4964529871940613,6
blood,grease,-0.0146484375,-1.7159078121185303,6
blood,soil,7.146484375,-1.1778504848480225,6
bloodless,pale,-5.5615234375,-1.3482699394226074,6
boating,riding,1.6767578125,-1.290013313293457,6
bold,cautious,1.775390625,2.387338876724243,6
bold,new,-2.966796875,1.8802623748779297,6
bold,round,1.376953125,-1.5902769565582275,6
bold,successful,-0.55474853515625,1.6960744857788086,6
bolt,eat,-0.88427734375,1.0019915103912354,6
bonds,stocks,3.1044921875,-0.3463055491447449,6
brake,marsh,-2.62109375,0.8321536183357239,6
bravest,strongest,1.420745849609375,0.49196934700012207,6
brawny,strong,-2.09716796875,-0.6167638301849365,6
brilliancy,dash,-1.0753173828125,1.4665000438690186,6
brother,father,0.91015625,-1.0946927070617676,6
brother,slept,-8.787109375,1.4213283061981201,6
brushwood,rock,1.19580078125,0.28270435333251953,6
buckets,ladders,-0.1712493896484375,0.15355193614959717,6
bundles,wraps,1.905517578125,0.33101075887680054,6
burning,slaying,0.58837890625,0.6331053972244263,6
busier,busier,0.0,-0.3095834255218506,6
buying,going,-1.8359375,-2.6089913845062256,6
cabbage,carrot,0.294677734375,0.22408133745193481,6
campaign,political,2.65625,0.2360202968120575,6
cancer,depression,-1.09912109375,0.9303326606750488,6
capable,strong,-3.9990234375,-0.9664841294288635,6
capitalism,feudalism,3.072998046875,-1.0075702667236328,6
captured,shown,2.181640625,1.32401442527771,6
carbon,iron,-1.73046875,-1.4718716144561768,6
carbon,nitrogen,-2.421722412109375,-0.7005146741867065,6
carded,cleaned,-1.1397705078125,-0.7993304133415222,6
care,cleanliness,-2.30621337890625,-1.325629711151123,6
care,harm,-0.47265625,0.9187377095222473,6
care,mind,7.2421875,0.3478474020957947,6
castles,cities,-2.814453125,-1.1331806182861328,6
castles,fortresses,-2.331298828125,-1.1054315567016602,6
centuries,centuries,0.0,-0.8193474411964417,6
cf,kf,1.537109375,-0.18442803621292114,6
chains,darkness,-1.98828125,-2.4523115158081055,6
chains,locks,-1.259521484375,-1.147458553314209,6
chains,mobiles,-2.41748046875,-0.7707635164260864,6
champagne,flowers,-0.911346435546875,-0.6332054138183594,6
changing,working,2.85546875,-1.5349833965301514,6
chatted,chatted,0.0,0.5295411348342896,6
cheered,shouted,0.38653564453125,-1.8105189800262451,6
chintz,silk,-2.55914306640625,-2.0077381134033203,6
chocolate,tea,-0.935546875,-1.3622989654541016,6
cities,municipalities,-0.16748046875,1.6318843364715576,6
cities,streets,-0.673828125,-0.10598009824752808,6
classic,formal,-1.76318359375,1.6774897575378418,6
clatters,dinging,-0.470703125,-0.5678407549858093,6
clatters,rings,1.36962890625,-0.6645550727844238,6
cleaned,dripped,1.96337890625,-0.16424939036369324,6
cleaned,restored,-0.176025390625,0.442349374294281,6
climatology,meteorology,3.866668701171875,0.03571800887584686,6
clock,rubber,-0.919921875,1.8502352237701416,6
close,dark,-1.0908203125,-2.6551272869110107,6
close,grasping,3.510009765625,-1.087954044342041,6
close,monitoring,4.8626708984375,-1.3175048828125,6
close,swift,-1.345703125,-2.9691905975341797,6
close,tight,0.814453125,-2.3966517448425293,6
clothes,eyes,-1.5849609375,1.168562889099121,6
clothes,gardens,0.22408676147460938,1.632678508758545,6
clothes,mind,-3.3681640625,2.6491928100585938,6
clothes,shopping,-0.986328125,1.692445993423462,6
coals,iron,0.06640625,-0.14909270405769348,6
colorful,dark,0.2802734375,-1.3680391311645508,6
colorful,unusual,2.348388671875,0.014222562313079834,6
coming,coming,0.0,-0.19985440373420715,6
coming,falling,1.5234375,1.3869688510894775,6
coming,going,2.69140625,1.1581740379333496,6
compassion,help,-3.653564453125,-0.6972243785858154,6
compete,fight,-0.8599853515625,-1.115591049194336,6
complexity,evolution,3.810546875,1.0224778652191162,6
confident,strong,-0.896484375,-1.6477596759796143,6
confused,detected,1.679168701171875,1.023221492767334,6
confused,frightened,0.005859375,-0.2794354557991028,6
confused,upset,-0.033203125,1.6415457725524902,6
conquest,triumph,0.723876953125,-1.1907107830047607,6
consular,passport,2.380859375,0.5260786414146423,6
contempt,contempt,0.0,-0.05791991949081421,6
contempt,hatred,0.392822265625,-0.4900413155555725,6
contributors,supporters,-0.9129228591918945,2.02685809135437,6
conviction,trial,-1.814453125,-0.7460386157035828,6
cook,eat,-1.11328125,0.8685188889503479,6
costume,makeup,-0.35205078125,0.8085141181945801,6
cowboys,frontiersmen,1.120391845703125,0.4273492395877838,6
crafts,industries,-0.09631919860839844,0.008130833506584167,6
cranberry,turkey,-3.37890625,-1.5299534797668457,6
creased,stained,0.56640625,-0.7487010955810547,6
criminalised,persecuted,0.292724609375,1.1912989616394043,6
crossly,pettishly,-0.397705078125,-1.4335224628448486,6
crustaceans,insects,-2.1141357421875,0.3189069628715515,6
cumin,pepper,-2.5078125,-1.527848482131958,6
curious,new,-1.435546875,0.20151513814926147,6
curious,strong,0.177734375,-0.461290180683136,6
curious,wonderful,1.142578125,-0.4608585238456726,6
daddy,mummy,-4.6279296875,1.2571778297424316,6
dark,dense,-0.619140625,1.1519029140472412,6
dark,dreary,0.922454833984375,1.1506738662719727,6
dark,fearful,4.7384033203125,1.7048611640930176,6
dark,high,-3.193359375,0.39433473348617554,6
dark,melancholy,1.038299560546875,1.234541416168213,6
dark,secret,-0.5703125,0.823016345500946,6
dark,starlight,0.7705078125,0.45600759983062744,6
dark,swollen,-3.7201156616210938,0.33997225761413574,6
dark,tangled,1.785247802734375,1.6521105766296387,6
dark,twisted,4.885498046875,1.5535492897033691,6
dark,ugly,1.1953125,2.234259605407715,6
dark,unforgiving,5.548828125,3.549189805984497,6
dark,unshaven,1.814453125,2.6582117080688477,6
darker,darker,0.0,0.021748334169387817,6
darker,denser,1.1337890625,-0.11481228470802307,6
darkness,disappearance,1.0,2.0318336486816406,6
darkness,silence,-2.23828125,-0.634525716304779,6
darkness,solitude,-1.6943359375,1.5010852813720703,6
darter,madame,2.69140625,-0.06746864318847656,6
dash,enthusiasm,-2.3294830322265625,1.1119561195373535,6
decades,decades,0.0,0.0866595208644867,6
decayed,inexpensive,0.82122802734375,-0.8704010844230652,6
degree,removal,2.91162109375,1.7528581619262695,6
delicate,lazy,-0.428314208984375,0.5888407826423645,6
delicate,pale,-0.979248046875,-1.6056814193725586,6
delicate,slender,0.0142822265625,0.4264441132545471,6
delightedly,largely,-3.87890625,-1.8534104824066162,6
democratic,political,-3.98828125,-1.1707251071929932,6
dense,frequent,1.207275390625,0.8975275158882141,6
dense,massive,-1.6298828125,-0.8101858496665955,6
denser,denser,0.0,-0.42038530111312866,6
depression,humiliation,0.7388916015625,1.1926246881484985,6
desertion,silence,0.796875,-1.7051684856414795,6
detected,exposed,1.3768310546875,0.7207409739494324,6
detected,pursued,1.1588287353515625,0.018960654735565186,6
devastating,massive,-5.4285888671875,-1.2444934844970703,6
devastating,tragic,-0.32220458984375,-1.4144413471221924,6
dialect,vernacular,0.9172592163085938,1.2859618663787842,6
dice,slice,0.654296875,0.2895916700363159,6
diligent,responsible,1.486572265625,0.5611642003059387,6
direct,interactive,2.1884765625,-1.5931220054626465,6
direct,strong,-5.32421875,-3.583385705947876,6
direct,write,-5.30859375,-2.3653957843780518,6
disciples,friends,-1.02978515625,-0.5513347387313843,6
disciples,interpreter,-2.8623046875,1.7236340045928955,6
disgrace,humiliation,-1.6921310424804688,0.4372878074645996,6
disgusting,gross,2.62939453125,1.044262170791626,6
disgusting,impetuous,7.42041015625,0.4557293951511383,6
dismayed,pale,-6.3841552734375,-3.4409821033477783,6
disobedient,unruly,3.7664794921875,-0.370360791683197,6
disposition,sale,-7.304931640625,-0.3942261338233948,6
disposition,trial,-1.458740234375,-0.9681529402732849,6
disrespectful,insubordinate,5.73345947265625,-0.5664495825767517,6
disrespectful,untamed,-2.9912109375,-0.16907507181167603,6
dissident,political,1.9775390625,-1.6874308586120605,6
doctors,priests,0.80078125,1.5721962451934814,6
dominican,haitian,0.363525390625,-1.2564175128936768,6
dousings,leaps,0.2900390625,-0.015829384326934814,6
downforce,traction,0.7734375,-0.16322535276412964,6
drowsy,languid,0.260986328125,-0.5252353549003601,6
drywall,paint,0.580078125,-0.11077755689620972,6
dumfounded,quaking,-0.4892578125,-0.8220550417900085,6
dunked,soaked,0.623046875,0.03306502103805542,6
dynastic,political,-1.12109375,0.5501474142074585,6
eager,rapt,4.35693359375,-0.10473626852035522,6
eager,shrill,-1.642578125,-1.47056245803833,6
eager,wondering,-0.5859375,0.5307825207710266,6
earthly,heavenly,-3.12890625,-0.07538270950317383,6
eastern,south,2.296875,-1.253201961517334,6
eat,eat,0.0,1.002159595489502,6
eat,loaf,5.517578125,-0.6521310210227966,6
eat,rise,-3.306640625,-0.9404643177986145,6
eat,stay,-3.58984375,0.7582529187202454,6
eaten,gathered,-1.205078125,-0.5722924470901489,6
eaten,slept,2.07421875,-1.028686761856079,6
educational,entertaining,1.4879302978515625,-0.5452190041542053,6
educational,political,-0.869140625,-1.4659922122955322,6
educational,religious,-2.01373291015625,-2.309804677963257,6
efflorescences,encrustations,-0.6298828125,-0.053833603858947754,6
elegance,grace,-0.5915069580078125,-1.2019116878509521,6
emperor,king,-1.73828125,-1.370821237564087,6
empires,leaders,2.3759765625,-1.0044610500335693,6
entertaining,new,-9.152862548828125,-0.5341702103614807,6
enthusiasm,excitement,-1.76318359375,-2.3921010494232178,6
enthusiasm,pep,3.6115341186523438,-0.7889410853385925,6
enthusiasm,triumph,-3.7898082733154297,-0.09630382061004639,6
entirely,fully,-2.015625,-1.437946081161499,6
entirely,thoroughly,-1.75390625,-1.3534481525421143,6
eternal,strong,0.81280517578125,-2.092186689376831,6
eventful,harassing,-2.103515625,-0.07815814018249512,6
eventful,new,-4.8470458984375,-0.06562799215316772,6
excitement,exertion,1.173095703125,2.889380693435669,6
excitement,triumph,0.2940673828125,3.2051427364349365,6
excitement,trouble,0.61328125,-0.5316288471221924,6
executive,regulatory,4.0888671875,1.1782763004302979,6
extensive,new,-4.17431640625,-2.019812822341919,6
extensive,strong,0.087890625,-2.3675413131713867,6
extent,speed,0.939453125,1.4669020175933838,6
faggots,straw,0.5537109375,-0.1515600085258484,6
falling,flying,-0.5,-0.21982073783874512,6
false,groundless,1.765625,-2.6980717182159424,6
false,wrong,0.513671875,-0.5336294770240784,6
far,far,0.0,0.49508780241012573,6
far,high,-0.5234375,0.8707683682441711,6
far,unused,0.5390625,3.434880018234253,6
farder,farder,0.0,-0.4888647198677063,6
farmer,wife,2.6640625,-1.3916950225830078,6
father,father,0.0,0.24569737911224365,6
father,grandmother,0.482421875,0.3514052927494049,6
father,jm,-0.94140625,1.7379560470581055,6
father,son,2.986328125,1.5438108444213867,6
fearful,unknown,-1.5634765625,-0.9745038151741028,6
fearful,wonderful,-0.259765625,-1.352738380432129,6
fifth,smallest,-2.175048828125,1.3349833488464355,6
fight,hunt,-0.91015625,-1.0416786670684814,6
fight,overcome,3.349609375,-0.5116445422172546,6
fight,stand,-2.451171875,-1.9500937461853027,6
fight,stay,-3.8203125,0.18542557954788208,6
fight,wait,-0.447265625,1.497380018234253,6
fighting,hunting,-0.4296875,-0.117015540599823,6
fighting,watching,-1.5546875,-1.0102133750915527,6
fighting,working,-0.7919921875,-0.6273652911186218,6
fills,fills,0.0,-0.4546554684638977,6
find,seek,1.56640625,0.879788875579834,6
fish,hunt,-0.296875,1.0151684284210205,6
fish,insects,1.1826171875,0.8265040516853333,6
fish,loaves,0.59375,0.4024971127510071,6
fish,plant,-0.197265625,2.037025213241577,6
fish,squid,6.39306640625,1.4709463119506836,6
fish,vegetables,2.0537109375,0.8393478989601135,6
flamingoes,mustard,2.68359375,2.072434902191162,6
flatly,instantly,2.53515625,1.6133229732513428,6
flew,flew,0.0,-0.27722257375717163,6
flew,fluttered,-3.3572998046875,0.8483223915100098,6
flexible,flexuous,-1.90651535987854,0.3655962347984314,6
flexible,slender,0.08984375,0.32230401039123535,6
flowers,gardens,-0.6729297637939453,1.7389752864837646,6
flowers,insects,2.8065185546875,1.1782639026641846,6
flowers,streamers,1.3740234375,2.3195090293884277,6
flowers,vegetables,1.94219970703125,1.0673604011535645,6
flowers,wines,0.265625,0.4418213665485382,6
fluttered,fluttered,0.0,-0.4294969439506531,6
fonder,fonder,0.0,0.1681092083454132,6
fox,geese,1.73583984375,0.006432533264160156,6
frequent,prolonged,4.51995849609375,-0.4113348722457886,6
friends,lovers,2.82763671875,-0.257561057806015,6
friends,owners,2.6650390625,0.9492778182029724,6
frightened,pale,-1.439453125,-1.6895577907562256,6
frightened,unmanageable,-0.28948974609375,1.6508440971374512,6
frightened,wondering,1.03515625,1.9054715633392334,6
fruitful,important,3.03515625,2.44457745552063,6
ganders,geese,0.265625,-0.7642631530761719,6
gentleness,kindliness,1.2388916015625,0.7772765755653381,6
gentleness,magnanimity,3.3979949951171875,1.2896490097045898,6
geocaching,letterboxing,2.7734375,-1.3203208446502686,6
geography,religious,0.5625,1.3430805206298828,6
gestures,sounds,-0.54541015625,2.243852138519287,6
gestures,swipes,0.5745849609375,-0.7987673878669739,6
gigglings,whisperings,0.84515380859375,-0.9191307425498962,6
gladness,refreshment,2.1716384887695312,1.6705989837646484,6
going,going,0.0,-0.6158360242843628,6
going,motivated,-0.6571044921875,-0.028871595859527588,6
grace,majesty,-0.4765625,-0.32346683740615845,6
grace,swiftness,-0.921875,0.11637628078460693,6
grace,truth,-2.28125,1.0074584484100342,6
grace,virulence,2.3828125,1.5435230731964111,6
gratin,pasta,3.65625,-1.8491275310516357,6
gravity,silence,-1.0401611328125,-2.3319637775421143,6
gravity,years,2.9609375,-0.5475825071334839,6
grease,paint,1.169921875,0.9275534749031067,6
greater,greater,0.0,-0.167758971452713,6
greater,new,-1.37109375,-1.8117775917053223,6
greater,stronger,1.673828125,0.18518418073654175,6
greatest,strongest,2.6782989501953125,1.576324462890625,6
grim,rocky,-5.0697021484375,-0.5225092172622681,6
grim,tense,4.375,-0.8500102162361145,6
grim,ugly,5.447265625,-0.038539230823516846,6
grizzled,sparse,-1.65234375,0.4363977909088135,6
groaned,swayed,1.21136474609375,0.683127224445343,6
gross,wiggly,-0.7099609375,0.003940761089324951,6
grumpy,religious,-0.36151123046875,-1.6766574382781982,6
guarded,locked,-0.625732421875,0.23613399267196655,6
guarded,protective,2.0159912109375,0.23979128897190094,6
guarded,suspicious,0.785186767578125,0.364271342754364,6
guns,rockets,-0.166748046875,-0.06311118602752686,6
guns,shades,1.6962890625,-0.21648892760276794,6
guns,ships,2.447265625,-0.17470493912696838,6
guns,sticks,-1.9609375,0.6850286722183228,6
halloaed,shouted,0.45703125,1.5625100135803223,6
hallucinations,paralysis,-2.7739334106445312,1.4373326301574707,6
hammers,iron,-2.720703125,-0.2622857689857483,6
handy,new,-2.7626953125,-0.5232407450675964,6
handy,strong,0.132080078125,-1.3513140678405762,6
harassed,pale,-3.716796875,-2.139498710632324,6
harmonic,rhythmic,-1.986328125,0.23045960068702698,6
hateful,mean,0.111572265625,1.2162361145019531,6
hatred,jealousy,-2.4638671875,0.12650513648986816,6
heir,son,0.4267578125,0.7954567074775696,6
help,hold,0.45947265625,-1.3334581851959229,6
help,shelter,-1.541015625,-1.1283128261566162,6
help,stay,-4.84765625,-0.10160455107688904,6
hide,seek,9.361328125,1.0959678888320923,6
hiding,watching,-0.953125,-1.9652798175811768,6
high,intermediate,-3.36505126953125,0.9099354147911072,6
high,rocky,0.41796875,0.7228938341140747,6
high,shrill,4.9140625,-0.5604568719863892,6
high,strong,-0.39453125,-1.0238783359527588,6
high,tight,0.919921875,-0.03850454092025757,6
high,tower,1.375,0.7267754673957825,6
hoarser,rougher,0.618896484375,0.031172916293144226,6
hockey,soccer,1.6441726684570312,0.8755383491516113,6
hold,pull,3.4375,-1.1549391746520996,6
honesty,truth,-0.572021484375,-0.21496421098709106,6
honeyeater,thornbill,2.37255859375,-0.7337250709533691,6
hostility,intolerance,-1.4375,0.4005659520626068,6
house,trance,0.224609375,2.242981195449829,6
howled,howled,0.0,-0.36395007371902466,6
howled,shouted,-4.44287109375,0.17054671049118042,6
howled,whined,-2.8193359375,1.6498141288757324,6
humans,pigs,1.796875,-0.6863569617271423,6
humans,spirits,0.17578125,-0.6759838461875916,6
humiliation,rejection,2.25390625,-0.5507834553718567,6
hums,plays,2.8251953125,2.666628360748291,6
hums,writes,2.8032379150390625,0.4886346757411957,6
hungrier,hungrier,0.0,-0.18741178512573242,6
hunt,sport,0.484375,1.357550859451294,6
hunt,transform,1.5712890625,3.6885721683502197,6
images,sounds,2.5001220703125,1.0250751972198486,6
impertinent,troublesome,-5.17791748046875,-0.6099618077278137,6
impertinent,ugly,-5.189697265625,-1.1700489521026611,6
import,sale,9.734375,-1.3694117069244385,6
important,new,-7.7265625,-1.824345350265503,6
important,unpleasant,2.0543899536132812,0.3897548317909241,6
impotent,indecisive,3.937744140625,0.971125602722168,6
independence,triumph,0.76171875,0.42176884412765503,6
industries,mines,1.1149296760559082,0.15960121154785156,6
infertile,rocky,0.373046875,-0.17558857798576355,6
inflamed,swollen,-4.022430419921875,-2.2001404762268066,6
innocence,truth,-2.3626708984375,0.2776241898536682,6
instantly,neatly,1.9318180084228516,-0.5847931504249573,6
instrumental,religious,0.58154296875,-0.3332971930503845,6
invasions,troubles,3.398193359375,-1.6164393424987793,6
iron,rock,-1.1953125,-2.0468859672546387,6
iron,vitamins,-0.80029296875,1.1284270286560059,6
ironic,tragic,0.424713134765625,-1.1937105655670166,6
iy,wonderful,-2.287261962890625,-1.8216707706451416,6
jealousies,troubles,0.53125,0.17478734254837036,6
judicial,legal,-1.1424560546875,-0.2427445352077484,6
labour,plant,4.71484375,0.6379114389419556,6
lagged,lagged,0.0,-0.2398194670677185,6
lake,river,0.09765625,0.09705060720443726,6
languid,pale,-3.01806640625,-2.42726731300354,6
lazy,somnolent,1.517578125,1.0002518892288208,6
legal,political,-2.04296875,-0.28868192434310913,6
legal,regulatory,-0.39990234375,1.79166841506958,6
legal,religious,3.12890625,-0.8451020121574402,6
ligaments,muscles,-2.453125,-1.1589560508728027,6
linguistic,religious,-0.68408203125,-0.3540303111076355,6
lively,new,-2.7777099609375,-0.613635778427124,6
lively,tight,0.95648193359375,0.17993417382240295,6
living,shop,1.837890625,-0.9885430932044983,6
living,working,-3.701171875,-0.3361600637435913,6
locked,strong,-0.30078125,-2.3018722534179688,6
loyalty,truth,2.4052734375,-0.2921123504638672,6
manipulated,tricked,-1.07476806640625,-0.03632760047912598,6
materials,objects,-1.564849853515625,-0.829376757144928,6
mayo,mustard,-1.08203125,0.4756424129009247,6
meal,vegetables,-0.357177734375,1.3088014125823975,6
mean,nasty,-6.4375,-1.3381576538085938,6
mean,ugly,-3.4296875,-1.4461288452148438,6
melodious,strong,-0.72802734375,-0.5026553273200989,6
merrily,swiftly,4.555419921875,-0.3335420489311218,6
military,political,0.71875,0.2769870162010193,6
military,politics,-2.13671875,-1.6172659397125244,6
military,religious,-0.5625,-0.19364982843399048,6
military,space,3.677734375,-0.3565376400947571,6
mines,quarries,2.8876953125,-0.16812673211097717,6
mines,torpedoes,-2.562042236328125,0.47114890813827515,6
months,months,0.0,-0.5801154375076294,6
months,years,-0.7568359375,-0.8859283328056335,6
mummy,mummy,0.0,0.8651350736618042,6
murdered,skinned,-2.322265625,0.3830937147140503,6
narcissism,narcissism,0.0,0.09996134042739868,6
nasty,ugly,-2.859375,-1.21168851852417,6
nasty,unpleasant,1.1192855834960938,1.63316011428833,6
national,political,0.998046875,-1.0820484161376953,6
national,regional,0.386474609375,0.7298676371574402,6
national,religious,0.634765625,-1.157829761505127,6
neatly,swiftly,2.62518310546875,-0.38826578855514526,6
neoendemism,paleoendemism,-0.82061767578125,-0.19384130835533142,6
never,off,-6.45703125,-0.8834567666053772,6
new,pioneering,-0.984375,-0.5395814776420593,6
new,precious,5.34765625,1.2311668395996094,6
new,strong,4.54296875,-0.2306382656097412,6
new,successful,5.1015625,-0.21642011404037476,6
new,ugly,3.916015625,0.9292578101158142,6
new,unusual,3.57421875,0.11249491572380066,6
new,wonderful,3.4765625,0.7721760869026184,6
nobles,princes,-3.011474609375,-1.5881121158599854,6
nodded,swayed,-0.29803466796875,1.3991336822509766,6
north,south,1.998046875,-0.15579837560653687,6
novelized,sung,-0.84375,0.2815597653388977,6
numbness,tingling,-0.36669921875,0.8446300625801086,6
ober,ober,0.0,0.3888288140296936,6
oppressive,unpleasant,0.617706298828125,0.20949728786945343,6
oracular,sacred,-3.564453125,0.6499457955360413,6
organization,rank,0.486328125,0.2766841650009155,6
ounces,ounces,0.0,0.2500757873058319,6
owl,raven,0.3642578125,1.3600184917449951,6
packing,riding,1.90447998046875,0.9924583435058594,6
paint,paint,0.0,0.4077032506465912,6
painting,poetry,0.4485931396484375,-0.7022086977958679,6
pale,sickly,3.1572265625,2.696946382522583,6
pale,veiny,0.982421875,1.9629459381103516,6
pant,stand,-5.779296875,-3.250383138656616,6
parliamentary,political,3.287109375,0.6280022859573364,6
parliamentary,presidential,3.826171875,0.42676109075546265,6
passwords,usernames,-1.880859375,-0.45117121934890747,6
penniless,ugly,-5.2578125,-0.6921949982643127,6
perch,suckers,-2.5673828125,-2.2710814476013184,6
perplexity,trouble,0.5274467468261719,-1.7088890075683594,6
plant,sow,-0.4296875,-0.11119943857192993,6
plaques,tangles,-1.88671875,-0.3476390838623047,6
plasters,weights,0.680419921875,0.23540550470352173,6
plates,spoons,1.7968673706054688,0.995324969291687,6
plates,utensils,0.9108734130859375,1.521890640258789,6
plays,poetry,-6.382049560546875,-2.325096845626831,6
poetry,sports,-0.1870574951171875,-0.06184551119804382,6
poetry,wit,4.201080322265625,0.26803162693977356,6
poke,pull,-3.1943359375,-1.3153817653656006,6
political,political,0.0,-0.4069705605506897,6
political,religious,-0.298828125,-0.9209206700325012,6
pray,wait,-3.251953125,-0.3428552746772766,6
precious,round,-2.90234375,-4.267407417297363,6
pressors,volume,4.55859375,-0.9104345440864563,6
profitable,reasonable,-1.11181640625,0.25608259439468384,6
prolonged,searching,-2.7592391967773438,0.13487640023231506,6
pronunciation,tones,-1.1168746948242188,0.7253788113594055,6
protective,strong,-0.748046875,-2.6617987155914307,6
prussian,russian,1.645111083984375,0.8127292990684509,6
publish,write,-0.8599166870117188,1.2024801969528198,6
pumping,pumping,0.0,-0.22848477959632874,6
pushed,pushed,0.0,0.9718578457832336,6
ranks,species,2.568603515625,2.092945098876953,6
recharged,reused,3.208984375,0.0988900363445282,6
reefed,stowed,2.4627761840820312,-0.506338894367218,6
refreshment,repose,-0.22412109375,0.10581788420677185,6
regional,school,-2.71539306640625,-3.178874969482422,6
religious,sports,-2.474609375,0.2840837836265564,6
remarried,reneged,2.0924072265625,0.005680486559867859,6
repose,shelter,-6.3857421875,-2.967921018600464,6
rescue,search,-2.46875,-0.22187376022338867,6
resting,working,-0.7314453125,-0.3907086253166199,6
rhythmic,symmetrical,1.6930465698242188,-0.35706204175949097,6
rings,sounds,-2.1357421875,5.244848251342773,6
rise,spring,0.96875,-0.016198039054870605,6
rites,symbolisms,0.359619140625,0.9435225129127502,6
rock,soil,-0.3515625,0.8781968951225281,6
rock,thicket,2.36865234375,0.8086941838264465,6
rocky,tangled,2.862548828125,0.26934921741485596,6
rolls,rolls,0.0,0.20540469884872437,6
rooms,rooms,0.0,-0.2552228569984436,6
round,round,0.0,0.7636378407478333,6
round,strong,-3.017578125,2.1979236602783203,6
rounder,rounder,0.0,0.4064616858959198,6
rubber,wool,-2.15625,-0.07140904664993286,6
russian,swedish,-1.2454338073730469,-0.5239019989967346,6
russian,yiddish,1.1396484375,-0.03313833475112915,6
sacred,secret,-2.19140625,-1.2568697929382324,6
sagacity,wit,-1.123016357421875,0.7261380553245544,6
savages,unintelligent,1.8172607421875,1.9230127334594727,6
sea,shore,-5.07421875,-2.099080801010132,6
searched,searched,0.0,-0.0006342232227325439,6
searching,searching,0.0,-0.4517980217933655,6
secret,wrong,0.4921875,0.6672349572181702,6
seeded,unseeded,-3.419952392578125,-0.34264451265335083,6
ships,shore,-4.072265625,1.783681869506836,6
ships,troops,-2.640625,0.0145169198513031,6
shook,shook,0.0,0.26058948040008545,6
shopping,sunbathing,-3.330078125,0.6647481322288513,6
shrank,swelled,-0.6314697265625,-2.585557222366333,6
shrill,unpleasant,3.780498504638672,1.079054594039917,6
silence,solitude,2.345703125,1.3023450374603271,6
silk,tea,-1.9931640625,-0.9457201361656189,6
sinks,toilets,-0.8197021484375,-1.4186291694641113,6
slept,slept,0.0,0.1167658269405365,6
soaked,swollen,1.08563232421875,-0.1608806848526001,6
somewhat,thoroughly,-0.94140625,-0.8539108633995056,6
sounds,sounds,0.0,0.2879578471183777,6
south,south,0.0,-0.4746094346046448,6
sprightly,strong,0.41015625,-1.1928646564483643,6
squatting,thrusting,-0.5061702728271484,-0.40037447214126587,6
stand,stand,0.0,-0.6672416925430298,6
stand,wait,3.103515625,4.253883361816406,6
stately,strong,0.71875,-2.9630815982818604,6
stay,stay,0.0,-0.8884082436561584,6
stay,think,3.875,-1.303558349609375,6
stops,thinks,3.48828125,2.2812321186065674,6
streets,streets,0.0,-0.4827108383178711,6
strong,successful,2.923828125,-0.11743438243865967,6
strong,swift,1.912109375,-0.3751290440559387,6
strong,tight,0.10546875,0.8740696907043457,6
strong,tyrannous,-0.49072265625,2.1051535606384277,6
strong,unusual,0.794921875,0.0722755491733551,6
stronger,stronger,0.0,-0.20451608300209045,6
sullenly,unwillingly,-2.54833984375,1.858121395111084,6
sunsets,tea,-1.7802734375,-0.9148030877113342,6
suspicious,wondering,4.19232177734375,0.53853839635849,6
sympathize,understand,-2.236083984375,0.4544564485549927,6
think,think,0.0,-0.0926021933555603,6
think,wait,-4.619140625,-0.8374307751655579,6
thoroughly,vigorously,1.204559326171875,1.1869971752166748,6
trial,tribulations,-0.67578125,1.3937468528747559,6
trial,trouble,-2.25,-0.5998098254203796,6
turkey,vegetables,4.4542236328125,1.7361016273498535,6
turn,turn,0.0,-0.04047268629074097,6
twos,twos,0.0,-0.7581902146339417,6
uglier,uglier,0.0,0.15391212701797485,6
understand,write,-0.505859375,-0.610098123550415,6
unhumanized,untamed,0.48828125,0.6498026251792908,6
unknowable,unknown,-3.005859375,-2.102353572845459,6
vigorously,wrong,-4.33544921875,-1.0121252536773682,6
wait,wait,0.0,0.08095180988311768,6
waking,watching,1.25732421875,0.33128947019577026,6
weights,widths,3.0439453125,-0.6230493187904358,6
wondering,wondering,0.0,-1.0889368057250977,6
working,working,0.0,-0.26127350330352783,6
years,years,0.0,-0.8061538338661194,6
abandoned,old,-1.2100143432617188,-3.466893434524536,7
acres,acres,0.0,-0.18646974861621857,7
activity,eagerness,-0.355224609375,-0.3123639225959778,7
activity,life,-3.7734375,-2.0251598358154297,7
addiction,overdose,1.12890625,-0.3529209494590759,7
adult,child,-1.6015625,-0.09588368237018585,7
adult,children,-4.375,0.04044751822948456,7
advanced,brightened,4.21533203125,-0.8247074484825134,7
advertising,marketing,0.5191650390625,-0.2004195600748062,7
agony,fear,-0.18701171875,-0.674220085144043,7
air,light,-0.408203125,0.40685635805130005,7
algerian,moroccan,-0.1494140625,0.9293566346168518,7
aloes,euphorbias,0.1181640625,0.9934747815132141,7
ambitious,worldly,-1.2684326171875,0.020014256238937378,7
ammunition,bombs,-3.921630859375,-1.1959617137908936,7
ammunition,weapons,-2.1149139404296875,-0.8718492388725281,7
ammunitions,weapons,-2.16259765625,-0.8427702784538269,7
amuse,interest,-2.0703125,0.44595080614089966,7
anatomy,morphology,-4.1368408203125,-0.18198521435260773,7
antisemitic,nationalist,1.36083984375,-0.2591859698295593,7
anus,urogenital,-2.748046875,0.01664215326309204,7
asked,blushed,-6.48828125,-3.8444652557373047,7
assault,robbery,4.140869140625,0.6762016415596008,7
assured,final,-0.5859375,0.6406846642494202,7
attentively,gravely,0.05677032470703125,-1.242957592010498,7
autos,carriages,-1.567474365234375,-1.77940034866333,7
bags,purses,2.47802734375,1.1273034811019897,7
balanced,benign,1.94287109375,-0.13249002397060394,7
ballets,operas,-1.4326171875,2.3135337829589844,7
barriers,queries,-4.4803466796875,-0.15797816216945648,7
bearer,flag,-0.0908203125,-0.6029480695724487,7
bedraggled,desperate,1.333984375,1.5704376697540283,7
bedraggled,soiled,0.068603515625,0.7080913186073303,7
belgian,dutch,-1.56414794921875,-0.15812350809574127,7
belgian,moroccan,0.68505859375,0.18693332374095917,7
bent,cramped,2.3006591796875,0.5487638711929321,7
bent,old,-5.287109375,-2.0456924438476562,7
bent,worn,-0.240234375,1.1063334941864014,7
billeting,orientation,-1.448974609375,-0.1547362059354782,7
biology,genetics,1.592041015625,-0.15353120863437653,7
bittersweet,milk,-1.138671875,-2.6744370460510254,7
blabbing,tattling,4.8173828125,-0.12850059568881989,7
blind,cruel,1.5390625,1.9350740909576416,7
blind,helpless,1.56982421875,0.5293578505516052,7
blind,old,-1.6015625,-2.154803514480591,7
blind,vague,-2.375,0.4572792053222656,7
bloating,pain,-0.693359375,-1.0176225900650024,7
blossoms,herbs,-0.763916015625,0.20616470277309418,7
blowing,blowing,0.0,0.565707266330719,7
blowing,spitting,3.337890625,1.0812664031982422,7
blustering,rollicking,0.904296875,-0.25917869806289673,7
blustering,wild,-0.59326171875,-0.7991741299629211,7
boast,brag,-2.185302734375,0.5355750918388367,7
bombs,revolution,2.30517578125,0.4303966760635376,7
bombs,rowdies,-0.04901123046875,0.7445269823074341,7
bombs,weapons,-0.7880859375,0.6017037630081177,7
bones,flesh,-2.3857421875,-2.115769386291504,7
bones,organs,2.09765625,0.49626022577285767,7
bones,skeleton,2.83349609375,-0.7955135703086853,7
bones,skin,1.138671875,-1.5028188228607178,7
bows,buckles,1.34521484375,-0.23760713636875153,7
bragged,bragged,0.0,0.8890289664268494,7
bribery,extortion,-2.987518310546875,0.7636654376983643,7
bribery,promises,-1.294921875,0.6189600825309753,7
bribes,promises,0.03857421875,0.7445905804634094,7
brisk,light,3.03326416015625,0.32541173696517944,7
bromides,iodides,3.7060546875,1.0689383745193481,7
bronchitis,scabies,3.2578125,-0.1670401245355606,7
brush,grass,-0.109375,-0.17173989117145538,7
brush,poles,0.67578125,0.9019582271575928,7
bucked,roared,-0.31817626953125,0.047300562262535095,7
bulletproof,tactical,2.624267578125,-0.025945916771888733,7
bushels,bushels,0.0,0.011313363909721375,7
bushes,grass,-2.693359375,-0.12488003075122833,7
bushes,thorns,0.381103515625,1.2735992670059204,7
businesses,citizens,-1.6474609375,-0.5561076998710632,7
businesses,colonies,2.135009765625,0.26700466871261597,7
businesses,properties,-0.86328125,1.3416328430175781,7
butlers,sex,2.703125,-0.7379599213600159,7
calculated,deliberate,-1.731201171875,0.2611447274684906,7
calm,deadly,2.5712890625,0.5622491240501404,7
calm,delightful,-1.7548828125,0.1844727247953415,7
calm,light,0.36328125,0.36767882108688354,7
calm,quiet,1.798828125,-0.44638770818710327,7
calm,sedate,1.47265625,1.574012041091919,7
calm,stability,2.02734375,0.4918202757835388,7
calm,sunshine,0.365234375,-0.3605687618255615,7
canons,statutes,0.53515625,-0.02033691108226776,7
carefulness,indifference,1.064208984375,0.5752652287483215,7
carriages,motorcars,1.2947998046875,0.6442402601242065,7
cart,harness,-0.84130859375,-1.8352463245391846,7
cases,casks,-0.8873291015625,0.5390998721122742,7
cases,complaints,3.3359375,0.008857056498527527,7
cases,presses,2.9140625,-0.2836166024208069,7
caught,kept,6.802734375,2.6357429027557373,7
celebrate,drink,-0.2474365234375,-0.9544243216514587,7
central,large,-2.548828125,-1.1915299892425537,7
charabancs,charabancs,0.0,-0.4685820937156677,7
cheapest,easiest,-0.322021484375,0.6828283667564392,7
chess,rugby,0.81134033203125,0.16307787597179413,7
child,child,0.0,-0.007392898201942444,7
children,gum,0.591796875,1.934659481048584,7
children,hens,-3.5830078125,0.9289384484291077,7
children,ladies,-3.857421875,0.26961809396743774,7
children,milk,-1.171875,0.8749826550483704,7
children,pensioners,-0.73779296875,1.3429807424545288,7
children,substitute,-0.93798828125,2.2148680686950684,7
citizens,musicians,-2.73638916015625,0.9005855917930603,7
citronellol,geraniol,1.23828125,0.24520324170589447,7
civilians,warriors,-1.4139909744262695,0.4445957541465759,7
clapped,clapped,0.0,0.17609255015850067,7
clapped,roared,1.1777191162109375,-0.22252966463565826,7
claws,legs,4.81787109375,-0.33998793363571167,7
clinopyroxene,nepheline,4.1015625,0.5840418934822083,7
clues,criminals,1.33050537109375,0.3988545536994934,7
clues,maps,2.5185546875,0.5612137317657471,7
cockroackes,temites,2.05322265625,0.019667848944664,7
collectors,museums,4.15472412109375,-1.7454973459243774,7
concentrated,deliberate,-1.14276123046875,0.09333361685276031,7
cones,tapes,-3.546356201171875,-1.0804460048675537,7
confined,insane,-5.251953125,-1.932192087173462,7
connoisseurs,ladies,-3.166015625,-2.4134597778320312,7
contamination,pollution,1.01153564453125,-0.12035919725894928,7
contradictory,vague,-2.6796875,-1.3300338983535767,7
convenient,large,-1.916259765625,-2.733010768890381,7
convenient,serious,-1.324462890625,0.28574138879776,7
copied,remembered,-2.7354736328125,-0.2923250198364258,7
cornflakes,milk,-0.234375,0.36472564935684204,7
courageous,old,-2.6953125,-2.837239980697632,7
cower,shrink,-2.3857421875,-0.034908488392829895,7
crackled,glowed,2.397216796875,-0.3461938500404358,7
crackled,roared,1.62738037109375,-0.8257319331169128,7
crashing,crashing,0.0,-0.6784237623214722,7
crashing,thudding,0.214111328125,0.2255033701658249,7
creepy,impressive,0.41278076171875,0.43820738792419434,7
crime,drugs,-0.224609375,-0.06394858658313751,7
crime,sex,1.216796875,1.7167816162109375,7
criminality,hardship,-0.6943359375,-0.3349389433860779,7
criminals,dungeons,0.764678955078125,-0.3359818458557129,7
criminals,thieves,0.203765869140625,-0.9861913323402405,7
criminals,vagabonds,0.5214805603027344,0.02422182261943817,7
crops,harvest,1.37158203125,0.3982728123664856,7
crops,properties,1.108917236328125,0.8933684229850769,7
crossness,meddling,0.435546875,0.25280100107192993,7
cruel,disastrous,-0.34088134765625,0.32194745540618896,7
cruel,envious,0.703369140625,0.7143930792808533,7
cruel,inconceivable,1.4974365234375,-0.9748179316520691,7
cruel,paranoid,-0.8865966796875,-0.13449467718601227,7
cruel,stormy,1.45166015625,-1.4962025880813599,7
cruel,wasteful,0.01953125,0.5964086055755615,7
cruel,wild,-0.236328125,-1.4815261363983154,7
curiosity,eagerness,3.1627097129821777,0.2581614851951599,7
curiosity,interest,-1.3126602172851562,0.4468417763710022,7
curiosity,pain,0.8834075927734375,-0.8046441674232483,7
currently,formerly,-0.29547119140625,-0.46565407514572144,7
curtsy,smile,-6.54345703125,-1.031584620475769,7
dainty,particular,2.5989990234375,1.0808017253875732,7
dainty,soft,-2.1259765625,-2.2413315773010254,7
danced,sang,-0.4963951110839844,-1.0035653114318848,7
deliberate,mock,-1.9296875,-0.8504404425621033,7
deliberated,sat,1.31884765625,-2.6011669635772705,7
delightful,generous,3.2200927734375,1.2990529537200928,7
delightful,quiet,1.55078125,-0.25170618295669556,7
deliverance,guidance,0.0083465576171875,-0.033151283860206604,7
demandingly,harshly,2.957763671875,-0.45596063137054443,7
democracy,socialism,-1.0643310546875,0.1476636528968811,7
dental,vision,-3.212890625,0.1959049552679062,7
depressed,quiet,0.62939453125,-3.051513433456421,7
depressed,uneasy,-1.57421875,-0.2998453974723816,7
desolation,woe,1.29052734375,-1.133062720298767,7
despatch,ease,-3.361328125,-0.3597069978713989,7
desperate,disorganized,2.104736328125,0.1044066995382309,7
destiny,life,-2.07421875,-0.9496391415596008,7
destiny,vision,-1.896484375,0.9270249009132385,7
dialogues,fugues,-0.25421142578125,-0.2364867776632309,7
differences,resemblances,-0.93536376953125,-0.9692811369895935,7
differences,variations,-0.5746526718139648,0.027298077940940857,7
discovered,mined,4.29864501953125,0.8017882704734802,7
discussions,meetings,-5.03466796875,-1.2433383464813232,7
diseases,genetics,-4.850841522216797,-0.6974989771842957,7
diseases,viruses,1.675241470336914,1.1090450286865234,7
disheveled,wild,-5.7769775390625,-2.920060157775879,7
displayed,stored,-1.284515380859375,-0.38040804862976074,7
displays,exhibits,4.0511474609375,0.1835009604692459,7
dissolute,idle,-4.234619140625,0.43264150619506836,7
distributed,versioned,-3.423828125,1.7759580612182617,7
drama,satirical,1.818359375,0.895206868648529,7
dread,eagerness,1.3389892578125,0.7566933035850525,7
dread,fear,2.3515625,-0.21831102669239044,7
dreamless,drugged,7.339691162109375,0.7285956740379333,7
dress,jewellery,2.3282470703125,0.2430320531129837,7
dress,talk,0.982421875,2.514610767364502,7
dress,towel,-0.716796875,-0.03290624916553497,7
drink,drugs,-1.240234375,-1.6641199588775635,7
drink,sail,1.423828125,0.36008697748184204,7
drink,smile,0.20703125,-0.861165463924408,7
drink,talk,-0.1640625,0.6476038098335266,7
driven,tugged,-0.96826171875,-0.9153293967247009,7
drugs,homelessness,4.05908203125,0.5365080833435059,7
drugs,sex,1.1328125,0.8779132962226868,7
drugs,weapons,-0.3359375,-0.29023176431655884,7
duck,squash,1.302734375,3.820352554321289,7
dutch,english,0.12109375,0.7582610845565796,7
eachother,nature,0.513671875,0.22054098546504974,7
eagerness,exultation,2.002685546875,0.736004114151001,7
eagerness,regret,0.43609619140625,1.2064028978347778,7
earthquakes,tornadoes,0.7775344848632812,0.3265461325645447,7
earthquakes,volcanoes,2.128631591796875,0.41090524196624756,7
ease,quiet,1.39892578125,-1.369160771369934,7
economic,environmental,0.6320343017578125,0.15865211188793182,7
editing,writing,-0.162109375,-1.0195603370666504,7
egoistic,inflexible,-0.9840087890625,0.8939555883407593,7
enabling,enabling,0.0,0.38049814105033875,7
engineers,physicists,-0.3079833984375,-1.194880723953247,7
english,italian,-0.55078125,1.3981877565383911,7
epilepsy,schizophrenia,-2.257080078125,0.9974210262298584,7
erm,fertile,-5.1474609375,-2.4724185466766357,7
erm,revolution,-1.9609375,-2.9729795455932617,7
erm,talk,-5.841796875,-2.8400158882141113,7
erm,weight,-4.435546875,-3.581233024597168,7
ever,ever,0.0,-0.17604537308216095,7
ever,forever,-3.6357421875,0.23118524253368378,7
evildoers,murderers,-6.8739471435546875,-0.3022603392601013,7
excited,hysterical,-0.787841796875,0.8844484090805054,7
excited,irritable,1.6806640625,1.6337316036224365,7
excited,large,-4.962890625,-2.4785327911376953,7
excited,pleased,0.66796875,1.1031545400619507,7
excited,wild,-2.263671875,-0.09716011583805084,7
excited,wise,-3.4873046875,-0.6047859191894531,7
exhibits,papers,-1.095703125,-1.880274772644043,7
exhibits,sales,-3.0576171875,-0.9982771277427673,7
experienced,old,-0.727783203125,-3.448063373565674,7
experienced,wise,-8.66729736328125,-2.4422593116760254,7
expression,feeling,2.95703125,1.0862045288085938,7
expression,spirit,0.41796875,1.1016896963119507,7
extravagant,wasteful,1.8538818359375,-0.5269563794136047,7
fear,fury,0.6240234375,0.2888931632041931,7
fear,indignation,1.88861083984375,0.8464394807815552,7
fear,pain,0.9951171875,-0.28513121604919434,7
feathered,furry,0.8031005859375,-1.92167329788208,7
feeling,life,-5.16015625,-3.6100082397460938,7
fertile,populous,-2.017822265625,-0.4968520402908325,7
final,forth,5.80078125,-0.6547398567199707,7
final,fourth,-5.62060546875,-3.0597944259643555,7
flag,streamer,-2.5234375,1.4685144424438477,7
flat,large,-2.3955078125,-1.1714965105056763,7
flat,sandy,0.8583984375,1.5400885343551636,7
flesh,flesh,0.0,-0.40225356817245483,7
fluorescence,ionization,0.5986328125,1.0943691730499268,7
folktales,legends,1.1871814727783203,0.256136953830719,7
forever,forever,0.0,1.0982327461242676,7
forever,once,0.62890625,0.21958832442760468,7
formality,legality,1.1845703125,-0.2807462811470032,7
fourth,only,6.65625,4.851733207702637,7
fructose,glucose,-5.357356071472168,-1.0878387689590454,7
fuller,fuller,0.0,-0.35741525888442993,7
fuller,higher,-1.03125,-1.1975960731506348,7
furry,soft,-5.328369140625,-1.969982385635376,7
fury,pain,0.669921875,-0.9794295430183411,7
fury,sound,-0.8603515625,-0.6905194520950317,7
garrulous,italian,-0.34375,-1.086235761642456,7
generous,large,-4.4920654296875,-3.05619478225708,7
generous,sportsmanlike,3.583740234375,-1.3841288089752197,7
generous,virtuous,-1.255340576171875,0.362541139125824,7
gin,sex,-1.486328125,-1.090857744216919,7
glad,lightsome,1.84375,2.0545642375946045,7
globalisation,imperialism,0.628204345703125,-0.2027808576822281,7
globalisation,industrialisation,2.1928634643554688,-0.09092377126216888,7
gradually,irregularly,-1.5731353759765625,0.039948150515556335,7
grammar,words,-1.408447265625,0.48522621393203735,7
grass,hay,-1.1103515625,-1.4342081546783447,7
grasses,herbs,-0.2724609375,0.9129168391227722,7
grasses,sedges,0.9482421875,0.2855026125907898,7
grit,spirit,1.201171875,-0.46227532625198364,7
growling,growling,0.0,-0.4520462155342102,7
growling,grunting,1.16064453125,0.7106478214263916,7
growling,snarling,-0.542633056640625,0.6962724328041077,7
growly,raspy,-2.4970703125,0.9275766015052795,7
grunting,straining,2.65771484375,0.571994960308075,7
grunts,shouts,1.119598388671875,0.40803200006484985,7
grunts,sighs,-2.3524169921875,0.443429172039032,7
guitar,keyboards,4.475044250488281,-0.7542749643325806,7
habit,instinct,0.8179931640625,0.9375772476196289,7
hacking,stealing,0.259765625,0.8198979496955872,7
hardship,pain,-1.02197265625,-1.1976380348205566,7
harshly,unjustly,1.383056640625,1.0945746898651123,7
haughty,imperious,5.119781494140625,1.3858699798583984,7
haughty,pompous,0.298583984375,-0.08617551624774933,7
healthcare,hospitals,0.27341461181640625,0.5705864429473877,7
hear,obey,0.921630859375,0.7838147878646851,7
hear,talk,2.029296875,-0.10456342995166779,7
helpless,ignorant,2.4814453125,-0.09319843351840973,7
herbs,perfumes,-0.4521484375,0.2629699110984802,7
higher,higher,0.0,-0.9917139410972595,7
higher,hotter,3.24609375,-0.7977651953697205,7
hoed,hoed,0.0,-0.15672539174556732,7
hospitals,hostels,-0.5333595275878906,0.9249159097671509,7
hotter,hotter,0.0,0.02857320010662079,7
hovels,palaces,0.8486328125,0.28917986154556274,7
huge,influential,4.68359375,1.7212028503417969,7
huge,unexpected,-3.408111572265625,2.408566951751709,7
humor,spirit,0.4921875,-0.14014281332492828,7
humor,words,-3.4658203125,-1.0060163736343384,7
hurrahs,shouts,-3.5593719482421875,-0.7050872445106506,7
hurried,unconnected,-6.481201171875,2.606718063354492,7
idle,ignorant,2.31744384765625,0.3481111526489258,7
ignorant,laughable,-0.35040283203125,0.424685537815094,7
ignorant,wild,-3.882476806640625,-1.3296265602111816,7
inclusive,pragmatic,-0.94134521484375,-0.9977578520774841,7
indirect,vague,-5.2689208984375,-1.1021286249160767,7
individual,mine,-3.099609375,-0.24027837812900543,7
influential,large,-1.3837890625,-2.621199607849121,7
insinuating,soft,-7.123046875,-4.295914173126221,7
instruments,themes,0.07464146614074707,-0.9026382565498352,7
interest,life,-3.869140625,-1.1989071369171143,7
iranian,islamic,1.65771484375,0.7261903882026672,7
iranian,persian,0.4197998046875,0.3880831003189087,7
islamic,nationalist,-0.400390625,0.07880763709545135,7
jounces,jounces,0.0,0.32800084352493286,7
kicking,rearing,3.6044921875,0.9008990526199341,7
kicking,scrambling,0.5199508666992188,-0.36999696493148804,7
kill,torture,0.767578125,0.06442849338054657,7
knotty,large,-1.0400390625,-1.7371190786361694,7
kurdish,turkish,-2.211090087890625,0.6715595722198486,7
lady,monkey,1.6171875,1.573099136352539,7
language,region,0.140625,1.955377459526062,7
language,words,-2.0159912109375,0.2438536137342453,7
large,larger,1.087890625,1.6677933931350708,7
large,quiet,3.83984375,2.5109994411468506,7
large,ripe,2.5361328125,1.6561845541000366,7
large,scenic,0.2734375,2.3160839080810547,7
large,selected,0.00390625,2.7982535362243652,7
large,staring,2.83203125,4.287406921386719,7
large,variegated,0.41845703125,1.821414589881897,7
large,wavy,2.55078125,1.602412462234497,7
large,woolly,4.04248046875,2.697742462158203,7
larger,larger,0.0,-0.5900394916534424,7
laughable,pathetic,-1.1898231506347656,-0.5901455283164978,7
leadership,ownership,-1.93341064453125,0.21081356704235077,7
leadership,tactical,-1.260009765625,0.14831583201885223,7
lean,tall,3.58984375,-2.3405325412750244,7
leisure,means,5.148212432861328,1.4567601680755615,7
liberty,life,-1.642578125,0.17802660167217255,7
life,light,4.181640625,1.6398732662200928,7
life,nature,-0.431640625,1.3460590839385986,7
life,quickness,1.28515625,0.9349746704101562,7
life,spirit,0.74609375,1.9407339096069336,7
life,substance,2.1162109375,1.5613856315612793,7
light,queer,-1.7841796875,-1.191777229309082,7
light,room,-0.74609375,-1.959306240081787,7
light,sound,1.986328125,0.5209019780158997,7
light,sunshine,1.6318359375,-0.15495778620243073,7
light,varying,3.4183349609375,1.0541294813156128,7
light,woolly,-0.53515625,1.0463919639587402,7
lists,maps,-1.953125,0.24975864589214325,7
lithium,risperidone,-1.6103515625,0.31588077545166016,7
lordly,tall,-0.458984375,-1.968184471130371,7
maintaining,writing,-0.3878173828125,-1.7801707983016968,7
maps,papers,0.85546875,-1.5889838933944702,7
marshland,meadow,4.759765625,0.27944833040237427,7
masterless,wretched,2.0032958984375,0.1327599436044693,7
masters,monks,1.1162109375,0.5368155241012573,7
medicinal,vegetable,-1.310302734375,-1.1938151121139526,7
members,stewards,1.162109375,-0.4789636731147766,7
menopausal,old,-4.328125,-0.5069220066070557,7
metaphorically,poetically,2.5537109375,-1.0635063648223877,7
mine,mine,0.0,0.3947814106941223,7
mine,thine,-0.0068359375,1.1845412254333496,7
moaning,sleepless,-0.54638671875,-1.1068997383117676,7
morally,spiritually,-0.8603515625,0.8952966332435608,7
moroccan,turkish,-1.5902099609375,-0.6176170706748962,7
mortification,pain,-0.72119140625,-1.302756667137146,7
mortification,regret,-1.361572265625,0.8134419322013855,7
muddy,sandy,0.23974609375,0.3858257234096527,7
muddy,soft,-2.77783203125,-1.8382298946380615,7
murderers,thieves,0.9690170288085938,-0.005091443657875061,7
musicians,singers,0.39031982421875,0.15092132985591888,7
mutinous,sulky,-4.12841796875,-0.511504054069519,7
mutual,spatial,-0.5048828125,-0.2976672053337097,7
nails,twine,0.6123046875,0.38644468784332275,7
niggardly,stingy,-0.6611328125,-0.10606767237186432,7
oceans,rivers,1.02874755859375,-0.7221180200576782,7
offerings,sacrifice,-1.0251235961914062,0.7549078464508057,7
often,often,0.0,0.11982075870037079,7
old,seasoned,9.03125,3.1280434131622314,7
old,senile,1.119140625,2.0866682529449463,7
old,unsure,0.71484375,4.063806533813477,7
old,wise,2.41015625,1.752935767173767,7
old,worn,3.32421875,2.7844324111938477,7
once,once,0.0,-0.23959346115589142,7
orchestra,singers,2.388824462890625,-0.27575767040252686,7
organs,skin,-3.3962326049804688,-2.0577406883239746,7
packed,strapped,0.9149017333984375,0.412103533744812,7
paddled,rowed,-2.9984397888183594,-0.9059056639671326,7
pain,regret,-0.390625,0.22830131649971008,7
pain,torture,0.48876953125,1.4749970436096191,7
pain,weight,1.5048828125,-0.1343415528535843,7
paintings,sculptures,2.6629295349121094,0.9806872606277466,7
pastures,rivers,-0.236328125,-0.7285919785499573,7
pathological,physiological,-2.07763671875,-0.12658627331256866,7
peritoneal,subdural,2.32421875,-0.014012634754180908,7
persian,purple,-0.490234375,-0.8370289206504822,7
persian,turkish,3.51812744140625,-0.4717947244644165,7
pierced,punctured,-1.154541015625,0.12604521214962006,7
pilgrims,traders,-1.1715278625488281,0.25689011812210083,7
pinioned,shackled,-0.0351715087890625,-0.2569695711135864,7
pirut,pup,2.58203125,0.6653999090194702,7
pitted,scarred,1.07421875,0.28490906953811646,7
places,rivers,-0.0888671875,-2.3328046798706055,7
planters,traders,3.65869140625,0.4705837368965149,7
playing,playing,0.0,0.5721922516822815,7
plucky,quiet,1.61572265625,-1.1644569635391235,7
plump,tall,-1.57421875,-1.9049553871154785,7
polluting,toxic,2.0872802734375,0.03938679397106171,7
practice,practice,0.0,0.7518649697303772,7
practice,prescription,-1.9715576171875,0.9233425855636597,7
progress,stability,-1.484375,0.014556050300598145,7
progress,weight,0.220703125,-1.913405179977417,7
purse,sword,1.275390625,1.9293540716171265,7
quiet,reputable,-0.9111328125,2.493162155151367,7
quiet,reserved,1.279296875,2.163651704788208,7
quiet,restful,-2.171875,1.8023566007614136,7
quiet,soft,-1.92578125,-2.638881206512451,7
quiet,wild,-0.7578125,0.6319469213485718,7
quietly,subtly,-1.298828125,1.6219333410263062,7
rifle,shotgun,0.8095703125,2.374830961227417,7
riflebirds,sicklebills,1.5665054321289062,0.5122787356376648,7
sail,sail,0.0,1.0717228651046753,7
sang,sang,0.0,-0.09099818766117096,7
scarred,worn,-1.72265625,0.09306497871875763,7
serious,unexpected,7.5615234375,0.70270174741745,7
serious,wise,-2.0009765625,-1.8134175539016724,7
shouts,sound,2.925537109375,-0.9656153321266174,7
shouts,trills,3.5641937255859375,0.3124569058418274,7
sights,sights,0.0,-0.3170599341392517,7
signification,signs,-1.09375,-0.5458596348762512,7
signs,words,4.693359375,0.009614989161491394,7
simplified,simplistic,3.909221649169922,-0.52150958776474,7
skinny,tall,-3.453765869140625,-1.2186214923858643,7
smell,sound,0.35546875,0.3866252899169922,7
smell,vision,-1.017578125,0.3319035768508911,7
smile,smile,0.0,0.8293169140815735,7
smile,talk,3.255859375,2.756242513656616,7
snarling,spitting,-0.12744140625,0.9866130352020264,7
snarling,underhanded,-1.2861328125,1.157612681388855,7
soft,tall,-0.31396484375,0.22537438571453094,7
soft,wavy,1.716796875,2.3577370643615723,7
soft,woolly,4.9951171875,3.0338008403778076,7
soiled,thumbed,-0.3701171875,-0.10833616554737091,7
solidarity,subsidiarity,-0.633453369140625,0.6080051064491272,7
sound,visibility,0.732421875,-0.3320181965827942,7
sparkled,widened,-2.07061767578125,-0.030889734625816345,7
specially,symbolically,2.7700462341308594,0.8864772915840149,7
splashed,tugged,1.4931182861328125,-1.1344791650772095,7
staring,wild,-2.12109375,-0.8973135352134705,7
storm,sunshine,-1.1142578125,-0.9395737051963806,7
strawberry,strawberry,0.0,0.6012491583824158,7
syrup,tar,-1.60784912109375,-0.19798190891742706,7
talk,talk,0.0,0.3542943596839905,7
tall,weight,5.267578125,2.3423118591308594,7
tugged,tugged,0.0,-0.444602906703949,7
uneasy,wretched,-0.7045135498046875,-0.5400125980377197,7
unexpected,unwelcome,0.8448486328125,-0.7094503045082092,7
unloaded,unsaddled,2.0301513671875,0.3822401165962219,7
vague,woolly,4.548828125,0.22342316806316376,7
verses,words,-1.011474609375,-1.098647117614746,7
wavier,wavier,0.0,0.49128013849258423,7
wild,woolly,2.4295654296875,1.4018163681030273,7
wild,wooly,4.296875,1.1002479791641235,7
xxx,xxx,0.0,0.00735144317150116,7
ability,determination,1.109130859375,0.40033864974975586,8
abort,miscarry,0.58984375,-0.44190794229507446,8
aboyne,called,-2.93359375,1.1248236894607544,8
absolutely,wholeheartedly,-1.498291015625,-1.4293079376220703,8
acid,alkali,4.6025390625,1.0537474155426025,8
actress,comedian,-4.6513671875,1.0077327489852905,8
acute,earnest,1.1484375,1.358197569847107,8
administrative,business,-0.8076171875,-1.254225492477417,8
administrative,territorial,2.5665054321289062,-0.06680195033550262,8
aged,feeble,2.4774169921875,1.765763282775879,8
aged,hungry,1.20703125,0.15100552141666412,8
aged,infirm,3.89453125,2.8511962890625,8
aid,grant,1.01953125,-0.035350456833839417,8
alertness,power,1.96875,-0.059704527258872986,8
alive,beautiful,4.87109375,0.6520378589630127,8
alive,brilliant,-0.935546875,1.2475755214691162,8
alive,sharp,3.509765625,-0.028600618243217468,8
alive,unharmed,3.25408935546875,2.3618454933166504,8
alive,whole,2.42578125,2.442059278488159,8
amantadine,rimantadine,-3.813140869140625,-0.4572224020957947,8
anarchic,unpredictable,-3.48876953125,-0.3055840730667114,8
anarchist,communist,-8.3648681640625,-0.051906242966651917,8
angels,demons,-0.2686614990234375,1.1759285926818848,8
apologies,lies,1.556396484375,0.35522013902664185,8
apologies,surprise,-2.379669189453125,-1.6649320125579834,8
apologies,thanks,1.2935104370117188,-0.2196347564458847,8
appeal,fortrial,1.2459716796875,-1.1064337491989136,8
appearance,function,4.953125,0.8284668326377869,8
appearance,functionality,2.64453125,0.35007405281066895,8
appearance,rigging,7.482421875,1.1556810140609741,8
applauded,laughed,-3.4219093322753906,-0.33016645908355713,8
aristocrats,conservatives,1.230804443359375,-0.18686901032924652,8
art,business,0.4404296875,-0.012060388922691345,8
art,culture,-0.52734375,-1.3333184719085693,8
art,femininity,-0.15673828125,0.3731592297554016,8
art,poems,-0.0947265625,0.9514104127883911,8
art,power,2.978515625,0.2486935406923294,8
ascendancy,power,1.892578125,-1.422168493270874,8
aspects,epithets,-3.3824462890625,-1.1661195755004883,8
astronomy,math,2.812744140625,-0.7925047278404236,8
autopsy,identification,-1.2174072265625,1.5589511394500732,8
babies,boys,2.6875,-0.22965864837169647,8
backpackers,climbers,-6.06494140625,-0.2526490092277527,8
ballrooms,hotels,-0.0487060546875,1.8781665563583374,8
banksias,woodland,0.6630859375,-1.291356086730957,8
barges,boats,-0.193359375,-0.6755580306053162,8
bearded,brown,-2.2578125,-0.9847260117530823,8
beautiful,brilliant,0.224609375,0.5078420042991638,8
beautiful,busy,1.55859375,0.6907598376274109,8
beautiful,carefree,-2.0673828125,0.6266586184501648,8
beautiful,foolish,0.19921875,1.0587785243988037,8
beautiful,great,-3.859375,-2.5601329803466797,8
beautiful,historic,0.197265625,-0.17952285706996918,8
beautiful,kind,2.26953125,2.5036609172821045,8
beautiful,neat,0.84375,-0.6999577283859253,8
beautiful,rational,-0.486328125,0.649628758430481,8
beautiful,serene,-1.533203125,0.22120264172554016,8
beautiful,shining,1.12109375,0.8667225241661072,8
beautiful,smart,-0.63671875,-0.5327059030532837,8
beautiful,young,-2.4453125,-3.0930747985839844,8
beauty,happiness,0.103515625,-0.4274417757987976,8
beauty,health,-2.59375,-0.10264895856380463,8
beauty,joy,-0.4638671875,0.429523766040802,8
beauty,placability,-0.05078125,1.3233518600463867,8
beauty,rest,-1.025390625,1.1867704391479492,8
beauty,ugliness,-1.144287109375,1.0448261499404907,8
beg,beg,0.0,-1.164451003074646,8
beg,cry,-2.681640625,-3.025071620941162,8
behaves,interacts,2.55560302734375,0.07033701241016388,8
beliefs,rules,-4.57623291015625,0.9403477907180786,8
belonging,unity,-2.2176513671875,-0.024696514010429382,8
belt,car,0.98828125,-1.0011258125305176,8
bile,lies,-3.541015625,0.2759142518043518,8
biscuits,nuts,-0.0966796875,-0.8815369009971619,8
biscuits,shortcake,2.353515625,-0.19643889367580414,8
blast,damn,-0.515625,2.5448052883148193,8
bleaker,bleaker,0.0,0.24070820212364197,8
blew,blew,0.0,-0.8377200365066528,8
blinked,gasped,2.51019287109375,-0.41311073303222656,8
boats,sails,1.931640625,0.2569965720176697,8
boats,shipping,3.4921875,2.0753722190856934,8
bodies,minds,-0.767578125,-0.7153938412666321,8
body,head,0.287109375,-0.012268707156181335,8
body,limbs,-0.19140625,0.08947582542896271,8
body,soul,2.955078125,-0.12555329501628876,8
boiled,bubbled,-2.223388671875,0.12246547639369965,8
boiled,pounded,-1.787353515625,0.6165412068367004,8
boiling,evaporation,-0.790283203125,0.7547717690467834,8
boldness,unconcern,1.15673828125,2.312077283859253,8
bookplates,trademarks,2.3662109375,0.5786912441253662,8
boredom,disgust,-0.50390625,-0.20374219119548798,8
bounces,imitates,2.105194091796875,1.7701749801635742,8
bowls,cups,0.116455078125,-1.7160587310791016,8
boys,boys,0.0,-0.34816789627075195,8
boys,cooks,0.296875,-0.3211442828178406,8
boys,mother,-2.1650390625,-0.6820565462112427,8
boys,quarry,-2.1448974609375,0.18897993862628937,8
brick,glass,0.5673828125,-0.19370578229427338,8
brilliant,brown,-0.9609375,-1.1355289220809937,8
brilliant,striking,0.69482421875,1.2015154361724854,8
broken,empty,-2.1181640625,0.19191206991672516,8
broken,gnarled,0.53125,-0.21598733961582184,8
broken,sharp,-2.9140625,-1.6356456279754639,8
bronze,brown,1.2705078125,-0.1871323436498642,8
brown,dry,0.1796875,0.06657347083091736,8
brown,juicy,3.416015625,0.48669373989105225,8
brown,kind,2.4453125,2.5882320404052734,8
brown,russet,0.95361328125,0.01274140179157257,8
brown,shining,2.078125,1.690206527709961,8
bruising,scars,-1.0400390625,0.2085016816854477,8
brushing,rustling,-1.849609375,-1.7739477157592773,8
brushing,washing,-4.6142578125,-0.8238397836685181,8
bubbles,dimple,3.826171875,1.0264928340911865,8
bubbles,oil,3.4560546875,-0.20310138165950775,8
bulkiest,heaviest,-4.00146484375,-0.3382541537284851,8
bullwinkle,julia,1.060546875,-0.719122052192688,8
business,fun,-0.25390625,1.476391315460205,8
bustle,stir,4.01025390625,-0.33911722898483276,8
caesium,thallium,2.0498046875,0.1980752795934677,8
called,called,0.0,0.21802522242069244,8
called,stopped,-4.912109375,-2.3581461906433105,8
callers,visitors,1.060546875,-0.191578671336174,8
calling,calling,0.0,-0.7093006372451782,8
calling,laughing,-2.6015625,-1.6842548847198486,8
candles,pizza,-1.0565185546875,-1.1538997888565063,8
candles,ropes,-1.671875,-0.43600326776504517,8
cannibals,drunkards,-0.38226318359375,-0.4707198143005371,8
car,mother,2.3984375,0.19051028788089752,8
car,pitcher,-0.7138671875,-0.5401292443275452,8
car,watches,9.220703125,2.4281105995178223,8
carol,song,1.01953125,-0.40566253662109375,8
cartridges,cassettes,1.24609375,-0.16532842814922333,8
cells,organisms,4.03521728515625,0.33418595790863037,8
ceramics,glass,-1.11279296875,-1.7987289428710938,8
ceramics,metals,0.13720703125,0.04469360411167145,8
changeable,unpredictable,0.70489501953125,0.4950600266456604,8
charismatic,pentecostal,-0.22412109375,0.19647161662578583,8
chat,rest,-2.62109375,0.5878623723983765,8
chatting,greeting,-0.03564453125,0.8300032019615173,8
chatting,laughing,-0.439453125,-0.8821504712104797,8
cheaper,divided,-1.005126953125,2.275438070297241,8
cheep,stir,-0.515625,-0.8004994988441467,8
cheer,cheer,0.0,-0.8534823060035706,8
cheer,happiness,1.390625,-0.2018909901380539,8
cheer,shorten,1.10919189453125,-0.5659845471382141,8
cheery,helpful,-1.1749267578125,0.5752844214439392,8
cheery,soul,0.197265625,-0.4827021360397339,8
chicken,mushroom,5.8883056640625,1.2578519582748413,8
chicken,potatoes,0.177734375,0.37910813093185425,8
chicken,waffles,0.5361328125,0.952796220779419,8
chink,daub,4.55078125,2.98579740524292,8
chocolates,sweets,-0.7322998046875,-1.1270084381103516,8
choky,little,0.328125,-1.9598455429077148,8
clicking,rustling,-2.4443359375,-1.1207071542739868,8
clicking,scraping,-3.104665756225586,0.021117225289344788,8
coally,tom,0.01953125,0.4453314542770386,8
commandant,syndic,3.825439453125,-0.33774489164352417,8
commandments,laws,-0.658203125,-0.5571423768997192,8
common,european,0.52734375,-0.14626039564609528,8
common,indubitable,-1.931640625,1.808943510055542,8
common,silly,1.01953125,-0.29016029834747314,8
concluding,third,-2.760986328125,-3.1047463417053223,8
condescension,patronizing,-6.34765625,-0.15849976241588593,8
consideration,honour,1.7149505615234375,0.9926286935806274,8
console,pity,2.1295623779296875,-1.748423457145691,8
consternation,surprise,-0.748443603515625,-1.2743124961853027,8
contact,separate,-1.76953125,1.609450101852417,8
convex,discrete,-0.823974609375,-0.21128056943416595,8
courses,programs,0.0439453125,0.6769453883171082,8
crayfish,spiders,0.28955078125,0.12383010983467102,8
crazy,feeble,-0.6937255859375,0.10067285597324371,8
crazy,fun,-1.15234375,0.6793519854545593,8
crazy,funny,-0.44921875,-0.9818125367164612,8
crazy,kinky,-0.349609375,-1.024309754371643,8
crazy,silly,3.861328125,-1.3467426300048828,8
crippled,thief,-1.29541015625,-0.17306284606456757,8
crossdisciplinarity,multidisciplinarity,4.34716796875,-0.831876814365387,8
cry,cry,0.0,0.284531831741333,8
cry,fret,1.3388671875,0.9251436591148376,8
cry,mourn,1.943328857421875,0.6298490166664124,8
cry,pout,-0.8359375,1.856513261795044,8
culture,health,-0.1787109375,-0.22694776952266693,8
culture,laws,2.939453125,0.5889610052108765,8
culture,liberality,-2.66015625,0.18735238909721375,8
cups,pitcher,0.671875,0.6677617430686951,8
cups,saucers,3.6051101684570312,3.0035319328308105,8
cursing,raving,-0.13385009765625,0.2908077836036682,8
cursing,yelling,-1.756683349609375,-0.3289189338684082,8
daisies,heather,1.61865234375,0.10143245756626129,8
dances,torches,0.275634765625,-0.6027809977531433,8
days,days,0.0,-0.5204645395278931,8
dearer,nearer,1.267578125,-1.997692584991455,8
deeper,deeper,0.0,0.5874950885772705,8
delicious,juicy,-3.291259765625,0.03124956786632538,8
delicious,supple,6.1875,1.6604902744293213,8
demons,dragons,3.183349609375,-1.1565459966659546,8
depressions,sinkholes,-0.9794921875,0.47288262844085693,8
deserted,empty,-2.283447265625,-1.711797833442688,8
deserters,refugees,1.487060546875,-0.3070412874221802,8
detergent,oil,-4.6328125,-1.2266371250152588,8
determination,resolution,0.7011489868164062,0.414459228515625,8
determined,young,-3.109375,-5.599534034729004,8
dg,mother,-1.994140625,-0.8766642212867737,8
dipped,dipped,0.0,-0.5414151549339294,8
disappeared,failed,-2.87109375,1.86356520652771,8
disappeared,passed,1.439453125,0.051466718316078186,8
discouragement,toil,-2.95550537109375,0.5098191499710083,8
discovery,exploration,2.79705810546875,0.6299601793289185,8
discretion,tact,0.9487991333007812,-0.24245159327983856,8
disgust,surprise,-2.6201171875,-1.1569806337356567,8
distinctions,honours,0.6494140625,0.01996178925037384,8
distraught,moody,-1.8167724609375,-1.886800765991211,8
disturbed,perturbed,-0.689117431640625,0.018070116639137268,8
divorced,married,-5.02587890625,-1.63821542263031,8
doctor,patient,1.615234375,1.113950252532959,8
double,triple,1.037109375,-0.13608630001544952,8
drank,drank,0.0,-0.274685263633728,8
drawings,engravings,-0.4018707275390625,1.3332009315490723,8
dreamed,heard,0.612274169921875,-0.27652835845947266,8
dried,uncovered,-2.17950439453125,0.9515720009803772,8
dripping,torn,-0.8134765625,0.7162712216377258,8
drops,drops,0.0,0.17838163673877716,8
dry,rustling,-0.5,0.18522407114505768,8
dry,shining,1.7919921875,1.0530177354812622,8
dye,tool,-2.0625,-0.6541115641593933,8
earlier,earlier,0.0,-0.931074321269989,8
earlier,later,6.40625,-1.1992436647415161,8
earnest,sharp,-0.18359375,-1.7227840423583984,8
earnestly,fiercely,-2.7608642578125,-1.3621063232421875,8
earnestly,vehemently,1.651845932006836,1.174052119255066,8
ears,head,1.2431640625,0.9193524122238159,8
ears,noses,-0.740234375,1.4511535167694092,8
eastbound,westbound,1.15509033203125,0.7698293328285217,8
easter,easter,0.0,0.7306005358695984,8
electricity,magnetism,5.42529296875,-0.12210617959499359,8
electricity,oil,-2.203125,0.2000313550233841,8
electricity,power,-0.6395263671875,0.08906923234462738,8
emotional,rational,2.160675048828125,0.15798355638980865,8
empty,forlorn,-1.212188720703125,-0.015873417258262634,8
empty,hungry,-0.48046875,-0.8649758696556091,8
enjoyment,fun,-2.467529296875,-1.5438563823699951,8
enjoyment,laughing,2.87969970703125,-1.818040132522583,8
european,japanese,-0.099609375,-0.4208967685699463,8
european,negro,1.99609375,-0.6334872245788574,8
evaporation,transpiration,-0.5789413452148438,0.43042856454849243,8
exact,truthful,-3.763671875,-0.04503415524959564,8
exasperated,rasping,-5.972412109375,-1.1464859247207642,8
exercise,exercise,0.0,0.2989102005958557,8
exercise,fun,-3.34375,0.13393178582191467,8
experimentor,mother,-3.246826171875,-1.19137704372406,8
exploration,travel,-2.21685791015625,0.4221019148826599,8
explosives,flamethrowers,2.14697265625,0.13201797008514404,8
extracts,tales,-5.47265625,-1.5087032318115234,8
fabulous,unreal,0.469970703125,0.44471216201782227,8
failed,failed,0.0,0.5312105417251587,8
faintly,spasmodically,2.69232177734375,1.6031988859176636,8
fairer,happier,-5.08880615234375,0.0066913217306137085,8
fallen,sorrowful,5.7626953125,1.2354240417480469,8
farther,farther,0.0,0.6544973254203796,8
fathers,sons,6.47705078125,0.29868441820144653,8
fats,oils,0.9150390625,-0.7612770199775696,8
females,young,-1.939453125,-1.6856579780578613,8
fern,moss,2.4462890625,-2.097630500793457,8
ferns,moss,0.650634765625,-0.3041608929634094,8
fluids,rest,1.564453125,0.8569092750549316,8
focused,sharp,-1.94830322265625,-1.3624036312103271,8
foggy,foul,-1.04296875,1.3107361793518066,8
foolish,headstrong,4.376953125,-0.6403016448020935,8
foolish,naughty,0.453125,-0.18826059997081757,8
foolish,rash,-1.212890625,0.49708157777786255,8
foolish,silly,-1.1171875,-1.5806375741958618,8
foolish,young,-7.318359375,-4.453743934631348,8
forgiving,patient,-3.96875,-0.37333810329437256,8
found,stopped,-3.505859375,-2.3355445861816406,8
frankly,freely,1.204345703125,0.20224685966968536,8
friendships,laughing,3.50390625,0.8554598093032837,8
frills,frills,0.0,0.3395785689353943,8
fruitsome,great,0.984375,-0.7351909279823303,8
fun,funny,0.353515625,-0.6178256273269653,8
fun,happiness,3.3095703125,-1.1510884761810303,8
fun,joy,-1.2666015625,-0.46752452850341797,8
fun,laughing,1.263671875,-0.28638917207717896,8
fun,loose,4.427734375,-0.7509041428565979,8
fun,mischief,3.48046875,1.2392833232879639,8
funny,laughing,5.048828125,0.1689024716615677,8
funny,rural,-0.5869140625,0.46894943714141846,8
funny,smart,-2.2109375,-0.5413981676101685,8
funny,spirited,2.2613525390625,1.5537503957748413,8
funny,weird,0.037109375,-0.4343971610069275,8
gabble,nonsense,2.0458984375,0.47881823778152466,8
gallows,whip,1.6328125,-0.5950471758842468,8
gaped,stared,0.5647735595703125,-0.13955898582935333,8
gasped,laughed,-2.975250244140625,0.19366507232189178,8
gasped,sprayed,0.45462799072265625,0.11750085651874542,8
gasped,stared,2.841217041015625,0.5831357836723328,8
gasped,wheezed,1.5878143310546875,-0.05697588622570038,8
gentlest,meekest,3.2805328369140625,0.29619932174682617,8
glass,pour,8.568359375,2.6617584228515625,8
glee,happiness,0.875244140625,-0.29285043478012085,8
glee,joy,-1.220703125,0.7730671763420105,8
grandmere,mother,-5.154296875,-0.37561964988708496,8
grapes,ham,0.1884765625,1.3483774662017822,8
grassland,redwood,1.345703125,0.24780885875225067,8
grassland,woodland,-2.1689453125,-0.04130816459655762,8
greasiness,thickness,-2.615234375,-0.8355794548988342,8
great,kind,1.732421875,4.417034149169922,8
great,little,2.453125,0.6150029301643372,8
great,mighty,1.849609375,0.553064227104187,8
great,mystical,-5.2412109375,1.8211109638214111,8
great,novel,-0.09375,3.010500907897949,8
great,shining,0.38671875,2.858447551727295,8
great,ultimate,1.63818359375,3.350916862487793,8
greener,greener,0.0,0.41699808835983276,8
gripped,powerless,1.3939208984375,-0.1437799483537674,8
groups,individuals,-3.2563304901123047,-0.9979109168052673,8
grow,grow,0.0,-0.8289962410926819,8
grow,implant,3.0078125,3.2926435470581055,8
grow,spread,-0.4296875,2.316399335861206,8
growing,growing,0.0,-0.6141504645347595,8
growing,young,-0.171875,-2.974736452102661,8
growth,jobs,0.2822265625,0.21508292853832245,8
guilt,sin,3.8798828125,-2.0906472206115723,8
gullets,lies,-2.767578125,0.8828854560852051,8
gumbo,jambalaya,-1.32421875,1.4266119003295898,8
ham,mushroom,0.82489013671875,-1.1538777351379395,8
happiness,health,1.52734375,0.5165467262268066,8
happiness,joy,-0.0498046875,0.6933453679084778,8
happiness,sadness,-4.019287109375,0.6403969526290894,8
hardy,vigorous,2.678955078125,-0.03937004506587982,8
hardy,young,-4.1533203125,-2.612760543823242,8
harshness,unkindness,-0.81097412109375,0.8348813652992249,8
hasidic,mystical,0.271484375,-0.6027423739433289,8
head,shoulders,11.560546875,0.005751803517341614,8
headstrong,rash,-0.368896484375,-0.670042097568512,8
headstrong,wilful,3.0491943359375,0.0020890384912490845,8
health,illness,-0.310546875,0.7831211090087891,8
heard,knew,-1.146484375,0.4313259720802307,8
heard,laughed,-1.27734375,-0.05512683093547821,8
heard,recognised,-0.399566650390625,1.8256571292877197,8
heard,smiled,0.998046875,0.918062150478363,8
heavy,layered,1.599609375,0.06370772421360016,8
heavy,pugnacious,-1.6171875,-0.09802694618701935,8
heavy,sharp,-1.357421875,-1.132524013519287,8
heavy,unsteady,3.535400390625,1.1604599952697754,8
helpful,kind,0.779327392578125,-0.09414196014404297,8
heterogeneous,homogeneous,-7.292749404907227,-0.014103859663009644,8
holly,ivy,-0.4208984375,-0.04642599821090698,8
homogeneous,isotropic,6.0068359375,-0.22559349238872528,8
hoped,hoped,0.0,-0.25833386182785034,8
humble,serene,1.0771484375,-0.11984734237194061,8
humble,sorrowful,1.3583984375,0.6410688757896423,8
hundreds,hundreds,0.0,-0.14154861867427826,8
hungry,needy,-0.095703125,1.2347418069839478,8
hungry,young,-1.212890625,-3.5044116973876953,8
illness,surgery,-0.234375,-0.10138414800167084,8
illogical,rambling,-1.1900634765625,-0.5933958888053894,8
imagininary,self,-4.275390625,-1.3609873056411743,8
indigenous,territorial,-0.6013298034667969,-0.15485833585262299,8
individuals,institutions,2.5570497512817383,0.7939679622650146,8
inexperience,shortcomings,-1.3179931640625,-0.4748786687850952,8
inexperienced,young,-0.67218017578125,-3.6938717365264893,8
influence,power,-2.63671875,-0.0007274001836776733,8
ink,oil,-4.203125,-1.57745361328125,8
inquiries,reminiscences,-0.09161949157714844,-0.5065152049064636,8
institutions,power,-2.8061904907226562,-0.2118447870016098,8
institutions,pupils,-1.727691650390625,-0.5595698952674866,8
iodine,tyrosine,-3.3984375,-1.495723009109497,8
isolated,rural,0.029052734375,-1.137923002243042,8
ivy,moss,-1.7919921875,-0.899793803691864,8
jealous,selfish,1.4161376953125,-0.023845240473747253,8
jobs,roads,0.95703125,-0.7874042391777039,8
joy,power,0.5419921875,0.3789699077606201,8
joy,rest,3.2373046875,0.6425278186798096,8
joy,sadness,-2.814453125,-0.12958522140979767,8
joy,song,5.427734375,0.929806649684906,8
joy,surprise,-1.81640625,-0.39528220891952515,8
jumped,jumped,0.0,0.17896832525730133,8
justice,reward,1.673828125,0.7939543724060059,8
kind,patient,4.423828125,-2.7072372436523438,8
kind,polite,-2.24609375,-1.1966333389282227,8
kind,righteous,-4.47998046875,-1.5561445951461792,8
kind,smart,-2.7734375,-2.7740731239318848,8
kit,ropes,-3.1943359375,-0.9630375504493713,8
knew,respected,2.85888671875,1.228359580039978,8
knew,suspected,3.574310302734375,-0.21292029321193695,8
later,later,0.0,-1.6918984651565552,8
laughed,laughed,0.0,0.008009210228919983,8
laughed,lay,2.185546875,0.48182976245880127,8
laughed,scrapped,2.255615234375,0.9690073728561401,8
laughed,stopped,-3.8974609375,-1.642362356185913,8
laughing,laughing,0.0,0.29699379205703735,8
laughing,lengthened,-7.1473388671875,1.312847375869751,8
laughing,nonsense,-2.693359375,1.553572416305542,8
laughing,pointing,4.083984375,1.3897913694381714,8
laughing,snorting,1.605865478515625,0.7316959500312805,8
laughing,tickled,-9.1512451171875,1.3441280126571655,8
laughing,yelling,-1.1048698425292969,0.48325270414352417,8
laws,rules,4.60546875,0.20413143932819366,8
laws,theories,1.5087890625,1.3524078130722046,8
leave,need,-11.314453125,0.5678756833076477,8
left,left,0.0,-0.5757746696472168,8
legendary,mythical,1.959381103515625,1.4121627807617188,8
lemon,oil,-2.443359375,-1.4124269485473633,8
lesser,lesser,0.0,-0.594050407409668,8
little,naughty,2.794921875,2.3785624504089355,8
little,twiggy,2.720703125,0.39844411611557007,8
little,young,-4.5244140625,-2.281829357147217,8
littler,littler,0.0,0.4368993043899536,8
lizards,spiders,-1.57183837890625,-0.3207441568374634,8
lnfluence,power,4.4453125,-0.18993668258190155,8
losses,reward,-0.005859375,-0.4833800196647644,8
lots,lots,0.0,-0.6873528957366943,8
lunatic,silly,5.5908203125,-0.41302937269210815,8
massages,yoga,-1.19921875,1.22752046585083,8
mechanics,use,1.05859375,0.9481475353240967,8
mighty,unmistakable,-9.050872802734375,4.136930465698242,8
mime,nonverbals,2.2978515625,0.9868731498718262,8
mime,pointing,0.501953125,2.019779920578003,8
minutes,minutes,0.0,-0.3064478039741516,8
miserly,squalid,0.041748046875,-1.102702260017395,8
moss,tussocks,-1.333984375,-0.15351496636867523,8
mother,mother,0.0,0.2740097641944885,8
mother,sons,3.703125,-0.045543357729911804,8
motorways,roads,-1.2099609375,-1.026482343673706,8
mystical,prophetic,4.470703125,-0.5801852345466614,8
naive,young,-3.530029296875,-2.588541030883789,8
naughty,wilful,2.828857421875,-0.6690552234649658,8
nearer,nearer,0.0,-0.9802023768424988,8
nearer,possible,2.810546875,2.8457963466644287,8
neat,petite,1.4482421875,1.361842393875122,8
neat,smart,-0.6171875,0.43102115392684937,8
neat,tidy,2.05517578125,2.108973741531372,8
notebook,pencil,0.6865234375,-1.1253865957260132,8
novel,pleasing,1.8388671875,1.941552758216858,8
novel,striking,-1.3603515625,1.397474765777588,8
nuggets,nuggets,0.0,-0.332702100276947,8
oil,pitch,1.736328125,1.3841757774353027,8
ones,zeroes,0.4296875,-1.0899784564971924,8
ones,zeros,-1.3046875,-1.5224196910858154,8
orgies,perversions,-1.2705078125,0.48314303159713745,8
passing,passing,0.0,-0.7051967978477478,8
patching,patching,0.0,0.09722686558961868,8
pencil,slate,-1.56640625,1.2015182971954346,8
perceptive,rational,1.08984375,-0.4752134680747986,8
peril,toil,2.9193115234375,-0.3525928258895874,8
perplexed,worried,-1.152491569519043,-0.9203762412071228,8
personable,young,-3.34765625,-3.4815971851348877,8
pie,potatoes,0.13671875,-0.5358827710151672,8
plants,protista,-0.61328125,1.2455658912658691,8
plants,protists,0.97265625,1.4994268417358398,8
plants,relatives,5.83441162109375,1.1775693893432617,8
poems,sayings,3.498046875,1.77463698387146,8
poems,tales,-1.379150390625,-0.8377652764320374,8
potatoes,stew,1.46484375,1.2469520568847656,8
pour,stir,-1.3125,-2.695488929748535,8
power,power,0.0,-0.4090563654899597,8
preteens,teenagers,-4.203033447265625,-1.4744317531585693,8
programs,protocols,-1.132537841796875,0.12502537667751312,8
protesting,rioting,-1.999542236328125,-0.3467252254486084,8
puking,shock,-0.83203125,0.005747094750404358,8
purtier,purtier,0.0,-0.2825332283973694,8
quake,shake,-0.8984375,-0.9257040619850159,8
quicksand,swamp,-0.833984375,-0.30150216817855835,8
rasping,scraping,1.099365234375,-0.4722723364830017,8
rational,smart,-2.623046875,-0.9383997321128845,8
realistic,striking,-1.15771484375,1.2359282970428467,8
rebelling,rioting,-0.0321044921875,-0.14152048528194427,8
recover,rest,-2.0858154296875,-0.11196266114711761,8
refreshing,rest,0.551025390625,-0.5952278971672058,8
refreshing,unmistakable,1.66845703125,-0.6396469473838806,8
rehab,rest,-1.8262939453125,-0.7644882202148438,8
rehydrate,rest,-1.179840087890625,0.49080610275268555,8
rein,whip,-3.16015625,-0.9903818964958191,8
replenish,rest,-2.954345703125,-0.20943979918956757,8
restarted,stopped,-2.164093017578125,-1.5889089107513428,8
rhyme,rune,6.0107421875,0.7566489577293396,8
rigging,sails,-4.7958984375,-1.1206691265106201,8
rigging,spars,0.052734375,0.7197862863540649,8
rolling,wheeled,2.587890625,-0.3836020231246948,8
rolling,yelling,0.5694580078125,-0.5808842778205872,8
ropes,sails,0.35205078125,-0.16683606803417206,8
ropes,spars,-0.42822265625,0.9266296625137329,8
rows,rows,0.0,-0.24134968221187592,8
rub,rub,0.0,-0.5311473608016968,8
rustling,snuffling,1.150390625,0.4034311771392822,8
sadness,stillness,-0.9013671875,0.552787184715271,8
sandstorms,whirlwinds,1.26953125,-0.33477783203125,8
saved,saved,0.0,0.1778804212808609,8
scold,scold,0.0,0.6793263554573059,8
scratched,scratched,0.0,-0.8759549260139465,8
screw,struggle,-1.873046875,-1.7426973581314087,8
seedy,stressful,0.87255859375,0.8583776354789734,8
seesaw,swing,-5.294921875,-3.3062548637390137,8
selfish,wilful,-2.6435546875,0.19031205773353577,8
sharp,spirited,2.08154296875,1.9110950231552124,8
shipping,transport,2.0302734375,0.19009406864643097,8
sin,wickedness,2.17578125,1.013203740119934,8
smart,young,-4.201171875,-2.5059635639190674,8
smiled,smiled,0.0,0.26239120960235596,8
smiled,stared,1.1832275390625,-0.1919584721326828,8
sorrowful,stolen,-3.916259765625,0.7318884134292603,8
spies,traitors,1.056732177734375,0.15878446400165558,8
sporadic,weird,0.85546875,-0.18848316371440887,8
spread,spread,0.0,-0.3398997187614441,8
stalwart,vigorous,-0.700439453125,-0.7825595140457153,8
stared,stared,0.0,-0.048532769083976746,8
stared,stopped,-7.495361328125,-1.1970291137695312,8
stopped,wheeled,2.0343589782714844,1.195066213607788,8
stunning,young,-1.8837890625,-3.632234573364258,8
sucking,sucking,0.0,0.5614740252494812,8
superficial,superficial,0.0,-0.48976653814315796,8
swing,swing,0.0,0.15214534103870392,8
third,third,0.0,0.20092268288135529,8
thus,thus,0.0,-0.28305137157440186,8
tolerance,unity,1.095703125,0.6265791654586792,8
tourists,vagrants,-2.8343048095703125,1.301007866859436,8
tourists,visitors,-1.46875,-0.22773872315883636,8
untrained,unwarlike,-2.346435546875,-0.20480190217494965,8
untrained,young,-1.806396484375,-4.969480991363525,8
untried,young,-2.234375,-4.907092571258545,8
use,washing,-0.451171875,-0.8384621739387512,8
use,yardage,-3.828125,-2.225184917449951,8
vigorous,young,-6.275634765625,-3.200960636138916,8
viral,young,-3.15234375,-3.0630545616149902,8
watches,websites,0.0191650390625,-0.4400758743286133,8
waving,yelling,-1.6552734375,-1.6503255367279053,8
wondered,wondered,0.0,-0.2417842000722885,8
wuss,wuss,0.0,-0.3291160464286804,8
aboriginal,natural,-0.3079376220703125,-0.5798736810684204,9
absolute,real,-2.060546875,-2.072506904602051,9
absolute,rich,4.744140625,-2.690213680267334,9
acquired,natural,-1.4736328125,-1.3632923364639282,9
actual,real,-2.40625,-1.7593286037445068,9
admirable,exciting,1.1142578125,-0.2309357076883316,9
admirable,fine,-3.044921875,-1.4378349781036377,9
admiration,respect,-0.316680908203125,-0.07120241224765778,9
admiration,wonder,-1.2623748779296875,0.4972885847091675,9
adventurers,explorers,0.43798828125,-0.16876132786273956,9
affirmative,negative,1.623504638671875,-0.257485955953598,9
affrighted,fled,4.66021728515625,-2.173464775085449,9
affrighted,trembling,-3.1624832153320312,-2.3824071884155273,9
ages,ages,0.0,0.8006964921951294,9
aggression,appeasement,-1.42822265625,-0.7447552680969238,9
aggression,kindness,-1.23828125,-0.43216145038604736,9
aging,frail,-0.076171875,0.03448592126369476,9
ambulances,generators,-3.926513671875,0.27918779850006104,9
amusing,exciting,2.2958984375,-1.5814906358718872,9
ancient,due,0.3125,2.2648794651031494,9
ancient,rich,-4.330078125,-0.3915027976036072,9
antibacterial,antiviral,-1.21875,0.0196496844291687,9
arabesques,sprigs,-2.482421875,0.17712150514125824,9
armenian,jewish,-1.0858154296875,0.35852932929992676,9
arms,breasts,-0.110595703125,0.9460585117340088,9
arthritis,psoriasis,2.565765380859375,-0.5487491488456726,9
artifacts,attributes,2.89703369140625,0.27449947595596313,9
asian,asian,0.0,0.19079361855983734,9
asian,portuguese,1.1971282958984375,-0.11604661494493484,9
asian,shit,5.3515625,0.4288942813873291,9
aunt,grandmamma,-0.54705810546875,1.0035163164138794,9
axe,knife,-2.857421875,-2.2991509437561035,9
babbling,noises,-5.90576171875,-0.1918158233165741,9
bacteria,parasites,4.36553955078125,-0.11521346867084503,9
baked,crumbling,-1.27734375,0.20325206220149994,9
balloons,kites,1.470458984375,0.2758015990257263,9
bananas,plantains,1.1986083984375,-0.1263885349035263,9
banding,convection,-0.80078125,1.2655558586120605,9
bats,slings,-2.620849609375,1.121350884437561,9
bayou,forest,1.02734375,-1.2341783046722412,9
beams,boards,-3.361328125,1.1927855014801025,9
beef,gravy,4.7646484375,-0.41529715061187744,9
befurbelowed,beruffled,-2.27734375,-0.5962600708007812,9
behaviour,effort,0.937591552734375,-1.0415377616882324,9
behold,despair,5.691650390625,-0.6599816083908081,9
beneficial,safe,-1.9619140625,0.44092053174972534,9
berries,drupes,0.01611328125,0.632105827331543,9
berries,fruits,2.0167236328125,-0.33555781841278076,9
berries,leaves,1.7203369140625,-0.6978422999382019,9
berries,orange,0.03045654296875,0.12497912347316742,9
berries,seeds,0.9591064453125,-0.2962545156478882,9
beryls,turquoises,1.9775390625,0.9197018146514893,9
bitten,transformed,5.50146484375,2.1419355869293213,9
bizarre,genuine,-4.127410888671875,-1.0983694791793823,9
blight,sickness,0.7939453125,-0.3082737922668457,9
blotches,pimples,1.1474609375,0.5680960416793823,9
blundering,sinning,-0.4588623046875,-0.4477299451828003,9
blushes,smiles,-5.5234375,-1.9491729736328125,9
botany,zoology,-0.4323883056640625,-1.5030333995819092,9
boughs,leaves,-0.720703125,-0.905044674873352,9
bounty,luck,2.1416015625,-1.030963659286499,9
brooks,hills,0.017822265625,0.10044775903224945,9
broom,ponytail,-0.10595703125,-0.11767689883708954,9
brotherly,sisterly,3.994140625,-0.1679549366235733,9
bubble,froth,-1.51708984375,0.4070438742637634,9
bubble,melt,1.699462890625,0.5238245725631714,9
burglars,tramps,1.0738525390625,0.19860993325710297,9
by,by,0.0,-0.3716425895690918,9
cables,switches,-1.0654296875,0.8943722248077393,9
cajole,push,-0.580078125,-1.0688596963882446,9
calming,cooling,1.435546875,-0.13263429701328278,9
capelin,launce,4.56640625,-0.42611557245254517,9
carefully,cautiously,1.52978515625,1.1166057586669922,9
carelessly,innocently,2.7005786895751953,0.03387421369552612,9
censure,reproach,2.419677734375,1.185600996017456,9
cha,mot,0.46875,-0.3534904718399048,9
chair,cover,0.234375,2.8210394382476807,9
chair,cowboy,0.37353515625,2.5194363594055176,9
chair,door,-2.560546875,0.6029925346374512,9
chairs,settees,1.166015625,1.3404457569122314,9
charcoal,wire,0.01531982421875,-0.7612965106964111,9
charity,kindness,1.09765625,0.1336432844400406,9
cheaply,easily,1.2109375,1.0333367586135864,9
chewing,swallowing,-0.5419921875,0.6735175848007202,9
chill,gloom,-1.3441162109375,-0.5011661648750305,9
chill,penetrating,-0.8037185668945312,-0.579463005065918,9
chilling,hard,-1.80712890625,-1.1491750478744507,9
chips,sausage,-3.15234375,-0.8550824522972107,9
choke,cough,-1.064697265625,-0.3520912528038025,9
cigarettes,coffee,1.2481403350830078,-2.4359796047210693,9
circled,circled,0.0,-0.39147838950157166,9
cj,vf,4.396728515625,0.22070257365703583,9
cleanse,purify,-1.34033203125,0.09743408858776093,9
clouds,convection,1.3859405517578125,1.9143824577331543,9
clouds,mist,0.7041015625,-0.22697259485721588,9
clouds,surf,7.625732421875,1.8646447658538818,9
coatings,semiconductors,0.87548828125,1.1909890174865723,9
coffee,conversation,3.8330078125,2.0638742446899414,9
coffee,cookies,0.8056640625,1.721415400505066,9
coffee,more,5.744140625,3.7077229022979736,9
coffee,shit,4.65234375,2.403515338897705,9
coke,shit,3.04296875,0.8738080263137817,9
collected,cool,-2.52447509765625,-1.7770307064056396,9
collected,correlated,0.07344818115234375,-0.25286865234375,9
color,shape,-0.7421875,-0.032223135232925415,9
color,warmth,-2.023193359375,0.2798646092414856,9
combustion,corrosion,0.607666015625,0.677929162979126,9
combustion,respiration,0.5406532287597656,0.00561484694480896,9
complications,mortality,-0.47662353515625,-0.7349977493286133,9
computered,transcribed,2.763671875,1.3947304487228394,9
concerts,nightclubs,-1.9532470703125,0.11591868102550507,9
condensed,distilled,-0.26348876953125,0.49829912185668945,9
confessed,killed,1.8016357421875,-2.5625460147857666,9
confiding,tender,-1.830078125,-1.111242413520813,9
conspiracies,plots,-0.6326828002929688,-0.012328878045082092,9
constantly,hard,-2.43505859375,-1.9535372257232666,9
contented,happy,0.57208251953125,-2.6583263874053955,9
contented,thankful,0.40234375,0.08614860475063324,9
contrary,ungrateful,0.9695320129394531,0.16135655343532562,9
controlled,natural,-0.46533203125,-1.435758113861084,9
cool,cool,0.0,-0.24542178213596344,9
cool,hard,0.1904296875,-0.7776204347610474,9
cool,harden,1.2294921875,0.7795178890228271,9
cool,lovely,-2.587890625,-0.7087498903274536,9
cool,shadowy,3.0400390625,1.4676029682159424,9
cool,short,0.126953125,-1.9251573085784912,9
cool,warm,0.064453125,0.2699998617172241,9
cool,wetting,-1.5078125,2.5551183223724365,9
cordial,warm,-1.18212890625,-1.7173593044281006,9
corrosion,electrochemistry,-0.0592041015625,-0.45403003692626953,9
corrupted,rich,-4.3095703125,-2.479454755783081,9
cough,cough,0.0,-0.21382178366184235,9
cowed,trembling,2.535829544067383,-0.21563050150871277,9
crabs,periwinkles,0.0057373046875,0.9930143356323242,9
created,destroyed,0.14453125,0.8779011964797974,9
created,directed,0.109375,0.1259797364473343,9
cries,cries,0.0,-0.9960301518440247,9
cries,falls,1.73828125,-1.1409662961959839,9
cries,jeers,1.349609375,-0.2592443823814392,9
cries,noises,-3.5703125,-0.9792274832725525,9
crumbling,dirty,2.189453125,-0.878189206123352,9
crumbs,water,-0.2568359375,-0.4553890824317932,9
dams,railroads,-0.617462158203125,0.9560654163360596,9
dbottle,teapot,-1.5966682434082031,-1.5831005573272705,9
decorating,unpacking,-2.098876953125,0.03146733343601227,9
dedicated,hard,-0.4697265625,-2.69700026512146,9
dedicated,talented,-1.778564453125,-0.6536902189254761,9
deepest,finest,-0.28887939453125,0.33098453283309937,9
defiled,killed,-1.4169921875,-2.50178861618042,9
deliberation,skill,-0.294921875,0.0006330162286758423,9
demeanor,speech,-3.166015625,-2.151165246963501,9
deposed,fled,2.654296875,-1.520511507987976,9
designs,prototypes,0.1337890625,-0.11923500150442123,9
desk,door,0.1005859375,0.5684967637062073,9
desolate,pitiful,-2.315185546875,-0.14587081968784332,9
despair,gloom,0.1229248046875,0.12104819715023041,9
despair,weariness,0.98345947265625,-0.21665124595165253,9
destroyed,plundered,-0.225799560546875,-0.16926993429660797,9
die,go,-2.478515625,-0.5813314318656921,9
die,live,-0.091796875,0.04356791079044342,9
die,overheat,-2.71875,2.131843090057373,9
die,pine,0.8984375,-0.6812956929206848,9
die,sicken,1.169921875,1.416705846786499,9
dimms,processors,0.880859375,1.7242257595062256,9
dipping,lifting,-1.609130859375,-0.7456365823745728,9
directed,founded,-3.27734375,-0.5539777874946594,9
dirtiest,hardest,-2.938720703125,-0.8793953061103821,9
dirty,dirty,0.0,-0.16257120668888092,9
dirty,dumpy,0.39453125,1.0171195268630981,9
dirty,filthy,-0.023529052734375,1.141116976737976,9
dirty,hard,-0.11328125,-1.8147954940795898,9
dirty,mane,-1.0546875,0.6557580828666687,9
disappear,evaporate,0.6201171875,-1.1847679615020752,9
displeased,grieved,0.2765617370605469,-1.3372063636779785,9
displeased,mortified,-0.83209228515625,-0.5614814162254333,9
donkey,shrek,0.23779296875,1.6969809532165527,9
door,wall,0.28125,1.3017349243164062,9
due,proper,0.33203125,-0.6619620323181152,9
dumpy,listless,-0.98828125,-1.8157734870910645,9
dumpy,short,-0.734375,-3.653963565826416,9
dwarves,elves,-0.3759765625,-0.133280411362648,9
dwarves,midgets,-1.31591796875,0.5729339718818665,9
dying,wounded,0.359375,-0.6269614696502686,9
easily,naturally,0.578125,-0.07320977747440338,9
eels,soles,-5.513671875,-1.0092180967330933,9
elastic,sticky,-3.6566162109375,0.6981782913208008,9
elated,happy,0.7255859375,-0.7700324058532715,9
elves,gnomes,2.7275390625,-0.5918997526168823,9
embalming,mummification,2.017578125,-1.8855140209197998,9
engaging,speaking,-1.22265625,-0.07834501564502716,9
enterprising,hard,1.576416015625,-2.460026741027832,9
erases,sponge,-2.01953125,-0.46892333030700684,9
escape,flight,3.623046875,-1.2518463134765625,9
escape,return,2.39453125,-0.21344558894634247,9
escape,safety,0.16796875,-0.8101116418838501,9
evidence,procedure,1.06396484375,1.0881741046905518,9
exchanged,recycled,-2.9595794677734375,-0.06241782754659653,9
exciting,hard,1.06640625,-1.4754539728164673,9
exciting,severe,-2.203125,1.1851311922073364,9
exile,poverty,-1.5531444549560547,-1.0589385032653809,9
existing,projected,2.721923828125,-0.8447607159614563,9
explore,go,-4.341796875,-1.9581093788146973,9
explorers,sailors,-1.29058837890625,0.6582951545715332,9
faint,indistinct,4.41961669921875,2.787447452545166,9
faint,lovely,-1.955078125,-0.004734352231025696,9
faithless,perverse,1.470703125,0.9159057140350342,9
falls,trips,-1.5244140625,0.41236412525177,9
favour,kindness,0.03076171875,-1.1748794317245483,9
feasts,sake,-1.09423828125,-0.7134677767753601,9
fences,sheds,-0.5087890625,-0.46016597747802734,9
fertilizer,seeds,-5.392578125,-1.7963051795959473,9
few,scattering,-1.8876953125,0.5615825057029724,9
few,short,-1.4375,-2.063920259475708,9
fia,mot,-0.328125,-0.14771930873394012,9
fidelity,luck,-0.749267578125,-0.9781014919281006,9
field,flood,0.169921875,-0.733646035194397,9
field,forest,1.841796875,-0.29267174005508423,9
figures,lights,-1.318359375,0.0240800678730011,9
filthy,yonkers,-0.9755859375,0.34744495153427124,9
finally,then,0.375,-0.345325767993927,9
fine,flyaway,4.478515625,1.3488273620605469,9
fine,lovely,2.822265625,-0.7739538550376892,9
fine,loyal,2.0546875,1.4373807907104492,9
fine,pretty,-0.791015625,-0.10134245455265045,9
fine,warm,-0.171875,-0.22632111608982086,9
finest,hardest,1.1829833984375,-0.021706372499465942,9
firm,hard,-0.251953125,-1.0074080228805542,9
firm,unyielding,-0.6424560546875,1.6562230587005615,9
fled,gone,1.048828125,-1.715362548828125,9
flint,rubble,2.1429061889648438,0.2387913018465042,9
flint,stone,2.11328125,-1.6606085300445557,9
flow,flow,0.0,-0.37263673543930054,9
following,safety,-4.810546875,-2.268763780593872,9
fondness,respect,-0.0751953125,0.9914640188217163,9
forbearance,patience,0.64599609375,-1.0706102848052979,9
forest,plain,-0.05859375,0.939598560333252,9
forest,stream,2.3515625,-0.27114138007164,9
fornication,matchmaking,-3.9765625,0.851682186126709,9
forward,return,-0.20703125,1.1740448474884033,9
frail,pretty,0.58984375,-1.4035418033599854,9
freckles,shit,2.9541015625,0.019674107432365417,9
fruits,leaves,1.9161376953125,0.07144246995449066,9
fruits,seeds,0.190155029296875,0.5446998476982117,9
frustration,research,-6.669921875,-0.42734068632125854,9
funnier,funnier,0.0,-0.032819584012031555,9
fussily,noisily,0.1234130859375,0.4232126474380493,9
gasping,singed,0.60107421875,-0.6709870100021362,9
gasping,trembling,2.242321014404297,-1.0973516702651978,9
gazed,gazed,0.0,-0.046621017158031464,9
gazed,sympathized,0.42085838317871094,0.9910433292388916,9
gentle,loyal,1.18359375,0.20945145189762115,9
gentle,pretty,1.2646484375,-1.2113395929336548,9
gentle,refined,2.48828125,1.4357273578643799,9
gentle,safe,-5.2018585205078125,-1.6486685276031494,9
gentle,tender,1.162109375,0.020129606127738953,9
gentle,valiant,1.916015625,-0.453368604183197,9
gentle,warm,-2.82965087890625,-1.7225724458694458,9
gerken,leigh,2.00390625,0.6097681522369385,9
gloom,unhappiness,-4.589935302734375,0.11957214772701263,9
gnomes,pixies,0.6939697265625,-0.09558942914009094,9
go,go,0.0,-1.3269071578979492,9
go,grumble,1.905059814453125,1.6001083850860596,9
go,inquire,5.11260986328125,4.25969934463501,9
go,live,8.166015625,0.7500735521316528,9
go,push,-0.10546875,1.4240084886550903,9
go,return,3.8568115234375,1.8485450744628906,9
go,sleep,4.21484375,1.013437271118164,9
go,switch,1.251953125,1.7230383157730103,9
goatees,tattoos,-4.546875,-0.34383803606033325,9
golden,pink,-2.03125,-1.4113187789916992,9
golden,rosy,-1.48681640625,-0.4534006714820862,9
golden,warm,-4.26953125,-1.7354696989059448,9
gone,vanished,-0.809326171875,0.765049159526825,9
grasslands,woodlands,-2.52392578125,-0.5351935625076294,9
gravy,starch,-2.3681640625,1.0233464241027832,9
guitarist,keyboardist,-7.7014007568359375,1.2760980129241943,9
half,half,0.0,-0.6750479340553284,9
half,inch,-3.27734375,-2.256232261657715,9
hall,saw,12.421875,2.9973371028900146,9
hammer,saw,1.357421875,3.4077892303466797,9
hammer,screwdriver,0.6693038940429688,1.467972755432129,9
happy,harmonious,-0.4140625,0.2612251043319702,9
happy,hurt,4.595703125,-0.2627643942832947,9
happy,natural,1.02734375,-0.898912250995636,9
happy,pretty,-2.294921875,-0.7808732986450195,9
happy,proper,3.11328125,0.7707403898239136,9
happy,rich,-1.982421875,-0.9635680317878723,9
happy,rosy,-2.33984375,-0.41643044352531433,9
happy,safe,-0.505859375,-1.0522332191467285,9
happy,thankful,0.377197265625,1.0875550508499146,9
happy,there,0.16015625,-0.11145554482936859,9
happy,warm,-0.3642578125,-1.004144310951233,9
hard,harsh,3.1611328125,1.4913753271102905,9
hard,heartless,0.92578125,0.4625696539878845,9
hard,painful,3.1982421875,1.7805675268173218,9
hard,severe,0.900390625,1.9733774662017822,9
hard,square,0.96484375,0.6377744674682617,9
hard,tiresome,0.75,0.9780111312866211,9
hard,trying,2.421875,0.8271346092224121,9
hard,unyielding,1.89892578125,2.584080219268799,9
harsh,unfair,0.1182861328125,0.6476119756698608,9
harsh,unpleasing,4.03076171875,1.136596918106079,9
hawks,kites,3.232421875,0.23978273570537567,9
hawks,owls,1.8050384521484375,0.24241016805171967,9
haze,mist,-2.763671875,1.1230993270874023,9
hearing,speech,-0.701171875,-1.6172810792922974,9
heartless,unsentimental,4.2607421875,0.8100941181182861,9
hills,lakes,1.734375,0.5740015506744385,9
hills,streams,1.3470458984375,0.6808571815490723,9
home,live,0.0546875,1.7253923416137695,9
home,safety,-1.732421875,1.1023149490356445,9
home,ship,1.517578125,1.7541027069091797,9
home,there,3.265625,1.6030025482177734,9
homeless,wandering,4.071533203125,1.6307399272918701,9
hoots,jeers,1.8173828125,-0.5115900635719299,9
hoping,trying,-2.35546875,-2.5766842365264893,9
hoping,waiting,-4.048828125,-2.424532413482666,9
hunted,hunted,0.0,0.042714089155197144,9
hunted,rose,-2.970012664794922,-0.294588565826416,9
hurt,killed,0.765625,-0.29750800132751465,9
hurt,unhappiness,-2.184814453125,0.8134160041809082,9
hurt,wounded,0.5478515625,-0.8616068363189697,9
hydrogen,rubidium,2.44677734375,0.648627758026123,9
ignorance,poverty,0.3880796432495117,-0.08565129339694977,9
ignorance,sloth,0.630767822265625,0.5801382064819336,9
inconsiderate,irresponsible,-2.07763671875,-0.40167930722236633,9
innocently,naturally,-4.1396484375,-1.0469634532928467,9
institutional,structural,-1.1259765625,0.4255509376525879,9
insubordination,treason,-0.24169921875,-0.28123152256011963,9
insurrection,treason,-0.85858154296875,-0.9742215871810913,9
intrapreneurial,startup,2.201171875,0.07673808932304382,9
irresponsible,sadic,2.69580078125,-0.7913410663604736,9
jewish,muslim,0.65234375,0.9961506128311157,9
jewish,polish,-0.05859375,-0.0419050008058548,9
judy,punch,3.0738525390625,-0.975897490978241,9
jumping,tossing,0.7938232421875,-0.009270742535591125,9
killed,mutilated,0.0233154296875,0.498663067817688,9
killed,trapped,-1.9229736328125,1.2726001739501953,9
killed,vanished,1.98388671875,-0.539667546749115,9
killed,wounded,1.931640625,-0.211447611451149,9
kilograms,pounds,-0.316650390625,-1.8399776220321655,9
kindness,respect,0.47265625,0.7612870931625366,9
kindness,teaching,1.572265625,0.7762446403503418,9
kindness,understanding,-2.7005615234375,1.1291395425796509,9
kisses,smiles,-2.47125244140625,-1.4910736083984375,9
knights,soldiers,2.4427032470703125,-0.1913246214389801,9
lakes,streams,-0.2668914794921875,0.6468439698219299,9
layers,layers,0.0,0.37177348136901855,9
leagues,leagues,0.0,-0.20397581160068512,9
leaping,taunting,-0.71923828125,-0.31925249099731445,9
leaping,vaulting,-2.03289794921875,1.078937292098999,9
leaves,primroses,2.10089111328125,1.137939691543579,9
lecturing,teaching,-2.49609375,0.11080266535282135,9
lifting,shaking,2.6248817443847656,-0.2838665246963501,9
lights,noises,2.900390625,-0.038584962487220764,9
lights,ornaments,1.7606735229492188,2.177865505218506,9
listless,uninterested,0.0340423583984375,1.783928394317627,9
literal,plain,-2.333984375,-0.43042582273483276,9
live,sleep,2.75,1.1008427143096924,9
lotions,splints,-3.783203125,-1.2931287288665771,9
lovable,lovely,-0.39483642578125,-0.7188580632209778,9
lovable,warm,-0.1204833984375,-0.4684930443763733,9
lovely,real,-2.58984375,0.48038339614868164,9
lovely,talented,-0.46484375,1.1296606063842773,9
lovely,tender,0.9248046875,1.423883318901062,9
lovely,warm,3.80078125,0.05677555501461029,9
lovingly,submissively,6.0808563232421875,-0.5202523469924927,9
lovingly,warmly,-1.43310546875,-1.5972638130187988,9
luck,skill,-1.564453125,0.3963860273361206,9
magic,wonder,0.5908203125,-0.028242483735084534,9
main,orignal,-2.064453125,-0.8586046695709229,9
major,minor,2.49609375,1.2783533334732056,9
marches,protests,-1.1318359375,0.2485818713903427,9
medication,therapy,2.58050537109375,0.4585886597633362,9
microscopes,telescopes,-3.68084716796875,0.7881831526756287,9
miles,miles,0.0,0.2220689207315445,9
misfortune,poverty,-1.5019969940185547,-0.017986014485359192,9
modifying,updating,0.851043701171875,-0.29830893874168396,9
mold,pat,-2.638671875,1.3986868858337402,9
monkeys,shit,4.923828125,0.13876225054264069,9
more,more,0.0,0.5987571477890015,9
mortar,stone,-0.67333984375,-1.574688196182251,9
mot,smiles,11.626953125,-1.3343902826309204,9
motionless,prone,3.1225204467773438,1.8619482517242432,9
murder,treason,0.623046875,1.0264276266098022,9
name,shape,-2.48828125,0.3836241364479065,9
narrower,shorter,-1.0263671875,0.3521396517753601,9
natural,proper,2.84375,0.4408285617828369,9
natural,safe,-2.89453125,-0.49914735555648804,9
natural,synthetic,-0.32861328125,-0.4895269274711609,9
natural,unconcerned,3.3463134765625,1.1282882690429688,9
neater,neater,0.0,-0.7215644121170044,9
needles,silks,3.22784423828125,0.0650884360074997,9
needles,thimbles,-1.14727783203125,0.37449997663497925,9
negative,positive,-4.1082763671875,-1.845348834991455,9
negative,substandard,5.8721923828125,0.16475357115268707,9
night,sunlight,-3.2666015625,-0.72159743309021,9
nouns,pronouns,-3.8127784729003906,0.028580620884895325,9
oblong,square,-2.650390625,-0.26326003670692444,9
olios,tarts,-1.58203125,-0.9057821035385132,9
orange,pineapple,-2.136016845703125,0.5527742505073547,9
orange,pink,1.140625,-0.63594651222229,9
oranges,wine,2.220703125,-1.6455504894256592,9
ornaments,slides,-4.142208099365234,-0.4140068292617798,9
override,unlock,4.07958984375,0.2896885871887207,9
painful,pitiful,1.4539794921875,-1.1379774808883667,9
painful,severe,0.66552734375,-0.4202312231063843,9
participation,victories,0.595458984375,-0.8665445446968079,9
pine,spruce,2.98248291015625,0.745463490486145,9
plain,pretty,1.810546875,0.13461624085903168,9
plain,square,1.095703125,0.9565631151199341,9
plain,unattractive,0.9033203125,2.8187665939331055,9
plenty,plenty,0.0,1.0873773097991943,9
plenty,warmth,-1.77685546875,-0.10273869335651398,9
plotting,scheming,-1.5535888671875,0.17555542290210724,9
policemen,reporters,5.323089599609375,0.07315708696842194,9
policemen,soldiers,-2.934478759765625,-2.1493990421295166,9
policies,procedures,1.309326171875,0.6199994683265686,9
policies,programmes,2.08935546875,-0.5783610343933105,9
pondered,pondered,0.0,0.2763572335243225,9
pounds,pounds,0.0,-0.9656949043273926,9
pounds,throbs,-4.8515625,0.5350740551948547,9
pretty,refined,2.544921875,3.1253418922424316,9
pretty,safe,-0.919921875,-0.39503729343414307,9
prim,proper,-2.251953125,1.6187496185302734,9
primed,waiting,1.91015625,-2.760324478149414,9
procedure,structures,3.29248046875,0.5501689910888672,9
projects,texts,0.357666015625,-0.3063138425350189,9
proper,safe,-1.5,-1.1185165643692017,9
proposals,recommendations,0.54644775390625,0.2058449238538742,9
protests,texts,1.58203125,-0.7883458137512207,9
prowess,skill,-3.80859375,-0.3776736259460449,9
pry,push,-4.36328125,-1.33482027053833,9
pushback,taxi,-1.84375,-1.298467755317688,9
question,wonder,-1.91015625,-0.3031182289123535,9
ragtags,scum,4.76953125,0.8435574769973755,9
railroads,utilities,-0.7420196533203125,-0.635446310043335,9
real,symbolic,1.30712890625,0.6028722524642944,9
real,valid,3.9501953125,0.30071866512298584,9
rent,taxes,-1.849853515625,-1.5096867084503174,9
reproach,strife,-0.31353759765625,-0.6262316107749939,9
research,teaching,0.5419921875,0.8869893550872803,9
resinous,vitreous,-0.865234375,-0.31871742010116577,9
respect,understanding,-2.42578125,0.4864450693130493,9
results,scores,5.3885498046875,0.19486795365810394,9
return,sleep,-2.501953125,-0.3119118809700012,9
rich,rich,0.0,0.35163164138793945,9
rich,warm,1.5703125,0.5384284257888794,9
richer,richer,0.0,-0.18337871134281158,9
riflemen,soldiers,-0.07568359375,-0.5687720775604248,9
rockholes,streams,-1.2518310546875,-0.6443669199943542,9
roped,tied,3.353515625,0.5438778400421143,9
rose,rose,0.0,-0.2984665036201477,9
rose,waxed,2.5631103515625,0.24085696041584015,9
rosy,warm,0.494140625,-0.9737440347671509,9
rubble,spoil,2.69287109375,0.3782040476799011,9
sadder,sadder,0.0,0.024167224764823914,9
safe,sheltered,1.02423095703125,1.4858415126800537,9
safe,warm,3.78125,0.11455594003200531,9
safety,security,-0.205078125,1.147158145904541,9
sailors,soldiers,-3.6123809814453125,-1.2854969501495361,9
savory,tender,0.8896484375,1.5547502040863037,9
saw,shrieked,-1.5581817626953125,-0.2587836980819702,9
scalded,smashed,0.4400634765625,0.13999156653881073,9
scholars,soldiers,1.23779296875,-1.1667872667312622,9
scholars,sultans,-1.7401580810546875,0.06742431223392487,9
seamen,soldiers,-2.82421875,-2.1122448444366455,9
seclusion,shyness,-2.3616485595703125,-0.5941088199615479,9
security,warmth,-0.861328125,0.5301640033721924,9
seeds,shit,3.3837890625,0.801887571811676,9
severe,unaccustomed,2.599987030029297,1.0919315814971924,9
shanties,sheds,1.20751953125,0.3430871367454529,9
short,snappish,2.515625,2.0186145305633545,9
short,square,7.5,1.2632739543914795,9
short,stubby,2.125,1.359891653060913,9
short,thickly,2.162109375,0.8286316394805908,9
shorter,shorter,0.0,-0.7035529017448425,9
silences,speech,2.822265625,-0.6565796136856079,9
singly,then,8.240234375,0.25098341703414917,9
sinning,sinning,0.0,-0.3247426152229309,9
sister,twin,-2.45361328125,-0.0808241218328476,9
sleep,sleep,0.0,0.4233301877975464,9
sleepier,sleepier,0.0,0.7134442329406738,9
smiles,sobs,1.144775390625,1.4746835231781006,9
smiles,waves,2.5234375,0.1496679037809372,9
sniffed,sniffed,0.0,0.2650700807571411,9
soap,water,2.009765625,0.23195134103298187,9
sole,undivided,5.1865997314453125,0.9056121110916138,9
sorry,thankful,-1.26873779296875,0.026730850338935852,9
speech,swallowing,-0.15570068359375,1.4674345254898071,9
squeeze,squeeze,0.0,0.24091006815433502,9
squirming,struggling,-0.249267578125,-0.07450111210346222,9
sticky,warm,2.658935546875,-2.166977643966675,9
subjective,symbolic,-1.9022216796875,-0.31554627418518066,9
sunlight,water,0.805419921875,-0.010331586003303528,9
swifter,swifter,0.0,-0.24618293344974518,9
then,then,0.0,0.3991053104400635,9
then,there,-3.11328125,-2.152620553970337,9
there,there,0.0,-0.4108610153198242,9
tied,wrapped,-1.1211624145507812,1.1488382816314697,9
tiresome,trite,5.178607940673828,1.229191780090332,9
tons,tons,0.0,-0.006291225552558899,9
trembling,twitching,0.9387960433959961,0.32336848974227905,9
trembling,waiting,1.9013185501098633,-0.41657936573028564,9
trying,trying,0.0,-0.47130507230758667,9
twirled,twirled,0.0,-0.3190019130706787,9
vanished,vanishing,0.001953125,-0.2686474323272705,9
victual,water,-0.0595703125,-1.8512084484100342,9
waiting,waiting,0.0,-0.3279045820236206,9
wall,water,0.41845703125,-1.087283730506897,9
warm,welcoming,2.470703125,1.6055392026901245,9
water,water,0.0,0.4205986261367798,9
water,wine,-5.3935546875,0.6070901155471802,9
whiter,whiter,0.0,-0.08484528958797455,9
