holdout,n_train,n_test,r,r2
freq>20,211530,1416,0.662675,0.439138
freq>5,205576,7370,0.690022,0.47613
freq>1,168938,44008,0.714804,0.510944
