k_folds,k_pls,n,cv_r,cv_r2,cv_rho
10,15,53685,0.532517,0.283575,0.52513
