label,condition,kind,decile,mid_log_freq_z,mid_log_freq,mid_freq,term,beta,lo,hi
BabyLM-125M,attn_zeroed,decile,1,-0.5139610175239315,5.551115123125783e-17,1,y_pred,0.3960931978838723,0.3868176632453983,0.40495693460776055
BabyLM-125M,attn_zeroed,decile,1,-0.5139610175239315,5.551115123125783e-17,1,rel_freq,0.17397291930262673,0.1649903417849587,0.18311641429862074
BabyLM-125M,attn_zeroed,decile,2,-0.5139610175239315,5.551115123125783e-17,1,y_pred,0.3960931978838723,0.3868176632453983,0.40495693460776055
BabyLM-125M,attn_zeroed,decile,2,-0.5139610175239315,5.551115123125783e-17,1,rel_freq,0.17397291930262673,0.1649903417849587,0.18311641429862074
BabyLM-125M,attn_zeroed,decile,3,-0.5139610175239315,5.551115123125783e-17,1,y_pred,0.3960931978838723,0.3868176632453983,0.40495693460776055
BabyLM-125M,attn_zeroed,decile,3,-0.5139610175239315,5.551115123125783e-17,1,rel_freq,0.17397291930262673,0.1649903417849587,0.18311641429862074
BabyLM-125M,attn_zeroed,decile,4,-0.5139610175239315,5.551115123125783e-17,1,y_pred,0.3960931978838723,0.3868176632453983,0.40495693460776055
BabyLM-125M,attn_zeroed,decile,4,-0.5139610175239315,5.551115123125783e-17,1,rel_freq,0.17397291930262673,0.1649903417849587,0.18311641429862074
BabyLM-125M,attn_zeroed,decile,5,-0.5139610175239315,5.551115123125783e-17,1,y_pred,0.3960931978838723,0.3868176632453983,0.40495693460776055
BabyLM-125M,attn_zeroed,decile,5,-0.5139610175239315,5.551115123125783e-17,1,rel_freq,0.17397291930262673,0.1649903417849587,0.18311641429862074
BabyLM-125M,attn_zeroed,decile,6,-0.5139610175239315,5.551115123125783e-17,1,y_pred,0.3960931978838723,0.3868176632453983,0.40495693460776055
BabyLM-125M,attn_zeroed,decile,6,-0.5139610175239315,5.551115123125783e-17,1,rel_freq,0.17397291930262673,0.1649903417849587,0.18311641429862074
BabyLM-125M,attn_zeroed,decile,7,-0.5139610175239315,5.551115123125783e-17,1,y_pred,0.3960931978838723,0.3868176632453983,0.40495693460776055
BabyLM-125M,attn_zeroed,decile,7,-0.5139610175239315,5.551115123125783e-17,1,rel_freq,0.17397291930262673,0.1649903417849587,0.18311641429862074
BabyLM-125M,attn_zeroed,decile,8,0.6265447271664719,0.6931471805599454,2,y_pred,0.3787821975465207,0.3700898457373606,0.38747575770505444
BabyLM-125M,attn_zeroed,decile,8,0.6265447271664719,0.6931471805599454,2,rel_freq,0.23663059343307932,0.22685281225510565,0.24655992126758874
BabyLM-125M,attn_zeroed,decile,9,0.6265447271664719,0.6931471805599454,2,y_pred,0.3787821975465207,0.3700898457373606,0.38747575770505444
BabyLM-125M,attn_zeroed,decile,9,0.6265447271664719,0.6931471805599454,2,rel_freq,0.23663059343307932,0.22685281225510565,0.24655992126758874
BabyLM-125M,attn_zeroed,decile,10,2.1342113134531493,1.6094379124341003,4.999999999999999,y_pred,0.35589829984997107,0.339955344588643,0.37215587480882445
BabyLM-125M,attn_zeroed,decile,10,2.1342113134531493,1.6094379124341003,4.999999999999999,rel_freq,0.3194595332264217,0.2996715498760548,0.33952626928417223
BabyLM-125M,attn_zeroed,grid,NA,-0.5139610175239315,5.551115123125783e-17,1,y_pred,0.3960931978838723,0.3868176632453983,0.40495693460776055
BabyLM-125M,attn_zeroed,grid,NA,-0.5139610175239315,5.551115123125783e-17,1,rel_freq,0.17397291930262673,0.1649903417849587,0.18311641429862074
BabyLM-125M,attn_zeroed,grid,NA,-0.39970893628884363,0.06943718464364645,1.071904727012578,y_pred,0.39435903930903704,0.3855304564548716,0.40287702152407173
BabyLM-125M,attn_zeroed,grid,NA,-0.39970893628884363,0.06943718464364645,1.071904727012578,rel_freq,0.18024975719501055,0.17164552170560554,0.1890782036822614
BabyLM-125M,attn_zeroed,grid,NA,-0.28545685505375573,0.13887436928729288,1.1489797437919094,y_pred,0.3926248807342018,0.384060118821169,0.4009041985580428
BabyLM-125M,attn_zeroed,grid,NA,-0.28545685505375573,0.13887436928729288,1.1489797437919094,rel_freq,0.18652659508739433,0.1782313117949873,0.19498453117122708
BabyLM-125M,attn_zeroed,grid,NA,-0.1712047738186679,0.20831155393093925,1.2315968186122486,y_pred,0.39089072215936654,0.38257877794819334,0.3988631464006857
BabyLM-125M,attn_zeroed,grid,NA,-0.1712047738186679,0.20831155393093925,1.2315968186122486,rel_freq,0.19280343297977814,0.18475095263959054,0.20101925996153291
BabyLM-125M,attn_zeroed,grid,NA,-0.05695269258357999,0.2777487385745857,1.320154451644122,y_pred,0.3891565635845313,0.38103406503633075,0.39699313447141554
BabyLM-125M,attn_zeroed,grid,NA,-0.05695269258357999,0.2777487385745857,1.320154451644122,rel_freq,0.19908027087216196,0.19108055019129128,0.20718897766657954
BabyLM-125M,attn_zeroed,grid,NA,0.057299388651507854,0.34718592321823205,1.4150797971040319,y_pred,0.38742240500969605,0.37940683400972314,0.3952471189357954
BabyLM-125M,attn_zeroed,grid,NA,0.057299388651507854,0.34718592321823205,1.4150797971040319,rel_freq,0.20535710876454574,0.1972619875990549,0.21354612678933307
BabyLM-125M,attn_zeroed,grid,NA,0.17155146988659575,0.4166231078618785,1.5168307236158116,y_pred,0.38568824643486077,0.3777036043230861,0.393446948033593
BabyLM-125M,attn_zeroed,grid,NA,0.17155146988659575,0.4166231078618785,1.5168307236158116,rel_freq,0.21163394665692956,0.20338590955263885,0.21993257621942855
BabyLM-125M,attn_zeroed,grid,NA,0.28580355112168365,0.4860602925055249,1.6258980227216977,y_pred,0.38395408786002555,0.3758927754516642,0.391891812530472
BabyLM-125M,attn_zeroed,grid,NA,0.28580355112168365,0.4860602925055249,1.6258980227216977,rel_freq,0.21791078454931337,0.2094457500701415,0.2264730480732603
BabyLM-125M,attn_zeroed,grid,NA,0.40005563235677155,0.5554974771491713,1.7428077761957919,y_pred,0.3822199292851903,0.37402268418429213,0.39038615989603637
BabyLM-125M,attn_zeroed,grid,NA,0.40005563235677155,0.5554974771491713,1.7428077761957919,rel_freq,0.22418762244169715,0.21535671978175847,0.2331654056548368
BabyLM-125M,attn_zeroed,grid,NA,0.51430771359185945,0.6249346617928178,1.8681238935785485,y_pred,0.38048577071035505,0.37202308001675,0.3889144169807735
BabyLM-125M,attn_zeroed,grid,NA,0.51430771359185945,0.6249346617928178,1.8681238935785485,rel_freq,0.23046446033408097,0.22118341136860784,0.23977416157520234
BabyLM-125M,attn_zeroed,grid,NA,0.6285597948269472,0.6943718464364641,2.0024508321719883,y_pred,0.3787516121355198,0.37005751042252155,0.38745008798240466
BabyLM-125M,attn_zeroed,grid,NA,0.6285597948269472,0.6943718464364641,2.0024508321719883,rel_freq,0.23674129822646478,0.22695106463365752,0.24668917437030397
BabyLM-125M,attn_zeroed,grid,NA,0.7428118760620352,0.7638090310801107,2.146436512615425,y_pred,0.37701745356068456,0.3679649009723801,0.3861901573621995
BabyLM-125M,attn_zeroed,grid,NA,0.7428118760620352,0.7638090310801107,2.146436512615425,rel_freq,0.2430181361188486,0.23264031952329398,0.25354548837698826
BabyLM-125M,attn_zeroed,grid,NA,0.857063957297123,0.833246215723757,2.300775444104867,y_pred,0.3752832949858493,0.3658802892471575,0.384934473973789
BabyLM-125M,attn_zeroed,grid,NA,0.857063957297123,0.833246215723757,2.300775444104867,rel_freq,0.24929497401123238,0.2383793811125347,0.26042605579521927
BabyLM-125M,attn_zeroed,grid,NA,0.971316038532211,0.9026834003674034,2.4662120743304703,y_pred,0.37354913641101406,0.3637131579425045,0.3836513579961257
BabyLM-125M,attn_zeroed,grid,NA,0.971316038532211,0.9026834003674034,2.4662120743304703,rel_freq,0.2555718119036162,0.24397820297315673,0.26737978116052025
BabyLM-125M,attn_zeroed,grid,NA,1.0855681197672988,0.9721205850110497,2.6435443802903262,y_pred,0.3718149778361788,0.3614729150056818,0.3823970686429399
BabyLM-125M,attn_zeroed,grid,NA,1.0855681197672988,0.9721205850110497,2.6435443802903262,rel_freq,0.261848649796,0.24953154291804264,0.2743835749756012
BabyLM-125M,attn_zeroed,grid,NA,1.1998202010023868,1.0415577696546963,2.8336277173007374,y_pred,0.3700808192613435,0.35916391425428895,0.3812007817380842
BabyLM-125M,attn_zeroed,grid,NA,1.1998202010023868,1.0415577696546963,2.8336277173007374,rel_freq,0.2681254876883838,0.255051117426496,0.2814650664109823
BabyLM-125M,attn_zeroed,grid,NA,1.3140722822374746,1.1109949542983426,3.037378944768521,y_pred,0.3683466606865083,0.35685868262943515,0.3800163469683801
BabyLM-125M,attn_zeroed,grid,NA,1.3140722822374746,1.1109949542983426,3.037378944768521,rel_freq,0.2744023255807676,0.2606295493913686,0.28850678417850834
BabyLM-125M,attn_zeroed,grid,NA,1.4283243634725624,1.180432138941989,3.2557808486258537,y_pred,0.366612502111673,0.35463798203911673,0.3788809648288112
BabyLM-125M,attn_zeroed,grid,NA,1.4283243634725624,1.180432138941989,3.2557808486258537,rel_freq,0.2806791634731514,0.266168460392836,0.2955995712357199
BabyLM-125M,attn_zeroed,grid,NA,1.5425764447076504,1.2498693235856355,3.489886881759076,y_pred,0.3648783435368378,0.3522467729340729,0.37774978775033935
BabyLM-125M,attn_zeroed,grid,NA,1.5425764447076504,1.2498693235856355,3.489886881759076,rel_freq,0.28695600136553523,0.27172276862556066,0.3026836172265598
BabyLM-125M,attn_zeroed,grid,NA,1.6568285259427384,1.319306508229282,3.7408262452967396,y_pred,0.3631441849620025,0.3498686788565718,0.37667337316438987
BabyLM-125M,attn_zeroed,grid,NA,1.6568285259427384,1.319306508229282,3.7408262452967396,rel_freq,0.29323283925791904,0.27718133946352846,0.3096870503140443
BabyLM-125M,attn_zeroed,grid,NA,1.771080607177826,1.3887436928729282,4.009809335266288,y_pred,0.3614100263871673,0.3475446564328449,0.3756121576474018
BabyLM-125M,attn_zeroed,grid,NA,1.771080607177826,1.3887436928729282,4.009809335266288,rel_freq,0.2995096771503028,0.282588034050357,0.31685720998674943
BabyLM-125M,attn_zeroed,grid,NA,1.885332688412914,1.4581808775165748,4.298133580891098,y_pred,0.359675867812332,0.34517699785250283,0.37452923721709963
BabyLM-125M,attn_zeroed,grid,NA,1.885332688412914,1.4581808775165748,4.298133580891098,rel_freq,0.3057865150426866,0.2879589146737956,0.324035754029283
BabyLM-125M,attn_zeroed,grid,NA,1.999584769648002,1.5276180621602213,4.607189702688667,y_pred,0.35794170923749674,0.3427526430142927,0.37334201298394065
BabyLM-125M,attn_zeroed,grid,NA,1.999584769648002,1.5276180621602213,4.607189702688667,rel_freq,0.3120633529350704,0.2933398681343061,0.3311723833087923
BabyLM-125M,attn_zeroed,grid,NA,2.1138368508830903,1.597055246803868,4.938468420555657,y_pred,0.3562075506626615,0.3404100288236604,0.37229509020332197
BabyLM-125M,attn_zeroed,grid,NA,2.1138368508830903,1.597055246803868,4.938468420555657,rel_freq,0.31834019082745424,0.2987286905125261,0.3382716504495653
BabyLM-125M,attn_zeroed,grid,NA,2.228088932118178,1.666492431447514,5.293567644195948,y_pred,0.35447339208782624,0.3379480216827722,0.37133926717573473
BabyLM-125M,attn_zeroed,grid,NA,2.228088932118178,1.666492431447514,5.293567644195948,rel_freq,0.32461702871983805,0.3041353994819258,0.3455219297718843
BabyLM-125M,attn_zeroed,grid,NA,2.3423410133532654,1.7359296160911604,5.674200180574473,y_pred,0.352739233512991,0.3355498478271764,0.3702437000285231
BabyLM-125M,attn_zeroed,grid,NA,2.3423410133532654,1.7359296160911604,5.674200180574473,rel_freq,0.3308938666122218,0.3096096506818463,0.35256498849685486
BabyLM-125M,attn_zeroed,grid,NA,2.456593094588354,1.8053668007348072,6.082201995573403,y_pred,0.35100507493815575,0.3330891192925013,0.36922236709981016
BabyLM-125M,attn_zeroed,grid,NA,2.456593094588354,1.8053668007348072,6.082201995573403,rel_freq,0.3371707045046057,0.3149773578542849,0.35973927257152133
BabyLM-125M,attn_zeroed,grid,NA,2.5708451758234414,1.8748039853784533,6.519541069700463,y_pred,0.3492709163633205,0.33058144943166534,0.36822135433690467
BabyLM-125M,attn_zeroed,grid,NA,2.5708451758234414,1.8748039853784533,6.519541069700463,rel_freq,0.34344754239698944,0.32045527623749714,0.36687633797268293
BabyLM-125M,attn_zeroed,grid,NA,2.685097257058529,1.9442411700220994,6.988326890564564,y_pred,0.34753675778848525,0.3281347467624651,0.3670920540229438
BabyLM-125M,attn_zeroed,grid,NA,2.685097257058529,1.9442411700220994,6.988326890564564,rel_freq,0.34972438028937325,0.32583985172916646,0.37409125664523557
BabyLM-125M,attn_zeroed,grid,NA,2.7993493382936174,2.013678354665746,7.49082062790527,y_pred,0.34580259921365003,0.3257199506693151,0.3660427562923225
BabyLM-125M,attn_zeroed,grid,NA,2.7993493382936174,2.013678354665746,7.49082062790527,rel_freq,0.35600121818175706,0.3311453118188492,0.38135427780769626
BabyLM-125M,attn_zeroed,grid,NA,2.913601419528705,2.0831155393093925,8.029446040254987,y_pred,0.34406844063881475,0.3232678288368385,0.36505117623242545
BabyLM-125M,attn_zeroed,grid,NA,2.913601419528705,2.0831155393093925,8.029446040254987,rel_freq,0.3622780560741409,0.3365389107461959,0.38859311941349034
BabyLM-125M,attn_zeroed,grid,NA,3.0278535007637926,2.1525527239530384,8.606801165841743,y_pred,0.34233428206397953,0.320795818859839,0.3641294780112242
BabyLM-125M,attn_zeroed,grid,NA,3.0278535007637926,2.1525527239530384,8.606801165841743,rel_freq,0.36855489396652463,0.3419744512298517,0.3958231765866689
BabyLM-125M,attn_zeroed,grid,NA,3.142105581998881,2.221989908596685,9.225670854123134,y_pred,0.34060012348914426,0.3183199212459115,0.3630922985522303
BabyLM-125M,attn_zeroed,grid,NA,3.142105581998881,2.221989908596685,9.225670854123134,rel_freq,0.3748317318589085,0.34730467786675606,0.4030919647983159
BabyLM-125M,attn_zeroed,grid,NA,3.2563576632339686,2.2914270932403316,9.889040198396755,y_pred,0.338865964914309,0.3159481534325023,0.3620850946097593
BabyLM-125M,attn_zeroed,grid,NA,3.2563576632339686,2.2914270932403316,9.889040198396755,rel_freq,0.38110856975129226,0.352742384706575,0.4102567908005505
BabyLM-125M,attn_zeroed,grid,NA,3.370609744469056,2.360864277883978,10.600108934278884,y_pred,0.33713180633947376,0.3133895110909905,0.3610704185473515
BabyLM-125M,attn_zeroed,grid,NA,3.370609744469056,2.360864277883978,10.600108934278884,rel_freq,0.38738540764367607,0.3581648736060454,0.41752973678110084
BabyLM-125M,attn_zeroed,grid,NA,3.4848618257041446,2.4303014625276247,11.3623068735018,y_pred,0.3353976477646385,0.31082050680622664,0.36011980421284673
BabyLM-125M,attn_zeroed,grid,NA,3.4848618257041446,2.4303014625276247,11.3623068735018,rel_freq,0.3936622455360599,0.3635320673997774,0.4247498381325119
BabyLM-125M,attn_zeroed,grid,NA,3.599113906939232,2.499738647171271,12.179310447474085,y_pred,0.33366348918980326,0.30829691487351396,0.35913909551811374
BabyLM-125M,attn_zeroed,grid,NA,3.599113906939232,2.499738647171271,12.179310447474085,rel_freq,0.3999390834284437,0.3690140731811559,0.4319420151601121
BabyLM-125M,attn_zeroed,grid,NA,3.7133659881743197,2.569175831814917,13.055060440401142,y_pred,0.331929330614968,0.3057038794045793,0.3581348848132112
BabyLM-125M,attn_zeroed,grid,NA,3.7133659881743197,2.569175831814917,13.055060440401142,rel_freq,0.40621592132082746,0.37433256874997695,0.4391434257922742
BabyLM-125M,attn_zeroed,grid,NA,3.827618069409408,2.6386130164585637,13.993780997500897,y_pred,0.33019517204013277,0.303172278100388,0.35721629259032217
BabyLM-125M,attn_zeroed,grid,NA,3.827618069409408,2.6386130164585637,13.993780997500897,rel_freq,0.4124927592132113,0.37975289790046296,0.44635718287069087
BabyLM-125M,attn_zeroed,grid,NA,3.9418701506444958,2.70805020110221,15,y_pred,0.3284610134652975,0.30068391184985266,0.35621895524369884
BabyLM-125M,attn_zeroed,grid,NA,3.9418701506444958,2.70805020110221,15,rel_freq,0.4187695971055951,0.3850509358270176,0.4535764889593724
BabyLM-125M,default,decile,1,-0.5139610175239315,5.551115123125783e-17,1,y_pred,0.41753887257271993,0.40895407822138,0.4259600354150697
BabyLM-125M,default,decile,1,-0.5139610175239315,5.551115123125783e-17,1,rel_freq,0.19911548669562895,0.19078240324894105,0.20745983254975658
BabyLM-125M,default,decile,2,-0.5139610175239315,5.551115123125783e-17,1,y_pred,0.41753887257271993,0.40895407822138,0.4259600354150697
BabyLM-125M,default,decile,2,-0.5139610175239315,5.551115123125783e-17,1,rel_freq,0.19911548669562895,0.19078240324894105,0.20745983254975658
BabyLM-125M,default,decile,3,-0.5139610175239315,5.551115123125783e-17,1,y_pred,0.41753887257271993,0.40895407822138,0.4259600354150697
BabyLM-125M,default,decile,3,-0.5139610175239315,5.551115123125783e-17,1,rel_freq,0.19911548669562895,0.19078240324894105,0.20745983254975658
BabyLM-125M,default,decile,4,-0.5139610175239315,5.551115123125783e-17,1,y_pred,0.41753887257271993,0.40895407822138,0.4259600354150697
BabyLM-125M,default,decile,4,-0.5139610175239315,5.551115123125783e-17,1,rel_freq,0.19911548669562895,0.19078240324894105,0.20745983254975658
BabyLM-125M,default,decile,5,-0.5139610175239315,5.551115123125783e-17,1,y_pred,0.41753887257271993,0.40895407822138,0.4259600354150697
BabyLM-125M,default,decile,5,-0.5139610175239315,5.551115123125783e-17,1,rel_freq,0.19911548669562895,0.19078240324894105,0.20745983254975658
BabyLM-125M,default,decile,6,-0.5139610175239315,5.551115123125783e-17,1,y_pred,0.41753887257271993,0.40895407822138,0.4259600354150697
BabyLM-125M,default,decile,6,-0.5139610175239315,5.551115123125783e-17,1,rel_freq,0.19911548669562895,0.19078240324894105,0.20745983254975658
BabyLM-125M,default,decile,7,-0.5139610175239315,5.551115123125783e-17,1,y_pred,0.41753887257271993,0.40895407822138,0.4259600354150697
BabyLM-125M,default,decile,7,-0.5139610175239315,5.551115123125783e-17,1,rel_freq,0.19911548669562895,0.19078240324894105,0.20745983254975658
BabyLM-125M,default,decile,8,0.6265447271664719,0.6931471805599454,2,y_pred,0.4195094472217918,0.4106323850369987,0.42855115349292444
BabyLM-125M,default,decile,8,0.6265447271664719,0.6931471805599454,2,rel_freq,0.33067022966858106,0.3202739617881688,0.3407974276681077
BabyLM-125M,default,decile,9,0.6265447271664719,0.6931471805599454,2,y_pred,0.4195094472217918,0.4106323850369987,0.42855115349292444
BabyLM-125M,default,decile,9,0.6265447271664719,0.6931471805599454,2,rel_freq,0.33067022966858106,0.3202739617881688,0.3407974276681077
BabyLM-125M,default,decile,10,2.1342113134531493,1.6094379124341003,4.999999999999999,y_pred,0.4221144052134727,0.40498834104378867,0.43982318304696655
BabyLM-125M,default,decile,10,2.1342113134531493,1.6094379124341003,4.999999999999999,rel_freq,0.5045761404202123,0.48303743345248457,0.5257246754851091
BabyLM-125M,default,grid,NA,-0.5139610175239315,5.551115123125783e-17,1,y_pred,0.41753887257271993,0.40895407822138,0.4259600354150697
BabyLM-125M,default,grid,NA,-0.5139610175239315,5.551115123125783e-17,1,rel_freq,0.19911548669562895,0.19078240324894105,0.20745983254975658
BabyLM-125M,default,grid,NA,-0.39970893628884363,0.06943718464364645,1.071904727012578,y_pred,0.4177362782025764,0.4095154849006043,0.42585059748234055
BabyLM-125M,default,grid,NA,-0.39970893628884363,0.06943718464364645,1.071904727012578,rel_freq,0.2122942043399552,0.20429576230359447,0.22036279307965245
BabyLM-125M,default,grid,NA,-0.28545685505375573,0.13887436928729288,1.1489797437919094,y_pred,0.4179336838324329,0.4100194008023954,0.42578738269676
BabyLM-125M,default,grid,NA,-0.28545685505375573,0.13887436928729288,1.1489797437919094,rel_freq,0.2254729219842814,0.21775622619856738,0.23330037030004924
BabyLM-125M,default,grid,NA,-0.1712047738186679,0.20831155393093925,1.2315968186122486,y_pred,0.41813108946228944,0.4103528351971906,0.4257498094417554
BabyLM-125M,default,grid,NA,-0.1712047738186679,0.20831155393093925,1.2315968186122486,rel_freq,0.2386516396286076,0.23104103572333853,0.24627579699830882
BabyLM-125M,default,grid,NA,-0.05695269258357999,0.2777487385745857,1.320154451644122,y_pred,0.4183284950921459,0.41072198981715313,0.4258675210502302
BabyLM-125M,default,grid,NA,-0.05695269258357999,0.2777487385745857,1.320154451644122,rel_freq,0.25183035727293385,0.2441240488800302,0.25953422678290655
BabyLM-125M,default,grid,NA,0.057299388651507854,0.34718592321823205,1.4150797971040319,y_pred,0.4185259007220024,0.4109081571615101,0.426161998411155
BabyLM-125M,default,grid,NA,0.057299388651507854,0.34718592321823205,1.4150797971040319,rel_freq,0.26500907491726006,0.25718346988455826,0.2729135640732284
BabyLM-125M,default,grid,NA,0.17155146988659575,0.4166231078618785,1.5168307236158116,y_pred,0.4187233063518589,0.41100345224588775,0.4264749879440357
BabyLM-125M,default,grid,NA,0.17155146988659575,0.4166231078618785,1.5168307236158116,rel_freq,0.27818779256158627,0.269999432722545,0.28637867690215846
BabyLM-125M,default,grid,NA,0.28580355112168365,0.4860602925055249,1.6258980227216977,y_pred,0.41892071198171543,0.41105036123735506,0.4268085047492279
BabyLM-125M,default,grid,NA,0.28580355112168365,0.4860602925055249,1.6258980227216977,rel_freq,0.2913665102059125,0.28281899693181406,0.29986276280392915
BabyLM-125M,default,grid,NA,0.40005563235677155,0.5554974771491713,1.7428077761957919,y_pred,0.4191181176115719,0.4110809089649715,0.4273619275473804
BabyLM-125M,default,grid,NA,0.40005563235677155,0.5554974771491713,1.7428077761957919,rel_freq,0.3045452278502387,0.2954720243356529,0.31349723708291927
BabyLM-125M,default,grid,NA,0.51430771359185945,0.6249346617928178,1.8681238935785485,y_pred,0.4193155232414284,0.4108906993687997,0.42786990216604753
BabyLM-125M,default,grid,NA,0.51430771359185945,0.6249346617928178,1.8681238935785485,rel_freq,0.3177239454945649,0.30802511096772683,0.3272111652558945
BabyLM-125M,default,grid,NA,0.6285597948269472,0.6943718464364641,2.0024508321719883,y_pred,0.41951292887128494,0.41063612507179914,0.4285661357819265
BabyLM-125M,default,grid,NA,0.6285597948269472,0.6943718464364641,2.0024508321719883,rel_freq,0.3309026631388911,0.32048871777692417,0.3410419163365413
BabyLM-125M,default,grid,NA,0.7428118760620352,0.7638090310801107,2.146436512615425,y_pred,0.4197103345011414,0.41041588837376025,0.4292122372923597
BabyLM-125M,default,grid,NA,0.7428118760620352,0.7638090310801107,2.146436512615425,rel_freq,0.34408138078321737,0.3329090082080551,0.3548283065261376
BabyLM-125M,default,grid,NA,0.857063957297123,0.833246215723757,2.300775444104867,y_pred,0.4199077401309979,0.41015267132264455,0.42993646614918635
BabyLM-125M,default,grid,NA,0.857063957297123,0.833246215723757,2.300775444104867,rel_freq,0.3572600984275435,0.34538603845757765,0.3688428406038124
BabyLM-125M,default,grid,NA,0.971316038532211,0.9026834003674034,2.4662120743304703,y_pred,0.4201051457608544,0.40974702297996485,0.430603870316676
BabyLM-125M,default,grid,NA,0.971316038532211,0.9026834003674034,2.4662120743304703,rel_freq,0.3704388160718698,0.35778642638975106,0.3828984680219621
BabyLM-125M,default,grid,NA,1.0855681197672988,0.9721205850110497,2.6435443802903262,y_pred,0.42030255139071093,0.40934430199118893,0.43143890781413746
BabyLM-125M,default,grid,NA,1.0855681197672988,0.9721205850110497,2.6435443802903262,rel_freq,0.383617533716196,0.3701481503299057,0.39693279870887405
BabyLM-125M,default,grid,NA,1.1998202010023868,1.0415577696546963,2.8336277173007374,y_pred,0.4204999570205674,0.40893234827545705,0.43227362945078496
BabyLM-125M,default,grid,NA,1.1998202010023868,1.0415577696546963,2.8336277173007374,rel_freq,0.3967962513605222,0.38247042371366735,0.41090836428232635
BabyLM-125M,default,grid,NA,1.3140722822374746,1.1109949542983426,3.037378944768521,y_pred,0.4206973626504239,0.40859268975153307,0.4331382940152833
BabyLM-125M,default,grid,NA,1.3140722822374746,1.1109949542983426,3.037378944768521,rel_freq,0.4099749690048484,0.3948532881400167,0.42486448273893035
BabyLM-125M,default,grid,NA,1.4283243634725624,1.180432138941989,3.2557808486258537,y_pred,0.42089476828028044,0.4081555905429729,0.4339215076087573
BabyLM-125M,default,grid,NA,1.4283243634725624,1.180432138941989,3.2557808486258537,rel_freq,0.42315368664917463,0.4071449236476359,0.43878932467783194
BabyLM-125M,default,grid,NA,1.5425764447076504,1.2498693235856355,3.489886881759076,y_pred,0.4210921739101369,0.40771922810515876,0.4349307507363544
BabyLM-125M,default,grid,NA,1.5425764447076504,1.2498693235856355,3.489886881759076,rel_freq,0.43633240429350084,0.4193944665026596,0.45285709738789676
BabyLM-125M,default,grid,NA,1.6568285259427384,1.319306508229282,3.7408262452967396,y_pred,0.4212895795399934,0.40721499409680934,0.43588096056871595
BabyLM-125M,default,grid,NA,1.6568285259427384,1.319306508229282,3.7408262452967396,rel_freq,0.4495111219378271,0.43164072849127483,0.46692846750480194
BabyLM-125M,default,grid,NA,1.771080607177826,1.3887436928729282,4.009809335266288,y_pred,0.4214869851698499,0.40665199075822456,0.4367489321658834
BabyLM-125M,default,grid,NA,1.771080607177826,1.3887436928729282,4.009809335266288,rel_freq,0.46268983958215326,0.44391842974247137,0.4809505266969169
BabyLM-125M,default,grid,NA,1.885332688412914,1.4581808775165748,4.298133580891098,y_pred,0.42168439079970643,0.40611923764096963,0.43776338940027054
BabyLM-125M,default,grid,NA,1.885332688412914,1.4581808775165748,4.298133580891098,rel_freq,0.4758685572264795,0.45624855747694537,0.49500191667283355
BabyLM-125M,default,grid,NA,1.999584769648002,1.5276180621602213,4.607189702688667,y_pred,0.4218817964295629,0.40562328703837325,0.4387656481939032
BabyLM-125M,default,grid,NA,1.999584769648002,1.5276180621602213,4.607189702688667,rel_freq,0.48904727487080574,0.4685341929674505,0.5090734886975782
BabyLM-125M,default,grid,NA,2.1138368508830903,1.597055246803868,4.938468420555657,y_pred,0.4220792020594194,0.4051042835791228,0.43966926933763334
BabyLM-125M,default,grid,NA,2.1138368508830903,1.597055246803868,4.938468420555657,rel_freq,0.502225992515132,0.48085655950617756,0.5231795807687487
BabyLM-125M,default,grid,NA,2.228088932118178,1.666492431447514,5.293567644195948,y_pred,0.4222766076892759,0.4044978077105671,0.4406176117461574
BabyLM-125M,default,grid,NA,2.228088932118178,1.666492431447514,5.293567644195948,rel_freq,0.5154047101594582,0.49307296208792306,0.53733982433544
BabyLM-125M,default,grid,NA,2.3423410133532654,1.7359296160911604,5.674200180574473,y_pred,0.4224740133191324,0.4040114745406438,0.4416016103162396
BabyLM-125M,default,grid,NA,2.3423410133532654,1.7359296160911604,5.674200180574473,rel_freq,0.5285834278037843,0.5053286839192669,0.5513998846076884
BabyLM-125M,default,grid,NA,2.456593094588354,1.8053668007348072,6.082201995573403,y_pred,0.4226714189489889,0.4034850895673329,0.4426035247623972
BabyLM-125M,default,grid,NA,2.456593094588354,1.8053668007348072,6.082201995573403,rel_freq,0.5417621454481106,0.5175752037512424,0.5654928633865606
BabyLM-125M,default,grid,NA,2.5708451758234414,1.8748039853784533,6.519541069700463,y_pred,0.4228688245788454,0.40292509573541807,0.44351570831063575
BabyLM-125M,default,grid,NA,2.5708451758234414,1.8748039853784533,6.519541069700463,rel_freq,0.5549408630924368,0.5298798400783231,0.5795432816316347
BabyLM-125M,default,grid,NA,2.685097257058529,1.9442411700220994,6.988326890564564,y_pred,0.42306623020870193,0.40233213884631425,0.44448648359994347
BabyLM-125M,default,grid,NA,2.685097257058529,1.9442411700220994,6.988326890564564,rel_freq,0.568119580736763,0.5420454435960903,0.5936518233680289
BabyLM-125M,default,grid,NA,2.7993493382936174,2.013678354665746,7.49082062790527,y_pred,0.4232636358385584,0.4017470019494139,0.4454910358030116
BabyLM-125M,default,grid,NA,2.7993493382936174,2.013678354665746,7.49082062790527,rel_freq,0.5812982983810893,0.5542250298575879,0.6078864842781723
BabyLM-125M,default,grid,NA,2.913601419528705,2.0831155393093925,8.029446040254987,y_pred,0.4234610414684149,0.4011473470824483,0.44651844961254
BabyLM-125M,default,grid,NA,2.913601419528705,2.0831155393093925,8.029446040254987,rel_freq,0.5944770160254155,0.5665438214511103,0.621976108130288
BabyLM-125M,default,grid,NA,3.0278535007637926,2.1525527239530384,8.606801165841743,y_pred,0.4236584470982714,0.4005824506395756,0.4476213545851598
BabyLM-125M,default,grid,NA,3.0278535007637926,2.1525527239530384,8.606801165841743,rel_freq,0.6076557336697417,0.5787411377661528,0.6360823080230346
BabyLM-125M,default,grid,NA,3.142105581998881,2.221989908596685,9.225670854123134,y_pred,0.4238558527281279,0.3999668280298551,0.44871578885871327
BabyLM-125M,default,grid,NA,3.142105581998881,2.221989908596685,9.225670854123134,rel_freq,0.6208344513140679,0.5909007190560077,0.6501980728621577
BabyLM-125M,default,grid,NA,3.2563576632339686,2.2914270932403316,9.889040198396755,y_pred,0.4240532583579844,0.39934434061656765,0.44964365395413236
BabyLM-125M,default,grid,NA,3.2563576632339686,2.2914270932403316,9.889040198396755,rel_freq,0.6340131689583941,0.6031017627333322,0.664368962853004
BabyLM-125M,default,grid,NA,3.370609744469056,2.360864277883978,10.600108934278884,y_pred,0.4242506639878409,0.39877265232815623,0.45068320950067003
BabyLM-125M,default,grid,NA,3.370609744469056,2.360864277883978,10.600108934278884,rel_freq,0.6471918866027203,0.6153018141476431,0.6785158298052745
BabyLM-125M,default,grid,NA,3.4848618257041446,2.4303014625276247,11.3623068735018,y_pred,0.42444806961769743,0.39810262338291336,0.4515874273799691
BabyLM-125M,default,grid,NA,3.4848618257041446,2.4303014625276247,11.3623068735018,rel_freq,0.6603706042470465,0.627487418435879,0.6927031895143865
BabyLM-125M,default,grid,NA,3.599113906939232,2.499738647171271,12.179310447474085,y_pred,0.4246454752475539,0.39752032954289507,0.45260784261836
BabyLM-125M,default,grid,NA,3.599113906939232,2.499738647171271,12.179310447474085,rel_freq,0.6735493218913727,0.6396481144382319,0.7068438132098657
BabyLM-125M,default,grid,NA,3.7133659881743197,2.569175831814917,13.055060440401142,y_pred,0.4248428808774104,0.3969195877285982,0.4536414049909037
BabyLM-125M,default,grid,NA,3.7133659881743197,2.569175831814917,13.055060440401142,rel_freq,0.6867280395356989,0.6518141022642299,0.720958890963858
BabyLM-125M,default,grid,NA,3.827618069409408,2.6386130164585637,13.993780997500897,y_pred,0.4250402865072669,0.39630868004616226,0.45467307834632603
BabyLM-125M,default,grid,NA,3.827618069409408,2.6386130164585637,13.993780997500897,rel_freq,0.6999067571800253,0.6639912119202209,0.73517097742775706
BabyLM-125M,default,grid,NA,3.9418701506444958,2.70805020110221,15,y_pred,0.4252376921371234,0.395688481025221,0.4556457267884225
BabyLM-125M,default,grid,NA,3.9418701506444958,2.70805020110221,15,rel_freq,0.7130854748243514,0.6761676275170173,0.7492639603632166
BabyLM-1.3B,attn_zeroed,decile,1,-0.5139610175239315,5.551115123125783e-17,1,y_pred,0.2820124300127324,0.27268548635260564,0.29142069027343603
BabyLM-1.3B,attn_zeroed,decile,1,-0.5139610175239315,5.551115123125783e-17,1,rel_freq,0.2358657579449726,0.22674833596251223,0.2450543771001271
BabyLM-1.3B,attn_zeroed,decile,2,-0.5139610175239315,5.551115123125783e-17,1,y_pred,0.2820124300127324,0.27268548635260564,0.29142069027343603
BabyLM-1.3B,attn_zeroed,decile,2,-0.5139610175239315,5.551115123125783e-17,1,rel_freq,0.2358657579449726,0.22674833596251223,0.2450543771001271
BabyLM-1.3B,attn_zeroed,decile,3,-0.5139610175239315,5.551115123125783e-17,1,y_pred,0.2820124300127324,0.27268548635260564,0.29142069027343603
BabyLM-1.3B,attn_zeroed,decile,3,-0.5139610175239315,5.551115123125783e-17,1,rel_freq,0.2358657579449726,0.22674833596251223,0.2450543771001271
BabyLM-1.3B,attn_zeroed,decile,4,-0.5139610175239315,5.551115123125783e-17,1,y_pred,0.2820124300127324,0.27268548635260564,0.29142069027343603
BabyLM-1.3B,attn_zeroed,decile,4,-0.5139610175239315,5.551115123125783e-17,1,rel_freq,0.2358657579449726,0.22674833596251223,0.2450543771001271
BabyLM-1.3B,attn_zeroed,decile,5,-0.5139610175239315,5.551115123125783e-17,1,y_pred,0.2820124300127324,0.27268548635260564,0.29142069027343603
BabyLM-1.3B,attn_zeroed,decile,5,-0.5139610175239315,5.551115123125783e-17,1,rel_freq,0.2358657579449726,0.22674833596251223,0.2450543771001271
BabyLM-1.3B,attn_zeroed,decile,6,-0.5139610175239315,5.551115123125783e-17,1,y_pred,0.2820124300127324,0.27268548635260564,0.29142069027343603
BabyLM-1.3B,attn_zeroed,decile,6,-0.5139610175239315,5.551115123125783e-17,1,rel_freq,0.2358657579449726,0.22674833596251223,0.2450543771001271
BabyLM-1.3B,attn_zeroed,decile,7,-0.5139610175239315,5.551115123125783e-17,1,y_pred,0.2820124300127324,0.27268548635260564,0.29142069027343603
BabyLM-1.3B,attn_zeroed,decile,7,-0.5139610175239315,5.551115123125783e-17,1,rel_freq,0.2358657579449726,0.22674833596251223,0.2450543771001271
BabyLM-1.3B,attn_zeroed,decile,8,0.6265447271664719,0.6931471805599454,2,y_pred,0.2664661502245385,0.25728054019724134,0.2757204790142438
BabyLM-1.3B,attn_zeroed,decile,8,0.6265447271664719,0.6931471805599454,2,rel_freq,0.2749446388113039,0.26474734988269977,0.28496839390626466
BabyLM-1.3B,attn_zeroed,decile,9,0.6265447271664719,0.6931471805599454,2,y_pred,0.2664661502245385,0.25728054019724134,0.2757204790142438
BabyLM-1.3B,attn_zeroed,decile,9,0.6265447271664719,0.6931471805599454,2,rel_freq,0.2749446388113039,0.26474734988269977,0.28496839390626466
BabyLM-1.3B,attn_zeroed,decile,10,2.1342113134531493,1.6094379124341003,4.999999999999999,y_pred,0.2459150862015455,0.2285626448957505,0.2637215229268436
BabyLM-1.3B,attn_zeroed,decile,10,2.1342113134531493,1.6094379124341003,4.999999999999999,rel_freq,0.32660410934526335,0.3049783504615242,0.3472187568283768
BabyLM-1.3B,attn_zeroed,grid,NA,-0.5139610175239315,5.551115123125783e-17,1,y_pred,0.2820124300127324,0.27268548635260564,0.29142069027343603
BabyLM-1.3B,attn_zeroed,grid,NA,-0.5139610175239315,5.551115123125783e-17,1,rel_freq,0.2358657579449726,0.22674833596251223,0.2450543771001271
BabyLM-1.3B,attn_zeroed,grid,NA,-0.39970893628884363,0.06943718464364645,1.071904727012578,y_pred,0.2804550552870608,0.27151127110083717,0.289510689384896
BabyLM-1.3B,attn_zeroed,grid,NA,-0.39970893628884363,0.06943718464364645,1.071904727012578,rel_freq,0.23978055056403863,0.2310568382627965,0.2486104522878247
BabyLM-1.3B,attn_zeroed,grid,NA,-0.28545685505375573,0.13887436928729288,1.1489797437919094,y_pred,0.27889768056138914,0.2702014070404711,0.28761435340842084
BabyLM-1.3B,attn_zeroed,grid,NA,-0.28545685505375573,0.13887436928729288,1.1489797437919094,rel_freq,0.24369534318310468,0.2352761355980527,0.25226834349420774
BabyLM-1.3B,attn_zeroed,grid,NA,-0.1712047738186679,0.20831155393093925,1.2315968186122486,y_pred,0.2773403058357175,0.26888582230680846,0.2858293206167944
BabyLM-1.3B,attn_zeroed,grid,NA,-0.1712047738186679,0.20831155393093925,1.2315968186122486,rel_freq,0.2476101358021707,0.23929425648183084,0.2559882428311561
BabyLM-1.3B,attn_zeroed,grid,NA,-0.05695269258357999,0.2777487385745857,1.320154451644122,y_pred,0.27578293111004587,0.2674623187653805,0.2840757053983621
BabyLM-1.3B,attn_zeroed,grid,NA,-0.05695269258357999,0.2777487385745857,1.320154451644122,rel_freq,0.25152492842123675,0.24335318613954912,0.2598067239763489
BabyLM-1.3B,attn_zeroed,grid,NA,0.057299388651507854,0.34718592321823205,1.4150797971040319,y_pred,0.2742255563843743,0.26590558199853126,0.282489344039057
BabyLM-1.3B,attn_zeroed,grid,NA,0.057299388651507854,0.34718592321823205,1.4150797971040319,rel_freq,0.25543972104030277,0.24719231137250777,0.2638035841867765
BabyLM-1.3B,attn_zeroed,grid,NA,0.17155146988659575,0.4166231078618785,1.5168307236158116,y_pred,0.27266818165870266,0.26431886868161003,0.2810105255833274
BabyLM-1.3B,attn_zeroed,grid,NA,0.17155146988659575,0.4166231078618785,1.5168307236158116,rel_freq,0.2593545136593688,0.25086193156168396,0.2679379547535746
BabyLM-1.3B,attn_zeroed,grid,NA,0.28580355112168365,0.4860602925055249,1.6258980227216977,y_pred,0.271110806933031,0.26263321415335744,0.27942085322117843
BabyLM-1.3B,attn_zeroed,grid,NA,0.28580355112168365,0.4860602925055249,1.6258980227216977,rel_freq,0.2632693062784348,0.25456076420709084,0.27212534174750036
BabyLM-1.3B,attn_zeroed,grid,NA,0.40005563235677155,0.5554974771491713,1.7428077761957919,y_pred,0.2695534322073594,0.2609105565820601,0.27809546435670485
BabyLM-1.3B,attn_zeroed,grid,NA,0.40005563235677155,0.5554974771491713,1.7428077761957919,rel_freq,0.2671840988975009,0.2580217707462912,0.2763460065501501
BabyLM-1.3B,attn_zeroed,grid,NA,0.51430771359185945,0.6249346617928178,1.8681238935785485,y_pred,0.26799605748168775,0.25912223453100947,0.2768800423249431
BabyLM-1.3B,attn_zeroed,grid,NA,0.51430771359185945,0.6249346617928178,1.8681238935785485,rel_freq,0.2710988915165669,0.26139502076893445,0.2805888789654769
BabyLM-1.3B,attn_zeroed,grid,NA,0.6285597948269472,0.6943718464364641,2.0024508321719883,y_pred,0.2664386827560161,0.2572389905120116,0.2756991433878327
BabyLM-1.3B,attn_zeroed,grid,NA,0.6285597948269472,0.6943718464364641,2.0024508321719883,rel_freq,0.27501368413563293,0.26480455037314704,0.28506164116275695
BabyLM-1.3B,attn_zeroed,grid,NA,0.7428118760620352,0.7638090310801107,2.146436512615425,y_pred,0.2648813080303445,0.2551700335261306,0.27443028842686795
BabyLM-1.3B,attn_zeroed,grid,NA,0.7428118760620352,0.7638090310801107,2.146436512615425,rel_freq,0.27892847675469895,0.2681612501603328,0.28954534947320437
BabyLM-1.3B,attn_zeroed,grid,NA,0.857063957297123,0.833246215723757,2.300775444104867,y_pred,0.2633239333046729,0.253123158152456,0.2733984221930105
BabyLM-1.3B,attn_zeroed,grid,NA,0.857063957297123,0.833246215723757,2.300775444104867,rel_freq,0.282843269373765,0.2713231643197946,0.2942012000179283
BabyLM-1.3B,attn_zeroed,grid,NA,0.971316038532211,0.9026834003674034,2.4662120743304703,y_pred,0.2617665585790013,0.25108305329492775,0.27243598116054235
BabyLM-1.3B,attn_zeroed,grid,NA,0.971316038532211,0.9026834003674034,2.4662120743304703,rel_freq,0.28675806199283105,0.27447545134548185,0.2987565895571776
BabyLM-1.3B,attn_zeroed,grid,NA,1.0855681197672988,0.9721205850110497,2.6435443802903262,y_pred,0.26020918385332964,0.24898115878204702,0.27147730698609895
BabyLM-1.3B,attn_zeroed,grid,NA,1.0855681197672988,0.9721205850110497,2.6435443802903262,rel_freq,0.29067285461189707,0.27749790844723693,0.3033964957022048
BabyLM-1.3B,attn_zeroed,grid,NA,1.1998202010023868,1.0415577696546963,2.8336277173007374,y_pred,0.258651809127658,0.24683964297275834,0.2704428568790274
BabyLM-1.3B,attn_zeroed,grid,NA,1.1998202010023868,1.0415577696546963,2.8336277173007374,rel_freq,0.2945876472309631,0.28058131903222405,0.3080758302031104
BabyLM-1.3B,attn_zeroed,grid,NA,1.3140722822374746,1.1109949542983426,3.037378944768521,y_pred,0.25709443440198637,0.2446449763342948,0.26960961022583674
BabyLM-1.3B,attn_zeroed,grid,NA,1.3140722822374746,1.1109949542983426,3.037378944768521,rel_freq,0.29850243985002917,0.2836347323837178,0.31285688637174114
BabyLM-1.3B,attn_zeroed,grid,NA,1.4283243634725624,1.180432138941989,3.2557808486258537,y_pred,0.25553705967631474,0.24249234342217996,0.2687170296104381
BabyLM-1.3B,attn_zeroed,grid,NA,1.4283243634725624,1.180432138941989,3.2557808486258537,rel_freq,0.3024172324690952,0.28669371168525326,0.3175738453566956
BabyLM-1.3B,attn_zeroed,grid,NA,1.5425764447076504,1.2498693235856355,3.489886881759076,y_pred,0.25397968495064316,0.2403158690956525,0.26787477549215566
BabyLM-1.3B,attn_zeroed,grid,NA,1.5425764447076504,1.2498693235856355,3.489886881759076,rel_freq,0.3063320250881612,0.28972227802414124,0.32242544653451055
BabyLM-1.3B,attn_zeroed,grid,NA,1.6568285259427384,1.319306508229282,3.7408262452967396,y_pred,0.2524223102249715,0.2381361473852443,0.26706991008180186
BabyLM-1.3B,attn_zeroed,grid,NA,1.6568285259427384,1.319306508229282,3.7408262452967396,rel_freq,0.31024681770722723,0.2926879646419205,0.32708414234493316
BabyLM-1.3B,attn_zeroed,grid,NA,1.771080607177826,1.3887436928729282,4.009809335266288,y_pred,0.2508649354992999,0.2358845066367945,0.2662852580661247
BabyLM-1.3B,attn_zeroed,grid,NA,1.771080607177826,1.3887436928729282,4.009809335266288,rel_freq,0.31416161032629325,0.2956366689986717,0.33181184057257046
BabyLM-1.3B,attn_zeroed,grid,NA,1.885332688412914,1.4581808775165748,4.298133580891098,y_pred,0.24930756077362826,0.23354087806749252,0.2654261479307821
BabyLM-1.3B,attn_zeroed,grid,NA,1.885332688412914,1.4581808775165748,4.298133580891098,rel_freq,0.3180764029453593,0.2986139049586732,0.33662875878740883
BabyLM-1.3B,attn_zeroed,grid,NA,1.999584769648002,1.5276180621602213,4.607189702688667,y_pred,0.24775018604795662,0.23125273874542285,0.26469612875802506
BabyLM-1.3B,attn_zeroed,grid,NA,1.999584769648002,1.5276180621602213,4.607189702688667,rel_freq,0.32199119556442535,0.30149350441532335,0.3414825931927032
BabyLM-1.3B,attn_zeroed,grid,NA,2.1138368508830903,1.597055246803868,4.938468420555657,y_pred,0.246192811322285,0.22896961263398313,0.2638589459319839
BabyLM-1.3B,attn_zeroed,grid,NA,2.1138368508830903,1.597055246803868,4.938468420555657,rel_freq,0.32590598818349137,0.3044735227733796,0.3463648495554887
BabyLM-1.3B,attn_zeroed,grid,NA,2.228088932118178,1.666492431447514,5.293567644195948,y_pred,0.24463543659661338,0.2267390502916678,0.26324029966627605
BabyLM-1.3B,attn_zeroed,grid,NA,2.228088932118178,1.666492431447514,5.293567644195948,rel_freq,0.32982078080255745,0.30741293557934896,0.35121807627359647
BabyLM-1.3B,attn_zeroed,grid,NA,2.3423410133532654,1.7359296160911604,5.674200180574473,y_pred,0.24307806187094175,0.2245066415602881,0.262447521240217
BabyLM-1.3B,attn_zeroed,grid,NA,2.3423410133532654,1.7359296160911604,5.674200180574473,rel_freq,0.33373557342162347,0.3103172158888891,0.3559942885044132
BabyLM-1.3B,attn_zeroed,grid,NA,2.456593094588354,1.8053668007348072,6.082201995573403,y_pred,0.2415206871452701,0.22218280552935868,0.2616762071299496
BabyLM-1.3B,attn_zeroed,grid,NA,2.456593094588354,1.8053668007348072,6.082201995573403,rel_freq,0.3376503660406895,0.3132656936376621,0.36083296172435586
BabyLM-1.3B,attn_zeroed,grid,NA,2.5708451758234414,1.8748039853784533,6.519541069700463,y_pred,0.2399633124195985,0.2199437527665192,0.26101788113470026
BabyLM-1.3B,attn_zeroed,grid,NA,2.5708451758234414,1.8748039853784533,6.519541069700463,rel_freq,0.3415651586597555,0.31621218188806555,0.3656271065241363
BabyLM-1.3B,attn_zeroed,grid,NA,2.685097257058529,1.9442411700220994,6.988326890564564,y_pred,0.23840593769392687,0.2175522690429769,0.2602229323170163
BabyLM-1.3B,attn_zeroed,grid,NA,2.685097257058529,1.9442411700220994,6.988326890564564,rel_freq,0.34547995127882153,0.31917228407338305,0.37049927441181335
BabyLM-1.3B,attn_zeroed,grid,NA,2.7993493382936174,2.013678354665746,7.49082062790527,y_pred,0.23684856296825524,0.21525225058344255,0.2594341195801349
BabyLM-1.3B,attn_zeroed,grid,NA,2.7993493382936174,2.013678354665746,7.49082062790527,rel_freq,0.3493947438978876,0.32202612651208307,0.3754160359553866
BabyLM-1.3B,attn_zeroed,grid,NA,2.913601419528705,2.0831155393093925,8.029446040254987,y_pred,0.23529118824258363,0.21288523764313258,0.2586219408393699
BabyLM-1.3B,attn_zeroed,grid,NA,2.913601419528705,2.0831155393093925,8.029446040254987,rel_freq,0.3533095365169536,0.32501314399220366,0.3802823074754134
BabyLM-1.3B,attn_zeroed,grid,NA,3.0278535007637926,2.1525527239530384,8.606801165841743,y_pred,0.233733813516912,0.21050816806420466,0.2579207150196754
BabyLM-1.3B,attn_zeroed,grid,NA,3.0278535007637926,2.1525527239530384,8.606801165841743,rel_freq,0.35722432913601965,0.32784712294347595,0.3850547911703919
BabyLM-1.3B,attn_zeroed,grid,NA,3.142105581998881,2.221989908596685,9.225670854123134,y_pred,0.23217643879124036,0.20807345582345538,0.2572255493614786
BabyLM-1.3B,attn_zeroed,grid,NA,3.142105581998881,2.221989908596685,9.225670854123134,rel_freq,0.36113912175508567,0.33070799836754916,0.38998166379684746
BabyLM-1.3B,attn_zeroed,grid,NA,3.2563576632339686,2.2914270932403316,9.889040198396755,y_pred,0.23061906406556876,0.2057453826018956,0.2565204659256303
BabyLM-1.3B,attn_zeroed,grid,NA,3.2563576632339686,2.2914270932403316,9.889040198396755,rel_freq,0.36505391437415174,0.3336550484155028,0.39484770426700827
BabyLM-1.3B,attn_zeroed,grid,NA,3.370609744469056,2.360864277883978,10.600108934278884,y_pred,0.22906168933989712,0.20346261103791607,0.25567087909636366
BabyLM-1.3B,attn_zeroed,grid,NA,3.370609744469056,2.360864277883978,10.600108934278884,rel_freq,0.36896870699321777,0.3365336038115481,0.39979840835558067
BabyLM-1.3B,attn_zeroed,grid,NA,3.4848618257041446,2.4303014625276247,11.3623068735018,y_pred,0.2275043146142255,0.2009666490360864,0.25496830764106937
BabyLM-1.3B,attn_zeroed,grid,NA,3.4848618257041446,2.4303014625276247,11.3623068735018,rel_freq,0.3728834996122838,0.33945314779280217,0.40467897224047067
BabyLM-1.3B,attn_zeroed,grid,NA,3.599113906939232,2.499738647171271,12.179310447474085,y_pred,0.22594693988855385,0.19868471354335943,0.2542634639371486
BabyLM-1.3B,attn_zeroed,grid,NA,3.599113906939232,2.499738647171271,12.179310447474085,rel_freq,0.3767982922313498,0.3423793242165091,0.40961862951068734
BabyLM-1.3B,attn_zeroed,grid,NA,3.7133659881743197,2.569175831814917,13.055060440401142,y_pred,0.22438956516288225,0.1963794917763014,0.25345826075225103
BabyLM-1.3B,attn_zeroed,grid,NA,3.7133659881743197,2.569175831814917,13.055060440401142,rel_freq,0.38071308485041583,0.3453108141093283,0.4145191003173601
BabyLM-1.3B,attn_zeroed,grid,NA,3.827618069409408,2.6386130164585637,13.993780997500897,y_pred,0.22283219043721061,0.1940111088478279,0.25279662609169073
BabyLM-1.3B,attn_zeroed,grid,NA,3.827618069409408,2.6386130164585637,13.993780997500897,rel_freq,0.3846278774694819,0.34826213843063625,0.41956517896677925
BabyLM-1.3B,attn_zeroed,grid,NA,3.9418701506444958,2.70805020110221,15,y_pred,0.22127481571153898,0.19158055902543683,0.252148646646484
BabyLM-1.3B,attn_zeroed,grid,NA,3.9418701506444958,2.70805020110221,15,rel_freq,0.3885426700885479,0.35125990168731985,0.42442581614696057
BabyLM-1.3B,default,decile,1,-0.5139610175239315,5.551115123125783e-17,1,y_pred,0.33147998051546235,0.322605970795175,0.3403013189346086
BabyLM-1.3B,default,decile,1,-0.5139610175239315,5.551115123125783e-17,1,rel_freq,0.28784472601076055,0.2792791493269323,0.2964038632379821
BabyLM-1.3B,default,decile,2,-0.5139610175239315,5.551115123125783e-17,1,y_pred,0.33147998051546235,0.322605970795175,0.3403013189346086
BabyLM-1.3B,default,decile,2,-0.5139610175239315,5.551115123125783e-17,1,rel_freq,0.28784472601076055,0.2792791493269323,0.2964038632379821
BabyLM-1.3B,default,decile,3,-0.5139610175239315,5.551115123125783e-17,1,y_pred,0.33147998051546235,0.322605970795175,0.3403013189346086
BabyLM-1.3B,default,decile,3,-0.5139610175239315,5.551115123125783e-17,1,rel_freq,0.28784472601076055,0.2792791493269323,0.2964038632379821
BabyLM-1.3B,default,decile,4,-0.5139610175239315,5.551115123125783e-17,1,y_pred,0.33147998051546235,0.322605970795175,0.3403013189346086
BabyLM-1.3B,default,decile,4,-0.5139610175239315,5.551115123125783e-17,1,rel_freq,0.28784472601076055,0.2792791493269323,0.2964038632379821
BabyLM-1.3B,default,decile,5,-0.5139610175239315,5.551115123125783e-17,1,y_pred,0.33147998051546235,0.322605970795175,0.3403013189346086
BabyLM-1.3B,default,decile,5,-0.5139610175239315,5.551115123125783e-17,1,rel_freq,0.28784472601076055,0.2792791493269323,0.2964038632379821
BabyLM-1.3B,default,decile,6,-0.5139610175239315,5.551115123125783e-17,1,y_pred,0.33147998051546235,0.322605970795175,0.3403013189346086
BabyLM-1.3B,default,decile,6,-0.5139610175239315,5.551115123125783e-17,1,rel_freq,0.28784472601076055,0.2792791493269323,0.2964038632379821
BabyLM-1.3B,default,decile,7,-0.5139610175239315,5.551115123125783e-17,1,y_pred,0.33147998051546235,0.322605970795175,0.3403013189346086
BabyLM-1.3B,default,decile,7,-0.5139610175239315,5.551115123125783e-17,1,rel_freq,0.28784472601076055,0.2792791493269323,0.2964038632379821
BabyLM-1.3B,default,decile,8,0.6265447271664719,0.6931471805599454,2,y_pred,0.33304695682143887,0.32412222813804414,0.34191064142905053
BabyLM-1.3B,default,decile,8,0.6265447271664719,0.6931471805599454,2,rel_freq,0.40498571992325955,0.39516147576860683,0.414751962300139
BabyLM-1.3B,default,decile,9,0.6265447271664719,0.6931471805599454,2,y_pred,0.33304695682143887,0.32412222813804414,0.34191064142905053
BabyLM-1.3B,default,decile,9,0.6265447271664719,0.6931471805599454,2,rel_freq,0.40498571992325955,0.39516147576860683,0.414751962300139
BabyLM-1.3B,default,decile,10,2.1342113134531493,1.6094379124341003,4.999999999999999,y_pred,0.335118386824332,0.31762526842515026,0.35245730615296905
BabyLM-1.3B,default,decile,10,2.1342113134531493,1.6094379124341003,4.999999999999999,rel_freq,0.5598376908392214,0.5393768267278743,0.5798371132103315
BabyLM-1.3B,default,grid,NA,-0.5139610175239315,5.551115123125783e-17,1,y_pred,0.33147998051546235,0.322605970795175,0.3403013189346086
BabyLM-1.3B,default,grid,NA,-0.5139610175239315,5.551115123125783e-17,1,rel_freq,0.28784472601076055,0.2792791493269323,0.2964038632379821
BabyLM-1.3B,default,grid,NA,-0.39970893628884363,0.06943718464364645,1.071904727012578,y_pred,0.33163695500247165,0.3231857343442606,0.340075355037751
BabyLM-1.3B,default,grid,NA,-0.39970893628884363,0.06943718464364645,1.071904727012578,rel_freq,0.2995795220999138,0.2914307878571271,0.3077729268657831
BabyLM-1.3B,default,grid,NA,-0.28545685505375573,0.13887436928729288,1.1489797437919094,y_pred,0.3317939294894809,0.3236779581838055,0.33990690349522745
BabyLM-1.3B,default,grid,NA,-0.28545685505375573,0.13887436928729288,1.1489797437919094,rel_freq,0.3113143181890671,0.30338127607257287,0.3192348991321459
BabyLM-1.3B,default,grid,NA,-0.1712047738186679,0.20831155393093925,1.2315968186122486,y_pred,0.33195090397649013,0.32411389385159234,0.3398401375361372
BabyLM-1.3B,default,grid,NA,-0.1712047738186679,0.20831155393093925,1.2315968186122486,rel_freq,0.3230491142782203,0.3152046777090811,0.33083368866484786
BabyLM-1.3B,default,grid,NA,-0.05695269258357999,0.2777487385745857,1.320154451644122,y_pred,0.3321078784634994,0.32435490713273196,0.3397452791625064
BabyLM-1.3B,default,grid,NA,-0.05695269258357999,0.2777487385745857,1.320154451644122,rel_freq,0.3347839103673736,0.32695554768362733,0.34258228717066425
BabyLM-1.3B,default,grid,NA,0.057299388651507854,0.34718592321823205,1.4150797971040319,y_pred,0.33226485295050867,0.3245209449876295,0.3398686955303834
BabyLM-1.3B,default,grid,NA,0.057299388651507854,0.34718592321823205,1.4150797971040319,rel_freq,0.3465187064565268,0.33861864191746327,0.3543405925058609
BabyLM-1.3B,default,grid,NA,0.17155146988659575,0.4166231078618785,1.5168307236158116,y_pred,0.3324218274375179,0.3246152807199961,0.340078099802538
BabyLM-1.3B,default,grid,NA,0.17155146988659575,0.4166231078618785,1.5168307236158116,rel_freq,0.3582535025456801,0.35019217952478443,0.36627462480896733
BabyLM-1.3B,default,grid,NA,0.28580355112168365,0.4860602925055249,1.6258980227216977,y_pred,0.33257880192452716,0.32463391120222995,0.34037538551108765
BabyLM-1.3B,default,grid,NA,0.28580355112168365,0.4860602925055249,1.6258980227216977,rel_freq,0.36998829863483335,0.36161346817238904,0.3783366510287221
BabyLM-1.3B,default,grid,NA,0.40005563235677155,0.5554974771491713,1.7428077761957919,y_pred,0.3327357764115364,0.3245351679218525,0.34082897250295613
BabyLM-1.3B,default,grid,NA,0.40005563235677155,0.5554974771491713,1.7428077761957919,rel_freq,0.38172309472398663,0.37302825243380494,0.3904402828385862
BabyLM-1.3B,default,grid,NA,0.51430771359185945,0.6249346617928178,1.8681238935785485,y_pred,0.33289275089854564,0.3243441975397151,0.3412888908787881
BabyLM-1.3B,default,grid,NA,0.51430771359185945,0.6249346617928178,1.8681238935785485,rel_freq,0.39345789081313987,0.38422504772689037,0.40270208930620943
BabyLM-1.3B,default,grid,NA,0.6285597948269472,0.6943718464364641,2.0024508321719883,y_pred,0.33304972538555494,0.32412129827373365,0.34193060133082726
BabyLM-1.3B,default,grid,NA,0.6285597948269472,0.6943718464364641,2.0024508321719883,rel_freq,0.4051926869022931,0.395356457097927,0.414958570095229
BabyLM-1.3B,default,grid,NA,0.7428118760620352,0.7638090310801107,2.146436512615425,y_pred,0.3332066998725642,0.3238041382338109,0.3425830582791421
BabyLM-1.3B,default,grid,NA,0.7428118760620352,0.7638090310801107,2.146436512615425,rel_freq,0.4169274829914464,0.40650486207597647,0.42725611618263737
BabyLM-1.3B,default,grid,NA,0.857063957297123,0.833246215723757,2.300775444104867,y_pred,0.3333636743595734,0.32341852500715673,0.34322977829053136
BabyLM-1.3B,default,grid,NA,0.857063957297123,0.833246215723757,2.300775444104867,rel_freq,0.4286622790805996,0.4176260028864195,0.4397264492556194
BabyLM-1.3B,default,grid,NA,0.971316038532211,0.9026834003674034,2.4662120743304703,y_pred,0.33352064884658267,0.323081456370218,0.3439265752189157
BabyLM-1.3B,default,grid,NA,0.971316038532211,0.9026834003674034,2.4662120743304703,rel_freq,0.4403970751697529,0.4287253913141368,0.4521326663936933
BabyLM-1.3B,default,grid,NA,1.0855681197672988,0.9721205850110497,2.6435443802903262,y_pred,0.3336776233335919,0.32266688178096314,0.3446906134239108
BabyLM-1.3B,default,grid,NA,1.0855681197672988,0.9721205850110497,2.6435443802903262,rel_freq,0.45213187125890614,0.43959536610782457,0.46447103309225285
BabyLM-1.3B,default,grid,NA,1.1998202010023868,1.0415577696546963,2.8336277173007374,y_pred,0.3338345978206012,0.3221917180802598,0.345514578279232
BabyLM-1.3B,default,grid,NA,1.1998202010023868,1.0415577696546963,2.8336277173007374,rel_freq,0.4638666673480594,0.45063649251250143,0.47705480055135885
BabyLM-1.3B,default,grid,NA,1.3140722822374746,1.1109949542983426,3.037378944768521,y_pred,0.33399157230761045,0.32171113370550447,0.3462468609691238
BabyLM-1.3B,default,grid,NA,1.3140722822374746,1.1109949542983426,3.037378944768521,rel_freq,0.47560146343721266,0.4615416055181317,0.48953505680746534
BabyLM-1.3B,default,grid,NA,1.4283243634725624,1.180432138941989,3.2557808486258537,y_pred,0.3341485467946197,0.32108570537614656,0.34706048234790055
BabyLM-1.3B,default,grid,NA,1.4283243634725624,1.180432138941989,3.2557808486258537,rel_freq,0.4873362595263659,0.47243785765991153,0.5021316992750426
BabyLM-1.3B,default,grid,NA,1.5425764447076504,1.2498693235856355,3.489886881759076,y_pred,0.33430552128162894,0.32058409879025873,0.34796668993091096
BabyLM-1.3B,default,grid,NA,1.5425764447076504,1.2498693235856355,3.489886881759076,rel_freq,0.4990710556155192,0.4833199942132268,0.5147345808667235
BabyLM-1.3B,default,grid,NA,1.6568285259427384,1.319306508229282,3.7408262452967396,y_pred,0.3344624957686382,0.3200419224057222,0.3487835364691501
BabyLM-1.3B,default,grid,NA,1.6568285259427384,1.319306508229282,3.7408262452967396,rel_freq,0.5108058517046724,0.494161534063837,0.5272620942906996
BabyLM-1.3B,default,grid,NA,1.771080607177826,1.3887436928729282,4.009809335266288,y_pred,0.3346194702556475,0.3193560932511087,0.3496290206900678
BabyLM-1.3B,default,grid,NA,1.771080607177826,1.3887436928729282,4.009809335266288,rel_freq,0.5225406477938257,0.5049331828654029,0.539861888841416
BabyLM-1.3B,default,grid,NA,1.885332688412914,1.4581808775165748,4.298133580891098,y_pred,0.3347764447426567,0.31889761600861677,0.35047643406180806
BabyLM-1.3B,default,grid,NA,1.885332688412914,1.4581808775165748,4.298133580891098,rel_freq,0.534275443882979,0.5157410550338087,0.5523952180218081
BabyLM-1.3B,default,grid,NA,1.999584769648002,1.5276180621602213,4.607189702688667,y_pred,0.33493341922966596,0.3182839020006823,0.35138921449323274
BabyLM-1.3B,default,grid,NA,1.999584769648002,1.5276180621602213,4.607189702688667,rel_freq,0.5460102399721323,0.5265911723884423,0.564999401033592
BabyLM-1.3B,default,grid,NA,2.1138368508830903,1.597055246803868,4.938468420555657,y_pred,0.3350903937166752,0.3177170294514794,0.3523120063975941
BabyLM-1.3B,default,grid,NA,2.1138368508830903,1.597055246803868,4.938468420555657,rel_freq,0.5577450360612856,0.5374416853840205,0.57756512794722
BabyLM-1.3B,default,grid,NA,2.228088932118178,1.666492431447514,5.293567644195948,y_pred,0.3352473682036845,0.3171175142031498,0.35319741704679475
BabyLM-1.3B,default,grid,NA,2.228088932118178,1.666492431447514,5.293567644195948,rel_freq,0.5694798321504387,0.5482961970762417,0.5901335777420003
BabyLM-1.3B,default,grid,NA,2.3423410133532654,1.7359296160911604,5.674200180574473,y_pred,0.33540434269069375,0.3165330874379202,0.354161374494665
BabyLM-1.3B,default,grid,NA,2.3423410133532654,1.7359296160911604,5.674200180574473,rel_freq,0.5812146282395919,0.5591419812597316,0.6026822912857192
BabyLM-1.3B,default,grid,NA,2.456593094588354,1.8053668007348072,6.082201995573403,y_pred,0.335561317177703,0.3159088570552462,0.35514443818884844
BabyLM-1.3B,default,grid,NA,2.456593094588354,1.8053668007348072,6.082201995573403,rel_freq,0.5929494243287453,0.5699319944334388,0.6153211576229413
BabyLM-1.3B,default,grid,NA,2.5708451758234414,1.8748039853784533,6.519541069700463,y_pred,0.33571829166471223,0.31530543331969996,0.3560891621933387
BabyLM-1.3B,default,grid,NA,2.5708451758234414,1.8748039853784533,6.519541069700463,rel_freq,0.6046842204178985,0.5807027039428002,0.6279614354281714
BabyLM-1.3B,default,grid,NA,2.685097257058529,1.9442411700220994,6.988326890564564,y_pred,0.3358752661517215,0.31453644703857647,0.35713606887890753
BabyLM-1.3B,default,grid,NA,2.685097257058529,1.9442411700220994,6.988326890564564,rel_freq,0.6164190165070518,0.5915715742142823,0.6406956301639654
BabyLM-1.3B,default,grid,NA,2.7993493382936174,2.013678354665746,7.49082062790527,y_pred,0.3360322406387308,0.31384929155658464,0.3581037466695064
BabyLM-1.3B,default,grid,NA,2.7993493382936174,2.013678354665746,7.49082062790527,rel_freq,0.6281538125962051,0.6023700224279461,0.6534265394668703
BabyLM-1.3B,default,grid,NA,2.913601419528705,2.0831155393093925,8.029446040254987,y_pred,0.33618921512574,0.3132489020231364,0.3591057241824688
BabyLM-1.3B,default,grid,NA,2.913601419528705,2.0831155393093925,8.029446040254987,rel_freq,0.6398886086853582,0.6131763978720259,0.6660461371563965
BabyLM-1.3B,default,grid,NA,3.0278535007637926,2.1525527239530384,8.606801165841743,y_pred,0.33634618961274926,0.31259577328674504,0.36009437932414046
BabyLM-1.3B,default,grid,NA,3.0278535007637926,2.1525527239530384,8.606801165841743,rel_freq,0.6516234047745115,0.623992756051317,0.6787228586275021
BabyLM-1.3B,default,grid,NA,3.142105581998881,2.221989908596685,9.225670854123134,y_pred,0.3365031640997585,0.31193698394068775,0.3611115468763445
BabyLM-1.3B,default,grid,NA,3.142105581998881,2.221989908596685,9.225670854123134,rel_freq,0.6633582008636648,0.6347066986815706,0.6913238826080823
BabyLM-1.3B,default,grid,NA,3.2563576632339686,2.2914270932403316,9.889040198396755,y_pred,0.33666013858676774,0.31128739798015775,0.36209865846204464
BabyLM-1.3B,default,grid,NA,3.2563576632339686,2.2914270932403316,9.889040198396755,rel_freq,0.675092996952818,0.6453805049341352,0.7040358443402008
BabyLM-1.3B,default,grid,NA,3.370609744469056,2.360864277883978,10.600108934278884,y_pred,0.33681711307377704,0.31059475600429937,0.3629698633251574
BabyLM-1.3B,default,grid,NA,3.370609744469056,2.360864277883978,10.600108934278884,rel_freq,0.6868277930419713,0.6561866824619851,0.7167956993262522
BabyLM-1.3B,default,grid,NA,3.4848618257041446,2.4303014625276247,11.3623068735018,y_pred,0.3369740875607863,0.30989373909691886,0.36399482118772686
BabyLM-1.3B,default,grid,NA,3.4848618257041446,2.4303014625276247,11.3623068735018,rel_freq,0.6985625891311246,0.6668967327465923,0.7294262992660545
BabyLM-1.3B,default,grid,NA,3.599113906939232,2.499738647171271,12.179310447474085,y_pred,0.3371310620477955,0.3092738154268599,0.3649740039065318
BabyLM-1.3B,default,grid,NA,3.599113906939232,2.499738647171271,12.179310447474085,rel_freq,0.7102973852202777,0.6776769780274203,0.7421401906299763
BabyLM-1.3B,default,grid,NA,3.7133659881743197,2.569175831814917,13.055060440401142,y_pred,0.33728803653480477,0.3085899430639329,0.3660098806189098
BabyLM-1.3B,default,grid,NA,3.7133659881743197,2.569175831814917,13.055060440401142,rel_freq,0.722032181309431,0.6884965556503254,0.7547966559326669
BabyLM-1.3B,default,grid,NA,3.827618069409408,2.6386130164585637,13.993780997500897,y_pred,0.33744501102181407,0.3079351585410359,0.3669933501539721
BabyLM-1.3B,default,grid,NA,3.827618069409408,2.6386130164585637,13.993780997500897,rel_freq,0.7337669773985843,0.6992709599178087,0.7673661921569055
BabyLM-1.3B,default,grid,NA,3.9418701506444958,2.70805020110221,15,y_pred,0.3376019855088233,0.3072030627479499,0.3679405782318438
BabyLM-1.3B,default,grid,NA,3.9418701506444958,2.70805020110221,15,rel_freq,0.7455017734877376,0.7099998326611237,0.7799726918117477
BabyLM-350M,attn_zeroed,decile,1,-0.5139610175239315,5.551115123125783e-17,1,y_pred,0.3758630288642228,0.36683440217509844,0.38501236469605377
BabyLM-350M,attn_zeroed,decile,1,-0.5139610175239315,5.551115123125783e-17,1,rel_freq,0.16925395618721029,0.16009597881974424,0.17822162753618007
BabyLM-350M,attn_zeroed,decile,2,-0.5139610175239315,5.551115123125783e-17,1,y_pred,0.3758630288642228,0.36683440217509844,0.38501236469605377
BabyLM-350M,attn_zeroed,decile,2,-0.5139610175239315,5.551115123125783e-17,1,rel_freq,0.16925395618721029,0.16009597881974424,0.17822162753618007
BabyLM-350M,attn_zeroed,decile,3,-0.5139610175239315,5.551115123125783e-17,1,y_pred,0.3758630288642228,0.36683440217509844,0.38501236469605377
BabyLM-350M,attn_zeroed,decile,3,-0.5139610175239315,5.551115123125783e-17,1,rel_freq,0.16925395618721029,0.16009597881974424,0.17822162753618007
BabyLM-350M,attn_zeroed,decile,4,-0.5139610175239315,5.551115123125783e-17,1,y_pred,0.3758630288642228,0.36683440217509844,0.38501236469605377
BabyLM-350M,attn_zeroed,decile,4,-0.5139610175239315,5.551115123125783e-17,1,rel_freq,0.16925395618721029,0.16009597881974424,0.17822162753618007
BabyLM-350M,attn_zeroed,decile,5,-0.5139610175239315,5.551115123125783e-17,1,y_pred,0.3758630288642228,0.36683440217509844,0.38501236469605377
BabyLM-350M,attn_zeroed,decile,5,-0.5139610175239315,5.551115123125783e-17,1,rel_freq,0.16925395618721029,0.16009597881974424,0.17822162753618007
BabyLM-350M,attn_zeroed,decile,6,-0.5139610175239315,5.551115123125783e-17,1,y_pred,0.3758630288642228,0.36683440217509844,0.38501236469605377
BabyLM-350M,attn_zeroed,decile,6,-0.5139610175239315,5.551115123125783e-17,1,rel_freq,0.16925395618721029,0.16009597881974424,0.17822162753618007
BabyLM-350M,attn_zeroed,decile,7,-0.5139610175239315,5.551115123125783e-17,1,y_pred,0.3758630288642228,0.36683440217509844,0.38501236469605377
BabyLM-350M,attn_zeroed,decile,7,-0.5139610175239315,5.551115123125783e-17,1,rel_freq,0.16925395618721029,0.16009597881974424,0.17822162753618007
BabyLM-350M,attn_zeroed,decile,8,0.6265447271664719,0.6931471805599454,2,y_pred,0.3630052303276179,0.35406635870328174,0.37206698566061513
BabyLM-350M,attn_zeroed,decile,8,0.6265447271664719,0.6931471805599454,2,rel_freq,0.23794480165902113,0.22805462102641846,0.2475369912882246
BabyLM-350M,attn_zeroed,decile,9,0.6265447271664719,0.6931471805599454,2,y_pred,0.3630052303276179,0.35406635870328174,0.37206698566061513
BabyLM-350M,attn_zeroed,decile,9,0.6265447271664719,0.6931471805599454,2,rel_freq,0.23794480165902113,0.22805462102641846,0.2475369912882246
BabyLM-350M,attn_zeroed,decile,10,2.1342113134531493,1.6094379124341003,4.999999999999999,y_pred,0.3460081452036782,0.3293900108754878,0.3628397249080282
BabyLM-350M,attn_zeroed,decile,10,2.1342113134531493,1.6094379124341003,4.999999999999999,rel_freq,0.32874916014977423,0.3085176020677394,0.34873662233868674
BabyLM-350M,attn_zeroed,grid,NA,-0.5139610175239315,5.551115123125783e-17,1,y_pred,0.3758630288642228,0.36683440217509844,0.38501236469605377
BabyLM-350M,attn_zeroed,grid,NA,-0.5139610175239315,5.551115123125783e-17,1,rel_freq,0.16925395618721029,0.16009597881974424,0.17822162753618007
BabyLM-350M,attn_zeroed,grid,NA,-0.39970893628884363,0.06943718464364645,1.071904727012578,y_pred,0.3745749772697897,0.3658743429387963,0.3833222878587328
BabyLM-350M,attn_zeroed,grid,NA,-0.39970893628884363,0.06943718464364645,1.071904727012578,rel_freq,0.17613517716613888,0.167441508203846,0.18471655303385184
BabyLM-350M,attn_zeroed,grid,NA,-0.28545685505375573,0.13887436928729288,1.1489797437919094,y_pred,0.3732869256753566,0.3647987517321864,0.3817745188308079
BabyLM-350M,attn_zeroed,grid,NA,-0.28545685505375573,0.13887436928729288,1.1489797437919094,rel_freq,0.1830163981450675,0.17463868267814933,0.19125371576419303
BabyLM-350M,attn_zeroed,grid,NA,-0.1712047738186679,0.20831155393093925,1.2315968186122486,y_pred,0.3719988740809235,0.3636990244277753,0.38027629646538574
BabyLM-350M,attn_zeroed,grid,NA,-0.1712047738186679,0.20831155393093925,1.2315968186122486,rel_freq,0.1898976191239961,0.1817239913495681,0.1979425775577568
BabyLM-350M,attn_zeroed,grid,NA,-0.05695269258357999,0.2777487385745857,1.320154451644122,y_pred,0.3707108224864904,0.36245378999724476,0.37888511788737206
BabyLM-350M,attn_zeroed,grid,NA,-0.05695269258357999,0.2777487385745857,1.320154451644122,rel_freq,0.1967788401029247,0.18873239797019728,0.20471635812159758
BabyLM-350M,attn_zeroed,grid,NA,0.057299388651507854,0.34718592321823205,1.4150797971040319,y_pred,0.36942277089205733,0.36119963649383896,0.3775958548101907
BabyLM-350M,attn_zeroed,grid,NA,0.057299388651507854,0.34718592321823205,1.4150797971040319,rel_freq,0.20366006108185333,0.19561885892993547,0.21171845034443035
BabyLM-350M,attn_zeroed,grid,NA,0.17155146988659575,0.4166231078618785,1.5168307236158116,y_pred,0.3681347192976242,0.3598518095346356,0.3763143952017096
BabyLM-350M,attn_zeroed,grid,NA,0.17155146988659575,0.4166231078618785,1.5168307236158116,rel_freq,0.21054128206078193,0.20230480003145349,0.21883038900229324
BabyLM-350M,attn_zeroed,grid,NA,0.28580355112168365,0.4860602925055249,1.6258980227216977,y_pred,0.36684666770319113,0.3584269158184482,0.3751116558863261
BabyLM-350M,attn_zeroed,grid,NA,0.28580355112168365,0.4860602925055249,1.6258980227216977,rel_freq,0.21742250303971056,0.20886193392749786,0.22592591276554752
BabyLM-350M,attn_zeroed,grid,NA,0.40005563235677155,0.5554974771491713,1.7428077761957919,y_pred,0.365558616108758,0.3569989250166727,0.3740365699104756
BabyLM-350M,attn_zeroed,grid,NA,0.40005563235677155,0.5554974771491713,1.7428077761957919,rel_freq,0.22430372401863916,0.2153980152850866,0.23305938208915483
BabyLM-350M,attn_zeroed,grid,NA,0.51430771359185945,0.6249346617928178,1.8681238935785485,y_pred,0.36427056451432493,0.35558531969847534,0.3730040534244229
BabyLM-350M,attn_zeroed,grid,NA,0.51430771359185945,0.6249346617928178,1.8681238935785485,rel_freq,0.23118494499756778,0.22182403185018748,0.24032331485807681
BabyLM-350M,attn_zeroed,grid,NA,0.6285597948269472,0.6943718464364641,2.0024508321719883,y_pred,0.3629825129198918,0.35402767155790155,0.37205375456117096
BabyLM-350M,attn_zeroed,grid,NA,0.6285597948269472,0.6943718464364641,2.0024508321719883,rel_freq,0.23806616597649638,0.22816460772678623,0.24766664623885604
BabyLM-350M,attn_zeroed,grid,NA,0.7428118760620352,0.7638090310801107,2.146436512615425,y_pred,0.36169446132545874,0.3523646252726269,0.3712229305797229
BabyLM-350M,attn_zeroed,grid,NA,0.7428118760620352,0.7638090310801107,2.146436512615425,rel_freq,0.244947386955425,0.23452082539041402,0.25512930859926214
BabyLM-350M,attn_zeroed,grid,NA,0.857063957297123,0.833246215723757,2.300775444104867,y_pred,0.3604064097310256,0.35066172267017254,0.37036695206049147
BabyLM-350M,attn_zeroed,grid,NA,0.857063957297123,0.833246215723757,2.300775444104867,rel_freq,0.2518286079343536,0.240688160235863,0.26274245617070446
BabyLM-350M,attn_zeroed,grid,NA,0.971316038532211,0.9026834003674034,2.4662120743304703,y_pred,0.35911835813659254,0.34880151872024273,0.3695228106762129
BabyLM-350M,attn_zeroed,grid,NA,0.971316038532211,0.9026834003674034,2.4662120743304703,rel_freq,0.2587098289132822,0.24687866671072742,0.27043502100188316
BabyLM-350M,attn_zeroed,grid,NA,1.0855681197672988,0.9721205850110497,2.6435443802903262,y_pred,0.3578303065421594,0.34707517318962944,0.368717845973798
BabyLM-350M,attn_zeroed,grid,NA,1.0855681197672988,0.9721205850110497,2.6435443802903262,rel_freq,0.26559104989221083,0.2530547231892717,0.2781020527119195
BabyLM-350M,attn_zeroed,grid,NA,1.1998202010023868,1.0415577696546963,2.8336277173007374,y_pred,0.35654225494772634,0.34525239845731065,0.3680656261464875
BabyLM-350M,attn_zeroed,grid,NA,1.1998202010023868,1.0415577696546963,2.8336277173007374,rel_freq,0.27247227087113945,0.25911410719661887,0.28577114222382577
BabyLM-350M,attn_zeroed,grid,NA,1.3140722822374746,1.1109949542983426,3.037378944768521,y_pred,0.3552542033532932,0.343419301010672,0.36729455529104577
BabyLM-350M,attn_zeroed,grid,NA,1.3140722822374746,1.1109949542983426,3.037378944768521,rel_freq,0.279353491850068,0.2652703055681796,0.29338405044945587
BabyLM-350M,attn_zeroed,grid,NA,1.4283243634725624,1.180432138941989,3.2557808486258537,y_pred,0.35396615175886015,0.34153668908606916,0.36671925295534824
BabyLM-350M,attn_zeroed,grid,NA,1.4283243634725624,1.180432138941989,3.2557808486258537,rel_freq,0.28623471282899665,0.2713345855606227,0.3010293502943453
BabyLM-350M,attn_zeroed,grid,NA,1.5425764447076504,1.2498693235856355,3.489886881759076,y_pred,0.352678100164427,0.3395906137729847,0.36608689736057526
BabyLM-350M,attn_zeroed,grid,NA,1.5425764447076504,1.2498693235856355,3.489886881759076,rel_freq,0.2931159338079253,0.27742254151766976,0.3087212225029051
BabyLM-350M,attn_zeroed,grid,NA,1.6568285259427384,1.319306508229282,3.7408262452967396,y_pred,0.35139004856999395,0.3377213920426417,0.3653070400378346
BabyLM-350M,attn_zeroed,grid,NA,1.6568285259427384,1.319306508229282,3.7408262452967396,rel_freq,0.2999971547868539,0.28346584520279566,0.31637716766144003
BabyLM-350M,attn_zeroed,grid,NA,1.771080607177826,1.3887436928729282,4.009809335266288,y_pred,0.3501019969755608,0.3357492627985455,0.36462002733788046
BabyLM-350M,attn_zeroed,grid,NA,1.771080607177826,1.3887436928729282,4.009809335266288,rel_freq,0.3068783757657825,0.2894741856583772,0.32410413776189884
BabyLM-350M,attn_zeroed,grid,NA,1.885332688412914,1.4581808775165748,4.298133580891098,y_pred,0.34881394538112775,0.33373051609873267,0.36400384674861525
BabyLM-350M,attn_zeroed,grid,NA,1.885332688412914,1.4581808775165748,4.298133580891098,rel_freq,0.3137595967447111,0.2954875503175993,0.3318238719585618
BabyLM-350M,attn_zeroed,grid,NA,1.999584769648002,1.5276180621602213,4.607189702688667,y_pred,0.34752589378669463,0.33166019336594843,0.3634998299104197
BabyLM-350M,attn_zeroed,grid,NA,1.999584769648002,1.5276180621602213,4.607189702688667,rel_freq,0.3206408177236397,0.3014251366343201,0.33956131131201744
BabyLM-350M,attn_zeroed,grid,NA,2.1138368508830903,1.597055246803868,4.938468420555657,y_pred,0.34623784219226156,0.3297114488738247,0.36294250780915793
BabyLM-350M,attn_zeroed,grid,NA,2.1138368508830903,1.597055246803868,4.938468420555657,rel_freq,0.32752203870256835,0.30744775740061425,0.34733165730101073
BabyLM-350M,attn_zeroed,grid,NA,2.228088932118178,1.666492431447514,5.293567644195948,y_pred,0.34494979059782843,0.32778242744403563,0.36235379584339883
BabyLM-350M,attn_zeroed,grid,NA,2.228088932118178,1.666492431447514,5.293567644195948,rel_freq,0.3344032596814969,0.31340425157565377,0.35504718643448524
BabyLM-350M,attn_zeroed,grid,NA,2.3423410133532654,1.7359296160911604,5.674200180574473,y_pred,0.34366173900339536,0.325822889537828,0.36180647660021936
BabyLM-350M,attn_zeroed,grid,NA,2.3423410133532654,1.7359296160911604,5.674200180574473,rel_freq,0.34128448066042555,0.3193879484771004,0.36286901306031705
BabyLM-350M,attn_zeroed,grid,NA,2.456593094588354,1.8053668007348072,6.082201995573403,y_pred,0.34237368740896224,0.32377838971563716,0.36124580720460536
BabyLM-350M,attn_zeroed,grid,NA,2.456593094588354,1.8053668007348072,6.082201995573403,rel_freq,0.3481657016393542,0.325340692441691,0.370672616652228
BabyLM-350M,attn_zeroed,grid,NA,2.5708451758234414,1.8748039853784533,6.519541069700463,y_pred,0.34108563581452916,0.3218191748580693,0.3607533814596072
BabyLM-350M,attn_zeroed,grid,NA,2.5708451758234414,1.8748039853784533,6.519541069700463,rel_freq,0.3550469226182828,0.33130789635242125,0.37851406900323964
BabyLM-350M,attn_zeroed,grid,NA,2.685097257058529,1.9442411700220994,6.988326890564564,y_pred,0.33979758422009604,0.3198042977253656,0.3602177715706834
BabyLM-350M,attn_zeroed,grid,NA,2.685097257058529,1.9442411700220994,6.988326890564564,rel_freq,0.36192814359721137,0.33723845792834006,0.38626086825726086
BabyLM-350M,attn_zeroed,grid,NA,2.7993493382936174,2.013678354665746,7.49082062790527,y_pred,0.33850953262566297,0.31781383596968105,0.35966889833901305
BabyLM-350M,attn_zeroed,grid,NA,2.7993493382936174,2.013678354665746,7.49082062790527,rel_freq,0.36880936457614,0.34319099016679694,0.3940977899550762
BabyLM-350M,attn_zeroed,grid,NA,2.913601419528705,2.0831155393093925,8.029446040254987,y_pred,0.33722148103122984,0.31580057326391076,0.35922117620071464
BabyLM-350M,attn_zeroed,grid,NA,2.913601419528705,2.0831155393093925,8.029446040254987,rel_freq,0.3756905855550686,0.3491734628484634,0.4019464569406603
BabyLM-350M,attn_zeroed,grid,NA,3.0278535007637926,2.1525527239530384,8.606801165841743,y_pred,0.33593342943679677,0.31374433704550664,0.3586855622004264
BabyLM-350M,attn_zeroed,grid,NA,3.0278535007637926,2.1525527239530384,8.606801165841743,rel_freq,0.3825718065339972,0.3550927425320927,0.40978848199657436
BabyLM-350M,attn_zeroed,grid,NA,3.142105581998881,2.221989908596685,9.225670854123134,y_pred,0.33464537784236364,0.31178092941640184,0.35819806907778673
BabyLM-350M,attn_zeroed,grid,NA,3.142105581998881,2.221989908596685,9.225670854123134,rel_freq,0.3894530275129258,0.36100823748646743,0.41763169418777357
BabyLM-350M,attn_zeroed,grid,NA,3.2563576632339686,2.2914270932403316,9.889040198396755,y_pred,0.3333573262479306,0.3097334624889466,0.35763363955871713
BabyLM-350M,attn_zeroed,grid,NA,3.2563576632339686,2.2914270932403316,9.889040198396755,rel_freq,0.39633424849185445,0.3669317859657929,0.4254938123430532
BabyLM-350M,attn_zeroed,grid,NA,3.370609744469056,2.360864277883978,10.600108934278884,y_pred,0.3320692746534975,0.3076832527996737,0.3571214670130443
BabyLM-350M,attn_zeroed,grid,NA,3.370609744469056,2.360864277883978,10.600108934278884,rel_freq,0.403215469470783,0.3728659288860758,0.43332803994562047
BabyLM-350M,attn_zeroed,grid,NA,3.4848618257041446,2.4303014625276247,11.3623068735018,y_pred,0.3307812230590644,0.305662549357883,0.35657389490555347
BabyLM-350M,attn_zeroed,grid,NA,3.4848618257041446,2.4303014625276247,11.3623068735018,rel_freq,0.41009669044971164,0.3787872291858988,0.44115974393541324
BabyLM-350M,attn_zeroed,grid,NA,3.599113906939232,2.499738647171271,12.179310447474085,y_pred,0.32949317146463125,0.3036457690165683,0.3560462403433597
BabyLM-350M,attn_zeroed,grid,NA,3.599113906939232,2.499738647171271,12.179310447474085,rel_freq,0.41697791142864027,0.38478683775714195,0.448984024720411
BabyLM-350M,attn_zeroed,grid,NA,3.7133659881743197,2.569175831814917,13.055060440401142,y_pred,0.3282051198701982,0.3015992265887091,0.35557844550507417
BabyLM-350M,attn_zeroed,grid,NA,3.7133659881743197,2.569175831814917,13.055060440401142,rel_freq,0.42385913240756884,0.3907554089718734,0.4568041701985329
BabyLM-350M,attn_zeroed,grid,NA,3.827618069409408,2.6386130164585637,13.993780997500897,y_pred,0.32691706827576505,0.2995543862085795,0.3551069918811491
BabyLM-350M,attn_zeroed,grid,NA,3.827618069409408,2.6386130164585637,13.993780997500897,rel_freq,0.4307403533864975,0.39673273254355856,0.46461741802088447
BabyLM-350M,attn_zeroed,grid,NA,3.9418701506444958,2.70805020110221,15,y_pred,0.325629016681332,0.2975315620982383,0.35458930213348133
BabyLM-350M,attn_zeroed,grid,NA,3.9418701506444958,2.70805020110221,15,rel_freq,0.4376215743654261,0.40273331460519796,0.47236019490756603
BabyLM-350M,default,decile,1,-0.5139610175239315,5.551115123125783e-17,1,y_pred,0.4372366888929803,0.4285131692232164,0.44594369511329773
BabyLM-350M,default,decile,1,-0.5139610175239315,5.551115123125783e-17,1,rel_freq,0.1675530700185304,0.15914459670017186,0.1761751405091955
BabyLM-350M,default,decile,2,-0.5139610175239315,5.551115123125783e-17,1,y_pred,0.4372366888929803,0.4285131692232164,0.44594369511329773
BabyLM-350M,default,decile,2,-0.5139610175239315,5.551115123125783e-17,1,rel_freq,0.1675530700185304,0.15914459670017186,0.1761751405091955
BabyLM-350M,default,decile,3,-0.5139610175239315,5.551115123125783e-17,1,y_pred,0.4372366888929803,0.4285131692232164,0.44594369511329773
BabyLM-350M,default,decile,3,-0.5139610175239315,5.551115123125783e-17,1,rel_freq,0.1675530700185304,0.15914459670017186,0.1761751405091955
BabyLM-350M,default,decile,4,-0.5139610175239315,5.551115123125783e-17,1,y_pred,0.4372366888929803,0.4285131692232164,0.44594369511329773
BabyLM-350M,default,decile,4,-0.5139610175239315,5.551115123125783e-17,1,rel_freq,0.1675530700185304,0.15914459670017186,0.1761751405091955
BabyLM-350M,default,decile,5,-0.5139610175239315,5.551115123125783e-17,1,y_pred,0.4372366888929803,0.4285131692232164,0.44594369511329773
BabyLM-350M,default,decile,5,-0.5139610175239315,5.551115123125783e-17,1,rel_freq,0.1675530700185304,0.15914459670017186,0.1761751405091955
BabyLM-350M,default,decile,6,-0.5139610175239315,5.551115123125783e-17,1,y_pred,0.4372366888929803,0.4285131692232164,0.44594369511329773
BabyLM-350M,default,decile,6,-0.5139610175239315,5.551115123125783e-17,1,rel_freq,0.1675530700185304,0.15914459670017186,0.1761751405091955
BabyLM-350M,default,decile,7,-0.5139610175239315,5.551115123125783e-17,1,y_pred,0.4372366888929803,0.4285131692232164,0.44594369511329773
BabyLM-350M,default,decile,7,-0.5139610175239315,5.551115123125783e-17,1,rel_freq,0.1675530700185304,0.15914459670017186,0.1761751405091955
BabyLM-350M,default,decile,8,0.6265447271664719,0.6931471805599454,2,y_pred,0.43015191961901555,0.4210916354652437,0.4392715613985756
BabyLM-350M,default,decile,8,0.6265447271664719,0.6931471805599454,2,rel_freq,0.2864609151460963,0.27634479283812213,0.296597591387206
BabyLM-350M,default,decile,9,0.6265447271664719,0.6931471805599454,2,y_pred,0.43015191961901555,0.4210916354652437,0.4392715613985756
BabyLM-350M,default,decile,9,0.6265447271664719,0.6931471805599454,2,rel_freq,0.2864609151460963,0.27634479283812213,0.296597591387206
BabyLM-350M,default,decile,10,2.1342113134531493,1.6094379124341003,4.999999999999999,y_pred,0.4207863640699669,0.4035894499346922,0.43824545251037816
BabyLM-350M,default,decile,10,2.1342113134531493,1.6094379124341003,4.999999999999999,rel_freq,0.4436485363227409,0.421944955077999,0.46486184619032594
BabyLM-350M,default,grid,NA,-0.5139610175239315,5.551115123125783e-17,1,y_pred,0.4372366888929803,0.4285131692232164,0.44594369511329773
BabyLM-350M,default,grid,NA,-0.5139610175239315,5.551115123125783e-17,1,rel_freq,0.1675530700185304,0.15914459670017186,0.1761751405091955
BabyLM-350M,default,grid,NA,-0.39970893628884363,0.06943718464364645,1.071904727012578,y_pred,0.43652696021481335,0.42813548042051297,0.44493530704915685
BabyLM-350M,default,grid,NA,-0.39970893628884363,0.06943718464364645,1.071904727012578,rel_freq,0.17946486339988837,0.17143885529141045,0.18761176992852546
BabyLM-350M,default,grid,NA,-0.28545685505375573,0.13887436928729288,1.1489797437919094,y_pred,0.4358172315366465,0.4276232244132611,0.44396520813999124
BabyLM-350M,default,grid,NA,-0.28545685505375573,0.13887436928729288,1.1489797437919094,rel_freq,0.19137665678124638,0.18353655288640527,0.19921653632394365
BabyLM-350M,default,grid,NA,-0.1712047738186679,0.20831155393093925,1.2315968186122486,y_pred,0.4351075028584796,0.42714308949008595,0.44311627623916544
BabyLM-350M,default,grid,NA,-0.1712047738186679,0.20831155393093925,1.2315968186122486,rel_freq,0.20328845016260436,0.19558443954000035,0.2110857357647431
BabyLM-350M,default,grid,NA,-0.05695269258357999,0.2777487385745857,1.320154451644122,y_pred,0.43439777418031267,0.42656263929012506,0.4422929503765398
BabyLM-350M,default,grid,NA,-0.05695269258357999,0.2777487385745857,1.320154451644122,rel_freq,0.21520024354396233,0.2075281846059952,0.2229517171155118
BabyLM-350M,default,grid,NA,0.057299388651507854,0.34718592321823205,1.4150797971040319,y_pred,0.4336880455021458,0.4258064740446118,0.44156238471500403
BabyLM-350M,default,grid,NA,0.057299388651507854,0.34718592321823205,1.4150797971040319,rel_freq,0.2271120369253203,0.21933828930389687,0.23488051487729944
BabyLM-350M,default,grid,NA,0.17155146988659575,0.4166231078618785,1.5168307236158116,y_pred,0.4329783168239789,0.42510914712482006,0.44097804671644436
BabyLM-350M,default,grid,NA,0.17155146988659575,0.4166231078618785,1.5168307236158116,rel_freq,0.2390238303066783,0.23104392149848996,0.24700649610474576
BabyLM-350M,default,grid,NA,0.28580355112168365,0.4860602925055249,1.6258980227216977,y_pred,0.432268588145812,0.42418755142794046,0.4404420254711006
BabyLM-350M,default,grid,NA,0.28580355112168365,0.4860602925055249,1.6258980227216977,rel_freq,0.2509356236880363,0.2424573446810233,0.2593415605544496
BabyLM-350M,default,grid,NA,0.40005563235677155,0.5554974771491713,1.7428077761957919,y_pred,0.4315588594676451,0.42315064141568315,0.43997267052494415
BabyLM-350M,default,grid,NA,0.40005563235677155,0.5554974771491713,1.7428077761957919,rel_freq,0.26284741706939424,0.25390377636991884,0.27179704021184564
BabyLM-350M,default,grid,NA,0.51430771359185945,0.6249346617928178,1.8681238935785485,y_pred,0.43084913078947823,0.4222248298973507,0.4396882975762105
BabyLM-350M,default,grid,NA,0.51430771359185945,0.6249346617928178,1.8681238935785485,rel_freq,0.27475921045075224,0.2652847217244442,0.2842884617371421
BabyLM-350M,default,grid,NA,0.6285597948269472,0.6943718464364641,2.0024508321719883,y_pred,0.43013940211131135,0.4210675041060812,0.43927325302611453
BabyLM-350M,default,grid,NA,0.6285597948269472,0.6943718464364641,2.0024508321719883,rel_freq,0.28667100383211025,0.2765415147417261,0.29682250659510373
BabyLM-350M,default,grid,NA,0.7428118760620352,0.7638090310801107,2.146436512615425,y_pred,0.4294296734331444,0.4199136067205398,0.43897014605768137
BabyLM-350M,default,grid,NA,0.7428118760620352,0.7638090310801107,2.146436512615425,rel_freq,0.2985827972134682,0.2877451633292944,0.3094051686552983
BabyLM-350M,default,grid,NA,0.857063957297123,0.833246215723757,2.300775444104867,y_pred,0.42871994475497754,0.4187610665655654,0.43881636297233556
BabyLM-350M,default,grid,NA,0.857063957297123,0.833246215723757,2.300775444104867,rel_freq,0.3104945905948262,0.298984573867426,0.32201281800767645
BabyLM-350M,default,grid,NA,0.971316038532211,0.9026834003674034,2.4662120743304703,y_pred,0.42801021607681067,0.41756054151815447,0.43868488510902687
BabyLM-350M,default,grid,NA,0.971316038532211,0.9026834003674034,2.4662120743304703,rel_freq,0.3224063839761842,0.31010881369122856,0.33475073639975156
BabyLM-350M,default,grid,NA,1.0855681197672988,0.9721205850110497,2.6435443802903262,y_pred,0.42730048739864374,0.416288251240209,0.438528682282097
BabyLM-350M,default,grid,NA,1.0855681197672988,0.9721205850110497,2.6435443802903262,rel_freq,0.33431817735754216,0.3211735045589185,0.3475252071346554
BabyLM-350M,default,grid,NA,1.1998202010023868,1.0415577696546963,2.8336277173007374,y_pred,0.42659075872047686,0.4149270684195123,0.43839728524524313
BabyLM-350M,default,grid,NA,1.1998202010023868,1.0415577696546963,2.8336277173007374,rel_freq,0.34622997073890016,0.33217202596199263,0.3602409624165996
BabyLM-350M,default,grid,NA,1.3140722822374746,1.1109949542983426,3.037378944768521,y_pred,0.42588103004231,0.41361446347014325,0.4383832882990878
BabyLM-350M,default,grid,NA,1.3140722822374746,1.1109949542983426,3.037378944768521,rel_freq,0.3581417641202581,0.34312335266439753,0.3729365167357056
BabyLM-350M,default,grid,NA,1.4283243634725624,1.180432138941989,3.2557808486258537,y_pred,0.42517130136414305,0.4122249921290527,0.438442520731511
BabyLM-350M,default,grid,NA,1.4283243634725624,1.180432138941989,3.2557808486258537,rel_freq,0.3700535575016161,0.3540297636470871,0.3857208296581796
BabyLM-350M,default,grid,NA,1.5425764447076504,1.2498693235856355,3.489886881759076,y_pred,0.4244615726859762,0.41090228318857813,0.4384092022582712
BabyLM-350M,default,grid,NA,1.5425764447076504,1.2498693235856355,3.489886881759076,rel_freq,0.3819653508829741,0.365040424225536,0.39848952224953804
BabyLM-350M,default,grid,NA,1.6568285259427384,1.319306508229282,3.7408262452967396,y_pred,0.4237518440078093,0.4094732531903076,0.4383574003850079
BabyLM-350M,default,grid,NA,1.6568285259427384,1.319306508229282,3.7408262452967396,rel_freq,0.39387714426433207,0.3760896319765864,0.4113148960643924
BabyLM-350M,default,grid,NA,1.771080607177826,1.3887436928729282,4.009809335266288,y_pred,0.4230421153296424,0.40812913853776767,0.43826074382828045
BabyLM-350M,default,grid,NA,1.771080607177826,1.3887436928729282,4.009809335266288,rel_freq,0.40578893764569,0.38711019597482615,0.4241659608623695
BabyLM-350M,default,grid,NA,1.885332688412914,1.4581808775165748,4.298133580891098,y_pred,0.4223323866514755,0.40668280741917795,0.4382073383256978
BabyLM-350M,default,grid,NA,1.885332688412914,1.4581808775165748,4.298133580891098,rel_freq,0.417700731027048,0.3980931407237126,0.43695178709486004
BabyLM-350M,default,grid,NA,1.999584769648002,1.5276180621602213,4.607189702688667,y_pred,0.4216226579733086,0.4052484176691761,0.4381691962173345
BabyLM-350M,default,grid,NA,1.999584769648002,1.5276180621602213,4.607189702688667,rel_freq,0.429612524408406,0.40901012138817994,0.4496939727020439
BabyLM-350M,default,grid,NA,2.1138368508830903,1.597055246803868,4.938468420555657,y_pred,0.42091292929514174,0.40384911642587124,0.43821021686545836
BabyLM-350M,default,grid,NA,2.1138368508830903,1.597055246803868,4.938468420555657,rel_freq,0.44152431778976403,0.41998662983282187,0.46258499981892987
BabyLM-350M,default,grid,NA,2.228088932118178,1.666492431447514,5.293567644195948,y_pred,0.4202032006169748,0.40236031021945634,0.4382603848176336
BabyLM-350M,default,grid,NA,2.228088932118178,1.666492431447514,5.293567644195948,rel_freq,0.453436111171122,0.4309494830531514,0.4754293660301557
BabyLM-350M,default,grid,NA,2.3423410133532654,1.7359296160911604,5.674200180574473,y_pred,0.4194934719388079,0.4009423292571889,0.4382863524437027
BabyLM-350M,default,grid,NA,2.3423410133532654,1.7359296160911604,5.674200180574473,rel_freq,0.46534790455247993,0.441856721654989,0.48828243054214787
BabyLM-350M,default,grid,NA,2.456593094588354,1.8053668007348072,6.082201995573403,y_pred,0.41878374326064105,0.399474912208244,0.43835658683042616
BabyLM-350M,default,grid,NA,2.456593094588354,1.8053668007348072,6.082201995573403,rel_freq,0.477259697933838,0.45282870260111463,0.5011265413169798
BabyLM-350M,default,grid,NA,2.5708451758234414,1.8748039853784533,6.519541069700463,y_pred,0.4180740145824741,0.3980684961186271,0.4383948666540055
BabyLM-350M,default,grid,NA,2.5708451758234414,1.8748039853784533,6.519541069700463,rel_freq,0.48917149131519594,0.46376019699300103,0.5139356071591665
BabyLM-350M,default,grid,NA,2.685097257058529,1.9442411700220994,6.988326890564564,y_pred,0.41736428590430724,0.3965997673362177,0.43850767750740194
BabyLM-350M,default,grid,NA,2.685097257058529,1.9442411700220994,6.988326890564564,rel_freq,0.5010832846965539,0.47471580266286334,0.5267450038837393
BabyLM-350M,default,grid,NA,2.7993493382936174,2.013678354665746,7.49082062790527,y_pred,0.41665455722614037,0.39516239104793555,0.4386741740045784
BabyLM-350M,default,grid,NA,2.7993493382936174,2.013678354665746,7.49082062790527,rel_freq,0.5129950780779119,0.4855684846510666,0.5395561030397703
BabyLM-350M,default,grid,NA,2.913601419528705,2.0831155393093925,8.029446040254987,y_pred,0.4159448285479735,0.3937062304052204,0.43880061743901677
BabyLM-350M,default,grid,NA,2.913601419528705,2.0831155393093925,8.029446040254987,rel_freq,0.5249068714592698,0.4965341180490732,0.5524110883079756
BabyLM-350M,default,grid,NA,3.0278535007637926,2.1525527239530384,8.606801165841743,y_pred,0.41523509986980656,0.39227500124564835,0.438894468720218
BabyLM-350M,default,grid,NA,3.0278535007637926,2.1525527239530384,8.606801165841743,rel_freq,0.5368186648406278,0.50744029539207125,0.5652798442750843
BabyLM-350M,default,grid,NA,3.142105581998881,2.221989908596685,9.225670854123134,y_pred,0.4145253711916397,0.3908108433141653,0.4389744652170954
BabyLM-350M,default,grid,NA,3.142105581998881,2.221989908596685,9.225670854123134,rel_freq,0.5487304582219859,0.5183819550202847,0.578169650374264
BabyLM-350M,default,grid,NA,3.2563576632339686,2.2914270932403316,9.889040198396755,y_pred,0.4138156425134728,0.3892249077242972,0.4391039296777569
BabyLM-350M,default,grid,NA,3.2563576632339686,2.2914270932403316,9.889040198396755,rel_freq,0.5606422516033438,0.5293442229941935,0.5910074630916464
BabyLM-350M,default,grid,NA,3.370609744469056,2.360864277883978,10.600108934278884,y_pred,0.41310591383530587,0.3877519492154029,0.43914519518317874
BabyLM-350M,default,grid,NA,3.370609744469056,2.360864277883978,10.600108934278884,rel_freq,0.5725540449847017,0.5402897630660032,0.6038976948976768
BabyLM-350M,default,grid,NA,3.4848618257041446,2.4303014625276247,11.3623068735018,y_pred,0.412396185157139,0.3862191605212996,0.4392068147488764
BabyLM-350M,default,grid,NA,3.4848618257041446,2.4303014625276247,11.3623068735018,rel_freq,0.5844658383660598,0.5512044741689883,0.6167856499628799
BabyLM-350M,default,grid,NA,3.599113906939232,2.499738647171271,12.179310447474085,y_pred,0.4116864564789721,0.38474518087789006,0.43923554821239175
BabyLM-350M,default,grid,NA,3.599113906939232,2.499738647171271,12.179310447474085,rel_freq,0.5963776317474178,0.5621899686540084,0.6296732260577542
BabyLM-350M,default,grid,NA,3.7133659881743197,2.569175831814917,13.055060440401142,y_pred,0.41097672780080524,0.3831283460599998,0.4393612216854775
BabyLM-350M,default,grid,NA,3.7133659881743197,2.569175831814917,13.055060440401142,rel_freq,0.6082894251287757,0.5731847138009445,0.642529600645917
BabyLM-350M,default,grid,NA,3.827618069409408,2.6386130164585637,13.993780997500897,y_pred,0.4102669991226383,0.38163478202037543,0.43943330829791927
BabyLM-350M,default,grid,NA,3.827618069409408,2.6386130164585637,13.993780997500897,rel_freq,0.6202012185101338,0.5841983384151258,0.6554249882714271
BabyLM-350M,default,grid,NA,3.9418701506444958,2.70805020110221,15,y_pred,0.40955727044447143,0.3801874030191991,0.43952235046785454
BabyLM-350M,default,grid,NA,3.9418701506444958,2.70805020110221,15,rel_freq,0.6321130118914917,0.5951593841618653,0.6683524047815893
GPT-2-L,attn_zeroed,decile,1,-1.7035538111602464,1.6094379124341005,5.000000000000001,y_pred,0.625743473076589,0.6109015008532387,0.6404022456824185
GPT-2-L,attn_zeroed,decile,1,-1.7035538111602464,1.6094379124341005,5.000000000000001,rel_freq,0.09150258000815832,0.07839565014191802,0.10429702659496669
GPT-2-L,attn_zeroed,decile,2,-1.099654998218199,3.091042453358316,22.000000000000004,y_pred,0.604638514366685,0.5935611063170368,0.6157522153456236
GPT-2-L,attn_zeroed,decile,2,-1.099654998218199,3.091042453358316,22.000000000000004,rel_freq,0.10962113238239317,0.09930453533174838,0.11970284802530784
GPT-2-L,attn_zeroed,decile,3,-0.6839739164040122,4.110873864173311,61.00000000000001,y_pred,0.5901113586906588,0.581147530889028,0.5992324610097715
GPT-2-L,attn_zeroed,decile,3,-0.6839739164040122,4.110873864173311,61.00000000000001,rel_freq,0.12209265789365742,0.11354887186755383,0.13063086764581092
GPT-2-L,attn_zeroed,decile,4,-0.36626148122012114,4.890349128221754,133,y_pred,0.5790079955402786,0.5712395546915715,0.5867533012863116
GPT-2-L,attn_zeroed,decile,4,-0.36626148122012114,4.890349128221754,133,rel_freq,0.1316248663919335,0.12393999669188535,0.13939906750009254
GPT-2-L,attn_zeroed,decile,5,-0.08991202955537367,5.568344503761097,261.99999999999994,y_pred,0.5693501792937532,0.5621730395363577,0.5764325406526537
GPT-2-L,attn_zeroed,decile,5,-0.08991202955537367,5.568344503761097,261.99999999999994,rel_freq,0.13991607661833827,0.13271279830790886,0.14729057315463906
GPT-2-L,attn_zeroed,decile,6,0.16276586922739253,6.18826412308259,486.99999999999994,y_pred,0.5605196326749651,0.5533278090894247,0.5677025317955039
GPT-2-L,attn_zeroed,decile,6,0.16276586922739253,6.18826412308259,486.99999999999994,rel_freq,0.14749707801260084,0.14021020335120538,0.15477351550148777
GPT-2-L,attn_zeroed,decile,7,0.426010740589503,6.834108738813838,928.9999999999997,y_pred,0.5513197931958561,0.5436951040294243,0.5590795609281608
GPT-2-L,attn_zeroed,decile,7,0.426010740589503,6.834108738813838,928.9999999999997,rel_freq,0.15539511637069384,0.14778511952257478,0.16290144563323167
GPT-2-L,attn_zeroed,decile,8,0.7091936280649008,7.528869256642251,1861,y_pred,0.5414231631322809,0.5328878999707448,0.5500212075996447
GPT-2-L,attn_zeroed,decile,8,0.7091936280649008,7.528869256642251,1861,rel_freq,0.16389134764032282,0.155477280987625,0.1721389782293973
GPT-2-L,attn_zeroed,decile,9,1.042999177535325,8.347827345782498,4220.999999999998,y_pred,0.529757380408866,0.5196444828521701,0.5399304359944813
GPT-2-L,attn_zeroed,decile,9,1.042999177535325,8.347827345782498,4220.999999999998,rel_freq,0.17390639188494617,0.16433988001323,0.1833348410858407
GPT-2-L,attn_zeroed,decile,10,1.5904883828701382,9.691036630760662,16172.000000000007,y_pred,0.510623815604495,0.49748704966262425,0.5239627765411302
GPT-2-L,attn_zeroed,decile,10,1.5904883828701382,9.691036630760662,16172.000000000007,rel_freq,0.19033250769872068,0.17865495624900385,0.2021446618430371
GPT-2-L,attn_zeroed,grid,NA,-2.0770319357233826,0.6931471805599454,2,y_pred,0.6387957265817036,0.62134514314251,0.6558208240941953
GPT-2-L,attn_zeroed,grid,NA,-2.0770319357233826,0.6931471805599454,2,rel_freq,0.08029725418948086,0.06527460357187606,0.0949003937811124
GPT-2-L,attn_zeroed,grid,NA,-1.967223190782462,0.9625518087046103,2.6183695337834605,y_pred,0.634958148202183,0.6182437974765198,0.6512977227821529
GPT-2-L,attn_zeroed,grid,NA,-1.967223190782462,0.9625518087046103,2.6183695337834605,rel_freq,0.08359180528599378,0.06907667857861229,0.09770403680780511
GPT-2-L,attn_zeroed,grid,NA,-1.8574144458415411,1.2319564368492761,3.4279295077227103,y_pred,0.6311205698226625,0.6152400133579395,0.6466750813229987
GPT-2-L,attn_zeroed,grid,NA,-1.8574144458415411,1.2319564368492761,3.4279295077227103,rel_freq,0.08688635638250669,0.0729586401825244,0.10045102018957927
GPT-2-L,attn_zeroed,grid,NA,-1.7476057009006205,1.501361064993941,4.487793093489239,y_pred,0.627282991443142,0.6121105321510502,0.6421727613741327
GPT-2-L,attn_zeroed,grid,NA,-1.7476057009006205,1.501361064993941,4.487793093489239,rel_freq,0.09018090747901959,0.07682973090332328,0.10316617208560314
GPT-2-L,attn_zeroed,grid,NA,-1.6377969559596997,1.7707656931386069,5.875350354958031,y_pred,0.6234454130636214,0.6090165406922906,0.6376901551042344
GPT-2-L,attn_zeroed,grid,NA,-1.6377969559596997,1.7707656931386069,5.875350354958031,rel_freq,0.09347545857553251,0.08068151054619264,0.10593887697380475
GPT-2-L,attn_zeroed,grid,NA,-1.527988211018779,2.040170321283272,7.691919184862973,y_pred,0.619607834684101,0.6058802976907566,0.6331548547183905
GPT-2-L,attn_zeroed,grid,NA,-1.527988211018779,2.040170321283272,7.691919184862973,rel_freq,0.09677000967204542,0.0844802766272582,0.10870246516552805
GPT-2-L,attn_zeroed,grid,NA,-1.4181794660778584,2.3095749494279367,10.070143424984858,y_pred,0.6157702563045805,0.6027423973288445,0.628715945388618
GPT-2-L,attn_zeroed,grid,NA,-1.4181794660778584,2.3095749494279367,10.070143424984858,rel_freq,0.10006456076855832,0.0883402685028268,0.11151366812570013
GPT-2-L,attn_zeroed,grid,NA,-1.3083707211369375,2.5789795775726025,13.183678372405101,y_pred,0.6119326779250599,0.599613043737848,0.6242715875931678
GPT-2-L,attn_zeroed,grid,NA,-1.3083707211369375,2.5789795775726025,13.183678372405101,rel_freq,0.10335911186507124,0.09211872597338469,0.11436474943795302
GPT-2-L,attn_zeroed,grid,NA,-1.1985619761960167,2.848384205717268,17.259870896752723,y_pred,0.6080950995455394,0.596465509750247,0.6197838378017307
GPT-2-L,attn_zeroed,grid,NA,-1.1985619761960167,2.848384205717268,17.259870896752723,rel_freq,0.10665366296158416,0.09592215038559529,0.117170739290817
GPT-2-L,attn_zeroed,grid,NA,-1.088753231255096,3.1177888338619333,22.596360056546576,y_pred,0.6042575211660189,0.5931945064248324,0.6153028075818197
GPT-2-L,attn_zeroed,grid,NA,-1.088753231255096,3.1177888338619333,22.596360056546576,rel_freq,0.10994821405809707,0.09968310175257841,0.11996194538404405
GPT-2-L,attn_zeroed,grid,NA,-0.9789444863141754,3.387193462006598,29.58281037323153,y_pred,0.6004199427864984,0.5899394950420855,0.610889251353717
GPT-2-L,attn_zeroed,grid,NA,-0.9789444863141754,3.387193462006598,29.58281037323153,rel_freq,0.11324276515460997,0.10343909993476069,0.12287770605679416
GPT-2-L,attn_zeroed,grid,NA,-0.8691357413732546,3.656598090151264,38.729364702481405,y_pred,0.5965823644069779,0.5866833491157333,0.6065086850586302
GPT-2-L,attn_zeroed,grid,NA,-0.8691357413732546,3.656598090151264,38.729364702481405,rel_freq,0.11653731625112289,0.10723920946996998,0.12580652262410794
GPT-2-L,attn_zeroed,grid,NA,-0.7593269964323339,3.926002718295929,50.70389429988292,y_pred,0.5927447860274574,0.5834072179475744,0.6022141837548425
GPT-2-L,attn_zeroed,grid,NA,-0.7593269964323339,3.926002718295929,50.70389429988292,rel_freq,0.1198318673476358,0.11097471367186565,0.12864171103888797
GPT-2-L,attn_zeroed,grid,NA,-0.6495182514914131,4.195407346440595,66.3807660394952,y_pred,0.5889072076479368,0.5800740261356285,0.5978647394253327
GPT-2-L,attn_zeroed,grid,NA,-0.6495182514914131,4.195407346440595,66.3807660394952,rel_freq,0.12312641844414872,0.1146786040950453,0.1315614702888733
GPT-2-L,attn_zeroed,grid,NA,-0.5397095065504924,4.46481197458526,86.904687713511,y_pred,0.5850696292684163,0.576662251506023,0.5935366674413434
GPT-2-L,attn_zeroed,grid,NA,-0.5397095065504924,4.46481197458526,86.904687713511,rel_freq,0.12642096954066162,0.11833092311096144,0.134560345530805
GPT-2-L,attn_zeroed,grid,NA,-0.4299007616095716,4.7342166027299255,113.77429332601157,y_pred,0.5812320508888958,0.5732498852049509,0.5892184887735409
GPT-2-L,attn_zeroed,grid,NA,-0.4299007616095716,4.7342166027299255,113.77429332601157,rel_freq,0.12971552063717454,0.1219095083949958,0.13760138727132018
GPT-2-L,attn_zeroed,grid,NA,-0.32009201666865095,5.00362123087459,148.95157168628577,y_pred,0.5773944725093753,0.569785114533466,0.5849881558707556
GPT-2-L,attn_zeroed,grid,NA,-0.32009201666865095,5.00362123087459,148.95157168628577,rel_freq,0.13301007173368745,0.12543838723319564,0.14065721185264995
GPT-2-L,attn_zeroed,grid,NA,-0.21028327172773031,5.273025859019255,195.00512865626686,y_pred,0.5735568941298548,0.5661086096680763,0.5808420061831012
GPT-2-L,attn_zeroed,grid,NA,-0.21028327172773031,5.273025859019255,195.00512865626686,rel_freq,0.13630462283020037,0.12895739009810772,0.14380197713449389
GPT-2-L,attn_zeroed,grid,NA,-0.10047452678680946,5.542430487163921,255.29774390254678,y_pred,0.5697193157503343,0.5625177852690596,0.5768256405672167
GPT-2-L,attn_zeroed,grid,NA,-0.10047452678680946,5.542430487163921,255.29774390254678,rel_freq,0.13959917392671328,0.1323756921576221,0.14698526304692816
GPT-2-L,attn_zeroed,grid,NA,0.009334218154111174,5.811835115308586,334.2319173390403,y_pred,0.5658817373708137,0.5587178397443581,0.5728895679897792
GPT-2-L,attn_zeroed,grid,NA,0.009334218154111174,5.811835115308586,334.2319173390403,rel_freq,0.1428937250232262,0.1356988645256858,0.15019714637583337
GPT-2-L,attn_zeroed,grid,NA,0.1191429630950318,6.081239743453251,437.57133478928745,y_pred,0.5620441589912932,0.5549152086765023,0.5691604305569857
GPT-2-L,attn_zeroed,grid,NA,0.1191429630950318,6.081239743453251,437.57133478928745,rel_freq,0.14618827611973909,0.13895572335011735,0.15343998631320402
GPT-2-L,attn_zeroed,grid,NA,0.22895170803595288,6.350644371597918,572.8617259346175,y_pred,0.5582065806117728,0.55096536332884,0.565516551816357
GPT-2-L,attn_zeroed,grid,NA,0.22895170803595288,6.350644371597918,572.8617259346175,rel_freq,0.14948282721625203,0.1420820765178215,0.15680172186927646
GPT-2-L,attn_zeroed,grid,NA,0.3387604529768735,6.620048999742583,749.9818451289063,y_pred,0.5543690022322522,0.5469291062366725,0.5619116681876184
GPT-2-L,attn_zeroed,grid,NA,0.3387604529768735,6.620048999742583,749.9818451289063,rel_freq,0.15277737831276492,0.1453228182513182,0.16018639989712743
GPT-2-L,attn_zeroed,grid,NA,0.44856919791779415,6.889453627887248,981.8648070881168,y_pred,0.5505314238527317,0.5428483488922594,0.5583556014704234
GPT-2-L,attn_zeroed,grid,NA,0.44856919791779415,6.889453627887248,981.8648070881168,rel_freq,0.15607192940927783,0.148445067704358,0.1636427139739131
GPT-2-L,attn_zeroed,grid,NA,0.5583779428587148,7.1588582560319125,1285.4424485868497,y_pred,0.5466938454732112,0.5386844759034263,0.5547342774455988
GPT-2-L,attn_zeroed,grid,NA,0.5583779428587148,7.1588582560319125,1285.4424485868497,rel_freq,0.15936648050579075,0.15143642939318275,0.1671955684774345
GPT-2-L,attn_zeroed,grid,NA,0.6681866877996354,7.428262884176577,1682.8816724059095,y_pred,0.5428562670936906,0.5345006041946989,0.5512953736423235
GPT-2-L,attn_zeroed,grid,NA,0.6681866877996354,7.428262884176577,1682.8816724059095,rel_freq,0.16266103160230366,0.15436703609880378,0.17079529009896943
GPT-2-L,attn_zeroed,grid,NA,0.7779954327405565,7.697667512321244,2203.2030499950993,y_pred,0.5390186887141701,0.5301606595896656,0.5479271856299149
GPT-2-L,attn_zeroed,grid,NA,0.7779954327405565,7.697667512321244,2203.2030499950993,rel_freq,0.16595558269881658,0.15733410998358072,0.17442331987776358
GPT-2-L,attn_zeroed,grid,NA,0.8878041776814771,7.967072140465909,2884.399871422983,y_pred,0.5351811103346497,0.5258032736725003,0.5446216166088043
GPT-2-L,attn_zeroed,grid,NA,0.8878041776814771,7.967072140465909,2884.399871422983,rel_freq,0.1692501337953295,0.16022049053422618,0.17810480203049814
GPT-2-L,attn_zeroed,grid,NA,0.9976129226223978,8.236476768610574,3776.212373291434,y_pred,0.5313435319551291,0.5214420170374685,0.5413066451167574
GPT-2-L,attn_zeroed,grid,NA,0.9976129226223978,8.236476768610574,3776.212373291434,rel_freq,0.1725446848918424,0.1631623225615896,0.18178900428935016
GPT-2-L,attn_zeroed,grid,NA,1.1074216675633184,8.505881396755239,4943.759715661212,y_pred,0.5275059535756086,0.5170479641825965,0.5380663625555696
GPT-2-L,attn_zeroed,grid,NA,1.1074216675633184,8.505881396755239,4943.759715661212,rel_freq,0.1758392359883553,0.16605997175500928,0.18555967482000296
GPT-2-L,attn_zeroed,grid,NA,1.2172304125042395,8.775286024899906,6472.294910916661,y_pred,0.5236683751960881,0.5126024168059873,0.5347848221975022
GPT-2-L,attn_zeroed,grid,NA,1.2172304125042395,8.775286024899906,6472.294910916661,rel_freq,0.17913378708486824,0.16895658620557769,0.18923990229840368
GPT-2-L,attn_zeroed,grid,NA,1.32703915744516,9.04469065304457,8473.42990420296,y_pred,0.5198307968165675,0.5080918841882146,0.531603573276269
GPT-2-L,attn_zeroed,grid,NA,1.32703915744516,9.04469065304457,8473.42990420296,rel_freq,0.18242833818138113,0.17176761557821507,0.19301407446935578
GPT-2-L,attn_zeroed,grid,NA,1.4368479023860807,9.314095281189235,11093.285353907366,y_pred,0.515993218437047,0.5036955722376718,0.528412263661592
GPT-2-L,attn_zeroed,grid,NA,1.4368479023860807,9.314095281189235,11093.285353907366,rel_freq,0.18572288927789404,0.1746694638051205,0.1968223521236874
GPT-2-L,attn_zeroed,grid,NA,1.5466566473270014,9.5834999093339,14523.160200118657,y_pred,0.5121556400575266,0.499243516704547,0.5252156864588741
GPT-2-L,attn_zeroed,grid,NA,1.5466566473270014,9.5834999093339,14523.160200118657,rel_freq,0.18901744037440696,0.17751469013315924,0.20062073602012878
GPT-2-L,attn_zeroed,grid,NA,1.656465392267922,9.852904537478565,19013.500101123595,y_pred,0.5083180616780061,0.49478456275847416,0.5219911068753822
GPT-2-L,attn_zeroed,grid,NA,1.656465392267922,9.852904537478565,19013.500101123595,rel_freq,0.19231199147091987,0.18035431748590677,0.20444634418727892
GPT-2-L,attn_zeroed,grid,NA,1.766274137208843,10.122309165623232,24892.184697685425,y_pred,0.5044804832984855,0.4903106235539414,0.5188497561556125
GPT-2-L,attn_zeroed,grid,NA,1.766274137208843,10.122309165623232,24892.184697685425,rel_freq,0.1956065425674328,0.18308152287240137,0.2082414565175719
GPT-2-L,attn_zeroed,grid,NA,1.8760828821497637,10.391713793767897,32588.46902086518,y_pred,0.500642904918965,0.4858083648410642,0.5157563512487382
GPT-2-L,attn_zeroed,grid,NA,1.8760828821497637,10.391713793767897,32588.46902086518,rel_freq,0.1989010936639457,0.18579259871628445,0.21207331475668229
GPT-2-L,attn_zeroed,grid,NA,1.9858916270906843,10.661118421912562,42664.32721843975,y_pred,0.4968053265394445,0.48122373839232646,0.5126179149378767
GPT-2-L,attn_zeroed,grid,NA,1.9858916270906843,10.661118421912562,42664.32721843975,rel_freq,0.2021956447604586,0.18854718060863523,0.21590110068659124
GPT-2-L,attn_zeroed,grid,NA,2.095700372031605,10.930523050057229,55855.48728406563,y_pred,0.49296774815992395,0.4766592812360921,0.5094067841842291
GPT-2-L,attn_zeroed,grid,NA,2.095700372031605,10.930523050057229,55855.48728406563,rel_freq,0.2054901958569715,0.19125770882454773,0.21977071585931596
GPT-2-L,attn_zeroed,grid,NA,2.205509116972525,11.199927678201892,73125.15309961332,y_pred,0.48913016978040347,0.47215971280845576,0.5064163243288963
GPT-2-L,attn_zeroed,grid,NA,2.205509116972525,11.199927678201892,73125.15309961332,rel_freq,0.20878474695348442,0.19399957394838363,0.22367517418088098
GPT-2-L,default,decile,1,-1.7035538111602464,1.6094379124341005,5.000000000000001,y_pred,0.4873147239322663,0.472851575662849,0.5018216397909843
GPT-2-L,default,decile,1,-1.7035538111602464,1.6094379124341005,5.000000000000001,rel_freq,0.09483076886285793,0.08184914399138887,0.10743490692997362
GPT-2-L,default,decile,2,-1.099654998218199,3.091042453358316,22.000000000000004,y_pred,0.47560068276319994,0.4646132913432854,0.4866399251975587
GPT-2-L,default,decile,2,-1.099654998218199,3.091042453358316,22.000000000000004,rel_freq,0.17828038878601601,0.1682663491841241,0.18791790246719872
GPT-2-L,default,decile,3,-0.6839739164040122,4.110873864173311,61.00000000000001,y_pred,0.4675375682128477,0.45847943103144584,0.4765378506596326
GPT-2-L,default,decile,3,-0.6839739164040122,4.110873864173311,61.00000000000001,rel_freq,0.2357211844015058,0.22724885920590068,0.24395202977474922
GPT-2-L,default,decile,4,-0.36626148122012114,4.890349128221754,133,y_pred,0.46137478652507247,0.4535206386776253,0.46922747255402764
GPT-2-L,default,decile,4,-0.36626148122012114,4.890349128221754,133,rel_freq,0.2796242048956047,0.27179046666884854,0.2871381812380763
GPT-2-L,default,decile,5,-0.08991202955537367,5.568344503761097,261.99999999999994,y_pred,0.45601433741592606,0.4485889231045943,0.4633661622623809
GPT-2-L,default,decile,5,-0.08991202955537367,5.568344503761097,261.99999999999994,rel_freq,0.3178114909328921,0.31018676534225914,0.3252543552328221
GPT-2-L,default,decile,6,0.16276586922739253,6.18826412308259,486.99999999999994,y_pred,0.4511130538806353,0.44373341783633413,0.4584357191575419
GPT-2-L,default,decile,6,0.16276586922739253,6.18826412308259,486.99999999999994,rel_freq,0.3527277288265863,0.3450845953436861,0.3604410519993151
GPT-2-L,default,decile,7,0.426010740589503,6.834108738813838,928.9999999999997,y_pred,0.44600679900051965,0.43821840931874656,0.45385525020714007
GPT-2-L,default,decile,7,0.426010740589503,6.834108738813838,928.9999999999997,rel_freq,0.3891041614194367,0.38078378897294995,0.39736792318858927
GPT-2-L,default,decile,8,0.7091936280649008,7.528869256642251,1861,y_pred,0.44051379929399387,0.43181533811805867,0.4491905619619055
GPT-2-L,default,decile,8,0.7091936280649008,7.528869256642251,1861,rel_freq,0.42823572422784406,0.41907271485844727,0.43742272994275166
GPT-2-L,default,decile,9,1.042999177535325,8.347827345782498,4220.999999999998,y_pred,0.4340388537150983,0.4240053995782249,0.4440771467974279
GPT-2-L,default,decile,9,1.042999177535325,8.347827345782498,4220.999999999998,rel_freq,0.47436256805427995,0.4637654781265011,0.48508903150662924
GPT-2-L,default,decile,10,1.5904883828701382,9.691036630760662,16172.000000000007,y_pred,0.42341900987128056,0.4102677900284491,0.4362089754751718
GPT-2-L,default,decile,10,1.5904883828701382,9.691036630760662,16172.000000000007,rel_freq,0.550017239198014,0.536604055854062,0.563412072635796
GPT-2-L,default,grid,NA,-2.0770319357233826,0.6931471805599454,2,y_pred,0.4945592126332205,0.4778207346562306,0.5114313889510175
GPT-2-L,default,grid,NA,-2.0770319357233826,0.6931471805599454,2,rel_freq,0.04322177928301176,0.028402179837825205,0.057923651850432016
GPT-2-L,default,grid,NA,-1.967223190782462,0.9625518087046103,2.6183695337834605,y_pred,0.49242921315086535,0.4763823747490215,0.508555495074414
GPT-2-L,default,grid,NA,-1.967223190782462,0.9625518087046103,2.6183695337834605,rel_freq,0.05839567569277039,0.04411994115273919,0.07248251197191126
GPT-2-L,default,grid,NA,-1.8574144458415411,1.2319564368492761,3.4279295077227103,y_pred,0.4902992136685102,0.47497971641276715,0.5056646109712373
GPT-2-L,default,grid,NA,-1.8574144458415411,1.2319564368492761,3.4279295077227103,rel_freq,0.07356957210252905,0.0598576926762862,0.08699749430415851
GPT-2-L,default,grid,NA,-1.7476057009006205,1.501361064993941,4.487793093489239,y_pred,0.488169214186155,0.4734508886144661,0.5028987149109885
GPT-2-L,default,grid,NA,-1.7476057009006205,1.501361064993941,4.487793093489239,rel_freq,0.08874346851228769,0.07557498714820746,0.10158952489071588
GPT-2-L,default,grid,NA,-1.6377969559596997,1.7707656931386069,5.875350354958031,y_pred,0.48603921470379985,0.4719831504617402,0.5001673266134119
GPT-2-L,default,grid,NA,-1.6377969559596997,1.7707656931386069,5.875350354958031,rel_freq,0.10391736492204634,0.09129383779509254,0.11614733120254225
GPT-2-L,default,grid,NA,-1.527988211018779,2.040170321283272,7.691919184862973,y_pred,0.4839092152214447,0.47051110510359406,0.4973524764733652
GPT-2-L,default,grid,NA,-1.527988211018779,2.040170321283272,7.691919184862973,rel_freq,0.11909126133180498,0.1070373188174425,0.13073989998820076
GPT-2-L,default,grid,NA,-1.4181794660778584,2.3095749494279367,10.070143424984858,y_pred,0.4817792157390895,0.46902439159325116,0.49459175572060154
GPT-2-L,default,grid,NA,-1.4181794660778584,2.3095749494279367,10.070143424984858,rel_freq,0.1342651577415636,0.12273958447516628,0.14536113262353242
GPT-2-L,default,grid,NA,-1.3083707211369375,2.5789795775726025,13.183678372405101,y_pred,0.47964921625673435,0.4675278362502624,0.49187176587945686
GPT-2-L,default,grid,NA,-1.3083707211369375,2.5789795775726025,13.183678372405101,rel_freq,0.14943905415132228,0.13846728303944886,0.160018217592876
GPT-2-L,default,grid,NA,-1.1985619761960167,2.848384205717268,17.259870896752723,y_pred,0.4775192167743792,0.46601406073046286,0.48913596755117045
GPT-2-L,default,grid,NA,-1.1985619761960167,2.848384205717268,17.259870896752723,rel_freq,0.16461295056108094,0.15422527270478018,0.17467026655988352
GPT-2-L,default,grid,NA,-1.088753231255096,3.1177888338619333,22.596360056546576,y_pred,0.47538921729202405,0.46447368924360843,0.4863706041695131
GPT-2-L,default,grid,NA,-1.088753231255096,3.1177888338619333,22.596360056546576,rel_freq,0.17978684697083958,0.1698346654652192,0.189373500778745
GPT-2-L,default,grid,NA,-0.9789444863141754,3.387193462006598,29.58281037323153,y_pred,0.47325921780966884,0.46287054203942135,0.4836372166645678
GPT-2-L,default,grid,NA,-0.9789444863141754,3.387193462006598,29.58281037323153,rel_freq,0.19496074338059818,0.1854486579490674,0.20403363868750152
GPT-2-L,default,grid,NA,-0.8691357413732546,3.656598090151264,38.729364702481405,y_pred,0.4711292183273137,0.4613168237202165,0.4809696683605191
GPT-2-L,default,grid,NA,-0.8691357413732546,3.656598090151264,38.729364702481405,rel_freq,0.21013463979035685,0.2010054345096089,0.21887402525926083
GPT-2-L,default,grid,NA,-0.7593269964323339,3.926002718295929,50.70389429988292,y_pred,0.46899921884495854,0.45962878166391724,0.4783092569700874
GPT-2-L,default,grid,NA,-0.7593269964323339,3.926002718295929,50.70389429988292,rel_freq,0.22530853620011548,0.21659020421475725,0.2337029749333111
GPT-2-L,default,grid,NA,-0.6495182514914131,4.195407346440595,66.3807660394952,y_pred,0.4668692193626034,0.45801057814102863,0.47573608116020016
GPT-2-L,default,grid,NA,-0.6495182514914131,4.195407346440595,66.3807660394952,rel_freq,0.24048243260987415,0.23208711549321856,0.24858905067670115
GPT-2-L,default,grid,NA,-0.5397095065504924,4.46481197458526,86.904687713511,y_pred,0.4647392198802482,0.4562860796022383,0.4732252476028335
GPT-2-L,default,grid,NA,-0.5397095065504924,4.46481197458526,86.904687713511,rel_freq,0.25565632901963276,0.24752892017628234,0.2634302568585088
GPT-2-L,default,grid,NA,-0.4299007616095716,4.7342166027299255,113.77429332601157,y_pred,0.46260922039789304,0.4545537000510662,0.47067185361813535
GPT-2-L,default,grid,NA,-0.4299007616095716,4.7342166027299255,113.77429332601157,rel_freq,0.27083022542939145,0.26286371454681723,0.27841864570025204
GPT-2-L,default,grid,NA,-0.32009201666865095,5.00362123087459,148.95157168628577,y_pred,0.4604792209155379,0.45274063263984876,0.46826163100227325
GPT-2-L,default,grid,NA,-0.32009201666865095,5.00362123087459,148.95157168628577,rel_freq,0.2860041218391501,0.2782486153001585,0.2934590199478132
GPT-2-L,default,grid,NA,-0.21028327172773031,5.273025859019255,195.00512865626686,y_pred,0.4583492214331827,0.4508533386618446,0.4659271415130314
GPT-2-L,default,grid,NA,-0.21028327172773031,5.273025859019255,195.00512865626686,rel_freq,0.3011780182489087,0.2935198976756575,0.30859691445412746
GPT-2-L,default,grid,NA,-0.10047452678680946,5.542430487163921,255.29774390254678,y_pred,0.45621922195082754,0.44879388423860117,0.4636091925772679
GPT-2-L,default,grid,NA,-0.10047452678680946,5.542430487163921,255.29774390254678,rel_freq,0.31635191465866735,0.30873533776722367,0.32379571563757276
GPT-2-L,default,grid,NA,0.009334218154111174,5.811835115308586,334.2319173390403,y_pred,0.4540892224684724,0.4467919280973628,0.4613762193985442
GPT-2-L,default,grid,NA,0.009334218154111174,5.811835115308586,334.2319173390403,rel_freq,0.331525811068426,0.3239010739982386,0.3390656501562751
GPT-2-L,default,grid,NA,0.1191429630950318,6.081239743453251,437.57133478928745,y_pred,0.45195922298611724,0.44461238070477294,0.45923469924946503
GPT-2-L,default,grid,NA,0.1191429630950318,6.081239743453251,437.57133478928745,rel_freq,0.3466997074781846,0.33908973629217953,0.354313950014571
GPT-2-L,default,grid,NA,0.22895170803595288,6.350644371597918,572.8617259346175,y_pred,0.44982922350376203,0.44240391393155065,0.45724590120360176
GPT-2-L,default,grid,NA,0.22895170803595288,6.350644371597918,572.8617259346175,rel_freq,0.3618736038879433,0.35409528454657996,0.36968143796634007
GPT-2-L,default,grid,NA,0.3387604529768735,6.620048999742583,749.9818451289063,y_pred,0.4476992240214069,0.44004078329836105,0.45526882231510324
GPT-2-L,default,grid,NA,0.3387604529768735,6.620048999742583,749.9818451289063,rel_freq,0.37704750029770195,0.3690135990685616,0.38508143783391335
GPT-2-L,default,grid,NA,0.44856919791779415,6.889453627887248,981.8648070881168,y_pred,0.44556922453905173,0.43771290503340615,0.4534810198385921
GPT-2-L,default,grid,NA,0.44856919791779415,6.889453627887248,981.8648070881168,rel_freq,0.3922213967074606,0.3838302229705337,0.4005339685069945
GPT-2-L,default,grid,NA,0.5583779428587148,7.1588582560319125,1285.4424485868497,y_pred,0.4434392250566966,0.4352738958035634,0.451633848256939
GPT-2-L,default,grid,NA,0.5583779428587148,7.1588582560319125,1285.4424485868497,rel_freq,0.4073952931172192,0.3986581521232142,0.4160827747599829
GPT-2-L,default,grid,NA,0.6681866877996354,7.428262884176577,1682.8816724059095,y_pred,0.4413092255743414,0.4327450323458391,0.449865390016047
GPT-2-L,default,grid,NA,0.6681866877996354,7.428262884176577,1682.8816724059095,rel_freq,0.42256918952697786,0.41355826485061364,0.43156624979792435
GPT-2-L,default,grid,NA,0.7779954327405565,7.697667512321244,2203.2030499950993,y_pred,0.43917922609198623,0.4302612396405539,0.4481044280182107
GPT-2-L,default,grid,NA,0.7779954327405565,7.697667512321244,2203.2030499950993,rel_freq,0.43774308593673655,0.42830874529254703,0.44730656018351367
GPT-2-L,default,grid,NA,0.8878041776814771,7.967072140465909,2884.399871422983,y_pred,0.4370492266096311,0.4277147029619456,0.44646239620462874
GPT-2-L,default,grid,NA,0.8878041776814771,7.967072140465909,2884.399871422983,rel_freq,0.4529169823464952,0.44301624836675507,0.46292727121367494
GPT-2-L,default,grid,NA,0.9976129226223978,8.236476768610574,3776.212373291434,y_pred,0.4349192271272759,0.42504721221228475,0.44474138016531106
GPT-2-L,default,grid,NA,0.9976129226223978,8.236476768610574,3776.212373291434,rel_freq,0.46809087875625377,0.4576767277042479,0.4785830587054282
GPT-2-L,default,grid,NA,1.1074216675633184,8.505881396755239,4943.759715661212,y_pred,0.4327892276449207,0.42246851468160584,0.4430730103958171
GPT-2-L,default,grid,NA,1.1074216675633184,8.505881396755239,4943.759715661212,rel_freq,0.4832647751660124,0.4723529818100721,0.4943066642011205
GPT-2-L,default,grid,NA,1.2172304125042395,8.775286024899906,6472.294910916661,y_pred,0.4306592281625656,0.41973135877181156,0.4415211164834316
GPT-2-L,default,grid,NA,1.2172304125042395,8.775286024899906,6472.294910916661,rel_freq,0.4984386715757711,0.4869765500014037,0.510050600039717
GPT-2-L,default,grid,NA,1.32703915744516,9.04469065304457,8473.42990420296,y_pred,0.42852922868021043,0.41692568796050483,0.43995927197582624
GPT-2-L,default,grid,NA,1.32703915744516,9.04469065304457,8473.42990420296,rel_freq,0.5136125679855298,0.501609902131459,0.525711637921733
GPT-2-L,default,grid,NA,1.4368479023860807,9.314095281189235,11093.285353907366,y_pred,0.4263992291978552,0.4141589190155586,0.43833751494800094
GPT-2-L,default,grid,NA,1.4368479023860807,9.314095281189235,11093.285353907366,rel_freq,0.5287864643952884,0.5161112834775953,0.5414354470632184
GPT-2-L,default,grid,NA,1.5466566473270014,9.5834999093339,14523.160200118657,y_pred,0.4242692297155001,0.4113365969942493,0.436781811111681
GPT-2-L,default,grid,NA,1.5466566473270014,9.5834999093339,14523.160200118657,rel_freq,0.5439603608050471,0.5307744485151562,0.5571919764055313
GPT-2-L,default,grid,NA,1.656465392267922,9.852904537478565,19013.500101123595,y_pred,0.4221392302331449,0.40855858904977377,0.43531589388319625
GPT-2-L,default,grid,NA,1.656465392267922,9.852904537478565,19013.500101123595,rel_freq,0.5591342572148056,0.5453436834875984,0.572855504583686
GPT-2-L,default,grid,NA,1.766274137208843,10.122309165623232,24892.184697685425,y_pred,0.4200092307507897,0.40572037165877495,0.4337520767243859
GPT-2-L,default,grid,NA,1.766274137208843,10.122309165623232,24892.184697685425,rel_freq,0.5743081536245643,0.559853403060671,0.5886501578894852
GPT-2-L,default,grid,NA,1.8760828821497637,10.391713793767897,32588.46902086518,y_pred,0.41787923126843457,0.4029609138362011,0.43230410132940594
GPT-2-L,default,grid,NA,1.8760828821497637,10.391713793767897,32588.46902086518,rel_freq,0.589482050034323,0.5744274951885102,0.6043939894542598
GPT-2-L,default,grid,NA,1.9858916270906843,10.661118421912562,42664.32721843975,y_pred,0.4157492317860794,0.40011843113711115,0.4308926459750884
GPT-2-L,default,grid,NA,1.9858916270906843,10.661118421912562,42664.32721843975,rel_freq,0.6046559464440816,0.589021593322435,0.6202311441788007
GPT-2-L,default,grid,NA,2.095700372031605,10.930523050057229,55855.48728406563,y_pred,0.41361923230372427,0.3972443093986455,0.429508463214173
GPT-2-L,default,grid,NA,2.095700372031605,10.930523050057229,55855.48728406563,rel_freq,0.6198298428538402,0.6035210915632099,0.6360274846725728
GPT-2-L,default,grid,NA,2.205509116972525,11.199927678201892,73125.15309961332,y_pred,0.4114892328213691,0.39437504572350757,0.4279791038598491
GPT-2-L,default,grid,NA,2.205509116972525,11.199927678201892,73125.15309961332,rel_freq,0.6350037392635988,0.6180143440538629,0.6518741626648784
GPT-2-M,attn_zeroed,decile,1,-1.7035538111602464,1.6094379124341005,5.000000000000001,y_pred,0.6873259937619426,0.6740977769050768,0.7007729248605208
GPT-2-M,attn_zeroed,decile,1,-1.7035538111602464,1.6094379124341005,5.000000000000001,rel_freq,0.08045802037701714,0.06826362471166561,0.0923737704021205
GPT-2-M,attn_zeroed,decile,2,-1.099654998218199,3.091042453358316,22.000000000000004,y_pred,0.67038772134615765,0.6603900224375502,0.6806115919938208
GPT-2-M,attn_zeroed,decile,2,-1.099654998218199,3.091042453358316,22.000000000000004,rel_freq,0.0954132915354955,0.08601374598447487,0.10463531536968093
GPT-2-M,attn_zeroed,decile,3,-0.6839739164040122,4.110873864173311,61.00000000000001,y_pred,0.6587286167892945,0.6504605601452367,0.6670132919081087
GPT-2-M,attn_zeroed,decile,3,-0.6839739164040122,4.110873864173311,61.00000000000001,rel_freq,0.10570743876803422,0.09788679914931418,0.11347266436258084
GPT-2-M,attn_zeroed,decile,4,-0.36626148122012114,4.890349128221754,133,y_pred,0.6498173560586933,0.6424969955016889,0.6569515378257408
GPT-2-M,attn_zeroed,decile,4,-0.36626148122012114,4.890349128221754,133,rel_freq,0.11357543836791345,0.10655687298164464,0.12064535971215062
GPT-2-M,attn_zeroed,decile,5,-0.08991202955537367,5.568344503761097,261.99999999999994,y_pred,0.6420662524069969,0.6351332429298713,0.6488092769898047
GPT-2-M,attn_zeroed,decile,5,-0.08991202955537367,5.568344503761097,261.99999999999994,rel_freq,0.12041910306069323,0.11369809861171244,0.12719852735365603
GPT-2-M,attn_zeroed,decile,6,0.16276586922739253,6.18826412308259,486.99999999999994,y_pred,0.6349790931158901,0.627956851350246,0.6417334358921616
GPT-2-M,attn_zeroed,decile,6,0.16276586922739253,6.18826412308259,486.99999999999994,rel_freq,0.1266765528371568,0.11994081322407353,0.13348627885343176
GPT-2-M,attn_zeroed,decile,7,0.426010740589503,6.834108738813838,928.9999999999997,y_pred,0.6275955493041926,0.6200861459585791,0.6348400436271319
GPT-2-M,attn_zeroed,decile,7,0.426010740589503,6.834108738813838,928.9999999999997,rel_freq,0.133195688738616,0.12615974934289867,0.1403641912063811
GPT-2-M,attn_zeroed,decile,8,0.7091936280649008,7.528869256642251,1861,y_pred,0.619652780103871,0.611129003965456,0.6279651739917289
GPT-2-M,attn_zeroed,decile,8,0.7091936280649008,7.528869256642251,1861,rel_freq,0.14020858026758456,0.1323877750661357,0.14813214200981173
GPT-2-M,attn_zeroed,decile,9,1.042999177535325,8.347827345782498,4220.999999999998,y_pred,0.6102901365456143,0.6002180822554722,0.62012010512036
GPT-2-M,attn_zeroed,decile,9,1.042999177535325,8.347827345782498,4220.999999999998,rel_freq,0.14847511830268104,0.13967162001840114,0.15753002045257586
GPT-2-M,attn_zeroed,decile,10,1.5904883828701382,9.691036630760662,16172.000000000007,y_pred,0.5949340518739383,0.5818915059752973,0.6078816417173161
GPT-2-M,attn_zeroed,decile,10,1.5904883828701382,9.691036630760662,16172.000000000007,rel_freq,0.16203343195829625,0.15092435083328865,0.1733327155978254
GPT-2-M,attn_zeroed,grid,NA,-2.0770319357233826,0.6931471805599454,2,y_pred,0.6978013814918302,0.6822545075795322,0.7136088285006091
GPT-2-M,attn_zeroed,grid,NA,-2.0770319357233826,0.6931471805599454,2,rel_freq,0.07120900960749661,0.05712062230918156,0.08506299303476177
GPT-2-M,attn_zeroed,grid,NA,-1.967223190782462,0.9625518087046103,2.6183695337834605,y_pred,0.6947214442646258,0.6798510667770038,0.7098727831052694
GPT-2-M,attn_zeroed,grid,NA,-1.967223190782462,0.9625518087046103,2.6183695337834605,rel_freq,0.07392837172739078,0.06032155014707531,0.08713759520100309
GPT-2-M,attn_zeroed,grid,NA,-1.8574144458415411,1.2319564368492761,3.4279295077227103,y_pred,0.6916415070374214,0.6774828968302667,0.706128454458793
GPT-2-M,attn_zeroed,grid,NA,-1.8574144458415411,1.2319564368492761,3.4279295077227103,rel_freq,0.07664773384728495,0.06362449120822143,0.08935172619764915
GPT-2-M,attn_zeroed,grid,NA,-1.7476057009006205,1.501361064993941,4.487793093489239,y_pred,0.688561569810217,0.6750825839436841,0.702295318955384
GPT-2-M,attn_zeroed,grid,NA,-1.7476057009006205,1.501361064993941,4.487793093489239,rel_freq,0.07936709596717911,0.06691975242851302,0.09154979521375231
GPT-2-M,attn_zeroed,grid,NA,-1.6377969559596997,1.7707656931386069,5.875350354958031,y_pred,0.6854816325830126,0.6726528577624822,0.698534874548142
GPT-2-M,attn_zeroed,grid,NA,-1.6377969559596997,1.7707656931386069,5.875350354958031,rel_freq,0.0820864580870733,0.07021523845189945,0.09364323444108456
GPT-2-M,attn_zeroed,grid,NA,-1.527988211018779,2.040170321283272,7.691919184862973,y_pred,0.6824016953558082,0.670263682482256,0.6948407448234053
GPT-2-M,attn_zeroed,grid,NA,-1.527988211018779,2.040170321283272,7.691919184862973,rel_freq,0.08480582020696746,0.07336883494746149,0.09583948602987855
GPT-2-M,attn_zeroed,grid,NA,-1.4181794660778584,2.3095749494279367,10.070143424984858,y_pred,0.6793217581286038,0.6678125563605597,0.6911493524627599
GPT-2-M,attn_zeroed,grid,NA,-1.4181794660778584,2.3095749494279367,10.070143424984858,rel_freq,0.08752518232686163,0.0766911314301674,0.09800778917308543
GPT-2-M,attn_zeroed,grid,NA,-1.3083707211369375,2.5789795775726025,13.183678372405101,y_pred,0.6762418209013994,0.6652998751047846,0.6874489522088489
GPT-2-M,attn_zeroed,grid,NA,-1.3083707211369375,2.5789795775726025,13.183678372405101,rel_freq,0.0902445444467558,0.07993108139571416,0.10028664135278204
GPT-2-M,attn_zeroed,grid,NA,-1.1985619761960167,2.848384205717268,17.259870896752723,y_pred,0.673161883674195,0.6626788823363654,0.6838562393040909
GPT-2-M,attn_zeroed,grid,NA,-1.1985619761960167,2.848384205717268,17.259870896752723,rel_freq,0.09296390656664998,0.08314939926729352,0.1025574157207008
GPT-2-M,attn_zeroed,grid,NA,-1.088753231255096,3.1177888338619333,22.596360056546576,y_pred,0.6700819464469906,0.6601315069255259,0.6802459171936629
GPT-2-M,attn_zeroed,grid,NA,-1.088753231255096,3.1177888338619333,22.596360056546576,rel_freq,0.09568326868654414,0.08635256949667218,0.10484832457479065
GPT-2-M,attn_zeroed,grid,NA,-0.9789444863141754,3.387193462006598,29.58281037323153,y_pred,0.6670020092197863,0.6575434544732173,0.6766439110503262
GPT-2-M,attn_zeroed,grid,NA,-0.9789444863141754,3.387193462006598,29.58281037323153,rel_freq,0.09840263080643831,0.08949183512520001,0.10715591907193193
GPT-2-M,attn_zeroed,grid,NA,-0.8691357413732546,3.656598090151264,38.729364702481405,y_pred,0.6639220719925818,0.654922320290315,0.6730389290880173
GPT-2-M,attn_zeroed,grid,NA,-0.8691357413732546,3.656598090151264,38.729364702481405,rel_freq,0.10112199292633248,0.09261284288931923,0.10948202056901582
GPT-2-M,attn_zeroed,grid,NA,-0.7593269964323339,3.926002718295929,50.70389429988292,y_pred,0.6608421347653775,0.65231487419413825,0.6694141634331738
GPT-2-M,attn_zeroed,grid,NA,-0.7593269964323339,3.926002718295929,50.70389429988292,rel_freq,0.10384135504622664,0.0957435573816,0.11182329681319111
GPT-2-M,attn_zeroed,grid,NA,-0.6495182514914131,4.195407346440595,66.3807660394952,y_pred,0.657762197538173,0.6496688909588172,0.6659202043712316
GPT-2-M,attn_zeroed,grid,NA,-0.6495182514914131,4.195407346440595,66.3807660394952,rel_freq,0.10656071716612082,0.0988545245801284,0.1142344964294411
GPT-2-M,attn_zeroed,grid,NA,-0.5397095065504924,4.46481197458526,86.904687713511,y_pred,0.6546822603109687,0.6469856756182939,0.6624373386533977
GPT-2-M,attn_zeroed,grid,NA,-0.5397095065504924,4.46481197458526,86.904687713511,rel_freq,0.10928007928601499,0.10176674356406702,0.11666209353743931
GPT-2-M,attn_zeroed,grid,NA,-0.4299007616095716,4.7342166027299255,113.77429332601157,y_pred,0.6516023230837643,0.6441861261143947,0.6589929159158094
GPT-2-M,attn_zeroed,grid,NA,-0.4299007616095716,4.7342166027299255,113.77429332601157,rel_freq,0.11199944140590916,0.10482307203757787,0.11915527910921915
GPT-2-M,attn_zeroed,grid,NA,-0.32009201666865095,5.00362123087459,148.95157168628577,y_pred,0.6485223858565599,0.6412385614641337,0.6556041328200903
GPT-2-M,attn_zeroed,grid,NA,-0.32009201666865095,5.00362123087459,148.95157168628577,rel_freq,0.11471880352580333,0.10776207404650055,0.12173934812734012
GPT-2-M,attn_zeroed,grid,NA,-0.21028327172773031,5.273025859019255,195.00512865626686,y_pred,0.6454424486293555,0.6384023122250889,0.652360942053582
GPT-2-M,attn_zeroed,grid,NA,-0.21028327172773031,5.273025859019255,195.00512865626686,rel_freq,0.11743816564569749,0.11058827757404496,0.12431693745190335
GPT-2-M,attn_zeroed,grid,NA,-0.10047452678680946,5.542430487163921,255.29774390254678,y_pred,0.6423625114021511,0.6354392386600248,0.6491478774589701
GPT-2-M,attn_zeroed,grid,NA,-0.10047452678680946,5.542430487163921,255.29774390254678,rel_freq,0.12015752776559166,0.11339913886576264,0.1269392993971829
GPT-2-M,attn_zeroed,grid,NA,0.009334218154111174,5.811835115308586,334.2319173390403,y_pred,0.6392825741749467,0.6324357767657433,0.6459927458770498
GPT-2-M,attn_zeroed,grid,NA,0.009334218154111174,5.811835115308586,334.2319173390403,rel_freq,0.12287688988548583,0.11615692676913252,0.1296255446363021
GPT-2-M,attn_zeroed,grid,NA,0.1191429630950318,6.081239743453251,437.57133478928745,y_pred,0.6362026369477423,0.6292548709889726,0.6429297440284695
GPT-2-M,attn_zeroed,grid,NA,0.1191429630950318,6.081239743453251,437.57133478928745,rel_freq,0.12559625200538,0.11886760411156658,0.13236606268929932
GPT-2-M,attn_zeroed,grid,NA,0.22895170803595288,6.350644371597918,572.8617259346175,y_pred,0.6331226997205379,0.626046697753167,0.6399908652560051
GPT-2-M,attn_zeroed,grid,NA,0.22895170803595288,6.350644371597918,572.8617259346175,rel_freq,0.12831561412527417,0.12150465156677923,0.13514796946367355
GPT-2-M,attn_zeroed,grid,NA,0.3387604529768735,6.620048999742583,749.9818451289063,y_pred,0.6300427624933335,0.6227490343565498,0.6370979054807462
GPT-2-M,attn_zeroed,grid,NA,0.3387604529768735,6.620048999742583,749.9818451289063,rel_freq,0.13103497624516836,0.12410232670406166,0.1379883620394501
GPT-2-M,attn_zeroed,grid,NA,0.44856919791779415,6.889453627887248,981.8648070881168,y_pred,0.6269628252661291,0.6193639157884707,0.6342823783612703
GPT-2-M,attn_zeroed,grid,NA,0.44856919791779415,6.889453627887248,981.8648070881168,rel_freq,0.1337543383650625,0.12669316778178585,0.14094195294029557
GPT-2-M,attn_zeroed,grid,NA,0.5583779428587148,7.1588582560319125,1285.4424485868497,y_pred,0.6238828880389247,0.6158936993733741,0.631609094165727
GPT-2-M,attn_zeroed,grid,NA,0.5583779428587148,7.1588582560319125,1285.4424485868497,rel_freq,0.1364737004849567,0.129048513679143,0.1439749160922289
GPT-2-M,attn_zeroed,grid,NA,0.6681866877996354,7.428262884176577,1682.8816724059095,y_pred,0.6208029508117203,0.6124473529330279,0.6289193352885815
GPT-2-M,attn_zeroed,grid,NA,0.6681866877996354,7.428262884176577,1682.8816724059095,rel_freq,0.13919306260485084,0.13145740620382068,0.14696496223876468
GPT-2-M,attn_zeroed,grid,NA,0.7779954327405565,7.697667512321244,2203.2030499950993,y_pred,0.6177230135845159,0.6089680695726437,0.6263545781984696
GPT-2-M,attn_zeroed,grid,NA,0.7779954327405565,7.697667512321244,2203.2030499950993,rel_freq,0.14191242472474502,0.13387340210651913,0.14998091697318308
GPT-2-M,attn_zeroed,grid,NA,0.8878041776814771,7.967072140465909,2884.399871422983,y_pred,0.6146430763573115,0.6053399964597024,0.6237561508313461
GPT-2-M,attn_zeroed,grid,NA,0.8878041776814771,7.967072140465909,2884.399871422983,rel_freq,0.1446317868446392,0.13631157948726327,0.15310026404815608
GPT-2-M,attn_zeroed,grid,NA,0.9976129226223978,8.236476768610574,3776.212373291434,y_pred,0.6115631391301071,0.601724116593435,0.6211528539717152
GPT-2-M,attn_zeroed,grid,NA,0.9976129226223978,8.236476768610574,3776.212373291434,rel_freq,0.14735114896453336,0.1386792633983234,0.1562483892417663
GPT-2-M,attn_zeroed,grid,NA,1.1074216675633184,8.505881396755239,4943.759715661212,y_pred,0.6084832019029027,0.5980802654230738,0.6186808944077791
GPT-2-M,attn_zeroed,grid,NA,1.1074216675633184,8.505881396755239,4943.759715661212,rel_freq,0.15007051108442754,0.1410353717049005,0.1593914063548787
GPT-2-M,attn_zeroed,grid,NA,1.2172304125042395,8.775286024899906,6472.294910916661,y_pred,0.6054032646756983,0.5944266429198536,0.6161892883958912
GPT-2-M,attn_zeroed,grid,NA,1.2172304125042395,8.775286024899906,6472.294910916661,rel_freq,0.1527898732043217,0.14328720906717382,0.1625170853738152
GPT-2-M,attn_zeroed,grid,NA,1.32703915744516,9.04469065304457,8473.42990420296,y_pred,0.6023233274484939,0.5908069634820277,0.6137158552425359
GPT-2-M,attn_zeroed,grid,NA,1.32703915744516,9.04469065304457,8473.42990420296,rel_freq,0.15550923532421587,0.14552605846815084,0.16565936024995281
GPT-2-M,attn_zeroed,grid,NA,1.4368479023860807,9.314095281189235,11093.285353907366,y_pred,0.5992433902212896,0.587092621397231,0.6111713153427853
GPT-2-M,attn_zeroed,grid,NA,1.4368479023860807,9.314095281189235,11093.285353907366,rel_freq,0.15822859744411003,0.1477963713234931,0.16888078617177216
GPT-2-M,attn_zeroed,grid,NA,1.5466566473270014,9.5834999093339,14523.160200118657,y_pred,0.5961634529940851,0.5833951297757293,0.6088311921002609
GPT-2-M,attn_zeroed,grid,NA,1.5466566473270014,9.5834999093339,14523.160200118657,rel_freq,0.1609479595640042,0.15004907976785373,0.17204823341647785
GPT-2-M,attn_zeroed,grid,NA,1.656465392267922,9.852904537478565,19013.500101123595,y_pred,0.5930835157668808,0.579683115158278,0.6064290859316225
GPT-2-M,attn_zeroed,grid,NA,1.656465392267922,9.852904537478565,19013.500101123595,rel_freq,0.16366732168389836,0.15227436299873212,0.17523970301782552
GPT-2-M,attn_zeroed,grid,NA,1.766274137208843,10.122309165623232,24892.184697685425,y_pred,0.5900035785396763,0.5759722676661265,0.6039932822900601
GPT-2-M,attn_zeroed,grid,NA,1.766274137208843,10.122309165623232,24892.184697685425,rel_freq,0.16638668380379254,0.15443704197406796,0.17844197976546722
GPT-2-M,attn_zeroed,grid,NA,1.8760828821497637,10.391713793767897,32588.46902086518,y_pred,0.586923641312472,0.5722547711517365,0.6015701990849198
GPT-2-M,attn_zeroed,grid,NA,1.8760828821497637,10.391713793767897,32588.46902086518,rel_freq,0.16910604592368672,0.15662269494554373,0.1817095701376643
GPT-2-M,attn_zeroed,grid,NA,1.9858916270906843,10.661118421912562,42664.32721843975,y_pred,0.5838437040852675,0.5685369083698153,0.5992182786846028
GPT-2-M,attn_zeroed,grid,NA,1.9858916270906843,10.661118421912562,42664.32721843975,rel_freq,0.17182540804358087,0.15873424063821953,0.1849562483087068
GPT-2-M,attn_zeroed,grid,NA,2.095700372031605,10.930523050057229,55855.48728406563,y_pred,0.5807637668580632,0.5648043953093097,0.596792579723192
GPT-2-M,attn_zeroed,grid,NA,2.095700372031605,10.930523050057229,55855.48728406563,rel_freq,0.17454477016347505,0.16097109930088713,0.1882501492140006
GPT-2-M,attn_zeroed,grid,NA,2.205509116972525,11.199927678201892,73125.15309961332,y_pred,0.5776838296308588,0.5611093375896995,0.5944013577976935
GPT-2-M,attn_zeroed,grid,NA,2.205509116972525,11.199927678201892,73125.15309961332,rel_freq,0.1772641322833692,0.1630521888361149,0.19151496055460476
GPT-2-M,default,decile,1,-1.7035538111602464,1.6094379124341005,5.000000000000001,y_pred,0.47049216674175554,0.45570180628389506,0.4853341433026274
GPT-2-M,default,decile,1,-1.7035538111602464,1.6094379124341005,5.000000000000001,rel_freq,0.08410614114757513,0.07163518209842036,0.09664719517941729
GPT-2-M,default,decile,2,-1.099654998218199,3.091042453358316,22.000000000000004,y_pred,0.46196329554936083,0.45070465089448214,0.4733344033223357
GPT-2-M,default,decile,2,-1.099654998218199,3.091042453358316,22.000000000000004,rel_freq,0.1707365958931511,0.16088213633075277,0.18038885164285798
GPT-2-M,default,decile,3,-0.6839739164040122,4.110873864173311,61.00000000000001,y_pred,0.45609262594721894,0.44674225377406,0.4654176291282964
GPT-2-M,default,decile,3,-0.6839739164040122,4.110873864173311,61.00000000000001,rel_freq,0.23036685244434535,0.2220273693662944,0.23854489838262533
GPT-2-M,default,decile,4,-0.36626148122012114,4.890349128221754,133,y_pred,0.4516055688809791,0.44342521199196755,0.4597410530998743
GPT-2-M,default,decile,4,-0.36626148122012114,4.890349128221754,133,rel_freq,0.27594331682621204,0.2683461730375238,0.28354439117562497
GPT-2-M,default,decile,5,-0.08991202955537367,5.568344503761097,261.99999999999994,y_pred,0.44770268179654343,0.44014270536254024,0.4552986283200221
GPT-2-M,default,decile,5,-0.08991202955537367,5.568344503761097,261.99999999999994,rel_freq,0.31558618108318326,0.30817670244010725,0.32298210590039306
GPT-2-M,default,decile,6,0.16276586922739253,6.18826412308259,486.99999999999994,y_pred,0.4441341083771253,0.4367679999832654,0.4515161028369749
GPT-2-M,default,decile,6,0.16276586922739253,6.18826412308259,486.99999999999994,rel_freq,0.351833315216577,0.34423877869113023,0.35953458775475444
GPT-2-M,default,decile,7,0.426010740589503,6.834108738813838,928.9999999999997,y_pred,0.440416297459485,0.43260821244571124,0.44809274833603097
GPT-2-M,default,decile,7,0.426010740589503,6.834108738813838,928.9999999999997,rel_freq,0.38959630203955115,0.38141011697051486,0.3979501753155214
GPT-2-M,default,decile,8,0.7091936280649008,7.528869256642251,1861,y_pred,0.43641690166766084,0.42779378716058825,0.4449958080792162
GPT-2-M,default,decile,8,0.7091936280649008,7.528869256642251,1861,rel_freq,0.43021943590306017,0.4210205755080148,0.43943508100998513
GPT-2-M,default,decile,9,1.042999177535325,8.347827345782498,4220.999999999998,y_pred,0.4317025613283083,0.4216734394023882,0.44175901555079045
GPT-2-M,default,decile,9,1.042999177535325,8.347827345782498,4220.999999999998,rel_freq,0.4781044887090751,0.4674022976104346,0.48873203792725217
GPT-2-M,default,decile,10,1.5904883828701382,9.691036630760662,16172.000000000007,y_pred,0.42397036379544906,0.41108158723262805,0.436953957340266
GPT-2-M,default,decile,10,1.5904883828701382,9.691036630760662,16172.000000000007,rel_freq,0.5566428759521055,0.5433313835399352,0.5700604856319442
GPT-2-M,default,grid,NA,-2.0770319357233826,0.6931471805599454,2,y_pred,0.4757668034015925,0.45867573695763447,0.49308632713515277
GPT-2-M,default,grid,NA,-2.0770319357233826,0.6931471805599454,2,rel_freq,0.030529980580532867,0.016093818468049165,0.04513376243943516
GPT-2-M,default,grid,NA,-1.967223190782462,0.9625518087046103,2.6183695337834605,y_pred,0.47421597299535767,0.45782064199848155,0.49084993389176557
GPT-2-M,default,grid,NA,-1.967223190782462,0.9625518087046103,2.6183695337834605,rel_freq,0.04628225779222164,0.03243497066179316,0.060237800380725494
GPT-2-M,default,grid,NA,-1.8574144458415411,1.2319564368492761,3.4279295077227103,y_pred,0.47266514258912284,0.4568743584816091,0.48850056583274726
GPT-2-M,default,grid,NA,-1.8574144458415411,1.2319564368492761,3.4279295077227103,rel_freq,0.06203453500391045,0.048774206946853235,0.07541943370843825
GPT-2-M,default,grid,NA,-1.7476057009006205,1.501361064993941,4.487793093489239,y_pred,0.471114312182888,0.4560330518699827,0.4862493070535661
GPT-2-M,default,grid,NA,-1.7476057009006205,1.501361064993941,4.487793093489239,rel_freq,0.07778681221559923,0.06510317086994845,0.09049465093604112
GPT-2-M,default,grid,NA,-1.6377969559596997,1.7707656931386069,5.875350354958031,y_pred,0.46956348177665325,0.4551952311475581,0.48399358587782004
GPT-2-M,default,grid,NA,-1.6377969559596997,1.7707656931386069,5.875350354958031,rel_freq,0.09353908942728804,0.0813653630014856,0.10577175631741378
GPT-2-M,default,grid,NA,-1.527988211018779,2.040170321283272,7.691919184862973,y_pred,0.4680126513704184,0.45430306993946296,0.4817468126073266
GPT-2-M,default,grid,NA,-1.527988211018779,2.040170321283272,7.691919184862973,rel_freq,0.10929136663897682,0.09761984223679974,0.12091997673535204
GPT-2-M,default,grid,NA,-1.4181794660778584,2.3095749494279367,10.070143424984858,y_pred,0.4664618209641836,0.4533945573865374,0.47962054973348023
GPT-2-M,default,grid,NA,-1.4181794660778584,2.3095749494279367,10.070143424984858,rel_freq,0.1250436438506656,0.11382891698559185,0.1361364885626576
GPT-2-M,default,grid,NA,-1.3083707211369375,2.5789795775726025,13.183678372405101,y_pred,0.4649109905579488,0.4525297676660145,0.4774604575223904
GPT-2-M,default,grid,NA,-1.3083707211369375,2.5789795775726025,13.183678372405101,rel_freq,0.1407959210623544,0.13007645258390269,0.15141058467042534
GPT-2-M,default,grid,NA,-1.1985619761960167,2.848384205717268,17.259870896752723,y_pred,0.463360160151714,0.4516186129549303,0.4753154790016522
GPT-2-M,default,grid,NA,-1.1985619761960167,2.848384205717268,17.259870896752723,rel_freq,0.1565481982740432,0.14628437551115647,0.16663244231175553
GPT-2-M,default,grid,NA,-1.088753231255096,3.1177888338619333,22.596360056546576,y_pred,0.46180932974547917,0.45061678432690655,0.473109448124771
GPT-2-M,default,grid,NA,-1.088753231255096,3.1177888338619333,22.596360056546576,rel_freq,0.172300475485732,0.16249701231717947,0.1819115534827206
GPT-2-M,default,grid,NA,-0.9789444863141754,3.387193462006598,29.58281037323153,y_pred,0.4602584993392444,0.4495646840161648,0.47099133534232035
GPT-2-M,default,grid,NA,-0.9789444863141754,3.387193462006598,29.58281037323153,rel_freq,0.18805275269742078,0.17863195518369573,0.19727307008104447
GPT-2-M,default,grid,NA,-0.8691357413732546,3.656598090151264,38.729364702481405,y_pred,0.45870766893300957,0.44857230305102835,0.46885602979406465
GPT-2-M,default,grid,NA,-0.8691357413732546,3.656598090151264,38.729364702481405,rel_freq,0.20380502990910956,0.19484604176664877,0.212582286537744
GPT-2-M,default,grid,NA,-0.7593269964323339,3.926002718295929,50.70389429988292,y_pred,0.45715683852677474,0.4475105457500072,0.4668942191606976
GPT-2-M,default,grid,NA,-0.7593269964323339,3.926002718295929,50.70389429988292,rel_freq,0.21955730712079835,0.210957290532931,0.2279370911889886
GPT-2-M,default,grid,NA,-0.6495182514914131,4.195407346440595,66.3807660394952,y_pred,0.4556060081205399,0.4464014843662351,0.46477307340925017
GPT-2-M,default,grid,NA,-0.6495182514914131,4.195407346440595,66.3807660394952,rel_freq,0.23530958433248716,0.22709465426180336,0.24341406701772594
GPT-2-M,default,grid,NA,-0.5397095065504924,4.46481197458526,86.904687713511,y_pred,0.45405517771430515,0.44527803484925876,0.46282416122496717
GPT-2-M,default,grid,NA,-0.5397095065504924,4.46481197458526,86.904687713511,rel_freq,0.2510618615441759,0.24303270556413498,0.25890027176280955
GPT-2-M,default,grid,NA,-0.4299007616095716,4.7342166027299255,113.77429332601157,y_pred,0.4525043473080703,0.44411730648714237,0.4609092734190876
GPT-2-M,default,grid,NA,-0.4299007616095716,4.7342166027299255,113.77429332601157,rel_freq,0.26681413875586474,0.2590801181241263,0.2744577843322611
GPT-2-M,default,grid,NA,-0.32009201666865095,5.00362123087459,148.95157168628577,y_pred,0.4509535169018355,0.4428997832110007,0.45893770669459016
GPT-2-M,default,grid,NA,-0.32009201666865095,5.00362123087459,148.95157168628577,rel_freq,0.2825664159675535,0.275036987048644,0.29008305695333075
GPT-2-M,default,grid,NA,-0.21028327172773031,5.273025859019255,195.00512865626686,y_pred,0.4494026864956007,0.4416549532978568,0.4571521183716779
GPT-2-M,default,grid,NA,-0.21028327172773031,5.273025859019255,195.00512865626686,rel_freq,0.2983186931792423,0.29086633053616134,0.30576054300655175
GPT-2-M,default,grid,NA,-0.10047452678680946,5.542430487163921,255.29774390254678,y_pred,0.4478518560893659,0.44029277121147326,0.4554456799898919
GPT-2-M,default,grid,NA,-0.10047452678680946,5.542430487163921,255.29774390254678,rel_freq,0.3140709703909311,0.3066707878312123,0.32148716441601966
GPT-2-M,default,grid,NA,0.009334218154111174,5.811835115308586,334.2319173390403,y_pred,0.44630102568313107,0.4388041109198118,0.4537929816330962
GPT-2-M,default,grid,NA,0.009334218154111174,5.811835115308586,334.2319173390403,rel_freq,0.3298232476026199,0.3223588331015657,0.33725452208683887
GPT-2-M,default,grid,NA,0.1191429630950318,6.081239743453251,437.57133478928745,y_pred,0.4447501952768963,0.4373875454804043,0.4521718244587595
GPT-2-M,default,grid,NA,0.1191429630950318,6.081239743453251,437.57133478928745,rel_freq,0.34557552481430864,0.3379843512881161,0.353186475930046
GPT-2-M,default,grid,NA,0.22895170803595288,6.350644371597918,572.8617259346175,y_pred,0.44319936487066147,0.43575625621142194,0.4505971939844707
GPT-2-M,default,grid,NA,0.22895170803595288,6.350644371597918,572.8617259346175,rel_freq,0.3613278020259975,0.3535785728109983,0.3691877732884606
GPT-2-M,default,grid,NA,0.3387604529768735,6.620048999742583,749.9818451289063,y_pred,0.44164853446442665,0.43403855623469445,0.44922381521857074
GPT-2-M,default,grid,NA,0.3387604529768735,6.620048999742583,749.9818451289063,rel_freq,0.37708007923768627,0.36908831666430764,0.3852188477387851
GPT-2-M,default,grid,NA,0.44856919791779415,6.889453627887248,981.8648070881168,y_pred,0.4400977040581919,0.4322450840574505,0.4478179821228101
GPT-2-M,default,grid,NA,0.44856919791779415,6.889453627887248,981.8648070881168,rel_freq,0.39283235644937503,0.38460327492867624,0.40123454672877956
GPT-2-M,default,grid,NA,0.5583779428587148,7.1588582560319125,1285.4424485868497,y_pred,0.43854687365195705,0.43041774920846115,0.44659693292145386
GPT-2-M,default,grid,NA,0.5583779428587148,7.1588582560319125,1285.4424485868497,rel_freq,0.40858463366106385,0.39997586842256294,0.41736071843907807
GPT-2-M,default,grid,NA,0.6681866877996354,7.428262884176577,1682.8816724059095,y_pred,0.4369960432457222,0.42855574275840114,0.44538135587692484
GPT-2-M,default,grid,NA,0.6681866877996354,7.428262884176577,1682.8816724059095,rel_freq,0.4243369108727526,0.4153449331096781,0.43342545417299233
GPT-2-M,default,grid,NA,0.7779954327405565,7.697667512321244,2203.2030499950993,y_pred,0.4354452128394874,0.4265313013504689,0.4442789377913674
GPT-2-M,default,grid,NA,0.7779954327405565,7.697667512321244,2203.2030499950993,rel_freq,0.4400891880844415,0.4306715906645122,0.44955840179311396
GPT-2-M,default,grid,NA,0.8878041776814771,7.967072140465909,2884.399871422983,y_pred,0.4338943824332526,0.4245152863396991,0.4432288378919189
GPT-2-M,default,grid,NA,0.8878041776814771,7.967072140465909,2884.399871422983,rel_freq,0.45584146529613023,0.4458665143545505,0.46576053319528277
GPT-2-M,default,grid,NA,0.9976129226223978,8.236476768610574,3776.212373291434,y_pred,0.4323435520270178,0.4225263678389079,0.44221575711484185
GPT-2-M,default,grid,NA,0.9976129226223978,8.236476768610574,3776.212373291434,rel_freq,0.471593742507819,0.46112721666200585,0.4820128006276045
GPT-2-M,default,grid,NA,1.1074216675633184,8.505881396755239,4943.759715661212,y_pred,0.43079272162078297,0.4204698309843153,0.44120313458058186
GPT-2-M,default,grid,NA,1.1074216675633184,8.505881396755239,4943.759715661212,rel_freq,0.4873460197195078,0.47639794272766206,0.4983706629277429
GPT-2-M,default,grid,NA,1.2172304125042395,8.775286024899906,6472.294910916661,y_pred,0.4292418912145482,0.41844528392938635,0.4402877929025653
GPT-2-M,default,grid,NA,1.2172304125042395,8.775286024899906,6472.294910916661,rel_freq,0.5030982969311967,0.4916441774054864,0.5146203036415505
GPT-2-M,default,grid,NA,1.32703915744516,9.04469065304457,8473.42990420296,y_pred,0.4276910608083134,0.4162953667480182,0.4392987425627414
GPT-2-M,default,grid,NA,1.32703915744516,9.04469065304457,8473.42990420296,rel_freq,0.5188505741428854,0.5068856468004952,0.5308960473397337
GPT-2-M,default,grid,NA,1.4368479023860807,9.314095281189235,11093.285353907366,y_pred,0.42614023040207855,0.4141356011333686,0.4383100188497596
GPT-2-M,default,grid,NA,1.4368479023860807,9.314095281189235,11093.285353907366,rel_freq,0.5346028513545742,0.5219846143078813,0.5472616222099256
GPT-2-M,default,grid,NA,1.5466566473270014,9.5834999093339,14523.160200118657,y_pred,0.4245893999958438,0.41194542687456454,0.43737379662252274
GPT-2-M,default,grid,NA,1.5466566473270014,9.5834999093339,14523.160200118657,rel_freq,0.550355128566263,0.5372331660122857,0.5635344426962509
GPT-2-M,default,grid,NA,1.656465392267922,9.852904537478565,19013.500101123595,y_pred,0.42303856958960895,0.40977886161443927,0.4364042935335132
GPT-2-M,default,grid,NA,1.656465392267922,9.852904537478565,19013.500101123595,rel_freq,0.5661074057779517,0.552479228874604,0.5799074334337675
GPT-2-M,default,grid,NA,1.766274137208843,10.122309165623232,24892.184697685425,y_pred,0.4214877391833741,0.40759248715537494,0.4354394019029997
GPT-2-M,default,grid,NA,1.766274137208843,10.122309165623232,24892.184697685425,rel_freq,0.5818596829896405,0.5676341720695096,0.5962469150134879
GPT-2-M,default,grid,NA,1.8760828821497637,10.391713793767897,32588.46902086518,y_pred,0.41993690877713935,0.40533538310870065,0.43460542813962943
GPT-2-M,default,grid,NA,1.8760828821497637,10.391713793767897,32588.46902086518,rel_freq,0.5976119602013293,0.5827947814839636,0.6125586120050615
GPT-2-M,default,grid,NA,1.9858916270906843,10.661118421912562,42664.32721843975,y_pred,0.4183860783709045,0.40310547794330626,0.43366418560378267
GPT-2-M,default,grid,NA,1.9858916270906843,10.661118421912562,42664.32721843975,rel_freq,0.6133642374130182,0.5979617031339698,0.6288809401508081
GPT-2-M,default,grid,NA,2.095700372031605,10.930523050057229,55855.48728406563,y_pred,0.4168352479646697,0.4009179591073051,0.432659984712593
GPT-2-M,default,grid,NA,2.095700372031605,10.930523050057229,55855.48728406563,rel_freq,0.6291165146247069,0.613115477648624,0.6453150884011365
GPT-2-M,default,grid,NA,2.205509116972525,11.199927678201892,73125.15309961332,y_pred,0.4152844175584349,0.398661029679927,0.4317998253548235
GPT-2-M,default,grid,NA,2.205509116972525,11.199927678201892,73125.15309961332,rel_freq,0.6448687918363957,0.6282609023048991,0.6616985499753327
GPT-2-XL,attn_zeroed,decile,1,-1.7035538111602464,1.6094379124341005,5.000000000000001,y_pred,0.6653574534157842,0.6516409499881304,0.6792474367817959
GPT-2-XL,attn_zeroed,decile,1,-1.7035538111602464,1.6094379124341005,5.000000000000001,rel_freq,0.07383505187491429,0.061368358331876156,0.0864015901650954
GPT-2-XL,attn_zeroed,decile,2,-1.099654998218199,3.091042453358316,22.000000000000004,y_pred,0.6441299305240565,0.6339741757843441,0.6546327272028456
GPT-2-XL,attn_zeroed,decile,2,-1.099654998218199,3.091042453358316,22.000000000000004,rel_freq,0.09420959809430693,0.08467401932026765,0.10397505886911908
GPT-2-XL,attn_zeroed,decile,3,-0.6839739164040122,4.110873864173311,61.00000000000001,y_pred,0.6295184103641129,0.6212345871434292,0.6381276558724519
GPT-2-XL,attn_zeroed,decile,3,-0.6839739164040122,4.110873864173311,61.00000000000001,rel_freq,0.10823398965204133,0.1000501587044441,0.11649113419165194
GPT-2-XL,attn_zeroed,decile,4,-0.36626148122012114,4.890349128221754,133,y_pred,0.6183505659399846,0.6109494325096493,0.6259425607166907
GPT-2-XL,attn_zeroed,decile,4,-0.36626148122012114,4.890349128221754,133,rel_freq,0.11895308125547385,0.11156944648154093,0.12631560321167104
GPT-2-XL,attn_zeroed,decile,5,-0.08991202955537367,5.568344503761097,261.99999999999994,y_pred,0.6086366632370614,0.6015359289546646,0.6156858001491593
GPT-2-XL,attn_zeroed,decile,5,-0.08991202955537367,5.568344503761097,261.99999999999994,rel_freq,0.12827665426966278,0.12123271840471643,0.13513972802527222
GPT-2-XL,attn_zeroed,decile,6,0.16276586922739253,6.18826412308259,486.99999999999994,y_pred,0.5997548344179021,0.5927012130326955,0.6068684753486266
GPT-2-XL,attn_zeroed,decile,6,0.16276586922739253,6.18826412308259,486.99999999999994,rel_freq,0.1368015882768812,0.12979409087765104,0.1436665716729948
GPT-2-XL,attn_zeroed,decile,7,0.426010740589503,6.834108738813838,928.9999999999997,y_pred,0.5905015681202825,0.582971088584401,0.598047395541461
GPT-2-XL,attn_zeroed,decile,7,0.426010740589503,6.834108738813838,928.9999999999997,rel_freq,0.14568303444574474,0.13836460877233742,0.15291152042968154
GPT-2-XL,attn_zeroed,decile,8,0.7091936280649008,7.528869256642251,1861,y_pred,0.5805474647214961,0.5719394032597739,0.5890971908277968
GPT-2-XL,attn_zeroed,decile,8,0.7091936280649008,7.528869256642251,1861,rel_freq,0.15523715627171733,0.1472949544172231,0.16317517695603995
GPT-2-XL,attn_zeroed,decile,9,1.042999177535325,8.347827345782498,4220.999999999998,y_pred,0.5688139345490346,0.5586802511740199,0.5789822704594104
GPT-2-XL,attn_zeroed,decile,9,1.042999177535325,8.347827345782498,4220.999999999998,rel_freq,0.16649920290969866,0.15746673098433908,0.17556938416415674
GPT-2-XL,attn_zeroed,decile,10,1.5904883828701382,9.691036630760662,16172.000000000007,y_pred,0.5495692541652469,0.536492494600678,0.5628914451107597
GPT-2-XL,attn_zeroed,decile,10,1.5904883828701382,9.691036630760662,16172.000000000007,rel_freq,0.1849705823521735,0.17365731195506098,0.1964097321005676
GPT-2-XL,attn_zeroed,grid,NA,-2.0770319357233826,0.6931471805599454,2,y_pred,0.6784855061107384,0.6624276868245189,0.6948731650685173
GPT-2-XL,attn_zeroed,grid,NA,-2.0770319357233826,0.6931471805599454,2,rel_freq,0.06123451822959658,0.046958291258372864,0.07578312527162655
GPT-2-XL,attn_zeroed,grid,NA,-1.967223190782462,0.9625518087046103,2.6183695337834605,y_pred,0.6746256415158912,0.6592719906065169,0.6902803602515707
GPT-2-XL,attn_zeroed,grid,NA,-1.967223190782462,0.9625518087046103,2.6183695337834605,rel_freq,0.06493928350011051,0.05127078513071188,0.07890975300642973
GPT-2-XL,attn_zeroed,grid,NA,-1.8574144458415411,1.2319564368492761,3.4279295077227103,y_pred,0.6707657769210439,0.6561013423494076,0.6856829814731809
GPT-2-XL,attn_zeroed,grid,NA,-1.8574144458415411,1.2319564368492761,3.4279295077227103,rel_freq,0.06864404877062444,0.055451228483041015,0.08206362707230945
GPT-2-XL,attn_zeroed,grid,NA,-1.7476057009006205,1.501361064993941,4.487793093489239,y_pred,0.6669059123261967,0.6529410905700692,0.6810471632663053
GPT-2-XL,attn_zeroed,grid,NA,-1.7476057009006205,1.501361064993941,4.487793093489239,rel_freq,0.07234881404113837,0.059697410235141385,0.08523155991369848
GPT-2-XL,attn_zeroed,grid,NA,-1.6377969559596997,1.7707656931386069,5.875350354958031,y_pred,0.6630460477313495,0.6496686136095865,0.6765283418993029
GPT-2-XL,attn_zeroed,grid,NA,-1.6377969559596997,1.7707656931386069,5.875350354958031,rel_freq,0.0760535793116523,0.06393395726963194,0.08830224772432502
GPT-2-XL,attn_zeroed,grid,NA,-1.527988211018779,2.040170321283272,7.691919184862973,y_pred,0.6591861831365022,0.6464920582395868,0.6720381997022509
GPT-2-XL,attn_zeroed,grid,NA,-1.527988211018779,2.040170321283272,7.691919184862973,rel_freq,0.07975834458216623,0.06824951007900348,0.09148283952895415
GPT-2-XL,attn_zeroed,grid,NA,-1.4181794660778584,2.3095749494279367,10.070143424984858,y_pred,0.655326318541655,0.6433642087762808,0.6675343052020097
GPT-2-XL,attn_zeroed,grid,NA,-1.4181794660778584,2.3095749494279367,10.070143424984858,rel_freq,0.08346310985268016,0.07236331423114088,0.09465410809182781
GPT-2-XL,attn_zeroed,grid,NA,-1.3083707211369375,2.5789795775726025,13.183678372405101,y_pred,0.6514664539468078,0.6401125848578099,0.6631232952065726
GPT-2-XL,attn_zeroed,grid,NA,-1.3083707211369375,2.5789795775726025,13.183678372405101,rel_freq,0.08716787512319409,0.07658277516492451,0.09788821031899632
GPT-2-XL,attn_zeroed,grid,NA,-1.1985619761960167,2.848384205717268,17.259870896752723,y_pred,0.6476065893519606,0.6369009896833117,0.6586274344091145
GPT-2-XL,attn_zeroed,grid,NA,-1.1985619761960167,2.848384205717268,17.259870896752723,rel_freq,0.09087264039370803,0.0808182744613947,0.10107613226234481
GPT-2-XL,attn_zeroed,grid,NA,-1.088753231255096,3.1177888338619333,22.596360056546576,y_pred,0.6437467247571134,0.6336622576030198,0.6541803048237095
GPT-2-XL,attn_zeroed,grid,NA,-1.088753231255096,3.1177888338619333,22.596360056546576,rel_freq,0.09457740566422196,0.08509531349570064,0.10427767344346715
GPT-2-XL,attn_zeroed,grid,NA,-0.9789444863141754,3.387193462006598,29.58281037323153,y_pred,0.6398868601622661,0.6303517776712375,0.6497516140137526
GPT-2-XL,attn_zeroed,grid,NA,-0.9789444863141754,3.387193462006598,29.58281037323153,rel_freq,0.09828217093473589,0.08912759413410964,0.10754861289772173
GPT-2-XL,attn_zeroed,grid,NA,-0.8691357413732546,3.656598090151264,38.729364702481405,y_pred,0.6360269955674189,0.6269783053521061,0.6453392727773121
GPT-2-XL,attn_zeroed,grid,NA,-0.8691357413732546,3.656598090151264,38.729364702481405,rel_freq,0.10198693620524982,0.09326209594815742,0.11087076240587034
GPT-2-XL,attn_zeroed,grid,NA,-0.7593269964323339,3.926002718295929,50.70389429988292,y_pred,0.6321671309725717,0.6235618069134781,0.6410034780679994
GPT-2-XL,attn_zeroed,grid,NA,-0.7593269964323339,3.926002718295929,50.70389429988292,rel_freq,0.10569170147576375,0.09733020418865905,0.11417196884530445
GPT-2-XL,attn_zeroed,grid,NA,-0.6495182514914131,4.195407346440595,66.3807660394952,y_pred,0.6283072663777245,0.6201526386045046,0.6367576908029754
GPT-2-XL,attn_zeroed,grid,NA,-0.6495182514914131,4.195407346440595,66.3807660394952,rel_freq,0.10939646674627768,0.10132702161306865,0.11757458505552358
GPT-2-XL,attn_zeroed,grid,NA,-0.5397095065504924,4.46481197458526,86.904687713511,y_pred,0.6244474017828773,0.6165765948254462,0.6325222967058404
GPT-2-XL,attn_zeroed,grid,NA,-0.5397095065504924,4.46481197458526,86.904687713511,rel_freq,0.1131012320167916,0.10530960578781497,0.1209572593509631
GPT-2-XL,attn_zeroed,grid,NA,-0.4299007616095716,4.7342166027299255,113.77429332601157,y_pred,0.62058753718803,0.6130310714618756,0.6283796465432006
GPT-2-XL,attn_zeroed,grid,NA,-0.4299007616095716,4.7342166027299255,113.77429332601157,rel_freq,0.11680599728730555,0.10932262698812706,0.12437333370071608
GPT-2-XL,attn_zeroed,grid,NA,-0.32009201666865095,5.00362123087459,148.95157168628577,y_pred,0.6167276725931827,0.6093978565158229,0.6242014001697035
GPT-2-XL,attn_zeroed,grid,NA,-0.32009201666865095,5.00362123087459,148.95157168628577,rel_freq,0.12051076255781946,0.11321213955953337,0.12773881271793855
GPT-2-XL,attn_zeroed,grid,NA,-0.21028327172773031,5.273025859019255,195.00512865626686,y_pred,0.6128678079983355,0.6056897927641282,0.6201014086882976
GPT-2-XL,attn_zeroed,grid,NA,-0.21028327172773031,5.273025859019255,195.00512865626686,rel_freq,0.1242155278283334,0.11706429713204522,0.13130821398560633
GPT-2-XL,attn_zeroed,grid,NA,-0.10047452678680946,5.542430487163921,255.29774390254678,y_pred,0.6090079434034883,0.6018988708990698,0.6160723392319399
GPT-2-XL,attn_zeroed,grid,NA,-0.10047452678680946,5.542430487163921,255.29774390254678,rel_freq,0.12792029309884734,0.12086278274758445,0.13478992429653686
GPT-2-XL,attn_zeroed,grid,NA,0.009334218154111174,5.811835115308586,334.2319173390403,y_pred,0.6051480788086411,0.5981629915875467,0.6121422898750978
GPT-2-XL,attn_zeroed,grid,NA,0.009334218154111174,5.811835115308586,334.2319173390403,rel_freq,0.13162505836936125,0.12460142344164478,0.13845201442631488
GPT-2-XL,attn_zeroed,grid,NA,0.1191429630950318,6.081239743453251,437.57133478928745,y_pred,0.6012882142137939,0.5942265325998106,0.6083108345874872
GPT-2-XL,attn_zeroed,grid,NA,0.1191429630950318,6.081239743453251,437.57133478928745,rel_freq,0.1353298236398752,0.12830292806974053,0.1421646352068034
GPT-2-XL,attn_zeroed,grid,NA,0.22895170803595288,6.350644371597918,572.8617259346175,y_pred,0.5974283496189466,0.5903062170331231,0.6045763912265523
GPT-2-XL,attn_zeroed,grid,NA,0.22895170803595288,6.350644371597918,572.8617259346175,rel_freq,0.13903458891038914,0.1319785964479212,0.1459948170772039
GPT-2-XL,attn_zeroed,grid,NA,0.3387604529768735,6.620048999742583,749.9818451289063,y_pred,0.5935684850240994,0.5862743395910406,0.6009573235102157
GPT-2-XL,attn_zeroed,grid,NA,0.3387604529768735,6.620048999742583,749.9818451289063,rel_freq,0.14273935418090306,0.1355778143153182,0.14985882453636884
GPT-2-XL,attn_zeroed,grid,NA,0.44856919791779415,6.889453627887248,981.8648070881168,y_pred,0.5897086204292522,0.5820782584597144,0.5973299242998448
GPT-2-XL,attn_zeroed,grid,NA,0.44856919791779415,6.889453627887248,981.8648070881168,rel_freq,0.146444119451417,0.1390587403867014,0.15371456856427643
GPT-2-XL,attn_zeroed,grid,NA,0.5583779428587148,7.1588582560319125,1285.4424485868497,y_pred,0.585848755834405,0.5779468386125571,0.5938135139055305
GPT-2-XL,attn_zeroed,grid,NA,0.5583779428587148,7.1588582560319125,1285.4424485868497,rel_freq,0.15014888472193091,0.14258857464328595,0.15766080139593885
GPT-2-XL,attn_zeroed,grid,NA,0.6681866877996354,7.428262884176577,1682.8816724059095,y_pred,0.5819888912395578,0.5736035127789721,0.5903746759065843
GPT-2-XL,attn_zeroed,grid,NA,0.6681866877996354,7.428262884176577,1682.8816724059095,rel_freq,0.15385364999244483,0.14602025642444277,0.1616500287252174
GPT-2-XL,attn_zeroed,grid,NA,0.7779954327405565,7.697667512321244,2203.2030499950993,y_pred,0.5781290266447106,0.5692555015345611,0.5870205123624446
GPT-2-XL,attn_zeroed,grid,NA,0.7779954327405565,7.697667512321244,2203.2030499950993,rel_freq,0.15755841526295877,0.1493390236724802,0.16571313493695133
GPT-2-XL,attn_zeroed,grid,NA,0.8878041776814771,7.967072140465909,2884.399871422983,y_pred,0.5742691620498633,0.5649459557989839,0.5836638743315687
GPT-2-XL,attn_zeroed,grid,NA,0.8878041776814771,7.967072140465909,2884.399871422983,rel_freq,0.16126318053347272,0.15273472579804998,0.16973198568095677
GPT-2-XL,attn_zeroed,grid,NA,0.9976129226223978,8.236476768610574,3776.212373291434,y_pred,0.5704092974550161,0.5605375027761305,0.5803249448272465
GPT-2-XL,attn_zeroed,grid,NA,0.9976129226223978,8.236476768610574,3776.212373291434,rel_freq,0.16496794580398663,0.15610822776050745,0.17384667297533615
GPT-2-XL,attn_zeroed,grid,NA,1.1074216675633184,8.505881396755239,4943.759715661212,y_pred,0.5665494328601688,0.5560974812829784,0.5770886542843777
GPT-2-XL,attn_zeroed,grid,NA,1.1074216675633184,8.505881396755239,4943.759715661212,rel_freq,0.16867271107450058,0.1594109474886125,0.17800816445930484
GPT-2-XL,attn_zeroed,grid,NA,1.2172304125042395,8.775286024899906,6472.294910916661,y_pred,0.5626895682653216,0.5516799201803043,0.573815772481189
GPT-2-XL,attn_zeroed,grid,NA,1.2172304125042395,8.775286024899906,6472.294910916661,rel_freq,0.17237747634501452,0.16268731879812845,0.18223738960043429
GPT-2-XL,attn_zeroed,grid,NA,1.32703915744516,9.04469065304457,8473.42990420296,y_pred,0.5588297036704744,0.5472262805928977,0.570621024965023
GPT-2-XL,attn_zeroed,grid,NA,1.32703915744516,9.04469065304457,8473.42990420296,rel_freq,0.17608224161552843,0.16594404680724126,0.18641077484187632
GPT-2-XL,attn_zeroed,grid,NA,1.4368479023860807,9.314095281189235,11093.285353907366,y_pred,0.5549698390756271,0.5427947767878719,0.5674265655931923
GPT-2-XL,attn_zeroed,grid,NA,1.4368479023860807,9.314095281189235,11093.285353907366,rel_freq,0.17978700688604235,0.1691562815147264,0.19055914586414877
GPT-2-XL,attn_zeroed,grid,NA,1.5466566473270014,9.5834999093339,14523.160200118657,y_pred,0.5511099744807799,0.5382874842183184,0.5641822993912824
GPT-2-XL,attn_zeroed,grid,NA,1.5466566473270014,9.5834999093339,14523.160200118657,rel_freq,0.1834917721565563,0.1723803134765379,0.19472373037006327
GPT-2-XL,attn_zeroed,grid,NA,1.656465392267922,9.852904537478565,19013.500101123595,y_pred,0.5472501098859327,0.5338227898783838,0.560997514651742
GPT-2-XL,attn_zeroed,grid,NA,1.656465392267922,9.852904537478565,19013.500101123595,rel_freq,0.1871965374270702,0.17552712152465585,0.19892256777576822
GPT-2-XL,attn_zeroed,grid,NA,1.766274137208843,10.122309165623232,24892.184697685425,y_pred,0.5433902452910855,0.5293026707027898,0.5578080966199332
GPT-2-XL,attn_zeroed,grid,NA,1.766274137208843,10.122309165623232,24892.184697685425,rel_freq,0.19090130269758415,0.17874805912364797,0.2031752375856356
GPT-2-XL,attn_zeroed,grid,NA,1.8760828821497637,10.391713793767897,32588.46902086518,y_pred,0.5395303806962383,0.5247378171244732,0.5546380414395046
GPT-2-XL,attn_zeroed,grid,NA,1.8760828821497637,10.391713793767897,32588.46902086518,rel_freq,0.1946060679680981,0.18186092874146828,0.20736890587214482
GPT-2-XL,attn_zeroed,grid,NA,1.9858916270906843,10.661118421912562,42664.32721843975,y_pred,0.535670516101391,0.520187310554148,0.5514394593584846
GPT-2-XL,attn_zeroed,grid,NA,1.9858916270906843,10.661118421912562,42664.32721843975,rel_freq,0.198310833238612,0.18500176636495258,0.21161236191783184
GPT-2-XL,attn_zeroed,grid,NA,2.095700372031605,10.930523050057229,55855.48728406563,y_pred,0.5318106515065438,0.5156326579692454,0.5482093965750892
GPT-2-XL,attn_zeroed,grid,NA,2.095700372031605,10.930523050057229,55855.48728406563,rel_freq,0.20201559850912595,0.18804228240829243,0.2159465099944941
GPT-2-XL,attn_zeroed,grid,NA,2.205509116972525,11.199927678201892,73125.15309961332,y_pred,0.5279507869116966,0.5110785967887339,0.5450142083304695
GPT-2-XL,attn_zeroed,grid,NA,2.205509116972525,11.199927678201892,73125.15309961332,rel_freq,0.20572036377963987,0.19117948766885606,0.2202266073799899
GPT-2-XL,default,decile,1,-1.7035538111602464,1.6094379124341005,5.000000000000001,y_pred,0.485061217220078,0.4711037580521003,0.4995991609587034
GPT-2-XL,default,decile,1,-1.7035538111602464,1.6094379124341005,5.000000000000001,rel_freq,0.10594963887906146,0.09332063604631298,0.11861532335759595
GPT-2-XL,default,decile,2,-1.099654998218199,3.091042453358316,22.000000000000004,y_pred,0.47147411313861326,0.460671145322056,0.4825383708843636
GPT-2-XL,default,decile,2,-1.099654998218199,3.091042453358316,22.000000000000004,rel_freq,0.1895133191435044,0.17970244169972063,0.19921408958126471
GPT-2-XL,default,decile,3,-0.6839739164040122,4.110873864173311,61.00000000000001,y_pred,0.4621217150178254,0.4530642843349837,0.4714477047845831
GPT-2-XL,default,decile,3,-0.6839739164040122,4.110873864173311,61.00000000000001,rel_freq,0.24703262580263477,0.23859977312178526,0.2553357503427176
GPT-2-XL,default,decile,4,-0.36626148122012114,4.890349128221754,133,y_pred,0.45497351099372935,0.44677212428567437,0.46318755917986776
GPT-2-XL,default,decile,4,-0.36626148122012114,4.890349128221754,133,rel_freq,0.29099565368209507,0.28333370096044014,0.2986434969653645
GPT-2-XL,default,decile,5,-0.08991202955537367,5.568344503761097,261.99999999999994,y_pred,0.44875593168713623,0.44108237361002206,0.4564465621362608
GPT-2-XL,default,decile,5,-0.08991202955537367,5.568344503761097,261.99999999999994,rel_freq,0.32923513474294486,0.32177326179572197,0.33672723546860145
GPT-2-XL,default,decile,6,0.16276586922739253,6.18826412308259,486.99999999999994,y_pred,0.4430709380486792,0.43555876000775723,0.4507370518161049
GPT-2-XL,default,decile,6,0.16276586922739253,6.18826412308259,486.99999999999994,rel_freq,0.3641990967366913,0.3565944387080974,0.3718562588057232
GPT-2-XL,default,decile,7,0.426010740589503,6.834108738813838,928.9999999999997,y_pred,0.4371481983620688,0.4293692351070439,0.4451470620289489
GPT-2-XL,default,decile,7,0.426010740589503,6.834108738813838,928.9999999999997,rel_freq,0.4006252492482194,0.39248913032164556,0.40897684163187553
GPT-2-XL,default,decile,8,0.7091936280649008,7.528869256642251,1861,y_pred,0.430776873756423,0.42221365737933514,0.43945626470483395
GPT-2-XL,default,decile,8,0.7091936280649008,7.528869256642251,1861,rel_freq,0.43981029773353036,0.4308732874553082,0.44908440215384754
GPT-2-XL,default,decile,9,1.042999177535325,8.347827345782498,4220.999999999998,y_pred,0.4232665911620102,0.41335099534072917,0.43343494003987415
GPT-2-XL,default,decile,9,1.042999177535325,8.347827345782498,4220.999999999998,rel_freq,0.4860001885043871,0.4757383721402889,0.49646954617938777
GPT-2-XL,default,decile,10,1.5904883828701382,9.691036630760662,16172.000000000007,y_pred,0.41094864541192244,0.39808359904347074,0.42396727514212457
GPT-2-XL,default,decile,10,1.5904883828701382,9.691036630760662,16172.000000000007,rel_freq,0.5617582657225695,0.5490400462013323,0.5747104622594157
GPT-2-XL,default,grid,NA,-2.0770319357233826,0.6931471805599454,2,y_pred,0.49346409207566505,0.4774162446636099,0.5101595937549732
GPT-2-XL,default,grid,NA,-2.0770319357233826,0.6931471805599454,2,rel_freq,0.05427010926595613,0.03979466330824577,0.06870701189441834
GPT-2-XL,default,grid,NA,-1.967223190782462,0.9625518087046103,2.6183695337834605,y_pred,0.4909935079072698,0.475583620794073,0.507041531004201
GPT-2-XL,default,grid,NA,-1.967223190782462,0.9625518087046103,2.6183695337834605,rel_freq,0.06946474561203456,0.05553601087185171,0.0833697729357443
GPT-2-XL,default,grid,NA,-1.8574144458415411,1.2319564368492761,3.4279295077227103,y_pred,0.48852292373887457,0.47367327100790574,0.503895249436422
GPT-2-XL,default,grid,NA,-1.8574144458415411,1.2319564368492761,3.4279295077227103,rel_freq,0.08465938195811303,0.07126910020230766,0.09805778397130678
GPT-2-XL,default,grid,NA,-1.7476057009006205,1.501361064993941,4.487793093489239,y_pred,0.48605233957047933,0.47186138640066244,0.5008080549720958
GPT-2-XL,default,grid,NA,-1.7476057009006205,1.501361064993941,4.487793093489239,rel_freq,0.09985401830419147,0.08700206906656145,0.11275268918783349
GPT-2-XL,default,grid,NA,-1.6377969559596997,1.7707656931386069,5.875350354958031,y_pred,0.48358175540208403,0.4699742873867193,0.49772288201128867
GPT-2-XL,default,grid,NA,-1.6377969559596997,1.7707656931386069,5.875350354958031,rel_freq,0.11504865465026994,0.10276460293843415,0.12733578320578776
GPT-2-XL,default,grid,NA,-1.527988211018779,2.040170321283272,7.691919184862973,y_pred,0.4811111712336888,0.4681398732483283,0.49458849080582024
GPT-2-XL,default,grid,NA,-1.527988211018779,2.040170321283272,7.691919184862973,rel_freq,0.13024329099634838,0.11845111140808119,0.14203321620312312
GPT-2-XL,default,grid,NA,-1.4181794660778584,2.3095749494279367,10.070143424984858,y_pred,0.47864058706529355,0.4662578831097161,0.49148018894249434
GPT-2-XL,default,grid,NA,-1.4181794660778584,2.3095749494279367,10.070143424984858,rel_freq,0.1454379273424268,0.13421014512077317,0.15663904670425682
GPT-2-XL,default,grid,NA,-1.3083707211369375,2.5789795775726025,13.183678372405101,y_pred,0.4761700028968983,0.46443171092044283,0.4883556573754515
GPT-2-XL,default,grid,NA,-1.3083707211369375,2.5789795775726025,13.183678372405101,rel_freq,0.16063256368850526,0.1498687186888265,0.1713229460578142
GPT-2-XL,default,grid,NA,-1.1985619761960167,2.848384205717268,17.259870896752723,y_pred,0.473699418728503,0.4625103676189458,0.4853383718545505
GPT-2-XL,default,grid,NA,-1.1985619761960167,2.848384205717268,17.259870896752723,rel_freq,0.17582720003458374,0.16555359045295168,0.1860003024596638
GPT-2-XL,default,grid,NA,-1.088753231255096,3.1177888338619333,22.596360056546576,y_pred,0.4712288345601078,0.4604634833890541,0.4822230031094632
GPT-2-XL,default,grid,NA,-1.088753231255096,3.1177888338619333,22.596360056546576,rel_freq,0.19102183638066217,0.18123024009603858,0.20065986676353129
GPT-2-XL,default,grid,NA,-0.9789444863141754,3.387193462006598,29.58281037323153,y_pred,0.46875825039171254,0.4584860999208489,0.4792249195548961
GPT-2-XL,default,grid,NA,-0.9789444863141754,3.387193462006598,29.58281037323153,rel_freq,0.2062164727267406,0.19687798169855275,0.21539102285424125
GPT-2-XL,default,grid,NA,-0.8691357413732546,3.656598090151264,38.729364702481405,y_pred,0.4662876662233173,0.4565389862719467,0.4762789491395416
GPT-2-XL,default,grid,NA,-0.8691357413732546,3.656598090151264,38.729364702481405,rel_freq,0.22141110907281908,0.2124258261375505,0.23021598438329569
GPT-2-XL,default,grid,NA,-0.7593269964323339,3.926002718295929,50.70389429988292,y_pred,0.46381708205492206,0.4545247701470566,0.47344620700905427
GPT-2-XL,default,grid,NA,-0.7593269964323339,3.926002718295929,50.70389429988292,rel_freq,0.2366057454188975,0.22792562352884163,0.24505211987975073
GPT-2-XL,default,grid,NA,-0.6495182514914131,4.195407346440595,66.3807660394952,y_pred,0.46134649788652676,0.45241867541810377,0.47054104012196385
GPT-2-XL,default,grid,NA,-0.6495182514914131,4.195407346440595,66.3807660394952,rel_freq,0.251800381764976,0.24350792589730158,0.26003335090136787
GPT-2-XL,default,grid,NA,-0.5397095065504924,4.46481197458526,86.904687713511,y_pred,0.4588759137181315,0.45036441117928216,0.4676756613665981
GPT-2-XL,default,grid,NA,-0.5397095065504924,4.46481197458526,86.904687713511,rel_freq,0.2669950181110544,0.25892302657328764,0.2750215506999422
GPT-2-XL,default,grid,NA,-0.4299007616095716,4.7342166027299255,113.77429332601157,y_pred,0.4564053295497363,0.4481456508926536,0.46484983305923816
GPT-2-XL,default,grid,NA,-0.4299007616095716,4.7342166027299255,113.77429332601157,rel_freq,0.2821896544571329,0.27439260820490363,0.29002251188512157
GPT-2-XL,default,grid,NA,-0.32009201666865095,5.00362123087459,148.95157168628577,y_pred,0.45393474538134104,0.4458332460317053,0.46198236303748197
GPT-2-XL,default,grid,NA,-0.32009201666865095,5.00362123087459,148.95157168628577,rel_freq,0.2973842908032113,0.2897590299692545,0.305004292807915
GPT-2-XL,default,grid,NA,-0.21028327172773031,5.273025859019255,195.00512865626686,y_pred,0.4514641612129458,0.44357453250324064,0.4592408374727342
GPT-2-XL,default,grid,NA,-0.21028327172773031,5.273025859019255,195.00512865626686,rel_freq,0.31257892714928975,0.30501957789247963,0.32008588372209335
GPT-2-XL,default,grid,NA,-0.10047452678680946,5.542430487163921,255.29774390254678,y_pred,0.44899357704455056,0.44129175216861916,0.4566918612761061
GPT-2-XL,default,grid,NA,-0.10047452678680946,5.542430487163921,255.29774390254678,rel_freq,0.32777356349536824,0.3203087375624394,0.33527826535199434
GPT-2-XL,default,grid,NA,0.009334218154111174,5.811835115308586,334.2319173390403,y_pred,0.44652299287615527,0.4390353130522457,0.45414441190547256
GPT-2-XL,default,grid,NA,0.009334218154111174,5.811835115308586,334.2319173390403,rel_freq,0.34296819984144666,0.3354428760020949,0.35049820982956625
GPT-2-XL,default,grid,NA,0.1191429630950318,6.081239743453251,437.57133478928745,y_pred,0.44405240870776,0.4365461974321663,0.4517012024866956
GPT-2-XL,default,grid,NA,0.1191429630950318,6.081239743453251,437.57133478928745,rel_freq,0.3581628361875251,0.3505645359995726,0.36576260623714957
GPT-2-XL,default,grid,NA,0.22895170803595288,6.350644371597918,572.8617259346175,y_pred,0.4415818245393648,0.4340898614027164,0.4493154677285301
GPT-2-XL,default,grid,NA,0.22895170803595288,6.350644371597918,572.8617259346175,rel_freq,0.3733574725336036,0.36561916787090104,0.3810906855816985
GPT-2-XL,default,grid,NA,0.3387604529768735,6.620048999742583,749.9818451289063,y_pred,0.43911124037096955,0.4315151469755801,0.4469675436834948
GPT-2-XL,default,grid,NA,0.3387604529768735,6.620048999742583,749.9818451289063,rel_freq,0.388552108879682,0.3806626389975891,0.3965755713430085
GPT-2-XL,default,grid,NA,0.44856919791779415,6.889453627887248,981.8648070881168,y_pred,0.4366406562025743,0.4288143741889834,0.4447064694637401
GPT-2-XL,default,grid,NA,0.44856919791779415,6.889453627887248,981.8648070881168,rel_freq,0.40374674522576043,0.39557019734520893,0.41217699541637726
GPT-2-XL,default,grid,NA,0.5583779428587148,7.1588582560319125,1285.4424485868497,y_pred,0.434170072034179,0.4260666379169388,0.44243283932575733
GPT-2-XL,default,grid,NA,0.5583779428587148,7.1588582560319125,1285.4424485868497,rel_freq,0.4189413815718389,0.41047144573144206,0.4276942529499838
GPT-2-XL,default,grid,NA,0.6681866877996354,7.428262884176577,1682.8816724059095,y_pred,0.43169948786578377,0.42326641171220103,0.44025209735255
GPT-2-XL,default,grid,NA,0.6681866877996354,7.428262884176577,1682.8816724059095,rel_freq,0.43413601791791734,0.42534874936285505,0.44322047119401586
GPT-2-XL,default,grid,NA,0.7779954327405565,7.697667512321244,2203.2030499950993,y_pred,0.42922890369738853,0.420464878835024,0.4381958106163657
GPT-2-XL,default,grid,NA,0.7779954327405565,7.697667512321244,2203.2030499950993,rel_freq,0.4493306542639958,0.440200031524362,0.45888972094777486
GPT-2-XL,default,grid,NA,0.8878041776814771,7.967072140465909,2884.399871422983,y_pred,0.4267583195289933,0.41753187485332094,0.43618164478871496
GPT-2-XL,default,grid,NA,0.8878041776814771,7.967072140465909,2884.399871422983,rel_freq,0.46452529061007425,0.4549364534707104,0.47445005156740166
GPT-2-XL,default,grid,NA,0.9976129226223978,8.236476768610574,3776.212373291434,y_pred,0.42428773536059805,0.41456928414903976,0.4342204817983979
GPT-2-XL,default,grid,NA,0.9976129226223978,8.236476768610574,3776.212373291434,rel_freq,0.4797199269561527,0.469685029129341,0.4900267883435046
GPT-2-XL,default,grid,NA,1.1074216675633184,8.505881396755239,4943.759715661212,y_pred,0.42181715119220276,0.4115684470380158,0.4322620717197856
GPT-2-XL,default,grid,NA,1.1074216675633184,8.505881396755239,4943.759715661212,rel_freq,0.4949145633022311,0.4843568572138625,0.5056211949626973
GPT-2-XL,default,grid,NA,1.2172304125042395,8.775286024899906,6472.294910916661,y_pred,0.4193465670238075,0.40859168048783645,0.43039027853793865
GPT-2-XL,default,grid,NA,1.2172304125042395,8.775286024899906,6472.294910916661,rel_freq,0.5101091996483096,0.49919315632797195,0.521297366652565
GPT-2-XL,default,grid,NA,1.32703915744516,9.04469065304457,8473.42990420296,y_pred,0.4168759828554123,0.4054794868562302,0.42845340405868637
GPT-2-XL,default,grid,NA,1.32703915744516,9.04469065304457,8473.42990420296,rel_freq,0.525303835994388,0.513857844790594,0.5370397918857043
GPT-2-XL,default,grid,NA,1.4368479023860807,9.314095281189235,11093.285353907366,y_pred,0.41440539868701703,0.4024341613189735,0.42652870691359013
GPT-2-XL,default,grid,NA,1.4368479023860807,9.314095281189235,11093.285353907366,rel_freq,0.5404984723404666,0.5285943228422886,0.552693115405569
GPT-2-XL,default,grid,NA,1.5466566473270014,9.5834999093339,14523.160200118657,y_pred,0.4119348145186218,0.39933224822804286,0.4246954005826214
GPT-2-XL,default,grid,NA,1.5466566473270014,9.5834999093339,14523.160200118657,rel_freq,0.555693108686545,0.5431820153404483,0.5684151893499109
GPT-2-XL,default,grid,NA,1.656465392267922,9.852904537478565,19013.500101123595,y_pred,0.4094642303502265,0.3961387738348137,0.4228347436471453
GPT-2-XL,default,grid,NA,1.656465392267922,9.852904537478565,19013.500101123595,rel_freq,0.5708877450326234,0.5578820879531874,0.5842070545933729
GPT-2-XL,default,grid,NA,1.766274137208843,10.122309165623232,24892.184697685425,y_pred,0.40699364618183126,0.3929238350998625,0.4210201248131977
GPT-2-XL,default,grid,NA,1.766274137208843,10.122309165623232,24892.184697685425,rel_freq,0.5860823813787018,0.5724799749457492,0.6000264898378161
GPT-2-XL,default,grid,NA,1.8760828821497637,10.391713793767897,32588.46902086518,y_pred,0.404523062013436,0.3897631192873152,0.41915117297394483
GPT-2-XL,default,grid,NA,1.8760828821497637,10.391713793767897,32588.46902086518,rel_freq,0.6012770177247803,0.5869721428234419,0.6158520926067923
GPT-2-XL,default,grid,NA,1.9858916270906843,10.661118421912562,42664.32721843975,y_pred,0.4020524778450408,0.38662526916323925,0.41727473630680556
GPT-2-XL,default,grid,NA,1.9858916270906843,10.661118421912562,42664.32721843975,rel_freq,0.6164716540708587,0.6016630303787641,0.6316831787218575
GPT-2-XL,default,grid,NA,2.095700372031605,10.930523050057229,55855.48728406563,y_pred,0.39958189367664554,0.3834578281565284,0.4154966992496649
GPT-2-XL,default,grid,NA,2.095700372031605,10.930523050057229,55855.48728406563,rel_freq,0.6316662904169372,0.616167880439862,0.6474751729191385
GPT-2-XL,default,grid,NA,2.205509116972525,11.199927678201892,73125.15309961332,y_pred,0.3971113095082503,0.3802439545298913,0.41370368360262894
GPT-2-XL,default,grid,NA,2.205509116972525,11.199927678201892,73125.15309961332,rel_freq,0.6468609267630155,0.6307374316819112,0.6632353751506515
GPT-2,attn_zeroed,decile,1,-1.7035538111602464,1.6094379124341005,5.000000000000001,y_pred,0.7557903165924672,0.7433149112305183,0.768197229427182
GPT-2,attn_zeroed,decile,1,-1.7035538111602464,1.6094379124341005,5.000000000000001,rel_freq,0.05708947448251199,0.04572438787863905,0.06826535563919581
GPT-2,attn_zeroed,decile,2,-1.099654998218199,3.091042453358316,22.000000000000004,y_pred,0.7298356570483132,0.7205472276170748,0.7392223499014133
GPT-2,attn_zeroed,decile,2,-1.099654998218199,3.091042453358316,22.000000000000004,rel_freq,0.06820257386941624,0.05933296984564627,0.07693345733662908
GPT-2,attn_zeroed,decile,3,-0.6839739164040122,4.110873864173311,61.00000000000001,y_pred,0.7119703115198592,0.70434409799747,0.7196853996717192
GPT-2,attn_zeroed,decile,3,-0.6839739164040122,4.110873864173311,61.00000000000001,rel_freq,0.07585204274807132,0.06831616690344207,0.08337816652289455
GPT-2,attn_zeroed,decile,4,-0.36626148122012114,4.890349128221754,133,y_pred,0.6983155105641015,0.6915197110827533,0.7052241670609765
GPT-2,attn_zeroed,decile,4,-0.36626148122012114,4.890349128221754,133,rel_freq,0.0816986677007731,0.07496208641054924,0.08843816781623114
GPT-2,attn_zeroed,decile,5,-0.08991202955537367,5.568344503761097,261.99999999999994,y_pred,0.6864384282127897,0.6798725497135505,0.6930734099420897
GPT-2,attn_zeroed,decile,5,-0.08991202955537367,5.568344503761097,261.99999999999994,rel_freq,0.08678412052176009,0.08039422974729467,0.09324095098364635
GPT-2,attn_zeroed,decile,6,0.16276586922739253,6.18826412308259,486.99999999999994,y_pred,0.6755787134779832,0.6688208001292891,0.6823949438583766
GPT-2,attn_zeroed,decile,6,0.16276586922739253,6.18826412308259,486.99999999999994,rel_freq,0.09143396341243734,0.08508426725683182,0.09788987001285972
GPT-2,attn_zeroed,decile,7,0.426010740589503,6.834108738813838,928.9999999999997,y_pred,0.6642648462099514,0.6568278956469215,0.6716280473254908
GPT-2,attn_zeroed,decile,7,0.426010740589503,6.834108738813838,928.9999999999997,rel_freq,0.09627826241724545,0.08945339694211046,0.1029674109383916
GPT-2,attn_zeroed,decile,8,0.7091936280649008,7.528869256642251,1861,y_pred,0.6520940731008813,0.6436035399717298,0.6604791484800385
GPT-2,attn_zeroed,decile,8,0.7091936280649008,7.528869256642251,1861,rel_freq,0.10148946586017492,0.0940848762296682,0.10885560686233402
GPT-2,attn_zeroed,decile,9,1.042999177535325,8.347827345782498,4220.999999999998,y_pred,0.6377476143816694,0.6276369471536095,0.6476268952666436
GPT-2,attn_zeroed,decile,9,1.042999177535325,8.347827345782498,4220.999999999998,rel_freq,0.107632240390717,0.09924550534779186,0.1161943003509859
GPT-2,attn_zeroed,decile,10,1.5904883828701382,9.691036630760662,16172.000000000007,y_pred,0.6142173546361047,0.601268482047995,0.6270330957228984
GPT-2,attn_zeroed,decile,10,1.5904883828701382,9.691036630760662,16172.000000000007,rel_freq,0.11770727584657718,0.10726104065388158,0.12839430700625207
GPT-2,attn_zeroed,grid,NA,-2.0770319357233826,0.6931471805599454,2,y_pred,0.7718418427132109,0.7571748627647544,0.7863966640436166
GPT-2,attn_zeroed,grid,NA,-2.0770319357233826,0.6931471805599454,2,rel_freq,0.05021663514559639,0.03709419826404197,0.06315377571292906
GPT-2,attn_zeroed,grid,NA,-1.967223190782462,0.9625518087046103,2.6183695337834605,y_pred,0.7671224285848278,0.7531347686888863,0.7810280079734444
GPT-2,attn_zeroed,grid,NA,-1.967223190782462,0.9625518087046103,2.6183695337834605,rel_freq,0.05223736356884762,0.039639323011030174,0.06466023059997865
GPT-2,attn_zeroed,grid,NA,-1.8574144458415411,1.2319564368492761,3.4279295077227103,y_pred,0.7624030144564448,0.7489911544414797,0.7757238427897225
GPT-2,attn_zeroed,grid,NA,-1.8574144458415411,1.2319564368492761,3.4279295077227103,rel_freq,0.05425809199209885,0.04223491301393275,0.06614875988247154
GPT-2,attn_zeroed,grid,NA,-1.7476057009006205,1.501361064993941,4.487793093489239,y_pred,0.7576836003280618,0.7449457328681716,0.7703253528227763
GPT-2,attn_zeroed,grid,NA,-1.7476057009006205,1.501361064993941,4.487793093489239,rel_freq,0.056278820415350074,0.04471165874905861,0.067681368130266
GPT-2,attn_zeroed,grid,NA,-1.6377969559596997,1.7707656931386069,5.875350354958031,y_pred,0.7529641861996788,0.7408495900118532,0.7649938585100013
GPT-2,attn_zeroed,grid,NA,-1.6377969559596997,1.7707656931386069,5.875350354958031,rel_freq,0.0582995488386013,0.047245671996045194,0.06921880019898713
GPT-2,attn_zeroed,grid,NA,-1.527988211018779,2.040170321283272,7.691919184862973,y_pred,0.7482447720712957,0.7367275880835594,0.7597238966225566
GPT-2,attn_zeroed,grid,NA,-1.527988211018779,2.040170321283272,7.691919184862973,rel_freq,0.060320277261852524,0.049696394512226995,0.07072659637113834
GPT-2,attn_zeroed,grid,NA,-1.4181794660778584,2.3095749494279367,10.070143424984858,y_pred,0.7435253579429126,0.7326056186268431,0.7544419163629341
GPT-2,attn_zeroed,grid,NA,-1.4181794660778584,2.3095749494279367,10.070143424984858,rel_freq,0.06234100568510375,0.052237341363811605,0.07227371864621727
GPT-2,attn_zeroed,grid,NA,-1.3083707211369375,2.5789795775726025,13.183678372405101,y_pred,0.7388059438145296,0.7285016915107004,0.7491949723716735
GPT-2,attn_zeroed,grid,NA,-1.3083707211369375,2.5789795775726025,13.183678372405101,rel_freq,0.06436173410835498,0.054705978089390296,0.073828313376073
GPT-2,attn_zeroed,grid,NA,-1.1985619761960167,2.848384205717268,17.259870896752723,y_pred,0.7340865296861465,0.7242671142347132,0.7439469306423229
GPT-2,attn_zeroed,grid,NA,-1.1985619761960167,2.848384205717268,17.259870896752723,rel_freq,0.0663824625316062,0.0571871767502824,0.07545315244549848
GPT-2,attn_zeroed,grid,NA,-1.088753231255096,3.1177888338619333,22.596360056546576,y_pred,0.7293671155577635,0.7201375311902012,0.7387099878630706
GPT-2,attn_zeroed,grid,NA,-1.088753231255096,3.1177888338619333,22.596360056546576,rel_freq,0.06840319095485743,0.05958221542382684,0.07711142696904263
GPT-2,attn_zeroed,grid,NA,-0.9789444863141754,3.387193462006598,29.58281037323153,y_pred,0.7246477014293805,0.7158986479328296,0.7334864328799722
GPT-2,attn_zeroed,grid,NA,-0.9789444863141754,3.387193462006598,29.58281037323153,rel_freq,0.07042391937810866,0.061968721410088086,0.07877637395716681
GPT-2,attn_zeroed,grid,NA,-0.8691357413732546,3.656598090151264,38.729364702481405,y_pred,0.7199282873009974,0.7115992999207658,0.728328049397815
GPT-2,attn_zeroed,grid,NA,-0.8691357413732546,3.656598090151264,38.729364702481405,rel_freq,0.0724446478013599,0.06441139083474143,0.08044979927721779
GPT-2,attn_zeroed,grid,NA,-0.7593269964323339,3.926002718295929,50.70389429988292,y_pred,0.7152088731726144,0.7073264683461664,0.7231839675065169
GPT-2,attn_zeroed,grid,NA,-0.7593269964323339,3.926002718295929,50.70389429988292,rel_freq,0.07446537622461112,0.06679891733550254,0.08216272361489739
GPT-2,attn_zeroed,grid,NA,-0.6495182514914131,4.195407346440595,66.3807660394952,y_pred,0.7104894590442313,0.7029898409703758,0.7180700644569893
GPT-2,attn_zeroed,grid,NA,-0.6495182514914131,4.195407346440595,66.3807660394952,rel_freq,0.07648610464786235,0.0690413629636651,0.08392513991460349
GPT-2,attn_zeroed,grid,NA,-0.5397095065504924,4.46481197458526,86.904687713511,y_pred,0.7057700449158483,0.6985191101121725,0.7130318293420429
GPT-2,attn_zeroed,grid,NA,-0.5397095065504924,4.46481197458526,86.904687713511,rel_freq,0.07850683307111357,0.07135029437721067,0.08568562993590165
GPT-2,attn_zeroed,grid,NA,-0.4299007616095716,4.7342166027299255,113.77429332601157,y_pred,0.7010506307874652,0.6940917079123473,0.708090833259824
GPT-2,attn_zeroed,grid,NA,-0.4299007616095716,4.7342166027299255,113.77429332601157,rel_freq,0.0805275614943648,0.07369789837827058,0.08737589362729646
GPT-2,attn_zeroed,grid,NA,-0.32009201666865095,5.00362123087459,148.95157168628577,y_pred,0.6963312166590822,0.6895820885159514,0.7031292867727642
GPT-2,attn_zeroed,grid,NA,-0.32009201666865095,5.00362123087459,148.95157168628577,rel_freq,0.08254828991761602,0.07590225244654025,0.08924207373139101
GPT-2,attn_zeroed,grid,NA,-0.21028327172773031,5.273025859019255,195.00512865626686,y_pred,0.6916118025306991,0.6850335365489625,0.698269926981631
GPT-2,attn_zeroed,grid,NA,-0.21028327172773031,5.273025859019255,195.00512865626686,rel_freq,0.08456901834086725,0.07805128158088946,0.09108210869685102
GPT-2,attn_zeroed,grid,NA,-0.10047452678680946,5.542430487163921,255.29774390254678,y_pred,0.6868923884023161,0.6803312751513965,0.6935246468282533
GPT-2,attn_zeroed,grid,NA,-0.10047452678680946,5.542430487163921,255.29774390254678,rel_freq,0.08658974676411849,0.08016039511635076,0.09303753297170034
GPT-2,attn_zeroed,grid,NA,0.009334218154111174,5.811835115308586,334.2319173390403,y_pred,0.6821729742739331,0.6755443921350498,0.6888354453679703
GPT-2,attn_zeroed,grid,NA,0.009334218154111174,5.811835115308586,334.2319173390403,rel_freq,0.08861047518736971,0.0822722684582247,0.09504951681073469
GPT-2,attn_zeroed,grid,NA,0.1191429630950318,6.081239743453251,437.57133478928745,y_pred,0.67745356014555,0.6707111604236587,0.6842366693042852
GPT-2,attn_zeroed,grid,NA,0.1191429630950318,6.081239743453251,437.57133478928745,rel_freq,0.09063120361062094,0.08430503007380027,0.0971040397270036
GPT-2,attn_zeroed,grid,NA,0.22895170803595288,6.350644371597918,572.8617259346175,y_pred,0.672734146017167,0.6657999787728067,0.67966639126994155
GPT-2,attn_zeroed,grid,NA,0.22895170803595288,6.350644371597918,572.8617259346175,rel_freq,0.09265193203387216,0.08620928091102252,0.09915542054658023
GPT-2,attn_zeroed,grid,NA,0.3387604529768735,6.620048999742583,749.9818451289063,y_pred,0.6680147318887839,0.6608402037290293,0.6751469499651929
GPT-2,attn_zeroed,grid,NA,0.3387604529768735,6.620048999742583,749.9818451289063,rel_freq,0.09467266045712339,0.08797728437010617,0.10125870532096809
GPT-2,attn_zeroed,grid,NA,0.44856919791779415,6.889453627887248,981.8648070881168,y_pred,0.6632953177604008,0.6558110950390522,0.6707405887862594
GPT-2,attn_zeroed,grid,NA,0.44856919791779415,6.889453627887248,981.8648070881168,rel_freq,0.09669338888037461,0.08983519503238717,0.1034106672309354
GPT-2,attn_zeroed,grid,NA,0.5583779428587148,7.1588582560319125,1285.4424485868497,y_pred,0.6585759036320178,0.6506978311329804,0.6664069125190799
GPT-2,attn_zeroed,grid,NA,0.5583779428587148,7.1588582560319125,1285.4424485868497,rel_freq,0.09871411730362584,0.09165551140105727,0.10567775817643446
GPT-2,attn_zeroed,grid,NA,0.6681866877996354,7.428262884176577,1682.8816724059095,y_pred,0.6538564895036348,0.6455504222566193,0.6621152613754946
GPT-2,attn_zeroed,grid,NA,0.6681866877996354,7.428262884176577,1682.8816724059095,rel_freq,0.10073484572687708,0.0934407528754756,0.10802031658774039
GPT-2,attn_zeroed,grid,NA,0.7779954327405565,7.697667512321244,2203.2030499950993,y_pred,0.6491370753752518,0.640375738655611,0.6578168965692648
GPT-2,attn_zeroed,grid,NA,0.7779954327405565,7.697667512321244,2203.2030499950993,rel_freq,0.1027555741501283,0.09516220365480266,0.11034128989701394
GPT-2,attn_zeroed,grid,NA,0.8878041776814771,7.967072140465909,2884.399871422983,y_pred,0.6444176612468687,0.6351464407778878,0.6535833437030188
GPT-2,attn_zeroed,grid,NA,0.8878041776814771,7.967072140465909,2884.399871422983,rel_freq,0.10477630257337953,0.09679709628196775,0.11275581240687058
GPT-2,attn_zeroed,grid,NA,0.9976129226223978,8.236476768610574,3776.212373291434,y_pred,0.6396982471184857,0.6298075146363737,0.649351196302224
GPT-2,attn_zeroed,grid,NA,0.9976129226223978,8.236476768610574,3776.212373291434,rel_freq,0.10679703099663075,0.09850405737640701,0.11518028903558442
GPT-2,attn_zeroed,grid,NA,1.1074216675633184,8.505881396755239,4943.759715661212,y_pred,0.6349788329901026,0.6245501658558034,0.6451803368134185
GPT-2,attn_zeroed,grid,NA,1.1074216675633184,8.505881396755239,4943.759715661212,rel_freq,0.10881775941988198,0.1001801199605894,0.11759213749629993
GPT-2,attn_zeroed,grid,NA,1.2172304125042395,8.775286024899906,6472.294910916661,y_pred,0.6302594188617195,0.6192617777374932,0.6410990924056186
GPT-2,attn_zeroed,grid,NA,1.2172304125042395,8.775286024899906,6472.294910916661,rel_freq,0.11083848784313322,0.10180812015649357,0.1199521654579929
GPT-2,attn_zeroed,grid,NA,1.32703915744516,9.04469065304457,8473.42990420296,y_pred,0.6255400047333365,0.6139602528870551,0.6369148444518191
GPT-2,attn_zeroed,grid,NA,1.32703915744516,9.04469065304457,8473.42990420296,rel_freq,0.11285921626638444,0.10338792373756991,0.12241849955419809
GPT-2,attn_zeroed,grid,NA,1.4368479023860807,9.314095281189235,11093.285353907366,y_pred,0.6208205906049534,0.6087272787655186,0.6328110077573278
GPT-2,attn_zeroed,grid,NA,1.4368479023860807,9.314095281189235,11093.285353907366,rel_freq,0.11487994468963567,0.10501608058781954,0.1249137557353732
GPT-2,attn_zeroed,grid,NA,1.5466566473270014,9.5834999093339,14523.160200118657,y_pred,0.6161011764765705,0.6033984154448037,0.6286501377626702
GPT-2,attn_zeroed,grid,NA,1.5466566473270014,9.5834999093339,14523.160200118657,rel_freq,0.11690067311288689,0.10664444532388812,0.1274064985716193
GPT-2,attn_zeroed,grid,NA,1.656465392267922,9.852904537478565,19013.500101123595,y_pred,0.6113817623481874,0.5980743888755342,0.6245906110839449
GPT-2,attn_zeroed,grid,NA,1.656465392267922,9.852904537478565,19013.500101123595,rel_freq,0.11892140153613812,0.10820078210152538,0.1298713193040624
GPT-2,attn_zeroed,grid,NA,1.766274137208843,10.122309165623232,24892.184697685425,y_pred,0.6066623482198044,0.5927405246044691,0.620489472686092
GPT-2,attn_zeroed,grid,NA,1.766274137208843,10.122309165623232,24892.184697685425,rel_freq,0.12094212995938936,0.10977043998118469,0.13232881326663182
GPT-2,attn_zeroed,grid,NA,1.8760828821497637,10.391713793767897,32588.46902086518,y_pred,0.6019429340914213,0.5873308883551683,0.6163256133532403
GPT-2,attn_zeroed,grid,NA,1.8760828821497637,10.391713793767897,32588.46902086518,rel_freq,0.12296285838264058,0.11125948371355178,0.13479632931258026
GPT-2,attn_zeroed,grid,NA,1.9858916270906843,10.661118421912562,42664.32721843975,y_pred,0.5972235199630382,0.5819999438615496,0.6122953179455359
GPT-2,attn_zeroed,grid,NA,1.9858916270906843,10.661118421912562,42664.32721843975,rel_freq,0.1249835868058918,0.11270304916980113,0.1372722315768746
GPT-2,attn_zeroed,grid,NA,2.095700372031605,10.930523050057229,55855.48728406563,y_pred,0.5925041058346552,0.576518958606433,0.6081882010454587
GPT-2,attn_zeroed,grid,NA,2.095700372031605,10.930523050057229,55855.48728406563,rel_freq,0.12700431522914302,0.11416934833125404,0.13988179919482982
GPT-2,attn_zeroed,grid,NA,2.205509116972525,11.199927678201892,73125.15309961332,y_pred,0.5877846917062722,0.5711587991231895,0.6041621671691858
GPT-2,attn_zeroed,grid,NA,2.205509116972525,11.199927678201892,73125.15309961332,rel_freq,0.12902504365239426,0.1156226394739326,0.1424669016295442
GPT-2,default,decile,1,-1.7035538111602464,1.6094379124341005,5.000000000000001,y_pred,0.5141472739565953,0.4997485821816111,0.5284743286128694
GPT-2,default,decile,1,-1.7035538111602464,1.6094379124341005,5.000000000000001,rel_freq,0.05323589672431684,0.04076184617657067,0.06577799404182297
GPT-2,default,decile,2,-1.099654998218199,3.091042453358316,22.000000000000004,y_pred,0.5053694551536017,0.4941947697594884,0.5163445941845456
GPT-2,default,decile,2,-1.099654998218199,3.091042453358316,22.000000000000004,rel_freq,0.13736042566626874,0.12772708717462578,0.14710147517097202
GPT-2,default,decile,3,-0.6839739164040122,4.110873864173311,61.00000000000001,y_pred,0.4993274276850903,0.4899684284912511,0.5084461223632245
GPT-2,default,decile,3,-0.6839739164040122,4.110873864173311,61.00000000000001,rel_freq,0.19526578074941442,0.18692245046069844,0.20344389546774883
GPT-2,default,decile,4,-0.36626148122012114,4.890349128221754,133,y_pred,0.4947093987575029,0.4865510088503218,0.5027529260156077
GPT-2,default,decile,4,-0.36626148122012114,4.890349128221754,133,rel_freq,0.23952387229729452,0.23189879074178107,0.2471557759170844
GPT-2,default,decile,5,-0.08991202955537367,5.568344503761097,261.99999999999994,y_pred,0.490692591039001,0.48307085308228437,0.49817878177347436
GPT-2,default,decile,5,-0.08991202955537367,5.568344503761097,261.99999999999994,rel_freq,0.2780200026861028,0.27063872961266894,0.2853347484536721
GPT-2,default,decile,6,0.16276586922739253,6.18826412308259,486.99999999999994,y_pred,0.4870198552039512,0.47959837947265577,0.4943588643939791
GPT-2,default,decile,6,0.16276586922739253,6.18826412308259,486.99999999999994,rel_freq,0.3132186299289456,0.30571519012459636,0.3207514364065675
GPT-2,default,decile,7,0.426010740589503,6.834108738813838,928.9999999999997,y_pred,0.48319352580552644,0.47557771684082883,0.4909703513478379
GPT-2,default,decile,7,0.426010740589503,6.834108738813838,928.9999999999997,rel_freq,0.349889261374362,0.3418984861747924,0.3579667830711548
GPT-2,default,decile,8,0.7091936280649008,7.528869256642251,1861,y_pred,0.47907739240520114,0.4708045870774526,0.4877088231933196
GPT-2,default,decile,8,0.7091936280649008,7.528869256642251,1861,rel_freq,0.3893373054882949,0.3804698815845775,0.3982503373574388
GPT-2,default,decile,9,1.042999177535325,8.347827345782498,4220.999999999998,y_pred,0.47422544607596356,0.46468788526517396,0.4842640630523327
GPT-2,default,decile,9,1.042999177535325,8.347827345782498,4220.999999999998,rel_freq,0.4358372058119997,0.42563928937924494,0.4460357149265965
GPT-2,default,decile,10,1.5904883828701382,9.691036630760662,16172.000000000007,y_pred,0.4662675548895056,0.45382845644218134,0.47927520109318444
GPT-2,default,decile,10,1.5904883828701382,9.691036630760662,16172.000000000007,rel_freq,0.5121037433718518,0.4992287712396998,0.5249902042226603
GPT-2,default,grid,NA,-2.0770319357233826,0.6931471805599454,2,y_pred,0.5195758709898066,0.5029788829878833,0.5360758108051716
GPT-2,default,grid,NA,-2.0770319357233826,0.6931471805599454,2,rel_freq,0.0012095131221809467,-0.01326224300246966,0.015536247737578356
GPT-2,default,grid,NA,-1.967223190782462,0.9625518087046103,2.6183695337834605,y_pred,0.5179797736877111,0.5020361694967954,0.5338824977397166
GPT-2,default,grid,NA,-1.967223190782462,0.9625518087046103,2.6183695337834605,rel_freq,0.01650613027706244,0.0026197766208538604,0.030278320198821443
GPT-2,default,grid,NA,-1.8574144458415411,1.2319564368492761,3.4279295077227103,y_pred,0.5163836763856154,0.5010897268895256,0.5316462953363931
GPT-2,default,grid,NA,-1.8574144458415411,1.2319564368492761,3.4279295077227103,rel_freq,0.03180274743194396,0.018514348114269545,0.045038857703685216
GPT-2,default,grid,NA,-1.7476057009006205,1.501361064993941,4.487793093489239,y_pred,0.5147875790835198,0.5001339272111541,0.5293814069697298
GPT-2,default,grid,NA,-1.7476057009006205,1.501361064993941,4.487793093489239,rel_freq,0.047099364586825454,0.03441504498115819,0.05981464892838222
GPT-2,default,grid,NA,-1.6377969559596997,1.7707656931386069,5.875350354958031,y_pred,0.5131914817814243,0.4991990911247357,0.5270731439294646
GPT-2,default,grid,NA,-1.6377969559596997,1.7707656931386069,5.875350354958031,rel_freq,0.06239598174170698,0.050298334560662315,0.07457440116657688
GPT-2,default,grid,NA,-1.527988211018779,2.040170321283272,7.691919184862973,y_pred,0.5115953844793286,0.4983340497556282,0.5248338826883824
GPT-2,default,grid,NA,-1.527988211018779,2.040170321283272,7.691919184862973,rel_freq,0.07769259889658847,0.06612658815303227,0.08937866140862061
GPT-2,default,grid,NA,-1.4181794660778584,2.3095749494279367,10.070143424984858,y_pred,0.5099992871772331,0.49726595379564836,0.5226583914052317
GPT-2,default,grid,NA,-1.4181794660778584,2.3095749494279367,10.070143424984858,rel_freq,0.09298921605146997,0.08193307981246528,0.10417048673609952
GPT-2,default,grid,NA,-1.3083707211369375,2.5789795775726025,13.183678372405101,y_pred,0.5084031898751374,0.4961991511197699,0.5204427130255191
GPT-2,default,grid,NA,-1.3083707211369375,2.5789795775726025,13.183678372405101,rel_freq,0.10828583320635149,0.09774592319704484,0.11890528519912849
GPT-2,default,grid,NA,-1.1985619761960167,2.848384205717268,17.259870896752723,y_pred,0.5068070925730418,0.4952236616203776,0.5182646909273668
GPT-2,default,grid,NA,-1.1985619761960167,2.848384205717268,17.259870896752723,rel_freq,0.12358245036123301,0.11347640431934157,0.13376072009005202
GPT-2,default,grid,NA,-1.088753231255096,3.1177888338619333,22.596360056546576,y_pred,0.5052109952709463,0.49409474351456095,0.5161505095214481
GPT-2,default,grid,NA,-1.088753231255096,3.1177888338619333,22.596360056546576,rel_freq,0.1388790675161145,0.12929407072758073,0.1485982922241889
GPT-2,default,grid,NA,-0.9789444863141754,3.387193462006598,29.58281037323153,y_pred,0.5036148979688506,0.49299832200176646,0.5140189330173712
GPT-2,default,grid,NA,-0.9789444863141754,3.387193462006598,29.58281037323153,rel_freq,0.154175684670996,0.14501541153455266,0.1634956025635807
GPT-2,default,grid,NA,-0.8691357413732546,3.656598090151264,38.729364702481405,y_pred,0.502018800666755,0.4918999674992261,0.5119506485331567
GPT-2,default,grid,NA,-0.8691357413732546,3.656598090151264,38.729364702481405,rel_freq,0.16947230182587752,0.16068539689854913,0.1782406716581911
GPT-2,default,grid,NA,-0.7593269964323339,3.926002718295929,50.70389429988292,y_pred,0.5004227033646594,0.49079059227154925,0.5098778392207653
GPT-2,default,grid,NA,-0.7593269964323339,3.926002718295929,50.70389429988292,rel_freq,0.184768918980759,0.1762930342891883,0.19316301427921123
GPT-2,default,grid,NA,-0.6495182514914131,4.195407346440595,66.3807660394952,y_pred,0.4988266060625638,0.4896456774451759,0.5078343553675878
GPT-2,default,grid,NA,-0.6495182514914131,4.195407346440595,66.3807660394952,rel_freq,0.20006553613564051,0.1917765587606681,0.20816222626179953
GPT-2,default,grid,NA,-0.5397095065504924,4.46481197458526,86.904687713511,y_pred,0.4972305087604682,0.48851136111068716,0.5057967971834786
GPT-2,default,grid,NA,-0.5397095065504924,4.46481197458526,86.904687713511,rel_freq,0.21536215329052202,0.2074442071306352,0.22323736678759418
GPT-2,default,grid,NA,-0.4299007616095716,4.7342166027299255,113.77429332601157,y_pred,0.49563441145837256,0.4872785882971314,0.5038641450194353
GPT-2,default,grid,NA,-0.4299007616095716,4.7342166027299255,113.77429332601157,rel_freq,0.23065877044540353,0.22294483156337785,0.23839092305488113
GPT-2,default,grid,NA,-0.32009201666865095,5.00362123087459,148.95157168628577,y_pred,0.49403831415627697,0.4859965928900922,0.5019585636551112
GPT-2,default,grid,NA,-0.32009201666865095,5.00362123087459,148.95157168628577,rel_freq,0.24595538760028504,0.2383926604141809,0.25352339751948544
GPT-2,default,grid,NA,-0.21028327172773031,5.273025859019255,195.00512865626686,y_pred,0.4924422168541814,0.4845991052206628,0.5001364055749533
GPT-2,default,grid,NA,-0.21028327172773031,5.273025859019255,195.00512865626686,rel_freq,0.2612520047551665,0.2537829029948608,0.26864495131675953
GPT-2,default,grid,NA,-0.10047452678680946,5.542430487163921,255.29774390254678,y_pred,0.49084611955208574,0.4832218267534704,0.49834365473068126
GPT-2,default,grid,NA,-0.10047452678680946,5.542430487163921,255.29774390254678,rel_freq,0.27654862191004803,0.2691857012423585,0.2838519609492364
GPT-2,default,grid,NA,0.009334218154111174,5.811835115308586,334.2319173390403,y_pred,0.48925002224999015,0.48170787434558215,0.4966802783681684
GPT-2,default,grid,NA,0.009334218154111174,5.811835115308586,334.2319173390403,rel_freq,0.29184523906492954,0.28445103477323425,0.2991844163949071
GPT-2,default,grid,NA,0.1191429630950318,6.081239743453251,437.57133478928745,y_pred,0.48765392494789456,0.48023760923302655,0.4950123833443346
GPT-2,default,grid,NA,0.1191429630950318,6.081239743453251,437.57133478928745,rel_freq,0.30714185621981105,0.2996284054768051,0.3145868968439439
GPT-2,default,grid,NA,0.22895170803595288,6.350644371597918,572.8617259346175,y_pred,0.48605782764579897,0.4786092667706426,0.4934522860352013
GPT-2,default,grid,NA,0.22895170803595288,6.350644371597918,572.8617259346175,rel_freq,0.3224384733746926,0.3148228778012863,0.3301087789610082
GPT-2,default,grid,NA,0.3387604529768735,6.620048999742583,749.9818451289063,y_pred,0.4844617303437033,0.4769236398449511,0.4920307094239378
GPT-2,default,grid,NA,0.3387604529768735,6.620048999742583,749.9818451289063,rel_freq,0.33773509052957407,0.3299625511833851,0.3456054366424896
GPT-2,default,grid,NA,0.44856919791779415,6.889453627887248,981.8648070881168,y_pred,0.48286563304160773,0.4752168590703561,0.4906992413962472
GPT-2,default,grid,NA,0.44856919791779415,6.889453627887248,981.8648070881168,rel_freq,0.3530317076844556,0.3449510103120435,0.3611437373256784
GPT-2,default,grid,NA,0.5583779428587148,7.1588582560319125,1285.4424485868497,y_pred,0.48126953573951214,0.4733777811339413,0.48939817724850027
GPT-2,default,grid,NA,0.5583779428587148,7.1588582560319125,1285.4424485868497,rel_freq,0.3683283248393371,0.3599476817202976,0.37676122515529276
GPT-2,default,grid,NA,0.6681866877996354,7.428262884176577,1682.8816724059095,y_pred,0.4796734384374165,0.4715153774097609,0.48813844206463575
GPT-2,default,grid,NA,0.6681866877996354,7.428262884176577,1682.8816724059095,rel_freq,0.38362494199421854,0.37490862238050054,0.3923734880106034
GPT-2,default,grid,NA,0.7779954327405565,7.697667512321244,2203.2030499950993,y_pred,0.4780773411353209,0.4695745831322731,0.48693617846610665
GPT-2,default,grid,NA,0.7779954327405565,7.697667512321244,2203.2030499950993,rel_freq,0.3989215591491001,0.3897696005313934,0.4081013087883816
GPT-2,default,grid,NA,0.8878041776814771,7.967072140465909,2884.399871422983,y_pred,0.4764812438332253,0.4675766674775531,0.4857748025591789
GPT-2,default,grid,NA,0.8878041776814771,7.967072140465909,2884.399871422983,rel_freq,0.4142181763039816,0.40464657899723755,0.4238147991377747
GPT-2,default,grid,NA,0.9976129226223978,8.236476768610574,3776.212373291434,y_pred,0.47488514653112973,0.4655701022213229,0.48472851822846913
GPT-2,default,grid,NA,0.9976129226223978,8.236476768610574,3776.212373291434,rel_freq,0.4295147934588631,0.4194695948970773,0.43954454222005535
GPT-2,default,grid,NA,1.1074216675633184,8.505881396755239,4943.759715661212,y_pred,0.4732890492290341,0.4634499748494289,0.48362946047616473
GPT-2,default,grid,NA,1.1074216675633184,8.505881396755239,4943.759715661212,rel_freq,0.4448114106137446,0.4342979282401564,0.45526660294325055
GPT-2,default,grid,NA,1.2172304125042395,8.775286024899906,6472.294910916661,y_pred,0.4716929519269385,0.46131062979523046,0.48257288039234847
GPT-2,default,grid,NA,1.2172304125042395,8.775286024899906,6472.294910916661,rel_freq,0.46010802776862614,0.4491084076843276,0.47108022439981556
GPT-2,default,grid,NA,1.32703915744516,9.04469065304457,8473.42990420296,y_pred,0.4700968546248429,0.45915440139461766,0.48161074111565955
GPT-2,default,grid,NA,1.32703915744516,9.04469065304457,8473.42990420296,rel_freq,0.47540464492350765,0.4638988427855291,0.4869144699238833
GPT-2,default,grid,NA,1.4368479023860807,9.314095281189235,11093.285353907366,y_pred,0.46850075732274726,0.4570075079723961,0.48076179345735254
GPT-2,default,grid,NA,1.4368479023860807,9.314095281189235,11093.285353907366,rel_freq,0.4907012620783891,0.478634268923275,0.5027531635723803
GPT-2,default,grid,NA,1.5466566473270014,9.5834999093339,14523.160200118657,y_pred,0.4669046600206517,0.4547335891480486,0.4797163859327459
GPT-2,default,grid,NA,1.5466566473270014,9.5834999093339,14523.160200118657,rel_freq,0.5059978792332707,0.493339464156188,0.5186543567810018
GPT-2,default,grid,NA,1.656465392267922,9.852904537478565,19013.500101123595,y_pred,0.4653085627185561,0.45249873440476196,0.47871740934590046
GPT-2,default,grid,NA,1.656465392267922,9.852904537478565,19013.500101123595,rel_freq,0.5212944963881521,0.5080430922097963,0.5345361781579321
GPT-2,default,grid,NA,1.766274137208843,10.122309165623232,24892.184697685425,y_pred,0.46371246541646044,0.4502952102042732,0.47771770339517855
GPT-2,default,grid,NA,1.766274137208843,10.122309165623232,24892.184697685425,rel_freq,0.5365911135430337,0.5227634443065483,0.5504888409567031
GPT-2,default,grid,NA,1.8760828821497637,10.391713793767897,32588.46902086518,y_pred,0.46211636811436485,0.4480471424638097,0.4767728199493633
GPT-2,default,grid,NA,1.8760828821497637,10.391713793767897,32588.46902086518,rel_freq,0.5518877306979152,0.5375198301800167,0.5664163498417549
GPT-2,default,grid,NA,1.9858916270906843,10.661118421912562,42664.32721843975,y_pred,0.46052027081226926,0.4456870626925446,0.4758581689996142
GPT-2,default,grid,NA,1.9858916270906843,10.661118421912562,42664.32721843975,rel_freq,0.5671843478527967,0.5522448915003042,0.5823289345336302
GPT-2,default,grid,NA,2.095700372031605,10.930523050057229,55855.48728406563,y_pred,0.45892417351017367,0.44348793159185057,0.47494537210212207
GPT-2,default,grid,NA,2.095700372031605,10.930523050057229,55855.48728406563,rel_freq,0.5824809650076781,0.5669691993692717,0.5982443005914759
GPT-2,default,grid,NA,2.205509116972525,11.199927678201892,73125.15309961332,y_pred,0.4573280762080781,0.4411975141494609,0.47405502542295364
GPT-2,default,grid,NA,2.205509116972525,11.199927678201892,73125.15309961332,rel_freq,0.5977775821625596,0.5816008353816415,0.6141792790357833
Llama-1.3B,attn_zeroed,decile,1,-1.7035538111602464,1.6094379124341005,5.000000000000001,y_pred,0.6303637299358901,0.6151897885665951,0.6456252118785255
Llama-1.3B,attn_zeroed,decile,1,-1.7035538111602464,1.6094379124341005,5.000000000000001,rel_freq,0.09881422866504275,0.08567409570509243,0.11204036024353266
Llama-1.3B,attn_zeroed,decile,2,-1.099654998218199,3.091042453358316,22.000000000000004,y_pred,0.6053267319769895,0.5937828778168122,0.6171095549282509
Llama-1.3B,attn_zeroed,decile,2,-1.099654998218199,3.091042453358316,22.000000000000004,rel_freq,0.12381135370124265,0.11362448987956884,0.13396005675191341
Llama-1.3B,attn_zeroed,decile,3,-0.6839739164040122,4.110873864173311,61.00000000000001,y_pred,0.5880930395538615,0.5787204309905717,0.5976442879261554
Llama-1.3B,attn_zeroed,decile,3,-0.6839739164040122,4.110873864173311,61.00000000000001,rel_freq,0.1410176004343178,0.13251305239835973,0.14955627093508264
Llama-1.3B,attn_zeroed,decile,4,-0.36626148122012114,4.890349128221754,133,y_pred,0.5749210222874859,0.5668478048151534,0.5831043152596238
Llama-1.3B,attn_zeroed,decile,4,-0.36626148122012114,4.890349128221754,133,rel_freq,0.15416864047222795,0.14640024515666253,0.16188520583438668
Llama-1.3B,attn_zeroed,decile,5,-0.08991202955537367,5.568344503761097,261.99999999999994,y_pred,0.5634638700146307,0.5560034088129348,0.5709733421874744
Llama-1.3B,attn_zeroed,decile,5,-0.08991202955537367,5.568344503761097,261.99999999999994,rel_freq,0.1656075465420961,0.15833890944367165,0.17289412290543238
Llama-1.3B,attn_zeroed,decile,6,0.16276586922739253,6.18826412308259,486.99999999999994,y_pred,0.5529881149700675,0.5456066148400364,0.5602260533319143
Llama-1.3B,attn_zeroed,decile,6,0.16276586922739253,6.18826412308259,486.99999999999994,rel_freq,0.1760666183176904,0.16877446550078185,0.18326571858790264
Llama-1.3B,attn_zeroed,decile,7,0.426010740589503,6.834108738813838,928.9999999999997,y_pred,0.542074264560468,0.5343229374585262,0.5496676002652554
Llama-1.3B,attn_zeroed,decile,7,0.426010740589503,6.834108738813838,928.9999999999997,rel_freq,0.18696308776514486,0.1793506231976031,0.19444549089696214
Llama-1.3B,attn_zeroed,decile,8,0.7091936280649008,7.528869256642251,1861,y_pred,0.5303338053580793,0.5218164779219826,0.5386795654029134
Llama-1.3B,attn_zeroed,decile,8,0.7091936280649008,7.528869256642251,1861,rel_freq,0.19868484958124888,0.19047274203786932,0.20685922356501713
Llama-1.3B,attn_zeroed,decile,9,1.042999177535325,8.347827345782498,4220.999999999998,y_pred,0.5164945848104431,0.506468534983387,0.5262451101925331
Llama-1.3B,attn_zeroed,decile,9,1.042999177535325,8.347827345782498,4220.999999999998,rel_freq,0.21250203033912918,0.20301909718641406,0.22183502928283502
Llama-1.3B,attn_zeroed,decile,10,1.5904883828701382,9.691036630760662,16172.000000000007,y_pred,0.49379626876357385,0.4807399010471597,0.50679508743439206
Llama-1.3B,attn_zeroed,decile,10,1.5904883828701382,9.691036630760662,16172.000000000007,rel_freq,0.23516419795467866,0.22319423115198536,0.2471941396914225
Llama-1.3B,attn_zeroed,grid,NA,-2.0770319357233826,0.6931471805599454,2,y_pred,0.6458477329542542,0.6282173374176785,0.6637303272425281
Llama-1.3B,attn_zeroed,grid,NA,-2.0770319357233826,0.6931471805599454,2,rel_freq,0.08335488485128688,0.06810505027446996,0.09863215498825124
Llama-1.3B,attn_zeroed,grid,NA,-1.967223190782462,0.9625518087046103,2.6183695337834605,y_pred,0.6412951800032699,0.6244080930368622,0.6583948564464448
Llama-1.3B,attn_zeroed,grid,NA,-1.967223190782462,0.9625518087046103,2.6183695337834605,rel_freq,0.08790018758831973,0.07327076854253423,0.10258846602437496
Llama-1.3B,attn_zeroed,grid,NA,-1.8574144458415411,1.2319564368492761,3.4279295077227103,y_pred,0.6367426270522856,0.6205707012354534,0.6531052793888881
Llama-1.3B,attn_zeroed,grid,NA,-1.8574144458415411,1.2319564368492761,3.4279295077227103,rel_freq,0.09244549032535258,0.07843947967131133,0.10648496358257607
Llama-1.3B,attn_zeroed,grid,NA,-1.7476057009006205,1.501361064993941,4.487793093489239,y_pred,0.6321900741013012,0.616731726305278,0.6478065173812084
Llama-1.3B,attn_zeroed,grid,NA,-1.7476057009006205,1.501361064993941,4.487793093489239,rel_freq,0.09699079306238542,0.08357208662714508,0.1104453344989769
Llama-1.3B,attn_zeroed,grid,NA,-1.6377969559596997,1.7707656931386069,5.875350354958031,y_pred,0.6276375211503169,0.6128379274821358,0.6425137440979457
Llama-1.3B,attn_zeroed,grid,NA,-1.6377969559596997,1.7707656931386069,5.875350354958031,rel_freq,0.10153609579941829,0.08868353427965266,0.11442731438080529
Llama-1.3B,attn_zeroed,grid,NA,-1.527988211018779,2.040170321283272,7.691919184862973,y_pred,0.6230849681993326,0.6089493469769991,0.6372459968330991
Llama-1.3B,attn_zeroed,grid,NA,-1.527988211018779,2.040170321283272,7.691919184862973,rel_freq,0.10608139853645113,0.09375903810891806,0.1184808512867444
Llama-1.3B,attn_zeroed,grid,NA,-1.4181794660778584,2.3095749494279367,10.070143424984858,y_pred,0.6185324152483482,0.6051043730273381,0.6320621449039588
Llama-1.3B,attn_zeroed,grid,NA,-1.4181794660778584,2.3095749494279367,10.070143424984858,rel_freq,0.11062670127348398,0.09881526711967592,0.12242226868375261
Llama-1.3B,attn_zeroed,grid,NA,-1.3083707211369375,2.5789795775726025,13.183678372405101,y_pred,0.6139798622973639,0.6012138024643113,0.6269338309279456
Llama-1.3B,attn_zeroed,grid,NA,-1.3083707211369375,2.5789795775726025,13.183678372405101,rel_freq,0.11517200401051683,0.10392137356763391,0.12640011001637483
Llama-1.3B,attn_zeroed,grid,NA,-1.1985619761960167,2.848384205717268,17.259870896752723,y_pred,0.6094273093463796,0.5973191347802846,0.6217268275783518
Llama-1.3B,attn_zeroed,grid,NA,-1.1985619761960167,2.848384205717268,17.259870896752723,rel_freq,0.11971730674754968,0.10908281346107969,0.13038806338875683
Llama-1.3B,attn_zeroed,grid,NA,-1.088753231255096,3.1177888338619333,22.596360056546576,y_pred,0.6048747563953952,0.5934017561489972,0.6166009185871529
Llama-1.3B,attn_zeroed,grid,NA,-1.088753231255096,3.1177888338619333,22.596360056546576,rel_freq,0.12426260948458254,0.11413880349429002,0.13435934816280526
Llama-1.3B,attn_zeroed,grid,NA,-0.9789444863141754,3.387193462006598,29.58281037323153,y_pred,0.6003222034444109,0.5895272421514381,0.6114506090422506
Llama-1.3B,attn_zeroed,grid,NA,-0.9789444863141754,3.387193462006598,29.58281037323153,rel_freq,0.1288079122216154,0.11915957401148693,0.1384427701763627
Llama-1.3B,attn_zeroed,grid,NA,-0.8691357413732546,3.656598090151264,38.729364702481405,y_pred,0.5957696504934265,0.5855094880283981,0.6062623730544916
Llama-1.3B,attn_zeroed,grid,NA,-0.8691357413732546,3.656598090151264,38.729364702481405,rel_freq,0.13335321495864824,0.12417351536054558,0.14257104760250064
Llama-1.3B,attn_zeroed,grid,NA,-0.7593269964323339,3.926002718295929,50.70389429988292,y_pred,0.5912170975424421,0.5815218848317905,0.6011110261218333
Llama-1.3B,attn_zeroed,grid,NA,-0.7593269964323339,3.926002718295929,50.70389429988292,rel_freq,0.1378985176956811,0.12915118816232313,0.14673233923189635
Llama-1.3B,attn_zeroed,grid,NA,-0.6495182514914131,4.195407346440595,66.3807660394952,y_pred,0.5866645445914578,0.5774621871060494,0.5960278583765283
Llama-1.3B,attn_zeroed,grid,NA,-0.6495182514914131,4.195407346440595,66.3807660394952,rel_freq,0.14244382043271395,0.1340432893818502,0.1508576898394675
Llama-1.3B,attn_zeroed,grid,NA,-0.5397095065504924,4.46481197458526,86.904687713511,y_pred,0.5821119916404734,0.5733874795878608,0.5908782848903547
Llama-1.3B,attn_zeroed,grid,NA,-0.5397095065504924,4.46481197458526,86.904687713511,rel_freq,0.1469891231697468,0.13891398629260954,0.15507562123531615
Llama-1.3B,attn_zeroed,grid,NA,-0.4299007616095716,4.7342166027299255,113.77429332601157,y_pred,0.5775594386894891,0.5692153608371431,0.5859107471638528
Llama-1.3B,attn_zeroed,grid,NA,-0.4299007616095716,4.7342166027299255,113.77429332601157,rel_freq,0.15153442590677965,0.14365357908800538,0.15938036626080263
Llama-1.3B,attn_zeroed,grid,NA,-0.32009201666865095,5.00362123087459,148.95157168628577,y_pred,0.5730068857385048,0.5651006177924216,0.5810750259224345
Llama-1.3B,attn_zeroed,grid,NA,-0.32009201666865095,5.00362123087459,148.95157168628577,rel_freq,0.15607972864381248,0.1484580927608812,0.1636861579004933
Llama-1.3B,attn_zeroed,grid,NA,-0.21028327172773031,5.273025859019255,195.00512865626686,y_pred,0.5684543327875204,0.5607997117686839,0.5762391065441779
Llama-1.3B,attn_zeroed,grid,NA,-0.21028327172773031,5.273025859019255,195.00512865626686,rel_freq,0.16062503138084533,0.15319616638159791,0.16802410163251374
Llama-1.3B,attn_zeroed,grid,NA,-0.10047452678680946,5.542430487163921,255.29774390254678,y_pred,0.5639017798365361,0.5564375614958037,0.5714244542982788
Llama-1.3B,attn_zeroed,grid,NA,-0.10047452678680946,5.542430487163921,255.29774390254678,rel_freq,0.16517033411787818,0.15786778569185722,0.17245660647083738
Llama-1.3B,attn_zeroed,grid,NA,0.009334218154111174,5.811835115308586,334.2319173390403,y_pred,0.5593492268855518,0.552029146836118,0.5666956720144283
Llama-1.3B,attn_zeroed,grid,NA,0.009334218154111174,5.811835115308586,334.2319173390403,rel_freq,0.16971563685491103,0.16252685435214587,0.1769439186373597
Llama-1.3B,attn_zeroed,grid,NA,0.1191429630950318,6.081239743453251,437.57133478928745,y_pred,0.5547966739345674,0.5475029056025441,0.5620444873578836
Llama-1.3B,attn_zeroed,grid,NA,0.1191429630950318,6.081239743453251,437.57133478928745,rel_freq,0.1742609395919439,0.1670257833681302,0.18146890838393898
Llama-1.3B,attn_zeroed,grid,NA,0.22895170803595288,6.350644371597918,572.8617259346175,y_pred,0.5502441209835831,0.5428372650173758,0.5575090010219125
Llama-1.3B,attn_zeroed,grid,NA,0.22895170803595288,6.350644371597918,572.8617259346175,rel_freq,0.17880624232897674,0.1714625736599942,0.1860782687122534
Llama-1.3B,attn_zeroed,grid,NA,0.3387604529768735,6.620048999742583,749.9818451289063,y_pred,0.5456915680325988,0.5381685071270679,0.5530851288279478
Llama-1.3B,attn_zeroed,grid,NA,0.3387604529768735,6.620048999742583,749.9818451289063,rel_freq,0.1833515450660096,0.17593426147207547,0.19070636302876087
Llama-1.3B,attn_zeroed,grid,NA,0.44856919791779415,6.889453627887248,981.8648070881168,y_pred,0.5411390150816144,0.5333619663511038,0.548756631377934
Llama-1.3B,attn_zeroed,grid,NA,0.44856919791779415,6.889453627887248,981.8648070881168,rel_freq,0.18789684780304244,0.18026133981438364,0.19538002278834654
Llama-1.3B,attn_zeroed,grid,NA,0.5583779428587148,7.1588582560319125,1285.4424485868497,y_pred,0.5365864621306301,0.5286960102413629,0.5444427686310522
Llama-1.3B,attn_zeroed,grid,NA,0.5583779428587148,7.1588582560319125,1285.4424485868497,rel_freq,0.1924421505400753,0.18458387415533042,0.2002028469881149
Llama-1.3B,attn_zeroed,grid,NA,0.6681866877996354,7.428262884176577,1682.8816724059095,y_pred,0.5320339091796458,0.5236950589271201,0.5402278818276873
Llama-1.3B,attn_zeroed,grid,NA,0.6681866877996354,7.428262884176577,1682.8816724059095,rel_freq,0.19698745327710812,0.1888506248766393,0.20504010533792627
Llama-1.3B,attn_zeroed,grid,NA,0.7779954327405565,7.697667512321244,2203.2030499950993,y_pred,0.5274813562286613,0.5186878701900175,0.536083086873454
Llama-1.3B,attn_zeroed,grid,NA,0.7779954327405565,7.697667512321244,2203.2030499950993,rel_freq,0.201532756014141,0.19307822287268167,0.210011332930933
Llama-1.3B,attn_zeroed,grid,NA,0.8878041776814771,7.967072140465909,2884.399871422983,y_pred,0.522928803277677,0.5136173456998447,0.5318982796044407
Llama-1.3B,attn_zeroed,grid,NA,0.8878041776814771,7.967072140465909,2884.399871422983,rel_freq,0.20607805875117385,0.19722762105506775,0.21484784300089843
Llama-1.3B,attn_zeroed,grid,NA,0.9976129226223978,8.236476768610574,3776.212373291434,y_pred,0.5183762503266927,0.508560424381346,0.5279043390113771
Llama-1.3B,attn_zeroed,grid,NA,0.9976129226223978,8.236476768610574,3776.212373291434,rel_freq,0.21062336148820668,0.20137159154869944,0.21978906364802908
Llama-1.3B,attn_zeroed,grid,NA,1.1074216675633184,8.505881396755239,4943.759715661212,y_pred,0.5138236973757083,0.5034385937345263,0.5238973544761143
Llama-1.3B,attn_zeroed,grid,NA,1.1074216675633184,8.505881396755239,4943.759715661212,rel_freq,0.21516866422523953,0.20539968746107465,0.22482148056267667
Llama-1.3B,attn_zeroed,grid,NA,1.2172304125042395,8.775286024899906,6472.294910916661,y_pred,0.509271144424724,0.49833976273046166,0.5199977117696605
Llama-1.3B,attn_zeroed,grid,NA,1.2172304125042395,8.775286024899906,6472.294910916661,rel_freq,0.2197139669622724,0.20953737976502748,0.22990381503771884
Llama-1.3B,attn_zeroed,grid,NA,1.32703915744516,9.04469065304457,8473.42990420296,y_pred,0.5047185914737397,0.4931682711289906,0.516172722884835
Llama-1.3B,attn_zeroed,grid,NA,1.32703915744516,9.04469065304457,8473.42990420296,rel_freq,0.22425926969930524,0.21365591447044555,0.23498597593014578
Llama-1.3B,attn_zeroed,grid,NA,1.4368479023860807,9.314095281189235,11093.285353907366,y_pred,0.5001660385227553,0.48797291790358494,0.5121873855194602
Llama-1.3B,attn_zeroed,grid,NA,1.4368479023860807,9.314095281189235,11093.285353907366,rel_freq,0.2288045724363381,0.21769766755970724,0.2399933602884654
Llama-1.3B,attn_zeroed,grid,NA,1.5466566473270014,9.5834999093339,14523.160200118657,y_pred,0.495613485571771,0.48277622448768476,0.5083085243674222
Llama-1.3B,attn_zeroed,grid,NA,1.5466566473270014,9.5834999093339,14523.160200118657,rel_freq,0.23334987517337094,0.22163671417534606,0.24510432426091144
Llama-1.3B,attn_zeroed,grid,NA,1.656465392267922,9.852904537478565,19013.500101123595,y_pred,0.49106093262078665,0.4775417626656837,0.504500857935014
Llama-1.3B,attn_zeroed,grid,NA,1.656465392267922,9.852904537478565,19013.500101123595,rel_freq,0.2378951779104038,0.22561040704666602,0.25017925048982625
Llama-1.3B,attn_zeroed,grid,NA,1.766274137208843,10.122309165623232,24892.184697685425,y_pred,0.48650837966980226,0.4723879066547305,0.5006295342715585
Llama-1.3B,attn_zeroed,grid,NA,1.766274137208843,10.122309165623232,24892.184697685425,rel_freq,0.24244048064743665,0.2295997684465787,0.2553146815925362
Llama-1.3B,attn_zeroed,grid,NA,1.8760828821497637,10.391713793767897,32588.46902086518,y_pred,0.4819558267188179,0.4672087853050471,0.49681464728911845
Llama-1.3B,attn_zeroed,grid,NA,1.8760828821497637,10.391713793767897,32588.46902086518,rel_freq,0.2469857833844695,0.23354808999764254,0.26039758297977694
Llama-1.3B,attn_zeroed,grid,NA,1.9858916270906843,10.661118421912562,42664.32721843975,y_pred,0.4774032737678336,0.461993715073395,0.49311198934047695
Llama-1.3B,attn_zeroed,grid,NA,1.9858916270906843,10.661118421912562,42664.32721843975,rel_freq,0.2515310861215023,0.23751730362218687,0.2654959569908194
Llama-1.3B,attn_zeroed,grid,NA,2.095700372031605,10.930523050057229,55855.48728406563,y_pred,0.47285072081684926,0.45676440977438953,0.48935600960395786
Llama-1.3B,attn_zeroed,grid,NA,2.095700372031605,10.930523050057229,55855.48728406563,rel_freq,0.2560763888585352,0.24138171798421212,0.27064908712969254
Llama-1.3B,attn_zeroed,grid,NA,2.205509116972525,11.199927678201892,73125.15309961332,y_pred,0.468298167865865,0.4514874967457892,0.4855633699628443
Llama-1.3B,attn_zeroed,grid,NA,2.205509116972525,11.199927678201892,73125.15309961332,rel_freq,0.26062169159556803,0.24529457682513653,0.2758663959403853
Llama-1.3B,default,decile,1,-1.7035538111602464,1.6094379124341005,5.000000000000001,y_pred,0.539070013700197,0.5246178945766504,0.5533472593243408
Llama-1.3B,default,decile,1,-1.7035538111602464,1.6094379124341005,5.000000000000001,rel_freq,0.12574607779546274,0.11333953961708426,0.13787453589651236
Llama-1.3B,default,decile,2,-1.099654998218199,3.091042453358316,22.000000000000004,y_pred,0.5237976803831137,0.512788103194109,0.5348010467402046
Llama-1.3B,default,decile,2,-1.099654998218199,3.091042453358316,22.000000000000004,rel_freq,0.19581067370714098,0.18629861582887872,0.2053473718532295
Llama-1.3B,default,decile,3,-0.6839739164040122,4.110873864173311,61.00000000000001,y_pred,0.5132852900637088,0.5041272095753537,0.522581116658734
Llama-1.3B,default,decile,3,-0.6839739164040122,4.110873864173311,61.00000000000001,rel_freq,0.24403816877962287,0.23606846625760097,0.25208889369987136
Llama-1.3B,default,decile,4,-0.36626148122012114,4.890349128221754,133,y_pred,0.5052504833955654,0.49710138624489747,0.513329926029453
Llama-1.3B,default,decile,4,-0.36626148122012114,4.890349128221754,133,rel_freq,0.2808992999993174,0.2736839694325098,0.2882917977710646
Llama-1.3B,default,decile,5,-0.08991202955537367,5.568344503761097,261.99999999999994,y_pred,0.49826172824756976,0.4907570964227831,0.5057928159388811
Llama-1.3B,default,decile,5,-0.08991202955537367,5.568344503761097,261.99999999999994,rel_freq,0.31296148036191146,0.30592027976091246,0.32011733554862254
Llama-1.3B,default,decile,6,0.16276586922739253,6.18826412308259,486.99999999999994,y_pred,0.49187161618016784,0.4844624939031704,0.49914274036192685
Llama-1.3B,default,decile,6,0.16276586922739253,6.18826412308259,486.99999999999994,rel_freq,0.34227727713882183,0.33504866836550157,0.34957918034629804
Llama-1.3B,default,decile,7,0.426010740589503,6.834108738813838,928.9999999999997,y_pred,0.4852142700597662,0.4777225265185484,0.49270248300329006
Llama-1.3B,default,decile,7,0.426010740589503,6.834108738813838,928.9999999999997,rel_freq,0.3728190585474532,0.36493242882454474,0.3806876103081439
Llama-1.3B,default,decile,8,0.7091936280649008,7.528869256642251,1861,y_pred,0.4780527003488593,0.46992197742309477,0.4862686532526154
Llama-1.3B,default,decile,8,0.7091936280649008,7.528869256642251,1861,rel_freq,0.405674057025435,0.3969642301433389,0.4144740850326363
Llama-1.3B,default,decile,9,1.042999177535325,8.347827345782498,4220.999999999998,y_pred,0.469610905953258,0.4603543857325669,0.47921851816734407
Llama-1.3B,default,decile,9,1.042999177535325,8.347827345782498,4220.999999999998,rel_freq,0.444402318176969,0.4344913940977847,0.4543698801267226
Llama-1.3B,default,decile,10,1.5904883828701382,9.691036630760662,16172.000000000007,y_pred,0.4557651466104908,0.4438678753516261,0.46791853081168416
Llama-1.3B,default,decile,10,1.5904883828701382,9.691036630760662,16172.000000000007,rel_freq,0.5079222475355164,0.49551371877425443,0.520413303201392
Llama-1.3B,default,grid,NA,-2.0770319357233826,0.6931471805599454,2,y_pred,0.5485151099360706,0.5318049717486276,0.5650204406350892
Llama-1.3B,default,grid,NA,-2.0770319357233826,0.6931471805599454,2,rel_freq,0.0824149876880233,0.06791349335978185,0.09637953389561257
Llama-1.3B,default,grid,NA,-1.967223190782462,0.9625518087046103,2.6183695337834605,y_pred,0.5457380954463447,0.5297492764483546,0.5615136629926012
Llama-1.3B,default,grid,NA,-1.967223190782462,0.9625518087046103,2.6183695337834605,rel_freq,0.09515504475879695,0.08129548145525024,0.10853829462061035
Llama-1.3B,default,grid,NA,-1.8574144458415411,1.2319564368492761,3.4279295077227103,y_pred,0.5429610809566188,0.5276304471166884,0.5581015187715774
Llama-1.3B,default,grid,NA,-1.8574144458415411,1.2319564368492761,3.4279295077227103,rel_freq,0.10789510182957063,0.0946692244711323,0.1207562733523595
Llama-1.3B,default,grid,NA,-1.7476057009006205,1.501361064993941,4.487793093489239,y_pred,0.5401840664668929,0.525486162548619,0.5547071277586767
Llama-1.3B,default,grid,NA,-1.7476057009006205,1.501361064993941,4.487793093489239,rel_freq,0.12063515890034428,0.10802175867372121,0.1329522763350746
Llama-1.3B,default,grid,NA,-1.6377969559596997,1.7707656931386069,5.875350354958031,y_pred,0.537407051977167,0.5233559936119615,0.5513257518934433
Llama-1.3B,default,grid,NA,-1.6377969559596997,1.7707656931386069,5.875350354958031,rel_freq,0.13337521597111796,0.12132261863196155,0.1452408187277024
Llama-1.3B,default,grid,NA,-1.527988211018779,2.040170321283272,7.691919184862973,y_pred,0.5346300374874411,0.5212151265026018,0.5478445807198845
Llama-1.3B,default,grid,NA,-1.527988211018779,2.040170321283272,7.691919184862973,rel_freq,0.14611527304189162,0.13460187118135725,0.15751259308569554
Llama-1.3B,default,grid,NA,-1.4181794660778584,2.3095749494279367,10.070143424984858,y_pred,0.5318530229977152,0.5190666180468988,0.5444944238437383
Llama-1.3B,default,grid,NA,-1.4181794660778584,2.3095749494279367,10.070143424984858,rel_freq,0.15885533011266526,0.14795695434922587,0.16969270065543934
Llama-1.3B,default,grid,NA,-1.3083707211369375,2.5789795775726025,13.183678372405101,y_pred,0.5290760085079893,0.5169368297273739,0.5411240196090784
Llama-1.3B,default,grid,NA,-1.3083707211369375,2.5789795775726025,13.183678372405101,rel_freq,0.17159538718343895,0.16112763955092418,0.18200062287845178
Llama-1.3B,default,grid,NA,-1.1985619761960167,2.848384205717268,17.259870896752723,y_pred,0.5262989940182634,0.5147819086952251,0.537777299299864
Llama-1.3B,default,grid,NA,-1.1985619761960167,2.848384205717268,17.259870896752723,rel_freq,0.1843354442542126,0.17436001248319455,0.1942898601594295
Llama-1.3B,default,grid,NA,-1.088753231255096,3.1177888338619333,22.596360056546576,y_pred,0.5235219795285375,0.5125923731360444,0.5344553118525514
Llama-1.3B,default,grid,NA,-1.088753231255096,3.1177888338619333,22.596360056546576,rel_freq,0.19707550132498625,0.18760370960539013,0.20656822942294834
Llama-1.3B,default,grid,NA,-0.9789444863141754,3.387193462006598,29.58281037323153,y_pred,0.5207449650388116,0.5103451691149298,0.53123174423901
Llama-1.3B,default,grid,NA,-0.9789444863141754,3.387193462006598,29.58281037323153,rel_freq,0.2098155583957599,0.20073002849647162,0.21880709424186826
Llama-1.3B,default,grid,NA,-0.8691357413732546,3.656598090151264,38.729364702481405,y_pred,0.5179679505490857,0.5080502499322417,0.5280129062592962
Llama-1.3B,default,grid,NA,-0.8691357413732546,3.656598090151264,38.729364702481405,rel_freq,0.22255561546653357,0.2139024050531117,0.2311497863881217
Llama-1.3B,default,grid,NA,-0.7593269964323339,3.926002718295929,50.70389429988292,y_pred,0.5151909360593598,0.5057225632576784,0.5247346303204699
Llama-1.3B,default,grid,NA,-0.7593269964323339,3.926002718295929,50.70389429988292,rel_freq,0.23529567253730724,0.22703661657825494,0.2435497490985127
Llama-1.3B,default,grid,NA,-0.6495182514914131,4.195407346440595,66.3807660394952,y_pred,0.512413921569634,0.5033813294150727,0.5216135121333425
Llama-1.3B,default,grid,NA,-0.6495182514914131,4.195407346440595,66.3807660394952,rel_freq,0.2480357296080809,0.24020314985172778,0.2559864467499706
Llama-1.3B,default,grid,NA,-0.5397095065504924,4.46481197458526,86.904687713511,y_pred,0.509636907079908,0.5010138894237472,0.5183947269757779
Llama-1.3B,default,grid,NA,-0.5397095065504924,4.46481197458526,86.904687713511,rel_freq,0.26077578667885454,0.2531843542128251,0.2684820867712259
Llama-1.3B,default,grid,NA,-0.4299007616095716,4.7342166027299255,113.77429332601157,y_pred,0.5068598925901822,0.4985292356838238,0.5152057365944316
Llama-1.3B,default,grid,NA,-0.4299007616095716,4.7342166027299255,113.77429332601157,rel_freq,0.27351584374962823,0.26619565729103695,0.28103981102923653
Llama-1.3B,default,grid,NA,-0.32009201666865095,5.00362123087459,148.95157168628577,y_pred,0.5040828781004563,0.4960692265018566,0.5120631250118414
Llama-1.3B,default,grid,NA,-0.32009201666865095,5.00362123087459,148.95157168628577,rel_freq,0.28625590082040187,0.2791436823071138,0.2935660606003873
Llama-1.3B,default,grid,NA,-0.21028327172773031,5.273025859019255,195.00512865626686,y_pred,0.5013058636107304,0.49361347745492623,0.5090186415385783
Llama-1.3B,default,grid,NA,-0.21028327172773031,5.273025859019255,195.00512865626686,rel_freq,0.29899595789117556,0.2919337628070067,0.3062466478913429
Llama-1.3B,default,grid,NA,-0.10047452678680946,5.542430487163921,255.29774390254678,y_pred,0.4985288491210044,0.4910120593949941,0.5060777446151619
Llama-1.3B,default,grid,NA,-0.10047452678680946,5.542430487163921,255.29774390254678,rel_freq,0.3117360149619492,0.3047029996312852,0.31893361127139547
Llama-1.3B,default,grid,NA,0.009334218154111174,5.811835115308586,334.2319173390403,y_pred,0.49575183463127853,0.48840416732465974,0.503133643974382
Llama-1.3B,default,grid,NA,0.009334218154111174,5.811835115308586,334.2319173390403,rel_freq,0.3244760720327229,0.31744244964634993,0.3316027579547671
Llama-1.3B,default,grid,NA,0.1191429630950318,6.081239743453251,437.57133478928745,y_pred,0.49297482014155264,0.48558903637985706,0.5002670340545936
Llama-1.3B,default,grid,NA,0.1191429630950318,6.081239743453251,437.57133478928745,rel_freq,0.3372161291034965,0.3300305440976737,0.344415988688103
Llama-1.3B,default,grid,NA,0.22895170803595288,6.350644371597918,572.8617259346175,y_pred,0.49019780565182675,0.482772752751798,0.4975111943246512
Llama-1.3B,default,grid,NA,0.22895170803595288,6.350644371597918,572.8617259346175,rel_freq,0.3499561861742702,0.34263635583373975,0.3573751305505082
Llama-1.3B,default,grid,NA,0.3387604529768735,6.620048999742583,749.9818451289063,y_pred,0.48742079116210085,0.47994500875827983,0.4947494793621121
Llama-1.3B,default,grid,NA,0.3387604529768735,6.620048999742583,749.9818451289063,rel_freq,0.36269624324504385,0.35503485526608786,0.3703192358192742
Llama-1.3B,default,grid,NA,0.44856919791779415,6.889453627887248,981.8648070881168,y_pred,0.48464377667237496,0.47710870725148846,0.4921863548097329
Llama-1.3B,default,grid,NA,0.44856919791779415,6.889453627887248,981.8648070881168,rel_freq,0.37543630031581754,0.36747954197924804,0.3833940713147201
Llama-1.3B,default,grid,NA,0.5583779428587148,7.1588582560319125,1285.4424485868497,y_pred,0.48186676218264907,0.4741223965308923,0.4896550777620811
Llama-1.3B,default,grid,NA,0.5583779428587148,7.1588582560319125,1285.4424485868497,rel_freq,0.3881763573865912,0.37995753903497637,0.3964742004226423
Llama-1.3B,default,grid,NA,0.6681866877996354,7.428262884176577,1682.8816724059095,y_pred,0.4790897476929232,0.4711130323201126,0.4871876381539501
Llama-1.3B,default,grid,NA,0.6681866877996354,7.428262884176577,1682.8816724059095,rel_freq,0.4009164144573648,0.3923632163348748,0.40958858886023364
Llama-1.3B,default,grid,NA,0.7779954327405565,7.697667512321244,2203.2030499950993,y_pred,0.4763127332031973,0.4679878342700549,0.48475488155703106
Llama-1.3B,default,grid,NA,0.7779954327405565,7.697667512321244,2203.2030499950993,rel_freq,0.4136564715281385,0.40460519468023576,0.42267511412864334
Llama-1.3B,default,grid,NA,0.8878041776814771,7.967072140465909,2884.399871422983,y_pred,0.4735357187134714,0.46487144353280574,0.48241676825666846
Llama-1.3B,default,grid,NA,0.8878041776814771,7.967072140465909,2884.399871422983,rel_freq,0.42639652859891214,0.4170211627363015,0.4357279571383406
Llama-1.3B,default,grid,NA,0.9976129226223978,8.236476768610574,3776.212373291434,y_pred,0.4707587042237455,0.4617312738675716,0.48012425923991653
Llama-1.3B,default,grid,NA,0.9976129226223978,8.236476768610574,3776.212373291434,rel_freq,0.43913658566968583,0.42940565577522527,0.44889091010900267
Llama-1.3B,default,grid,NA,1.1074216675633184,8.505881396755239,4943.759715661212,y_pred,0.4679816897340196,0.45838921580341163,0.47779620203132017
Llama-1.3B,default,grid,NA,1.1074216675633184,8.505881396755239,4943.759715661212,rel_freq,0.45187664274045947,0.4417339022063355,0.46213414481541515
Llama-1.3B,default,grid,NA,1.2172304125042395,8.775286024899906,6472.294910916661,y_pred,0.46520467524429365,0.45506106223865767,0.47552067652115854
Llama-1.3B,default,grid,NA,1.2172304125042395,8.775286024899906,6472.294910916661,rel_freq,0.46461669981123316,0.45401888210394037,0.4754195312870163
Llama-1.3B,default,grid,NA,1.32703915744516,9.04469065304457,8473.42990420296,y_pred,0.46242766075456776,0.45182594680655425,0.47323130068226127
Llama-1.3B,default,grid,NA,1.32703915744516,9.04469065304457,8473.42990420296,rel_freq,0.4773567568820068,0.46622219934939213,0.48861528489864087
Llama-1.3B,default,grid,NA,1.4368479023860807,9.314095281189235,11093.285353907366,y_pred,0.45965064626484187,0.44849913204067965,0.47097853592830236
Llama-1.3B,default,grid,NA,1.4368479023860807,9.314095281189235,11093.285353907366,rel_freq,0.4900968139527805,0.47842319434118746,0.5018764356244754
Llama-1.3B,default,grid,NA,1.5466566473270014,9.5834999093339,14523.160200118657,y_pred,0.456873631775116,0.44515007997878125,0.4687845339567692
Llama-1.3B,default,grid,NA,1.5466566473270014,9.5834999093339,14523.160200118657,rel_freq,0.5028368710235541,0.4906555423064477,0.5151276989791775
Llama-1.3B,default,grid,NA,1.656465392267922,9.852904537478565,19013.500101123595,y_pred,0.4540966172853901,0.4418616123740881,0.46660515906461864
Llama-1.3B,default,grid,NA,1.656465392267922,9.852904537478565,19013.500101123595,rel_freq,0.5155769280943278,0.5028457484680559,0.5283976632643979
Llama-1.3B,default,grid,NA,1.766274137208843,10.122309165623232,24892.184697685425,y_pred,0.4513196027956642,0.4384522731067262,0.464479967012001
Llama-1.3B,default,grid,NA,1.766274137208843,10.122309165623232,24892.184697685425,rel_freq,0.5283169851651015,0.5150748675153541,0.5416604189037135
Llama-1.3B,default,grid,NA,1.8760828821497637,10.391713793767897,32588.46902086518,y_pred,0.4485425883059383,0.4350983831855045,0.4622410518328183
Llama-1.3B,default,grid,NA,1.8760828821497637,10.391713793767897,32588.46902086518,rel_freq,0.5410570422358751,0.5271962919911038,0.554972239018592
Llama-1.3B,default,grid,NA,1.9858916270906843,10.661118421912562,42664.32721843975,y_pred,0.4457655738162124,0.43166344544038276,0.46010998256185764
Llama-1.3B,default,grid,NA,1.9858916270906843,10.661118421912562,42664.32721843975,rel_freq,0.5537970993066488,0.5392997778012482,0.5682485938864185
Llama-1.3B,default,grid,NA,2.095700372031605,10.930523050057229,55855.48728406563,y_pred,0.4429885593264865,0.4283318631591309,0.45793664597948974
Llama-1.3B,default,grid,NA,2.095700372031605,10.930523050057229,55855.48728406563,rel_freq,0.5665371563774224,0.5514713741419353,0.5815963563326064
Llama-1.3B,default,grid,NA,2.205509116972525,11.199927678201892,73125.15309961332,y_pred,0.4402115448367606,0.42490191278777395,0.45576056382193697
Llama-1.3B,default,grid,NA,2.205509116972525,11.199927678201892,73125.15309961332,rel_freq,0.579277213448196,0.5635987880901773,0.5949562496814518
Llama-3-8B,attn_zeroed,decile,1,-1.7035538111602464,1.6094379124341005,5.000000000000001,y_pred,0.705537948836308,0.6919958938868419,0.7191225249066552
Llama-3-8B,attn_zeroed,decile,1,-1.7035538111602464,1.6094379124341005,5.000000000000001,rel_freq,0.0804149801598584,0.06825280687875934,0.09252484512332146
Llama-3-8B,attn_zeroed,decile,2,-1.099654998218199,3.091042453358316,22.000000000000004,y_pred,0.6822879460794729,0.6719966321721523,0.6924211304524409
Llama-3-8B,attn_zeroed,decile,2,-1.099654998218199,3.091042453358316,22.000000000000004,rel_freq,0.10261403640000764,0.09320360446784996,0.11204726120261503
Llama-3-8B,attn_zeroed,decile,3,-0.6839739164040122,4.110873864173311,61.00000000000001,y_pred,0.6662842943235427,0.6578874577500097,0.6744509075411339
Llama-3-8B,attn_zeroed,decile,3,-0.6839739164040122,4.110873864173311,61.00000000000001,rel_freq,0.11789429116355649,0.1099749364726247,0.12572188180017893
Llama-3-8B,attn_zeroed,decile,4,-0.36626148122012114,4.890349128221754,133,y_pred,0.6540524189901247,0.646650194544085,0.6612392994892865
Llama-3-8B,attn_zeroed,decile,4,-0.36626148122012114,4.890349128221754,133,rel_freq,0.12957326132493482,0.12243220614469065,0.13674727482692242
Llama-3-8B,attn_zeroed,decile,5,-0.08991202955537367,5.568344503761097,261.99999999999994,y_pred,0.6434130115672922,0.6365478998700601,0.6500376054982753
Llama-3-8B,attn_zeroed,decile,5,-0.08991202955537367,5.568344503761097,261.99999999999994,rel_freq,0.13973174630282936,0.13296658533772163,0.1464768421405834
Llama-3-8B,attn_zeroed,decile,6,0.16276586922739253,6.18826412308259,486.99999999999994,y_pred,0.6336849549502073,0.6270713437172847,0.6402519185790321
Llama-3-8B,attn_zeroed,decile,6,0.16276586922739253,6.18826412308259,486.99999999999994,rel_freq,0.14902007534986733,0.14236171351658705,0.1557358084420229
Llama-3-8B,attn_zeroed,decile,7,0.426010740589503,6.834108738813838,928.9999999999997,y_pred,0.6235500716655813,0.6167076084663774,0.630467294847398
Llama-3-8B,attn_zeroed,decile,7,0.426010740589503,6.834108738813838,928.9999999999997,rel_freq,0.15869684168730858,0.15169452231917405,0.16572117531029765
Llama-3-8B,attn_zeroed,decile,8,0.7091936280649008,7.528869256642251,1861,y_pred,0.6126475781130342,0.6050685751798774,0.620400107871807
Llama-3-8B,attn_zeroed,decile,8,0.7091936280649008,7.528869256642251,1861,rel_freq,0.1691065207769038,0.1613795281883203,0.1767578858192105
Llama-3-8B,attn_zeroed,decile,9,1.042999177535325,8.347827345782498,4220.999999999998,y_pred,0.5997961205855311,0.590893816563526,0.6087913158153898
Llama-3-8B,attn_zeroed,decile,9,1.042999177535325,8.347827345782498,4220.999999999998,rel_freq,0.18137706678090626,0.17259943397895103,0.19014432942947973
Llama-3-8B,attn_zeroed,decile,10,1.5904883828701382,9.691036630760662,16172.000000000007,y_pred,0.5787178782366866,0.5669566641033986,0.5903879807626513
Llama-3-8B,attn_zeroed,decile,10,1.5904883828701382,9.691036630760662,16172.000000000007,rel_freq,0.2015025305169452,0.1903948919018116,0.21247501686843465
Llama-3-8B,attn_zeroed,grid,NA,-2.0770319357233826,0.6931471805599454,2,y_pred,0.7199167938342098,0.7043638927087257,0.7358829004105706
Llama-3-8B,attn_zeroed,grid,NA,-2.0770319357233826,0.6931471805599454,2,rel_freq,0.06668608764680399,0.052796370765174905,0.08057829618613924
Llama-3-8B,attn_zeroed,grid,NA,-1.967223190782462,0.9625518087046103,2.6183695337834605,y_pred,0.71568917561757,0.7007343386399298,0.7309586153350153
Llama-3-8B,attn_zeroed,grid,NA,-1.967223190782462,0.9625518087046103,2.6183695337834605,rel_freq,0.07072260908444031,0.05735791653420777,0.08411218451140137
Llama-3-8B,attn_zeroed,grid,NA,-1.8574144458415411,1.2319564368492761,3.4279295077227103,y_pred,0.71146155740093,0.697077889223585,0.7260449021391896
Llama-3-8B,attn_zeroed,grid,NA,-1.8574144458415411,1.2319564368492761,3.4279295077227103,rel_freq,0.07475913052207664,0.06187107391851793,0.08760097255701957
Llama-3-8B,attn_zeroed,grid,NA,-1.7476057009006205,1.501361064993941,4.487793093489239,y_pred,0.7072339391842901,0.6934556879206876,0.7210902740877457
Llama-3-8B,attn_zeroed,grid,NA,-1.7476057009006205,1.501361064993941,4.487793093489239,rel_freq,0.07879565195971296,0.06641821031616008,0.09106849744147913
Llama-3-8B,attn_zeroed,grid,NA,-1.6377969559596997,1.7707656931386069,5.875350354958031,y_pred,0.7030063209676501,0.689840690271529,0.7161930744820764
Llama-3-8B,attn_zeroed,grid,NA,-1.6377969559596997,1.7707656931386069,5.875350354958031,rel_freq,0.08283217339734929,0.07104071781290576,0.09464111521145993
Llama-3-8B,attn_zeroed,grid,NA,-1.527988211018779,2.040170321283272,7.691919184862973,y_pred,0.6987787027510103,0.6862168082793667,0.711248078795557
Llama-3-8B,attn_zeroed,grid,NA,-1.527988211018779,2.040170321283272,7.691919184862973,rel_freq,0.0868686948349856,0.07563840211459676,0.09813009225523447
Llama-3-8B,attn_zeroed,grid,NA,-1.4181794660778584,2.3095749494279367,10.070143424984858,y_pred,0.6945510845343703,0.6825968635624244,0.706444748817043
Llama-3-8B,attn_zeroed,grid,NA,-1.4181794660778584,2.3095749494279367,10.070143424984858,rel_freq,0.09090521627262192,0.08015450373632353,0.10160192351939622
Llama-3-8B,attn_zeroed,grid,NA,-1.3083707211369375,2.5789795775726025,13.183678372405101,y_pred,0.6903234663177303,0.6789911384889559,0.7016366295664718
Llama-3-8B,attn_zeroed,grid,NA,-1.3083707211369375,2.5789795775726025,13.183678372405101,rel_freq,0.09494173771025825,0.0846864792274364,0.10520173726586707
Llama-3-8B,attn_zeroed,grid,NA,-1.1985619761960167,2.848384205717268,17.259870896752723,y_pred,0.6860958481010905,0.6753032982656549,0.6967905110759242
Llama-3-8B,attn_zeroed,grid,NA,-1.1985619761960167,2.848384205717268,17.259870896752723,rel_freq,0.09897825914789458,0.08914132375815467,0.10876834118453824
Llama-3-8B,attn_zeroed,grid,NA,-1.088753231255096,3.1177888338619333,22.596360056546576,y_pred,0.6818682298844505,0.67162982291741,0.6919476064501517
Llama-3-8B,attn_zeroed,grid,NA,-1.088753231255096,3.1177888338619333,22.596360056546576,rel_freq,0.1030147805855309,0.0936559837911088,0.1123983653909994
Llama-3-8B,attn_zeroed,grid,NA,-0.9789444863141754,3.387193462006598,29.58281037323153,y_pred,0.6776406116678106,0.6679348515340803,0.6871638894229618
Llama-3-8B,attn_zeroed,grid,NA,-0.9789444863141754,3.387193462006598,29.58281037323153,rel_freq,0.10705130202316722,0.09807485673791433,0.11600098010658626
Llama-3-8B,attn_zeroed,grid,NA,-0.8691357413732546,3.656598090151264,38.729364702481405,y_pred,0.6734129934511707,0.6642389051796952,0.6823834868600829
Llama-3-8B,attn_zeroed,grid,NA,-0.8691357413732546,3.656598090151264,38.729364702481405,rel_freq,0.11108782346080355,0.10254976437023469,0.1196502159485512
Llama-3-8B,attn_zeroed,grid,NA,-0.7593269964323339,3.926002718295929,50.70389429988292,y_pred,0.6691853752345308,0.6604829404112403,0.6776329517976604
Llama-3-8B,attn_zeroed,grid,NA,-0.7593269964323339,3.926002718295929,50.70389429988292,rel_freq,0.11512434489843987,0.1069466828696277,0.12323767079728841
Llama-3-8B,attn_zeroed,grid,NA,-0.6495182514914131,4.195407346440595,66.3807660394952,y_pred,0.6649577570178908,0.656678933239077,0.6730162633466696
Llama-3-8B,attn_zeroed,grid,NA,-0.6495182514914131,4.195407346440595,66.3807660394952,rel_freq,0.1191608663360762,0.11134627257175535,0.12689871487121043
Llama-3-8B,attn_zeroed,grid,NA,-0.5397095065504924,4.46481197458526,86.904687713511,y_pred,0.660730138801251,0.6528061994696166,0.6683676568740715
Llama-3-8B,attn_zeroed,grid,NA,-0.5397095065504924,4.46481197458526,86.904687713511,rel_freq,0.12319738777371252,0.11562855579424935,0.13070661242647025
Llama-3-8B,attn_zeroed,grid,NA,-0.4299007616095716,4.7342166027299255,113.77429332601157,y_pred,0.656502520584611,0.6488949281997347,0.6638498046964048
Llama-3-8B,attn_zeroed,grid,NA,-0.4299007616095716,4.7342166027299255,113.77429332601157,rel_freq,0.12723390921134886,0.11994666472021756,0.13452223821298273
Llama-3-8B,attn_zeroed,grid,NA,-0.32009201666865095,5.00362123087459,148.95157168628577,y_pred,0.6522749023679711,0.6449666124078958,0.659329536002527
Llama-3-8B,attn_zeroed,grid,NA,-0.32009201666865095,5.00362123087459,148.95157168628577,rel_freq,0.13127043064898516,0.12423006152029967,0.13835317521768317
Llama-3-8B,attn_zeroed,grid,NA,-0.21028327172773031,5.273025859019255,195.00512865626686,y_pred,0.6480472841513312,0.6409253542065934,0.6548701554751806
Llama-3-8B,attn_zeroed,grid,NA,-0.21028327172773031,5.273025859019255,195.00512865626686,rel_freq,0.1353069520866215,0.1284665742456683,0.14219844260446732
Llama-3-8B,attn_zeroed,grid,NA,-0.10047452678680946,5.542430487163921,255.29774390254678,y_pred,0.6438196659346912,0.6369364772606315,0.6504642866061089
Llama-3-8B,attn_zeroed,grid,NA,-0.10047452678680946,5.542430487163921,255.29774390254678,rel_freq,0.13934347352425783,0.1325710651007206,0.1460857291221635
Llama-3-8B,attn_zeroed,grid,NA,0.009334218154111174,5.811835115308586,334.2319173390403,y_pred,0.6395920477180513,0.6328771526286378,0.6461726920172969
Llama-3-8B,attn_zeroed,grid,NA,0.009334218154111174,5.811835115308586,334.2319173390403,rel_freq,0.14337999496189413,0.13673666260999207,0.15007651782551973
Llama-3-8B,attn_zeroed,grid,NA,0.1191429630950318,6.081239743453251,437.57133478928745,y_pred,0.6353644295014114,0.6287773669441071,0.6419186702751153
Llama-3-8B,attn_zeroed,grid,NA,0.1191429630950318,6.081239743453251,437.57133478928745,rel_freq,0.14741651639953046,0.14075966180661717,0.1541168758038689
Llama-3-8B,attn_zeroed,grid,NA,0.22895170803595288,6.350644371597918,572.8617259346175,y_pred,0.6311368112847715,0.6244757380774585,0.6377332012116551
Llama-3-8B,attn_zeroed,grid,NA,0.22895170803595288,6.350644371597918,572.8617259346175,rel_freq,0.1514530378371668,0.14474959794694636,0.15817897347723833
Llama-3-8B,attn_zeroed,grid,NA,0.3387604529768735,6.620048999742583,749.9818451289063,y_pred,0.6269091930681315,0.6201777568563653,0.6336179065647696
Llama-3-8B,attn_zeroed,grid,NA,0.3387604529768735,6.620048999742583,749.9818451289063,rel_freq,0.15548955927480312,0.148645860147325,0.16237401171935623
Llama-3-8B,attn_zeroed,grid,NA,0.44856919791779415,6.889453627887248,981.8648070881168,y_pred,0.6226815748514917,0.6157839631905914,0.629689770947791
Llama-3-8B,attn_zeroed,grid,NA,0.44856919791779415,6.889453627887248,981.8648070881168,rel_freq,0.15952608071243943,0.15249318955823965,0.16660046183636482
Llama-3-8B,attn_zeroed,grid,NA,0.5583779428587148,7.1588582560319125,1285.4424485868497,y_pred,0.6184539566348517,0.6113313210723947,0.6256761524039516
Llama-3-8B,attn_zeroed,grid,NA,0.5583779428587148,7.1588582560319125,1285.4424485868497,rel_freq,0.16356260215007576,0.15623596082527028,0.17084133961462297
Llama-3-8B,attn_zeroed,grid,NA,0.6681866877996354,7.428262884176577,1682.8816724059095,y_pred,0.6142263384182118,0.6067813035779536,0.6218019472501911
Llama-3-8B,attn_zeroed,grid,NA,0.6681866877996354,7.428262884176577,1682.8816724059095,rel_freq,0.16759912358771206,0.16000320781265998,0.17514501410696715
Llama-3-8B,attn_zeroed,grid,NA,0.7779954327405565,7.697667512321244,2203.2030499950993,y_pred,0.6099987202015719,0.602220521973498,0.6179848002332874
Llama-3-8B,attn_zeroed,grid,NA,0.7779954327405565,7.697667512321244,2203.2030499950993,rel_freq,0.17163564502534842,0.16370066374049344,0.17948699578854693
Llama-3-8B,attn_zeroed,grid,NA,0.8878041776814771,7.967072140465909,2884.399871422983,y_pred,0.605771101984932,0.5975714228401342,0.6141695076523005
Llama-3-8B,attn_zeroed,grid,NA,0.8878041776814771,7.967072140465909,2884.399871422983,rel_freq,0.17567216646298472,0.16740209221459193,0.18392535425598922
Llama-3-8B,attn_zeroed,grid,NA,0.9976129226223978,8.236476768610574,3776.212373291434,y_pred,0.601543483768292,0.5928498251432073,0.6103142276351881
Llama-3-8B,attn_zeroed,grid,NA,0.9976129226223978,8.236476768610574,3776.212373291434,rel_freq,0.17970868790062106,0.17109161802762457,0.18833854834814612
Llama-3-8B,attn_zeroed,grid,NA,1.1074216675633184,8.505881396755239,4943.759715661212,y_pred,0.5973158655516522,0.588111310846805,0.6066229504516667
Llama-3-8B,attn_zeroed,grid,NA,1.1074216675633184,8.505881396755239,4943.759715661212,rel_freq,0.18374520933825736,0.1747400908677648,0.19273166646221995
Llama-3-8B,attn_zeroed,grid,NA,1.2172304125042395,8.775286024899906,6472.294910916661,y_pred,0.5930882473350122,0.5833724974393777,0.6028788105890113
Llama-3-8B,attn_zeroed,grid,NA,1.2172304125042395,8.775286024899906,6472.294910916661,rel_freq,0.18778173077589372,0.1783220809458768,0.19727099706681883
Llama-3-8B,attn_zeroed,grid,NA,1.32703915744516,9.04469065304457,8473.42990420296,y_pred,0.5888606291183722,0.5785865280962862,0.5992119716776223
Llama-3-8B,attn_zeroed,grid,NA,1.32703915744516,9.04469065304457,8473.42990420296,rel_freq,0.19181825221353002,0.18188069297170523,0.20174374854679025
Llama-3-8B,attn_zeroed,grid,NA,1.4368479023860807,9.314095281189235,11093.285353907366,y_pred,0.5846330109017324,0.5737488138232405,0.5955394123961315
Llama-3-8B,attn_zeroed,grid,NA,1.4368479023860807,9.314095281189235,11093.285353907366,rel_freq,0.19585477365116635,0.18541501994919576,0.20619775815044591
Llama-3-8B,attn_zeroed,grid,NA,1.5466566473270014,9.5834999093339,14523.160200118657,y_pred,0.5804053926850924,0.5689254877474839,0.5918425812320486
Llama-3-8B,attn_zeroed,grid,NA,1.5466566473270014,9.5834999093339,14523.160200118657,rel_freq,0.19989129508880266,0.18900445562633247,0.21063649681372337
Llama-3-8B,attn_zeroed,grid,NA,1.656465392267922,9.852904537478565,19013.500101123595,y_pred,0.5761777744684525,0.5640174733794104,0.5882028908966993
Llama-3-8B,attn_zeroed,grid,NA,1.656465392267922,9.852904537478565,19013.500101123595,rel_freq,0.203927816526439,0.19252429026162007,0.21524040161921384
Llama-3-8B,attn_zeroed,grid,NA,1.766274137208843,10.122309165623232,24892.184697685425,y_pred,0.5719501562518126,0.5591076355692051,0.5845512819251524
Llama-3-8B,attn_zeroed,grid,NA,1.766274137208843,10.122309165623232,24892.184697685425,rel_freq,0.20796433796407532,0.1960666497203243,0.21983005983213308
Llama-3-8B,attn_zeroed,grid,NA,1.8760828821497637,10.391713793767897,32588.46902086518,y_pred,0.5677225380351727,0.5542275216576331,0.5809340513710686
Llama-3-8B,attn_zeroed,grid,NA,1.8760828821497637,10.391713793767897,32588.46902086518,rel_freq,0.21200085940171165,0.19952881198095898,0.22436752562945722
Llama-3-8B,attn_zeroed,grid,NA,1.9858916270906843,10.661118421912562,42664.32721843975,y_pred,0.5634949198185327,0.5493995801212155,0.5774125185533672
Llama-3-8B,attn_zeroed,grid,NA,1.9858916270906843,10.661118421912562,42664.32721843975,rel_freq,0.21603738083934795,0.20307082788191946,0.22888905401060727
Llama-3-8B,attn_zeroed,grid,NA,2.095700372031605,10.930523050057229,55855.48728406563,y_pred,0.5592673016018929,0.5445099534449029,0.5737541347799481
Llama-3-8B,attn_zeroed,grid,NA,2.095700372031605,10.930523050057229,55855.48728406563,rel_freq,0.22007390227698428,0.20655922782444386,0.23351470713457217
Llama-3-8B,attn_zeroed,grid,NA,2.205509116972525,11.199927678201892,73125.15309961332,y_pred,0.5550396833852529,0.5396000651178994,0.5701935090059348
Llama-3-8B,attn_zeroed,grid,NA,2.205509116972525,11.199927678201892,73125.15309961332,rel_freq,0.2241104237146206,0.21004499011472078,0.2380254776361167
Llama-3-8B,default,decile,1,-1.7035538111602464,1.6094379124341005,5.000000000000001,y_pred,0.6704801122071548,0.6570334426609007,0.683871933091513
Llama-3-8B,default,decile,1,-1.7035538111602464,1.6094379124341005,5.000000000000001,rel_freq,0.10987215021169967,0.09894802660611372,0.1210813700363333
Llama-3-8B,default,decile,2,-1.099654998218199,3.091042453358316,22.000000000000004,y_pred,0.6481202045468453,0.6378858494846747,0.6585041107756644
Llama-3-8B,default,decile,2,-1.099654998218199,3.091042453358316,22.000000000000004,rel_freq,0.1626731153298424,0.15404922617809913,0.1713978509830597
Llama-3-8B,default,decile,3,-0.6839739164040122,4.110873864173311,61.00000000000001,y_pred,0.6327292310819004,0.624318050738199,0.6412989767741335
Llama-3-8B,default,decile,3,-0.6839739164040122,4.110873864173311,61.00000000000001,rel_freq,0.19901755223014966,0.19167037792394523,0.20650677886142285
Llama-3-8B,default,decile,4,-0.36626148122012114,4.890349128221754,133,y_pred,0.6209656366501862,0.6135633372918884,0.6284088238759216
Llama-3-8B,default,decile,4,-0.36626148122012114,4.890349128221754,133,rel_freq,0.2267962509926436,0.2200420804113515,0.23366711898589965
Llama-3-8B,default,decile,5,-0.08991202955537367,5.568344503761097,261.99999999999994,y_pred,0.6107335446361324,0.6040486550691577,0.6175524871118667
Llama-3-8B,default,decile,5,-0.08991202955537367,5.568344503761097,261.99999999999994,rel_freq,0.2509584408248804,0.24441762282550064,0.25758104044030966
Llama-3-8B,default,decile,6,0.16276586922739253,6.18826412308259,486.99999999999994,y_pred,0.6013779135875152,0.59483879405988,0.6078899526864087
Llama-3-8B,default,decile,6,0.16276586922739253,6.18826412308259,486.99999999999994,rel_freq,0.2730509447904988,0.26628203172273957,0.2797844040636846
Llama-3-8B,default,decile,7,0.426010740589503,6.834108738813838,928.9999999999997,y_pred,0.5916310306833561,0.5848540131050889,0.5983269037782414
Llama-3-8B,default,decile,7,0.426010740589503,6.834108738813838,928.9999999999997,rel_freq,0.2960673557726721,0.2887467685208766,0.3033396382747351
Llama-3-8B,default,decile,8,0.7091936280649008,7.528869256642251,1861,y_pred,0.5811459244383511,0.5736844669511191,0.5884905767510837
Llama-3-8B,default,decile,8,0.7091936280649008,7.528869256642251,1861,rel_freq,0.32082701656882323,0.312849881724017,0.32885398457938914
Llama-3-8B,default,decile,9,1.042999177535325,8.347827345782498,4220.999999999998,y_pred,0.5687864676838406,0.5601816000881841,0.5773319671813891
Llama-3-8B,default,decile,9,1.042999177535325,8.347827345782498,4220.999999999998,rel_freq,0.3500127920598602,0.34082579783669914,0.3591813339043701
Llama-3-8B,default,decile,10,1.5904883828701382,9.691036630760662,16172.000000000007,y_pred,0.5485151775041769,0.5373040652279091,0.5597073290776865
Llama-3-8B,default,decile,10,1.5904883828701382,9.691036630760662,16172.000000000007,rel_freq,0.3978816697822896,0.38634306613627273,0.409612270083087
Llama-3-8B,default,grid,NA,-2.0770319357233826,0.6931471805599454,2,y_pred,0.6843084824562923,0.6686618665947411,0.6998385006524076
Llama-3-8B,default,grid,NA,-2.0770319357233826,0.6931471805599454,2,rel_freq,0.07721766405469521,0.06449250729939447,0.09017206236242145
Llama-3-8B,default,grid,NA,-1.967223190782462,0.9625518087046103,2.6183695337834605,y_pred,0.6802427129191545,0.6652034240185981,0.6951637952987619
Llama-3-8B,default,grid,NA,-1.967223190782462,0.9625518087046103,2.6183695337834605,rel_freq,0.08681862300185078,0.07461321941366977,0.09925848324831267
Llama-3-8B,default,grid,NA,-1.8574144458415411,1.2319564368492761,3.4279295077227103,y_pred,0.6761769433820167,0.6618069352733825,0.6905231772154412
Llama-3-8B,default,grid,NA,-1.8574144458415411,1.2319564368492761,3.4279295077227103,rel_freq,0.09641958194900638,0.08474956771554068,0.10833803704584809
Llama-3-8B,default,grid,NA,-1.7476057009006205,1.501361064993941,4.487793093489239,y_pred,0.6721111738448788,0.6584067583937295,0.6857923677023005
Llama-3-8B,default,grid,NA,-1.7476057009006205,1.501361064993941,4.487793093489239,rel_freq,0.10602054089616196,0.09488273761528825,0.11743309008479556
Llama-3-8B,default,grid,NA,-1.6377969559596997,1.7707656931386069,5.875350354958031,y_pred,0.6680454043077411,0.6549625055802925,0.6811535803774541
Llama-3-8B,default,grid,NA,-1.6377969559596997,1.7707656931386069,5.875350354958031,rel_freq,0.11562149984331756,0.10497782506764802,0.12652851812329433
Llama-3-8B,default,grid,NA,-1.527988211018779,2.040170321283272,7.691919184862973,y_pred,0.6639796347706033,0.6515641741016143,0.6764981761942936
Llama-3-8B,default,grid,NA,-1.527988211018779,2.040170321283272,7.691919184862973,rel_freq,0.1252224587904731,0.11505468345426213,0.1356983165318002
Llama-3-8B,default,grid,NA,-1.4181794660778584,2.3095749494279367,10.070143424984858,y_pred,0.6599138652334654,0.6481510459609323,0.6719369243642884
Llama-3-8B,default,grid,NA,-1.4181794660778584,2.3095749494279367,10.070143424984858,rel_freq,0.1348234177376287,0.12505288988249008,0.14483816137632524
Llama-3-8B,default,grid,NA,-1.3083707211369375,2.5789795775726025,13.183678372405101,y_pred,0.6558480956963276,0.644672175887718,0.6672953938502614
Llama-3-8B,default,grid,NA,-1.3083707211369375,2.5789795775726025,13.183678372405101,rel_freq,0.1444243766847843,0.13512956052886566,0.1539999533499349
Llama-3-8B,default,grid,NA,-1.1985619761960167,2.848384205717268,17.259870896752723,y_pred,0.6517823261591897,0.6411213388223894,0.6626652605147041
Llama-3-8B,default,grid,NA,-1.1985619761960167,2.848384205717268,17.259870896752723,rel_freq,0.15402533563193987,0.1450647378504687,0.16307015747572334
Llama-3-8B,default,grid,NA,-1.088753231255096,3.1177888338619333,22.596360056546576,y_pred,0.647716556622052,0.6375223949727753,0.6580614212726064
Llama-3-8B,default,grid,NA,-1.088753231255096,3.1177888338619333,22.596360056546576,rel_freq,0.16362629457909547,0.15503751756575848,0.17232008699593035
Llama-3-8B,default,grid,NA,-0.9789444863141754,3.387193462006598,29.58281037323153,y_pred,0.6436507870849142,0.6339790731573877,0.6535274180480974
Llama-3-8B,default,grid,NA,-0.9789444863141754,3.387193462006598,29.58281037323153,rel_freq,0.17322725352625104,0.1650333767358935,0.18151873449127534
Llama-3-8B,default,grid,NA,-0.8691357413732546,3.656598090151264,38.729364702481405,y_pred,0.6395850175477763,0.6304332430914946,0.6489798198056496
Llama-3-8B,default,grid,NA,-0.8691357413732546,3.656598090151264,38.729364702481405,rel_freq,0.18282821247340664,0.17502368299653465,0.19075418146091336
Llama-3-8B,default,grid,NA,-0.7593269964323339,3.926002718295929,50.70389429988292,y_pred,0.6355192480106385,0.6268944190425824,0.6443926827866393
Llama-3-8B,default,grid,NA,-0.7593269964323339,3.926002718295929,50.70389429988292,rel_freq,0.1924291714205622,0.18488215869307498,0.2000667321256474
Llama-3-8B,default,grid,NA,-0.6495182514914131,4.195407346440595,66.3807660394952,y_pred,0.6314534784735008,0.6231599367926873,0.6398608674830264
Llama-3-8B,default,grid,NA,-0.6495182514914131,4.195407346440595,66.3807660394952,rel_freq,0.2020301303677178,0.19480461292512713,0.20941803230336134
Llama-3-8B,default,grid,NA,-0.5397095065504924,4.46481197458526,86.904687713511,y_pred,0.6273877089363629,0.6195130089221583,0.6354468572553609
Llama-3-8B,default,grid,NA,-0.5397095065504924,4.46481197458526,86.904687713511,rel_freq,0.21163108931487337,0.2045994981180197,0.21876462228048288
Llama-3-8B,default,grid,NA,-0.4299007616095716,4.7342166027299255,113.77429332601157,y_pred,0.6233219393992251,0.6157518745520827,0.630975984139484
Llama-3-8B,default,grid,NA,-0.4299007616095716,4.7342166027299255,113.77429332601157,rel_freq,0.22123204826202897,0.21439564145467424,0.22819989830177503
Llama-3-8B,default,grid,NA,-0.32009201666865095,5.00362123087459,148.95157168628577,y_pred,0.6192561698620873,0.61200629378734,0.6265958835894514
Llama-3-8B,default,grid,NA,-0.32009201666865095,5.00362123087459,148.95157168628577,rel_freq,0.23083300720918454,0.22415451788616864,0.23759616716189044
Llama-3-8B,default,grid,NA,-0.21028327172773031,5.273025859019255,195.00512865626686,y_pred,0.6151904003249494,0.608263908690344,0.6222688971574432
Llama-3-8B,default,grid,NA,-0.21028327172773031,5.273025859019255,195.00512865626686,rel_freq,0.2404339661563401,0.2338415175185113,0.24702370884148028
Llama-3-8B,default,grid,NA,-0.10047452678680946,5.542430487163921,255.29774390254678,y_pred,0.6111246307878117,0.6044117432529422,0.6179646041720863
Llama-3-8B,default,grid,NA,-0.10047452678680946,5.542430487163921,255.29774390254678,rel_freq,0.25003492510349573,0.2434876747187204,0.2566415334200379
Llama-3-8B,default,grid,NA,0.009334218154111174,5.811835115308586,334.2319173390403,y_pred,0.6070588612506739,0.6004803671601384,0.6136576790679212
Llama-3-8B,default,grid,NA,0.009334218154111174,5.811835115308586,334.2319173390403,rel_freq,0.2596358840506513,0.2530023913326164,0.2662625115125057
Llama-3-8B,default,grid,NA,0.1191429630950318,6.081239743453251,437.57133478928745,y_pred,0.602993091713536,0.596441628666112,0.6095339736602382
Llama-3-8B,default,grid,NA,0.1191429630950318,6.081239743453251,437.57133478928745,rel_freq,0.26923684299780687,0.26249044761855567,0.2759329229272277
Llama-3-8B,default,grid,NA,0.22895170803595288,6.350644371597918,572.8617259346175,y_pred,0.5989273221763982,0.5923953775254366,0.6054346087487138
Llama-3-8B,default,grid,NA,0.22895170803595288,6.350644371597918,572.8617259346175,rel_freq,0.2788378019449625,0.2719992494910536,0.2856995149438479
Llama-3-8B,default,grid,NA,0.3387604529768735,6.620048999742583,749.9818451289063,y_pred,0.5948615526392603,0.5882167998899042,0.6014161970465133
Llama-3-8B,default,grid,NA,0.3387604529768735,6.620048999742583,749.9818451289063,rel_freq,0.28843876089211806,0.28136377002397045,0.295494499909501
Llama-3-8B,default,grid,NA,0.44856919791779415,6.889453627887248,981.8648070881168,y_pred,0.5907957831021226,0.5839939922059252,0.5975246947964186
Llama-3-8B,default,grid,NA,0.44856919791779415,6.889453627887248,981.8648070881168,rel_freq,0.29803971983927363,0.2906963393904982,0.3053739134725707
Llama-3-8B,default,grid,NA,0.5583779428587148,7.1588582560319125,1285.4424485868497,y_pred,0.5867300135649848,0.5796661379721869,0.5935832469718814
Llama-3-8B,default,grid,NA,0.5583779428587148,7.1588582560319125,1285.4424485868497,rel_freq,0.3076406787864292,0.3000939150507443,0.3152893578665373
Llama-3-8B,default,grid,NA,0.6681866877996354,7.428262884176577,1682.8816724059095,y_pred,0.5826642440278469,0.575312846488697,0.5898777443536563
Llama-3-8B,default,grid,NA,0.6681866877996354,7.428262884176577,1682.8816724059095,rel_freq,0.31724163773358477,0.30938327433754276,0.3251868762337955
Llama-3-8B,default,grid,NA,0.7779954327405565,7.697667512321244,2203.2030499950993,y_pred,0.5785984744907091,0.5709653442625343,0.58612877419022
Llama-3-8B,default,grid,NA,0.7779954327405565,7.697667512321244,2203.2030499950993,rel_freq,0.3268425966807404,0.3186622285836327,0.3350237786158062
Llama-3-8B,default,grid,NA,0.8878041776814771,7.967072140465909,2884.399871422983,y_pred,0.5745327049535713,0.5665372109971446,0.5824954188192204
Llama-3-8B,default,grid,NA,0.8878041776814771,7.967072140465909,2884.399871422983,rel_freq,0.33644355562789596,0.32785202008288344,0.3450228933921799
Llama-3-8B,default,grid,NA,0.9976129226223978,8.236476768610574,3776.212373291434,y_pred,0.5704669354164335,0.5620578813923577,0.5788300236278804
Llama-3-8B,default,grid,NA,0.9976129226223978,8.236476768610574,3776.212373291434,rel_freq,0.34604451457505153,0.3370005404595334,0.3550404813386259
Llama-3-8B,default,grid,NA,1.1074216675633184,8.505881396755239,4943.759715661212,y_pred,0.5664011658792957,0.5575297490499724,0.5752483178209016
Llama-3-8B,default,grid,NA,1.1074216675633184,8.505881396755239,4943.759715661212,rel_freq,0.3556454735222071,0.34623514601125144,0.3650869319888951
Llama-3-8B,default,grid,NA,1.2172304125042395,8.775286024899906,6472.294910916661,y_pred,0.5623353963421579,0.5529263112281118,0.5717389223889773
Llama-3-8B,default,grid,NA,1.2172304125042395,8.775286024899906,6472.294910916661,rel_freq,0.3652464324693627,0.35536036815501487,0.37519178675021486
Llama-3-8B,default,grid,NA,1.32703915744516,9.04469065304457,8473.42990420296,y_pred,0.55826962680502,0.5483749947574782,0.568216478167157
Llama-3-8B,default,grid,NA,1.32703915744516,9.04469065304457,8473.42990420296,rel_freq,0.3748473914165183,0.3645665100789152,0.38525680857696065
Llama-3-8B,default,grid,NA,1.4368479023860807,9.314095281189235,11093.285353907366,y_pred,0.5542038572678822,0.5438270720006655,0.5646235846044182
Llama-3-8B,default,grid,NA,1.4368479023860807,9.314095281189235,11093.285353907366,rel_freq,0.38444835036367386,0.3736500878440701,0.3953998243657812
Llama-3-8B,default,grid,NA,1.5466566473270014,9.5834999093339,14523.160200118657,y_pred,0.5501380877307445,0.5391575061787777,0.5611299721039582
Llama-3-8B,default,grid,NA,1.5466566473270014,9.5834999093339,14523.160200118657,rel_freq,0.39404930931082943,0.38276846268316983,0.40555979196920655
Llama-3-8B,default,grid,NA,1.656465392267922,9.852904537478565,19013.500101123595,y_pred,0.5460723181936066,0.5345135501983866,0.5575511183277656
Llama-3-8B,default,grid,NA,1.656465392267922,9.852904537478565,19013.500101123595,rel_freq,0.403650268257985,0.39192883747351,0.41565732319131254
Llama-3-8B,default,grid,NA,1.766274137208843,10.122309165623232,24892.184697685425,y_pred,0.5420065486564688,0.5299262721455797,0.5541014349314947
Llama-3-8B,default,grid,NA,1.766274137208843,10.122309165623232,24892.184697685425,rel_freq,0.4132512272051406,0.40097576789279843,0.4258060634934915
Llama-3-8B,default,grid,NA,1.8760828821497637,10.391713793767897,32588.46902086518,y_pred,0.5379407791193309,0.5252120798092786,0.550674263061163
Llama-3-8B,default,grid,NA,1.8760828821497637,10.391713793767897,32588.46902086518,rel_freq,0.4228521861522962,0.4100021101973932,0.43597382658084477
Llama-3-8B,default,grid,NA,1.9858916270906843,10.661118421912562,42664.32721843975,y_pred,0.5338750095821931,0.5205249321796455,0.547163562968225
Llama-3-8B,default,grid,NA,1.9858916270906843,10.661118421912562,42664.32721843975,rel_freq,0.43245314509945176,0.4191772314718524,0.4460427431033511
Llama-3-8B,default,grid,NA,2.095700372031605,10.930523050057229,55855.48728406563,y_pred,0.5298092400450554,0.5158844913559588,0.5436713782967137
Llama-3-8B,default,grid,NA,2.095700372031605,10.930523050057229,55855.48728406563,rel_freq,0.4420541040466074,0.42826264024423455,0.4561496964156144
Llama-3-8B,default,grid,NA,2.205509116972525,11.199927678201892,73125.15309961332,y_pred,0.5257434705079176,0.511199652493013,0.5402168525977797
Llama-3-8B,default,grid,NA,2.205509116972525,11.199927678201892,73125.15309961332,rel_freq,0.4516550629937629,0.4372910597270477,0.46624364203019203
OLMo-1B,attn_zeroed,decile,1,-1.7035538111602464,1.6094379124341005,5.000000000000001,y_pred,0.6411883706035627,0.6269332565277418,0.6553787516851648
OLMo-1B,attn_zeroed,decile,1,-1.7035538111602464,1.6094379124341005,5.000000000000001,rel_freq,0.09950153830306509,0.0868468079077141,0.11229219367433936
OLMo-1B,attn_zeroed,decile,2,-1.099654998218199,3.091042453358316,22.000000000000004,y_pred,0.6237813386092026,0.6129459745618127,0.6346227388907265
OLMo-1B,attn_zeroed,decile,2,-1.099654998218199,3.091042453358316,22.000000000000004,rel_freq,0.12028119760774918,0.11038075463637015,0.13023819712494603
OLMo-1B,attn_zeroed,decile,3,-0.6839739164040122,4.110873864173311,61.00000000000001,y_pred,0.6117995732281135,0.6031092372593312,0.6206205884294116
OLMo-1B,attn_zeroed,decile,3,-0.6839739164040122,4.110873864173311,61.00000000000001,rel_freq,0.13458444026096866,0.12625632800306838,0.14304274982841172
OLMo-1B,attn_zeroed,decile,4,-0.36626148122012114,4.890349128221754,133,y_pred,0.6026416970976586,0.5950276828079731,0.610339382901174
OLMo-1B,attn_zeroed,decile,4,-0.36626148122012114,4.890349128221754,133,rel_freq,0.14551666271032185,0.13787739658891796,0.15317995311798438
OLMo-1B,attn_zeroed,decile,5,-0.08991202955537367,5.568344503761097,261.99999999999994,y_pred,0.5946760849062437,0.5876609786478466,0.6018332663501735
OLMo-1B,attn_zeroed,decile,5,-0.08991202955537367,5.568344503761097,261.99999999999994,rel_freq,0.1550256190645394,0.14778704104345938,0.1624704562926071
OLMo-1B,attn_zeroed,decile,6,0.16276586922739253,6.18826412308259,486.99999999999994,y_pred,0.58739279145688,0.580541077390236,0.5943654343469995
OLMo-1B,attn_zeroed,decile,6,0.16276586922739253,6.18826412308259,486.99999999999994,rel_freq,0.16372005683789728,0.1565555183717057,0.1712185996001937
OLMo-1B,attn_zeroed,decile,7,0.426010740589503,6.834108738813838,928.9999999999997,y_pred,0.5798049111697379,0.5726098883938695,0.587087270552419
OLMo-1B,attn_zeroed,decile,7,0.426010740589503,6.834108738813838,928.9999999999997,rel_freq,0.17277809540889708,0.1652618769910305,0.18061611202823077
OLMo-1B,attn_zeroed,decile,8,0.7091936280649008,7.528869256642251,1861,y_pred,0.5716423291660991,0.5635995090643028,0.5797002486761313
OLMo-1B,attn_zeroed,decile,8,0.7091936280649008,7.528869256642251,1861,rel_freq,0.18252218464462167,0.17418807879689985,0.19099470118740622
OLMo-1B,attn_zeroed,decile,9,1.042999177535325,8.347827345782498,4220.999999999998,y_pred,0.5620205783777196,0.5525905649947119,0.5713736358178607
OLMo-1B,attn_zeroed,decile,9,1.042999177535325,8.347827345782498,4220.999999999998,rel_freq,0.19400815786290967,0.18449281028103384,0.20358690746219166
OLMo-1B,attn_zeroed,decile,10,1.5904883828701382,9.691036630760662,16172.000000000007,y_pred,0.5462395205090987,0.5339208809907333,0.5584584112794069
OLMo-1B,attn_zeroed,decile,10,1.5904883828701382,9.691036630760662,16172.000000000007,rel_freq,0.21284680916680188,0.20096843548971288,0.22481232620936983
OLMo-1B,attn_zeroed,grid,NA,-2.0770319357233826,0.6931471805599454,2,y_pred,0.6519536602914032,0.6354486414521349,0.6685486738031184
OLMo-1B,attn_zeroed,grid,NA,-2.0770319357233826,0.6931471805599454,2,rel_freq,0.08665046454723856,0.07211626742270953,0.10128236361011919
OLMo-1B,attn_zeroed,grid,NA,-1.967223190782462,0.9625518087046103,2.6183695337834605,y_pred,0.6487884870943653,0.632928003536218,0.6646921187063802
OLMo-1B,attn_zeroed,grid,NA,-1.967223190782462,0.9625518087046103,2.6183695337834605,rel_freq,0.09042889275349876,0.07646178831601184,0.10450221023021432
OLMo-1B,attn_zeroed,grid,NA,-1.8574144458415411,1.2319564368492761,3.4279295077227103,y_pred,0.6456233138973275,0.6304547006245845,0.6608524545219296
OLMo-1B,attn_zeroed,grid,NA,-1.8574144458415411,1.2319564368492761,3.4279295077227103,rel_freq,0.09420732095975896,0.08078626020010171,0.10773364885984625
OLMo-1B,attn_zeroed,grid,NA,-1.7476057009006205,1.501361064993941,4.487793093489239,y_pred,0.6424581407002896,0.6279401396169135,0.6569479444699067
OLMo-1B,attn_zeroed,grid,NA,-1.7476057009006205,1.501361064993941,4.487793093489239,rel_freq,0.09798574916601915,0.08511203913501261,0.11100513807738084
OLMo-1B,attn_zeroed,grid,NA,-1.6377969559596997,1.7707656931386069,5.875350354958031,y_pred,0.6392929675032518,0.6253422305074368,0.6530638902080356
OLMo-1B,attn_zeroed,grid,NA,-1.6377969559596997,1.7707656931386069,5.875350354958031,rel_freq,0.10176417737227937,0.08940051105694909,0.11423920269325234
OLMo-1B,attn_zeroed,grid,NA,-1.527988211018779,2.040170321283272,7.691919184862973,y_pred,0.636127794306214,0.6228628074498417,0.6492731509921448
OLMo-1B,attn_zeroed,grid,NA,-1.527988211018779,2.040170321283272,7.691919184862973,rel_freq,0.10554260557853956,0.09367594018552376,0.11747431763577675
OLMo-1B,attn_zeroed,grid,NA,-1.4181794660778584,2.3095749494279367,10.070143424984858,y_pred,0.6329626211091761,0.6203805023172894,0.6455052118727618
OLMo-1B,attn_zeroed,grid,NA,-1.4181794660778584,2.3095749494279367,10.070143424984858,rel_freq,0.10932103378479976,0.09802979331034135,0.12067038338152783
OLMo-1B,attn_zeroed,grid,NA,-1.3083707211369375,2.5789795775726025,13.183678372405101,y_pred,0.6297974479121383,0.6178175781676031,0.6417339402900308
OLMo-1B,attn_zeroed,grid,NA,-1.3083707211369375,2.5789795775726025,13.183678372405101,rel_freq,0.11309946199105997,0.10230215336217412,0.12396381608178232
OLMo-1B,attn_zeroed,grid,NA,-1.1985619761960167,2.848384205717268,17.259870896752723,y_pred,0.6266322747151004,0.6152390773667609,0.6379428954872521
OLMo-1B,attn_zeroed,grid,NA,-1.1985619761960167,2.848384205717268,17.259870896752723,rel_freq,0.11687789019732017,0.10652729588560794,0.12725903409337158
OLMo-1B,attn_zeroed,grid,NA,-1.088753231255096,3.1177888338619333,22.596360056546576,y_pred,0.6234671015180626,0.6126991963589268,0.63425992279008
OLMo-1B,attn_zeroed,grid,NA,-1.088753231255096,3.1177888338619333,22.596360056546576,rel_freq,0.12065631840358038,0.11080131895289756,0.13056480182362376
OLMo-1B,attn_zeroed,grid,NA,-0.9789444863141754,3.387193462006598,29.58281037323153,y_pred,0.6203019283210247,0.6101801026788397,0.630502478501627
OLMo-1B,attn_zeroed,grid,NA,-0.9789444863141754,3.387193462006598,29.58281037323153,rel_freq,0.12443474660984058,0.11503248617920782,0.13395844981027147
OLMo-1B,attn_zeroed,grid,NA,-0.8691357413732546,3.656598090151264,38.729364702481405,y_pred,0.6171367551239869,0.6075640616376418,0.6268421181540187
OLMo-1B,attn_zeroed,grid,NA,-0.8691357413732546,3.656598090151264,38.729364702481405,rel_freq,0.12821317481610078,0.11923449266161591,0.1372375444335886
OLMo-1B,attn_zeroed,grid,NA,-0.7593269964323339,3.926002718295929,50.70389429988292,y_pred,0.613971581926949,0.6049926388153721,0.6231444535993914
OLMo-1B,attn_zeroed,grid,NA,-0.7593269964323339,3.926002718295929,50.70389429988292,rel_freq,0.131991603022361,0.12341435847057597,0.14068423939695857
OLMo-1B,attn_zeroed,grid,NA,-0.6495182514914131,4.195407346440595,66.3807660394952,y_pred,0.6108064087299112,0.6022761832925444,0.6194494378514716
OLMo-1B,attn_zeroed,grid,NA,-0.6495182514914131,4.195407346440595,66.3807660394952,rel_freq,0.1357700312286212,0.12753615510910982,0.14409195839137795
OLMo-1B,attn_zeroed,grid,NA,-0.5397095065504924,4.46481197458526,86.904687713511,y_pred,0.6076412355328733,0.5994654730140424,0.6158821177253443
OLMo-1B,attn_zeroed,grid,NA,-0.5397095065504924,4.46481197458526,86.904687713511,rel_freq,0.1395484594348814,0.13154303326656175,0.14766948367467025
OLMo-1B,attn_zeroed,grid,NA,-0.4299007616095716,4.7342166027299255,113.77429332601157,y_pred,0.6044760623358355,0.596632978851938,0.6123306538020422
OLMo-1B,attn_zeroed,grid,NA,-0.4299007616095716,4.7342166027299255,113.77429332601157,rel_freq,0.1433268876411416,0.13556893837555417,0.15109574220494984
OLMo-1B,attn_zeroed,grid,NA,-0.32009201666865095,5.00362123087459,148.95157168628577,y_pred,0.6013108891387976,0.5938034194969354,0.6088739304219251
OLMo-1B,attn_zeroed,grid,NA,-0.32009201666865095,5.00362123087459,148.95157168628577,rel_freq,0.1471053158474018,0.13955501917928465,0.15473261496299268
OLMo-1B,attn_zeroed,grid,NA,-0.21028327172773031,5.273025859019255,195.00512865626686,y_pred,0.5981457159417598,0.5909494151477207,0.6054451127108899
OLMo-1B,attn_zeroed,grid,NA,-0.21028327172773031,5.273025859019255,195.00512865626686,rel_freq,0.15088374405366198,0.14354130289544637,0.1584213570136998
OLMo-1B,attn_zeroed,grid,NA,-0.10047452678680946,5.542430487163921,255.29774390254678,y_pred,0.594980542744722,0.5879406031018386,0.6021760574575962
OLMo-1B,attn_zeroed,grid,NA,-0.10047452678680946,5.542430487163921,255.29774390254678,rel_freq,0.1546621722599222,0.1473954165308649,0.16212780680515765
OLMo-1B,attn_zeroed,grid,NA,0.009334218154111174,5.811835115308586,334.2319173390403,y_pred,0.5918153695476841,0.5849108313849211,0.5988289398575757
OLMo-1B,attn_zeroed,grid,NA,0.009334218154111174,5.811835115308586,334.2319173390403,rel_freq,0.15844060046618239,0.15126835151120469,0.16589334540788842
OLMo-1B,attn_zeroed,grid,NA,0.1191429630950318,6.081239743453251,437.57133478928745,y_pred,0.5886501963506463,0.581799447966168,0.5956150874173877
OLMo-1B,attn_zeroed,grid,NA,0.1191429630950318,6.081239743453251,437.57133478928745,rel_freq,0.1622190286724426,0.1551077097585618,0.1697088076253998
OLMo-1B,attn_zeroed,grid,NA,0.22895170803595288,6.350644371597918,572.8617259346175,y_pred,0.5854850231536084,0.578602514018808,0.5924640456586138
OLMo-1B,attn_zeroed,grid,NA,0.22895170803595288,6.350644371597918,572.8617259346175,rel_freq,0.16599745687870282,0.1587651418444722,0.173541525002803
OLMo-1B,attn_zeroed,grid,NA,0.3387604529768735,6.620048999742583,749.9818451289063,y_pred,0.5823198499565706,0.5752602515995333,0.5893931374276551
OLMo-1B,attn_zeroed,grid,NA,0.3387604529768735,6.620048999742583,749.9818451289063,rel_freq,0.169775885084963,0.16246682715063143,0.17748092126901238
OLMo-1B,attn_zeroed,grid,NA,0.44856919791779415,6.889453627887248,981.8648070881168,y_pred,0.5791546767595327,0.5719308678947993,0.5864660198035395
OLMo-1B,attn_zeroed,grid,NA,0.44856919791779415,6.889453627887248,981.8648070881168,rel_freq,0.1735543132912232,0.16596536384604188,0.181492554278878
OLMo-1B,attn_zeroed,grid,NA,0.5583779428587148,7.1588582560319125,1285.4424485868497,y_pred,0.5759895035624949,0.5684651121313322,0.5835972984581318
OLMo-1B,attn_zeroed,grid,NA,0.5583779428587148,7.1588582560319125,1285.4424485868497,rel_freq,0.1773327414974834,0.16947128859367663,0.185442890054332
OLMo-1B,attn_zeroed,grid,NA,0.6681866877996354,7.428262884176577,1682.8816724059095,y_pred,0.572824330365457,0.5649134844580843,0.5807514402005446
OLMo-1B,attn_zeroed,grid,NA,0.6681866877996354,7.428262884176577,1682.8816724059095,rel_freq,0.1811111697037436,0.17290736491300374,0.18951970912649355
OLMo-1B,attn_zeroed,grid,NA,0.7779954327405565,7.697667512321244,2203.2030499950993,y_pred,0.5696591571684192,0.5614056772123948,0.5779823156168352
OLMo-1B,attn_zeroed,grid,NA,0.7779954327405565,7.697667512321244,2203.2030499950993,rel_freq,0.1848895979100038,0.1763193936587592,0.19360297023438028
OLMo-1B,attn_zeroed,grid,NA,0.8878041776814771,7.967072140465909,2884.399871422983,y_pred,0.5664939839713813,0.5578100524972547,0.5751907446242064
OLMo-1B,attn_zeroed,grid,NA,0.8878041776814771,7.967072140465909,2884.399871422983,rel_freq,0.18866802611626401,0.17974463808492455,0.19775354525816488
OLMo-1B,attn_zeroed,grid,NA,0.9976129226223978,8.236476768610574,3776.212373291434,y_pred,0.5633288107743435,0.5541479160345499,0.5724904807169567
OLMo-1B,attn_zeroed,grid,NA,0.9976129226223978,8.236476768610574,3776.212373291434,rel_freq,0.19244645432252422,0.18309530608504113,0.20192312076807878
OLMo-1B,attn_zeroed,grid,NA,1.1074216675633184,8.505881396755239,4943.759715661212,y_pred,0.5601636375773057,0.550405172569267,0.5697976361729584
OLMo-1B,attn_zeroed,grid,NA,1.1074216675633184,8.505881396755239,4943.759715661212,rel_freq,0.19622488252878442,0.18642786985689033,0.20608401979441418
OLMo-1B,attn_zeroed,grid,NA,1.2172304125042395,8.775286024899906,6472.294910916661,y_pred,0.5569984643802678,0.5466740060494469,0.5671698490650119
OLMo-1B,attn_zeroed,grid,NA,1.2172304125042395,8.775286024899906,6472.294910916661,rel_freq,0.20000331073504463,0.1897806388794054,0.21026683454152093
OLMo-1B,attn_zeroed,grid,NA,1.32703915744516,9.04469065304457,8473.42990420296,y_pred,0.55383329118323,0.542885350940079,0.5645933346694716
OLMo-1B,attn_zeroed,grid,NA,1.32703915744516,9.04469065304457,8473.42990420296,rel_freq,0.20378173894130483,0.19305058833785205,0.2144463681683311
OLMo-1B,attn_zeroed,grid,NA,1.4368479023860807,9.314095281189235,11093.285353907366,y_pred,0.5506681179861921,0.5391311078111811,0.5620721881395765
OLMo-1B,attn_zeroed,grid,NA,1.4368479023860807,9.314095281189235,11093.285353907366,rel_freq,0.20756016714756503,0.19634420051468332,0.21871261500476205
OLMo-1B,attn_zeroed,grid,NA,1.5466566473270014,9.5834999093339,14523.160200118657,y_pred,0.5475029447891543,0.535347165025351,0.5595425694336142
OLMo-1B,attn_zeroed,grid,NA,1.5466566473270014,9.5834999093339,14523.160200118657,rel_freq,0.21133859535382524,0.19963756759784443,0.22309101920057783
OLMo-1B,attn_zeroed,grid,NA,1.656465392267922,9.852904537478565,19013.500101123595,y_pred,0.5443377715921164,0.5316545275241806,0.556970011778244
OLMo-1B,attn_zeroed,grid,NA,1.656465392267922,9.852904537478565,19013.500101123595,rel_freq,0.2151170235600854,0.20301449816750727,0.2273905397487002
OLMo-1B,attn_zeroed,grid,NA,1.766274137208843,10.122309165623232,24892.184697685425,y_pred,0.5411725983950786,0.5279069642924084,0.5544790765037788
OLMo-1B,attn_zeroed,grid,NA,1.766274137208843,10.122309165623232,24892.184697685425,rel_freq,0.21889545176634564,0.20622748983141959,0.23166240505481553
OLMo-1B,attn_zeroed,grid,NA,1.8760828821497637,10.391713793767897,32588.46902086518,y_pred,0.5380074251980407,0.5241529552558679,0.5519583839971404
OLMo-1B,attn_zeroed,grid,NA,1.8760828821497637,10.391713793767897,32588.46902086518,rel_freq,0.22267387997260585,0.20949433838003778,0.23602401826685449
OLMo-1B,attn_zeroed,grid,NA,1.9858916270906843,10.661118421912562,42664.32721843975,y_pred,0.5348422520010029,0.5203465075634042,0.5494906177375918
OLMo-1B,attn_zeroed,grid,NA,1.9858916270906843,10.661118421912562,42664.32721843975,rel_freq,0.22645230817886605,0.2126605179002861,0.2403626807112922
OLMo-1B,attn_zeroed,grid,NA,2.095700372031605,10.930523050057229,55855.48728406563,y_pred,0.531677078803965,0.5164460849681134,0.5470754912650855
OLMo-1B,attn_zeroed,grid,NA,2.095700372031605,10.930523050057229,55855.48728406563,rel_freq,0.23023073638512623,0.2158368902621957,0.24463959166887325
OLMo-1B,attn_zeroed,grid,NA,2.205509116972525,11.199927678201892,73125.15309961332,y_pred,0.5285119056069272,0.5126227934498768,0.5446344213198087
OLMo-1B,attn_zeroed,grid,NA,2.205509116972525,11.199927678201892,73125.15309961332,rel_freq,0.23400916459138643,0.2190666990209465,0.24902881059121415
OLMo-1B,default,decile,1,-1.7035538111602464,1.6094379124341005,5.000000000000001,y_pred,0.5793388362587454,0.5656867740511009,0.5930863351149129
OLMo-1B,default,decile,1,-1.7035538111602464,1.6094379124341005,5.000000000000001,rel_freq,0.10895490272835652,0.09727622882067544,0.12056714224917112
OLMo-1B,default,decile,2,-1.099654998218199,3.091042453358316,22.000000000000004,y_pred,0.5633167506736454,0.5527648112691571,0.573739985890865
OLMo-1B,default,decile,2,-1.099654998218199,3.091042453358316,22.000000000000004,rel_freq,0.177281127099879,0.16817815586394963,0.18638283025675326
OLMo-1B,default,decile,3,-0.6839739164040122,4.110873864173311,61.00000000000001,y_pred,0.5522882841057323,0.5435239701944152,0.5608923786717553
OLMo-1B,default,decile,3,-0.6839739164040122,4.110873864173311,61.00000000000001,rel_freq,0.22431205058301373,0.21649014186826843,0.2320556835245235
OLMo-1B,default,decile,4,-0.36626148122012114,4.890349128221754,133,y_pred,0.543859031193034,0.5360606467595501,0.5514690504654328
OLMo-1B,default,decile,4,-0.36626148122012114,4.890349128221754,133,rel_freq,0.26025862088051244,0.2530703634883359,0.2673313718689631
OLMo-1B,default,decile,5,-0.08991202955537367,5.568344503761097,261.99999999999994,y_pred,0.5365271827590267,0.5293012453478831,0.5436883295043241
OLMo-1B,default,decile,5,-0.08991202955537367,5.568344503761097,261.99999999999994,rel_freq,0.29152530701192686,0.28450556984372816,0.29849525711518876
OLMo-1B,default,decile,6,0.16276586922739253,6.18826412308259,486.99999999999994,y_pred,0.5298233661046475,0.5228537787366946,0.5369069917552192
OLMo-1B,default,decile,6,0.16276586922739253,6.18826412308259,486.99999999999994,rel_freq,0.3201137500357632,0.31308267260213934,0.32732326053513
OLMo-1B,default,decile,7,0.426010740589503,6.834108738813838,928.9999999999997,y_pred,0.5228391962927306,0.5156891262138465,0.5301873727100339
OLMo-1B,default,decile,7,0.426010740589503,6.834108738813838,928.9999999999997,rel_freq,0.34989775980672827,0.342240177245607,0.3576485827621474
OLMo-1B,default,decile,8,0.7091936280649008,7.528869256642251,1861,y_pred,0.5153260494506917,0.507369207287445,0.523344061177728
OLMo-1B,default,decile,8,0.7091936280649008,7.528869256642251,1861,rel_freq,0.38193759345627115,0.3734759372972599,0.39054630442572963
OLMo-1B,default,decile,9,1.042999177535325,8.347827345782498,4220.999999999998,y_pred,0.5064698288922492,0.497337637094705,0.515714792707309
OLMo-1B,default,decile,9,1.042999177535325,8.347827345782498,4220.999999999998,rel_freq,0.41970496835549004,0.40994966155674645,0.4295367166073062
OLMo-1B,default,decile,10,1.5904883828701382,9.691036630760662,16172.000000000007,y_pred,0.4919443509201067,0.4803988115786283,0.5038876317631398
OLMo-1B,default,decile,10,1.5904883828701382,9.691036630760662,16172.000000000007,rel_freq,0.48164890578840364,0.4695518154701899,0.4936622956024587
OLMo-1B,default,grid,NA,-2.0770319357233826,0.6931471805599454,2,y_pred,0.5892476129406551,0.5734077134834931,0.6049576014828225
OLMo-1B,default,grid,NA,-2.0770319357233826,0.6931471805599454,2,rel_freq,0.06669889958697411,0.05312409641539015,0.08015839859160469
OLMo-1B,default,grid,NA,-1.967223190782462,0.9625518087046103,2.6183695337834605,y_pred,0.5863342687317724,0.5711578127603683,0.6014415367437557
OLMo-1B,default,grid,NA,-1.967223190782462,0.9625518087046103,2.6183695337834605,rel_freq,0.07912286331069256,0.06609794945125667,0.09203843906459913
OLMo-1B,default,grid,NA,-1.8574144458415411,1.2319564368492761,3.4279295077227103,y_pred,0.5834209245228897,0.568917203460192,0.5979205196495263
OLMo-1B,default,grid,NA,-1.8574144458415411,1.2319564368492761,3.4279295077227103,rel_freq,0.09154682703441103,0.07905214140480465,0.10390771257898167
OLMo-1B,default,grid,NA,-1.7476057009006205,1.501361064993941,4.487793093489239,y_pred,0.5805075803140071,0.5666371912744866,0.5944611022058859
OLMo-1B,default,grid,NA,-1.7476057009006205,1.501361064993941,4.487793093489239,rel_freq,0.10397079075812947,0.09202243201850198,0.1158138655820366
OLMo-1B,default,grid,NA,-1.6377969559596997,1.7707656931386069,5.875350354958031,y_pred,0.5775942361051244,0.5643398957339608,0.590986930961607
OLMo-1B,default,grid,NA,-1.6377969559596997,1.7707656931386069,5.875350354958031,rel_freq,0.11639475448184794,0.10500773253514357,0.12775046575280266
OLMo-1B,default,grid,NA,-1.527988211018779,2.040170321283272,7.691919184862973,y_pred,0.5746808918962417,0.561996830174627,0.5874895941246094
OLMo-1B,default,grid,NA,-1.527988211018779,2.040170321283272,7.691919184862973,rel_freq,0.12881871820556637,0.11803594215552118,0.13965950877845518
OLMo-1B,default,grid,NA,-1.4181794660778584,2.3095749494279367,10.070143424984858,y_pred,0.571767547687359,0.5596929261445656,0.5839596998010252
OLMo-1B,default,grid,NA,-1.4181794660778584,2.3095749494279367,10.070143424984858,rel_freq,0.14124268192928482,0.13092826234213348,0.1515949461141912
OLMo-1B,default,grid,NA,-1.3083707211369375,2.5789795775726025,13.183678372405101,y_pred,0.5688542034784764,0.5572600529282127,0.5804383493015386
OLMo-1B,default,grid,NA,-1.3083707211369375,2.5789795775726025,13.183678372405101,rel_freq,0.15366664565300328,0.1438213098875714,0.16355737000694132
OLMo-1B,default,grid,NA,-1.1985619761960167,2.848384205717268,17.259870896752723,y_pred,0.5659408592695937,0.5549590288039219,0.5769332092796329
OLMo-1B,default,grid,NA,-1.1985619761960167,2.848384205717268,17.259870896752723,rel_freq,0.16609060937672177,0.15670192804273286,0.17559751230107476
OLMo-1B,default,grid,NA,-1.088753231255096,3.1177888338619333,22.596360056546576,y_pred,0.563027515060711,0.5525276876375141,0.5733862431852198
OLMo-1B,default,grid,NA,-1.088753231255096,3.1177888338619333,22.596360056546576,rel_freq,0.1785145731004402,0.16947496194024583,0.18756322739847264
OLMo-1B,default,grid,NA,-0.9789444863141754,3.387193462006598,29.58281037323153,y_pred,0.5601141708518284,0.5501447743800484,0.5699768581836212
OLMo-1B,default,grid,NA,-0.9789444863141754,3.387193462006598,29.58281037323153,rel_freq,0.19093853682415865,0.18224815659422167,0.19962114475459003
OLMo-1B,default,grid,NA,-0.8691357413732546,3.656598090151264,38.729364702481405,y_pred,0.5572008266429457,0.547708795619605,0.5665885058821943
OLMo-1B,default,grid,NA,-0.8691357413732546,3.656598090151264,38.729364702481405,rel_freq,0.2033625005478771,0.19499206849084805,0.21169910150801224
OLMo-1B,default,grid,NA,-0.7593269964323339,3.926002718295929,50.70389429988292,y_pred,0.554287482434063,0.5452196747431164,0.5632165250886925
OLMo-1B,default,grid,NA,-0.7593269964323339,3.926002718295929,50.70389429988292,rel_freq,0.21578646427159556,0.20777159527774414,0.22374278423898497
OLMo-1B,default,grid,NA,-0.6495182514914131,4.195407346440595,66.3807660394952,y_pred,0.5513741382251803,0.5427220473605897,0.5599134284679068
OLMo-1B,default,grid,NA,-0.6495182514914131,4.195407346440595,66.3807660394952,rel_freq,0.22821042799531402,0.22045226375049312,0.23587178804803774
OLMo-1B,default,grid,NA,-0.5397095065504924,4.46481197458526,86.904687713511,y_pred,0.5484607940162977,0.5401122744305936,0.5566351105563903
OLMo-1B,default,grid,NA,-0.5397095065504924,4.46481197458526,86.904687713511,rel_freq,0.24063439171903248,0.23314562383156445,0.24802651368034284
OLMo-1B,default,grid,NA,-0.4299007616095716,4.7342166027299255,113.77429332601157,y_pred,0.545547449807415,0.5375991032183709,0.5533392161926003
OLMo-1B,default,grid,NA,-0.4299007616095716,4.7342166027299255,113.77429332601157,rel_freq,0.25305835544275096,0.24578278764562297,0.26023195435774554
OLMo-1B,default,grid,NA,-0.32009201666865095,5.00362123087459,148.95157168628577,y_pred,0.5426341055985323,0.5349678450750227,0.5501571828531006
OLMo-1B,default,grid,NA,-0.32009201666865095,5.00362123087459,148.95157168628577,rel_freq,0.26548231916646936,0.2583815123092419,0.2724948013007888
OLMo-1B,default,grid,NA,-0.21028327172773031,5.273025859019255,195.00512865626686,y_pred,0.5397207613896496,0.5323214032687174,0.5470375809259849
OLMo-1B,default,grid,NA,-0.21028327172773031,5.273025859019255,195.00512865626686,rel_freq,0.2779062828901878,0.2708269785243479,0.2848615239022496
OLMo-1B,default,grid,NA,-0.10047452678680946,5.542430487163921,255.29774390254678,y_pred,0.536807417180767,0.529575542528503,0.5439860008176312
OLMo-1B,default,grid,NA,-0.10047452678680946,5.542430487163921,255.29774390254678,rel_freq,0.2903302466139063,0.28332138985277305,0.2972766931914025
OLMo-1B,default,grid,NA,0.009334218154111174,5.811835115308586,334.2319173390403,y_pred,0.5338940729718843,0.5268192517926021,0.5409895144577506
OLMo-1B,default,grid,NA,0.009334218154111174,5.811835115308586,334.2319173390403,rel_freq,0.30275421033762473,0.2957882872221926,0.309762579728437
OLMo-1B,default,grid,NA,0.1191429630950318,6.081239743453251,437.57133478928745,y_pred,0.5309807287630016,0.5239971544327064,0.5380659769312445
OLMo-1B,default,grid,NA,0.1191429630950318,6.081239743453251,437.57133478928745,rel_freq,0.3151781740613432,0.30814634695703114,0.3223312433568235
OLMo-1B,default,grid,NA,0.22895170803595288,6.350644371597918,572.8617259346175,y_pred,0.528067384554119,0.5211126417940836,0.535195332286176
OLMo-1B,default,grid,NA,0.22895170803595288,6.350644371597918,572.8617259346175,rel_freq,0.3276021377850617,0.32050015719911323,0.3349243186602143
OLMo-1B,default,grid,NA,0.3387604529768735,6.620048999742583,749.9818451289063,y_pred,0.5251540403452363,0.5180938578679128,0.5323942984456419
OLMo-1B,default,grid,NA,0.3387604529768735,6.620048999742583,749.9818451289063,rel_freq,0.3400261015087801,0.33267572717982746,0.347549414567233
OLMo-1B,default,grid,NA,0.44856919791779415,6.889453627887248,981.8648070881168,y_pred,0.5222406961363536,0.5150467539648155,0.5296195164755095
OLMo-1B,default,grid,NA,0.44856919791779415,6.889453627887248,981.8648070881168,rel_freq,0.35245006523249856,0.3447260860748501,0.36024537991034455
OLMo-1B,default,grid,NA,0.5583779428587148,7.1588582560319125,1285.4424485868497,y_pred,0.5193273519274709,0.511850461782965,0.5269594457064443
OLMo-1B,default,grid,NA,0.5583779428587148,7.1588582560319125,1285.4424485868497,rel_freq,0.364874028956217,0.35686448110507485,0.3729778576668726
OLMo-1B,default,grid,NA,0.6681866877996354,7.428262884176577,1682.8816724059095,y_pred,0.5164140077185883,0.5086062479954587,0.5243297168383655
OLMo-1B,default,grid,NA,0.6681866877996354,7.428262884176577,1682.8816724059095,rel_freq,0.37729799267993547,0.36894349506439655,0.38575622331058773
OLMo-1B,default,grid,NA,0.7779954327405565,7.697667512321244,2203.2030499950993,y_pred,0.5135006635097056,0.5053363071155258,0.5217175863533542
OLMo-1B,default,grid,NA,0.7779954327405565,7.697667512321244,2203.2030499950993,rel_freq,0.3897219564036539,0.38096950205431274,0.398566239061189
OLMo-1B,default,grid,NA,0.8878041776814771,7.967072140465909,2884.399871422983,y_pred,0.5105873193008229,0.50203913571307,0.5191536079356966
OLMo-1B,default,grid,NA,0.8878041776814771,7.967072140465909,2884.399871422983,rel_freq,0.4021459201273724,0.39298609968132736,0.41142961803868827
OLMo-1B,default,grid,NA,0.9976129226223978,8.236476768610574,3776.212373291434,y_pred,0.5076739750919402,0.49870467793289147,0.5167279924108144
OLMo-1B,default,grid,NA,0.9976129226223978,8.236476768610574,3776.212373291434,rel_freq,0.41456988385109084,0.40499861532240716,0.42420457174049486
OLMo-1B,default,grid,NA,1.1074216675633184,8.505881396755239,4943.759715661212,y_pred,0.5047606308830576,0.49539130969012146,0.5142969687889328
OLMo-1B,default,grid,NA,1.1074216675633184,8.505881396755239,4943.759715661212,rel_freq,0.4269938475748093,0.41699665149730747,0.43701227833789125
OLMo-1B,default,grid,NA,1.2172304125042395,8.775286024899906,6472.294910916661,y_pred,0.5018472866741749,0.49203960643955735,0.5118790048128004
OLMo-1B,default,grid,NA,1.2172304125042395,8.775286024899906,6472.294910916661,rel_freq,0.43941781129852775,0.4290051097224329,0.4498964342209547
OLMo-1B,default,grid,NA,1.32703915744516,9.04469065304457,8473.42990420296,y_pred,0.49893394246529216,0.4886190192523072,0.5094937551903184
OLMo-1B,default,grid,NA,1.32703915744516,9.04469065304457,8473.42990420296,rel_freq,0.4518417750222462,0.4409770446470166,0.4627403603054851
OLMo-1B,default,grid,NA,1.4368479023860807,9.314095281189235,11093.285353907366,y_pred,0.4960205982564095,0.4851662856129192,0.5071775202798169
OLMo-1B,default,grid,NA,1.4368479023860807,9.314095281189235,11093.285353907366,rel_freq,0.46426573874596466,0.45293065677145267,0.4755927604614259
OLMo-1B,default,grid,NA,1.5466566473270014,9.5834999093339,14523.160200118657,y_pred,0.4931072540475268,0.4817626339441391,0.5048204871254937
OLMo-1B,default,grid,NA,1.5466566473270014,9.5834999093339,14523.160200118657,rel_freq,0.4766897024696831,0.46484517249103025,0.4885211012582153
OLMo-1B,default,grid,NA,1.656465392267922,9.852904537478565,19013.500101123595,y_pred,0.49019390983864414,0.47829793884185223,0.502485508513897
OLMo-1B,default,grid,NA,1.656465392267922,9.852904537478565,19013.500101123595,rel_freq,0.4891136661934016,0.47666316451674,0.5014694867780843
OLMo-1B,default,grid,NA,1.766274137208843,10.122309165623232,24892.184697685425,y_pred,0.48728056562976146,0.47482206103616936,0.5001565380843105
OLMo-1B,default,grid,NA,1.766274137208843,10.122309165623232,24892.184697685425,rel_freq,0.50153762991712,0.4886378974740186,0.5144261898181385
OLMo-1B,default,grid,NA,1.8760828821497637,10.391713793767897,32588.46902086518,y_pred,0.4843672214208788,0.4713360590044634,0.4978303286633234
OLMo-1B,default,grid,NA,1.8760828821497637,10.391713793767897,32588.46902086518,rel_freq,0.5139615936408385,0.5005058328339522,0.5274607967414495
OLMo-1B,default,grid,NA,1.9858916270906843,10.661118421912562,42664.32721843975,y_pred,0.4814538772119961,0.4678599245814112,0.4955232033291031
OLMo-1B,default,grid,NA,1.9858916270906843,10.661118421912562,42664.32721843975,rel_freq,0.5263855573645569,0.5124263218811117,0.5404819419084147
OLMo-1B,default,grid,NA,2.095700372031605,10.930523050057229,55855.48728406563,y_pred,0.47854053300311344,0.46435483945730294,0.4932514283589583
OLMo-1B,default,grid,NA,2.095700372031605,10.930523050057229,55855.48728406563,rel_freq,0.5388095210882754,0.5243091955936944,0.5535298062900772
OLMo-1B,default,grid,NA,2.205509116972525,11.199927678201892,73125.15309961332,y_pred,0.47562718879423077,0.46086127055756315,0.49105008875601514
OLMo-1B,default,grid,NA,2.205509116972525,11.199927678201892,73125.15309961332,rel_freq,0.5512334848119937,0.5362655907337317,0.5664864097096866
OLMo-2-1B,attn_zeroed,decile,1,-1.7035538111602464,1.6094379124341005,5.000000000000001,y_pred,0.6543225951446152,0.6399282386880728,0.6687880124612242
OLMo-2-1B,attn_zeroed,decile,1,-1.7035538111602464,1.6094379124341005,5.000000000000001,rel_freq,0.10389612832013344,0.09112261894341701,0.11676749368502377
OLMo-2-1B,attn_zeroed,decile,2,-1.099654998218199,3.091042453358316,22.000000000000004,y_pred,0.6322664656801941,0.6215457791958625,0.6432121215546567
OLMo-2-1B,attn_zeroed,decile,2,-1.099654998218199,3.091042453358316,22.000000000000004,rel_freq,0.12236436674885012,0.11246462684303853,0.1322820519469649
OLMo-2-1B,attn_zeroed,decile,3,-0.6839739164040122,4.110873864173311,61.00000000000001,y_pred,0.617084591564995,0.6084048063500725,0.6259211795523849
OLMo-2-1B,attn_zeroed,decile,3,-0.6839739164040122,4.110873864173311,61.00000000000001,rel_freq,0.1350765913214591,0.1266995121692365,0.14341918413098498
OLMo-2-1B,attn_zeroed,decile,4,-0.36626148122012114,4.890349128221754,133,y_pred,0.6054808154808302,0.5978794952999235,0.6130047727073894
OLMo-2-1B,attn_zeroed,decile,4,-0.36626148122012114,4.890349128221754,133,rel_freq,0.14479277038821176,0.13724773557854023,0.15242753317685928
OLMo-2-1B,attn_zeroed,decile,5,-0.08991202955537367,5.568344503761097,261.99999999999994,y_pred,0.5953877350628622,0.588264852582517,0.6022886205247013
OLMo-2-1B,attn_zeroed,decile,5,-0.08991202955537367,5.568344503761097,261.99999999999994,rel_freq,0.15324400005386674,0.14612778493343473,0.16050942779346247
OLMo-2-1B,attn_zeroed,decile,6,0.16276586922739253,6.18826412308259,486.99999999999994,y_pred,0.5861592081492227,0.5790459143935472,0.5930051698633063
OLMo-2-1B,attn_zeroed,decile,6,0.16276586922739253,6.18826412308259,486.99999999999994,rel_freq,0.1609713139355635,0.1537938169469551,0.1681075805069224
OLMo-2-1B,attn_zeroed,decile,7,0.426010740589503,6.834108738813838,928.9999999999997,y_pred,0.5765447448663403,0.569038700430239,0.5838004372352551
OLMo-2-1B,attn_zeroed,decile,7,0.426010740589503,6.834108738813838,928.9999999999997,rel_freq,0.1690217835593858,0.16150326155196484,0.17656318922406466
OLMo-2-1B,attn_zeroed,decile,8,0.7091936280649008,7.528869256642251,1861,y_pred,0.5662020876290502,0.5579046546785384,0.5743568569265348
OLMo-2-1B,attn_zeroed,decile,8,0.7091936280649008,7.528869256642251,1861,rel_freq,0.17768199115169642,0.16950037781816168,0.18592403706844055
OLMo-2-1B,attn_zeroed,decile,9,1.042999177535325,8.347827345782498,4220.999999999998,y_pred,0.5540105445140806,0.5442242833093914,0.5637415911429012
OLMo-2-1B,attn_zeroed,decile,9,1.042999177535325,8.347827345782498,4220.999999999998,rel_freq,0.18789032464123448,0.17861222478888059,0.1972799440678887
OLMo-2-1B,attn_zeroed,decile,10,1.5904883828701382,9.691036630760662,16172.000000000007,y_pred,0.5340146569010402,0.5210974019159282,0.5467922506848135
OLMo-2-1B,attn_zeroed,decile,10,1.5904883828701382,9.691036630760662,16172.000000000007,rel_freq,0.20463346267128432,0.19287471028686998,0.21650103398526394
OLMo-2-1B,attn_zeroed,grid,NA,-2.0770319357233826,0.6931471805599454,2,y_pred,0.6679630953260327,0.6512313710408977,0.6848665654996565
OLMo-2-1B,attn_zeroed,grid,NA,-2.0770319357233826,0.6931471805599454,2,rel_freq,0.09247454095396675,0.07770776128126808,0.10728415370075053
OLMo-2-1B,attn_zeroed,grid,NA,-1.967223190782462,0.9625518087046103,2.6183695337834605,y_pred,0.663952562695668,0.6478989256354725,0.6801497790041076
OLMo-2-1B,attn_zeroed,grid,NA,-1.967223190782462,0.9625518087046103,2.6183695337834605,rel_freq,0.09583267652182333,0.08171252962355946,0.11010975150700775
OLMo-2-1B,attn_zeroed,grid,NA,-1.8574144458415411,1.2319564368492761,3.4279295077227103,y_pred,0.6599420300653034,0.6445742470750387,0.6753668548342479
OLMo-2-1B,attn_zeroed,grid,NA,-1.8574144458415411,1.2319564368492761,3.4279295077227103,rel_freq,0.09919081208967992,0.08563783545312545,0.11281934166901844
OLMo-2-1B,attn_zeroed,grid,NA,-1.7476057009006205,1.501361064993941,4.487793093489239,y_pred,0.6559314974349387,0.6412522701765893,0.670699632445186
OLMo-2-1B,attn_zeroed,grid,NA,-1.7476057009006205,1.501361064993941,4.487793093489239,rel_freq,0.1025489476575365,0.0895307880891746,0.11564950712106846
OLMo-2-1B,attn_zeroed,grid,NA,-1.6377969559596997,1.7707656931386069,5.875350354958031,y_pred,0.6519209648045741,0.6379821934138101,0.6660101457538351
OLMo-2-1B,attn_zeroed,grid,NA,-1.6377969559596997,1.7707656931386069,5.875350354958031,rel_freq,0.10590708322539309,0.09349435026233058,0.11837033472886034
OLMo-2-1B,attn_zeroed,grid,NA,-1.527988211018779,2.040170321283272,7.691919184862973,y_pred,0.6479104321742095,0.6346495988145111,0.6613401057329824
OLMo-2-1B,attn_zeroed,grid,NA,-1.527988211018779,2.040170321283272,7.691919184862973,rel_freq,0.10926521879324967,0.09747089290910102,0.12120556614156253
OLMo-2-1B,attn_zeroed,grid,NA,-1.4181794660778584,2.3095749494279367,10.070143424984858,y_pred,0.6438998995438449,0.6312923386842184,0.6566547423727559
OLMo-2-1B,attn_zeroed,grid,NA,-1.4181794660778584,2.3095749494279367,10.070143424984858,rel_freq,0.11262335436110626,0.10130983669335414,0.12406104668398563
OLMo-2-1B,attn_zeroed,grid,NA,-1.3083707211369375,2.5789795775726025,13.183678372405101,y_pred,0.6398893669134802,0.6278870474561916,0.652006249716423
OLMo-2-1B,attn_zeroed,grid,NA,-1.3083707211369375,2.5789795775726025,13.183678372405101,rel_freq,0.11598148992896284,0.10517226908299984,0.12690745747808774
OLMo-2-1B,attn_zeroed,grid,NA,-1.1985619761960167,2.848384205717268,17.259870896752723,y_pred,0.6358788342831155,0.6246180845768204,0.6473383556781587
OLMo-2-1B,attn_zeroed,grid,NA,-1.1985619761960167,2.848384205717268,17.259870896752723,rel_freq,0.11933962549681944,0.10903344168602276,0.12977574345062687
OLMo-2-1B,attn_zeroed,grid,NA,-1.088753231255096,3.1177888338619333,22.596360056546576,y_pred,0.6318683016527509,0.6212127388926109,0.6427718082093502
OLMo-2-1B,attn_zeroed,grid,NA,-1.088753231255096,3.1177888338619333,22.596360056546576,rel_freq,0.12269776106467602,0.11284034325823504,0.13254799070882442
OLMo-2-1B,attn_zeroed,grid,NA,-0.9789444863141754,3.387193462006598,29.58281037323153,y_pred,0.6278577690223863,0.6177224330533372,0.6381369246714845
OLMo-2-1B,attn_zeroed,grid,NA,-0.9789444863141754,3.387193462006598,29.58281037323153,rel_freq,0.1260558966325326,0.11660797644903274,0.13544450315558032
OLMo-2-1B,attn_zeroed,grid,NA,-0.8691357413732546,3.656598090151264,38.729364702481405,y_pred,0.6238472363920217,0.6142903633927563,0.6335990288916682
OLMo-2-1B,attn_zeroed,grid,NA,-0.8691357413732546,3.656598090151264,38.729364702481405,rel_freq,0.1294140322003892,0.1204259155870098,0.1384228929689265
OLMo-2-1B,attn_zeroed,grid,NA,-0.7593269964323339,3.926002718295929,50.70389429988292,y_pred,0.619836703761657,0.6108013208247838,0.6290527444054455
OLMo-2-1B,attn_zeroed,grid,NA,-0.7593269964323339,3.926002718295929,50.70389429988292,rel_freq,0.13277216776824577,0.12420834150736836,0.1413200501804064
OLMo-2-1B,attn_zeroed,grid,NA,-0.6495182514914131,4.195407346440595,66.3807660394952,y_pred,0.6158261711312923,0.6072753938901536,0.6244973613695526
OLMo-2-1B,attn_zeroed,grid,NA,-0.6495182514914131,4.195407346440595,66.3807660394952,rel_freq,0.13613030333610238,0.12786227581710405,0.14438208617129475
OLMo-2-1B,attn_zeroed,grid,NA,-0.5397095065504924,4.46481197458526,86.904687713511,y_pred,0.6118156385009278,0.6036421883213676,0.6200436217741522
OLMo-2-1B,attn_zeroed,grid,NA,-0.5397095065504924,4.46481197458526,86.904687713511,rel_freq,0.13948843890395896,0.13152816950037788,0.14745339592451454
OLMo-2-1B,attn_zeroed,grid,NA,-0.4299007616095716,4.7342166027299255,113.77429332601157,y_pred,0.6078051058705631,0.6000174758540645,0.6155892553769642
OLMo-2-1B,attn_zeroed,grid,NA,-0.4299007616095716,4.7342166027299255,113.77429332601157,rel_freq,0.14284657447181554,0.1351625480200822,0.1505873092736431
OLMo-2-1B,attn_zeroed,grid,NA,-0.32009201666865095,5.00362123087459,148.95157168628577,y_pred,0.6037945732401985,0.5962823057101162,0.6111731194053791
OLMo-2-1B,attn_zeroed,grid,NA,-0.32009201666865095,5.00362123087459,148.95157168628577,rel_freq,0.14620471003967211,0.13876873648063007,0.15374417012482597
OLMo-2-1B,attn_zeroed,grid,NA,-0.21028327172773031,5.273025859019255,195.00512865626686,y_pred,0.5997840406098338,0.592460585683019,0.6069326330839692
OLMo-2-1B,attn_zeroed,grid,NA,-0.21028327172773031,5.273025859019255,195.00512865626686,rel_freq,0.14956284560752872,0.14226992697200844,0.1569009018117869
OLMo-2-1B,attn_zeroed,grid,NA,-0.10047452678680946,5.542430487163921,255.29774390254678,y_pred,0.5957735079794692,0.5886310508315358,0.6026964540644146
OLMo-2-1B,attn_zeroed,grid,NA,-0.10047452678680946,5.542430487163921,255.29774390254678,rel_freq,0.1529209811753853,0.1458026791510152,0.16017518931122215
OLMo-2-1B,attn_zeroed,grid,NA,0.009334218154111174,5.811835115308586,334.2319173390403,y_pred,0.5917629753491046,0.5847220188942854,0.5985930876743477
OLMo-2-1B,attn_zeroed,grid,NA,0.009334218154111174,5.811835115308586,334.2319173390403,rel_freq,0.15627911674324188,0.1491389242284471,0.1634713869213074
OLMo-2-1B,attn_zeroed,grid,NA,0.1191429630950318,6.081239743453251,437.57133478928745,y_pred,0.5877524427187399,0.5806945422978933,0.5946225128418886
OLMo-2-1B,attn_zeroed,grid,NA,0.1191429630950318,6.081239743453251,437.57133478928745,rel_freq,0.15963725231109846,0.1524800736316142,0.16675340282411055
OLMo-2-1B,attn_zeroed,grid,NA,0.22895170803595288,6.350644371597918,572.8617259346175,y_pred,0.5837419100883753,0.5765438284857455,0.5906934719770822
OLMo-2-1B,attn_zeroed,grid,NA,0.22895170803595288,6.350644371597918,572.8617259346175,rel_freq,0.16299538787895507,0.15574583639978035,0.17020532028288288
OLMo-2-1B,attn_zeroed,grid,NA,0.3387604529768735,6.620048999742583,749.9818451289063,y_pred,0.5797313774580106,0.5724032891128003,0.586809139978134
OLMo-2-1B,attn_zeroed,grid,NA,0.3387604529768735,6.620048999742583,749.9818451289063,rel_freq,0.16635352344681165,0.1589185433032723,0.17371152659110223
OLMo-2-1B,attn_zeroed,grid,NA,0.44856919791779415,6.889453627887248,981.8648070881168,y_pred,0.575720844827646,0.5682046680629126,0.583027810102227
OLMo-2-1B,attn_zeroed,grid,NA,0.44856919791779415,6.889453627887248,981.8648070881168,rel_freq,0.16971165901466823,0.1621226508097238,0.17728783569303655
OLMo-2-1B,attn_zeroed,grid,NA,0.5583779428587148,7.1588582560319125,1285.4424485868497,y_pred,0.5717103121972814,0.5639349186244663,0.5793478847748953
OLMo-2-1B,attn_zeroed,grid,NA,0.5583779428587148,7.1588582560319125,1285.4424485868497,rel_freq,0.1730697945825248,0.16526829994410064,0.18086164320613707
OLMo-2-1B,attn_zeroed,grid,NA,0.6681866877996354,7.428262884176577,1682.8816724059095,y_pred,0.5676997795669168,0.5595715530157513,0.5756742305185248
OLMo-2-1B,attn_zeroed,grid,NA,0.6681866877996354,7.428262884176577,1682.8816724059095,rel_freq,0.17642793015038138,0.16837973470317905,0.18450545400341978
OLMo-2-1B,attn_zeroed,grid,NA,0.7779954327405565,7.697667512321244,2203.2030499950993,y_pred,0.5636892469365521,0.5551770333728874,0.5721374340605149
OLMo-2-1B,attn_zeroed,grid,NA,0.7779954327405565,7.697667512321244,2203.2030499950993,rel_freq,0.179786065718238,0.17143311322164784,0.18823329482016918
OLMo-2-1B,attn_zeroed,grid,NA,0.8878041776814771,7.967072140465909,2884.399871422983,y_pred,0.5596787143061874,0.5506034834890084,0.5686372675991606
OLMo-2-1B,attn_zeroed,grid,NA,0.8878041776814771,7.967072140465909,2884.399871422983,rel_freq,0.18314420128609457,0.17443019030514698,0.1919846111973702
OLMo-2-1B,attn_zeroed,grid,NA,0.9976129226223978,8.236476768610574,3776.212373291434,y_pred,0.5556681816758228,0.5460965472249185,0.5651584907057283
OLMo-2-1B,attn_zeroed,grid,NA,0.9976129226223978,8.236476768610574,3776.212373291434,rel_freq,0.18650233685395115,0.17736187473500417,0.1956825471259417
OLMo-2-1B,attn_zeroed,grid,NA,1.1074216675633184,8.505881396755239,4943.759715661212,y_pred,0.5516576490454582,0.5416298637037097,0.5616503763631898
OLMo-2-1B,attn_zeroed,grid,NA,1.1074216675633184,8.505881396755239,4943.759715661212,rel_freq,0.18986047242180776,0.18031903005820693,0.19946890217440155
OLMo-2-1B,attn_zeroed,grid,NA,1.2172304125042395,8.775286024899906,6472.294910916661,y_pred,0.5476471164150936,0.5370282298038584,0.5583112748450887
OLMo-2-1B,attn_zeroed,grid,NA,1.2172304125042395,8.775286024899906,6472.294910916661,rel_freq,0.19321860798966434,0.18332550137864492,0.20326235833761297
OLMo-2-1B,attn_zeroed,grid,NA,1.32703915744516,9.04469065304457,8473.42990420296,y_pred,0.5436365837847289,0.5323076186086774,0.5549563003456931
OLMo-2-1B,attn_zeroed,grid,NA,1.32703915744516,9.04469065304457,8473.42990420296,rel_freq,0.19657674355752092,0.18612057301647364,0.2071257540123829
OLMo-2-1B,attn_zeroed,grid,NA,1.4368479023860807,9.314095281189235,11093.285353907366,y_pred,0.5396260511543642,0.5276467993711078,0.5516321839206597
OLMo-2-1B,attn_zeroed,grid,NA,1.4368479023860807,9.314095281189235,11093.285353907366,rel_freq,0.1999348791253775,0.18889732551218055,0.21102795902677196
OLMo-2-1B,attn_zeroed,grid,NA,1.5466566473270014,9.5834999093339,14523.160200118657,y_pred,0.5356155185239997,0.5229696699852825,0.5481695174498448
OLMo-2-1B,attn_zeroed,grid,NA,1.5466566473270014,9.5834999093339,14523.160200118657,rel_freq,0.2032930146932341,0.19176112669845402,0.2149366425302246
OLMo-2-1B,attn_zeroed,grid,NA,1.656465392267922,9.852904537478565,19013.500101123595,y_pred,0.531604985893635,0.5183009953123828,0.5447572642588111
OLMo-2-1B,attn_zeroed,grid,NA,1.656465392267922,9.852904537478565,19013.500101123595,rel_freq,0.20665115026109068,0.19457815681713975,0.2188445849874319
OLMo-2-1B,attn_zeroed,grid,NA,1.766274137208843,10.122309165623232,24892.184697685425,y_pred,0.5275944532632704,0.5135937703567558,0.5414102970887673
OLMo-2-1B,attn_zeroed,grid,NA,1.766274137208843,10.122309165623232,24892.184697685425,rel_freq,0.21000928582894726,0.1974057730949126,0.22277343332998764
OLMo-2-1B,attn_zeroed,grid,NA,1.8760828821497637,10.391713793767897,32588.46902086518,y_pred,0.5235839206329057,0.5089792929300687,0.5380584728428514
OLMo-2-1B,attn_zeroed,grid,NA,1.8760828821497637,10.391713793767897,32588.46902086518,rel_freq,0.21336742139680384,0.20027398236086777,0.2267082118481611
OLMo-2-1B,attn_zeroed,grid,NA,1.9858916270906843,10.661118421912562,42664.32721843975,y_pred,0.519573388002541,0.5042379618032551,0.5347566895294581
OLMo-2-1B,attn_zeroed,grid,NA,1.9858916270906843,10.661118421912562,42664.32721843975,rel_freq,0.21672555696466045,0.2030233578044953,0.23066027375016998
OLMo-2-1B,attn_zeroed,grid,NA,2.095700372031605,10.930523050057229,55855.48728406563,y_pred,0.5155628553721765,0.49957439893634226,0.5315496736242781
OLMo-2-1B,attn_zeroed,grid,NA,2.095700372031605,10.930523050057229,55855.48728406563,rel_freq,0.22008369253251703,0.2057303766000643,0.23454665181345494
OLMo-2-1B,attn_zeroed,grid,NA,2.205509116972525,11.199927678201892,73125.15309961332,y_pred,0.5115523227418118,0.4949175083419415,0.5283326634832797
OLMo-2-1B,attn_zeroed,grid,NA,2.205509116972525,11.199927678201892,73125.15309961332,rel_freq,0.22344182810037358,0.20850276326589287,0.2384652591115771
OLMo-2-1B,default,decile,1,-1.7035538111602464,1.6094379124341005,5.000000000000001,y_pred,0.5689406759695396,0.5548339298092932,0.5830886421405123
OLMo-2-1B,default,decile,1,-1.7035538111602464,1.6094379124341005,5.000000000000001,rel_freq,0.13503298213058684,0.12310804519081937,0.14743346593226037
OLMo-2-1B,default,decile,2,-1.099654998218199,3.091042453358316,22.000000000000004,y_pred,0.5511363314242831,0.540282417089087,0.5618757754740684
OLMo-2-1B,default,decile,2,-1.099654998218199,3.091042453358316,22.000000000000004,rel_freq,0.19469471459259155,0.18542471065212876,0.20423977944482946
OLMo-2-1B,default,decile,3,-0.6839739164040122,4.110873864173311,61.00000000000001,y_pred,0.5388810842819528,0.5299083011486798,0.54771462507013835
OLMo-2-1B,default,decile,3,-0.6839739164040122,4.110873864173311,61.00000000000001,rel_freq,0.2357616167974393,0.2277780657169181,0.24374057951955289
OLMo-2-1B,default,decile,4,-0.36626148122012114,4.890349128221754,133,y_pred,0.5295141811831231,0.5217083994241618,0.5372570972948317
OLMo-2-1B,default,decile,4,-0.36626148122012114,4.890349128221754,133,rel_freq,0.26714977968427767,0.25973106168250354,0.2745289034840088
OLMo-2-1B,default,decile,5,-0.08991202955537367,5.568344503761097,261.99999999999994,y_pred,0.5213667552453874,0.514121380868008,0.528544929077957
OLMo-2-1B,default,decile,5,-0.08991202955537367,5.568344503761097,261.99999999999994,rel_freq,0.2944515174885314,0.28735591636921215,0.30177999362720254
OLMo-2-1B,default,decile,6,0.16276586922739253,6.18826412308259,486.99999999999994,y_pred,0.513917221859185,0.5067659270411164,0.52090993102475
OLMo-2-1B,default,decile,6,0.16276586922739253,6.18826412308259,486.99999999999994,rel_freq,0.31941464189474805,0.3121714021792473,0.3269542977145341
OLMo-2-1B,default,decile,7,0.426010740589503,6.834108738813838,928.9999999999997,y_pred,0.5061561494923272,0.4986707867013258,0.5135070503295253
OLMo-2-1B,default,decile,7,0.426010740589503,6.834108738813838,928.9999999999997,rel_freq,0.34542172246953345,0.33768558273878435,0.3534725438993887
OLMo-2-1B,default,decile,8,0.7091936280649008,7.528869256642251,1861,y_pred,0.49780725793983405,0.48960814836302347,0.5059623523128491
OLMo-2-1B,default,decile,8,0.7091936280649008,7.528869256642251,1861,rel_freq,0.37339856446408215,0.36478471647845445,0.38239087145413225
OLMo-2-1B,default,decile,9,1.042999177535325,8.347827345782498,4220.999999999998,y_pred,0.48796589232274284,0.4785123644589645,0.4976122332227316
OLMo-2-1B,default,decile,9,1.042999177535325,8.347827345782498,4220.999999999998,rel_freq,0.4063766345646241,0.39643849744314597,0.4166121341704909
OLMo-2-1B,default,decile,10,1.5904883828701382,9.691036630760662,16172.000000000007,y_pred,0.4718246344866804,0.4595733710247904,0.48419033083123353
OLMo-2-1B,default,decile,10,1.5904883828701382,9.691036630760662,16172.000000000007,rel_freq,0.4604654219483737,0.4478185588317058,0.4733699824319248
OLMo-2-1B,default,grid,NA,-2.0770319357233826,0.6931471805599454,2,y_pred,0.5799516815673869,0.5634753123510947,0.596405959811636
OLMo-2-1B,default,grid,NA,-2.0770319357233826,0.6931471805599454,2,rel_freq,0.09813548958619366,0.08424960416731782,0.1124753400708803
OLMo-2-1B,default,grid,NA,-1.967223190782462,0.9625518087046103,2.6183695337834605,y_pred,0.5767142638293296,0.5609515627895114,0.59248493798161
OLMo-2-1B,default,grid,NA,-1.967223190782462,0.9625518087046103,2.6183695337834605,rel_freq,0.10898396257910616,0.09566099259601091,0.12274160928240373
OLMo-2-1B,default,grid,NA,-1.8574144458415411,1.2319564368492761,3.4279295077227103,y_pred,0.5734768460912723,0.5584594637870373,0.5885898802572881
OLMo-2-1B,default,grid,NA,-1.8574144458415411,1.2319564368492761,3.4279295077227103,rel_freq,0.11983243557201867,0.10714073354165947,0.13307306561483462
OLMo-2-1B,default,grid,NA,-1.7476057009006205,1.501361064993941,4.487793093489239,y_pred,0.570239428353215,0.55586318932703,0.5846512375498616
OLMo-2-1B,default,grid,NA,-1.7476057009006205,1.501361064993941,4.487793093489239,rel_freq,0.13068090856493117,0.11852045268649691,0.14330737768440865
OLMo-2-1B,default,grid,NA,-1.6377969559596997,1.7707656931386069,5.875350354958031,y_pred,0.5670020106151576,0.5532520922382288,0.5807601018165345
OLMo-2-1B,default,grid,NA,-1.6377969559596997,1.7707656931386069,5.875350354958031,rel_freq,0.1415293815578437,0.12987784388107604,0.15354538693634256
OLMo-2-1B,default,grid,NA,-1.527988211018779,2.040170321283272,7.691919184862973,y_pred,0.5637645928771003,0.5506243086550509,0.5768942850222901
OLMo-2-1B,default,grid,NA,-1.527988211018779,2.040170321283272,7.691919184862973,rel_freq,0.1523778545507562,0.1412405034867084,0.16386822524627923
OLMo-2-1B,default,grid,NA,-1.4181794660778584,2.3095749494279367,10.070143424984858,y_pred,0.560527175139043,0.5480099796318219,0.5730942142889586
OLMo-2-1B,default,grid,NA,-1.4181794660778584,2.3095749494279367,10.070143424984858,rel_freq,0.1632263275436687,0.1526280771096879,0.17420263196209965
OLMo-2-1B,default,grid,NA,-1.3083707211369375,2.5789795775726025,13.183678372405101,y_pred,0.5572897574009857,0.5453347703505127,0.5692814878211384
OLMo-2-1B,default,grid,NA,-1.3083707211369375,2.5789795775726025,13.183678372405101,rel_freq,0.1740748005365812,0.16402409825035374,0.1845918748454966
OLMo-2-1B,default,grid,NA,-1.1985619761960167,2.848384205717268,17.259870896752723,y_pred,0.5540523396629284,0.5427314531388949,0.5653854145000924
OLMo-2-1B,default,grid,NA,-1.1985619761960167,2.848384205717268,17.259870896752723,rel_freq,0.18492327352949373,0.17533790431328874,0.19488426541030401
OLMo-2-1B,default,grid,NA,-1.088753231255096,3.1177888338619333,22.596360056546576,y_pred,0.5508149219248711,0.5399944343905342,0.5615327511685102
OLMo-2-1B,default,grid,NA,-1.088753231255096,3.1177888338619333,22.596360056546576,rel_freq,0.19577174652240623,0.18654940207333182,0.20526701713577303
OLMo-2-1B,default,grid,NA,-0.9789444863141754,3.387193462006598,29.58281037323153,y_pred,0.5475775041868138,0.5373112635952614,0.5577675082152144
OLMo-2-1B,default,grid,NA,-0.9789444863141754,3.387193462006598,29.58281037323153,rel_freq,0.20662021951531873,0.19781221255834372,0.21563814029047393
OLMo-2-1B,default,grid,NA,-0.8691357413732546,3.656598090151264,38.729364702481405,y_pred,0.5443400864487565,0.5345636897780637,0.5540503428492674
OLMo-2-1B,default,grid,NA,-0.8691357413732546,3.656598090151264,38.729364702481405,rel_freq,0.21746869250823125,0.20894256923727306,0.22606673462518923
OLMo-2-1B,default,grid,NA,-0.7593269964323339,3.926002718295929,50.70389429988292,y_pred,0.5411026687106992,0.5318031500913566,0.550302605367455
OLMo-2-1B,default,grid,NA,-0.7593269964323339,3.926002718295929,50.70389429988292,rel_freq,0.22831716550114375,0.22012966236159295,0.23650654405735502
OLMo-2-1B,default,grid,NA,-0.6495182514914131,4.195407346440595,66.3807660394952,y_pred,0.5378652509726419,0.5290770823283781,0.5465768422687924
OLMo-2-1B,default,grid,NA,-0.6495182514914131,4.195407346440595,66.3807660394952,rel_freq,0.23916563849405625,0.23128702026531123,0.24703924982756034
OLMo-2-1B,default,grid,NA,-0.5397095065504924,4.46481197458526,86.904687713511,y_pred,0.5346278332345846,0.5262396727662996,0.5429365248377036
OLMo-2-1B,default,grid,NA,-0.5397095065504924,4.46481197458526,86.904687713511,rel_freq,0.2500141114869688,0.24237488040360594,0.2576322122375235
OLMo-2-1B,default,grid,NA,-0.4299007616095716,4.7342166027299255,113.77429332601157,y_pred,0.5313904154965273,0.5234343670125696,0.5393489072899095
OLMo-2-1B,default,grid,NA,-0.4299007616095716,4.7342166027299255,113.77429332601157,rel_freq,0.2608625844798813,0.2533646100374316,0.2682986713313849
OLMo-2-1B,default,grid,NA,-0.32009201666865095,5.00362123087459,148.95157168628577,y_pred,0.52815299775847,0.5203939180891448,0.5357199241820969
OLMo-2-1B,default,grid,NA,-0.32009201666865095,5.00362123087459,148.95157168628577,rel_freq,0.2717110574727938,0.26436649768224435,0.2790727785159151
OLMo-2-1B,default,grid,NA,-0.21028327172773031,5.273025859019255,195.00512865626686,y_pred,0.5249155800204127,0.5174446576676407,0.532248612380188
OLMo-2-1B,default,grid,NA,-0.21028327172773031,5.273025859019255,195.00512865626686,rel_freq,0.28255953046570625,0.27536523962908815,0.2898501902618342
OLMo-2-1B,default,grid,NA,-0.10047452678680946,5.542430487163921,255.29774390254678,y_pred,0.5216781622823554,0.5144322562450547,0.5288786143532591
OLMo-2-1B,default,grid,NA,-0.10047452678680946,5.542430487163921,255.29774390254678,rel_freq,0.2934080034586188,0.2863050748648476,0.30071684904482815
OLMo-2-1B,default,grid,NA,0.009334218154111174,5.811835115308586,334.2319173390403,y_pred,0.5184407445442981,0.5112834193315856,0.5255467656856416
OLMo-2-1B,default,grid,NA,0.009334218154111174,5.811835115308586,334.2319173390403,rel_freq,0.3042564764515313,0.2971537606256349,0.31157681172615886
OLMo-2-1B,default,grid,NA,0.1191429630950318,6.081239743453251,437.57133478928745,y_pred,0.5152033268062409,0.5080349820457454,0.522192580709346
OLMo-2-1B,default,grid,NA,0.1191429630950318,6.081239743453251,437.57133478928745,rel_freq,0.3151049494444438,0.307939157797848,0.32256874946178127
OLMo-2-1B,default,grid,NA,0.22895170803595288,6.350644371597918,572.8617259346175,y_pred,0.5119659090681835,0.504790293402063,0.5190489131472296
OLMo-2-1B,default,grid,NA,0.22895170803595288,6.350644371597918,572.8617259346175,rel_freq,0.32595342243735637,0.3186493352111164,0.333595271199731
OLMo-2-1B,default,grid,NA,0.3387604529768735,6.620048999742583,749.9818451289063,y_pred,0.5087284913301262,0.5013896814895521,0.5159529973533261
OLMo-2-1B,default,grid,NA,0.3387604529768735,6.620048999742583,749.9818451289063,rel_freq,0.33680189543026884,0.32929098686870617,0.34470590245992033
OLMo-2-1B,default,grid,NA,0.44856919791779415,6.889453627887248,981.8648070881168,y_pred,0.5054910735920689,0.49798098878630936,0.5128740527447874
OLMo-2-1B,default,grid,NA,0.44856919791779415,6.889453627887248,981.8648070881168,rel_freq,0.3476503684231813,0.3398808204605375,0.3558298737057623
OLMo-2-1B,default,grid,NA,0.5583779428587148,7.1588582560319125,1285.4424485868497,y_pred,0.5022536558540117,0.4945118163230021,0.5099386410359391
OLMo-2-1B,default,grid,NA,0.5583779428587148,7.1588582560319125,1285.4424485868497,rel_freq,0.35849884141609384,0.350426771272725,0.3670248681908354
OLMo-2-1B,default,grid,NA,0.6681866877996354,7.428262884176577,1682.8816724059095,y_pred,0.49901623811595436,0.49092129451369443,0.5070877958634841
OLMo-2-1B,default,grid,NA,0.6681866877996354,7.428262884176577,1682.8816724059095,rel_freq,0.3693473144090063,0.3609062608443275,0.37821446802303743
OLMo-2-1B,default,grid,NA,0.7779954327405565,7.697667512321244,2203.2030499950993,y_pred,0.49577882037789706,0.487371652653532,0.5042123490554928
OLMo-2-1B,default,grid,NA,0.7779954327405565,7.697667512321244,2203.2030499950993,rel_freq,0.3801957874019189,0.37131032553889404,0.3893737187349225
OLMo-2-1B,default,grid,NA,0.8878041776814771,7.967072140465909,2884.399871422983,y_pred,0.49254140263983975,0.48374202290663476,0.5014109181185772
OLMo-2-1B,default,grid,NA,0.8878041776814771,7.967072140465909,2884.399871422983,rel_freq,0.39104426039483137,0.38177947710748844,0.40066789671200737
OLMo-2-1B,default,grid,NA,0.9976129226223978,8.236476768610574,3776.212373291434,y_pred,0.48930398490178245,0.48003659950490374,0.4986919643009206
OLMo-2-1B,default,grid,NA,0.9976129226223978,8.236476768610574,3776.212373291434,rel_freq,0.4018927333877439,0.3921043072093548,0.4119344261766079
OLMo-2-1B,default,grid,NA,1.1074216675633184,8.505881396755239,4943.759715661212,y_pred,0.48606656716372515,0.47625424575427916,0.49603829512143255
OLMo-2-1B,default,grid,NA,1.1074216675633184,8.505881396755239,4943.759715661212,rel_freq,0.41274120638065637,0.4025219579113927,0.42323068297678157
OLMo-2-1B,default,grid,NA,1.2172304125042395,8.775286024899906,6472.294910916661,y_pred,0.48282914942566785,0.47253406738084647,0.49330293807928255
OLMo-2-1B,default,grid,NA,1.2172304125042395,8.775286024899906,6472.294910916661,rel_freq,0.4235896793735689,0.41286406557575556,0.43460561927145835
OLMo-2-1B,default,grid,NA,1.32703915744516,9.04469065304457,8473.42990420296,y_pred,0.47959173168761055,0.4687870838903475,0.49064634861432904
OLMo-2-1B,default,grid,NA,1.32703915744516,9.04469065304457,8473.42990420296,rel_freq,0.4344381523664814,0.42319415473130123,0.4459345193422742
OLMo-2-1B,default,grid,NA,1.4368479023860807,9.314095281189235,11093.285353907366,y_pred,0.47635431394955324,0.4649109730537277,0.48795373762063016
OLMo-2-1B,default,grid,NA,1.4368479023860807,9.314095281189235,11093.285353907366,rel_freq,0.4452866253593939,0.43352335557040883,0.4573476530718991
OLMo-2-1B,default,grid,NA,1.5466566473270014,9.5834999093339,14523.160200118657,y_pred,0.47311689621149594,0.4611282558172781,0.4853046708333921
OLMo-2-1B,default,grid,NA,1.5466566473270014,9.5834999093339,14523.160200118657,rel_freq,0.4561350983523064,0.4437428879962234,0.46878047329272876
OLMo-2-1B,default,grid,NA,1.656465392267922,9.852904537478565,19013.500101123595,y_pred,0.46987947847343864,0.45730355804540895,0.4826159659592155
OLMo-2-1B,default,grid,NA,1.656465392267922,9.852904537478565,19013.500101123595,rel_freq,0.4669835713452189,0.453975653909664,0.4801818344003353
OLMo-2-1B,default,grid,NA,1.766274137208843,10.122309165623232,24892.184697685425,y_pred,0.46664206073538134,0.45340394664781214,0.4800761559990887
OLMo-2-1B,default,grid,NA,1.766274137208843,10.122309165623232,24892.184697685425,rel_freq,0.4778320443381315,0.46423286076869535,0.4916442590501737
OLMo-2-1B,default,grid,NA,1.8760828821497637,10.391713793767897,32588.46902086518,y_pred,0.46340464299732403,0.4494199327165947,0.47750908595939473
OLMo-2-1B,default,grid,NA,1.8760828821497637,10.391713793767897,32588.46902086518,rel_freq,0.48868051733104395,0.47448786271611537,0.5031341430987476
OLMo-2-1B,default,grid,NA,1.9858916270906843,10.661118421912562,42664.32721843975,y_pred,0.46016722525926673,0.44552687262093876,0.47481867075196466
OLMo-2-1B,default,grid,NA,1.9858916270906843,10.661118421912562,42664.32721843975,rel_freq,0.4995289903239564,0.4847815940966765,0.5144646111784612
OLMo-2-1B,default,grid,NA,2.095700372031605,10.930523050057229,55855.48728406563,y_pred,0.45692980752120943,0.441620826433659,0.47228190574886164
OLMo-2-1B,default,grid,NA,2.095700372031605,10.930523050057229,55855.48728406563,rel_freq,0.510377463316869,0.4950411829441234,0.5258671647935844
OLMo-2-1B,default,grid,NA,2.205509116972525,11.199927678201892,73125.15309961332,y_pred,0.4536923897831522,0.4377113886033256,0.4697497106453743
OLMo-2-1B,default,grid,NA,2.205509116972525,11.199927678201892,73125.15309961332,rel_freq,0.5212259363097814,0.5052795062936003,0.5372654347459189
OLMo-2-7B,attn_zeroed,decile,1,-1.7035538111602464,1.6094379124341005,5.000000000000001,y_pred,0.7253124690285527,0.7125599308755219,0.7382112422866824
OLMo-2-7B,attn_zeroed,decile,1,-1.7035538111602464,1.6094379124341005,5.000000000000001,rel_freq,0.0886984217287822,0.07710190905623193,0.10023939466079419
OLMo-2-7B,attn_zeroed,decile,2,-1.099654998218199,3.091042453358316,22.000000000000004,y_pred,0.7053695080553475,0.6956992381036446,0.715233245547947
OLMo-2-7B,attn_zeroed,decile,2,-1.099654998218199,3.091042453358316,22.000000000000004,rel_freq,0.10812826999317869,0.09915586286194321,0.11696794626477564
OLMo-2-7B,attn_zeroed,decile,3,-0.6839739164040122,4.110873864173311,61.00000000000001,y_pred,0.691642189149828,0.6836801445971111,0.6996967459880848
OLMo-2-7B,attn_zeroed,decile,3,-0.6839739164040122,4.110873864173311,61.00000000000001,rel_freq,0.12150239852753117,0.11392141296534146,0.1288713562908826
OLMo-2-7B,attn_zeroed,decile,4,-0.36626148122012114,4.890349128221754,133,y_pred,0.6811501554518211,0.6741116785400656,0.688225636634965
OLMo-2-7B,attn_zeroed,decile,4,-0.36626148122012114,4.890349128221754,133,rel_freq,0.13172448255061617,0.12487046660647838,0.13838111900550037
OLMo-2-7B,attn_zeroed,decile,5,-0.08991202955537367,5.568344503761097,261.99999999999994,y_pred,0.6720240796732193,0.6655733232387341,0.6785908466340486
OLMo-2-7B,attn_zeroed,decile,5,-0.08991202955537367,5.568344503761097,261.99999999999994,rel_freq,0.14061575340381866,0.1340485702627709,0.1470423743571071
OLMo-2-7B,attn_zeroed,decile,6,0.16276586922739253,6.18826412308259,486.99999999999994,y_pred,0.6636797256751269,0.6572890086233141,0.6701159699919694
OLMo-2-7B,attn_zeroed,decile,6,0.16276586922739253,6.18826412308259,486.99999999999994,rel_freq,0.14874541540662642,0.1422281957860276,0.15511245144341823
OLMo-2-7B,attn_zeroed,decile,7,0.426010740589503,6.834108738813838,928.9999999999997,y_pred,0.6549864113591162,0.6482428968108876,0.6618549639098864
OLMo-2-7B,attn_zeroed,decile,7,0.426010740589503,6.834108738813838,928.9999999999997,rel_freq,0.15721505932267965,0.15041981225435141,0.1638954838992312
OLMo-2-7B,attn_zeroed,decile,8,0.7091936280649008,7.528869256642251,1861,y_pred,0.6456346703850145,0.6381431121657384,0.6533829474103567
OLMo-2-7B,attn_zeroed,decile,8,0.7091936280649008,7.528869256642251,1861,rel_freq,0.16632618922855788,0.1588713096986748,0.17365696917393855
OLMo-2-7B,attn_zeroed,decile,9,1.042999177535325,8.347827345782498,4220.999999999998,y_pred,0.6346111828353431,0.6256679245127337,0.6436458755234405
OLMo-2-7B,attn_zeroed,decile,9,1.042999177535325,8.347827345782498,4220.999999999998,rel_freq,0.17706605332007122,0.1684964237040015,0.18552549062528678
OLMo-2-7B,attn_zeroed,decile,10,1.5904883828701382,9.691036630760662,16172.000000000007,y_pred,0.616531074676079,0.6049138106361338,0.6283786149270328
OLMo-2-7B,attn_zeroed,decile,10,1.5904883828701382,9.691036630760662,16172.000000000007,rel_freq,0.1946809781354165,0.1836883387153819,0.20537244768621538
OLMo-2-7B,attn_zeroed,grid,NA,-2.0770319357233826,0.6931471805599454,2,y_pred,0.7376460909911833,0.7228741560596967,0.7529038525265488
OLMo-2-7B,attn_zeroed,grid,NA,-2.0770319357233826,0.6931471805599454,2,rel_freq,0.07668213169009078,0.0633016592180957,0.08999515203507545
OLMo-2-7B,attn_zeroed,grid,NA,-1.967223190782462,0.9625518087046103,2.6183695337834605,y_pred,0.7340198021693777,0.7198828906979483,0.7485939755783731
OLMo-2-7B,attn_zeroed,grid,NA,-1.967223190782462,0.9625518087046103,2.6183695337834605,rel_freq,0.08021511967844545,0.06741703170585776,0.09299775837470192
OLMo-2-7B,attn_zeroed,grid,NA,-1.8574144458415411,1.2319564368492761,3.4279295077227103,y_pred,0.730393513347572,0.716844022965516,0.7442838674437506
OLMo-2-7B,attn_zeroed,grid,NA,-1.8574144458415411,1.2319564368492761,3.4279295077227103,rel_freq,0.08374810766680015,0.07140769251904999,0.09594310257074233
OLMo-2-7B,attn_zeroed,grid,NA,-1.7476057009006205,1.501361064993941,4.487793093489239,y_pred,0.7267672245257664,0.713778405468175,0.739997639159248
OLMo-2-7B,attn_zeroed,grid,NA,-1.7476057009006205,1.501361064993941,4.487793093489239,rel_freq,0.08728109565515482,0.07549900148184005,0.0990394094456491
OLMo-2-7B,attn_zeroed,grid,NA,-1.6377969559596997,1.7707656931386069,5.875350354958031,y_pred,0.7231409357039608,0.7107714203994694,0.735684008694095
OLMo-2-7B,attn_zeroed,grid,NA,-1.6377969559596997,1.7707656931386069,5.875350354958031,rel_freq,0.0908140836435095,0.07949011732852831,0.10204589897783438
OLMo-2-7B,attn_zeroed,grid,NA,-1.527988211018779,2.040170321283272,7.691919184862973,y_pred,0.719514646882155,0.7077183992901623,0.7315347681413942
OLMo-2-7B,attn_zeroed,grid,NA,-1.527988211018779,2.040170321283272,7.691919184862973,rel_freq,0.09434707163186418,0.08360418790074456,0.10505468310279129
OLMo-2-7B,attn_zeroed,grid,NA,-1.4181794660778584,2.3095749494279367,10.070143424984858,y_pred,0.71588835806034945,0.7046397335822067,0.7273443114975888
OLMo-2-7B,attn_zeroed,grid,NA,-1.4181794660778584,2.3095749494279367,10.070143424984858,rel_freq,0.09788005962021885,0.08762514054867618,0.10813725179445595
OLMo-2-7B,attn_zeroed,grid,NA,-1.3083707211369375,2.5789795775726025,13.183678372405101,y_pred,0.7122620692385438,0.7015811859324513,0.7231529164369913
OLMo-2-7B,attn_zeroed,grid,NA,-1.3083707211369375,2.5789795775726025,13.183678372405101,rel_freq,0.10141304760857354,0.09158823517634379,0.11110288865119561
OLMo-2-7B,attn_zeroed,grid,NA,-1.1985619761960167,2.848384205717268,17.259870896752723,y_pred,0.7086357804167381,0.6984751658894094,0.719000820234282
OLMo-2-7B,attn_zeroed,grid,NA,-1.1985619761960167,2.848384205717268,17.259870896752723,rel_freq,0.10494603559692822,0.0955577313800874,0.11423630609035536
OLMo-2-7B,attn_zeroed,grid,NA,-1.088753231255096,3.1177888338619333,22.596360056546576,y_pred,0.7050094915949325,0.6953837462165021,0.7148325695879962
OLMo-2-7B,attn_zeroed,grid,NA,-1.088753231255096,3.1177888338619333,22.596360056546576,rel_freq,0.10847902358528291,0.09953308458602078,0.11726484857266734
OLMo-2-7B,attn_zeroed,grid,NA,-0.9789444863141754,3.387193462006598,29.58281037323153,y_pred,0.7013832027731269,0.6921961204516144,0.7106804671266027
OLMo-2-7B,attn_zeroed,grid,NA,-0.9789444863141754,3.387193462006598,29.58281037323153,rel_freq,0.11201201157363759,0.10351754807361266,0.12037213496519436
OLMo-2-7B,attn_zeroed,grid,NA,-0.8691357413732546,3.656598090151264,38.729364702481405,y_pred,0.6977569139513213,0.6890645730335968,0.7065444704826787
OLMo-2-7B,attn_zeroed,grid,NA,-0.8691357413732546,3.656598090151264,38.729364702481405,rel_freq,0.11554499956199227,0.1074191966123738,0.12348075569164868
OLMo-2-7B,attn_zeroed,grid,NA,-0.7593269964323339,3.926002718295929,50.70389429988292,y_pred,0.6941306251295156,0.6858592506529982,0.7024551918791923
OLMo-2-7B,attn_zeroed,grid,NA,-0.7593269964323339,3.926002718295929,50.70389429988292,rel_freq,0.11907798755034694,0.11126928458928599,0.12661651310821828
OLMo-2-7B,attn_zeroed,grid,NA,-0.6495182514914131,4.195407346440595,66.3807660394952,y_pred,0.69050433630771,0.6826823185784956,0.6984397318040975
OLMo-2-7B,attn_zeroed,grid,NA,-0.6495182514914131,4.195407346440595,66.3807660394952,rel_freq,0.12261097553870164,0.11514085129088707,0.12991326630200506
OLMo-2-7B,attn_zeroed,grid,NA,-0.5397095065504924,4.46481197458526,86.904687713511,y_pred,0.6868780474859044,0.6794303058944816,0.6943940303202177
OLMo-2-7B,attn_zeroed,grid,NA,-0.5397095065504924,4.46481197458526,86.904687713511,rel_freq,0.1261439635270563,0.11895261184150466,0.13314338752962943
OLMo-2-7B,attn_zeroed,grid,NA,-0.4299007616095716,4.7342166027299255,113.77429332601157,y_pred,0.6832517586640987,0.6760851007378165,0.6904907333506561
OLMo-2-7B,attn_zeroed,grid,NA,-0.4299007616095716,4.7342166027299255,113.77429332601157,rel_freq,0.129676951515411,0.12272824794638346,0.1364339146674715
OLMo-2-7B,attn_zeroed,grid,NA,-0.32009201666865095,5.00362123087459,148.95157168628577,y_pred,0.6796254698422931,0.6727106944572196,0.6865794513872291
OLMo-2-7B,attn_zeroed,grid,NA,-0.32009201666865095,5.00362123087459,148.95157168628577,rel_freq,0.13320993950376567,0.12638068394923893,0.13979675901393263
OLMo-2-7B,attn_zeroed,grid,NA,-0.21028327172773031,5.273025859019255,195.00512865626686,y_pred,0.6759991810204875,0.6693723248909518,0.6827517157121049
OLMo-2-7B,attn_zeroed,grid,NA,-0.21028327172773031,5.273025859019255,195.00512865626686,rel_freq,0.13674292749212036,0.1300494437509777,0.14321285900404013
OLMo-2-7B,attn_zeroed,grid,NA,-0.10047452678680946,5.542430487163921,255.29774390254678,y_pred,0.6723728921986818,0.6658874220969683,0.6789327588657689
OLMo-2-7B,attn_zeroed,grid,NA,-0.10047452678680946,5.542430487163921,255.29774390254678,rel_freq,0.14027591548047505,0.13371525968498174,0.1467105713398497
OLMo-2-7B,attn_zeroed,grid,NA,0.009334218154111174,5.811835115308586,334.2319173390403,y_pred,0.6687466033768762,0.6623885421135499,0.6751967840321019
OLMo-2-7B,attn_zeroed,grid,NA,0.009334218154111174,5.811835115308586,334.2319173390403,rel_freq,0.1438089034688297,0.13732595620635482,0.15020348398578806
OLMo-2-7B,attn_zeroed,grid,NA,0.1191429630950318,6.081239743453251,437.57133478928745,y_pred,0.6651203145550706,0.6587398719705522,0.6715310759757891
OLMo-2-7B,attn_zeroed,grid,NA,0.1191429630950318,6.081239743453251,437.57133478928745,rel_freq,0.1473418914571844,0.14085185262701103,0.15369933649007583
OLMo-2-7B,attn_zeroed,grid,NA,0.22895170803595288,6.350644371597918,572.8617259346175,y_pred,0.6614940257332649,0.6550312816694831,0.6681218490334464
OLMo-2-7B,attn_zeroed,grid,NA,0.22895170803595288,6.350644371597918,572.8617259346175,rel_freq,0.1508748794455391,0.1442622244431772,0.15733065717165812
OLMo-2-7B,attn_zeroed,grid,NA,0.3387604529768735,6.620048999742583,749.9818451289063,y_pred,0.6578677369114593,0.6512935678607685,0.6646420576684683
OLMo-2-7B,attn_zeroed,grid,NA,0.3387604529768735,6.620048999742583,749.9818451289063,rel_freq,0.15440786743389376,0.1477058887243967,0.16102369242111092
OLMo-2-7B,attn_zeroed,grid,NA,0.44856919791779415,6.889453627887248,981.8648070881168,y_pred,0.6542414480896537,0.6474588821367819,0.6611664244463238
OLMo-2-7B,attn_zeroed,grid,NA,0.44856919791779415,6.889453627887248,981.8648070881168,rel_freq,0.15794085542224845,0.1510777679678058,0.16464870244317356
OLMo-2-7B,attn_zeroed,grid,NA,0.5583779428587148,7.1588582560319125,1285.4424485868497,y_pred,0.6506151592678481,0.6435692228249564,0.6578669383962714
OLMo-2-7B,attn_zeroed,grid,NA,0.5583779428587148,7.1588582560319125,1285.4424485868497,rel_freq,0.1614738434106031,0.1543714716969921,0.16841531330121212
OLMo-2-7B,attn_zeroed,grid,NA,0.6681866877996354,7.428262884176577,1682.8816724059095,y_pred,0.6469888704460424,0.6396194007303012,0.6545897072241074
OLMo-2-7B,attn_zeroed,grid,NA,0.6681866877996354,7.428262884176577,1682.8816724059095,rel_freq,0.1650068313989578,0.15763342454874915,0.17219126890793723
OLMo-2-7B,attn_zeroed,grid,NA,0.7779954327405565,7.697667512321244,2203.2030499950993,y_pred,0.6433625816242368,0.635583514114747,0.6513458528410279
OLMo-2-7B,attn_zeroed,grid,NA,0.7779954327405565,7.697667512321244,2203.2030499950993,rel_freq,0.1685398193873125,0.1608344308389809,0.1761059414609829
OLMo-2-7B,attn_zeroed,grid,NA,0.8878041776814771,7.967072140465909,2884.399871422983,y_pred,0.6397362928024312,0.6315120514933231,0.6481223631100863
OLMo-2-7B,attn_zeroed,grid,NA,0.8878041776814771,7.967072140465909,2884.399871422983,rel_freq,0.17207280737566716,0.16395989504382247,0.17996852406148794
OLMo-2-7B,attn_zeroed,grid,NA,0.9976129226223978,8.236476768610574,3776.212373291434,y_pred,0.6361100039806254,0.627348896021681,0.6449612564062357
OLMo-2-7B,attn_zeroed,grid,NA,0.9976129226223978,8.236476768610574,3776.212373291434,rel_freq,0.17560579536402185,0.16717593981471288,0.1838936998943469
OLMo-2-7B,attn_zeroed,grid,NA,1.1074216675633184,8.505881396755239,4943.759715661212,y_pred,0.6324837151588198,0.6232759420989492,0.6418239497254916
OLMo-2-7B,attn_zeroed,grid,NA,1.1074216675633184,8.505881396755239,4943.759715661212,rel_freq,0.17913878335237654,0.17028645865631528,0.18785725899959074
OLMo-2-7B,attn_zeroed,grid,NA,1.2172304125042395,8.775286024899906,6472.294910916661,y_pred,0.6288574263370142,0.6191185676098037,0.6387329875341529
OLMo-2-7B,attn_zeroed,grid,NA,1.2172304125042395,8.775286024899906,6472.294910916661,rel_freq,0.18267177134073123,0.17327727195852194,0.1917958070578897
OLMo-2-7B,attn_zeroed,grid,NA,1.32703915744516,9.04469065304457,8473.42990420296,y_pred,0.6252311375152085,0.6149757424401477,0.6356423018430861
OLMo-2-7B,attn_zeroed,grid,NA,1.32703915744516,9.04469065304457,8473.42990420296,rel_freq,0.1862047593290859,0.1763004731333053,0.19574903131264443
OLMo-2-7B,attn_zeroed,grid,NA,1.4368479023860807,9.314095281189235,11093.285353907366,y_pred,0.6216048486934029,0.6108034072480605,0.6325655960389707
OLMo-2-7B,attn_zeroed,grid,NA,1.4368479023860807,9.314095281189235,11093.285353907366,rel_freq,0.18973774731744059,0.17940522300497647,0.19978058164453022
OLMo-2-7B,attn_zeroed,grid,NA,1.5466566473270014,9.5834999093339,14523.160200118657,y_pred,0.6179785598715973,0.6065837408995446,0.6295955341240974
OLMo-2-7B,attn_zeroed,grid,NA,1.5466566473270014,9.5834999093339,14523.160200118657,rel_freq,0.19327073530579525,0.18244949140736755,0.20377934267258874
OLMo-2-7B,attn_zeroed,grid,NA,1.656465392267922,9.852904537478565,19013.500101123595,y_pred,0.6143522710497916,0.6023457900765664,0.6265514112551492
OLMo-2-7B,attn_zeroed,grid,NA,1.656465392267922,9.852904537478565,19013.500101123595,rel_freq,0.19680372329414994,0.18548225485793432,0.20784482214910133
OLMo-2-7B,attn_zeroed,grid,NA,1.766274137208843,10.122309165623232,24892.184697685425,y_pred,0.610725982227986,0.598164587198799,0.6236026871512396
OLMo-2-7B,attn_zeroed,grid,NA,1.766274137208843,10.122309165623232,24892.184697685425,rel_freq,0.20033671128250463,0.18854229310065726,0.21188225130117333
OLMo-2-7B,attn_zeroed,grid,NA,1.8760828821497637,10.391713793767897,32588.46902086518,y_pred,0.6070996934061804,0.5939319546557671,0.6205896323333849
OLMo-2-7B,attn_zeroed,grid,NA,1.8760828821497637,10.391713793767897,32588.46902086518,rel_freq,0.2038696992708593,0.19163183834819103,0.2159961892709806
OLMo-2-7B,attn_zeroed,grid,NA,1.9858916270906843,10.661118421912562,42664.32721843975,y_pred,0.6034734045843747,0.5897626704992746,0.6175958313671125
OLMo-2-7B,attn_zeroed,grid,NA,1.9858916270906843,10.661118421912562,42664.32721843975,rel_freq,0.20740268725921399,0.19461874027633563,0.2200306611282116
OLMo-2-7B,attn_zeroed,grid,NA,2.095700372031605,10.930523050057229,55855.48728406563,y_pred,0.5998471157625691,0.5855057232841512,0.6146700282553672
OLMo-2-7B,attn_zeroed,grid,NA,2.095700372031605,10.930523050057229,55855.48728406563,rel_freq,0.21093567524756865,0.19761375527676298,0.2241257211921522
OLMo-2-7B,attn_zeroed,grid,NA,2.205509116972525,11.199927678201892,73125.15309961332,y_pred,0.5962208269407635,0.581213937327941,0.6116736408986195
OLMo-2-7B,attn_zeroed,grid,NA,2.205509116972525,11.199927678201892,73125.15309961332,rel_freq,0.2144686632359233,0.20060552052804023,0.2283205846839528
OLMo-2-7B,default,decile,1,-1.7035538111602464,1.6094379124341005,5.000000000000001,y_pred,0.6849552901771349,0.672004058541353,0.6983586199550643
OLMo-2-7B,default,decile,1,-1.7035538111602464,1.6094379124341005,5.000000000000001,rel_freq,0.12102900722725358,0.1095975382993383,0.13232793025054812
OLMo-2-7B,default,decile,2,-1.099654998218199,3.091042453358316,22.000000000000004,y_pred,0.6646686643894439,0.6546435072430209,0.6748968909772378
OLMo-2-7B,default,decile,2,-1.099654998218199,3.091042453358316,22.000000000000004,rel_freq,0.16238184095008837,0.15342151152638853,0.1710662164194896
OLMo-2-7B,default,decile,3,-0.6839739164040122,4.110873864173311,61.00000000000001,y_pred,0.6507047910168428,0.6423451814223977,0.659147386212913
OLMo-2-7B,default,decile,3,-0.6839739164040122,4.110873864173311,61.00000000000001,rel_freq,0.19084619671566216,0.18328901377855725,0.19837030722594734
OLMo-2-7B,default,decile,4,-0.36626148122012114,4.890349128221754,133,y_pred,0.6400319545373808,0.632723505341155,0.6474725010559074
OLMo-2-7B,default,decile,4,-0.36626148122012114,4.890349128221754,133,rel_freq,0.21260200948142954,0.20574488247479122,0.21938693410544144
OLMo-2-7B,default,decile,5,-0.08991202955537367,5.568344503761097,261.99999999999994,y_pred,0.6307486146923424,0.6240674511513146,0.6375786429452026
OLMo-2-7B,default,decile,5,-0.08991202955537367,5.568344503761097,261.99999999999994,rel_freq,0.2315254328748541,0.22493589829348895,0.2382305217329729
OLMo-2-7B,default,decile,6,0.16276586922739253,6.18826412308259,486.99999999999994,y_pred,0.6222604675597897,0.6156773565227825,0.6288127447177851
OLMo-2-7B,default,decile,6,0.16276586922739253,6.18826412308259,486.99999999999994,rel_freq,0.24882791287625414,0.2420665768765293,0.2556678800544119
OLMo-2-7B,default,decile,7,0.426010740589503,6.834108738813838,928.9999999999997,y_pred,0.6134173466901939,0.6064969264575757,0.62023301599677
OLMo-2-7B,default,decile,7,0.426010740589503,6.834108738813838,928.9999999999997,rel_freq,0.266853981417096,0.25969968761144346,0.2740508716430995
OLMo-2-7B,default,decile,8,0.7091936280649008,7.528869256642251,1861,y_pred,0.6039044528997528,0.5965359731054657,0.6113510622405349
OLMo-2-7B,default,decile,8,0.7091936280649008,7.528869256642251,1861,rel_freq,0.28624533408737546,0.2783841514129298,0.2941143160791163
OLMo-2-7B,default,decile,9,1.042999177535325,8.347827345782498,4220.999999999998,y_pred,0.5926910043503666,0.5841321279775699,0.6014124868605325
OLMo-2-7B,default,decile,9,1.042999177535325,8.347827345782498,4220.999999999998,rel_freq,0.30910314583858783,0.2999950003994527,0.31811727069347917
OLMo-2-7B,default,decile,10,1.5904883828701382,9.691036630760662,16172.000000000007,y_pred,0.5742993327765834,0.563329944440031,0.58554630458431
OLMo-2-7B,default,decile,10,1.5904883828701382,9.691036630760662,16172.000000000007,rel_freq,0.3465932511146022,0.33510313702011246,0.3579429420889717
OLMo-2-7B,default,grid,NA,-2.0770319357233826,0.6931471805599454,2,y_pred,0.6975014498822509,0.6825159323234317,0.7130774929915522
OLMo-2-7B,default,grid,NA,-2.0770319357233826,0.6931471805599454,2,rel_freq,0.09545455923499092,0.08225841165454376,0.10833506939819039
OLMo-2-7B,default,grid,NA,-1.967223190782462,0.9625518087046103,2.6183695337834605,y_pred,0.6938126714493544,0.6794473528794015,0.7087437353989965
OLMo-2-7B,default,grid,NA,-1.967223190782462,0.9625518087046103,2.6183695337834605,rel_freq,0.10297386987700544,0.09033224922856152,0.11536508492888697
OLMo-2-7B,default,grid,NA,-1.8574144458415411,1.2319564368492761,3.4279295077227103,y_pred,0.6901238930164578,0.6763479794781586,0.7044515466548467
OLMo-2-7B,default,grid,NA,-1.8574144458415411,1.2319564368492761,3.4279295077227103,rel_freq,0.11049318051901996,0.0982804083858903,0.12241983782181083
OLMo-2-7B,default,grid,NA,-1.7476057009006205,1.501361064993941,4.487793093489239,y_pred,0.6864351145835613,0.6732936249086647,0.7000732431697821
OLMo-2-7B,default,grid,NA,-1.7476057009006205,1.501361064993941,4.487793093489239,rel_freq,0.11801249116103446,0.10636382377311286,0.1294975144333035
OLMo-2-7B,default,grid,NA,-1.6377969559596997,1.7707656931386069,5.875350354958031,y_pred,0.6827463361506647,0.6701579922796841,0.6957404284403333
OLMo-2-7B,default,grid,NA,-1.6377969559596997,1.7707656931386069,5.875350354958031,rel_freq,0.125531801803049,0.11446172869781895,0.13653377545090956
OLMo-2-7B,default,grid,NA,-1.527988211018779,2.040170321283272,7.691919184862973,y_pred,0.6790575577177682,0.6670270737090225,0.6914115067868207
OLMo-2-7B,default,grid,NA,-1.527988211018779,2.040170321283272,7.691919184862973,rel_freq,0.13305111244506349,0.12243250079867964,0.14359824595771908
OLMo-2-7B,default,grid,NA,-1.4181794660778584,2.3095749494279367,10.070143424984858,y_pred,0.6753687792848716,0.6638611798672706,0.6871796174814245
OLMo-2-7B,default,grid,NA,-1.4181794660778584,2.3095749494279367,10.070143424984858,rel_freq,0.14057042308707798,0.13037096833922365,0.15060665692828398
OLMo-2-7B,default,grid,NA,-1.3083707211369375,2.5789795775726025,13.183678372405101,y_pred,0.6716800008519751,0.6607019015029835,0.6829427184483498
OLMo-2-7B,default,grid,NA,-1.3083707211369375,2.5789795775726025,13.183678372405101,rel_freq,0.1480897337290925,0.1383329722415767,0.15764759095525857
OLMo-2-7B,default,grid,NA,-1.1985619761960167,2.848384205717268,17.259870896752723,y_pred,0.6679912224190785,0.6575399230644746,0.6787129581438088
OLMo-2-7B,default,grid,NA,-1.1985619761960167,2.848384205717268,17.259870896752723,rel_freq,0.15560904437110704,0.14631316087270227,0.16468351725206648
OLMo-2-7B,default,grid,NA,-1.088753231255096,3.1177888338619333,22.596360056546576,y_pred,0.664302443986182,0.654331757905491,0.6744961766862873
OLMo-2-7B,default,grid,NA,-1.088753231255096,3.1177888338619333,22.596360056546576,rel_freq,0.16312835501312153,0.15419900911756476,0.1717985674929549
OLMo-2-7B,default,grid,NA,-0.9789444863141754,3.387193462006598,29.58281037323153,y_pred,0.6606136655532854,0.6511499914231776,0.6703208386118589
OLMo-2-7B,default,grid,NA,-0.9789444863141754,3.387193462006598,29.58281037323153,rel_freq,0.17064766565513603,0.16214258077593097,0.17893452644754418
OLMo-2-7B,default,grid,NA,-0.8691357413732546,3.656598090151264,38.729364702481405,y_pred,0.6569248871203889,0.6479620589543186,0.6661723276399663
OLMo-2-7B,default,grid,NA,-0.8691357413732546,3.656598090151264,38.729364702481405,rel_freq,0.17816697629715056,0.17002417405167525,0.18617258244844542
OLMo-2-7B,default,grid,NA,-0.7593269964323339,3.926002718295929,50.70389429988292,y_pred,0.6532361086874923,0.6446317755994445,0.661977147958161
OLMo-2-7B,default,grid,NA,-0.7593269964323339,3.926002718295929,50.70389429988292,rel_freq,0.18568628693916508,0.17789536393372735,0.19340825322136238
OLMo-2-7B,default,grid,NA,-0.6495182514914131,4.195407346440595,66.3807660394952,y_pred,0.6495473302545958,0.6413347588024892,0.6578861639157751
OLMo-2-7B,default,grid,NA,-0.6495182514914131,4.195407346440595,66.3807660394952,rel_freq,0.19320559758117958,0.1857734612153531,0.20063973068110805
OLMo-2-7B,default,grid,NA,-0.5397095065504924,4.46481197458526,86.904687713511,y_pred,0.6458585518216992,0.6380141088207791,0.6537964480860775
OLMo-2-7B,default,grid,NA,-0.5397095065504924,4.46481197458526,86.904687713511,rel_freq,0.2007249082231941,0.19352972815686087,0.20786751333730635
OLMo-2-7B,default,grid,NA,-0.4299007616095716,4.7342166027299255,113.77429332601157,y_pred,0.6421697733888027,0.6346683777593394,0.6498022430307999
OLMo-2-7B,default,grid,NA,-0.4299007616095716,4.7342166027299255,113.77429332601157,rel_freq,0.2082442188652086,0.201281675795979,0.2151076025690099
OLMo-2-7B,default,grid,NA,-0.32009201666865095,5.00362123087459,148.95157168628577,y_pred,0.638480994955906,0.6313050048717151,0.6457792932765752
OLMo-2-7B,default,grid,NA,-0.32009201666865095,5.00362123087459,148.95157168628577,rel_freq,0.21576352950722313,0.20892479136584724,0.22254530099095463
OLMo-2-7B,default,grid,NA,-0.21028327172773031,5.273025859019255,195.00512865626686,y_pred,0.6347922165230095,0.6278754558518785,0.641830021143218
OLMo-2-7B,default,grid,NA,-0.21028327172773031,5.273025859019255,195.00512865626686,rel_freq,0.22328284014923763,0.21656609296819535,0.22997215830994605
OLMo-2-7B,default,grid,NA,-0.10047452678680946,5.542430487163921,255.29774390254678,y_pred,0.6311034380901129,0.6243930913538422,0.6379558853835233
OLMo-2-7B,default,grid,NA,-0.10047452678680946,5.542430487163921,255.29774390254678,rel_freq,0.23080215079125216,0.22419990510987017,0.23749380713005033
OLMo-2-7B,default,grid,NA,0.009334218154111174,5.811835115308586,334.2319173390403,y_pred,0.6274146596572163,0.6207908353016148,0.6340305048294589
OLMo-2-7B,default,grid,NA,0.009334218154111174,5.811835115308586,334.2319173390403,rel_freq,0.23832146143326666,0.23172405146767744,0.24508800948636605
OLMo-2-7B,default,grid,NA,0.1191429630950318,6.081239743453251,437.57133478928745,y_pred,0.6237258812243198,0.6171258934507812,0.6302777815762427
OLMo-2-7B,default,grid,NA,0.1191429630950318,6.081239743453251,437.57133478928745,rel_freq,0.24584077207528116,0.2390971559726649,0.25265398664766103
OLMo-2-7B,default,grid,NA,0.22895170803595288,6.350644371597918,572.8617259346175,y_pred,0.6200371027914232,0.6134031620926559,0.6265923568196116
OLMo-2-7B,default,grid,NA,0.22895170803595288,6.350644371597918,572.8617259346175,rel_freq,0.2533600827172957,0.24653592414231695,0.26022413013730383
OLMo-2-7B,default,grid,NA,0.3387604529768735,6.620048999742583,749.9818451289063,y_pred,0.6163483243585267,0.6095990114223203,0.6229950734935056
OLMo-2-7B,default,grid,NA,0.3387604529768735,6.620048999742583,749.9818451289063,rel_freq,0.2608793933593102,0.25391124583389846,0.2679172108116772
OLMo-2-7B,default,grid,NA,0.44856919791779415,6.889453627887248,981.8648070881168,y_pred,0.6126595459256301,0.6056975320957172,0.6195361000607084
OLMo-2-7B,default,grid,NA,0.44856919791779415,6.889453627887248,981.8648070881168,rel_freq,0.2683987040013247,0.26120897575933777,0.27565207993400453
OLMo-2-7B,default,grid,NA,0.5583779428587148,7.1588582560319125,1285.4424485868497,y_pred,0.6089707674927336,0.6018503953264487,0.6160562351921893
OLMo-2-7B,default,grid,NA,0.5583779428587148,7.1588582560319125,1285.4424485868497,rel_freq,0.2759180146433392,0.26847137569018004,0.2833928456060009
OLMo-2-7B,default,grid,NA,0.6681866877996354,7.428262884176577,1682.8816724059095,y_pred,0.605281989059837,0.5979616505183133,0.6126366824639072
OLMo-2-7B,default,grid,NA,0.6681866877996354,7.428262884176577,1682.8816724059095,rel_freq,0.2834373252853537,0.27568702344384727,0.2912176863011227
OLMo-2-7B,default,grid,NA,0.7779954327405565,7.697667512321244,2203.2030499950993,y_pred,0.6015932106269405,0.5940106497239978,0.6092908919351258
OLMo-2-7B,default,grid,NA,0.7779954327405565,7.697667512321244,2203.2030499950993,rel_freq,0.29095663592736826,0.28278206565912556,0.2990093110627441
OLMo-2-7B,default,grid,NA,0.8878041776814771,7.967072140465909,2884.399871422983,y_pred,0.5979044321940439,0.5898993684865007,0.6060308088662661
OLMo-2-7B,default,grid,NA,0.8878041776814771,7.967072140465909,2884.399871422983,rel_freq,0.29847594656938276,0.2898644627664502,0.3068811304017597
OLMo-2-7B,default,grid,NA,0.9976129226223978,8.236476768610574,3776.212373291434,y_pred,0.5942156537611474,0.5858090010898084,0.6027220268454669
OLMo-2-7B,default,grid,NA,0.9976129226223978,8.236476768610574,3776.212373291434,rel_freq,0.30599525721139725,0.2970434984396679,0.3148204663787322
OLMo-2-7B,default,grid,NA,1.1074216675633184,8.505881396755239,4943.759715661212,y_pred,0.5905268753282508,0.5816850299177199,0.5995217406188079
OLMo-2-7B,default,grid,NA,1.1074216675633184,8.505881396755239,4943.759715661212,rel_freq,0.31351456785341175,0.3041432658085676,0.32281752304999395
OLMo-2-7B,default,grid,NA,1.2172304125042395,8.775286024899906,6472.294910916661,y_pred,0.5868380968953543,0.5775419223377275,0.5963155033568092
OLMo-2-7B,default,grid,NA,1.2172304125042395,8.775286024899906,6472.294910916661,rel_freq,0.3210338784954263,0.3111898365071707,0.33077742565682206
OLMo-2-7B,default,grid,NA,1.32703915744516,9.04469065304457,8473.42990420296,y_pred,0.5831493184624577,0.5733663908028124,0.5932233696599786
OLMo-2-7B,default,grid,NA,1.32703915744516,9.04469065304457,8473.42990420296,rel_freq,0.3285531891374408,0.3182779341467944,0.3386955854262465
OLMo-2-7B,default,grid,NA,1.4368479023860807,9.314095281189235,11093.285353907366,y_pred,0.5794605400295612,0.5691568407857476,0.5900018113103191
OLMo-2-7B,default,grid,NA,1.4368479023860807,9.314095281189235,11093.285353907366,rel_freq,0.3360724997794553,0.32526243863606086,0.3466846305735435
OLMo-2-7B,default,grid,NA,1.5466566473270014,9.5834999093339,14523.160200118657,y_pred,0.5757717615966645,0.5650139406395296,0.5868478138051166
OLMo-2-7B,default,grid,NA,1.5466566473270014,9.5834999093339,14523.160200118657,rel_freq,0.3435918104214698,0.33232241590913186,0.35474069156049803
OLMo-2-7B,default,grid,NA,1.656465392267922,9.852904537478565,19013.500101123595,y_pred,0.572082983163768,0.5608487978404365,0.5835687467329108
OLMo-2-7B,default,grid,NA,1.656465392267922,9.852904537478565,19013.500101123595,rel_freq,0.35111112106348435,0.3392968208637651,0.36275976605907895
OLMo-2-7B,default,grid,NA,1.766274137208843,10.122309165623232,24892.184697685425,y_pred,0.5683942047308714,0.5566607136698025,0.5804945550913668
OLMo-2-7B,default,grid,NA,1.766274137208843,10.122309165623232,24892.184697685425,rel_freq,0.35863043170549885,0.3462768666357622,0.37080330426031494
OLMo-2-7B,default,grid,NA,1.8760828821497637,10.391713793767897,32588.46902086518,y_pred,0.5647054262979749,0.5523257092291823,0.5773250224003189
OLMo-2-7B,default,grid,NA,1.8760828821497637,10.391713793767897,32588.46902086518,rel_freq,0.36614974234751335,0.35328217971749903,0.3788587278570949
OLMo-2-7B,default,grid,NA,1.9858916270906843,10.661118421912562,42664.32721843975,y_pred,0.5610166478650783,0.5480556923908827,0.5743954925960796
OLMo-2-7B,default,grid,NA,1.9858916270906843,10.661118421912562,42664.32721843975,rel_freq,0.3736690529895279,0.36021993674818586,0.38688268439518186
OLMo-2-7B,default,grid,NA,2.095700372031605,10.930523050057229,55855.48728406563,y_pred,0.5573278694321818,0.5437432837321582,0.5713168296673953
OLMo-2-7B,default,grid,NA,2.095700372031605,10.930523050057229,55855.48728406563,rel_freq,0.3811883636315424,0.3671730552181396,0.39495796729455923
OLMo-2-7B,default,grid,NA,2.205509116972525,11.199927678201892,73125.15309961332,y_pred,0.5536390909992852,0.5394088096996531,0.5682365082781347
OLMo-2-7B,default,grid,NA,2.205509116972525,11.199927678201892,73125.15309961332,rel_freq,0.38870767427355685,0.37411773549183563,0.4030537012636907
OLMo-7B,attn_zeroed,decile,1,-1.7035538111602464,1.6094379124341005,5.000000000000001,y_pred,0.6834306335815958,0.6696875211875152,0.6975943550620017
OLMo-7B,attn_zeroed,decile,1,-1.7035538111602464,1.6094379124341005,5.000000000000001,rel_freq,0.0938617731206058,0.08216999543200675,0.10600487702374861
OLMo-7B,attn_zeroed,decile,2,-1.099654998218199,3.091042453358316,22.000000000000004,y_pred,0.6667010819261016,0.6561995464373174,0.6773613098477563
OLMo-7B,attn_zeroed,decile,2,-1.099654998218199,3.091042453358316,22.000000000000004,rel_freq,0.11731929335160739,0.10802235765917291,0.12680021846027184
OLMo-7B,attn_zeroed,decile,3,-0.6839739164040122,4.110873864173311,61.00000000000001,y_pred,0.6551856459269095,0.6467786249490077,0.6639134437605618
OLMo-7B,attn_zeroed,decile,3,-0.6839739164040122,4.110873864173311,61.00000000000001,rel_freq,0.13346578540844248,0.12560711804271166,0.14140058991567298
OLMo-7B,attn_zeroed,decile,4,-0.36626148122012114,4.890349128221754,133,y_pred,0.646384193627132,0.6390899005194101,0.653847419619726
OLMo-7B,attn_zeroed,decile,4,-0.36626148122012114,4.890349128221754,133,rel_freq,0.14580683612132422,0.13861920727560353,0.1530161995084617
OLMo-7B,attn_zeroed,decile,5,-0.08991202955537367,5.568344503761097,261.99999999999994,y_pred,0.6387286024461032,0.6319925526885172,0.6455214778603372
OLMo-7B,attn_zeroed,decile,5,-0.08991202955537367,5.568344503761097,261.99999999999994,rel_freq,0.15654120538042407,0.14979826126868517,0.16347208641673577
OLMo-7B,attn_zeroed,decile,6,0.16276586922739253,6.18826412308259,486.99999999999994,y_pred,0.6317287742144592,0.625183743356526,0.6382600561153589
OLMo-7B,attn_zeroed,decile,6,0.16276586922739253,6.18826412308259,486.99999999999994,rel_freq,0.16635608958883616,0.15965219080226006,0.17327416351287508
OLMo-7B,attn_zeroed,decile,7,0.426010740589503,6.834108738813838,928.9999999999997,y_pred,0.6244362136412047,0.6175360434981076,0.631231685947005
OLMo-7B,attn_zeroed,decile,7,0.426010740589503,6.834108738813838,928.9999999999997,rel_freq,0.17658143158876605,0.16958601130485468,0.18368481621145163
OLMo-7B,attn_zeroed,decile,8,0.7091936280649008,7.528869256642251,1861,y_pred,0.616591318697809,0.6090027759638666,0.6241662873312638
OLMo-7B,attn_zeroed,decile,8,0.7091936280649008,7.528869256642251,1861,rel_freq,0.18758123514801736,0.17995965732653948,0.19522063763494404
OLMo-7B,attn_zeroed,decile,9,1.042999177535325,8.347827345782498,4220.999999999998,y_pred,0.6073440457059147,0.5985546746144293,0.6162680476908557
OLMo-7B,attn_zeroed,decile,9,1.042999177535325,8.347827345782498,4220.999999999998,rel_freq,0.20054739812452002,0.191874964593534,0.20927399175663594
OLMo-7B,attn_zeroed,decile,10,1.5904883828701382,9.691036630760662,16172.000000000007,y_pred,0.5921771853889476,0.5806959040806072,0.6037149268683161
OLMo-7B,attn_zeroed,decile,10,1.5904883828701382,9.691036630760662,16172.000000000007,rel_freq,0.2218137739397492,0.2110022740945018,0.2325146566470528
OLMo-7B,attn_zeroed,grid,NA,-2.0770319357233826,0.6931471805599454,2,y_pred,0.6937769390274316,0.6777777885812647,0.7102798921868884
OLMo-7B,attn_zeroed,grid,NA,-2.0770319357233826,0.6931471805599454,2,rel_freq,0.07935459000478633,0.06604600036998635,0.09324194764165375
OLMo-7B,attn_zeroed,grid,NA,-1.967223190782462,0.9625518087046103,2.6183695337834605,y_pred,0.6907349541264107,0.6753657040861055,0.7065048787042874
OLMo-7B,attn_zeroed,grid,NA,-1.967223190782462,0.9625518087046103,2.6183695337834605,rel_freq,0.08361994175045986,0.07084340306720746,0.09697712145528302
OLMo-7B,attn_zeroed,grid,NA,-1.8574144458415411,1.2319564368492761,3.4279295077227103,y_pred,0.6876929692253899,0.6729904907948736,0.7027351202646658
OLMo-7B,attn_zeroed,grid,NA,-1.8574144458415411,1.2319564368492761,3.4279295077227103,rel_freq,0.0878852934961334,0.07554094396142727,0.10066174902063371
OLMo-7B,attn_zeroed,grid,NA,-1.7476057009006205,1.501361064993941,4.487793093489239,y_pred,0.6846509843243691,0.6706252156027607,0.6990922108069176
OLMo-7B,attn_zeroed,grid,NA,-1.7476057009006205,1.501361064993941,4.487793093489239,rel_freq,0.09215064524180694,0.08028697811613547,0.10450195663020086
OLMo-7B,attn_zeroed,grid,NA,-1.6377969559596997,1.7707656931386069,5.875350354958031,y_pred,0.6816089994233482,0.6682776976429596,0.6953548852513639
OLMo-7B,attn_zeroed,grid,NA,-1.6377969559596997,1.7707656931386069,5.875350354958031,rel_freq,0.09641599698748049,0.0849903865478272,0.10825240324324345
OLMo-7B,attn_zeroed,grid,NA,-1.527988211018779,2.040170321283272,7.691919184862973,y_pred,0.6785670145223274,0.6658716475647757,0.6915928333562291
OLMo-7B,attn_zeroed,grid,NA,-1.527988211018779,2.040170321283272,7.691919184862973,rel_freq,0.10068134873315403,0.08972156409024323,0.11202604644683185
OLMo-7B,attn_zeroed,grid,NA,-1.4181794660778584,2.3095749494279367,10.070143424984858,y_pred,0.6755250296213066,0.6634523479681498,0.6878602990484821
OLMo-7B,attn_zeroed,grid,NA,-1.4181794660778584,2.3095749494279367,10.070143424984858,rel_freq,0.10494670047882755,0.09443997036704167,0.11577569661597416
OLMo-7B,attn_zeroed,grid,NA,-1.3083707211369375,2.5789795775726025,13.183678372405101,y_pred,0.6724830447202856,0.6609917985898016,0.6842099409053692
OLMo-7B,attn_zeroed,grid,NA,-1.3083707211369375,2.5789795775726025,13.183678372405101,rel_freq,0.1092120522245011,0.09920593004131617,0.11958319137200692
OLMo-7B,attn_zeroed,grid,NA,-1.1985619761960167,2.848384205717268,17.259870896752723,y_pred,0.6694410598192648,0.6584507664114874,0.6806067968538366
OLMo-7B,attn_zeroed,grid,NA,-1.1985619761960167,2.848384205717268,17.259870896752723,rel_freq,0.11347740397017464,0.1038194501400382,0.12338891350969418
OLMo-7B,attn_zeroed,grid,NA,-1.088753231255096,3.1177888338619333,22.596360056546576,y_pred,0.6663990749182439,0.6559439976014103,0.6770036016183165
OLMo-7B,attn_zeroed,grid,NA,-1.088753231255096,3.1177888338619333,22.596360056546576,rel_freq,0.11774275571584818,0.10849235869394414,0.12718381404237203
OLMo-7B,attn_zeroed,grid,NA,-0.9789444863141754,3.387193462006598,29.58281037323153,y_pred,0.6633570900172231,0.6535138467979,0.6734747568937753
OLMo-7B,attn_zeroed,grid,NA,-0.9789444863141754,3.387193462006598,29.58281037323153,rel_freq,0.12200810746152171,0.11319836864489581,0.13100923206695053
OLMo-7B,attn_zeroed,grid,NA,-0.8691357413732546,3.656598090151264,38.729364702481405,y_pred,0.6603151051162023,0.6510501676819019,0.6699016762684739
OLMo-7B,attn_zeroed,grid,NA,-0.8691357413732546,3.656598090151264,38.729364702481405,rel_freq,0.12627345920719527,0.11779698280410196,0.13487779790716126
OLMo-7B,attn_zeroed,grid,NA,-0.7593269964323339,3.926002718295929,50.70389429988292,y_pred,0.6572731202151814,0.6485178124340228,0.66634537025782
OLMo-7B,attn_zeroed,grid,NA,-0.7593269964323339,3.926002718295929,50.70389429988292,rel_freq,0.1305388109528688,0.12242280996062185,0.13874356158643913
OLMo-7B,attn_zeroed,grid,NA,-0.6495182514914131,4.195407346440595,66.3807660394952,y_pred,0.6542311353141606,0.6459273938181637,0.6628253619808315
OLMo-7B,attn_zeroed,grid,NA,-0.6495182514914131,4.195407346440595,66.3807660394952,rel_freq,0.13480416269854234,0.1270583363493576,0.14264964508603015
OLMo-7B,attn_zeroed,grid,NA,-0.5397095065504924,4.46481197458526,86.904687713511,y_pred,0.6511891504131397,0.6433857873007915,0.659250827112214
OLMo-7B,attn_zeroed,grid,NA,-0.5397095065504924,4.46481197458526,86.904687713511,rel_freq,0.13906951444421586,0.13154871455741157,0.14668102660208793
OLMo-7B,attn_zeroed,grid,NA,-0.4299007616095716,4.7342166027299255,113.77429332601157,y_pred,0.6481471655121188,0.6406505915786858,0.655801080242476
OLMo-7B,attn_zeroed,grid,NA,-0.4299007616095716,4.7342166027299255,113.77429332601157,rel_freq,0.14333486618988941,0.1360023562387942,0.1506331529270571
OLMo-7B,attn_zeroed,grid,NA,-0.32009201666865095,5.00362123087459,148.95157168628577,y_pred,0.645105180611098,0.6379450316919056,0.6524077899426115
OLMo-7B,attn_zeroed,grid,NA,-0.32009201666865095,5.00362123087459,148.95157168628577,rel_freq,0.14760021793556294,0.1405034042410131,0.15475192255267783
OLMo-7B,attn_zeroed,grid,NA,-0.21028327172773031,5.273025859019255,195.00512865626686,y_pred,0.6420631957100772,0.6350825085793899,0.6491010648880985
OLMo-7B,attn_zeroed,grid,NA,-0.21028327172773031,5.273025859019255,195.00512865626686,rel_freq,0.1518655696812365,0.14498692279659264,0.1588850975244716
OLMo-7B,attn_zeroed,grid,NA,-0.10047452678680946,5.542430487163921,255.29774390254678,y_pred,0.6390212108090563,0.6322729798756702,0.6458354494763667
OLMo-7B,attn_zeroed,grid,NA,-0.10047452678680946,5.542430487163921,255.29774390254678,rel_freq,0.15613092142691004,0.14937590337266243,0.1630669143517466
OLMo-7B,attn_zeroed,grid,NA,0.009334218154111174,5.811835115308586,334.2319173390403,y_pred,0.6359792259080355,0.6293852487737835,0.6426321320224907
OLMo-7B,attn_zeroed,grid,NA,0.009334218154111174,5.811835115308586,334.2319173390403,rel_freq,0.16039627317258356,0.15371976922790145,0.16723725285825544
OLMo-7B,attn_zeroed,grid,NA,0.1191429630950318,6.081239743453251,437.57133478928745,y_pred,0.6329372410070145,0.6264025014562291,0.6394845990682556
OLMo-7B,attn_zeroed,grid,NA,0.1191429630950318,6.081239743453251,437.57133478928745,rel_freq,0.1646616249182571,0.15796661327329192,0.17155671159342897
OLMo-7B,attn_zeroed,grid,NA,0.22895170803595288,6.350644371597918,572.8617259346175,y_pred,0.6298952561059937,0.6233123665826076,0.6364860651142114
OLMo-7B,attn_zeroed,grid,NA,0.22895170803595288,6.350644371597918,572.8617259346175,rel_freq,0.16892697666393064,0.16213585082647086,0.17585046690129502
OLMo-7B,attn_zeroed,grid,NA,0.3387604529768735,6.620048999742583,749.9818451289063,y_pred,0.6268532712049729,0.6201505785913389,0.6335199534060383
OLMo-7B,attn_zeroed,grid,NA,0.3387604529768735,6.620048999742583,749.9818451289063,rel_freq,0.1731923284096042,0.16629081192180442,0.1802578606338674
OLMo-7B,attn_zeroed,grid,NA,0.44856919791779415,6.889453627887248,981.8648070881168,y_pred,0.623811286303952,0.6168675683275098,0.6306549484192321
OLMo-7B,attn_zeroed,grid,NA,0.44856919791779415,6.889453627887248,981.8648070881168,rel_freq,0.17745768015527771,0.17040114409785267,0.18457594033288524
OLMo-7B,attn_zeroed,grid,NA,0.5583779428587148,7.1588582560319125,1285.4424485868497,y_pred,0.6207693014029312,0.6135868920883614,0.6278586928851468
OLMo-7B,attn_zeroed,grid,NA,0.5583779428587148,7.1588582560319125,1285.4424485868497,rel_freq,0.18172303190095127,0.17447819781457355,0.18902039234047072
OLMo-7B,attn_zeroed,grid,NA,0.6681866877996354,7.428262884176577,1682.8816724059095,y_pred,0.6177273165019104,0.6102770857921217,0.6251585826551785
OLMo-7B,attn_zeroed,grid,NA,0.6681866877996354,7.428262884176577,1682.8816724059095,rel_freq,0.1859883836466248,0.17846366919371578,0.1935089123648039
OLMo-7B,attn_zeroed,grid,NA,0.7779954327405565,7.697667512321244,2203.2030499950993,y_pred,0.6146853316008895,0.6068882113072146,0.6224696357753481
OLMo-7B,attn_zeroed,grid,NA,0.7779954327405565,7.697667512321244,2203.2030499950993,rel_freq,0.19025373539229834,0.1824328992769384,0.19810683354768213
OLMo-7B,attn_zeroed,grid,NA,0.8878041776814771,7.967072140465909,2884.399871422983,y_pred,0.6116433466998686,0.6034663182531331,0.6198974242487533
OLMo-7B,attn_zeroed,grid,NA,0.8878041776814771,7.967072140465909,2884.399871422983,rel_freq,0.1945190871379719,0.18642614569774352,0.2026979657981726
OLMo-7B,attn_zeroed,grid,NA,0.9976129226223978,8.236476768610574,3776.212373291434,y_pred,0.6086013617988478,0.5999855998022524,0.6173534649439095
OLMo-7B,attn_zeroed,grid,NA,0.9976129226223978,8.236476768610574,3776.212373291434,rel_freq,0.19878443888364541,0.19030938918420073,0.20733423935546705
OLMo-7B,attn_zeroed,grid,NA,1.1074216675633184,8.505881396755239,4943.759715661212,y_pred,0.6055593768978269,0.5964338498701371,0.6147249084124782
OLMo-7B,attn_zeroed,grid,NA,1.1074216675633184,8.505881396755239,4943.759715661212,rel_freq,0.20304979062931894,0.19414025588000494,0.2120216581003291
OLMo-7B,attn_zeroed,grid,NA,1.2172304125042395,8.775286024899906,6472.294910916661,y_pred,0.6025173919968061,0.5928872594275292,0.6122534843903907
OLMo-7B,attn_zeroed,grid,NA,1.2172304125042395,8.775286024899906,6472.294910916661,rel_freq,0.2073151423749925,0.19797617170227652,0.21664382991469705
OLMo-7B,attn_zeroed,grid,NA,1.32703915744516,9.04469065304457,8473.42990420296,y_pred,0.5994754070957852,0.5892947651186164,0.60972726310897
OLMo-7B,attn_zeroed,grid,NA,1.32703915744516,9.04469065304457,8473.42990420296,rel_freq,0.21158049412066604,0.20181527049801254,0.22129431171156197
OLMo-7B,attn_zeroed,grid,NA,1.4368479023860807,9.314095281189235,11093.285353907366,y_pred,0.5964334221947644,0.5857534002550603,0.6072070588169458
OLMo-7B,attn_zeroed,grid,NA,1.4368479023860807,9.314095281189235,11093.285353907366,rel_freq,0.21584584586633956,0.20569408958292174,0.22595824092217423
OLMo-7B,attn_zeroed,grid,NA,1.5466566473270014,9.5834999093339,14523.160200118657,y_pred,0.5933914372937436,0.5821671714923864,0.6047206523368152
OLMo-7B,attn_zeroed,grid,NA,1.5466566473270014,9.5834999093339,14523.160200118657,rel_freq,0.22011119761201312,0.20950718907458055,0.23062773276433113
OLMo-7B,attn_zeroed,grid,NA,1.656465392267922,9.852904537478565,19013.500101123595,y_pred,0.5903494523927226,0.5784883120182781,0.6022478034734365
OLMo-7B,attn_zeroed,grid,NA,1.656465392267922,9.852904537478565,19013.500101123595,rel_freq,0.22437654935768664,0.21327781075997432,0.23538957416284276
OLMo-7B,attn_zeroed,grid,NA,1.766274137208843,10.122309165623232,24892.184697685425,y_pred,0.5873074674917018,0.5748890615580351,0.5998423294039013
OLMo-7B,attn_zeroed,grid,NA,1.766274137208843,10.122309165623232,24892.184697685425,rel_freq,0.2286419011033602,0.21701264222509872,0.24016327894946407
OLMo-7B,attn_zeroed,grid,NA,1.8760828821497637,10.391713793767897,32588.46902086518,y_pred,0.584265482590681,0.571230389520901,0.5973541846441937
OLMo-7B,attn_zeroed,grid,NA,1.8760828821497637,10.391713793767897,32588.46902086518,rel_freq,0.23290725284903374,0.22077614632536322,0.2449340409792971
OLMo-7B,attn_zeroed,grid,NA,1.9858916270906843,10.661118421912562,42664.32721843975,y_pred,0.5812234976896601,0.5675088433351578,0.5950131970303358
OLMo-7B,attn_zeroed,grid,NA,1.9858916270906843,10.661118421912562,42664.32721843975,rel_freq,0.23717260459470726,0.22440155275753826,0.2497083220821133
OLMo-7B,attn_zeroed,grid,NA,2.095700372031605,10.930523050057229,55855.48728406563,y_pred,0.5781815127886393,0.5637074220559972,0.5926339049050691
OLMo-7B,attn_zeroed,grid,NA,2.095700372031605,10.930523050057229,55855.48728406563,rel_freq,0.2414379563403808,0.2280310447447792,0.25454737878101147
OLMo-7B,attn_zeroed,grid,NA,2.205509116972525,11.199927678201892,73125.15309961332,y_pred,0.5751395278876185,0.5600906826798998,0.5902052616147797
OLMo-7B,attn_zeroed,grid,NA,2.205509116972525,11.199927678201892,73125.15309961332,rel_freq,0.2457033080860543,0.2317322922186938,0.2593814944407025
OLMo-7B,default,decile,1,-1.7035538111602464,1.6094379124341005,5.000000000000001,y_pred,0.6192022521028189,0.6062181699642016,0.632258055130592
OLMo-7B,default,decile,1,-1.7035538111602464,1.6094379124341005,5.000000000000001,rel_freq,0.11871644984178534,0.10738555940193735,0.1296751929474177
OLMo-7B,default,decile,2,-1.099654998218199,3.091042453358316,22.000000000000004,y_pred,0.6058918890297755,0.5959460492558909,0.6158226452890356
OLMo-7B,default,decile,2,-1.099654998218199,3.091042453358316,22.000000000000004,rel_freq,0.177101535543432,0.16832272179018537,0.1858090155055207
OLMo-7B,default,decile,3,-0.6839739164040122,4.110873864173311,61.00000000000001,y_pred,0.5967299797778141,0.5886338959238854,0.6049479816089665
OLMo-7B,default,decile,3,-0.6839739164040122,4.110873864173311,61.00000000000001,rel_freq,0.21728968472696666,0.20990903880057446,0.22474192431268433
OLMo-7B,default,decile,4,-0.36626148122012114,4.890349128221754,133,y_pred,0.5897273697800955,0.5826409553910419,0.5969684711781843
OLMo-7B,default,decile,4,-0.36626148122012114,4.890349128221754,133,rel_freq,0.24800620106903545,0.2411374826647547,0.25488480133648117
OLMo-7B,default,decile,5,-0.08991202955537367,5.568344503761097,261.99999999999994,y_pred,0.5836364296128607,0.5769329081193262,0.5904611434753357
OLMo-7B,default,decile,5,-0.08991202955537367,5.568344503761097,261.99999999999994,rel_freq,0.2747237339955287,0.2679338811404225,0.28148050196601226
OLMo-7B,default,decile,6,0.16276586922739253,6.18826412308259,486.99999999999994,y_pred,0.5780672274530693,0.5713512476673815,0.5848775443074944
OLMo-7B,default,decile,6,0.16276586922739253,6.18826412308259,486.99999999999994,rel_freq,0.2991526953698236,0.29219036009196014,0.30613959612953195
OLMo-7B,default,decile,7,0.426010740589503,6.834108738813838,928.9999999999997,y_pred,0.5722651216369041,0.5651759996342378,0.5792925587414021
OLMo-7B,default,decile,7,0.426010740589503,6.834108738813838,928.9999999999997,rel_freq,0.3246032742509427,0.3170853964952382,0.3321021649203569
OLMo-7B,default,decile,8,0.7091936280649008,7.528869256642251,1861,y_pred,0.5660235676421091,0.5582419051511941,0.5738951145057123
OLMo-7B,default,decile,8,0.7091936280649008,7.528869256642251,1861,rel_freq,0.35198146543158587,0.34361752288102443,0.3602407304499045
OLMo-7B,default,decile,9,1.042999177535325,8.347827345782498,4220.999999999998,y_pred,0.5586662538603475,0.5496408048108047,0.5678383582260443
OLMo-7B,default,decile,9,1.042999177535325,8.347827345782498,4220.999999999998,rel_freq,0.3842538680193125,0.37460532254212536,0.3936956342328918
OLMo-7B,default,decile,10,1.5904883828701382,9.691036630760662,16172.000000000007,y_pred,0.5465991990071073,0.5350734477584675,0.5583379951878167
OLMo-7B,default,decile,10,1.5904883828701382,9.691036630760662,16172.000000000007,rel_freq,0.4371852589893872,0.42510174422980523,0.44899352918093616
OLMo-7B,default,grid,NA,-2.0770319357233826,0.6931471805599454,2,y_pred,0.62743397790065,0.6123933721326915,0.6424835444224589
OLMo-7B,default,grid,NA,-2.0770319357233826,0.6931471805599454,2,rel_freq,0.08260849294073158,0.06943761399001112,0.09530892665135286
OLMo-7B,default,grid,NA,-1.967223190782462,0.9625518087046103,2.6183695337834605,y_pred,0.6250137143855781,0.6105625934646826,0.6394706486280095
OLMo-7B,default,grid,NA,-1.967223190782462,0.9625518087046103,2.6183695337834605,rel_freq,0.0932248293977154,0.08063082110720622,0.105369425375833
OLMo-7B,default,grid,NA,-1.8574144458415411,1.2319564368492761,3.4279295077227103,y_pred,0.6225934508705062,0.6087309094528556,0.6364329064266697
OLMo-7B,default,grid,NA,-1.8574144458415411,1.2319564368492761,3.4279295077227103,rel_freq,0.10384116585469924,0.09174956011757801,0.11547170456304014
OLMo-7B,default,grid,NA,-1.7476057009006205,1.501361064993941,4.487793093489239,y_pred,0.6201731873554343,0.6069509738168237,0.6334692587753243
OLMo-7B,default,grid,NA,-1.7476057009006205,1.501361064993941,4.487793093489239,rel_freq,0.11445750231168306,0.10289511921016463,0.12559304589846984
OLMo-7B,default,grid,NA,-1.6377969559596997,1.7707656931386069,5.875350354958031,y_pred,0.6177529238403624,0.6051133784811104,0.6304284726794765
OLMo-7B,default,grid,NA,-1.6377969559596997,1.7707656931386069,5.875350354958031,rel_freq,0.1250738387686669,0.1140635305066452,0.1357700873634216
OLMo-7B,default,grid,NA,-1.527988211018779,2.040170321283272,7.691919184862973,y_pred,0.6153326603252905,0.6032531510159375,0.627469904290047
OLMo-7B,default,grid,NA,-1.527988211018779,2.040170321283272,7.691919184862973,rel_freq,0.13569017522565072,0.1251962187008161,0.14597651852708987
OLMo-7B,default,grid,NA,-1.4181794660778584,2.3095749494279367,10.070143424984858,y_pred,0.6129123968102186,0.6014424246143888,0.624434679469242
OLMo-7B,default,grid,NA,-1.4181794660778584,2.3095749494279367,10.070143424984858,rel_freq,0.14630651168263453,0.13634855133154086,0.1561913370434054
OLMo-7B,default,grid,NA,-1.3083707211369375,2.5789795775726025,13.183678372405101,y_pred,0.6104921332951467,0.5995628465543013,0.6214569568961782
OLMo-7B,default,grid,NA,-1.3083707211369375,2.5789795775726025,13.183678372405101,rel_freq,0.15692284813961838,0.1474129537451725,0.1663707118813458
OLMo-7B,default,grid,NA,-1.1985619761960167,2.848384205717268,17.259870896752723,y_pred,0.6080718697800748,0.5976691572387607,0.6184551994228148
OLMo-7B,default,grid,NA,-1.1985619761960167,2.848384205717268,17.259870896752723,rel_freq,0.16753918459660222,0.15845312610120688,0.17662980823697866
OLMo-7B,default,grid,NA,-1.088753231255096,3.1177888338619333,22.596360056546576,y_pred,0.6056516062650029,0.5957410634014992,0.6155245769723066
OLMo-7B,default,grid,NA,-1.088753231255096,3.1177888338619333,22.596360056546576,rel_freq,0.17815552105358604,0.1694177919565388,0.1868682994973858
OLMo-7B,default,grid,NA,-0.9789444863141754,3.387193462006598,29.58281037323153,y_pred,0.6032313427499311,0.5939357481616429,0.6126750424790942
OLMo-7B,default,grid,NA,-0.9789444863141754,3.387193462006598,29.58281037323153,rel_freq,0.18877185751056988,0.1804151751378571,0.19708765834592007
OLMo-7B,default,grid,NA,-0.8691357413732546,3.656598090151264,38.729364702481405,y_pred,0.6008110792348591,0.5919834027910127,0.6098053450755403
OLMo-7B,default,grid,NA,-0.8691357413732546,3.656598090151264,38.729364702481405,rel_freq,0.1993881939675537,0.1914463650178851,0.20730213730575497
OLMo-7B,default,grid,NA,-0.7593269964323339,3.926002718295929,50.70389429988292,y_pred,0.5983908157197873,0.5900217991637722,0.6069122530196401
OLMo-7B,default,grid,NA,-0.7593269964323339,3.926002718295929,50.70389429988292,rel_freq,0.21000453042453754,0.20242877525160533,0.21761561537622293
OLMo-7B,default,grid,NA,-0.6495182514914131,4.195407346440595,66.3807660394952,y_pred,0.5959705522047153,0.5879703532427715,0.604047739664056
OLMo-7B,default,grid,NA,-0.6495182514914131,4.195407346440595,66.3807660394952,rel_freq,0.22062086688152138,0.21335807774503682,0.22799241402262413
OLMo-7B,default,grid,NA,-0.5397095065504924,4.46481197458526,86.904687713511,y_pred,0.5935502886896434,0.5859623334719538,0.6011943077807184
OLMo-7B,default,grid,NA,-0.5397095065504924,4.46481197458526,86.904687713511,rel_freq,0.2312372033385052,0.2241614713639683,0.23835554221522628
OLMo-7B,default,grid,NA,-0.4299007616095716,4.7342166027299255,113.77429332601157,y_pred,0.5911300251745716,0.5838818967122926,0.5984939403754043
OLMo-7B,default,grid,NA,-0.4299007616095716,4.7342166027299255,113.77429332601157,rel_freq,0.24185353979548904,0.23492657756664775,0.24878782023055332
OLMo-7B,default,grid,NA,-0.32009201666865095,5.00362123087459,148.95157168628577,y_pred,0.5887097616594996,0.5816785708654454,0.5958732759693509
OLMo-7B,default,grid,NA,-0.32009201666865095,5.00362123087459,148.95157168628577,rel_freq,0.25246987625247286,0.24562830130834956,0.2592549472788381
OLMo-7B,default,grid,NA,-0.21028327172773031,5.273025859019255,195.00512865626686,y_pred,0.5862894981444278,0.5794028102336416,0.5932604975556282
OLMo-7B,default,grid,NA,-0.21028327172773031,5.273025859019255,195.00512865626686,rel_freq,0.26308621270945665,0.2563321314399088,0.26981444460164694
OLMo-7B,default,grid,NA,-0.10047452678680946,5.542430487163921,255.29774390254678,y_pred,0.5838692346293558,0.5771714491473661,0.5906995093185982
OLMo-7B,default,grid,NA,-0.10047452678680946,5.542430487163921,255.29774390254678,rel_freq,0.2737025491664405,0.26690897051400964,0.28044869403931083
OLMo-7B,default,grid,NA,0.009334218154111174,5.811835115308586,334.2319173390403,y_pred,0.581448971114284,0.5748096406611546,0.5883005544468572
OLMo-7B,default,grid,NA,0.009334218154111174,5.811835115308586,334.2319173390403,rel_freq,0.28431888562342433,0.27746763322198165,0.2911501903750552
OLMo-7B,default,grid,NA,0.1191429630950318,6.081239743453251,437.57133478928745,y_pred,0.5790287075992121,0.5723472347125457,0.5858415677567372
OLMo-7B,default,grid,NA,0.1191429630950318,6.081239743453251,437.57133478928745,rel_freq,0.2949352220804082,0.28804172805306366,0.30186239691682326
OLMo-7B,default,grid,NA,0.22895170803595288,6.350644371597918,572.8617259346175,y_pred,0.5766084440841401,0.5698831337473457,0.5834160642479875
OLMo-7B,default,grid,NA,0.22895170803595288,6.350644371597918,572.8617259346175,rel_freq,0.305551558537392,0.29849776779082654,0.31264775835469916
OLMo-7B,default,grid,NA,0.3387604529768735,6.620048999742583,749.9818451289063,y_pred,0.5741881805690683,0.5672717588966353,0.5811385249636135
OLMo-7B,default,grid,NA,0.3387604529768735,6.620048999742583,749.9818451289063,rel_freq,0.3161678949943758,0.30887737499304485,0.32350376281774273
OLMo-7B,default,grid,NA,0.44856919791779415,6.889453627887248,981.8648070881168,y_pred,0.5717679170539963,0.5646050224215746,0.5788320275775504
OLMo-7B,default,grid,NA,0.44856919791779415,6.889453627887248,981.8648070881168,rel_freq,0.32678423145135965,0.3192239328434323,0.3343317197074997
OLMo-7B,default,grid,NA,0.5583779428587148,7.1588582560319125,1285.4424485868497,y_pred,0.5693476535389245,0.5619744759998352,0.5767487446302701
OLMo-7B,default,grid,NA,0.5583779428587148,7.1588582560319125,1285.4424485868497,rel_freq,0.3374005679083435,0.3295069978015252,0.34522357559170924
OLMo-7B,default,grid,NA,0.6681866877996354,7.428262884176577,1682.8816724059095,y_pred,0.5669273900238526,0.5592549903688594,0.5747099349223528
OLMo-7B,default,grid,NA,0.6681866877996354,7.428262884176577,1682.8816724059095,rel_freq,0.3480169043653273,0.3397449384761873,0.35613126936719847
OLMo-7B,default,grid,NA,0.7779954327405565,7.697667512321244,2203.2030499950993,y_pred,0.5645071265087807,0.556530348811549,0.5726128224713344
OLMo-7B,default,grid,NA,0.7779954327405565,7.697667512321244,2203.2030499950993,rel_freq,0.3586332408223112,0.34997082157810155,0.36713879352533985
OLMo-7B,default,grid,NA,0.8878041776814771,7.967072140465909,2884.399871422983,y_pred,0.5620868629937088,0.5537190503217695,0.5705883534113657
OLMo-7B,default,grid,NA,0.8878041776814771,7.967072140465909,2884.399871422983,rel_freq,0.36924957727929497,0.3602032727769931,0.3781368619556658
OLMo-7B,default,grid,NA,0.9976129226223978,8.236476768610574,3776.212373291434,y_pred,0.5596665994786368,0.5508710031035845,0.5686582991726243
OLMo-7B,default,grid,NA,0.9976129226223978,8.236476768610574,3776.212373291434,rel_freq,0.3798659137362788,0.37042889005628016,0.3891381424888917
OLMo-7B,default,grid,NA,1.1074216675633184,8.505881396755239,4943.759715661212,y_pred,0.557246335963565,0.5479727656387097,0.5667264606642396
OLMo-7B,default,grid,NA,1.1074216675633184,8.505881396755239,4943.759715661212,rel_freq,0.3904822501932626,0.38060102475928326,0.40012911212876096
OLMo-7B,default,grid,NA,1.2172304125042395,8.775286024899906,6472.294910916661,y_pred,0.5548260724484931,0.5449444410043873,0.5648177134367581
OLMo-7B,default,grid,NA,1.2172304125042395,8.775286024899906,6472.294910916661,rel_freq,0.4010985866502465,0.3907637247798303,0.41121140095982117
OLMo-7B,default,grid,NA,1.32703915744516,9.04469065304457,8473.42990420296,y_pred,0.5524058089334212,0.5420681212996501,0.5628676496245647
OLMo-7B,default,grid,NA,1.32703915744516,9.04469065304457,8473.42990420296,rel_freq,0.4117149231072303,0.4009531226460766,0.4223377423693322
OLMo-7B,default,grid,NA,1.4368479023860807,9.314095281189235,11093.285353907366,y_pred,0.5499855454183493,0.5391979400476979,0.5609243990594129
OLMo-7B,default,grid,NA,1.4368479023860807,9.314095281189235,11093.285353907366,rel_freq,0.42233125956421413,0.4109787830430821,0.433475182850738
OLMo-7B,default,grid,NA,1.5466566473270014,9.5834999093339,14523.160200118657,y_pred,0.5475652819032774,0.5362486980874674,0.5590917911897175
OLMo-7B,default,grid,NA,1.5466566473270014,9.5834999093339,14523.160200118657,rel_freq,0.4329475960211979,0.42105461525714016,0.4445563494880651
OLMo-7B,default,grid,NA,1.656465392267922,9.852904537478565,19013.500101123595,y_pred,0.5451450183882055,0.5332722852570296,0.5572016476571323
OLMo-7B,default,grid,NA,1.656465392267922,9.852904537478565,19013.500101123595,rel_freq,0.44356393247818177,0.43114133026681944,0.45572139945487583
OLMo-7B,default,grid,NA,1.766274137208843,10.122309165623232,24892.184697685425,y_pred,0.5427247548731337,0.5303179858599932,0.5553556626054511
OLMo-7B,default,grid,NA,1.766274137208843,10.122309165623232,24892.184697685425,rel_freq,0.4541802689351656,0.44128366275646513,0.4668224383840686
OLMo-7B,default,grid,NA,1.8760828821497637,10.391713793767897,32588.46902086518,y_pred,0.5403044913580617,0.5273509790795294,0.5535846265081952
OLMo-7B,default,grid,NA,1.8760828821497637,10.391713793767897,32588.46902086518,rel_freq,0.46479660539214945,0.4513457305594027,0.4780591777536853
OLMo-7B,default,grid,NA,1.9858916270906843,10.661118421912562,42664.32721843975,y_pred,0.5378842278429898,0.524310231865362,0.5517371633235838
OLMo-7B,default,grid,NA,1.9858916270906843,10.661118421912562,42664.32721843975,rel_freq,0.47541294184913324,0.46146847197087054,0.4892614728180006
OLMo-7B,default,grid,NA,2.095700372031605,10.930523050057229,55855.48728406563,y_pred,0.535463964327918,0.5213340261637518,0.5498380713901048
OLMo-7B,default,grid,NA,2.095700372031605,10.930523050057229,55855.48728406563,rel_freq,0.4860292783061171,0.4715713140037987,0.5003873645908883
OLMo-7B,default,grid,NA,2.205509116972525,11.199927678201892,73125.15309961332,y_pred,0.533043700812846,0.518282356190443,0.5480070744591264
OLMo-7B,default,grid,NA,2.205509116972525,11.199927678201892,73125.15309961332,rel_freq,0.4966456147631009,0.4815991551979693,0.511531092125131
Pythia-160M,attn_zeroed,decile,1,-1.7035538111602464,1.6094379124341005,5.000000000000001,y_pred,0.5412638519857421,0.5253675598588332,0.5575154093248973
Pythia-160M,attn_zeroed,decile,1,-1.7035538111602464,1.6094379124341005,5.000000000000001,rel_freq,0.12005844933862393,0.10621115208204233,0.13429029260046232
Pythia-160M,attn_zeroed,decile,2,-1.099654998218199,3.091042453358316,22.000000000000004,y_pred,0.5288494536809831,0.5165750241004113,0.5412745242084163
Pythia-160M,attn_zeroed,decile,2,-1.099654998218199,3.091042453358316,22.000000000000004,rel_freq,0.13413855272942987,0.12333913791224829,0.1450951569661767
Pythia-160M,attn_zeroed,decile,3,-0.6839739164040122,4.110873864173311,61.00000000000001,y_pred,0.5203042629854524,0.5101285614210098,0.5305835808600324
Pythia-160M,attn_zeroed,decile,3,-0.6839739164040122,4.110873864173311,61.00000000000001,rel_freq,0.14383029658471624,0.13469904973431004,0.15304777350381601
Pythia-160M,attn_zeroed,decile,4,-0.36626148122012114,4.890349128221754,133,y_pred,0.513773021936091,0.5050680310225788,0.5224604732875782
Pythia-160M,attn_zeroed,decile,4,-0.36626148122012114,4.890349128221754,133,rel_freq,0.15123786858198593,0.1429511170273856,0.15963589983879867
Pythia-160M,attn_zeroed,decile,5,-0.08991202955537367,5.568344503761097,261.99999999999994,y_pred,0.5080920831914786,0.5002185872993551,0.5159310559862429
Pythia-160M,attn_zeroed,decile,5,-0.08991202955537367,5.568344503761097,261.99999999999994,rel_freq,0.15768104874403333,0.14982338889914013,0.16555823445559165
Pythia-160M,attn_zeroed,decile,6,0.16276586922739253,6.18826412308259,486.99999999999994,y_pred,0.5028977625353128,0.49545533553070337,0.510417191800289
Pythia-160M,attn_zeroed,decile,6,0.16276586922739253,6.18826412308259,486.99999999999994,rel_freq,0.16357231871043804,0.15582691766819134,0.17135528149562984
Pythia-160M,attn_zeroed,decile,7,0.426010740589503,6.834108738813838,928.9999999999997,y_pred,0.49748621574181406,0.4899167429661071,0.5051863222102471
Pythia-160M,attn_zeroed,decile,7,0.426010740589503,6.834108738813838,928.9999999999997,rel_freq,0.16970996118703224,0.16178175671859912,0.17771220070522722
Pythia-160M,attn_zeroed,decile,8,0.7091936280649008,7.528869256642251,1861,y_pred,0.49166480148685887,0.4833394419742397,0.5000419664995887
Pythia-160M,attn_zeroed,decile,8,0.7091936280649008,7.528869256642251,1861,rel_freq,0.17631246519715887,0.16786915516605067,0.18497161090916966
Pythia-160M,attn_zeroed,decile,9,1.042999177535325,8.347827345782498,4220.999999999998,y_pred,0.4848027329438256,0.4750554715187913,0.4945558453445448
Pythia-160M,attn_zeroed,decile,9,1.042999177535325,8.347827345782498,4220.999999999998,rel_freq,0.1840952535521666,0.17439652192755375,0.19385636956354663
Pythia-160M,attn_zeroed,decile,10,1.5904883828701382,9.691036630760662,16172.000000000007,y_pred,0.4735479516511281,0.46082459654763286,0.48633958279557277
Pythia-160M,attn_zeroed,decile,10,1.5904883828701382,9.691036630760662,16172.000000000007,rel_freq,0.19686014802001534,0.18458769538441253,0.20921284397118914
Pythia-160M,attn_zeroed,grid,NA,-2.0770319357233826,0.6931471805599454,2,y_pred,0.5489414729664048,0.5304986671016695,0.5679553356001902
Pythia-160M,attn_zeroed,grid,NA,-2.0770319357233826,0.6931471805599454,2,rel_freq,0.11135068158787344,0.09536941660905696,0.12777272066613624
Pythia-160M,attn_zeroed,grid,NA,-1.967223190782462,0.9625518087046103,2.6183695337834605,y_pred,0.5466841254309774,0.5290304676013861,0.5648528642720393
Pythia-160M,attn_zeroed,grid,NA,-1.967223190782462,0.9625518087046103,2.6183695337834605,rel_freq,0.11391090930955167,0.0986121775838642,0.12968894139701193
Pythia-160M,attn_zeroed,grid,NA,-1.8574144458415411,1.2319564368492761,3.4279295077227103,y_pred,0.5444267778955499,0.5275501420574226,0.5618482466216235
Pythia-160M,attn_zeroed,grid,NA,-1.8574144458415411,1.2319564368492761,3.4279295077227103,rel_freq,0.1164711370312299,0.10183520496494465,0.13158095059085903
Pythia-160M,attn_zeroed,grid,NA,-1.7476057009006205,1.501361064993941,4.487793093489239,y_pred,0.5421694303601226,0.5259847459542972,0.5587607477875026
Pythia-160M,attn_zeroed,grid,NA,-1.7476057009006205,1.501361064993941,4.487793093489239,rel_freq,0.11903136475290811,0.10500169773470423,0.13352213577508315
Pythia-160M,attn_zeroed,grid,NA,-1.6377969559596997,1.7707656931386069,5.875350354958031,y_pred,0.5399120828246952,0.5244266026018476,0.5557143157505323
Pythia-160M,attn_zeroed,grid,NA,-1.6377969559596997,1.7707656931386069,5.875350354958031,rel_freq,0.12159159247458634,0.10804774201528289,0.13543899134678586
Pythia-160M,attn_zeroed,grid,NA,-1.527988211018779,2.040170321283272,7.691919184862973,y_pred,0.5376547352892678,0.522819905801946,0.5528311218902083
Pythia-160M,attn_zeroed,grid,NA,-1.527988211018779,2.040170321283272,7.691919184862973,rel_freq,0.12415182019626457,0.11129563768038377,0.13743314246829363
Pythia-160M,attn_zeroed,grid,NA,-1.4181794660778584,2.3095749494279367,10.070143424984858,y_pred,0.5353973877538403,0.5211943869748717,0.5498463284189643
Pythia-160M,attn_zeroed,grid,NA,-1.4181794660778584,2.3095749494279367,10.070143424984858,rel_freq,0.1267120479179428,0.11443712974572798,0.13935202154755266
Pythia-160M,attn_zeroed,grid,NA,-1.3083707211369375,2.5789795775726025,13.183678372405101,y_pred,0.5331400402184129,0.5195693803724132,0.5467810836246799
Pythia-160M,attn_zeroed,grid,NA,-1.3083707211369375,2.5789795775726025,13.183678372405101,rel_freq,0.12927227563962101,0.11758901632624881,0.14133376658764207
Pythia-160M,attn_zeroed,grid,NA,-1.1985619761960167,2.848384205717268,17.259870896752723,y_pred,0.5308826926829855,0.5180343912988091,0.5438402421980335
Pythia-160M,attn_zeroed,grid,NA,-1.1985619761960167,2.848384205717268,17.259870896752723,rel_freq,0.13183250336129926,0.12064621607853761,0.14327115687069772
Pythia-160M,attn_zeroed,grid,NA,-1.088753231255096,3.1177888338619333,22.596360056546576,y_pred,0.528625345147558,0.516401375672722,0.5409829555728466
Pythia-160M,attn_zeroed,grid,NA,-1.088753231255096,3.1177888338619333,22.596360056546576,rel_freq,0.13439273108297747,0.12362439932059474,0.14529517374023726
Pythia-160M,attn_zeroed,grid,NA,-0.9789444863141754,3.387193462006598,29.58281037323153,y_pred,0.5263679976121306,0.5147293842843742,0.5381480603014683
Pythia-160M,attn_zeroed,grid,NA,-0.9789444863141754,3.387193462006598,29.58281037323153,rel_freq,0.1369529588046557,0.12664453927778355,0.1472600193719921
Pythia-160M,attn_zeroed,grid,NA,-0.8691357413732546,3.656598090151264,38.729364702481405,y_pred,0.5241106500767032,0.5130535189312849,0.5352765368222946
Pythia-160M,attn_zeroed,grid,NA,-0.8691357413732546,3.656598090151264,38.729364702481405,rel_freq,0.13951318652633393,0.12969108019681658,0.14935466434970615
Pythia-160M,attn_zeroed,grid,NA,-0.7593269964323339,3.926002718295929,50.70389429988292,y_pred,0.5218533025412757,0.5113029547511507,0.5324982795068276
Pythia-160M,attn_zeroed,grid,NA,-0.7593269964323339,3.926002718295929,50.70389429988292,rel_freq,0.14207341424801215,0.13265709270980558,0.1515576660320269
Pythia-160M,attn_zeroed,grid,NA,-0.6495182514914131,4.195407346440595,66.3807660394952,y_pred,0.5195959550058483,0.5095912671656917,0.5296702429416268
Pythia-160M,attn_zeroed,grid,NA,-0.6495182514914131,4.195407346440595,66.3807660394952,rel_freq,0.1446336419696904,0.13562342639794853,0.15373083496118037
Pythia-160M,attn_zeroed,grid,NA,-0.5397095065504924,4.46481197458526,86.904687713511,y_pred,0.5173386074704209,0.5079188709941909,0.5267670642797498
Pythia-160M,attn_zeroed,grid,NA,-0.5397095065504924,4.46481197458526,86.904687713511,rel_freq,0.1471938696913686,0.1385377218621552,0.15596977289124508
Pythia-160M,attn_zeroed,grid,NA,-0.4299007616095716,4.7342166027299255,113.77429332601157,y_pred,0.5150812599349934,0.5061293022402066,0.5240617499281519
Pythia-160M,attn_zeroed,grid,NA,-0.4299007616095716,4.7342166027299255,113.77429332601157,rel_freq,0.14975409741304682,0.14143622886998652,0.15822713860681067
Pythia-160M,attn_zeroed,grid,NA,-0.32009201666865095,5.00362123087459,148.95157168628577,y_pred,0.512823912399566,0.5042976372553222,0.5213486885636853
Pythia-160M,attn_zeroed,grid,NA,-0.32009201666865095,5.00362123087459,148.95157168628577,rel_freq,0.15231432513472506,0.14416896682019825,0.16054716925334306
Pythia-160M,attn_zeroed,grid,NA,-0.21028327172773031,5.273025859019255,195.00512865626686,y_pred,0.51056656486413865,0.5023634950496393,0.5186804060428211
Pythia-160M,attn_zeroed,grid,NA,-0.21028327172773031,5.273025859019255,195.00512865626686,rel_freq,0.15487455285640328,0.1468860895178853,0.16290834639627
Pythia-160M,attn_zeroed,grid,NA,-0.10047452678680946,5.542430487163921,255.29774390254678,y_pred,0.5083092173287111,0.5004480992447006,0.5161600121658886
Pythia-160M,attn_zeroed,grid,NA,-0.10047452678680946,5.542430487163921,255.29774390254678,rel_freq,0.1574347805780815,0.14956206677141762,0.16532063126110028
Pythia-160M,attn_zeroed,grid,NA,0.009334218154111174,5.811835115308586,334.2319173390403,y_pred,0.5060518697932838,0.4983949586371636,0.5136429798475466
Pythia-160M,attn_zeroed,grid,NA,0.009334218154111174,5.811835115308586,334.2319173390403,rel_freq,0.15999500829975974,0.152224159506322,0.16781991212148023
Pythia-160M,attn_zeroed,grid,NA,0.1191429630950318,6.081239743453251,437.57133478928745,y_pred,0.5037945222578564,0.4963247928456357,0.5113120206784364
Pythia-160M,attn_zeroed,grid,NA,0.1191429630950318,6.081239743453251,437.57133478928745,rel_freq,0.16255523602143795,0.1548059809630597,0.17037350060437786
Pythia-160M,attn_zeroed,grid,NA,0.22895170803595288,6.350644371597918,572.8617259346175,y_pred,0.5015371747224289,0.49418050793196733,0.509088742612605
Pythia-160M,attn_zeroed,grid,NA,0.22895170803595288,6.350644371597918,572.8617259346175,rel_freq,0.1651154637431162,0.15740150975569905,0.17289235284073776
Pythia-160M,attn_zeroed,grid,NA,0.3387604529768735,6.620048999742583,749.9818451289063,y_pred,0.4992798271870015,0.49187407502350367,0.5068652923797108
Pythia-160M,attn_zeroed,grid,NA,0.3387604529768735,6.620048999742583,749.9818451289063,rel_freq,0.1676756914647944,0.15985092826261632,0.17555048371032256
Pythia-160M,attn_zeroed,grid,NA,0.44856919791779415,6.889453627887248,981.8648070881168,y_pred,0.4970224796515741,0.4893598474911818,0.5047221632247082
Pythia-160M,attn_zeroed,grid,NA,0.44856919791779415,6.889453627887248,981.8648070881168,rel_freq,0.17023591918647263,0.16224896575715836,0.1783065486762359
Pythia-160M,attn_zeroed,grid,NA,0.5583779428587148,7.1588582560319125,1285.4424485868497,y_pred,0.49476513211614664,0.4868719331273176,0.5027145271569415
Pythia-160M,attn_zeroed,grid,NA,0.5583779428587148,7.1588582560319125,1285.4424485868497,rel_freq,0.17279614690815087,0.1646898896409886,0.18102963391338023
Pythia-160M,attn_zeroed,grid,NA,0.6681866877996354,7.428262884176577,1682.8816724059095,y_pred,0.4925077845807192,0.4843274047154658,0.5007859941547863
Pythia-160M,attn_zeroed,grid,NA,0.6681866877996354,7.428262884176577,1682.8816724059095,rel_freq,0.1753563746298291,0.16700223033496125,0.1839016412282647
Pythia-160M,attn_zeroed,grid,NA,0.7779954327405565,7.697667512321244,2203.2030499950993,y_pred,0.4902504370452918,0.48167079541318203,0.4988782376883291
Pythia-160M,attn_zeroed,grid,NA,0.7779954327405565,7.697667512321244,2203.2030499950993,rel_freq,0.17791660235150733,0.1692230847974957,0.1866439230445553
Pythia-160M,attn_zeroed,grid,NA,0.8878041776814771,7.967072140465909,2884.399871422983,y_pred,0.48799308950986436,0.4789842431153745,0.4970128541605165
Pythia-160M,attn_zeroed,grid,NA,0.8878041776814771,7.967072140465909,2884.399871422983,rel_freq,0.18047683007318555,0.17138449581101858,0.18959147120870068
Pythia-160M,attn_zeroed,grid,NA,0.9976129226223978,8.236476768610574,3776.212373291434,y_pred,0.4857357419744369,0.47620556681693527,0.4952367798545587
Pythia-160M,attn_zeroed,grid,NA,0.9976129226223978,8.236476768610574,3776.212373291434,rel_freq,0.18303705779486376,0.17351269999885743,0.1925967637852041
Pythia-160M,attn_zeroed,grid,NA,1.1074216675633184,8.505881396755239,4943.759715661212,y_pred,0.48347839443900953,0.47343630962925004,0.4934714440721875
Pythia-160M,attn_zeroed,grid,NA,1.1074216675633184,8.505881396755239,4943.759715661212,rel_freq,0.18559728551654198,0.17565841184887337,0.1956211720527501
Pythia-160M,attn_zeroed,grid,NA,1.2172304125042395,8.775286024899906,6472.294910916661,y_pred,0.4812210469035821,0.4705169208847477,0.4918380080310727
Pythia-160M,attn_zeroed,grid,NA,1.2172304125042395,8.775286024899906,6472.294910916661,rel_freq,0.18815751323822022,0.17773854743532205,0.198625734730715
Pythia-160M,attn_zeroed,grid,NA,1.32703915744516,9.04469065304457,8473.42990420296,y_pred,0.47896369936815464,0.46773665232672035,0.49016274876290283
Pythia-160M,attn_zeroed,grid,NA,1.32703915744516,9.04469065304457,8473.42990420296,rel_freq,0.19071774095989844,0.1797889879900119,0.20173447541865536
Pythia-160M,attn_zeroed,grid,NA,1.4368479023860807,9.314095281189235,11093.285353907366,y_pred,0.47670635183272725,0.4648453724093237,0.4885735277427163
Pythia-160M,attn_zeroed,grid,NA,1.4368479023860807,9.314095281189235,11093.285353907366,rel_freq,0.19327796868157668,0.18187674954108124,0.20481865353353437
Pythia-160M,attn_zeroed,grid,NA,1.5466566473270014,9.5834999093339,14523.160200118657,y_pred,0.4744490042972998,0.4619913948315069,0.4869881714822979
Pythia-160M,attn_zeroed,grid,NA,1.5466566473270014,9.5834999093339,14523.160200118657,rel_freq,0.1958381964032549,0.18382301390953013,0.20792534440109162
Pythia-160M,attn_zeroed,grid,NA,1.656465392267922,9.852904537478565,19013.500101123595,y_pred,0.47219165676187236,0.4591053725678578,0.48533790051529874
Pythia-160M,attn_zeroed,grid,NA,1.656465392267922,9.852904537478565,19013.500101123595,rel_freq,0.1983984241249331,0.1857570826319982,0.21109042434678604
Pythia-160M,attn_zeroed,grid,NA,1.766274137208843,10.122309165623232,24892.184697685425,y_pred,0.46993430922644497,0.4561451364202827,0.48375646348507123
Pythia-160M,attn_zeroed,grid,NA,1.766274137208843,10.122309165623232,24892.184697685425,rel_freq,0.20095865184661135,0.18766405272174988,0.21428402929766852
Pythia-160M,attn_zeroed,grid,NA,1.8760828821497637,10.391713793767897,32588.46902086518,y_pred,0.4676769616910175,0.45325818742763574,0.4822564518179414
Pythia-160M,attn_zeroed,grid,NA,1.8760828821497637,10.391713793767897,32588.46902086518,rel_freq,0.20351887956828957,0.1896018698049365,0.21740883826987498
Pythia-160M,attn_zeroed,grid,NA,1.9858916270906843,10.661118421912562,42664.32721843975,y_pred,0.46541961415559013,0.45025069483916824,0.4806684392016335
Pythia-160M,attn_zeroed,grid,NA,1.9858916270906843,10.661118421912562,42664.32721843975,rel_freq,0.2060791072899678,0.191581094010338,0.22062590216661382
Pythia-160M,attn_zeroed,grid,NA,2.095700372031605,10.930523050057229,55855.48728406563,y_pred,0.4631622666201627,0.4473159334205304,0.47905665035083117
Pythia-160M,attn_zeroed,grid,NA,2.095700372031605,10.930523050057229,55855.48728406563,rel_freq,0.20863933501164603,0.19355311160255226,0.22384557938614097
Pythia-160M,attn_zeroed,grid,NA,2.205509116972525,11.199927678201892,73125.15309961332,y_pred,0.46090491908473524,0.44434601920250116,0.4774949931504186
Pythia-160M,attn_zeroed,grid,NA,2.205509116972525,11.199927678201892,73125.15309961332,rel_freq,0.21119956273332424,0.19546193812592189,0.22700394228501555
Pythia-160M,default,decile,1,-1.7035538111602464,1.6094379124341005,5.000000000000001,y_pred,0.4755499368612508,0.46062477101857263,0.49068304754628234
Pythia-160M,default,decile,1,-1.7035538111602464,1.6094379124341005,5.000000000000001,rel_freq,0.08486948414691717,0.07204664713326572,0.09767926506592269
Pythia-160M,default,decile,2,-1.099654998218199,3.091042453358316,22.000000000000004,y_pred,0.47064043709821424,0.459276580804867,0.4822048337516787
Pythia-160M,default,decile,2,-1.099654998218199,3.091042453358316,22.000000000000004,rel_freq,0.1624975976004499,0.15235006984029503,0.17250295023305462
Pythia-160M,default,decile,3,-0.6839739164040122,4.110873864173311,61.00000000000001,y_pred,0.46726108590736937,0.4579322716940576,0.4766050259173953
Pythia-160M,default,decile,3,-0.6839739164040122,4.110873864173311,61.00000000000001,rel_freq,0.21593128133689324,0.20732390725174674,0.22429173847549466
Pythia-160M,default,decile,4,-0.36626148122012114,4.890349128221754,133,y_pred,0.4646781877598303,0.4565200013498984,0.4727126039240791
Pythia-160M,default,decile,4,-0.36626148122012114,4.890349128221754,133,rel_freq,0.2567715950376258,0.2489710119121318,0.26443919833299967
Pythia-160M,default,decile,5,-0.08991202955537367,5.568344503761097,261.99999999999994,y_pred,0.4624315571349849,0.4550112177577427,0.4697338905562152
Pythia-160M,default,decile,5,-0.08991202955537367,5.568344503761097,261.99999999999994,rel_freq,0.292294908094231,0.2847772010783541,0.2996963625697459
Pythia-160M,default,decile,6,0.16276586922739253,6.18826412308259,486.99999999999994,y_pred,0.46037736849011074,0.4529889739359074,0.46779051405620803
Pythia-160M,default,decile,6,0.16276586922739253,6.18826412308259,486.99999999999994,rel_freq,0.324775363716175,0.3170698366165262,0.33226473771086135
Pythia-160M,default,decile,7,0.426010740589503,6.834108738813838,928.9999999999997,y_pred,0.4582372738155135,0.4504990442908439,0.46601508931883556
Pythia-160M,default,decile,7,0.426010740589503,6.834108738813838,928.9999999999997,rel_freq,0.35861414978797274,0.3504684051477092,0.366484195516439
Pythia-160M,default,decile,8,0.7091936280649008,7.528869256642251,1861,y_pred,0.45593508959332013,0.44739715868579677,0.4644842811632499
Pythia-160M,default,decile,8,0.7091936280649008,7.528869256642251,1861,rel_freq,0.39501586617808054,0.386089643739906,0.403712557516864
Pythia-160M,default,decile,9,1.042999177535325,8.347827345782498,4220.999999999998,y_pred,0.45322135969204513,0.44331545116302695,0.46328224636844856
Pythia-160M,default,decile,9,1.042999177535325,8.347827345782498,4220.999999999998,rel_freq,0.43792486767034805,0.4276565159359296,0.44796333640581715
Pythia-160M,default,decile,10,1.5904883828701382,9.691036630760662,16172.000000000007,y_pred,0.44877045158252005,0.4359699266396524,0.46164338556758017
Pythia-160M,default,decile,10,1.5904883828701382,9.691036630760662,16172.000000000007,rel_freq,0.5083018136677463,0.4953680016108036,0.5209961989715296
Pythia-160M,default,grid,NA,-2.0770319357233826,0.6931471805599454,2,y_pred,0.47858619181778767,0.4612131716753562,0.49605419124367445
Pythia-160M,default,grid,NA,-2.0770319357233826,0.6931471805599454,2,rel_freq,0.036860775395270724,0.022036956348802973,0.05172122537708732
Pythia-160M,default,grid,NA,-1.967223190782462,0.9625518087046103,2.6183695337834605,y_pred,0.47769348264911027,0.4610502446594648,0.49448219893057815
Pythia-160M,default,grid,NA,-1.967223190782462,0.9625518087046103,2.6183695337834605,rel_freq,0.050976129702618646,0.036724590493617516,0.06520956728159634
Pythia-160M,default,grid,NA,-1.8574144458415411,1.2319564368492761,3.4279295077227103,y_pred,0.4768007734804328,0.4608754565163916,0.4929141464855734
Pythia-160M,default,grid,NA,-1.8574144458415411,1.2319564368492761,3.4279295077227103,rel_freq,0.06509148400996659,0.0513996258095621,0.07865728913130265
Pythia-160M,default,grid,NA,-1.7476057009006205,1.501361064993941,4.487793093489239,y_pred,0.47590806431175536,0.4607207613180515,0.4913029349435998
Pythia-160M,default,grid,NA,-1.7476057009006205,1.501361064993941,4.487793093489239,rel_freq,0.07920683831731451,0.06613046094695148,0.09220990950978418
Pythia-160M,default,grid,NA,-1.6377969559596997,1.7707656931386069,5.875350354958031,y_pred,0.4750153551430779,0.46051027766141506,0.489675147962231
Pythia-160M,default,grid,NA,-1.6377969559596997,1.7707656931386069,5.875350354958031,rel_freq,0.09332219262466246,0.08078671545175274,0.10583869320109257
Pythia-160M,default,grid,NA,-1.527988211018779,2.040170321283272,7.691919184862973,y_pred,0.47412264597440046,0.4602633065265092,0.4881159371875676
Pythia-160M,default,grid,NA,-1.527988211018779,2.040170321283272,7.691919184862973,rel_freq,0.10743754693201038,0.09537219340808287,0.11946284947962889
Pythia-160M,default,grid,NA,-1.4181794660778584,2.3095749494279367,10.070143424984858,y_pred,0.473229936805723,0.4600292990130506,0.4866033814631684
Pythia-160M,default,grid,NA,-1.4181794660778584,2.3095749494279367,10.070143424984858,rel_freq,0.1215529012393583,0.1100648712812108,0.133085468251268
Pythia-160M,default,grid,NA,-1.3083707211369375,2.5789795775726025,13.183678372405101,y_pred,0.4723372276370456,0.45966599770755134,0.48512607180294187
Pythia-160M,default,grid,NA,-1.3083707211369375,2.5789795775726025,13.183678372405101,rel_freq,0.13566825554670625,0.12469012131599017,0.146693939204186
Pythia-160M,default,grid,NA,-1.1985619761960167,2.848384205717268,17.259870896752723,y_pred,0.47144451846836816,0.45946096566100453,0.48359131592147525
Pythia-160M,default,grid,NA,-1.1985619761960167,2.848384205717268,17.259870896752723,rel_freq,0.1497836098540542,0.1392382750564177,0.16024070417368788
Pythia-160M,default,grid,NA,-1.088753231255096,3.1177888338619333,22.596360056546576,y_pred,0.4705518092996907,0.45923907413227155,0.4820645803240301
Pythia-160M,default,grid,NA,-1.088753231255096,3.1177888338619333,22.596360056546576,rel_freq,0.16389896416140212,0.15379032885065483,0.17387410002852735
Pythia-160M,default,grid,NA,-0.9789444863141754,3.387193462006598,29.58281037323153,y_pred,0.46965910013101325,0.45887200996455646,0.48055228426536056
Pythia-160M,default,grid,NA,-0.9789444863141754,3.387193462006598,29.58281037323153,rel_freq,0.17801431846875004,0.1682983115232672,0.18750683471126842
Pythia-160M,default,grid,NA,-0.8691357413732546,3.656598090151264,38.729364702481405,y_pred,0.4687663909623358,0.45849308929178795,0.4790536132776736
Pythia-160M,default,grid,NA,-0.8691357413732546,3.656598090151264,38.729364702481405,rel_freq,0.192129672776098,0.18286597603981905,0.2011622178031716
Pythia-160M,default,grid,NA,-0.7593269964323339,3.926002718295929,50.70389429988292,y_pred,0.4678736817936584,0.4581644517591159,0.4775928226380478
Pythia-160M,default,grid,NA,-0.7593269964323339,3.926002718295929,50.70389429988292,rel_freq,0.20624502708344591,0.19744063976407258,0.2148374770769754
Pythia-160M,default,grid,NA,-0.6495182514914131,4.195407346440595,66.3807660394952,y_pred,0.46698097262498095,0.4578506957999027,0.47619261320534034
Pythia-160M,default,grid,NA,-0.6495182514914131,4.195407346440595,66.3807660394952,rel_freq,0.22036038139079386,0.21184915600606055,0.22863876593948215
Pythia-160M,default,grid,NA,-0.5397095065504924,4.46481197458526,86.904687713511,y_pred,0.4660882634563035,0.45742427752687165,0.4747920732116815
Pythia-160M,default,grid,NA,-0.5397095065504924,4.46481197458526,86.904687713511,rel_freq,0.23447573569814179,0.22625935264419314,0.24247935024621656
Pythia-160M,default,grid,NA,-0.4299007616095716,4.7342166027299255,113.77429332601157,y_pred,0.46519555428762605,0.456879827574852,0.47342602475311274
Pythia-160M,default,grid,NA,-0.4299007616095716,4.7342166027299255,113.77429332601157,rel_freq,0.24859109000548973,0.24070662633270148,0.2563627079721397
Pythia-160M,default,grid,NA,-0.32009201666865095,5.00362123087459,148.95157168628577,y_pred,0.4643028451189486,0.4562702325797594,0.47218847558690913
Pythia-160M,default,grid,NA,-0.32009201666865095,5.00362123087459,148.95157168628577,rel_freq,0.26270644431283763,0.2550007366463469,0.2702772226926926
Pythia-160M,default,grid,NA,-0.21028327172773031,5.273025859019255,195.00512865626686,y_pred,0.46341013595027114,0.455735045602565,0.4709901867349369
Pythia-160M,default,grid,NA,-0.21028327172773031,5.273025859019255,195.00512865626686,rel_freq,0.2768217986201856,0.2692940266725622,0.2842840615343901
Pythia-160M,default,grid,NA,-0.10047452678680946,5.542430487163921,255.29774390254678,y_pred,0.46251742678159374,0.4550608692953254,0.4698370987503737
Pythia-160M,default,grid,NA,-0.10047452678680946,5.542430487163921,255.29774390254678,rel_freq,0.2909371529275335,0.283413206588586,0.2983087688055408
Pythia-160M,default,grid,NA,0.009334218154111174,5.811835115308586,334.2319173390403,y_pred,0.4616247176129163,0.45420688622745536,0.4688936496612975
Pythia-160M,default,grid,NA,0.009334218154111174,5.811835115308586,334.2319173390403,rel_freq,0.3050525072348814,0.2974945978999259,0.31242750694661386
Pythia-160M,default,grid,NA,0.1191429630950318,6.081239743453251,437.57133478928745,y_pred,0.46073200844423884,0.45336578141077316,0.4680667372838503
Pythia-160M,default,grid,NA,0.1191429630950318,6.081239743453251,437.57133478928745,rel_freq,0.31916786154222937,0.3115374439185258,0.3266073244308411
Pythia-160M,default,grid,NA,0.22895170803595288,6.350644371597918,572.8617259346175,y_pred,0.4598392992755614,0.4523762634025049,0.4673169282475113
Pythia-160M,default,grid,NA,0.22895170803595288,6.350644371597918,572.8617259346175,rel_freq,0.3332832158495773,0.3255355984176222,0.3408631061964768
Pythia-160M,default,grid,NA,0.3387604529768735,6.620048999742583,749.9818451289063,y_pred,0.45894659010688393,0.4512814910558751,0.46654665356909203
Pythia-160M,default,grid,NA,0.3387604529768735,6.620048999742583,749.9818451289063,rel_freq,0.34739857015692527,0.3394850729258521,0.355089917085391
Pythia-160M,default,grid,NA,0.44856919791779415,6.889453627887248,981.8648070881168,y_pred,0.4580538809382065,0.45029439701754087,0.4658924850485014
Pythia-160M,default,grid,NA,0.44856919791779415,6.889453627887248,981.8648070881168,rel_freq,0.36151392446427316,0.35334261936736383,0.36943090524391897
Pythia-160M,default,grid,NA,0.5583779428587148,7.1588582560319125,1285.4424485868497,y_pred,0.4571611717695291,0.4491342194424994,0.4652422144473901
Pythia-160M,default,grid,NA,0.5583779428587148,7.1588582560319125,1285.4424485868497,rel_freq,0.3756292787716211,0.3671795122634441,0.3838655077056131
Pythia-160M,default,grid,NA,0.6681866877996354,7.428262884176577,1682.8816724059095,y_pred,0.45626846260085163,0.447947272699939,0.46465978636639343
Pythia-160M,default,grid,NA,0.6681866877996354,7.428262884176577,1682.8816724059095,rel_freq,0.389744633078969,0.3809863535550479,0.398318362549026
Pythia-160M,default,grid,NA,0.7779954327405565,7.697667512321244,2203.2030499950993,y_pred,0.4553757534321742,0.4466155022420116,0.46423530910201327
Pythia-160M,default,grid,NA,0.7779954327405565,7.697667512321244,2203.2030499950993,rel_freq,0.403859987386317,0.3947093657118347,0.4127947011071277
Pythia-160M,default,grid,NA,0.8878041776814771,7.967072140465909,2884.399871422983,y_pred,0.4544830442634967,0.4453011441618889,0.4638495135882219
Pythia-160M,default,grid,NA,0.8878041776814771,7.967072140465909,2884.399871422983,rel_freq,0.4179753416936649,0.40836366704379,0.4272986924312489
Pythia-160M,default,grid,NA,0.9976129226223978,8.236476768610574,3776.212373291434,y_pred,0.4535903350948193,0.4439206021448641,0.4634588488111695
Pythia-160M,default,grid,NA,0.9976129226223978,8.236476768610574,3776.212373291434,rel_freq,0.43209069600101285,0.4219709016881621,0.4419594680170388
Pythia-160M,default,grid,NA,1.1074216675633184,8.505881396755239,4943.759715661212,y_pred,0.4526976259261418,0.44256738472871815,0.4630620776672708
Pythia-160M,default,grid,NA,1.1074216675633184,8.505881396755239,4943.759715661212,rel_freq,0.44620605030836075,0.4356336872533749,0.4564913845030112
Pythia-160M,default,grid,NA,1.2172304125042395,8.775286024899906,6472.294910916661,y_pred,0.4518049167574644,0.4410896550870334,0.4627381321198875
Pythia-160M,default,grid,NA,1.2172304125042395,8.775286024899906,6472.294910916661,rel_freq,0.46032140461570875,0.44917048917112473,0.47107345117851757
Pythia-160M,default,grid,NA,1.32703915744516,9.04469065304457,8473.42990420296,y_pred,0.450912207588787,0.4395821600444167,0.46243763890300743
Pythia-160M,default,grid,NA,1.32703915744516,9.04469065304457,8473.42990420296,rel_freq,0.47443675892305665,0.4627492968133138,0.4857162924113857
Pythia-160M,default,grid,NA,1.4368479023860807,9.314095281189235,11093.285353907366,y_pred,0.4500194984201095,0.4380730265432099,0.4620993260918526
Pythia-160M,default,grid,NA,1.4368479023860807,9.314095281189235,11093.285353907366,rel_freq,0.4885521132304046,0.4763199826887205,0.5004455160910465
Pythia-160M,default,grid,NA,1.5466566473270014,9.5834999093339,14523.160200118657,y_pred,0.44912678925143207,0.4366188119890878,0.46175446974439566
Pythia-160M,default,grid,NA,1.5466566473270014,9.5834999093339,14523.160200118657,rel_freq,0.5026674675377525,0.4899165252864607,0.5151439667613924
Pythia-160M,default,grid,NA,1.656465392267922,9.852904537478565,19013.500101123595,y_pred,0.4482340800827546,0.43501736599025687,0.4615052238834972
Pythia-160M,default,grid,NA,1.656465392267922,9.852904537478565,19013.500101123595,rel_freq,0.5167828218451004,0.5034501243669977,0.5297964982603252
Pythia-160M,default,grid,NA,1.766274137208843,10.122309165623232,24892.184697685425,y_pred,0.44734137091407716,0.43344457985157664,0.4612668529275302
Pythia-160M,default,grid,NA,1.766274137208843,10.122309165623232,24892.184697685425,rel_freq,0.5308981761524484,0.5168159540094646,0.5444457831419697
Pythia-160M,default,grid,NA,1.8760828821497637,10.391713793767897,32588.46902086518,y_pred,0.44644866174539977,0.43183701768792465,0.4611494719502003
Pythia-160M,default,grid,NA,1.8760828821497637,10.391713793767897,32588.46902086518,rel_freq,0.5450135304597963,0.5303754674536283,0.5591712531009636
Pythia-160M,default,grid,NA,1.9858916270906843,10.661118421912562,42664.32721843975,y_pred,0.4455559525767223,0.4302889709886715,0.4608934449704823
Pythia-160M,default,grid,NA,1.9858916270906843,10.661118421912562,42664.32721843975,rel_freq,0.5591288847671443,0.5438684346660895,0.5738581004129436
Pythia-160M,default,grid,NA,2.095700372031605,10.930523050057229,55855.48728406563,y_pred,0.44466324340804486,0.428704815316851,0.46066870845303237
Pythia-160M,default,grid,NA,2.095700372031605,10.930523050057229,55855.48728406563,rel_freq,0.5732442390744922,0.5573399095130395,0.5886062568957718
Pythia-160M,default,grid,NA,2.205509116972525,11.199927678201892,73125.15309961332,y_pred,0.4437705342393674,0.4271150100170853,0.4604479038728902
Pythia-160M,default,grid,NA,2.205509116972525,11.199927678201892,73125.15309961332,rel_freq,0.5873595933818401,0.5708681515355235,0.6033422043877954
Pythia-1B,attn_zeroed,decile,1,-1.7035538111602464,1.6094379124341005,5.000000000000001,y_pred,0.6355304537361417,0.621042697425048,0.6498994021451864
Pythia-1B,attn_zeroed,decile,1,-1.7035538111602464,1.6094379124341005,5.000000000000001,rel_freq,0.09415922006613063,0.08117585342066208,0.1070702494324195
Pythia-1B,attn_zeroed,decile,2,-1.099654998218199,3.091042453358316,22.000000000000004,y_pred,0.6140989968825536,0.6031487617675816,0.6250523790352285
Pythia-1B,attn_zeroed,decile,2,-1.099654998218199,3.091042453358316,22.000000000000004,rel_freq,0.11390774635900093,0.10400394685797293,0.12373309773287108
Pythia-1B,attn_zeroed,decile,3,-0.6839739164040122,4.110873864173311,61.00000000000001,y_pred,0.5993471030572407,0.5903697603069706,0.6082048460535947
Pythia-1B,attn_zeroed,decile,3,-0.6839739164040122,4.110873864173311,61.00000000000001,rel_freq,0.12750123023035276,0.11923139939239102,0.13599742592106207
Pythia-1B,attn_zeroed,decile,4,-0.36626148122012114,4.890349128221754,133,y_pred,0.5880719685470072,0.5801768073800551,0.5959128742885642
Pythia-1B,attn_zeroed,decile,4,-0.36626148122012114,4.890349128221754,133,rel_freq,0.13789097143423723,0.13038003123194888,0.14550801907336117
Pythia-1B,attn_zeroed,decile,5,-0.08991202955537367,5.568344503761097,261.99999999999994,y_pred,0.5782647438548233,0.5709761277854786,0.5855382661868401
Pythia-1B,attn_zeroed,decile,5,-0.08991202955537367,5.568344503761097,261.99999999999994,rel_freq,0.1469280721790358,0.13978511751978748,0.154031072290446
Pythia-1B,attn_zeroed,decile,6,0.16276586922739253,6.18826412308259,486.99999999999994,y_pred,0.5692975868252601,0.5620478378843393,0.5764972074626873
Pythia-1B,attn_zeroed,decile,6,0.16276586922739253,6.18826412308259,486.99999999999994,rel_freq,0.1551910725704897,0.14797710672234496,0.16245351324454718
Pythia-1B,attn_zeroed,decile,7,0.426010740589503,6.834108738813838,928.9999999999997,y_pred,0.5599554238972684,0.5521911520643459,0.5675413593626891
Pythia-1B,attn_zeroed,decile,7,0.426010740589503,6.834108738813838,928.9999999999997,rel_freq,0.16379963107755335,0.15618884638834962,0.17131380079776265
Pythia-1B,attn_zeroed,decile,8,0.7091936280649008,7.528869256642251,1861,y_pred,0.5499056908881296,0.541211854181355,0.5585051427215799
Pythia-1B,attn_zeroed,decile,8,0.7091936280649008,7.528869256642251,1861,rel_freq,0.17306019688617583,0.1646512994823725,0.18123603059617874
Pythia-1B,attn_zeroed,decile,9,1.042999177535325,8.347827345782498,4220.999999999998,y_pred,0.5380594360559476,0.5278480633603007,0.5481326393055601
Pythia-1B,attn_zeroed,decile,9,1.042999177535325,8.347827345782498,4220.999999999998,rel_freq,0.18397621051155,0.17433917551490943,0.19348675707848517
Pythia-1B,attn_zeroed,decile,10,1.5904883828701382,9.691036630760662,16172.000000000007,y_pred,0.5186298709856413,0.5053081628516286,0.5319083674259499
Pythia-1B,attn_zeroed,decile,10,1.5904883828701382,9.691036630760662,16172.000000000007,rel_freq,0.20188004594706493,0.18962446146076797,0.21404356238744612
Pythia-1B,attn_zeroed,grid,NA,-2.0770319357233826,0.6931471805599454,2,y_pred,0.6487846283442014,0.6318819607778674,0.6655176460206518
Pythia-1B,attn_zeroed,grid,NA,-2.0770319357233826,0.6931471805599454,2,rel_freq,0.08194584523465075,0.0669986557297701,0.096848513834919
Pythia-1B,attn_zeroed,grid,NA,-1.967223190782462,0.9625518087046103,2.6183695337834605,y_pred,0.6448876818211854,0.6286595932546247,0.6608682423983951
Pythia-1B,attn_zeroed,grid,NA,-1.967223190782462,0.9625518087046103,2.6183695337834605,rel_freq,0.08553677941133535,0.07111084681299701,0.0998072494746343
Pythia-1B,attn_zeroed,grid,NA,-1.8574144458415411,1.2319564368492761,3.4279295077227103,y_pred,0.6409907352981694,0.6254967191012866,0.6563189620822515
Pythia-1B,attn_zeroed,grid,NA,-1.8574144458415411,1.2319564368492761,3.4279295077227103,rel_freq,0.08912771358801996,0.07532573267399428,0.10292815620478747
Pythia-1B,attn_zeroed,grid,NA,-1.7476057009006205,1.501361064993941,4.487793093489239,y_pred,0.6370937887751533,0.6223367740191175,0.6517389908141499
Pythia-1B,attn_zeroed,grid,NA,-1.7476057009006205,1.501361064993941,4.487793093489239,rel_freq,0.09271864776470456,0.07949935722314316,0.10589056237176765
Pythia-1B,attn_zeroed,grid,NA,-1.6377969559596997,1.7707656931386069,5.875350354958031,y_pred,0.6331968422521373,0.6190865362050306,0.6471098752528031
Pythia-1B,attn_zeroed,grid,NA,-1.6377969559596997,1.7707656931386069,5.875350354958031,rel_freq,0.09630958194138917,0.08369611825618772,0.10885691634036988
Pythia-1B,attn_zeroed,grid,NA,-1.527988211018779,2.040170321283272,7.691919184862973,y_pred,0.6292998957291214,0.615798319055182,0.6426138609074568
Pythia-1B,attn_zeroed,grid,NA,-1.527988211018779,2.040170321283272,7.691919184862973,rel_freq,0.09990051611807377,0.0878914754230052,0.11188929675387362
Pythia-1B,attn_zeroed,grid,NA,-1.4181794660778584,2.3095749494279367,10.070143424984858,y_pred,0.6254029492061054,0.612530506080791,0.6381217739321947
Pythia-1B,attn_zeroed,grid,NA,-1.4181794660778584,2.3095749494279367,10.070143424984858,rel_freq,0.10349145029475837,0.09208255197992116,0.11485211314159503
Pythia-1B,attn_zeroed,grid,NA,-1.3083707211369375,2.5789795775726025,13.183678372405101,y_pred,0.6215060026830894,0.60935416601584,0.633557167003993
Pythia-1B,attn_zeroed,grid,NA,-1.3083707211369375,2.5789795775726025,13.183678372405101,rel_freq,0.10708238447144298,0.09617488560966837,0.11788118070168842
Pythia-1B,attn_zeroed,grid,NA,-1.1985619761960167,2.848384205717268,17.259870896752723,y_pred,0.6176090561600733,0.6060567541073109,0.6290662532894593
Pythia-1B,attn_zeroed,grid,NA,-1.1985619761960167,2.848384205717268,17.259870896752723,rel_freq,0.11067331864812759,0.10033944281118107,0.12093057101060363
Pythia-1B,attn_zeroed,grid,NA,-1.088753231255096,3.1177888338619333,22.596360056546576,y_pred,0.6137121096370574,0.6028388434600751,0.6246040866100853
Pythia-1B,attn_zeroed,grid,NA,-1.088753231255096,3.1177888338619333,22.596360056546576,rel_freq,0.11426425282481219,0.10442132626446904,0.12405579899513358
Pythia-1B,attn_zeroed,grid,NA,-0.9789444863141754,3.387193462006598,29.58281037323153,y_pred,0.6098151631140414,0.59948624475466,0.6201456768769874
Pythia-1B,attn_zeroed,grid,NA,-0.9789444863141754,3.387193462006598,29.58281037323153,rel_freq,0.11785518700149679,0.10846914707696115,0.12729524385272184
Pythia-1B,attn_zeroed,grid,NA,-0.8691357413732546,3.656598090151264,38.729364702481405,y_pred,0.6059182165910254,0.5960937383988901,0.6156062383499937
Pythia-1B,attn_zeroed,grid,NA,-0.8691357413732546,3.656598090151264,38.729364702481405,rel_freq,0.12144612117818139,0.11254120323261957,0.13047523892907334
Pythia-1B,attn_zeroed,grid,NA,-0.7593269964323339,3.926002718295929,50.70389429988292,y_pred,0.6020212700680093,0.5927031072906879,0.6111573486845943
Pythia-1B,attn_zeroed,grid,NA,-0.7593269964323339,3.926002718295929,50.70389429988292,rel_freq,0.125037055354866,0.11653951286673123,0.13366413013800324
Pythia-1B,attn_zeroed,grid,NA,-0.6495182514914131,4.195407346440595,66.3807660394952,y_pred,0.5981243235449933,0.5893412193528984,0.6068455782740935
Pythia-1B,attn_zeroed,grid,NA,-0.6495182514914131,4.195407346440595,66.3807660394952,rel_freq,0.1286279895315506,0.1204776809880157,0.1370248032546686
Pythia-1B,attn_zeroed,grid,NA,-0.5397095065504924,4.46481197458526,86.904687713511,y_pred,0.5942273770219774,0.5858572491029937,0.6025811377662417
Pythia-1B,attn_zeroed,grid,NA,-0.5397095065504924,4.46481197458526,86.904687713511,rel_freq,0.1322189237082352,0.12434648027701331,0.14025173795848245
Pythia-1B,attn_zeroed,grid,NA,-0.4299007616095716,4.7342166027299255,113.77429332601157,y_pred,0.5903304304989614,0.5822414464100976,0.5983010884108029
Pythia-1B,attn_zeroed,grid,NA,-0.4299007616095716,4.7342166027299255,113.77429332601157,rel_freq,0.1358098578849198,0.12817928611222393,0.1435307289325171
Pythia-1B,attn_zeroed,grid,NA,-0.32009201666865095,5.00362123087459,148.95157168628577,y_pred,0.5864334839759454,0.5786573260368774,0.5941529497471337
Pythia-1B,attn_zeroed,grid,NA,-0.32009201666865095,5.00362123087459,148.95157168628577,rel_freq,0.1394007920616044,0.13200073753674077,0.1468864398937499
Pythia-1B,attn_zeroed,grid,NA,-0.21028327172773031,5.273025859019255,195.00512865626686,y_pred,0.5825365374529293,0.5750446197480455,0.5899650189531706
Pythia-1B,attn_zeroed,grid,NA,-0.21028327172773031,5.273025859019255,195.00512865626686,rel_freq,0.142991726238289,0.13574093517063082,0.1502300940159701
Pythia-1B,attn_zeroed,grid,NA,-0.10047452678680946,5.542430487163921,255.29774390254678,y_pred,0.57863959092991335,0.5713304199709455,0.5859327580085637
Pythia-1B,attn_zeroed,grid,NA,-0.10047452678680946,5.542430487163921,255.29774390254678,rel_freq,0.14658266041497361,0.13943059185193207,0.1536862572357133
Pythia-1B,attn_zeroed,grid,NA,0.009334218154111174,5.811835115308586,334.2319173390403,y_pred,0.5747426444068974,0.5675185695856663,0.5818826967725305
Pythia-1B,attn_zeroed,grid,NA,0.009334218154111174,5.811835115308586,334.2319173390403,rel_freq,0.15017359459165822,0.14303714551272104,0.15730672347127456
Pythia-1B,attn_zeroed,grid,NA,0.1191429630950318,6.081239743453251,437.57133478928745,y_pred,0.5708456978838814,0.5635915643707353,0.5779890455205203
Pythia-1B,attn_zeroed,grid,NA,0.1191429630950318,6.081239743453251,437.57133478928745,rel_freq,0.15376452876834282,0.14657175670050243,0.16097978983803085
Pythia-1B,attn_zeroed,grid,NA,0.22895170803595288,6.350644371597918,572.8617259346175,y_pred,0.5669487513608653,0.5596680029776,0.5742040051973004
Pythia-1B,attn_zeroed,grid,NA,0.22895170803595288,6.350644371597918,572.8617259346175,rel_freq,0.15735546294502745,0.15009646861171624,0.16462906876846828
Pythia-1B,attn_zeroed,grid,NA,0.3387604529768735,6.620048999742583,749.9818451289063,y_pred,0.5630518048378493,0.555536646762676,0.5704253813203991
Pythia-1B,attn_zeroed,grid,NA,0.3387604529768735,6.620048999742583,749.9818451289063,rel_freq,0.16094639712171205,0.153560103826868,0.16830791547972315
Pythia-1B,attn_zeroed,grid,NA,0.44856919791779415,6.889453627887248,981.8648070881168,y_pred,0.5591548583148334,0.5513320911986749,0.5668063895267955
Pythia-1B,attn_zeroed,grid,NA,0.44856919791779415,6.889453627887248,981.8648070881168,rel_freq,0.16453733129839665,0.15687661575357423,0.17208613256421937
Pythia-1B,attn_zeroed,grid,NA,0.5583779428587148,7.1588582560319125,1285.4424485868497,y_pred,0.5552579117918174,0.5470577683489468,0.5632706680063566
Pythia-1B,attn_zeroed,grid,NA,0.5583779428587148,7.1588582560319125,1285.4424485868497,rel_freq,0.16812826547508125,0.1601297834733937,0.17588470186634597
Pythia-1B,attn_zeroed,grid,NA,0.6681866877996354,7.428262884176577,1682.8816724059095,y_pred,0.5513609652688014,0.5427875488207848,0.5597604962584791
Pythia-1B,attn_zeroed,grid,NA,0.6681866877996354,7.428262884176577,1682.8816724059095,rel_freq,0.17171919965176585,0.16341015343024737,0.17974974840485522
Pythia-1B,attn_zeroed,grid,NA,0.7779954327405565,7.697667512321244,2203.2030499950993,y_pred,0.5474640187457853,0.5384638844323933,0.5562922518194329
Pythia-1B,attn_zeroed,grid,NA,0.7779954327405565,7.697667512321244,2203.2030499950993,rel_freq,0.17531013382845045,0.1667109596348431,0.18368716032387314
Pythia-1B,attn_zeroed,grid,NA,0.8878041776814771,7.967072140465909,2884.399871422983,y_pred,0.5435670722227693,0.5340801534932123,0.5528321417096298
Pythia-1B,attn_zeroed,grid,NA,0.8878041776814771,7.967072140465909,2884.399871422983,rel_freq,0.17890106800513506,0.1699395957547056,0.18768660661272807
Pythia-1B,attn_zeroed,grid,NA,0.9976129226223978,8.236476768610574,3776.212373291434,y_pred,0.5396701256997534,0.5296666033000199,0.5494762977295177
Pythia-1B,attn_zeroed,grid,NA,0.9976129226223978,8.236476768610574,3776.212373291434,rel_freq,0.18249200218181966,0.17306004811414188,0.19179469778803998
Pythia-1B,attn_zeroed,grid,NA,1.1074216675633184,8.505881396755239,4943.759715661212,y_pred,0.5357731791767374,0.5252077750554877,0.5461766147981982
Pythia-1B,attn_zeroed,grid,NA,1.1074216675633184,8.505881396755239,4943.759715661212,rel_freq,0.18608293635850426,0.1761660024527442,0.1958951484598056
Pythia-1B,attn_zeroed,grid,NA,1.2172304125042395,8.775286024899906,6472.294910916661,y_pred,0.5318762326537213,0.5206926443291056,0.5429042640791258
Pythia-1B,attn_zeroed,grid,NA,1.2172304125042395,8.775286024899906,6472.294910916661,rel_freq,0.1896738705351889,0.17924853471130872,0.1999783405365344
Pythia-1B,attn_zeroed,grid,NA,1.32703915744516,9.04469065304457,8473.42990420296,y_pred,0.5279792861307053,0.5161803493904951,0.5396609444806766
Pythia-1B,attn_zeroed,grid,NA,1.32703915744516,9.04469065304457,8473.42990420296,rel_freq,0.1932648047118735,0.1824261006616114,0.20411222039202748
Pythia-1B,attn_zeroed,grid,NA,1.4368479023860807,9.314095281189235,11093.285353907366,y_pred,0.5240823396076894,0.5116638606085843,0.536357730667972
Pythia-1B,attn_zeroed,grid,NA,1.4368479023860807,9.314095281189235,11093.285353907366,rel_freq,0.1968557388885581,0.18546179335745955,0.20827782161117153
Pythia-1B,attn_zeroed,grid,NA,1.5466566473270014,9.5834999093339,14523.160200118657,y_pred,0.5201853930846734,0.5071162707273732,0.5331903024147836
Pythia-1B,attn_zeroed,grid,NA,1.5466566473270014,9.5834999093339,14523.160200118657,rel_freq,0.2004466730652427,0.18842384238952453,0.21243412027513928
Pythia-1B,attn_zeroed,grid,NA,1.656465392267922,9.852904537478565,19013.500101123595,y_pred,0.5162884465616574,0.5025607937230554,0.5299783006126569
Pythia-1B,attn_zeroed,grid,NA,1.656465392267922,9.852904537478565,19013.500101123595,rel_freq,0.2040376072419273,0.19146100004596592,0.21659054733907154
Pythia-1B,attn_zeroed,grid,NA,1.766274137208843,10.122309165623232,24892.184697685425,y_pred,0.5123915000386413,0.4980055613253973,0.5268169834829631
Pythia-1B,attn_zeroed,grid,NA,1.766274137208843,10.122309165623232,24892.184697685425,rel_freq,0.2076285414186119,0.1944236726441028,0.22078586188677296
Pythia-1B,attn_zeroed,grid,NA,1.8760828821497637,10.391713793767897,32588.46902086518,y_pred,0.5084945535156253,0.4934563212296021,0.5236607564390771
Pythia-1B,attn_zeroed,grid,NA,1.8760828821497637,10.391713793767897,32588.46902086518,rel_freq,0.2112194755952965,0.19742737889428907,0.22498591447472066
Pythia-1B,attn_zeroed,grid,NA,1.9858916270906843,10.661118421912562,42664.32721843975,y_pred,0.5045976069926094,0.488953285894108,0.5204609183366976
Pythia-1B,attn_zeroed,grid,NA,1.9858916270906843,10.661118421912562,42664.32721843975,rel_freq,0.2148104097719811,0.2004619093939812,0.22920608081652866
Pythia-1B,attn_zeroed,grid,NA,2.095700372031605,10.930523050057229,55855.48728406563,y_pred,0.5007006604695934,0.4843411147688738,0.5173270715420347
Pythia-1B,attn_zeroed,grid,NA,2.095700372031605,10.930523050057229,55855.48728406563,rel_freq,0.2184013439486657,0.2034129137641895,0.23337651319258995
Pythia-1B,attn_zeroed,grid,NA,2.205509116972525,11.199927678201892,73125.15309961332,y_pred,0.49680371394657735,0.47972305710466645,0.5141909692725686
Pythia-1B,attn_zeroed,grid,NA,2.205509116972525,11.199927678201892,73125.15309961332,rel_freq,0.22199227812535027,0.20638663092614057,0.23755267855139864
Pythia-1B,default,decile,1,-1.7035538111602464,1.6094379124341005,5.000000000000001,y_pred,0.5394220262993448,0.5256011502985474,0.5536458372887555
Pythia-1B,default,decile,1,-1.7035538111602464,1.6094379124341005,5.000000000000001,rel_freq,0.12472648697251129,0.11290222199820772,0.13671894785937896
Pythia-1B,default,decile,2,-1.099654998218199,3.091042453358316,22.000000000000004,y_pred,0.5228449292218107,0.512261810050095,0.5338376398598648
Pythia-1B,default,decile,2,-1.099654998218199,3.091042453358316,22.000000000000004,rel_freq,0.19511225578110838,0.18575722532525152,0.2042880758257047
Pythia-1B,default,decile,3,-0.6839739164040122,4.110873864173311,61.00000000000001,y_pred,0.5114344321338004,0.5025388711599682,0.5204642405336931
Pythia-1B,default,decile,3,-0.6839739164040122,4.110873864173311,61.00000000000001,rel_freq,0.2435608234809568,0.2355347038540695,0.2514407473045354
Pythia-1B,default,decile,4,-0.36626148122012114,4.890349128221754,133,y_pred,0.5027131865080228,0.4948148636873367,0.5107267472693645
Pythia-1B,default,decile,4,-0.36626148122012114,4.890349128221754,133,rel_freq,0.28059092443698525,0.27310831364397364,0.28791255203222554
Pythia-1B,default,decile,5,-0.08991202955537367,5.568344503761097,261.99999999999994,y_pred,0.4951273598937064,0.487753625410149,0.502646025930795
Pythia-1B,default,decile,5,-0.08991202955537367,5.568344503761097,261.99999999999994,rel_freq,0.3128000763650982,0.3054472598755129,0.3200903389794849
Pythia-1B,default,decile,6,0.16276586922739253,6.18826412308259,486.99999999999994,y_pred,0.4881913203326033,0.4808359111953325,0.49550351489271044
Pythia-1B,default,decile,6,0.16276586922739253,6.18826412308259,486.99999999999994,rel_freq,0.3422502554110249,0.3346160684958525,0.34985225653663393
Pythia-1B,default,decile,7,0.426010740589503,6.834108738813838,928.9999999999997,y_pred,0.48096521606776277,0.47317116562647676,0.4885785846789789
Pythia-1B,default,decile,7,0.426010740589503,6.834108738813838,928.9999999999997,rel_freq,0.37293203894604315,0.36475143789358155,0.3811627375307291
Pythia-1B,default,decile,8,0.7091936280649008,7.528869256642251,1861,y_pred,0.47319181079560074,0.4645199537869175,0.48165024589995065
Pythia-1B,default,decile,8,0.7091936280649008,7.528869256642251,1861,rel_freq,0.4059376432314536,0.3968007445014046,0.4150359227187778
Pythia-1B,default,decile,9,1.042999177535325,8.347827345782498,4220.999999999998,y_pred,0.46402880719300577,0.4540304624693735,0.4738267992577606
Pythia-1B,default,decile,9,1.042999177535325,8.347827345782498,4220.999999999998,rel_freq,0.44484343295736695,0.4343142990309952,0.45543076795886156
Pythia-1B,default,decile,10,1.5904883828701382,9.691036630760662,16172.000000000007,y_pred,0.4490001608184216,0.43612033500979175,0.4617998903084869
Pythia-1B,default,decile,10,1.5904883828701382,9.691036630760662,16172.000000000007,rel_freq,0.5086545347612659,0.49533296636960833,0.5219873438525294
Pythia-1B,default,grid,NA,-2.0770319357233826,0.6931471805599454,2,y_pred,0.549674046993104,0.5336925765351828,0.5661021556993895
Pythia-1B,default,grid,NA,-2.0770319357233826,0.6931471805599454,2,rel_freq,0.08119676913368522,0.06745114627475209,0.09513676847023692
Pythia-1B,default,grid,NA,-1.967223190782462,0.9625518087046103,2.6183695337834605,y_pred,0.5466597833684087,0.5312996712704853,0.5624616990055921
Pythia-1B,default,grid,NA,-1.967223190782462,0.9625518087046103,2.6183695337834605,rel_freq,0.09399522604225269,0.08086189668043317,0.10735061662102328
Pythia-1B,default,grid,NA,-1.8574144458415411,1.2319564368492761,3.4279295077227103,y_pred,0.5436455197437136,0.5288676627471218,0.5588078875099463
Pythia-1B,default,grid,NA,-1.8574144458415411,1.2319564368492761,3.4279295077227103,rel_freq,0.1067936829508202,0.09422194053054261,0.11956228536555497
Pythia-1B,default,grid,NA,-1.7476057009006205,1.501361064993941,4.487793093489239,y_pred,0.5406312561190184,0.5265358262030374,0.5551323068716252
Pythia-1B,default,grid,NA,-1.7476057009006205,1.501361064993941,4.487793093489239,rel_freq,0.11959213985938767,0.10757086162140249,0.1317773261458784
Pythia-1B,default,grid,NA,-1.6377969559596997,1.7707656931386069,5.875350354958031,y_pred,0.5376169924943232,0.5241579243975462,0.551456837869706
Pythia-1B,default,grid,NA,-1.6377969559596997,1.7707656931386069,5.875350354958031,rel_freq,0.13239059676795517,0.12085672651829377,0.14406762932456035
Pythia-1B,default,grid,NA,-1.527988211018779,2.040170321283272,7.691919184862973,y_pred,0.534602728869628,0.5217610150200312,0.547782144121145
Pythia-1B,default,grid,NA,-1.527988211018779,2.040170321283272,7.691919184862973,rel_freq,0.14518905367652266,0.13406909356948346,0.15626128702200714
Pythia-1B,default,grid,NA,-1.4181794660778584,2.3095749494279367,10.070143424984858,y_pred,0.5315884652449328,0.519346396027902,0.5442003562771682
Pythia-1B,default,grid,NA,-1.4181794660778584,2.3095749494279367,10.070143424984858,rel_freq,0.1579875105850901,0.1473627045131329,0.16862088445436305
Pythia-1B,default,grid,NA,-1.3083707211369375,2.5789795775726025,13.183678372405101,y_pred,0.5285742016202376,0.5169359429819856,0.5406491683400977
Pythia-1B,default,grid,NA,-1.3083707211369375,2.5789795775726025,13.183678372405101,rel_freq,0.17078596749365763,0.16062555317820634,0.18087726609710836
Pythia-1B,default,grid,NA,-1.1985619761960167,2.848384205717268,17.259870896752723,y_pred,0.5255599379955423,0.5145396516728277,0.5370224708899717
Pythia-1B,default,grid,NA,-1.1985619761960167,2.848384205717268,17.259870896752723,rel_freq,0.18358442440222514,0.17389779597304922,0.19320449699556344
Pythia-1B,default,grid,NA,-1.088753231255096,3.1177888338619333,22.596360056546576,y_pred,0.5225456743708472,0.5120292375897801,0.533457202419988
Pythia-1B,default,grid,NA,-1.088753231255096,3.1177888338619333,22.596360056546576,rel_freq,0.1963828813107926,0.187086432423858,0.20552258546928537
Pythia-1B,default,grid,NA,-0.9789444863141754,3.387193462006598,29.58281037323153,y_pred,0.519531410746152,0.5094459600330036,0.5298987073008442
Pythia-1B,default,grid,NA,-0.9789444863141754,3.387193462006598,29.58281037323153,rel_freq,0.20918133821936008,0.2002918671763857,0.2179768755168159
Pythia-1B,default,grid,NA,-0.8691357413732546,3.656598090151264,38.729364702481405,y_pred,0.5165171471214568,0.5068611427620139,0.526419290773627
Pythia-1B,default,grid,NA,-0.8691357413732546,3.656598090151264,38.729364702481405,rel_freq,0.2219797951279276,0.21349538269891838,0.23042515012702863
Pythia-1B,default,grid,NA,-0.7593269964323339,3.926002718295929,50.70389429988292,y_pred,0.5135028834967617,0.5043199201369943,0.5228155292083196
Pythia-1B,default,grid,NA,-0.7593269964323339,3.926002718295929,50.70389429988292,rel_freq,0.23477825203649505,0.2265359153664651,0.24281925992984346
Pythia-1B,default,grid,NA,-0.6495182514914131,4.195407346440595,66.3807660394952,y_pred,0.5104886198720664,0.5017338986947778,0.5193598239293091
Pythia-1B,default,grid,NA,-0.6495182514914131,4.195407346440595,66.3807660394952,rel_freq,0.24757670894506256,0.2395874928123471,0.2553999950196458
Pythia-1B,default,grid,NA,-0.5397095065504924,4.46481197458526,86.904687713511,y_pred,0.50747435624737125,0.49914444595842317,0.5158814186939563
Pythia-1B,default,grid,NA,-0.5397095065504924,4.46481197458526,86.904687713511,rel_freq,0.26037516585363,0.25265848514275707,0.26799131015329863
Pythia-1B,default,grid,NA,-0.4299007616095716,4.7342166027299255,113.77429332601157,y_pred,0.504460092622676,0.49641870367629226,0.5125792506903033
Pythia-1B,default,grid,NA,-0.4299007616095716,4.7342166027299255,113.77429332601157,rel_freq,0.27317362276219753,0.2656199159171395,0.2805786392707448
Pythia-1B,default,grid,NA,-0.32009201666865095,5.00362123087459,148.95157168628577,y_pred,0.5014458289979808,0.49366627028206295,0.5093106727707926
Pythia-1B,default,grid,NA,-0.32009201666865095,5.00362123087459,148.95157168628577,rel_freq,0.285972079670765,0.2784853876016579,0.2932646295663011
Pythia-1B,default,grid,NA,-0.21028327172773031,5.273025859019255,195.00512865626686,y_pred,0.49843156537328565,0.4908883767329585,0.5060136924613184
Pythia-1B,default,grid,NA,-0.21028327172773031,5.273025859019255,195.00512865626686,rel_freq,0.2987705365793325,0.29141553689335625,0.3060141741448046
Pythia-1B,default,grid,NA,-0.10047452678680946,5.542430487163921,255.29774390254678,y_pred,0.49541730174859044,0.48802057109512004,0.5029047962593557
Pythia-1B,default,grid,NA,-0.10047452678680946,5.542430487163921,255.29774390254678,rel_freq,0.3115689934879,0.30420704634650647,0.318839381532757
Pythia-1B,default,grid,NA,0.009334218154111174,5.811835115308586,334.2319173390403,y_pred,0.49240303812389524,0.4850396643101819,0.49976350583167245
Pythia-1B,default,grid,NA,0.009334218154111174,5.811835115308586,334.2319173390403,rel_freq,0.32436745039646747,0.31693800575045716,0.33177491101897316
Pythia-1B,default,grid,NA,0.1191429630950318,6.081239743453251,437.57133478928745,y_pred,0.48938877449920004,0.4820628126592894,0.4966455702794903
Pythia-1B,default,grid,NA,0.1191429630950318,6.081239743453251,437.57133478928745,rel_freq,0.33716590730503493,0.3295777269432471,0.34465350752607715
Pythia-1B,default,grid,NA,0.22895170803595288,6.350644371597918,572.8617259346175,y_pred,0.48637451087450484,0.4789502415480218,0.49372507769211676
Pythia-1B,default,grid,NA,0.22895170803595288,6.350644371597918,572.8617259346175,rel_freq,0.3499643642136025,0.342191663825008,0.3576867884113387
Pythia-1B,default,grid,NA,0.3387604529768735,6.620048999742583,749.9818451289063,y_pred,0.4833602472498097,0.47574355861359896,0.49083173502833227
Pythia-1B,default,grid,NA,0.3387604529768735,6.620048999742583,749.9818451289063,rel_freq,0.36276282112216995,0.3547963290070266,0.3707503320877993
Pythia-1B,default,grid,NA,0.44856919791779415,6.889453627887248,981.8648070881168,y_pred,0.4803459836251145,0.47249207101096385,0.4879788211082107
Pythia-1B,default,grid,NA,0.44856919791779415,6.889453627887248,981.8648070881168,rel_freq,0.3755612780307374,0.3672902334203675,0.3838529252548319
Pythia-1B,default,grid,NA,0.5583779428587148,7.1588582560319125,1285.4424485868497,y_pred,0.4773317200004193,0.4692112655079515,0.4852408120940371
Pythia-1B,default,grid,NA,0.5583779428587148,7.1588582560319125,1285.4424485868497,rel_freq,0.3883597349393049,0.3797740660928587,0.39695472423093525
Pythia-1B,default,grid,NA,0.6681866877996354,7.428262884176577,1682.8816724059095,y_pred,0.4743174563757241,0.46578047338749173,0.4826217172331506
Pythia-1B,default,grid,NA,0.6681866877996354,7.428262884176577,1682.8816724059095,rel_freq,0.4011581918478724,0.3922140287018464,0.41010352650372606
Pythia-1B,default,grid,NA,0.7779954327405565,7.697667512321244,2203.2030499950993,y_pred,0.4713031927510289,0.4623972193473556,0.4799594751666322
Pythia-1B,default,grid,NA,0.7779954327405565,7.697667512321244,2203.2030499950993,rel_freq,0.4139566487564399,0.40457405902994653,0.4233409396009572
Pythia-1B,default,grid,NA,0.8878041776814771,7.967072140465909,2884.399871422983,y_pred,0.4682889291263337,0.45895430317480373,0.47741575936792885
Pythia-1B,default,grid,NA,0.8878041776814771,7.967072140465909,2884.399871422983,rel_freq,0.4267551056650074,0.41691836287200473,0.4366193976607759
Pythia-1B,default,grid,NA,0.9976129226223978,8.236476768610574,3776.212373291434,y_pred,0.4652746655016385,0.4554906786158365,0.4748940940671636
Pythia-1B,default,grid,NA,0.9976129226223978,8.236476768610574,3776.212373291434,rel_freq,0.43955356257357486,0.42923331836673206,0.4499166155323242
Pythia-1B,default,grid,NA,1.1074216675633184,8.505881396755239,4943.759715661212,y_pred,0.46226040187694334,0.45187307229294077,0.47236823795148303
Pythia-1B,default,grid,NA,1.1074216675633184,8.505881396755239,4943.759715661212,rel_freq,0.4523520194821423,0.44149519130562415,0.46325822125209726
Pythia-1B,default,grid,NA,1.2172304125042395,8.775286024899906,6472.294910916661,y_pred,0.45924613825224814,0.4483732800585608,0.4699619562421677
Pythia-1B,default,grid,NA,1.2172304125042395,8.775286024899906,6472.294910916661,rel_freq,0.46515047639070983,0.45376244558091805,0.47654171102994347
Pythia-1B,default,grid,NA,1.32703915744516,9.04469065304457,8473.42990420296,y_pred,0.45623187462755294,0.44478872499184724,0.46758416863251573
Pythia-1B,default,grid,NA,1.32703915744516,9.04469065304457,8473.42990420296,rel_freq,0.47794893329927735,0.4660247455132866,0.48991347666299945
Pythia-1B,default,grid,NA,1.4368479023860807,9.314095281189235,11093.285353907366,y_pred,0.45321761100285773,0.44118855580293265,0.46518082164397956
Pythia-1B,default,grid,NA,1.4368479023860807,9.314095281189235,11093.285353907366,rel_freq,0.4907473902078448,0.47829621786446436,0.5031187959492697
Pythia-1B,default,grid,NA,1.5466566473270014,9.5834999093339,14523.160200118657,y_pred,0.45020334737816253,0.43757892359784334,0.462774380260356
Pythia-1B,default,grid,NA,1.5466566473270014,9.5834999093339,14523.160200118657,rel_freq,0.5035458471164123,0.4904724699286132,0.5166331741976037
Pythia-1B,default,grid,NA,1.656465392267922,9.852904537478565,19013.500101123595,y_pred,0.44718908375346733,0.43389756006587116,0.4603431975496204
Pythia-1B,default,grid,NA,1.656465392267922,9.852904537478565,19013.500101123595,rel_freq,0.5163443040249798,0.5026861608216696,0.5300567847434272
Pythia-1B,default,grid,NA,1.766274137208843,10.122309165623232,24892.184697685425,y_pred,0.44417482012877213,0.43031509668019957,0.4579672950220854
Pythia-1B,default,grid,NA,1.766274137208843,10.122309165623232,24892.184697685425,rel_freq,0.5291427609335473,0.51492474840216,0.5434086390930724
Pythia-1B,default,grid,NA,1.8760828821497637,10.391713793767897,32588.46902086518,y_pred,0.44116055650407693,0.4266745333883235,0.4556578809216916
Pythia-1B,default,grid,NA,1.8760828821497637,10.391713793767897,32588.46902086518,rel_freq,0.5419412178421148,0.5271548245455864,0.5567422861151341
Pythia-1B,default,grid,NA,1.9858916270906843,10.661118421912562,42664.32721843975,y_pred,0.4381462928793818,0.42305599081436396,0.4532797236720755
Pythia-1B,default,grid,NA,1.9858916270906843,10.661118421912562,42664.32721843975,rel_freq,0.5547396747506822,0.5393220432868494,0.5701347255212381
Pythia-1B,default,grid,NA,2.095700372031605,10.930523050057229,55855.48728406563,y_pred,0.4351320292546866,0.41928919586386537,0.45090419924942515
Pythia-1B,default,grid,NA,2.095700372031605,10.930523050057229,55855.48728406563,rel_freq,0.5675381316592497,0.551564457824625,0.5835176178654711
Pythia-1B,default,grid,NA,2.205509116972525,11.199927678201892,73125.15309961332,y_pred,0.4321177656299914,0.4155954527040597,0.44856971916883476
Pythia-1B,default,grid,NA,2.205509116972525,11.199927678201892,73125.15309961332,rel_freq,0.5803365885678171,0.5637375393447422,0.5968714402819945
Pythia-410M,attn_zeroed,decile,1,-1.7035538111602464,1.6094379124341005,5.000000000000001,y_pred,0.5824422745872916,0.566854999093141,0.5978923145908311
Pythia-410M,attn_zeroed,decile,1,-1.7035538111602464,1.6094379124341005,5.000000000000001,rel_freq,0.10296778668065296,0.0893733732931777,0.11644325965462714
Pythia-410M,attn_zeroed,decile,2,-1.099654998218199,3.091042453358316,22.000000000000004,y_pred,0.5593725039698948,0.5475505574933714,0.5710850845885571
Pythia-410M,attn_zeroed,decile,2,-1.099654998218199,3.091042453358316,22.000000000000004,rel_freq,0.12529235605104297,0.11482206563288297,0.1357002109637476
Pythia-410M,attn_zeroed,decile,3,-0.6839739164040122,4.110873864173311,61.00000000000001,y_pred,0.5434929112269878,0.5339679037666378,0.5529741639714469
Pythia-410M,attn_zeroed,decile,3,-0.6839739164040122,4.110873864173311,61.00000000000001,rel_freq,0.14065900514530127,0.13185089426427835,0.14945252028787764
Pythia-410M,attn_zeroed,decile,4,-0.36626148122012114,4.890349128221754,133,y_pred,0.5313558564010658,0.5231763730345366,0.5395576285928122
Pythia-410M,attn_zeroed,decile,4,-0.36626148122012114,4.890349128221754,133,rel_freq,0.1524040080283902,0.14457418708479444,0.16026723389839168
Pythia-410M,attn_zeroed,decile,5,-0.08991202955537367,5.568344503761097,261.99999999999994,y_pred,0.5207989248033861,0.5132777315231739,0.5284637038636569
Pythia-410M,attn_zeroed,decile,5,-0.08991202955537367,5.568344503761097,261.99999999999994,rel_freq,0.16261992892762692,0.1551244249465544,0.1700523577907116
Pythia-410M,attn_zeroed,decile,6,0.16276586922739253,6.18826412308259,486.99999999999994,y_pred,0.5111462792937755,0.5038438736286378,0.5186001769506855
Pythia-410M,attn_zeroed,decile,6,0.16276586922739253,6.18826412308259,486.99999999999994,rel_freq,0.1719607740474559,0.16447387953494635,0.17942898258360132
Pythia-410M,attn_zeroed,decile,7,0.426010740589503,6.834108738813838,928.9999999999997,y_pred,0.5010899608040208,0.49351253507153986,0.5087310205372837
Pythia-410M,attn_zeroed,decile,7,0.426010740589503,6.834108738813838,928.9999999999997,rel_freq,0.18169225267628838,0.17383400761329756,0.18964732344760227
Pythia-410M,attn_zeroed,decile,8,0.7091936280649008,7.528869256642251,1861,y_pred,0.4902719824990089,0.4818494572821115,0.4986995183788008
Pythia-410M,attn_zeroed,decile,8,0.7091936280649008,7.528869256642251,1861,rel_freq,0.19216078793495686,0.18356421560947828,0.2008991870650643
Pythia-410M,attn_zeroed,decile,9,1.042999177535325,8.347827345782498,4220.999999999998,y_pred,0.4775201484300192,0.46775379218529345,0.48735143674105125
Pythia-410M,attn_zeroed,decile,9,1.042999177535325,8.347827345782498,4220.999999999998,rel_freq,0.20450071142159035,0.19462953210973064,0.21437419066850522
Pythia-410M,attn_zeroed,decile,10,1.5904883828701382,9.691036630760662,16172.000000000007,y_pred,0.45660530290971996,0.4437181147227036,0.46936646454795045
Pythia-410M,attn_zeroed,decile,10,1.5904883828701382,9.691036630760662,16172.000000000007,rel_freq,0.22473996422702625,0.21243474335475082,0.2372661943673999
Pythia-410M,attn_zeroed,grid,NA,-2.0770319357233826,0.6931471805599454,2,y_pred,0.5967096559426412,0.5786845725166534,0.6145267625353026
Pythia-410M,attn_zeroed,grid,NA,-2.0770319357233826,0.6931471805599454,2,rel_freq,0.08916127121573016,0.07364872096406916,0.10473896906757202
Pythia-410M,attn_zeroed,grid,NA,-1.967223190782462,0.9625518087046103,2.6183695337834605,y_pred,0.5925148098802192,0.5752577901838999,0.6096346709190967
Pythia-410M,attn_zeroed,grid,NA,-1.967223190782462,0.9625518087046103,2.6183695337834605,rel_freq,0.09322061508488973,0.07827038438862742,0.10814704403588009
Pythia-410M,attn_zeroed,grid,NA,-1.8574144458415411,1.2319564368492761,3.4279295077227103,y_pred,0.5883199638177972,0.5717708678024646,0.6047321420581233
Pythia-410M,attn_zeroed,grid,NA,-1.8574144458415411,1.2319564368492761,3.4279295077227103,rel_freq,0.09727995895404931,0.08294235840687203,0.11156218293382338
Pythia-410M,attn_zeroed,grid,NA,-1.7476057009006205,1.501361064993941,4.487793093489239,y_pred,0.5841251177553751,0.5682643958395127,0.5998457657325068
Pythia-410M,attn_zeroed,grid,NA,-1.7476057009006205,1.501361064993941,4.487793093489239,rel_freq,0.1013393028232089,0.0875770110233078,0.11504686415515317
Pythia-410M,attn_zeroed,grid,NA,-1.6377969559596997,1.7707656931386069,5.875350354958031,y_pred,0.5799302716929532,0.5647677624899226,0.5949278004066241
Pythia-410M,attn_zeroed,grid,NA,-1.6377969559596997,1.7707656931386069,5.875350354958031,rel_freq,0.10539864669236848,0.09221548833825645,0.1185249537443797
Pythia-410M,attn_zeroed,grid,NA,-1.527988211018779,2.040170321283272,7.691919184862973,y_pred,0.5757354256305312,0.5612332498656134,0.5900424633178956
Pythia-410M,attn_zeroed,grid,NA,-1.527988211018779,2.040170321283272,7.691919184862973,rel_freq,0.10945799056152805,0.09686141709771465,0.12188440813922045
Pythia-410M,attn_zeroed,grid,NA,-1.4181794660778584,2.3095749494279367,10.070143424984858,y_pred,0.5715405795681091,0.5577172325069697,0.585133716122925
Pythia-410M,attn_zeroed,grid,NA,-1.4181794660778584,2.3095749494279367,10.070143424984858,rel_freq,0.11351733443068764,0.10150948065050998,0.12543551795590838
Pythia-410M,attn_zeroed,grid,NA,-1.3083707211369375,2.5789795775726025,13.183678372405101,y_pred,0.5673457335056871,0.5541999628957537,0.5802412631239259
Pythia-410M,attn_zeroed,grid,NA,-1.3083707211369375,2.5789795775726025,13.183678372405101,rel_freq,0.11757667829984722,0.10612052673428406,0.12894538987492618
Pythia-410M,attn_zeroed,grid,NA,-1.1985619761960167,2.848384205717268,17.259870896752723,y_pred,0.5631508874432651,0.5507125933783386,0.5754369847526686
Pythia-410M,attn_zeroed,grid,NA,-1.1985619761960167,2.848384205717268,17.259870896752723,rel_freq,0.1216360221690068,0.11078576108635381,0.13243279539145011
Pythia-410M,attn_zeroed,grid,NA,-1.088753231255096,3.1177888338619333,22.596360056546576,y_pred,0.5589560413808431,0.5471861325071204,0.5706023935797746
Pythia-410M,attn_zeroed,grid,NA,-1.088753231255096,3.1177888338619333,22.596360056546576,rel_freq,0.1256953660381664,0.11528792999529007,0.13606057575005315
Pythia-410M,attn_zeroed,grid,NA,-0.9789444863141754,3.387193462006598,29.58281037323153,y_pred,0.554761195318421,0.5436392933074433,0.5657624738950597
Pythia-410M,attn_zeroed,grid,NA,-0.9789444863141754,3.387193462006598,29.58281037323153,rel_freq,0.12975470990732596,0.1198065718476912,0.13965731892255376
Pythia-410M,attn_zeroed,grid,NA,-0.8691357413732546,3.656598090151264,38.729364702481405,y_pred,0.550566349255999,0.5400467687585935,0.5609598647928687
Pythia-410M,attn_zeroed,grid,NA,-0.8691357413732546,3.656598090151264,38.729364702481405,rel_freq,0.13381405377648556,0.1243358294495336,0.14322448076002686
Pythia-410M,attn_zeroed,grid,NA,-0.7593269964323339,3.926002718295929,50.70389429988292,y_pred,0.5463715031935771,0.5364252035398275,0.5562619982259869
Pythia-410M,attn_zeroed,grid,NA,-0.7593269964323339,3.926002718295929,50.70389429988292,rel_freq,0.13787339764564513,0.12879955567190088,0.14689034178712362
Pythia-410M,attn_zeroed,grid,NA,-0.6495182514914131,4.195407346440595,66.3807660394952,y_pred,0.542176657131155,0.5327781528249842,0.5515085721674585
Pythia-410M,attn_zeroed,grid,NA,-0.6495182514914131,4.195407346440595,66.3807660394952,rel_freq,0.14193274151480473,0.133250027367677,0.15064247521360044
Pythia-410M,attn_zeroed,grid,NA,-0.5397095065504924,4.46481197458526,86.904687713511,y_pred,0.537981811068733,0.5290652520450461,0.5468421289662361
Pythia-410M,attn_zeroed,grid,NA,-0.5397095065504924,4.46481197458526,86.904687713511,rel_freq,0.1459920853839643,0.13766471769230762,0.15437699725324133
Pythia-410M,attn_zeroed,grid,NA,-0.4299007616095716,4.7342166027299255,113.77429332601157,y_pred,0.533786965006311,0.5253992103059382,0.5422188172940987
Pythia-410M,attn_zeroed,grid,NA,-0.4299007616095716,4.7342166027299255,113.77429332601157,rel_freq,0.15005142925312387,0.14203545615871202,0.1581163202976067
Pythia-410M,attn_zeroed,grid,NA,-0.32009201666865095,5.00362123087459,148.95157168628577,y_pred,0.529592118943889,0.5215447398595044,0.5376966290926841
Pythia-410M,attn_zeroed,grid,NA,-0.32009201666865095,5.00362123087459,148.95157168628577,rel_freq,0.15411077312228347,0.146339301126311,0.1618991634303777
Pythia-410M,attn_zeroed,grid,NA,-0.21028327172773031,5.273025859019255,195.00512865626686,y_pred,0.525397272881467,0.5176695919369121,0.5331919763763202
Pythia-410M,attn_zeroed,grid,NA,-0.21028327172773031,5.273025859019255,195.00512865626686,rel_freq,0.15817011699144304,0.1505089768782512,0.16579448622647885
Pythia-410M,attn_zeroed,grid,NA,-0.10047452678680946,5.542430487163921,255.29774390254678,y_pred,0.5212024268190449,0.513677781981961,0.5288596461265981
Pythia-410M,attn_zeroed,grid,NA,-0.10047452678680946,5.542430487163921,255.29774390254678,rel_freq,0.1622294608606026,0.15472888501672064,0.16967278091018884
Pythia-410M,attn_zeroed,grid,NA,0.009334218154111174,5.811835115308586,334.2319173390403,y_pred,0.5170075807566229,0.5095809281609738,0.5245123147495481
Pythia-410M,attn_zeroed,grid,NA,0.009334218154111174,5.811835115308586,334.2319173390403,rel_freq,0.1662888047297622,0.15888353707666236,0.17375586469180904
Pythia-410M,attn_zeroed,grid,NA,0.1191429630950318,6.081239743453251,437.57133478928745,y_pred,0.512812734694201,0.5054832932690391,0.5202044512352411
Pythia-410M,attn_zeroed,grid,NA,0.1191429630950318,6.081239743453251,437.57133478928745,rel_freq,0.17034814859892178,0.16288466595777484,0.17779443567497102
Pythia-410M,attn_zeroed,grid,NA,0.22895170803595288,6.350644371597918,572.8617259346175,y_pred,0.5086178886317789,0.5013061684992988,0.5160126204884459
Pythia-410M,attn_zeroed,grid,NA,0.22895170803595288,6.350644371597918,572.8617259346175,rel_freq,0.17440749246808138,0.16683762090069854,0.18196804011093737
Pythia-410M,attn_zeroed,grid,NA,0.3387604529768735,6.620048999742583,749.9818451289063,y_pred,0.5044230425693569,0.49700523794700735,0.5119522153509614
Pythia-410M,attn_zeroed,grid,NA,0.3387604529768735,6.620048999742583,749.9818451289063,rel_freq,0.17846683633724095,0.17079243697967128,0.18614535126836898
Pythia-410M,attn_zeroed,grid,NA,0.44856919791779415,6.889453627887248,981.8648070881168,y_pred,0.5002281965069348,0.49258635812816737,0.5079388895115378
Pythia-410M,attn_zeroed,grid,NA,0.44856919791779415,6.889453627887248,981.8648070881168,rel_freq,0.18252618020640052,0.17464126449318626,0.19056288846503597
Pythia-410M,attn_zeroed,grid,NA,0.5583779428587148,7.1588582560319125,1285.4424485868497,y_pred,0.49603335044451285,0.48811976170301435,0.5039948061999959
Pythia-410M,attn_zeroed,grid,NA,0.5583779428587148,7.1588582560319125,1285.4424485868497,rel_freq,0.18658552407556012,0.17842512606631855,0.19494393140858843
Pythia-410M,attn_zeroed,grid,NA,0.6681866877996354,7.428262884176577,1682.8816724059095,y_pred,0.49183850438209087,0.4835805955708026,0.5001517373030574
Pythia-410M,attn_zeroed,grid,NA,0.6681866877996354,7.428262884176577,1682.8816724059095,rel_freq,0.1906448679447197,0.18216798504393894,0.19924919864212523
Pythia-410M,attn_zeroed,grid,NA,0.7779954327405565,7.697667512321244,2203.2030499950993,y_pred,0.4876436583196688,0.4789382689731054,0.49630219228312483
Pythia-410M,attn_zeroed,grid,NA,0.7779954327405565,7.697667512321244,2203.2030499950993,rel_freq,0.19470421181387929,0.18584222367977846,0.20364645817065258
Pythia-410M,attn_zeroed,grid,NA,0.8878041776814771,7.967072140465909,2884.399871422983,y_pred,0.48344881225724684,0.4743593183306815,0.49255656634243983
Pythia-410M,attn_zeroed,grid,NA,0.8878041776814771,7.967072140465909,2884.399871422983,rel_freq,0.19876355568303886,0.18950563295380748,0.2080818955929642
Pythia-410M,attn_zeroed,grid,NA,0.9976129226223978,8.236476768610574,3776.212373291434,y_pred,0.4792539661948248,0.4696754675753435,0.4888311978206886
Pythia-410M,attn_zeroed,grid,NA,0.9976129226223978,8.236476768610574,3776.212373291434,rel_freq,0.20282289955219843,0.19314878534577914,0.2124985364285669
Pythia-410M,attn_zeroed,grid,NA,1.1074216675633184,8.505881396755239,4943.759715661212,y_pred,0.4750591201324028,0.4649947750745952,0.4852044948582886
Pythia-410M,attn_zeroed,grid,NA,1.1074216675633184,8.505881396755239,4943.759715661212,rel_freq,0.206882243421358,0.19676291543862987,0.2170225615707713
Pythia-410M,attn_zeroed,grid,NA,1.2172304125042395,8.775286024899906,6472.294910916661,y_pred,0.47086427406998077,0.46020294033264225,0.4815153697427755
Pythia-410M,attn_zeroed,grid,NA,1.2172304125042395,8.775286024899906,6472.294910916661,rel_freq,0.2109415872905176,0.2003205625694728,0.22158297195001844
Pythia-410M,attn_zeroed,grid,NA,1.32703915744516,9.04469065304457,8473.42990420296,y_pred,0.4666694280075588,0.45533509796863203,0.47793202036955523
Pythia-410M,attn_zeroed,grid,NA,1.32703915744516,9.04469065304457,8473.42990420296,rel_freq,0.2150009311596772,0.20389443222911874,0.22614156006710548
Pythia-410M,attn_zeroed,grid,NA,1.4368479023860807,9.314095281189235,11093.285353907366,y_pred,0.46247458194513674,0.4505016080607701,0.47432619331848164
Pythia-410M,attn_zeroed,grid,NA,1.4368479023860807,9.314095281189235,11093.285353907366,rel_freq,0.21906027502883677,0.20742753238465075,0.2307368800317812
Pythia-410M,attn_zeroed,grid,NA,1.5466566473270014,9.5834999093339,14523.160200118657,y_pred,0.45827973588271476,0.44564843911139496,0.4708059332119049
Pythia-410M,attn_zeroed,grid,NA,1.5466566473270014,9.5834999093339,14523.160200118657,rel_freq,0.22311961889799634,0.21099215077723216,0.2354061560305765
Pythia-410M,attn_zeroed,grid,NA,1.656465392267922,9.852904537478565,19013.500101123595,y_pred,0.4540848898202927,0.4407301164610983,0.4672507627553765
Pythia-410M,attn_zeroed,grid,NA,1.656465392267922,9.852904537478565,19013.500101123595,rel_freq,0.2271789627671559,0.21450566752916975,0.24005622235418098
Pythia-410M,attn_zeroed,grid,NA,1.766274137208843,10.122309165623232,24892.184697685425,y_pred,0.44989004375787073,0.4359431988999913,0.4637130370441965
Pythia-410M,attn_zeroed,grid,NA,1.766274137208843,10.122309165623232,24892.184697685425,rel_freq,0.2312383066363155,0.21806125350805128,0.24466831247782891
Pythia-410M,attn_zeroed,grid,NA,1.8760828821497637,10.391713793767897,32588.46902086518,y_pred,0.4456951976954487,0.43102579056014995,0.4602779956994928
Pythia-410M,attn_zeroed,grid,NA,1.8760828821497637,10.391713793767897,32588.46902086518,rel_freq,0.2352976505054751,0.2215173748341748,0.24932572680755383
Pythia-410M,attn_zeroed,grid,NA,1.9858916270906843,10.661118421912562,42664.32721843975,y_pred,0.4415003516330267,0.42605300912212785,0.45679326005361176
Pythia-410M,attn_zeroed,grid,NA,1.9858916270906843,10.661118421912562,42664.32721843975,rel_freq,0.23935699437463467,0.2249419776810344,0.2539663961029063
Pythia-410M,attn_zeroed,grid,NA,2.095700372031605,10.930523050057229,55855.48728406563,y_pred,0.43730550557060466,0.42119251826429255,0.4533504927294865
Pythia-410M,attn_zeroed,grid,NA,2.095700372031605,10.930523050057229,55855.48728406563,rel_freq,0.24341633824379424,0.2283977535677754,0.2586502901729926
Pythia-410M,attn_zeroed,grid,NA,2.205509116972525,11.199927678201892,73125.15309961332,y_pred,0.43311065950818267,0.4163201995104064,0.4497793230355578
Pythia-410M,attn_zeroed,grid,NA,2.205509116972525,11.199927678201892,73125.15309961332,rel_freq,0.24747568211295382,0.23186425429396734,0.26336749356705363
Pythia-410M,default,decile,1,-1.7035538111602464,1.6094379124341005,5.000000000000001,y_pred,0.49684390774468995,0.482138779841385,0.5114334899843769
Pythia-410M,default,decile,1,-1.7035538111602464,1.6094379124341005,5.000000000000001,rel_freq,0.11051946097178458,0.09757062114786333,0.12306406830257269
Pythia-410M,default,decile,2,-1.099654998218199,3.091042453358316,22.000000000000004,y_pred,0.4812177101482882,0.4699355693095419,0.4923368023745242
Pythia-410M,default,decile,2,-1.099654998218199,3.091042453358316,22.000000000000004,rel_freq,0.19045246885660175,0.18053722986298748,0.20045186678194135
Pythia-410M,default,decile,3,-0.6839739164040122,4.110873864173311,61.00000000000001,y_pred,0.4704617447741058,0.46128864581679874,0.4795824606488353
Pythia-410M,default,decile,3,-0.6839739164040122,4.110873864173311,61.00000000000001,rel_freq,0.24547267833234263,0.23691414719877657,0.2540572081569121
Pythia-410M,default,decile,4,-0.36626148122012114,4.890349128221754,133,y_pred,0.4622407693646146,0.45431874171366166,0.47023690846579974
Pythia-410M,default,decile,4,-0.36626148122012114,4.890349128221754,133,rel_freq,0.2875256018394062,0.2796962986606221,0.29542328393909295
Pythia-410M,default,decile,5,-0.08991202955537367,5.568344503761097,261.99999999999994,y_pred,0.45509008278463453,0.4476808554126763,0.4625244155041667
Pythia-410M,default,decile,5,-0.08991202955537367,5.568344503761097,261.99999999999994,rel_freq,0.32410365502561594,0.3164900672684707,0.3317914433104323
Pythia-410M,default,decile,6,0.16276586922739253,6.18826412308259,486.99999999999994,y_pred,0.4485519100146178,0.4413166717825027,0.4558571671114177
Pythia-410M,default,decile,6,0.16276586922739253,6.18826412308259,486.99999999999994,rel_freq,0.35754850380305525,0.34972209890443295,0.3652995336178852
Pythia-410M,default,decile,7,0.426010740589503,6.834108738813838,928.9999999999997,y_pred,0.441740311303066,0.4341024286549675,0.4493760129674218
Pythia-410M,default,decile,7,0.426010740589503,6.834108738813838,928.9999999999997,rel_freq,0.39239201388666345,0.3841269104974794,0.40059717869264183
Pythia-410M,default,decile,8,0.7091936280649008,7.528869256642251,1861,y_pred,0.43441280599791016,0.4259095379834985,0.442927771863873
Pythia-410M,default,decile,8,0.7091936280649008,7.528869256642251,1861,rel_freq,0.4298745515110394,0.42095823856090725,0.4387729059389524
Pythia-410M,default,decile,9,1.042999177535325,8.347827345782498,4220.999999999998,y_pred,0.42577541284029047,0.4159176073392943,0.4356658163762162
Pythia-410M,default,decile,9,1.042999177535325,8.347827345782498,4220.999999999998,rel_freq,0.4740575852345643,0.4639866356965346,0.48419034974557223
Pythia-410M,default,decile,10,1.5904883828701382,9.691036630760662,16172.000000000007,y_pred,0.41160884334037695,0.3987313512610086,0.42443436590462075
Pythia-410M,default,decile,10,1.5904883828701382,9.691036630760662,16172.000000000007,rel_freq,0.546524127690046,0.5338708170368149,0.5592933988161242
Pythia-410M,default,grid,NA,-2.0770319357233826,0.6931471805599454,2,y_pred,0.5065078495297803,0.48943317035362033,0.5235704416937548
Pythia-410M,default,grid,NA,-2.0770319357233826,0.6931471805599454,2,rel_freq,0.06108530207673022,0.04616702249495675,0.0754625884311663
Pythia-410M,default,grid,NA,-1.967223190782462,0.9625518087046103,2.6183695337834605,y_pred,0.5036664908294705,0.4872501001779627,0.5200476909175167
Pythia-410M,default,grid,NA,-1.967223190782462,0.9625518087046103,2.6183695337834605,rel_freq,0.07561976229933509,0.06126904169870693,0.08944744581644566
Pythia-410M,default,grid,NA,-1.8574144458415411,1.2319564368492761,3.4279295077227103,y_pred,0.5008251321291605,0.48509978266010056,0.5165350494301896
Pythia-410M,default,grid,NA,-1.8574144458415411,1.2319564368492761,3.4279295077227103,rel_freq,0.09015422252193998,0.07639239638866972,0.10347391151605487
Pythia-410M,default,grid,NA,-1.7476057009006205,1.501361064993941,4.487793093489239,y_pred,0.49798377342885064,0.48294951030605426,0.5128629877998109
Pythia-410M,default,grid,NA,-1.7476057009006205,1.501361064993941,4.487793093489239,rel_freq,0.10468868274454485,0.09151151382001793,0.11743262857407838
Pythia-410M,default,grid,NA,-1.6377969559596997,1.7707656931386069,5.875350354958031,y_pred,0.4951424147285407,0.4808353800367816,0.5094089922779749
Pythia-410M,default,grid,NA,-1.6377969559596997,1.7707656931386069,5.875350354958031,rel_freq,0.11922314296714974,0.10663079230062333,0.13142245098726446
Pythia-410M,default,grid,NA,-1.527988211018779,2.040170321283272,7.691919184862973,y_pred,0.4923010560282308,0.47859483761341076,0.5058946264229701
Pythia-410M,default,grid,NA,-1.527988211018779,2.040170321283272,7.691919184862973,rel_freq,0.1337576031897546,0.1218136399666517,0.14544068807939492
Pythia-410M,default,grid,NA,-1.4181794660778584,2.3095749494279367,10.070143424984858,y_pred,0.4894596973279209,0.4764153509268917,0.5024192522087509
Pythia-410M,default,grid,NA,-1.4181794660778584,2.3095749494279367,10.070143424984858,rel_freq,0.14829206341235945,0.13687587046797695,0.1595643938591035
Pythia-410M,default,grid,NA,-1.3083707211369375,2.5789795775726025,13.183678372405101,y_pred,0.486618338627611,0.47421911672839906,0.49890900349830913
Pythia-410M,default,grid,NA,-1.3083707211369375,2.5789795775726025,13.183678372405101,rel_freq,0.16282652363496436,0.1519247969812051,0.17363545697773589
Pythia-410M,default,grid,NA,-1.1985619761960167,2.848384205717268,17.259870896752723,y_pred,0.48377697992730107,0.4719631027119499,0.4954884308265881
Pythia-410M,default,grid,NA,-1.1985619761960167,2.848384205717268,17.259870896752723,rel_freq,0.17736098385756924,0.16702714819363962,0.18769312020501755
Pythia-410M,default,grid,NA,-1.088753231255096,3.1177888338619333,22.596360056546576,y_pred,0.4809356212269912,0.469716311548482,0.4920230628332401
Pythia-410M,default,grid,NA,-1.088753231255096,3.1177888338619333,22.596360056546576,rel_freq,0.19189544408017412,0.18202786284235087,0.20185119000788743
Pythia-410M,default,grid,NA,-0.9789444863141754,3.387193462006598,29.58281037323153,y_pred,0.4780942625266813,0.46752558269827593,0.4885933848171838
Pythia-410M,default,grid,NA,-0.9789444863141754,3.387193462006598,29.58281037323153,rel_freq,0.20642990430277897,0.1969770053644689,0.2158919875598334
Pythia-410M,default,grid,NA,-0.8691357413732546,3.656598090151264,38.729364702481405,y_pred,0.47525290382637136,0.46527470844291396,0.48524705442884497
Pythia-410M,default,grid,NA,-0.8691357413732546,3.656598090151264,38.729364702481405,rel_freq,0.22096436452538387,0.21188318870487988,0.23007512111974102
Pythia-410M,default,grid,NA,-0.7593269964323339,3.926002718295929,50.70389429988292,y_pred,0.4724115451260615,0.46293874851078026,0.48181392970378745
Pythia-410M,default,grid,NA,-0.7593269964323339,3.926002718295929,50.70389429988292,rel_freq,0.23549882474798872,0.22673086685557103,0.24434254559360144
Pythia-410M,default,grid,NA,-0.6495182514914131,4.195407346440595,66.3807660394952,y_pred,0.46957018642575155,0.46052626334227986,0.4785738145032865
Pythia-410M,default,grid,NA,-0.6495182514914131,4.195407346440595,66.3807660394952,rel_freq,0.25003328497059363,0.24157340961226081,0.25858467530274426
Pythia-410M,default,grid,NA,-0.5397095065504924,4.46481197458526,86.904687713511,y_pred,0.46672882772544166,0.45815740979376235,0.4753618715013607
Pythia-410M,default,grid,NA,-0.5397095065504924,4.46481197458526,86.904687713511,rel_freq,0.2645677451931985,0.25631898804011316,0.27286526663955907
Pythia-410M,default,grid,NA,-0.4299007616095716,4.7342166027299255,113.77429332601157,y_pred,0.4638874690251318,0.45580538468211107,0.47210009092001204
Pythia-410M,default,grid,NA,-0.4299007616095716,4.7342166027299255,113.77429332601157,rel_freq,0.2791022054158034,0.2710683813336998,0.2871445424013646
Pythia-410M,default,grid,NA,-0.32009201666865095,5.00362123087459,148.95157168628577,y_pred,0.46104611032482185,0.45323639590911186,0.4688892319310392
Pythia-410M,default,grid,NA,-0.32009201666865095,5.00362123087459,148.95157168628577,rel_freq,0.29363666563840823,0.28587500297121704,0.3014371792844028
Pythia-410M,default,grid,NA,-0.21028327172773031,5.273025859019255,195.00512865626686,y_pred,0.45820475162451196,0.4506551075737582,0.46584170040154926
Pythia-410M,default,grid,NA,-0.21028327172773031,5.273025859019255,195.00512865626686,rel_freq,0.3081711258610131,0.3004419409383938,0.31585820720949515
Pythia-410M,default,grid,NA,-0.10047452678680946,5.542430487163921,255.29774390254678,y_pred,0.4553633929242021,0.4479519481639043,0.46283369850405287
Pythia-410M,default,grid,NA,-0.10047452678680946,5.542430487163921,255.29774390254678,rel_freq,0.322705586083618,0.3150729239519656,0.33040193134789875
Pythia-410M,default,grid,NA,0.009334218154111174,5.811835115308586,334.2319173390403,y_pred,0.45252203422389214,0.4452482633392435,0.4598184323134658
Pythia-410M,default,grid,NA,0.009334218154111174,5.811835115308586,334.2319173390403,rel_freq,0.33724004630622284,0.3296002793840793,0.34490242080973726
Pythia-410M,default,grid,NA,0.1191429630950318,6.081239743453251,437.57133478928745,y_pred,0.44968067552358226,0.4423944330931392,0.456998796335072
Pythia-410M,default,grid,NA,0.1191429630950318,6.081239743453251,437.57133478928745,rel_freq,0.35177450652882775,0.34400834905297045,0.3595330681477257
Pythia-410M,default,grid,NA,0.22895170803595288,6.350644371597918,572.8617259346175,y_pred,0.4468393168232723,0.4395339735436247,0.4541880112797953
Pythia-410M,default,grid,NA,0.22895170803595288,6.350644371597918,572.8617259346175,rel_freq,0.36630896675143265,0.35839795262099483,0.3741268746036667
Pythia-410M,default,grid,NA,0.3387604529768735,6.620048999742583,749.9818451289063,y_pred,0.44399795812296244,0.43660703640773185,0.4514778429991945
Pythia-410M,default,grid,NA,0.3387604529768735,6.620048999742583,749.9818451289063,rel_freq,0.3808434269740375,0.3727364153722703,0.3888330503654983
Pythia-410M,default,grid,NA,0.44856919791779415,6.889453627887248,981.8648070881168,y_pred,0.44115659942265256,0.4334505986346244,0.4488426442021982
Pythia-410M,default,grid,NA,0.44856919791779415,6.889453627887248,981.8648070881168,rel_freq,0.39537788719664235,0.38706635392896604,0.4036481839377132
Pythia-410M,default,grid,NA,0.5583779428587148,7.1588582560319125,1285.4424485868497,y_pred,0.4383152407223426,0.43031869129192235,0.446317407256766
Pythia-410M,default,grid,NA,0.5583779428587148,7.1588582560319125,1285.4424485868497,rel_freq,0.40991234741924726,0.40133224859010724,0.4184355473394995
Pythia-410M,default,grid,NA,0.6681866877996354,7.428262884176577,1682.8816724059095,y_pred,0.43547388202203274,0.4271172485619265,0.44385436844951465
Pythia-410M,default,grid,NA,0.6681866877996354,7.428262884176577,1682.8816724059095,rel_freq,0.4244468076418521,0.4156330688785567,0.4332344596214302
Pythia-410M,default,grid,NA,0.7779954327405565,7.697667512321244,2203.2030499950993,y_pred,0.4326325233217228,0.423947851902159,0.44144484880182616
Pythia-410M,default,grid,NA,0.7779954327405565,7.697667512321244,2203.2030499950993,rel_freq,0.438981267864457,0.4298116854396462,0.44810471951588615
Pythia-410M,default,grid,NA,0.8878041776814771,7.967072140465909,2884.399871422983,y_pred,0.4297911646214129,0.420587071505399,0.4390767216045493
Pythia-410M,default,grid,NA,0.8878041776814771,7.967072140465909,2884.399871422983,rel_freq,0.4535157280870619,0.44398075417818544,0.4630368833449432
Pythia-410M,default,grid,NA,0.9976129226223978,8.236476768610574,3776.212373291434,y_pred,0.42694980592110304,0.4173007529757466,0.4366227179258526
Pythia-410M,default,grid,NA,0.9976129226223978,8.236476768610574,3776.212373291434,rel_freq,0.46805018830966677,0.45814067249381607,0.4780115334129067
Pythia-410M,default,grid,NA,1.1074216675633184,8.505881396755239,4943.759715661212,y_pred,0.4241084472207931,0.4139048838410597,0.4342689500520161
Pythia-410M,default,grid,NA,1.1074216675633184,8.505881396755239,4943.759715661212,rel_freq,0.4825846485322716,0.4722717843208961,0.49300925921068756
Pythia-410M,default,grid,NA,1.2172304125042395,8.775286024899906,6472.294910916661,y_pred,0.4212670885204832,0.4105052759784818,0.4319894871809941
Pythia-410M,default,grid,NA,1.2172304125042395,8.775286024899906,6472.294910916661,rel_freq,0.4971191087548765,0.4863251158781989,0.5080422410642476
Pythia-410M,default,grid,NA,1.32703915744516,9.04469065304457,8473.42990420296,y_pred,0.4184257298201733,0.40712622354032113,0.4298430428778479
Pythia-410M,default,grid,NA,1.32703915744516,9.04469065304457,8473.42990420296,rel_freq,0.5116535689774814,0.5003887681762684,0.5231241937769526
Pythia-410M,default,grid,NA,1.4368479023860807,9.314095281189235,11093.285353907366,y_pred,0.4155843711198634,0.4036854248644229,0.42759919008091335
Pythia-410M,default,grid,NA,1.4368479023860807,9.314095281189235,11093.285353907366,rel_freq,0.5261880292000862,0.5143498683613364,0.5382040121834379
Pythia-410M,default,grid,NA,1.5466566473270014,9.5834999093339,14523.160200118657,y_pred,0.4127430124195535,0.40016971960269365,0.4253253719807657
Pythia-410M,default,grid,NA,1.5466566473270014,9.5834999093339,14523.160200118657,rel_freq,0.5407224894226912,0.5283075356492871,0.5533279251511584
Pythia-410M,default,grid,NA,1.656465392267922,9.852904537478565,19013.500101123595,y_pred,0.4099016537192436,0.39663377829891117,0.4230857100692745
Pythia-410M,default,grid,NA,1.656465392267922,9.852904537478565,19013.500101123595,rel_freq,0.555256949645296,0.5422330002267722,0.5683801121473436
Pythia-410M,default,grid,NA,1.766274137208843,10.122309165623232,24892.184697685425,y_pred,0.4070602950189337,0.39306607077454414,0.4208635566322679
Pythia-410M,default,grid,NA,1.766274137208843,10.122309165623232,24892.184697685425,rel_freq,0.5697914098679009,0.556205717026248,0.583448939568199
Pythia-410M,default,grid,NA,1.8760828821497637,10.391713793767897,32588.46902086518,y_pred,0.40421893631862377,0.3895561955516028,0.41863296811994455
Pythia-410M,default,grid,NA,1.8760828821497637,10.391713793767897,32588.46902086518,rel_freq,0.5843258700905057,0.5701800684938488,0.598596262320551
Pythia-410M,default,grid,NA,1.9858916270906843,10.661118421912562,42664.32721843975,y_pred,0.4013775776183139,0.3860516278014997,0.4165741975800903
Pythia-410M,default,grid,NA,1.9858916270906843,10.661118421912562,42664.32721843975,rel_freq,0.5988603303131107,0.5841446361598109,0.6137230064079447
Pythia-410M,default,grid,NA,2.095700372031605,10.930523050057229,55855.48728406563,y_pred,0.398536218918004,0.38259652439190517,0.4144704056587059
Pythia-410M,default,grid,NA,2.095700372031605,10.930523050057229,55855.48728406563,rel_freq,0.6133947905357156,0.5980422842738856,0.6288056215026347
Pythia-410M,default,grid,NA,2.205509116972525,11.199927678201892,73125.15309961332,y_pred,0.39569486021769407,0.3790889085406198,0.4123036059060124
Pythia-410M,default,grid,NA,2.205509116972525,11.199927678201892,73125.15309961332,rel_freq,0.6279292507583203,0.6120265595804506,0.6439676207068532
