word1,word2,preference,mlp_pred,fold
abetting,aiding,-1.11962890625,0.01039762794971466,0
academic,parental,-3.1611328125,-0.05357154458761215,0
acceptance,recognition,-0.16796875,0.04620745778083801,0
acoustic,electric,-0.3056640625,-0.013794049620628357,0
adenine,guanine,-2.55859375,-0.2860140800476074,0
adjustment,haggling,-4.4703369140625,-0.0766029804944992,0
adventures,pictures,2.778076171875,-0.223259836435318,0
affirmation,liberation,-0.76171875,-0.20889851450920105,0
afloat,popular,0.76416015625,0.18460223078727722,0
agents,supplies,-0.78125,-0.5829710960388184,0
agreed,approved,5.626953125,0.19906264543533325,0
ahead,shiver,-2.985107421875,-0.24651208519935608,0
airfields,factories,7.6142578125,-0.190688818693161,0
airfields,ports,-2.0126953125,-0.09467613697052002,0
ands,ifs,-0.0032958984375,-0.3216407895088196,0
angrier,angrier,-3.3603515625,-0.4128185510635376,0
annoyance,disappointment,-0.603515625,0.3500223457813263,0
annoyed,restless,-1.8305587768554688,0.07338407635688782,0
anthropology,voice,-1.7091064453125,-0.5386878848075867,0
apart,floor,3.470703125,-0.3608492612838745,0
apologize,stuff,-0.58984375,0.09188088774681091,0
appalling,terrible,-1.10888671875,-0.12488043308258057,0
applauding,cheering,-1.2710914611816406,0.1049606204032898,0
aqueducts,sewers,-5.8572998046875,-0.2592093348503113,0
arm,arm,-1.4990234375,0.27579465508461,0
aroused,irritated,1.07513427734375,-0.06037728488445282,0
arrogance,riches,-1.2255859375,-0.32108253240585327,0
arteries,veins,3.45361328125,-0.47859054803848267,0
arums,mangroves,-0.76025390625,-0.4190223813056946,0
associate,supporting,-2.525146484375,0.0404147207736969,0
attack,attack,2.62109375,0.11429326236248016,0
attack,defense,0.36773681640625,0.15025866031646729,0
attractions,television,-0.5091400146484375,0.06831498444080353,0
away,away,1.5234375,-0.03583496809005737,0
away,down,0.3984375,0.011747509241104126,0
away,good,-2.3626708984375,-0.1889641284942627,0
axes,scythes,-0.509765625,-0.5668249130249023,0
axes,shovels,0.64794921875,-0.5050696134567261,0
axes,spades,-3.193359375,-0.3361198604106903,0
bacon,bread,2.296875,-0.1479027420282364,0
bacon,cornbread,1.7314453125,0.07452073693275452,0
bald,stony,0.5628395080566406,0.0933542251586914,0
bald,toothless,0.232421875,0.40398821234703064,0
bales,boxes,0.283203125,-0.06676040589809418,0
banged,clattered,6.2060546875,0.2988070845603943,0
barrows,shovels,-1.76953125,-0.06062440574169159,0
bat,scull,0.91162109375,-0.29249483346939087,0
beast,men,-0.10546875,-0.4215812385082245,0
beige,green,5.59423828125,-0.2933781147003174,0
beneficent,patriarchal,-3.1168899536132812,-0.2948854863643646,0
better,better,3.1025390625,0.06344310939311981,0
better,good,3.601104736328125,0.03838631510734558,0
better,popular,-0.6171875,0.2606748342514038,0
better,worse,3.613525390625,-0.009673207998275757,0
biblical,julian,2.77325439453125,-0.06058173626661301,0
billboards,magazines,1.86328125,-0.18606123328208923,0
billions,billions,-5.779296875,-0.3962145149707794,0
blanket,coat,4.8987274169921875,-0.3353641629219055,0
blanket,doll,1.0052490234375,-0.28637832403182983,0
blanket,popbeads,0.96044921875,0.21554943919181824,0
blindfold,plaintively,-0.80859375,0.07210801541805267,0
blink,sit,1.4677734375,-0.028678275644779205,0
blistered,bloody,1.146240234375,0.02481452375650406,0
blistered,burned,3.504150390625,0.053587451577186584,0
bloody,guts,-1.487060546875,-0.4209374487400055,0
bloody,terrible,0.646484375,-0.3045322895050049,0
bloody,well,-1.8828125,0.15381783246994019,0
bloomers,sneakers,4.4150390625,-0.07402732968330383,0
blue,glowing,0.04742431640625,-0.2708350121974945,0
blue,gold,1.939453125,0.14639931917190552,0
blue,green,-1.591064453125,0.10010367631912231,0
blue,restless,0.481719970703125,0.1539519727230072,0
bonnet,veil,2.3083114624023438,-0.41278210282325745,0
bony,discoloured,-5.742919921875,0.016175217926502228,0
boobs,pubes,-1.0517578125,-0.5094372630119324,0
brains,pluck,2.02978515625,-0.16022366285324097,0
bravely,unfalteringly,-0.19140625,-0.18755541741847992,0
bravely,well,-2.933490753173828,-0.05502310395240784,0
bread,fishes,4.02734375,-0.13906681537628174,0
bread,salami,1.2138671875,-0.009218558669090271,0
bread,stuff,6.7333984375,0.29430118203163147,0
brickdust,paraffin,-4.404296875,0.0005337893962860107,0
brokenly,incoherently,-2.44921875,0.015040770173072815,0
built,made,-3.78759765625,0.10358762741088867,0
burial,cremation,0.0498046875,0.0460330992937088,0
burned,burned,-2.20703125,-0.03171851485967636,0
burned,spluttered,-1.65234375,-0.006855398416519165,0
bustling,dynamic,1.041015625,-0.052626993507146835,0
calcified,hardened,-1.2401580810546875,-0.020318076014518738,0
calcium,oxygen,-0.7236328125,-0.3253043591976166,0
calcium,phosphate,-2.7802734375,-0.13987919688224792,0
calcium,plutonium,0.365234375,-0.09656664729118347,0
caps,goals,0.8671875,-0.832012414932251,0
caps,nightgowns,-1.849609375,-0.2780304551124573,0
carriage,servants,-2.611328125,-0.1718432754278183,0
ceiling,floor,2.3101806640625,0.10197034478187561,0
cement,sand,-1.392578125,-0.3110382556915283,0
cement,steel,0.0,0.043864816427230835,0
charts,pictures,0.28125,-0.3504642844200134,0
cheering,hooting,5.62890625,0.0802067220211029,0
cigars,lemonade,-2.938720703125,-0.11761033535003662,0
cinematography,photography,-1.955078125,-0.002759888768196106,0
citizenship,history,0.3712158203125,-0.17400960624217987,0
civil,commercial,0.176513671875,0.03588677942752838,0
cleaning,repairing,-0.58599853515625,0.14711102843284607,0
cleaning,stuff,0.79620361328125,0.16576412320137024,0
clever,good,3.498292922973633,-0.07742206752300262,0
clever,honest,3.324462890625,-0.043929845094680786,0
clever,industrious,3.8203125,0.31990060210227966,0
coat,hat,-4.390625,-0.2264551818370819,0
comedy,dancing,-1.52099609375,0.0569043904542923,0
comedy,songs,0.0,0.6400480270385742,0
comfort,counsel,0.40167236328125,0.325468510389328,0
comfort,delight,0.957122802734375,0.1977314054965973,0
comfort,edification,0.32421875,0.0773974061012268,0
comfort,inspiration,-4.6796875,0.4517706334590912,0
comfort,prosperity,-2.007568359375,0.3644145429134369,0
comfort,riches,3.9609375,0.26054880023002625,0
comfort,support,3.1790390014648438,0.18876859545707703,0
commanding,distinct,-4.623046875,0.27431169152259827,0
commercial,corporate,2.138671875,0.33041998744010925,0
commercial,ferry,-0.452392578125,0.5139122009277344,0
compliments,court,4.8125,-0.293077677488327,0
comprehensiveness,depth,0.03778076171875,-0.25104081630706787,0
constitutionalism,economics,0.3310546875,0.14148133993148804,0
contemptuous,curt,-3.8203125,0.022817805409431458,0
contents,hat,1.3381195068359375,-0.2425098717212677,0
contracts,licenses,0.28515625,0.03734520077705383,0
copper,gold,-1.42578125,-0.11841072142124176,0
copper,steel,-3.3370361328125,0.10057160258293152,0
corn,oysters,0.4560546875,0.08321762084960938,0
correct,correct,-0.39453125,-0.24374857544898987,0
correct,erase,-0.353515625,-0.04668007791042328,0
correct,present,0.5328369140625,-0.0601700097322464,0
corrected,typed,1.8681640625,0.13032019138336182,0
coughs,groans,2.154296875,-0.3891006410121918,0
coughs,sings,5.46923828125,0.06566336750984192,0
court,perjury,2.647216796875,-0.12110976129770279,0
covert,ingenious,-1.68408203125,0.10098525881767273,0
cowered,such,4.357421875,0.06644836068153381,0
creaked,swerved,1.2509765625,-0.03245531767606735,0
crepuscular,diurnal,1.8359375,-0.03360863775014877,0
cricket,football,-2.3671875,-0.1396874338388443,0
crosser,crosser,-0.7532958984375,0.4333048164844513,0
crows,poultry,-0.369140625,-0.10028805583715439,0
cubes,triangles,1.7255859375,-0.4089176058769226,0
danby,winter,-0.00867462158203125,-0.05963308364152908,0
dancers,wood,0.34417724609375,0.34365129470825195,0
dancing,dinner,4.560791015625,0.26873961091041565,0
dancing,drinking,0.599609375,0.24722358584403992,0
deaf,stupid,-0.628662109375,-0.07095195353031158,0
debauch,riot,-0.724609375,-0.3554513454437256,0
defector,stateless,1.734375,-0.23013374209403992,0
defense,offense,0.671875,0.00636725127696991,0
dehydration,deprotonation,-0.791656494140625,0.35993099212646484,0
delight,tenderness,-2.995635986328125,0.5610069036483765,0
demonstrations,petitions,-0.27490234375,-0.41322416067123413,0
depth,diameter,-1.01220703125,0.051852643489837646,0
depth,information,-0.306640625,0.23510369658470154,0
depth,soundness,-1.8671875,0.9732662439346313,0
despised,poor,1.66015625,-0.13521036505699158,0
devils,witches,2.3837890625,0.07618126273155212,0
devious,ruthless,-1.700439453125,0.054213106632232666,0
dim,misty,-2.0322265625,-0.5469061136245728,0
dim,threatening,-0.748046875,-0.34099891781806946,0
dinner,stuff,0.919921875,0.2051049768924713,0
disappointment,doubt,-0.2578125,-0.32789936661720276,0
disappointment,neglect,4.215423583984375,0.13281594216823578,0
disappointment,sorrow,-1.03564453125,0.24454686045646667,0
disgraced,humiliated,2.044189453125,0.14427340030670166,0
dishonor,honor,-0.853515625,0.03748217225074768,0
disinherited,dispossessed,-0.7138671875,0.06728136539459229,0
dispatches,dispatches,-2.441162109375,-0.18525807559490204,0
do,good,0.1396484375,-0.27182117104530334,0
do,stuff,2.259765625,-0.43744370341300964,0
do,undo,-1.5947265625,-0.30066484212875366,0
docile,industrious,0.2646484375,0.06869395077228546,0
doll,hat,-1.03515625,-0.10289625823497772,0
doll,popbeads,1.0615234375,0.17816920578479767,0
dollhouse,men,2.77099609375,-0.21310104429721832,0
doubt,speculation,-0.83221435546875,0.152147576212883,0
down,down,-0.349609375,-0.4462069869041443,0
down,under,0.859375,-0.37327489256858826,0
down,upstairs,1.82208251953125,-0.366666704416275,0
down,wireless,-1.78515625,-0.46122124791145325,0
dramatically,suddenly,1.9255752563476562,-0.28163236379623413,0
dreadful,terrible,2.20611572265625,-0.19954782724380493,0
drinking,drinking,1.0181884765625,0.09578563272953033,0
drove,drove,6.642578125,-0.07769417762756348,0
economics,history,1.9225616455078125,0.06557893753051758,0
edge,point,4.5390625,-0.33348166942596436,0
efficiently,smoothly,1.0859375,-0.22709733247756958,0
electric,gravitational,0.333038330078125,-0.14115187525749207,0
electric,hybrid,-3.1337890625,-0.33852770924568176,0
electronics,vehicles,1.916015625,-0.4457612931728363,0
eleventh,last,-1.5517578125,0.5468988418579102,0
embarrassed,humiliated,1.9945068359375,0.008596427738666534,0
embarrassed,mad,2.7890625,-0.01627349853515625,0
embarrassed,restless,-0.790771484375,0.2466547191143036,0
emeralds,gold,-1.12744140625,0.05616655945777893,0
enlargement,thickening,1.9440460205078125,0.25024211406707764,0
enthusiastic,excellent,2.53564453125,-0.1129302978515625,0
enthusiastic,utensiles,-4.923828125,-0.09871494770050049,0
equal,honest,3.751953125,0.3823222219944,0
equal,opposite,1.14453125,-0.030201569199562073,0
evening,morning,2.83203125,0.7512283325195312,0
evil,good,-3.875,0.006316646933555603,0
evil,malicious,5.119781494140625,0.12268538773059845,0
evil,unlucky,1.70916748046875,0.13576723635196686,0
exactly,well,0.0,0.02508798986673355,0
excellent,good,1.4791259765625,-0.0038602426648139954,0
excesses,shortages,-3.537841796875,-0.10125159472227097,0
exchanging,redeeming,5.09423828125,0.007863111793994904,0
exclamation,interrogation,-3.1636962890625,0.015229426324367523,0
exhausting,futile,2.6435546875,0.23206815123558044,0
expand,freeze,-1.90155029296875,0.10063949227333069,0
fabric,quilting,0.13671875,0.0181223526597023,0
faces,people,-2.03271484375,-0.4813750386238098,0
factoring,factorisation,4.201629638671875,0.7153462171554565,0
fascinating,noble,-5.3984375,-0.06503960490226746,0
fathoms,fathoms,-3.12890625,-0.30230391025543213,0
fatter,fatter,0.7271270751953125,-0.1521540880203247,0
features,profiles,-3.115234375,0.4078209698200226,0
fed,housed,7.621501922607422,0.0851372480392456,0
feedstocks,ligands,0.27734375,-0.19455978274345398,0
felids,nimravids,-2.8818359375,-0.32482150197029114,0
fielders,sluggers,-0.534912109375,0.06873111426830292,0
figs,wasps,1.353515625,-0.7059005498886108,0
files,information,0.125,0.06609174609184265,0
files,stuff,0.88671875,-0.02724406123161316,0
fishes,people,3.614990234375,-0.3982524871826172,0
flatter,flatter,-2.806640625,0.11800524592399597,0
flatulence,shots,1.2041015625,-0.3531690537929535,0
flourishing,green,0.2726116180419922,0.24347099661827087,0
forests,schools,-0.6878261566162109,-0.3295380175113678,0
former,present,-0.889251708984375,0.5013455152511597,0
former,quarter,-2.1142578125,0.7364175319671631,0
forties,under,7.20751953125,-0.04810459539294243,0
frazil,pancake,-0.628875732421875,0.22661682963371277,0
freeze,shiver,-1.85101318359375,-0.19249606132507324,0
frequently,recently,3.123046875,0.025864019989967346,0
friendlessly,homelessly,0.87744140625,-0.1351502239704132,0
frustrated,irritated,-0.2734375,0.19808858633041382,0
frustrated,whining,-1.9316902160644531,0.14960280060768127,0
future,present,-3.295166015625,0.10232764482498169,0
gala,rare,0.55322265625,-0.18602868914604187,0
gangsters,pimps,-1.3102569580078125,0.03640905022621155,0
geological,zoological,-5.662109375,-0.11379587650299072,0
ghostly,good,4.4453125,-0.111882284283638,0
gifts,supplies,-1.18994140625,-0.1517391800880432,0
gleaming,greedy,0.166839599609375,0.16206620633602142,0
gloves,hat,-0.351470947265625,-0.35860154032707214,0
glowing,immaculate,-7.1865234375,-0.004477456212043762,0
gold,green,0.294921875,0.168358713388443,0
gold,tangerine,0.4248046875,0.21335354447364807,0
gold,treasure,0.638671875,-0.09037413448095322,0
good,green,-1.24896240234375,0.09276533126831055,0
good,honest,-1.634765625,0.04536376893520355,0
good,honourable,-3.1787109375,0.17156662046909332,0
good,informative,2.505340576171875,-0.0094422847032547,0
good,mad,-1.6434783935546875,0.051327645778656006,0
good,merciful,-2.7330245971679688,-0.032950498163700104,0
good,noble,0.712890625,-0.1314808577299118,0
good,poor,-1.0263671875,-0.07230989634990692,0
good,straightforward,0.126953125,-0.0016222596168518066,0
good,unconstrained,-0.0787353515625,-0.012943729758262634,0
good,well,0.2685546875,0.24309703707695007,0
gowns,slippers,0.850830078125,-0.01247432827949524,0
grains,liquids,2.123046875,-0.3461213707923889,0
graphics,photography,-0.83984375,-0.06213070824742317,0
graphics,photos,-3.54296875,-0.1884903907775879,0
grave,questioning,-4.36328125,-0.31888917088508606,0
grave,terrible,2.064453125,-0.3457108736038208,0
grave,troubled,2.34765625,-0.38717347383499146,0
green,green,3.8583984375,-0.009569220244884491,0
green,misty,3.904296875,-0.2556164264678955,0
green,rust,-1.9423828125,-0.25700077414512634,0
green,violet,1.46923828125,-0.1839200109243393,0
green,wooded,2.75,0.02866080403327942,0
grows,grows,-0.999267578125,-0.4662599563598633,0
grumbling,whining,6.296875,-0.3168196380138397,0
guile,wile,-5.01220703125,0.427829772233963,0
haggard,troubled,-0.4128265380859375,-0.19469231367111206,0
handwritten,typed,-3.7777099609375,-0.05651622265577316,0
hardened,stabilised,0.76513671875,0.07562658190727234,0
harps,songs,-0.607421875,0.07315149903297424,0
heaviness,sorrow,1.138671875,0.28934189677238464,0
history,mythology,-1.530792236328125,-0.008958153426647186,0
honest,honourable,0.0732421875,-0.11315305531024933,0
honest,industrious,-0.67431640625,0.11773470044136047,0
honest,poignant,3.7862548828125,0.00618310272693634,0
honest,straight,6.35211181640625,-0.42142602801322937,0
honest,straightforward,-2.0546875,-0.30187278985977173,0
honor,manhood,1.455078125,0.188186913728714,0
honor,riches,-0.466552734375,0.17189647257328033,0
honor,serve,-2.474609375,0.1698954552412033,0
honor,service,-0.9453125,0.05360028147697449,0
honor,truthfulness,-1.5205078125,0.33115658164024353,0
honor,wisdom,-2.826171875,0.2697931230068207,0
honourable,merciful,-0.697265625,-0.03776256740093231,0
honourable,necessary,2.11669921875,0.09751848876476288,0
honourable,poor,-0.541015625,-0.04158027470111847,0
hopes,thoughts,0.0478515625,-0.7816108465194702,0
hormones,neurotransmitters,-0.2729034423828125,-0.10221296548843384,0
hugged,kissed,-0.6202011108398438,0.2834450304508209,0
humorously,jokingly,6.675537109375,0.17544488608837128,0
hurting,terrifying,0.1083984375,-0.12037432938814163,0
hydrocarbons,oxygen,3.287109375,-0.24798181653022766,0
hymns,songs,-0.099609375,0.2245360016822815,0
inaccurate,lurid,-9.83203125,-0.4389043152332306,0
indefensible,unjustified,-4.4638671875,0.06980147957801819,0
indonesian,malaysian,-0.181640625,-0.09826332330703735,0
information,knowledge,0.515625,0.3449494540691376,0
information,pictures,1.1113357543945312,0.08712278306484222,0
information,services,4.03125,-0.11173827946186066,0
information,support,0.1182861328125,0.1423555314540863,0
information,tips,2.35235595703125,0.28818508982658386,0
injury,predation,0.743896484375,-0.08797448873519897,0
inputs,microphones,-0.67889404296875,-0.1474408507347107,0
ins,outs,-0.2529296875,-0.8841509819030762,0
inside,under,3.74609375,-0.04222211241722107,0
insipid,poor,3.060546875,-0.19679589569568634,0
insipid,stupid,-0.81640625,-0.1124352216720581,0
insisting,insisting,-1.3515625,-0.11299701035022736,0
inspections,inspections,0.6796875,0.24763229489326477,0
instructions,pictures,0.482421875,-0.22409988939762115,0
inventors,scientists,-5.4677734375,0.29608482122421265,0
irritated,nervous,-1.468017578125,0.11382651329040527,0
jagged,uneven,-2.7314453125,0.4106080234050751,0
jammed,overheated,-0.30859375,0.26294487714767456,0
journals,magazines,0.826416015625,0.421447217464447,0
joyfully,willingly,-1.42333984375,0.1701597273349762,0
judgment,taste,0.068359375,0.08973586559295654,0
juggled,stuff,2.025390625,-0.07711304724216461,0
kid,mutton,1.515625,-0.2414994239807129,0
knowledge,liberation,0.3904304504394531,0.29282379150390625,0
knowledge,wisdom,0.751953125,0.15969792008399963,0
lace,leather,3.201171875,0.03040015697479248,0
lace,needlework,-0.25,-0.04421164095401764,0
last,oldest,2.7021484375,0.07324358820915222,0
last,sixteenth,-0.009765625,-0.027204662561416626,0
last,steepest,-2.5546875,0.406951367855072,0
last,twentieth,1.5517578125,0.3007056415081024,0
lefties,lefties,-2.842010498046875,-0.24505290389060974,0
legitimate,popular,0.515716552734375,0.12792223691940308,0
lemonade,sandwiches,-3.3537445068359375,0.11054518818855286,0
libel,slander,0.39117431640625,0.19938570261001587,0
liberation,practicality,2.242321014404297,0.3143922984600067,0
lifelike,vivid,5.494140625,-0.012566767632961273,0
lipsticks,skirts,-1.4716796875,-0.758774995803833,0
liquid,vapor,-4.328125,-0.3766366243362427,0
loads,loads,-2.291015625,-0.5769931077957153,0
longest,oldest,-2.170654296875,0.03993264585733414,0
longest,widest,0.90625,-0.16734912991523743,0
look,manner,-4.0081787109375,0.4294586479663849,0
look,voice,-0.28515625,0.3647759258747101,0
loss,sorrow,-0.197265625,0.26833972334861755,0
lurid,threatening,1.736328125,0.08890959620475769,0
lysosomes,peroxisomes,0.22265625,-0.2449278086423874,0
made,sold,-4.41796875,0.17939408123493195,0
made,spent,1.3778076171875,0.06284131109714508,0
majestically,silently,0.8759765625,0.0721491277217865,0
malicious,stupid,4.15234375,-0.05857424437999725,0
manner,voice,-5.224609375,-0.23440863192081451,0
maths,stuff,-0.394989013671875,0.25779828429222107,0
meagre,unpalatable,0.0,-0.08673479408025742,0
melodic,progressive,1.884765625,0.3541204035282135,0
men,men,4.89453125,-0.5350403785705566,0
men,munition,-2.611663818359375,-0.21439871191978455,0
men,people,1.4759292602539062,-0.37642523646354675,0
men,planes,-1.6835479736328125,-0.1319970190525055,0
men,secrets,-2.75,-0.46507519483566284,0
men,supplies,-5.1162109375,-0.4706486761569977,0
mexican,vietnamese,-3.49560546875,0.2723218500614166,0
mezcal,pulque,6.248046875,-0.10215320438146591,0
millions,millions,-1.9619140625,-0.058993928134441376,0
miraculously,suddenly,-3.74462890625,-0.5084028244018555,0
motorcycles,quads,-0.490234375,-0.30167120695114136,0
mountainous,northern,0.16064453125,0.013957411050796509,0
mourning,sorrow,-0.1289825439453125,0.2644270360469818,0
nervous,poor,-2.26513671875,-0.11086846143007278,0
nervous,restless,-1.23773193359375,-0.054483845829963684,0
nervous,shaky,-1.576171875,0.010316506028175354,0
nervous,weak,1.062744140625,-0.0917869508266449,0
nitric,sulphuric,-2.8251953125,0.1101340651512146,0
normal,normal,1.603515625,-0.24019864201545715,0
normal,well,-2.0800018310546875,0.11792390048503876,0
notorious,puzzling,-2.66986083984375,-0.1643901765346527,0
notorious,valuable,1.3203125,-0.04686039686203003,0
nut,washer,-5.953125,-0.13393324613571167,0
offside,support,4.4334716796875,0.06495746970176697,0
oxygen,sulphur,2.6513671875,-0.3845333456993103,0
paints,pencils,2.01129150390625,-0.3156605362892151,0
patiently,watchfully,-7.04296875,-0.14883539080619812,0
patiently,well,-2.211669921875,0.02457559108734131,0
peel,rot,2.32421875,0.5462318658828735,0
people,plywood,-4.7705230712890625,0.04820438474416733,0
people,priest,-4.77734375,0.02062353491783142,0
people,producers,3.368621826171875,0.05241559445858002,0
people,rituals,-0.470703125,-0.16351664066314697,0
people,servants,-3.84228515625,-0.20469561219215393,0
people,situations,-0.078125,0.2941592335700989,0
people,stuff,3.73828125,0.22421199083328247,0
people,supplies,-3.6953125,-0.30630630254745483,0
people,vehicles,-8.819915771484375,-0.013371884822845459,0
petrochemical,pharmaceutical,1.0150566101074219,-0.21937090158462524,0
photography,videography,0.80078125,-0.014466837048530579,0
picnics,such,-6.367769241333008,0.07233431935310364,0
pictures,stuff,-1.83984375,0.2015800178050995,0
pieces,tags,3.113525390625,-0.15214356780052185,0
plaster,wood,1.55975341796875,0.1753602921962738,0
play,want,2.51019287109375,-0.18713197112083435,0
pluck,straight,5.333984375,-0.5245305299758911,0
polynesian,scandinavian,2.6798095703125,-0.17111484706401825,0
poor,unnoticed,0.28125,-0.18452942371368408,0
poor,weak,-6.765625,-0.06635020673274994,0
popular,saleable,-0.888671875,0.2401813268661499,0
postnatal,prenatal,0.064453125,-0.484734445810318,0
practising,practising,-1.22314453125,-0.04107693210244179,0
prejudice,stereotypes,-0.890625,-0.06441173702478409,0
profane,threatening,1.5653362274169922,0.28516092896461487,0
professors,scientists,-0.290313720703125,0.23924753069877625,0
prosper,well,1.326171875,0.09229478240013123,0
prosperity,welfare,-0.685546875,-0.21323662996292114,0
psychological,terrible,2.3984375,-0.1373332142829895,0
publications,scientists,-3.17578125,0.4694291651248932,0
rabbit,sit,2.2587890625,-0.31566494703292847,0
radium,sediments,-1.533203125,-0.5140889286994934,0
rained,rained,0.80859375,-0.10326211899518967,0
rakes,spades,-1.0251235961914062,-0.18553976714611053,0
rare,shameful,-1.0126953125,0.20637217164039612,0
rare,uncommon,-1.3571243286132812,-0.29502540826797485,0
rare,valuable,-8.16796875,-0.03138774633407593,0
rare,wicious,-1.591796875,-0.10866392403841019,0
reformist,separatist,-0.123779296875,0.49285510182380676,0
restless,troubled,2.28369140625,0.0682220458984375,0
reverently,silently,-1.822265625,-0.14239540696144104,0
reverently,tenderly,1.5283203125,-0.04816967248916626,0
rides,sings,-1.2853355407714844,-0.07153615355491638,0
roll,roll,-0.1248779296875,-0.12743614614009857,0
runs,shrieks,-0.033203125,-0.3231622576713562,0
sand,varnish,3.388671875,-0.18823294341564178,0
sandwiches,stuff,-0.204833984375,-0.09510010480880737,0
satisfied,triumphant,0.564453125,-0.13923631608486176,0
schools,schools,4.87109375,-0.4005175232887268,0
schools,services,-0.4384765625,-0.306268572807312,0
schools,situations,-2.8761444091796875,0.22348859906196594,0
schools,staff,1.091796875,0.16394495964050293,0
schools,stuff,1.88861083984375,0.1669253408908844,0
seasons,weather,2.96484375,-0.1955549120903015,0
servants,servants,10.513427734375,-0.20766887068748474,0
service,such,2.233642578125,0.04948420822620392,0
services,support,5.671875,-0.04766093194484711,0
shakes,twitches,-4.6640625,-0.3032680153846741,0
shortsighted,weak,-1.71875,0.07309281826019287,0
shovels,spades,1.02685546875,-0.0684928297996521,0
shriller,shriller,0.07177734375,0.15503357350826263,0
silently,smoothly,1.184295654296875,-0.0592900812625885,0
silently,sorrowfully,-3.3707189559936523,0.16536414623260498,0
silently,suddenly,3.760498046875,-0.23514291644096375,0
sixteenth,twentieth,1.527557373046875,0.4206402003765106,0
slave,slave,-0.6171875,0.06745269894599915,0
snot,stuff,1.212890625,0.6405444145202637,0
sobbed,sobbed,0.227783203125,-0.19486814737319946,0
sodomites,usurers,-0.45742034912109375,-0.4348316788673401,0
sonatas,sonatinas,-0.6474609375,-0.13187646865844727,0
songs,stuff,1.04052734375,0.008794188499450684,0
spent,weak,0.51171875,-0.03655136004090309,0
stacks,stacks,-0.30859375,-0.3288842439651489,0
startling,terrible,-3.380859375,-0.2355625033378601,0
steel,wood,0.31951904296875,0.021334879100322723,0
straight,sturdy,2.0791015625,-0.2044561803340912,0
strenuously,well,-2.958984375,0.16445085406303406,0
stuff,supplies,4.125797271728516,-0.11910651624202728,0
stuff,wood,1.7509765625,0.2299705445766449,0
stupid,tedious,1.01953125,0.0001245066523551941,0
stupid,weak,-3.31353759765625,-0.020931512117385864,0
such,such,-8.056640625,-0.02938540279865265,0
such,support,-0.68603515625,0.07439157366752625,0
sunset,sunset,-3.9888458251953125,0.2076910436153412,0
supplies,vehicles,-0.51171875,-0.14535973966121674,0
support,support,-4.0234375,-0.09281082451343536,0
taste,wisdom,-2.8587646484375,0.031681209802627563,0
tomorrow,tomorrow,-3.642333984375,0.47914108633995056,0
tomorrow,yesterday,-2.001953125,0.5280469655990601,0
trolls,witches,-0.63201904296875,-0.2473272681236267,0
twain,twain,-5.11328125,-0.3362479507923126,0
uninjured,well,1.0427093505859375,-0.011152669787406921,0
varnish,wood,0.5625,0.5100409984588623,0
vulnerable,weak,0.028564453125,0.14311707019805908,0
wave,wave,-4.41748046875,-0.6380294561386108,0
worse,worse,5.619140625,-0.2773199677467346,0
worser,worser,-0.188232421875,-0.15777581930160522,0
accuracy,efficiency,2.89990234375,0.07457051426172256,1
accuracy,range,-1.7239990234375,-0.3668864667415619,1
acetone,ethanol,-1.59600830078125,-0.19971182942390442,1
across,across,0.62890625,-0.09515756368637085,1
admiringly,kindly,-4.78515625,0.09108144789934158,1
aeronauts,workers,-1.10546875,0.3435139060020447,1
affairs,infidelities,-0.50286865234375,-0.12285538762807846,1
affection,approval,-0.322265625,-0.17400887608528137,1
affection,impatience,0.322265625,-0.31939148902893066,1
afraid,lonely,1.253662109375,0.8059191107749939,1
again,again,0.155059814453125,-0.10431165993213654,1
again,now,1.8887443542480469,-0.2120491862297058,1
again,simply,-6.888671875,-0.07145877927541733,1
again,so,2.66943359375,0.1914474070072174,1
agile,quick,-4.0322265625,0.09661323577165604,1
airy,pleasant,0.981689453125,0.12212338298559189,1
airy,wholesome,1.4658203125,0.18690338730812073,1
albanian,serbian,-2.9190673828125,-0.0009201392531394958,1
alcohol,cocaine,1.63671875,-0.2076980471611023,1
allowances,exemptions,4.0177001953125,0.17901793122291565,1
ample,comfortable,1.45166015625,0.08072807639837265,1
amputation,castration,3.43994140625,-0.11478069424629211,1
anglican,catholic,-3.7890625,0.038226835429668427,1
animals,games,5.509765625,-0.15175029635429382,1
animals,giggles,-4.1044921875,-0.213853120803833,1
animals,pets,0.91015625,-0.07022693008184433,1
animals,trees,1.0265121459960938,-0.14125820994377136,1
anxiety,impatience,1.29315185546875,-0.3246012032032013,1
anxiety,nervousness,0.7529296875,0.01770121604204178,1
anxiety,paranoia,-1.998046875,-0.33595097064971924,1
anxiety,terror,-1.5537109375,-0.06389077007770538,1
anxiety,worry,-8.0205078125,-0.25321224331855774,1
approval,discussion,-0.4609375,0.029355667531490326,1
approval,satisfaction,2.227783203125,-0.1712748259305954,1
approve,listen,2.861328125,0.27657046914100647,1
apps,games,1.15234375,-0.37697452306747437,1
armed,resolute,0.03448486328125,-0.012762032449245453,1
armed,unarmed,-2.91650390625,0.20678654313087463,1
armor,horse,0.14221572875976562,-0.11012784391641617,1
aspirin,sterno,1.5107421875,-0.08041934669017792,1
astonished,pained,0.140625,0.01608361303806305,1
astonishing,disheartening,1.5078125,0.34297576546669006,1
ate,ate,1.449462890625,0.04162153601646423,1
ate,talked,1.5110626220703125,0.010570332407951355,1
athletics,games,-0.714599609375,-0.2541584074497223,1
athletics,wrestling,3.8154296875,-0.3662095069885254,1
atrocities,death,-0.400390625,0.2031402289867401,1
avoid,try,1.050567626953125,-0.12114330381155014,1
awed,mute,5.99609375,0.18975940346717834,1
balks,leas,1.421875,-0.1431383639574051,1
bands,performers,2.25390625,0.47570112347602844,1
bare,barren,-2.265625,0.05589691549539566,1
bare,colder,0.3056640625,-0.045695848762989044,1
bare,dusty,-3.39453125,0.16639703512191772,1
bare,parched,0.296875,-0.15904319286346436,1
bare,rugged,0.78802490234375,-0.12082286924123764,1
bare,stark,-1.4192352294921875,0.16382667422294617,1
bare,wet,2.263671875,0.14534395933151245,1
barns,fields,4.4130859375,-0.13664579391479492,1
barns,outbuildings,1.6279296875,0.5376837253570557,1
barren,low,-0.52587890625,0.26056575775146484,1
barren,parched,-0.440399169921875,-0.008432731032371521,1
barren,rugged,-0.1201171875,0.12376611679792404,1
bars,bars,0.375,0.37829160690307617,1
bars,bolts,-1.905303955078125,-0.2563997805118561,1
bars,pubs,2.730712890625,-0.15748652815818787,1
bears,catamounts,-0.116455078125,0.09447143226861954,1
beds,paths,2.314453125,0.3389585018157959,1
before,now,-1.15771484375,0.054057247936725616,1
before,since,-2.783203125,-0.07677233964204788,1
before,so,3.3549957275390625,0.3558333218097687,1
before,whispered,-2.46484375,-0.34141039848327637,1
beheaded,condemned,1.0006027221679688,-0.13342221081256866,1
beheaded,flayed,-1.522186279296875,-0.04132687672972679,1
benevolently,kindly,-0.7462921142578125,0.0037911608815193176,1
beverages,food,0.94140625,-0.010504476726055145,1
billiards,pool,-3.193359375,-0.32048580050468445,1
biographical,critical,-0.091796875,-0.2121959924697876,1
blogs,newspapers,1.7837982177734375,-0.2846696972846985,1
bloodshed,quarrels,0.546875,0.08533909171819687,1
borrowing,borrowing,0.1220703125,-0.11024004966020584,1
bottle,glasses,-3.513671875,-0.22825706005096436,1
brave,intelligent,-0.28515625,0.30592039227485657,1
brave,resolute,3.064453125,0.3075869381427765,1
brave,warlike,-4.962890625,0.4253763258457184,1
breadth,height,-0.6121826171875,-0.08805682510137558,1
briefly,hurriedly,3.325439453125,0.19828453660011292,1
briefly,simply,-0.9130859375,0.20685160160064697,1
brightest,hottest,0.43408203125,0.21004599332809448,1
brightest,merriest,3.0546875,0.16788390278816223,1
brightest,wisest,0.2587890625,0.0350605845451355,1
brushed,brushed,2.8101806640625,0.04352479428052902,1
brushed,pressed,3.77667236328125,-0.19666922092437744,1
brushed,wet,0.560546875,0.09796739369630814,1
buggies,horse,-6.265625,-0.058836400508880615,1
buildings,furniture,2.68701171875,0.35686808824539185,1
buildings,land,0.130859375,0.16541898250579834,1
buildings,towns,-0.59613037109375,-0.08993842452764511,1
buildings,track,2.2578125,0.16666269302368164,1
buildings,trees,1.42919921875,0.3334704339504242,1
bull,cow,-0.8798980712890625,-0.041842781007289886,1
bull,trident,-1.94140625,-0.08285340666770935,1
bunny,horse,2.603668212890625,-0.11929714679718018,1
buttercups,clover,0.0210723876953125,-0.03841110318899155,1
byzantine,roman,-1.972442626953125,-0.23463156819343567,1
calmness,equanimity,-2.3955078125,0.10988440364599228,1
calvarium,face,0.30036163330078125,-0.042406320571899414,1
canoes,skiffs,3.97705078125,0.12722298502922058,1
capacity,scaleability,-2.40234375,-0.14006826281547546,1
cardiovascular,nerve,-2.9140625,-0.12908633053302765,1
careless,pleasant,1.123046875,0.35733088850975037,1
careless,reckless,-3.9150390625,0.27630266547203064,1
careless,shiftless,-0.86328125,0.23293966054916382,1
catholic,monarchical,-1.21875,0.16799896955490112,1
cats,cows,1.083984375,-0.51341313123703,1
cats,stoats,-3.87890625,-0.18711188435554504,1
centre,front,4.757568359375,0.011377163231372833,1
chafed,disappointed,0.28564453125,0.09158428758382797,1
chain,collar,-1.80712890625,0.05839671939611435,1
charm,terror,2.0207748413085938,0.12667733430862427,1
charming,dusty,1.416015625,0.16695204377174377,1
charming,genial,-1.017578125,0.11914438754320145,1
charming,respectable,2.203125,0.09964130073785782,1
charming,seductive,-3.59912109375,-0.20846816897392273,1
charms,witchcraft,-0.16015625,0.3643034100532532,1
charred,naked,1.990234375,0.1867969036102295,1
chatter,strut,2.025390625,-0.3689113259315491,1
chilli,onions,-1.365753173828125,-0.15419837832450867,1
chills,shivers,-0.2890625,-0.23502153158187866,1
chirruping,twittering,4.9527587890625,-0.18223527073860168,1
cinders,smoke,5.671875,0.07315989583730698,1
circumcision,food,0.55859375,-0.3207824230194092,1
circumcision,scarification,-2.38330078125,-0.26683545112609863,1
class,gender,4.96875,0.2739850580692291,1
class,snobbery,0.3401031494140625,0.09473078697919846,1
clearly,simply,0.69921875,0.11142333596944809,1
clearly,succinctly,-5.060546875,0.014428049325942993,1
click,tell,1.1510772705078125,-0.2521427571773529,1
climb,climb,0.7001953125,-0.026944637298583984,1
climb,jump,-0.46630859375,-0.06438793987035751,1
club,fang,-1.8447265625,0.047406673431396484,1
club,lash,2.953125,0.3529759645462036,1
cocaine,heroine,1.419921875,0.1403808891773224,1
colder,colder,-4.20806884765625,0.1411733329296112,1
colder,wetter,-2.766693115234375,0.34790951013565063,1
colourful,gorgeous,0.0703125,0.13076403737068176,1
comfortable,easy,-1.671875,-0.028668232262134552,1
comfortable,jolly,-0.247314453125,0.226921945810318,1
comfortable,low,0.0,0.35490158200263977,1
comfortable,pleasant,-0.431884765625,-0.23809868097305298,1
comments,concern,-2.807098388671875,0.3004290759563446,1
commons,lords,2.50390625,0.2798149287700653,1
completeness,finality,-2.025390625,0.24458572268486023,1
condemned,tried,0.5419921875,0.11788689345121384,1
confusing,sad,-2.164031982421875,0.026340045034885406,1
considerable,effective,0.605682373046875,-0.10953059792518616,1
contemporary,contemporary,-2.4765625,-0.027514763176441193,1
cooler,cooler,-2.3947296142578125,0.3371356427669525,1
cooler,fresher,2.65374755859375,-0.0223701074719429,1
cooler,grayer,-5.1521453857421875,0.2166784107685089,1
coolly,deliberately,-2.2384033203125,0.24555110931396484,1
countermarch,march,-1.674285888671875,-0.2634214162826538,1
cows,girls,0.5712890625,0.36746805906295776,1
cows,goats,4.45379638671875,-0.025986187160015106,1
cried,cried,-1.02734375,-0.03487519174814224,1
cried,screamed,4.767486572265625,-0.0069228485226631165,1
cried,talked,-4.59765625,0.16684964299201965,1
crisp,curly,1.60546875,-0.13287697732448578,1
crisp,sunny,1.4296875,0.07377328723669052,1
critical,dictatorial,-5.87890625,-0.09217867255210876,1
criticism,discussion,0.732421875,-0.31606215238571167,1
cultured,intelligent,-0.787109375,0.06481749564409256,1
cunninger,cunninger,1.0771484375,0.10459969192743301,1
cup,silverware,1.001708984375,-0.16726958751678467,1
curmudgeonly,cynical,-0.587890625,-0.13901443779468536,1
damnation,death,1.759765625,0.018339939415454865,1
darkened,deepened,-1.077880859375,0.05518675595521927,1
dearest,kindest,2.32025146484375,0.011637598276138306,1
death,fugitive,-1.788116455078125,-0.034560926258563995,1
death,infamy,2.9896240234375,0.17941626906394958,1
death,infection,0.9453125,0.020229659974575043,1
death,prison,0.2685546875,-0.06873960793018341,1
death,terror,1.439453125,0.03173653036355972,1
death,thirst,-1.32547926902771,-0.0028933286666870117,1
deep,deep,4.996665954589844,-0.018887650221586227,1
deep,intelligent,1.4037132263183594,-0.07387053221464157,1
deep,lonely,-3.883544921875,0.07289061695337296,1
deep,low,8.41796875,0.2244160771369934,1
deep,slow,-0.9296417236328125,0.052655674517154694,1
deep,solitary,-1.62445068359375,-0.06973306834697723,1
deep,sullen,-2.2421875,0.2748757302761078,1
deep,wide,-3.406005859375,0.1313650906085968,1
deepened,increased,-0.087890625,0.13276445865631104,1
defiance,malediction,2.0009765625,0.013007782399654388,1
delusion,witchcraft,-1.54296875,-0.024674616754055023,1
details,subjects,0.04962158203125,0.4109463691711426,1
dienes,polyenes,2.875,-0.10246209800243378,1
differentiation,integration,-3.685546875,-0.12270171195268631,1
dig,dig,2.83203125,-0.19155123829841614,1
dining,sitting,-0.7236328125,0.05779717117547989,1
disappointed,puzzled,-0.58984375,0.1731272041797638,1
disappointed,sad,1.4095458984375,0.2867802083492279,1
discipline,holy,-1.10498046875,-0.07842354476451874,1
discipline,obedience,0.4169921875,0.015226036310195923,1
discipline,satisfaction,2.0284423828125,-0.004860773682594299,1
discriminating,just,-2.75390625,0.2602302134037018,1
disenfranchised,lonely,-4.717071533203125,-0.12015755474567413,1
dive,dive,-0.98956298828125,-0.003493987023830414,1
dive,jump,5.9951171875,0.24259942770004272,1
dragging,slow,-6.212890625,0.10082989186048508,1
drenched,shivering,-1.220703125,-0.037893570959568024,1
dressed,washed,1.5048828125,0.08765212446451187,1
drinkning,eating,1.00830078125,-0.044692691415548325,1
dukes,lords,-2.099609375,0.5307613015174866,1
dusty,withered,5.0234375,0.06797540932893753,1
dynasties,kings,1.951171875,0.046373434364795685,1
easy,joyful,-0.7529296875,-0.08185534924268723,1
easy,pleasant,-3.638671875,0.11625898629426956,1
easy,quick,-2.0081787109375,0.09697749465703964,1
easy,slow,-4.478515625,-0.014835186302661896,1
eating,eating,-0.3974609375,-0.07029390335083008,1
eating,food,-0.9435882568359375,-0.19915913045406342,1
eating,sitting,-0.271484375,-0.07321055978536606,1
eating,slurping,3.942138671875,-0.030645091086626053,1
eating,thinking,1.569091796875,0.018387921154499054,1
economically,safely,0.038726806640625,-0.1678401231765747,1
effective,quick,-0.7939453125,-0.03070974349975586,1
effective,rugged,-5.0146484375,0.12234485894441605,1
electrodes,filaments,3.8125,-0.4580390751361847,1
eloquent,grateful,3.369140625,-0.08518533408641815,1
endothermic,homoeothermic,-0.08984375,-0.14678022265434265,1
enjoyments,surprises,3.748046875,-0.20882931351661682,1
exceeded,reached,-2.5,-0.29136618971824646,1
exist,move,2.384765625,-0.16790074110031128,1
expensive,impractical,-3.1865234375,-0.3263191282749176,1
expensive,just,2.798583984375,0.19802314043045044,1
expensive,showy,5.283203125,-0.05714351683855057,1
exporters,importers,0.112060546875,-0.25580233335494995,1
fatigue,terror,2.0872802734375,-0.15363538265228271,1
fearlessly,truly,-1.947265625,0.6150630116462708,1
feelings,thinking,-3.84442138671875,-0.18891474604606628,1
fewer,fewer,-1.0869140625,0.12433242052793503,1
fibre,metal,1.76953125,0.16587626934051514,1
fields,fields,1.51953125,0.05921093374490738,1
fields,mountains,2.810882568359375,-0.013780646026134491,1
fields,trees,-3.40289306640625,0.2900530695915222,1
fierce,resolute,1.204345703125,-0.09106459468603134,1
films,musicals,0.373046875,0.0746348574757576,1
finding,seeking,-3.33203125,-0.08794645220041275,1
fingers,food,-6.4375,-0.5993407368659973,1
fingers,gabbling,-0.875,-0.41782405972480774,1
fingers,penguin,2.140625,-0.25265440344810486,1
firing,food,1.025634765625,0.04055667668581009,1
flapping,flapping,3.509765625,0.13652190566062927,1
flurry,worry,4.8173828125,-0.2270732820034027,1
food,horse,-0.882080078125,0.04177416115999222,1
food,material,0.9765625,-0.1771942675113678,1
food,news,-3.8841400146484375,-0.28100258111953735,1
food,newspapers,2.982177734375,-0.06675966829061508,1
fools,weaklings,2.8079376220703125,-0.12366514652967453,1
forevermore,now,2.30029296875,-0.1325651854276657,1
forgotten,lonely,5.54296875,0.19646212458610535,1
fought,fought,0.3681640625,0.06620601564645767,1
front,hind,0.9971504211425781,-0.2679339349269867,1
frozen,wet,-4.439697265625,0.21231505274772644,1
frugality,industry,-0.2880859375,-0.4120045602321625,1
furniture,interiors,-0.369384765625,-0.2355283498764038,1
gaiters,smocks,-2.017578125,-0.14670446515083313,1
gashed,gored,3.42138671875,-0.03159733861684799,1
genial,pleasant,1.0501708984375,0.1327981948852539,1
geographic,magnetic,-1.4400634765625,-0.028340362012386322,1
geographical,otherwise,0.533447265625,0.0584363117814064,1
geology,mineralogy,-0.042236328125,0.06223277002573013,1
ginger,sugar,-2.311767578125,0.03497520834207535,1
girls,women,2.0830078125,0.34490469098091125,1
glitter,sequins,-0.50927734375,-0.2878818213939667,1
goats,knifes,-6.042778015136719,-0.13226673007011414,1
gorgeous,sunny,-1.338134765625,0.11942768841981888,1
governments,militaries,0.8219070434570312,0.26637211441993713,1
grab,try,-0.85546875,-0.12845677137374878,1
grain,wheat,-2.794921875,0.15836504101753235,1
grateful,low,0.86865234375,0.29042699933052063,1
grateful,luxurious,-0.70556640625,0.38148537278175354,1
grayer,grayer,3.72265625,0.044661082327365875,1
greasing,loosening,-3.70703125,-0.09474650770425797,1
guilty,uncomfortable,-1.267333984375,0.20808881521224976,1
gutters,trees,-0.85662841796875,-0.19921943545341492,1
handshakes,photo,-0.49713134765625,-0.08990027755498886,1
happily,safely,-0.47265625,0.20627811551094055,1
harmless,pleasant,0.2421875,0.10080470889806747,1
harmless,small,-4.6015625,-0.046426258981227875,1
hate,hate,0.90313720703125,0.29009056091308594,1
hate,vengeance,-0.255859375,0.3047603964805603,1
healed,humbled,5.592723846435547,-0.2642707824707031,1
herbalists,naturopaths,-5.5420684814453125,0.21269139647483826,1
heresy,schism,0.12939453125,0.2097836434841156,1
herodotean,homeric,1.9833221435546875,0.26385337114334106,1
hexagonal,monoclinic,-5.9986724853515625,-0.07078827917575836,1
hish,low,-3.70703125,-0.14635106921195984,1
hither,yon,-2.20703125,-0.09354504942893982,1
holy,just,1.0380859375,0.45528778433799744,1
honestly,truly,-2.839111328125,0.5140928030014038,1
horse,horse,-3.78173828125,-0.039573363959789276,1
imitations,sentences,-0.564453125,-0.24220305681228638,1
impatience,revolt,-1.62109375,-0.17091813683509827,1
impractical,uncomfortable,-2.71484375,-0.2550675570964813,1
increased,stimulated,2.755859375,-0.12933242321014404,1
industry,obedience,-1.42822265625,-0.45395490527153015,1
infamy,shame,-0.234375,-0.3031550645828247,1
insincerity,treachery,-1.986328125,0.03383909910917282,1
inspection,repair,-0.83984375,-0.2732216715812683,1
intelligent,pleasant,-0.75390625,0.22673609852790833,1
intelligent,superior,-0.521484375,-0.3216727077960968,1
intelligent,unprejudiced,-0.89105224609375,-0.04218168184161186,1
interested,kindly,-2.8719482421875,0.13977962732315063,1
interested,slow,-4.51361083984375,0.037490248680114746,1
interrupted,low,-4.119140625,0.17445197701454163,1
intimate,small,-5.129638671875,-0.2213747501373291,1
intimidate,try,-0.269287109375,-0.2841252386569977,1
investments,pilgrimage,-1.33447265625,-0.14567771553993225,1
just,pious,-1.859375,0.04964487999677658,1
just,rightful,5.007559776306152,0.1437140703201294,1
just,try,-2.951171875,-0.11457930505275726,1
kindest,wisest,1.572265625,0.2545681893825531,1
kindly,philanthropic,-3.05078125,0.4374036490917206,1
kindly,pious,-0.1015625,0.4571651518344879,1
kindly,pleasant,-3.083984375,0.2786957919597626,1
kings,lords,7.4609375,0.589676558971405,1
kiss,tell,2.4677734375,0.07200432568788528,1
knock,try,-1.08984375,0.026889897882938385,1
labored,slow,-2.65234375,-0.24139928817749023,1
laces,stays,2.942138671875,-0.27356868982315063,1
laconic,slow,1.27008056640625,0.017422057688236237,1
land,mountains,-1.13037109375,0.17533248662948608,1
land,naval,4.177734375,0.39289310574531555,1
land,possessions,1.787109375,0.5733969807624817,1
land,seas,-2.770751953125,0.3395159840583801,1
land,try,3.134765625,0.1281464695930481,1
laxer,shaggier,-1.79541015625,-0.02255908027291298,1
lesbians,women,3.943319320678711,0.2525825798511505,1
lethality,range,1.70819091796875,-0.13042181730270386,1
lettuce,radishes,7.743896484375,0.0454750582575798,1
lie,lie,1.64453125,0.08783944696187973,1
lie,shoot,-2.63134765625,0.02287493646144867,1
listen,listen,-1.283203125,0.06484562903642654,1
listen,pause,0.90234375,0.0203167125582695,1
listen,try,-1.35760498046875,-0.09078349173069,1
literature,newspapers,1.1224365234375,-0.24448126554489136,1
literature,religion,4.03521728515625,-0.15994516015052795,1
lonely,sad,-4.260986328125,-0.029175899922847748,1
lonely,sick,2.3427734375,0.28535905480384827,1
lonely,solitary,1.220703125,-0.0027719810605049133,1
lonely,wet,2.34765625,0.2598665654659271,1
lonely,wide,3.548492431640625,0.21980637311935425,1
low,lower,2.718505859375,0.003009982407093048,1
low,primary,3.4560546875,-0.2803170680999756,1
low,quick,1.443359375,-0.14766329526901245,1
low,rounded,2.20343017578125,-0.23998785018920898,1
low,sad,5.54296875,-0.1796415150165558,1
low,slow,1.22412109375,-0.16853874921798706,1
low,wet,2.4420166015625,-0.09012193232774734,1
lower,lower,0.4095420837402344,0.11722169071435928,1
lower,slower,0.021484375,-0.35510268807411194,1
lowriders,women,3.49853515625,0.5251844525337219,1
maimed,sick,-1.8137779235839844,-0.06862668693065643,1
manacle,prison,-2.578125,-0.09361518919467926,1
march,sing,0.17067718505859375,0.8076072335243225,1
memorizing,remark,2.4765625,0.031122595071792603,1
mercury,mud,3.5390625,0.10985555499792099,1
metal,woodwork,-2.341796875,-0.03819602355360985,1
mid,small,-2.13525390625,-0.11885774880647659,1
moderator,panelist,3.04083251953125,-0.09789998829364777,1
molecules,solids,0.283203125,-0.3248254060745239,1
mom,pop,1.9833984375,0.04345131665468216,1
momentum,position,-0.219757080078125,-0.2516811788082123,1
monstrous,terrific,-0.02734375,-0.07777528464794159,1
morality,religion,0.007830619812011719,-0.03924199193716049,1
mortice,tenon,0.15576171875,0.07831975072622299,1
mountains,plateaux,-6.5625,0.019097693264484406,1
mountains,seas,0.783203125,0.22541826963424683,1
mountains,trees,0.4380302429199219,0.20196160674095154,1
move,move,1.252044677734375,0.05988500267267227,1
move,position,6.267578125,-0.5468080639839172,1
mud,slime,0.9375,0.20258554816246033,1
mud,stones,-4.060546875,0.18892183899879456,1
murdering,robbing,-0.2041015625,-0.10497968643903732,1
murkier,murkier,0.9150390625,0.2388160228729248,1
naked,weaponless,3.72119140625,-0.052948907017707825,1
napkins,silverware,-7.845703125,0.055808864533901215,1
nervously,peevishly,4.6171875,0.022001080214977264,1
newies,townies,-2.082275390625,-0.01763322204351425,1
nicer,nicer,0.3779296875,0.03874301165342331,1
nights,nights,0.232330322265625,-0.0013540759682655334,1
nodding,nodding,0.17578125,-0.010364867746829987,1
nodding,rocking,1.3789749145507812,-0.05520903319120407,1
now,now,-1.357421875,-0.024198025465011597,1
now,so,-0.583984375,0.4224223494529724,1
nursery,primary,0.0322265625,0.18500182032585144,1
obedience,restraint,2.45703125,-0.2691126763820648,1
obedience,socialization,1.61328125,-0.07623614370822906,1
obedience,terror,0.0106201171875,0.01424824446439743,1
office,wealth,3.7828598022460938,0.39042928814888,1
oftener,oftener,1.474609375,0.04061587154865265,1
opens,slams,-0.484375,-0.3955286145210266,1
outbuildings,trees,0.7374267578125,-0.06526229530572891,1
overalls,pigtails,-1.09765625,0.04613156616687775,1
pans,tachos,-3.525390625,0.09182653576135635,1
parched,uncomfortable,0.0625,-0.0016731247305870056,1
pauses,progresses,-1.078857421875,-0.11289745569229126,1
peculiar,quick,1.505859375,0.4010273516178131,1
perishing,sickening,-0.38134765625,-0.06099225580692291,1
petrol,petrol,-0.14404296875,0.1776670515537262,1
pitched,unwound,0.8583984375,0.23304232954978943,1
plainer,plainer,2.326171875,0.03681088238954544,1
planning,thinking,-2.490234375,-0.1779225766658783,1
pleasant,solitary,1.865234375,0.1610284447669983,1
pleasant,wholesome,7.59375,0.5461210012435913,1
portly,princely,3.4345703125,0.08518054336309433,1
position,wealth,3.16015625,0.39683035016059875,1
possessions,products,-1.279296875,-0.2828306555747986,1
pressed,trodden,-0.3372802734375,0.13463470339775085,1
primitive,small,-2.955078125,0.2770281434059143,1
principle,purpose,-5.865234375,0.27260497212409973,1
prison,psychiatrists,1.232025146484375,0.09265080839395523,1
processes,products,-0.923828125,-0.09512465447187424,1
processes,uses,0.7734375,0.23639395833015442,1
psychologists,sociologists,1.5390625,0.2923714816570282,1
puffed,puffed,-1.19140625,0.5368171334266663,1
puzzled,slow,0.751953125,-0.039212316274642944,1
quick,resolute,-3.013671875,0.040781594812870026,1
quick,skilful,-0.41094970703125,0.07861947268247604,1
quick,small,-3.5498046875,-0.01141657680273056,1
raining,raining,-1.251708984375,-0.25784024596214294,1
rarer,rarer,3.4375,-0.2488868534564972,1
reached,rounded,4.6171875,-0.19474396109580994,1
read,read,-0.119140625,0.2360970675945282,1
read,talked,0.8434085845947266,0.08439251035451889,1
read,try,2.27734375,-0.09369897842407227,1
realer,realer,-0.279296875,0.004269368946552277,1
realism,symbolism,4.1044921875,0.28499093651771545,1
reared,whinnied,-0.91510009765625,-0.08661141246557236,1
redder,redder,-4.32470703125,0.16728487610816956,1
ride,shoot,1.904296875,0.12050557881593704,1
rounded,rugged,-1.48876953125,-0.08132268488407135,1
rubies,sapphires,1.2119674682617188,-0.1742507815361023,1
rugged,small,0.236328125,-0.14918112754821777,1
rugged,steep,-3.05792236328125,-0.15369680523872375,1
rugged,thrifty,-0.261810302734375,-0.15269502997398376,1
ruthlessness,treachery,2.28497314453125,0.058312349021434784,1
sad,sick,-1.9521484375,0.14691868424415588,1
sad,solitary,0.23046875,-0.008284017443656921,1
sad,sullen,1.65380859375,0.16412568092346191,1
safely,simply,2.083984375,0.022134482860565186,1
scowling,squinting,-3.90234375,0.6434820294380188,1
screamed,screamed,-0.7018280029296875,0.07682570070028305,1
secretive,vengeful,-0.633026123046875,0.6149400472640991,1
seductive,sexy,4.783203125,0.16201072931289673,1
selective,skilful,4.54315185546875,0.10980216413736343,1
sepsis,thrombosis,5.13916015625,-0.13751554489135742,1
serbian,yugoslav,2.31005859375,-0.0013079717755317688,1
set,try,2.2852783203125,0.1842687726020813,1
shale,stones,0.497711181640625,-0.24062886834144592,1
shell,shrapnel,1.076171875,-0.031131453812122345,1
shoot,shoot,2.462890625,0.08865382522344589,1
simply,strictly,1.994140625,0.08652784675359726,1
slow,slower,-1.712738037109375,0.134272962808609,1
slow,small,0.41339111328125,0.16142278909683228,1
slow,wearily,1.8046875,0.06523460894823074,1
slower,slower,-1.5,-0.322917103767395,1
slower,surer,3.54248046875,-0.1777927279472351,1
small,uncomfortable,2.96484375,-0.009158708155155182,1
small,unimportant,-4.43719482421875,0.3454204499721527,1
snake,stool,-0.15380859375,0.018613629043102264,1
so,so,-1.1124267578125,0.18519017100334167,1
stool,truck,0.361328125,-0.0030340179800987244,1
stranger,stranger,3.36279296875,0.18448543548583984,1
stretched,stretched,0.654296875,0.26398560404777527,1
stunned,stupefied,-0.51171875,-0.03145695850253105,1
sullen,wrathful,0.708984375,-0.10420756042003632,1
sun,sun,-2.451171875,-0.34093818068504333,1
sunnier,sunnier,-1.880859375,-0.1606975793838501,1
swiftest,wisest,2.339111328125,0.16675803065299988,1
talked,talked,0.21220779418945312,-0.0038012415170669556,1
talked,walked,-1.0333786010742188,-0.29266437888145447,1
teaspoon,teaspoons,-3.08056640625,-0.0859527513384819,1
thinking,thinking,5.521484375,0.39484450221061707,1
thinking,wishing,3.9304351806640625,0.3673897683620453,1
thousands,thousands,5.330078125,0.22715961933135986,1
tighter,tighter,-1.708984375,0.08482847362756729,1
trees,trees,-0.5244140625,0.08974043279886246,1
trees,undergrowth,-1.9156494140625,0.2687486708164215,1
tried,tried,-1.078125,0.26902225613594055,1
try,try,6.083984375,-0.011051461100578308,1
walked,walked,-0.66015625,-0.370510995388031,1
weeps,weeps,-0.294921875,-0.016320116817951202,1
wetter,wetter,1.3109130859375,0.16053706407546997,1
whispered,wore,-3.142578125,0.5372200012207031,1
wishing,wishing,2.010181427001953,-0.19284600019454956,1
younger,younger,7.782745361328125,0.36980417370796204,1
abloom,sweet,-0.44921875,-0.16806404292583466,2
abuse,derision,-0.52685546875,-0.4116724133491516,2
abuse,profanity,2.44207763671875,-0.0514819473028183,2
abuse,violence,1.23779296875,-0.054825738072395325,2
aching,hot,-1.208740234375,-0.41589564085006714,2
acrid,hot,1.174072265625,-0.4347546696662903,2
acronyms,bits,3.26953125,-0.4396021366119385,2
addictive,dangerous,0.8330078125,0.2776583135128021,2
addresses,names,0.4140625,0.5750353932380676,2
adorable,cute,2.1773681640625,0.3581915497779846,2
age,dirt,0.794921875,0.3292132019996643,2
age,usage,-1.0064849853515625,0.33049434423446655,2
algae,cyanobacteria,-1.92919921875,0.4551781117916107,2
algae,pondweed,-4.38671875,-0.004316046833992004,2
algae,salts,-1.4039306640625,0.37613600492477417,2
always,always,1.5103759765625,0.36745792627334595,2
always,everywhere,0.20703125,0.17960241436958313,2
amazed,furious,3.8642578125,-0.19228585064411163,2
amazed,screaming,-3.98046875,-0.16699473559856415,2
amazed,terrified,-4.1572265625,-0.1865300089120865,2
amazed,utter,2.29296875,-0.3314269781112671,2
ambulance,police,-1.12890625,-0.2933393120765686,2
amending,improving,-6.2569580078125,-0.012104779481887817,2
amplifiers,loudspeakers,-0.968505859375,-0.04632894694805145,2
analysis,commentary,1.3125,0.3042812645435333,2
analysis,presentation,0.068359375,0.14458981156349182,2
analysis,remodeling,0.26202392578125,0.13040271401405334,2
animated,fresh,2.067138671875,0.10081743448972702,2
antifreeze,polyester,1.04119873046875,-0.030596420168876648,2
arch,winsome,-0.44403076171875,1.0251950025558472,2
argue,debate,1.546875,0.32564014196395874,2
arrives,comes,-0.85821533203125,0.1341800093650818,2
artificial,insincere,3.25982666015625,0.3205247223377228,2
ascending,descending,1.33544921875,-0.1322869509458542,2
ash,gas,2.0472412109375,0.0731518417596817,2
astrology,mathematics,-3.7421875,-0.014496460556983948,2
aviation,certification,-0.365234375,0.3617885708808899,2
backing,veering,0.541015625,-0.42437583208084106,2
badminton,swimming,0.154296875,0.21325013041496277,2
banking,finance,1.34375,0.3727072775363922,2
banksia,eucalyptus,-4.111328125,0.2245197594165802,2
bark,crow,-1.83984375,-0.08658646047115326,2
basophils,eosinophils,-0.9333744049072266,-0.182698592543602,2
batteries,magnets,1.36083984375,0.035040199756622314,2
beaded,embroidered,1.423828125,-0.2919415235519409,2
bearskins,deerskins,8.755859375,0.07632441818714142,2
bedelia,sally,-1.41650390625,-0.2679610848426819,2
beetlebugs,caterpillars,-4.9296875,-0.21701468527317047,2
begged,shivered,-1.548828125,-0.11910553276538849,2
behaviourally,morphologically,-0.3803863525390625,0.36264756321907043,2
bell,tentacles,-1.360992431640625,0.10471373796463013,2
bereavement,destruction,4.630859375,-0.27806711196899414,2
bettering,education,-1.76470947265625,-0.1547691971063614,2
bias,discrimination,-2.754150390625,0.28333431482315063,2
biggest,gravest,1.09375,0.4543643593788147,2
binding,lawful,-1.171875,0.08471615612506866,2
bionic,hot,1.3017578125,-0.16179339587688446,2
birds,dolls,0.740234375,0.02882687747478485,2
birds,mammals,2.86572265625,0.03149256110191345,2
birds,mosquitoes,-3.21771240234375,0.08391420543193817,2
bits,bits,1.009765625,-0.3765677213668823,2
bits,dirt,2.53515625,-0.3570270538330078,2
bits,dust,-3.962890625,-0.276777982711792,2
bits,strips,-1.7353515625,-0.459600567817688,2
bitter,cloudy,0.0494384765625,-0.4876272678375244,2
bitter,furious,1.6468582153320312,-0.24405066668987274,2
bitter,hot,6.49853515625,-0.3390229344367981,2
bitter,malignant,1.2041015625,-0.17549334466457367,2
bitter,proud,-1.28619384765625,-0.09477238357067108,2
bitter,repeated,1.2456512451171875,-0.1502884477376938,2
bitter,sanguinary,-0.671875,-0.05711071193218231,2
bland,innocent,2.889556884765625,0.15212351083755493,2
blankets,cushions,-0.521484375,-0.10222570598125458,2
blankets,dolls,0.482421875,-0.18520487844944,2
bleed,bleed,2.1435546875,-0.5800129175186157,2
blinking,winking,-2.6171875,-0.06217895448207855,2
blocks,box,0.9091796875,0.18217694759368896,2
blocks,rebounds,-0.787109375,0.1957826167345047,2
blocks,toys,0.474609375,0.5647667646408081,2
blooming,fresh,1.9257965087890625,-0.2662736177444458,2
blotched,red,-1.5234375,-0.4646328091621399,2
blotched,wrinkled,-2.1939697265625,-0.434906005859375,2
bluebells,cowslips,-5.95751953125,-0.4936618208885193,2
bondage,distress,0.706298828125,-0.04381190240383148,2
bone,muscle,-1.0166015625,-0.032868772745132446,2
bored,impatient,-2.33984375,-0.062289342284202576,2
bored,neglected,0.791259765625,-0.08969615399837494,2
bored,tired,-2.6435546875,-0.12879244983196259,2
bottles,bottles,2.3662109375,0.06328915059566498,2
bourbon,whiskey,1.61376953125,0.3149096369743347,2
box,tape,2.4998779296875,0.09382086992263794,2
boxing,swimming,0.8834228515625,0.24993732571601868,2
brusque,businesslike,1.96337890625,-0.06193201243877411,2
bulkhead,deck,1.66796875,-0.1465309113264084,2
burgers,shrimp,-0.9486083984375,0.2428431510925293,2
burrows,feeds,-4.7939453125,0.3270532488822937,2
calendar,email,-3.4008636474609375,-0.18105019629001617,2
calms,storms,6.4296875,-0.5822253823280334,2
camaraderie,friendship,-0.69921875,0.1779177188873291,2
came,listened,-1.62109375,-0.3425031304359436,2
camels,donkeys,1.888671875,-0.39924371242523193,2
camels,goods,2.677978515625,-0.39759260416030884,2
cameras,toys,0.439453125,0.4235721826553345,2
candidacy,vote,-3.68310546875,-0.3068339228630066,2
cantons,cantons,-0.58203125,-0.2694394588470459,2
cap,weeping,-2.146841526031494,0.3840658962726593,2
capability,lines,-1.470703125,-0.16502787172794342,2
catalysts,pigments,-3.408447265625,-0.22967924177646637,2
categories,subcategories,0.34765625,-0.006605908274650574,2
challenges,controversies,-0.6640625,0.13206075131893158,2
chapters,chapters,7.654296875,-0.06695295870304108,2
cheated,robbed,-0.31982421875,-0.030540019273757935,2
cheerfulness,courage,0.552734375,0.01144041121006012,2
cheese,egg,1.25390625,-0.24963654577732086,2
cheese,garlic,2.47265625,-0.07567556202411652,2
cheese,meat,7.92578125,0.07967452704906464,2
cheese,tomato,-2.56817626953125,-0.19250042736530304,2
chemicals,heat,-1.45263671875,0.20434848964214325,2
chemicals,polymers,-0.484954833984375,-0.2011004239320755,2
chuckles,nods,0.05078125,-0.19747941195964813,2
clandestine,immoderate,-0.623046875,0.22250965237617493,2
clatter,clicks,2.146728515625,0.0207492858171463,2
clear,clear,2.625,0.1904495805501938,2
clear,compelling,-4.01171875,0.40751153230667114,2
clear,composed,-0.1484375,0.35163193941116333,2
clear,fresh,-0.09405517578125,-0.13019777834415436,2
clear,frosty,-0.11328125,0.3651873469352722,2
clear,full,1.51953125,0.6276599764823914,2
clear,lighter,-0.4072265625,0.5248221158981323,2
clear,limpid,2.095703125,0.21409602463245392,2
clear,precise,4.0341796875,0.4830719828605652,2
clear,red,0.92578125,0.010422080755233765,2
clear,regular,3.5390625,0.4517096281051636,2
clear,smooth,-3.018646240234375,0.005573883652687073,2
clear,specific,0.779296875,0.596718430519104,2
clear,starry,-4.1357421875,0.4807090759277344,2
clear,sweet,-4.208984375,0.18911077082157135,2
clear,true,-0.4482421875,0.10692451894283295,2
clear,unhesitating,4.0732421875,0.27928608655929565,2
clearer,clearer,-0.70294189453125,-0.15978418290615082,2
clearer,louder,-4.847923278808594,-0.014256596565246582,2
climbed,climbed,-1.0107421875,0.07520979642868042,2
climbed,scrambled,-0.99951171875,-0.30261653661727905,2
closed,forbidding,-0.3062744140625,-0.13815335929393768,2
closed,secured,-1.258056640625,-0.01625935733318329,2
closets,pantry,-2.8515625,0.08044610917568207,2
cloudy,gray,4.111328125,0.10525800287723541,2
coarse,scanty,-2.458984375,-0.420276939868927,2
coarse,tough,-0.3466644287109375,-0.05484031140804291,2
cobwebs,dirt,0.7890625,-0.21668998897075653,2
cobwebs,dust,-0.359375,-0.07889838516712189,2
coins,medals,-0.372314453125,0.19266989827156067,2
coins,notes,-0.673828125,0.005493775010108948,2
combat,demolition,-1.23046875,-0.29246431589126587,2
communicating,composition,-1.934814453125,-0.018365517258644104,2
company,tiffany,1.001953125,0.15543976426124573,2
compare,contrast,1.4453125,0.21910935640335083,2
competitive,cultural,-0.51611328125,-0.031065717339515686,2
complex,dangerous,2.075927734375,0.0855998769402504,2
complex,proud,-1.35546875,0.1589018702507019,2
complex,unresolved,2.681640625,-0.11141403019428253,2
complex,vast,-2.61871337890625,0.10817644000053406,2
composition,singing,-1.3876953125,0.5059722065925598,2
computers,radio,-2.21484375,0.14851105213165283,2
computers,science,0.43955230712890625,0.11264757066965103,2
comradery,friendship,5.654296875,-0.08486352860927582,2
concordats,treaties,-2.20965576171875,0.11743181943893433,2
conditions,standards,5.928955078125,0.09884442389011383,2
conferences,lectures,5.8359375,0.006843462586402893,2
confidence,courage,8.365234375,-0.15390987694263458,2
confidence,encouragement,0.1995849609375,-0.11307002604007721,2
confidence,faith,-6.644287109375,-0.017196163535118103,2
confidence,friendship,2.7568359375,-0.024462968111038208,2
confrontation,dissention,-2.5532073974609375,-0.04569588601589203,2
conscience,morals,-2.467529296875,-0.09801267087459564,2
conscience,reason,1.767578125,-0.7287158370018005,2
consequentialism,deontology,-0.416168212890625,-0.0312892347574234,2
consistently,correctly,0.95098876953125,0.30635976791381836,2
convenience,friendship,3.3134765625,0.0008979439735412598,2
coordinated,disciplined,-4.1376953125,0.06859706342220306,2
corals,shells,-1.01171875,0.31333595514297485,2
cordiality,friendship,0.05859375,0.05523975193500519,2
cormalite,limestone,-1.51953125,0.04656793177127838,2
courage,dignity,0.154296875,-0.07678268849849701,2
courage,discernment,0.27736854553222656,-0.047944679856300354,2
courage,faith,2.49090576171875,-0.10170163214206696,2
courage,optimism,0.24169921875,0.13061527907848358,2
courage,strength,1.4462890625,0.25862282514572144,2
creamy,smooth,0.0,-0.6463612914085388,2
creamy,sweet,-0.156982421875,-0.3748961091041565,2
creamy,thick,0.235107421875,-0.5280010104179382,2
criticized,unpopular,1.75244140625,0.08621090650558472,2
crooked,dangerous,0.645843505859375,0.01591147482395172,2
crude,early,-0.8935546875,0.03788676857948303,2
cruelty,injustice,-2.43359375,0.4098263382911682,2
cruelty,oppression,-2.757232666015625,0.24846316874027252,2
cruelty,selfishness,-0.0775146484375,0.1563352793455124,2
cruelty,violence,-2.611328125,0.24556995928287506,2
cultural,education,1.033203125,-0.021389365196228027,2
cultural,personal,1.4912109375,0.1638588011264801,2
cultural,physical,2.58203125,0.36283767223358154,2
cultural,publicity,-4.013671875,0.20935413241386414,2
cultural,sporting,-2.21533203125,0.23437580466270447,2
curiously,suspiciously,-1.15234375,0.153212770819664,2
cushions,trucks,-1.7884678840637207,-0.12986038625240326,2
cute,innocent,0.478515625,-0.2964572310447693,2
cute,sweet,-0.9888153076171875,-0.4258906841278076,2
cyanotic,unresponsive,4.923828125,-0.32886213064193726,2
cycling,swimming,-0.72802734375,0.3205726742744446,2
damanes,trespass,4.001953125,0.15557534992694855,2
dangerous,hot,-2.79052734375,-0.5534954071044922,2
dangerous,miserable,4.284759521484375,-0.14504866302013397,2
dangerous,true,1.320068359375,-0.40829694271087646,2
dangerous,unpopular,1.876953125,-0.45644181966781616,2
darkening,lightening,2.1568603515625,-0.20144779980182648,2
datebooks,pens,0.96484375,0.48958802223205566,2
deceit,dishonesty,-0.96630859375,-0.27342236042022705,2
deeds,documents,0.5810546875,-0.15718136727809906,2
deeds,notes,1.7607536315917969,0.07894299924373627,2
defeated,unpopular,1.6015625,-0.27720165252685547,2
demolition,deterioration,-2.4150390625,0.15566451847553253,2
demolition,maintenance,1.01416015625,0.3472449779510498,2
demonolatry,idolatry,-3.9677734375,-0.20374898612499237,2
deportment,dignity,0.947265625,-0.00775851309299469,2
depraved,sinful,-1.068115234375,-0.067318394780159,2
derision,drunkenness,-1.50634765625,0.21761804819107056,2
destruction,misery,-1.7119140625,0.0683281272649765,2
destruction,rebirth,-3.293701171875,-0.12154276669025421,2
destruction,war,0.579833984375,0.2090367078781128,2
developed,modern,-0.4323883056640625,0.012868925929069519,2
dialogs,recitations,-4.79736328125,0.11741851270198822,2
dials,receiver,-4.578125,-0.018847569823265076,2
died,suffered,0.8369140625,0.22969818115234375,2
dignity,strength,1.09814453125,0.2737351059913635,2
dinosaur,lion,-0.9129228591918945,-0.3547608256340027,2
dirt,dust,3.026153564453125,0.12363551557064056,2
dirt,poisons,-0.5449371337890625,0.14916762709617615,2
disaster,failure,-0.12744140625,0.2339232712984085,2
disciplined,regular,6.49755859375,0.3414362072944641,2
discrimination,fights,0.63671875,0.02595643699169159,2
discrimination,slavery,0.9691162109375,-0.11703406274318695,2
discrimination,violence,1.25,0.030199632048606873,2
dishonesty,injustice,9.03125,-0.3149171471595764,2
disobedience,misery,2.123779296875,0.08467670530080795,2
disobedience,negligence,3.357666015625,0.27571380138397217,2
dispatch,neatness,-6.751953125,0.12238463759422302,2
distress,misery,0.27978515625,-0.1385391801595688,2
distress,privation,-2.306640625,-0.029184550046920776,2
dogs,dolls,1.09375,0.21445351839065552,2
dogs,ferrets,3.061279296875,-0.00287608802318573,2
dogs,pistols,1.00390625,-0.16707466542720795,2
dogs,poets,-1.51953125,0.13566020131111145,2
dollars,dollars,-1.832834243774414,0.0649326890707016,2
dolls,dolls,2.59271240234375,0.519295334815979,2
dolls,pram,3.1162033081054688,0.05328360199928284,2
dolls,toys,3.6044921875,0.7354221940040588,2
domestic,local,-2.5234375,0.4378708600997925,2
domestic,sexual,-2.7109375,-0.2310859113931656,2
dominant,official,-0.14208984375,0.17373865842819214,2
downhearted,gloomy,-2.375,-0.14848940074443817,2
dozens,dozens,-3.8623046875,-0.24476782977581024,2
draw,schedule,-1.468719482421875,0.06155768036842346,2
dreams,reality,0.9033203125,0.03570304811000824,2
dreams,stories,0.298828125,-0.034381017088890076,2
drongos,flycatchers,-1.337890625,-0.249998077750206,2
dug,dug,-0.54541015625,-0.6862467527389526,2
dumplings,steam,-1.94140625,-0.044041410088539124,2
dust,gas,2.765625,-0.36796897649765015,2
dust,gravel,4.322265625,-0.39876097440719604,2
dust,heat,1.6420211791992188,0.04842367768287659,2
dust,waste,-14.5888671875,-0.20450808107852936,2
dweebs,geeks,2.20654296875,-0.14888255298137665,2
dyers,weavers,0.5302734375,0.21791982650756836,2
early,extraordinary,0.3671875,0.3177657723426819,2
early,personal,-2.8828125,0.08517555892467499,2
earthworks,megaliths,1.42657470703125,-0.04529388248920441,2
easier,easier,-1.87890625,0.2975717782974243,2
easier,lighter,2.6845703125,0.30532994866371155,2
easier,louder,-1.3265380859375,0.491818368434906,2
eddied,swirled,1.5070724487304688,-0.038273200392723083,2
education,pedagogy,-0.72119140625,0.42284297943115234,2
education,science,-1.593475341796875,0.7184655666351318,2
egg,tongue,4.133544921875,-0.417247474193573,2
elements,shapes,1.8762359619140625,-0.20597641170024872,2
embarrassment,pleasure,1.7705078125,0.13031399250030518,2
embeddings,manifolds,-2.73480224609375,0.3115789294242859,2
emperors,empresses,3.93505859375,-0.09801806509494781,2
encouragement,praise,3.2021484375,0.6344786286354065,2
encouragement,warning,1.619140625,0.34984099864959717,2
enlarged,hollow,-0.203125,-0.25626373291015625,2
enlarged,reduced,-1.43994140625,-0.16062651574611664,2
enlarged,revised,1.884765625,-0.0556839257478714,2
enormous,majestic,1.21710205078125,-0.0743660181760788,2
enormous,powerful,-0.654296875,0.18023964762687683,2
entertainments,parties,1.0779838562011719,0.33089256286621094,2
erect,fearless,-0.223602294921875,-0.048087820410728455,2
erect,masterful,-1.204833984375,0.23828379809856415,2
espresso,juice,-3.654296875,0.3178361654281616,2
events,events,1.544921875,-0.1896229237318039,2
events,names,0.765625,0.11856198310852051,2
events,relationships,2.3843536376953125,0.03357081115245819,2
events,stories,-0.24609375,0.23666684329509735,2
example,precept,2.24261474609375,0.18192671239376068,2
exhausted,hot,0.49762725830078125,-0.47304534912109375,2
expound,reason,1.365936279296875,-0.42453533411026,2
exterior,interior,-1.40234375,-0.11142916977405548,2
facts,myths,0.203125,-0.05887387692928314,2
facts,names,-1.21875,0.26819324493408203,2
faith,glory,-4.4052734375,-0.2745911478996277,2
faith,morals,0.895751953125,-0.30774396657943726,2
faith,reason,-1.834716796875,-0.7103040814399719,2
faith,science,-2.98291015625,-0.2196434885263443,2
faith,violence,-1.08203125,-0.04890905320644379,2
fall,tumble,1.2505722045898438,-0.32178521156311035,2
famous,hot,2.2630615234375,-0.32330113649368286,2
farming,livestock,4.19232177734375,-0.31640487909317017,2
fast,febrile,-1.7783203125,-0.0664883404970169,2
fast,furious,-2.19140625,-0.03509138524532318,2
fast,mushy,-1.05859375,-0.06270472705364227,2
fast,powerful,-0.4630584716796875,0.08007903397083282,2
fast,steadily,-5.402950286865234,-0.1948264092206955,2
fast,sure,-2.748046875,-0.08556465804576874,2
fast,thick,-2.056365966796875,-0.3272635340690613,2
fast,tough,-0.5703125,0.05315543711185455,2
fast,true,-2.9765625,-0.24375669658184052,2
fearless,gallant,-3.28350830078125,-0.2768357992172241,2
fights,war,1.947265625,0.08674163371324539,2
fits,starts,2.55560302734375,-0.4023333787918091,2
flabby,wrinkled,-0.998046875,-0.38086801767349243,2
flattery,persistence,1.958984375,0.1980273723602295,2
flattery,pleasure,2.556640625,0.44104838371276855,2
flattery,servility,3.627777099609375,0.01949833333492279,2
flies,mosquitoes,-2.478515625,-0.016503140330314636,2
flippers,lungs,2.74609375,0.05525113642215729,2
flopped,stumbled,0.888671875,-0.3617667555809021,2
flushed,hoarse,-0.25,-0.13390900194644928,2
flushed,hot,-4.17364501953125,-0.45340973138809204,2
flushed,impatient,1.5839385986328125,-0.2359510213136673,2
flushed,radiant,1.798828125,-0.056463614106178284,2
flushed,red,-1.6059150695800781,-0.6689697504043579,2
flushed,tired,-1.1880950927734375,-0.20127646625041962,2
flushed,unhappy,-7.540283203125,-0.09048102796077728,2
fog,storms,-0.2894439697265625,-0.07384155690670013,2
fog,wind,2.318359375,0.12104003131389618,2
forage,gather,-0.46490478515625,0.06799544394016266,2
foreboding,loneliness,2.6403656005859375,-0.2321842759847641,2
founding,full,0.8284530639648438,0.39225250482559204,2
founding,prominent,1.997802734375,0.07114006578922272,2
freakier,freakier,-1.5859375,0.049692317843437195,2
freight,luggage,-2.1845703125,-0.37653666734695435,2
fresh,hot,-1.37890625,-0.6084626317024231,2
fresh,sweet,-3.75030517578125,-0.2077069729566574,2
fresh,unblemished,1.65478515625,-0.30993157625198364,2
fresh,youthful,-1.3447265625,0.1942218691110611,2
friendship,intimacy,-1.1792068481445312,0.6872232556343079,2
friendship,loneliness,-1.2423095703125,0.2921622395515442,2
frog,wombat,3.15625,0.19722431898117065,2
frosts,storms,-2.46484375,-0.46223849058151245,2
fuel,heating,-0.335205078125,-0.14341773092746735,2
full,immediate,-1.970703125,-0.3787696957588196,2
full,transcendent,-0.57421875,-0.49847209453582764,2
full,true,2.927734375,-0.7263951897621155,2
furious,hot,-1.032958984375,-0.25872254371643066,2
furious,sputtering,-0.05078125,0.10499855875968933,2
galaxies,matter,0.4234619140625,-0.14046476781368256,2
gallant,shrewd,1.169921875,-0.2340085357427597,2
gallons,gallons,-0.66259765625,-0.23963408172130585,2
gas,matter,-2.171875,-0.10331879556179047,2
gas,steam,0.0,0.14393633604049683,2
gaunt,gray,0.69921875,-0.1271015852689743,2
gaunt,hollow,-0.009033203125,-0.3945007920265198,2
gears,levers,-1.307861328125,0.12530750036239624,2
gigantic,red,-4.105224609375,-0.3553864359855652,2
girl,goose,1.2301025390625,-0.20013867318630219,2
girl,stalking,1.4666748046875,-0.27969998121261597,2
global,local,-2.423828125,0.16027560830116272,2
gloomy,stern,-1.775390625,0.19439838826656342,2
gloomy,thick,0.094879150390625,-0.0813523381948471,2
graduate,professional,4.284881591796875,0.02326330542564392,2
graduate,undergraduate,-0.837890625,0.17255286872386932,2
grame,grief,-2.048828125,0.053181275725364685,2
gray,grewsome,-1.05169677734375,0.045972034335136414,2
gray,red,-5.880859375,-0.3934817910194397,2
gray,scanty,-6.59326171875,-0.366885244846344,2
gray,tired,0.59375,-0.015398368239402771,2
gray,yellow,-0.365234375,-0.3016955852508545,2
grey,red,2.13055419921875,-0.8438312411308289,2
grief,horror,4.019351959228516,0.4764430522918701,2
grief,intrigue,-1.01953125,0.5677205324172974,2
grief,passion,1.29296875,0.15584349632263184,2
grief,rage,1.666015625,0.291002094745636,2
grinned,looked,1.810546875,-0.12837009131908417,2
harmonium,organ,-0.81640625,0.1818188726902008,2
hawed,himmed,0.388671875,-0.31851696968078613,2
heaps,heaps,2.525390625,0.1263624131679535,2
hearths,homes,-0.839935302734375,-0.3704800605773926,2
heat,strength,-5.26171875,-0.25204408168792725,2
heiress,owner,-3.255859375,-0.19737909734249115,2
heparin,histamine,2.5166015625,0.2680061161518097,2
heretics,nonbelievers,1.412109375,-0.004301309585571289,2
highlights,shadows,2.421875,-0.01577882468700409,2
hoarse,hollow,-3.1878585815429688,-0.2685281038284302,2
hollow,lightweight,-0.5572509765625,-0.0029992759227752686,2
hollow,muffled,1.8046875,0.08963827788829803,2
honeysuckles,jessamines,-3.20831298828125,0.019653871655464172,2
horrible,red,-0.556640625,-0.4204021096229553,2
horrible,yellow,-0.61798095703125,-0.41302257776260376,2
horror,misery,-4.59710693359375,-0.4095112085342407,2
horror,rage,-2.9560546875,-0.1770683079957962,2
hot,mixed,-3.7119140625,-0.42442381381988525,2
hot,red,-1.1441650390625,-0.5584908127784729,2
hot,smoking,-3.544921875,0.0627133697271347,2
hot,steaming,1.163299560546875,0.07100008428096771,2
hot,sultry,-5.4453125,-0.22274605929851532,2
hot,sweet,2.167400360107422,-0.4040963649749756,2
hot,tired,-2.2036285400390625,-0.33090150356292725,2
hushed,penetrated,5.6171875,0.029515311121940613,2
illustrated,wrote,0.2197265625,0.42404431104660034,2
immediate,personal,1.20703125,0.25211361050605774,2
immediate,stern,1.01171875,0.4085990786552429,2
impatient,tired,3.5694580078125,-0.03315691649913788,2
increase,multiply,6.0419921875,0.19156679511070251,2
ingratitude,suspicion,2.12890625,-0.025905758142471313,2
injustice,oppression,0.3917236328125,0.10849647223949432,2
injustice,slavery,-1.0901603698730469,-0.3034341335296631,2
injustice,violence,-5.9794921875,-0.05414329469203949,2
innocent,leige,-2.87841796875,-0.23621414601802826,2
innocent,sweet,-1.293670654296875,-0.29222017526626587,2
inquiringly,politely,-0.15692138671875,0.2077942192554474,2
insincere,supercilious,-4.458251953125,0.249454528093338,2
insults,violence,-1.6155014038085938,0.20946775376796722,2
junior,professional,-4.2371063232421875,0.32825061678886414,2
kinds,shapes,2.71484375,-0.014036819338798523,2
kinds,sorts,2.404296875,0.1632213443517685,2
leaking,patched,-0.0106048583984375,-0.39875370264053345,2
legos,lion,1.0932159423828125,-0.5187925696372986,2
leif,tarzan,-3.5078125,0.162912979722023,2
leukemia,lymphoma,1.3177566528320312,-0.0664452463388443,2
lighter,lighter,4.054599761962891,0.08840290457010269,2
lighter,thinner,0.0,0.1459946632385254,2
like,talking,2.342010498046875,-0.241261824965477,2
limestone,marble,-1.30657958984375,0.14601129293441772,2
limped,stuttered,-1.93426513671875,-0.4123457074165344,2
limpid,salutary,2.7545166015625,0.24483519792556763,2
listened,listened,0.103759765625,-0.15567664802074432,2
listened,looked,3.5302734375,-0.2734284996986389,2
listened,watched,-0.3946533203125,0.008527547121047974,2
local,provincial,-3.267822265625,0.2766001224517822,2
loneliness,misery,2.2942657470703125,-0.15027646720409393,2
looked,looked,-6.42578125,-0.4740613102912903,2
looked,smelt,6.220703125,-0.38441503047943115,2
lost,loved,-1.328125,0.037157103419303894,2
louder,louder,2.59375,-0.21054480969905853,2
louder,repeated,1.294921875,-0.128457173705101,2
louder,sharper,1.3798828125,-0.10023121535778046,2
loyalists,unionists,-3.564361572265625,-0.14583857357501984,2
magisterial,police,2.4501953125,-0.05312739312648773,2
magnet,toys,-2.048828125,-0.008190944790840149,2
magnificent,proud,-1.6229248046875,0.2734464406967163,2
majestic,powerful,-0.740234375,0.494795560836792,2
majestic,soothing,-1.3461837768554688,0.6452460289001465,2
majestic,sublime,-0.56982421875,0.4447585344314575,2
malice,rage,-0.037109375,-0.03003518283367157,2
marble,mosaic,-0.4814453125,0.4445143938064575,2
maroon,red,-8.6328125,-0.04716061055660248,2
maroon,yellow,0.8584136962890625,0.06425350904464722,2
mathematics,metamathematics,-0.5859375,0.19621378183364868,2
mathematics,science,4.51953125,0.35789328813552856,2
mathematics,statistics,-0.31103515625,0.4185728430747986,2
matrimony,matrimony,4.017578125,0.17440102994441986,2
mauve,red,-2.180267333984375,-0.42964237928390503,2
meaning,reason,-4.000732421875,-0.5090996026992798,2
meaning,richness,-0.24273681640625,0.11975406110286713,2
meat,meat,1.8115234375,-0.0643564909696579,2
meat,puddings,-2.72265625,0.07791239023208618,2
metasedimentary,sedimentary,0.0,0.13385431468486786,2
metres,metres,0.0,-0.3519101142883301,2
microprocessors,transistors,-0.6707763671875,-0.24173413217067719,2
mightiest,richest,1.428253173828125,-0.005888000130653381,2
miserable,tired,-2.005615234375,-0.24112914502620697,2
miserable,unhappy,0.3453369140625,-0.3284490704536438,2
miserable,weeping,-0.914794921875,-0.23474739491939545,2
missus,mister,-0.01171875,-0.10923777520656586,2
modern,practical,1.27142333984375,-0.009433150291442871,2
muffled,thick,-2.8061904907226562,-0.28384166955947876,2
mushrooms,tomatoes,-2.67791748046875,0.1201280802488327,2
necessity,urgency,-0.76873779296875,0.2414063811302185,2
nestling,singing,0.64453125,0.37946975231170654,2
northwest,west,0.63916015625,-0.4927999973297119,2
official,royal,-0.8486328125,0.020433947443962097,2
on,on,-5.12744140625,-0.7656742334365845,2
opponents,players,0.0,0.15315786004066467,2
oppression,violence,1.3876953125,0.054107919335365295,2
outsiders,students,-3.943359375,-0.4069666862487793,2
outsiders,wives,-2.73193359375,-0.36877673864364624,2
overweight,unhappy,4.48095703125,-0.03536778688430786,2
paler,paler,0.1611328125,0.09674671292304993,2
paler,thinner,-1.35595703125,0.45055466890335083,2
paler,tired,-4.1650390625,0.26454341411590576,2
paperwork,signatures,2.111328125,0.34488555788993835,2
passion,rage,0.71453857421875,-0.18483154475688934,2
personal,profanity,2.3272705078125,0.598056972026825,2
personal,professional,0.0,0.265572190284729,2
phases,stages,0.3515625,-0.474317729473114,2
photographs,sketches,-2.9765625,0.031010761857032776,2
physical,sexual,-0.447265625,-0.40712112188339233,2
pins,tape,-0.16754150390625,0.07857616245746613,2
placid,smooth,3.06982421875,-0.4733477234840393,2
pleasure,rejoicing,-3.51177978515625,0.2451476752758026,2
poets,songwriters,0.828125,0.17891830205917358,2
powdery,smooth,1.12939453125,-0.7754697203636169,2
powerful,precise,0.04296875,-0.3186635375022888,2
powerful,stern,-1.779541015625,-0.40007615089416504,2
powerful,vast,-4.12890625,-0.5044496059417725,2
praise,publicity,3.0859375,-0.4068453907966614,2
prematurity,smoking,0.7798576354980469,0.4996897578239441,2
presentation,spelling,-10.3984375,0.23236854374408722,2
principal,supervisor,4.0222930908203125,0.013440802693367004,2
produced,wrote,0.62109375,-0.1189827173948288,2
profanity,sanctity,1.5703125,0.2515728771686554,2
profanity,sexual,-0.060546875,-0.22657571732997894,2
professional,student,3.21978759765625,0.20678146183490753,2
property,slaves,-0.98046875,0.18736383318901062,2
proud,stern,1.34326171875,-0.04078790545463562,2
proud,swaggering,-2.35546875,-0.33944153785705566,2
proud,vain,-0.6491851806640625,-0.20107914507389069,2
pulled,pulled,3.634765625,-0.2933959364891052,2
radiant,red,-2.5625,-0.8087961077690125,2
radio,record,2.0009765625,0.1930808275938034,2
rage,scorn,1.9793243408203125,-0.06076847016811371,2
rage,war,-3.306640625,0.13520324230194092,2
rage,weeping,4.78271484375,0.48376739025115967,2
rains,storms,0.490234375,-0.5172745585441589,2
rampant,red,-0.904296875,-0.577287495136261,2
randomness,statistics,-3.51953125,0.3083738386631012,2
rapidly,steadily,-0.484375,-0.2637496590614319,2
reason,science,0.853057861328125,0.371171236038208,2
reason,tradition,-0.1484375,0.02232012152671814,2
receiver,recorder,-0.13232421875,0.3136698305606842,2
recorder,tape,-0.9365234375,0.009469226002693176,2
red,red,1.1328125,-0.5132438540458679,2
red,thick,0.60546875,-0.2850598096847534,2
red,wrinkled,-2.9375,-0.2691255211830139,2
red,yellow,1.537109375,-0.37705981731414795,2
rehashed,revised,1.154296875,-0.31476467847824097,2
repeated,sterner,2.5859375,-0.13744719326496124,2
rip,tip,2.117431640625,0.19851195812225342,2
rising,rising,2.4150390625,-0.45791006088256836,2
run,run,-1.0205078125,0.21817611157894135,2
run,shout,-0.1484375,0.39067864418029785,2
samoyedic,yeniseian,-2.00146484375,-0.07140879333019257,2
screaming,shouting,-3.684814453125,-0.12403370440006256,2
secured,shut,7.75830078125,0.23029762506484985,2
sexuality,violence,-4.3695068359375,0.12310729175806046,2
sharper,sharper,2.1318359375,0.16644912958145142,2
shinyness,sunniness,2.414642333984375,0.22832562029361725,2
shivered,suffered,4.402557373046875,0.1387864351272583,2
shivered,watched,1.7265625,-0.14301876723766327,2
shouting,shrieking,0.6796875,-0.09703893959522247,2
shouting,singing,0.7529296875,0.3266117572784424,2
shouting,talking,-1.1051025390625,0.17524626851081848,2
shrimp,snails,5.0136566162109375,0.14065811038017273,2
singing,talking,-3.859375,0.38729333877563477,2
skirmishing,trading,0.76953125,0.2914190888404846,2
sluggish,smooth,-1.8839797973632812,-0.5566946268081665,2
smoking,steaming,4.4296875,-0.1077006608247757,2
smoking,talking,0.1982421875,-0.10838530957698822,2
smooth,sweet,1.181640625,-0.14000903069972992,2
smooth,thick,-6.3134765625,-0.5342426300048828,2
spray,steam,-3.78839111328125,0.09696714580059052,2
spreading,spreading,-0.14453125,-0.07134513556957245,2
sputtering,sputtering,-1.194091796875,-0.18486715853214264,2
squak,squak,-5.362274169921875,-0.2388974279165268,2
starved,tired,8.91796875,0.1901119500398636,2
steeper,steeper,3.0390625,-0.0781577080488205,2
stem,stern,-3.345703125,0.35621240735054016,2
stifling,thick,0.09830474853515625,-0.21902130544185638,2
storms,wind,2.070709228515625,0.2584560215473175,2
talking,talking,1.1953125,0.3219321668148041,2
tamer,tamer,1.767578125,0.10269671678543091,2
thick,tough,-5.02734375,-0.22987164556980133,2
thick,yellow,-0.5625,-0.620637834072113,2
thinner,thinner,1.8270263671875,0.2761704921722412,2
thumbs,toes,-2.1442413330078125,-0.32382047176361084,2
tired,unhappy,-0.601806640625,-0.39638030529022217,2
tired,uninspired,-0.4140625,-0.3438074588775635,2
tradition,usage,-5.627227783203125,0.13345114886760712,2
trains,trucks,-0.94189453125,0.17113696038722992,2
twice,twice,7.451171875,0.13729459047317505,2
tylenol,zithromax,1.44140625,0.1333179473876953,2
uncivilized,unlettered,-2.556640625,-0.17605121433734894,2
unhallowed,unwarranted,-4.609375,-0.3119610548019409,2
unwinding,winding,0.51318359375,-0.19277261197566986,2
utter,vast,1.400390625,0.71468585729599,2
village,village,-2.4658203125,-0.014896154403686523,2
violence,war,1.697265625,-0.14679978787899017,2
wailings,weeping,-1.8134765625,0.3387044072151184,2
watched,watched,-1.08984375,0.41637855768203735,2
weeks,weeks,0.78125,0.332345187664032,2
wider,wider,-8.846435546875,0.13043266534805298,2
wrastled,wrastled,-3.8154296875,-0.21199731528759003,2
wrinkled,yellow,-2.1328125,-0.19097478687763214,2
wrote,wrote,0.5234375,-0.17219315469264984,2
yards,yards,1.8125,0.3341221809387207,2
yellow,yellow,0.7374267578125,-0.4741576313972473,2
yours,yours,0.224609375,-0.28456002473831177,2
abjurer,nowhere,-3.0639495849609375,0.353299617767334,3
above,around,-2.56201171875,0.0066982656717300415,3
accidents,incidents,-4.2889404296875,0.18907982110977173,3
accidents,problems,-0.0595703125,0.15938669443130493,3
acknowledge,state,-1.908111572265625,-0.14239677786827087,3
actively,successfully,2.42333984375,-0.11221399903297424,3
acts,speaks,2.5015716552734375,-0.035742685198783875,3
acts,talks,0.125,0.14143255352973938,3
adoration,love,3.42578125,-0.07607802003622055,3
aerial,ground,1.2890625,-0.07782634347677231,3
aimlessly,unconsciously,2.49853515625,0.08908791840076447,3
along,along,-2.81982421875,0.2112346589565277,3
along,watch,-1.7939453125,-0.46874362230300903,3
amused,rapid,-2.58154296875,-0.13067932426929474,3
anarchy,license,1.802734375,0.16283535957336426,3
anguish,dejection,-3.2493896484375,0.07388380169868469,3
ants,earth,1.0709228515625,0.527580201625824,3
ants,termites,2.1348876953125,0.5461274981498718,3
apologized,time,1.420745849609375,0.11944404244422913,3
apologized,went,-0.6240234375,-0.20113016664981842,3
apples,cake,-1.22021484375,-0.1476750671863556,3
aquatic,other,4.21484375,-0.11446650326251984,3
arab,egyptian,2.04248046875,-0.08535550534725189,3
area,league,-2.255859375,0.42988520860671997,3
armies,battles,-0.09375,0.11761389672756195,3
around,around,-1.681640625,0.2649564743041992,3
arrivals,departures,1.3583984375,0.10767577588558197,3
arrogant,hurtful,1.988525390625,-0.09925947338342667,3
arrogant,lying,1.4990234375,-0.060907091945409775,3
arrogant,opinionated,-6.3828125,-0.11052511632442474,3
arrogant,quarrelsome,-2.015625,-0.08719447255134583,3
arrows,bow,-1.4541015625,-0.32955020666122437,3
arrows,chimales,-2.97509765625,-0.31503427028656006,3
artists,cartoonists,-0.7392578125,0.34607481956481934,3
artists,intellectuals,-2.615234375,0.3195894956588745,3
artists,things,-2.7578125,0.05452790856361389,3
artists,writers,1.3782958984375,0.1291486620903015,3
ask,call,-2.26953125,-0.13454511761665344,3
assassins,conspirators,0.310546875,0.3511590361595154,3
assassins,cutthroats,0.4423828125,0.48601222038269043,3
assets,cash,0.9108734130859375,0.2957693338394165,3
assets,exports,-1.953125,0.47982150316238403,3
atheistic,materialistic,8.482421875,0.02626974880695343,3
attentive,ready,-0.7080078125,0.07490937411785126,3
audience,critics,2.2859458923339844,0.19575434923171997,3
babbled,babbled,-1.9810791015625,-0.31877872347831726,3
babied,petted,-0.2197265625,-0.23941870033740997,3
babysit,come,4.71826171875,-0.07157208025455475,3
backed,backed,1.1953125,-0.11366485059261322,3
backed,pranced,1.560546875,-0.19839715957641602,3
backward,sideways,-0.718780517578125,-0.10639791935682297,3
balloon,boy,-1.509765625,-0.2073858678340912,3
barked,barked,0.4833984375,0.026829034090042114,3
barleycorns,roots,0.249755859375,0.13491874933242798,3
baskets,parcels,0.40234375,0.011558055877685547,3
battles,disputes,4.1005859375,0.16585347056388855,3
battleships,cruisers,5.021484375,0.2926662862300873,3
beating,beating,1.220703125,0.0638488382101059,3
beggars,churches,0.3203125,-0.1531253457069397,3
belief,sentiment,-1.833984375,-0.3260374665260315,3
belief,thought,-3.84765625,-0.24278001487255096,3
belief,unbelief,4.81396484375,-0.038264915347099304,3
berrid,dead,0.4169921875,-0.1678130030632019,3
bewildering,many,-0.05078125,0.06820406019687653,3
black,black,3.7983245849609375,0.21432149410247803,3
black,cold,1.8828125,0.401409775018692,3
black,dismal,-2.7961196899414062,0.08985699713230133,3
black,gay,-0.98626708984375,-0.02878391742706299,3
black,shiny,-1.1513671875,0.13430742919445038,3
blatant,officious,0.8933258056640625,-0.3251113295555115,3
bliss,suffering,1.8116455078125,-0.04898596927523613,3
blows,blows,5.18231201171875,-0.3614438474178314,3
board,keel,-1.9990234375,0.12266573309898376,3
boars,deer,1.7286376953125,-0.10780032724142075,3
boars,oxen,1.1484375,0.568135678768158,3
bonnets,dresses,-6.330322265625,0.24550703167915344,3
boots,clothing,-2.453125,-0.2852455675601959,3
boots,coats,-0.85546875,0.39794519543647766,3
bow,slide,-1.8251953125,0.23488849401474,3
bowery,lofty,-1.3046875,0.6487809419631958,3
boxed,wrestled,0.80224609375,-0.06038837134838104,3
bravery,cowardice,0.193359375,0.03419208526611328,3
bravery,enterprise,0.4608154296875,0.5514604449272156,3
breakfast,lunch,2.6496715545654297,-0.1948617696762085,3
breakfast,supper,0.837890625,-0.24879460036754608,3
bribing,sleeping,-4.3343505859375,0.055420488119125366,3
build,come,-0.521484375,-0.14416038990020752,3
burn,split,-0.189453125,0.17425215244293213,3
cake,fruit,-0.79345703125,0.13927742838859558,3
cake,jelly,-4.93994140625,-0.4130494296550751,3
call,call,1.20458984375,-0.10176970064640045,3
call,come,4.85546875,-0.24317914247512817,3
camera,puzzle,0.943359375,0.31316477060317993,3
carry,cash,-2.840972900390625,0.06524652242660522,3
cash,time,-3.5244140625,-0.11196433007717133,3
casseroles,things,0.837890625,0.06041418015956879,3
charitable,grand,0.7689208984375,-0.14305540919303894,3
cheat,steal,-1.51806640625,-0.19400234520435333,3
churches,minsters,-0.5556640625,0.3810359835624695,3
churches,monasteries,5.779296875,0.29076772928237915,3
cinematic,classical,-0.6584930419921875,0.05996695160865784,3
circumstances,fate,1.398193359375,-0.38528698682785034,3
circumstances,time,1.23870849609375,-0.26843416690826416,3
civilian,other,0.98681640625,-0.014141909778118134,3
clairvoyance,mesmerism,-0.818359375,0.48177802562713623,3
classical,quantum,-0.37134552001953125,0.6259665489196777,3
clergy,nobility,-0.2236328125,0.023881986737251282,3
closer,closer,5.259765625,0.22725844383239746,3
closer,longer,-3.043914794921875,0.2513387203216553,3
closer,warmer,3.25390625,0.0211612731218338,3
clubs,societies,0.0,0.47417670488357544,3
clubs,things,-2.619140625,0.23422002792358398,3
coats,dresses,-3.912109375,0.0258905291557312,3
coats,scarves,0.1652069091796875,-0.07911267876625061,3
cold,cramp,0.1533203125,0.009617410600185394,3
cold,dead,-3.7923583984375,0.032815709710121155,3
cold,dire,3.52392578125,0.05673563480377197,3
cold,intellectual,-3.51953125,-1.0974705219268799e-05,3
cold,lifeless,-5.39404296875,0.0561709851026535,3
cold,rain,1.9013671875,0.45128870010375977,3
cold,rainy,0.0406494140625,0.3015385866165161,3
cold,silent,-3.139529228210449,-0.07774758338928223,3
cold,snow,3.791015625,0.23633700609207153,3
cold,snowing,-2.08984375,0.3076673150062561,3
cold,steady,1.45306396484375,0.043367743492126465,3
cold,stiff,1.89697265625,-0.07192890346050262,3
cold,undemonstrative,0.6377410888671875,0.027893543243408203,3
cold,useless,-1.294921875,-0.11279617249965668,3
collectivism,individualism,2.326171875,-0.15734106302261353,3
college,private,5.6845703125,0.18594735860824585,3
college,pro,1.2890625,0.7728099226951599,3
colleges,things,-0.3542022705078125,0.4006735682487488,3
coloring,drawing,1.533203125,-0.025286950170993805,3
come,come,-0.865234375,-0.10745793581008911,3
come,dine,-1.359375,-0.07726429402828217,3
come,hurry,-1.365234375,0.25166061520576477,3
come,take,0.96771240234375,-0.1060873344540596,3
come,watch,-1.939208984375,0.11861979961395264,3
come,went,0.544921875,-0.25692784786224365,3
commitment,love,-0.981689453125,-0.12747366726398468,3
committing,disciplining,-0.146484375,-0.20841436088085175,3
communication,trade,-3.358154296875,0.3788383901119232,3
companies,regiments,-4.6414794921875,0.08131282031536102,3
conducting,finish,1.12060546875,-0.31820639967918396,3
congressional,public,1.11328125,0.3290609121322632,3
consent,order,1.86962890625,-0.08506274223327637,3
constrained,mysterious,-0.060546875,0.17920243740081787,3
constrained,silent,-5.3816070556640625,-0.09852980822324753,3
cookie,napkin,-0.874755859375,0.16399288177490234,3
cooking,pottery,1.21136474609375,0.13384979963302612,3
cooking,residential,-1.2861328125,0.2920626997947693,3
coronation,inauguration,-5.065673828125,0.13958191871643066,3
courteous,friendly,4.53851318359375,-0.24717892706394196,3
cowardice,meanness,-1.47943115234375,-0.3406037390232086,3
cowardly,slurring,1.818115234375,-0.2889041304588318,3
crew,passengers,3.8454322814941406,-0.2130926549434662,3
critics,curators,-3.734375,0.28216683864593506,3
critics,public,-3.9892578125,0.4716731905937195,3
croaks,pneumonia,-1.62255859375,0.3134726285934448,3
crowded,noisy,1.482421875,0.1765815019607544,3
crypts,muslins,2.7977294921875,0.15133163332939148,3
cunning,different,3.56585693359375,0.7584298849105835,3
cunning,ready,3.29052734375,0.42588871717453003,3
cunning,unscrupulous,1.7578125,0.4920922517776489,3
currencies,problems,3.20703125,0.5608687996864319,3
curses,howls,0.947265625,0.04007069766521454,3
curses,threats,-0.775390625,0.24752277135849,3
daintiness,softness,-3.4134521484375,0.026747912168502808,3
dallied,dallied,0.978515625,-0.1048649325966835,3
dampish,lonesome,-2.627685546875,0.20647075772285461,3
dates,eras,-1.448974609375,0.14759209752082825,3
dates,numbers,-2.673828125,-0.0030083954334259033,3
dates,things,-1.869140625,0.09554409980773926,3
dates,time,-0.4384117126464844,0.13058727979660034,3
daycare,experiences,-0.767578125,0.1884590983390808,3
dead,decaying,-0.6689453125,-0.09233042597770691,3
dead,stiff,1.5068359375,-0.158090740442276,3
dead,useless,-0.3515625,-0.1534115970134735,3
deed,thought,4.383544921875,0.007317401468753815,3
delightfully,truthfully,-4.60546875,0.01265600323677063,3
delivery,style,-7.591796875,-0.23633259534835815,3
desire,hope,-5.91015625,-0.13025370240211487,3
desire,love,-0.77734375,-0.29495981335639954,3
diesel,gasoline,3.5108642578125,0.3883216083049774,3
different,imaginative,0.3984375,0.004188433289527893,3
dimmer,dimmer,0.3740234375,0.33435502648353577,3
diplomatic,trade,-1.658203125,0.028070904314517975,3
dirtier,dirtier,0.0400390625,0.29294300079345703,3
discomfort,stress,-0.19635009765625,0.05824540555477142,3
discontentedly,idly,-0.4921875,0.07339271903038025,3
discotheques,things,3.318359375,0.22752028703689575,3
disease,fasting,1.853515625,-0.07210314273834229,3
disease,stress,3.154052734375,-0.3515940308570862,3
disease,suffering,-4.2138671875,-0.26704245805740356,3
disease,wars,-4.5498046875,-0.2728213369846344,3
dishes,pots,1.08544921875,0.1690918207168579,3
displaced,uprooted,-0.767578125,0.42502421140670776,3
disturbances,wars,3.3072509765625,0.11894573271274567,3
dodge,kick,4.3359375,0.01690787822008133,3
dotingly,fondly,1.268218994140625,-0.01107168197631836,3
dresses,hose,2.67919921875,-0.3918866813182831,3
drier,warmer,4.61322021484375,0.24567663669586182,3
drowsier,drowsier,3.35546875,0.1763480305671692,3
drunk,drunk,-0.55859375,-0.11166326701641083,3
drunk,loaded,0.376953125,-0.1256042718887329,3
drunk,merry,0.5906620025634766,-0.16451546549797058,3
duties,pleasures,4.4007568359375,-0.13092239201068878,3
duties,quotas,0.90472412109375,0.09014922380447388,3
duties,tariffs,-0.82861328125,0.03873524069786072,3
duty,family,-3.7822265625,-0.20470058917999268,3
duty,inclination,4.14453125,0.0184650719165802,3
duty,love,5.899951934814453,-0.3210490942001343,3
eagerly,quickly,1.4970703125,-0.11280225962400436,3
earth,sods,0.05572509765625,0.133596271276474,3
edibles,fruit,3.81787109375,0.2982425093650818,3
ejaculation,orgasm,-1.25,-0.0043690502643585205,3
elaborate,gay,5.6552734375,-0.03508089482784271,3
elegancies,luxuries,1.736328125,0.09776376187801361,3
embarrassing,inconvenient,-1.1070556640625,0.17492151260375977,3
emergencies,wars,-1.5906982421875,0.2847104072570801,3
employment,income,-0.529296875,-0.01732376217842102,3
employment,industrial,0.83013916015625,0.14831963181495667,3
enthusiastically,quickly,-1.504150390625,-0.1096993163228035,3
evenly,quickly,1.3046875,-0.12264925986528397,3
evidently,slowly,-2.9365234375,-0.12218493223190308,3
execrable,unclean,3.62109375,-0.006903320550918579,3
executions,trials,-4.513671875,-0.07847835123538971,3
explorer,martyr,-0.96270751953125,0.490059494972229,3
extended,reworked,-3.87652587890625,-0.2066998928785324,3
extreme,rapid,-3.322265625,0.06531958281993866,3
faded,shabby,-4.19921875,-0.08436116576194763,3
family,inheritance,1.040283203125,0.4449980854988098,3
family,love,2.8828125,-0.13314110040664673,3
family,tribal,-1.68450927734375,0.17871785163879395,3
farmers,ranchers,3.337890625,0.4061442017555237,3
fat,protein,-2.1800537109375,0.11148163676261902,3
fatal,mysterious,1.91436767578125,-0.041964638978242874,3
fatal,sinister,0.1640625,0.09729668498039246,3
feminine,masculine,1.087799072265625,0.06633289158344269,3
fertility,love,1.265869140625,-0.07378022372722626,3
fiercer,other,3.801067352294922,0.08764290809631348,3
finish,start,2.14697265625,-0.17655861377716064,3
finished,released,1.35693359375,-0.5217281579971313,3
first,goal,0.0,0.03792588412761688,3
first,ground,1.14312744140625,-0.16986870765686035,3
first,largest,2.5037841796875,-0.2501547336578369,3
first,notable,-1.4248046875,-0.26944777369499207,3
first,original,3.9840087890625,-0.5736020803451538,3
first,second,-3.7276611328125,-0.19113588333129883,3
first,sixth,-3.5463409423828125,-0.13577967882156372,3
fixed,known,-1.0078125,-0.2536320090293884,3
fixed,running,-2.12109375,0.011671409010887146,3
fixed,steady,-0.583984375,0.023301944136619568,3
fixed,variable,-0.527587890625,0.29307588934898376,3
flemish,german,-1.19317626953125,-0.04937077313661575,3
flips,things,2.9550628662109375,-0.18268175423145294,3
flooded,lifeless,-0.68408203125,0.14509987831115723,3
foam,paper,-3.530548095703125,0.06889364123344421,3
fondly,foolishly,0.37890625,-0.1661011278629303,3
foolishness,inaccuracy,-0.5389022827148438,0.08035749197006226,3
footsteps,voices,1.905517578125,-0.08395805954933167,3
footsteps,whistling,-1.078125,0.03095918893814087,3
formulae,things,1.2109375,0.22299933433532715,3
fossils,lithologies,2.94921875,0.16063523292541504,3
fossils,minerals,-3.34375,0.05876082181930542,3
fours,threes,0.2490234375,0.1568540632724762,3
friendly,frolicsome,-0.0283203125,0.4828798174858093,3
friendly,sympathetic,-2.62005615234375,0.48860496282577515,3
frolicsome,gay,-1.2333984375,0.009399153292179108,3
fruit,sherbets,0.12109375,0.08227336406707764,3
fruit,suet,-2.91796875,0.15525344014167786,3
further,further,5.0546875,-0.01015542447566986,3
fussing,grizzling,5.207711219787598,-0.0004800036549568176,3
gasoline,time,1.28076171875,-0.03791549801826477,3
gasps,sundry,4.087890625,0.14787805080413818,3
gay,merry,3.958984375,-0.011129029095172882,3
gay,useless,0.50970458984375,-0.08423864841461182,3
gayer,gayer,-1.780517578125,0.12086175382137299,3
given,taken,2.208984375,-0.25866788625717163,3
gladly,quickly,-1.474609375,-0.16376204788684845,3
glands,vessels,0.25323486328125,-0.21873897314071655,3
golder,phillipson,1.529296875,0.18205982446670532,3
goodness,love,-1.16796875,-0.29484814405441284,3
goodness,sincerity,-0.994140625,0.1328311264514923,3
gracious,ready,-3.025390625,0.1023024469614029,3
grand,lofty,-2.9814453125,0.07774651050567627,3
grand,useful,-0.77587890625,-0.12450835853815079,3
grandest,happiest,4.05126953125,0.15021492540836334,3
grimaces,speaks,9.206298828125,0.0735354870557785,3
haltingly,slowly,0.153564453125,0.1248672604560852,3
handbags,jewelry,2.5615234375,0.0552215576171875,3
hands,heels,0.15087890625,-0.16287294030189514,3
hanged,quartered,-3.580078125,-0.4121500253677368,3
hanged,taken,-0.03521728515625,-0.5072811841964722,3
hardware,software,3.09088134765625,-0.04544498026371002,3
hasty,indifferent,-2.49609375,0.2669788897037506,3
heavier,heavier,1.013671875,-0.016796573996543884,3
heavier,longer,4.484375,0.14710164070129395,3
heavier,second,3.46356201171875,-0.18562713265419006,3
hibernation,reproduction,0.16015625,-0.06500264257192612,3
hissed,sputtered,2.270751953125,0.0599779337644577,3
homesick,lonesome,-0.013671875,0.4012157917022705,3
honey,succotash,-1.1707000732421875,0.5257117748260498,3
honorable,useful,-3.189453125,-0.015501484274864197,3
hope,love,-5.14990234375,-0.33112120628356934,3
hope,pride,1.123046875,-0.1767115443944931,3
hope,watch,0.187744140625,-0.3523971736431122,3
horses,oxen,0.3837890625,0.6866808533668518,3
horses,riders,0.3865966796875,0.04510125517845154,3
horses,sheep,-3.94921875,-0.07959625124931335,3
horses,waggons,-6.1114501953125,0.4610896706581116,3
human,saurian,-2.43359375,0.10845538973808289,3
hurry,preparation,1.9521484375,0.48110508918762207,3
husband,husband,-1.11279296875,-0.2851167917251587,3
ideas,oratory,-3.022796630859375,0.07431890070438385,3
ideas,things,-2.8038330078125,0.007508784532546997,3
improper,odors,4.34619140625,-0.0402810201048851,3
inclination,time,-2.15625,-0.06750494241714478,3
incredulously,slowly,-0.8597412109375,0.049391478300094604,3
indifferently,lazily,-2.134765625,0.08437824249267578,3
individually,slowly,0.990234375,0.10012190043926239,3
industrial,port,-0.775634765625,-0.23113004863262177,3
industrial,residential,-7.16845703125,0.17160886526107788,3
industrial,sectional,0.20703125,-0.15336528420448303,3
industrial,tourist,-3.101318359375,-0.17894889414310455,3
industrial,trade,1.35009765625,-0.07981704920530319,3
ingredients,sauces,1.365234375,0.11111171543598175,3
ingredients,time,-7.3876953125,-0.03969098627567291,3
inscrutable,silent,-1.046875,-0.12728574872016907,3
intense,laborious,-1.02197265625,0.1189117431640625,3
intense,passionate,-4.9931640625,0.037564799189567566,3
intense,thrilling,2.20703125,0.02486284077167511,3
invisible,silent,-2.3231277465820312,-0.11553528904914856,3
island,town,1.8388671875,0.05531224608421326,3
islands,jungles,-1.34375,0.4623194932937622,3
joys,tears,0.140625,-0.39866551756858826,3
kick,plunge,-0.6238994598388672,-0.12342075258493423,3
kindergarten,kindergarten,-0.2529296875,0.1327207088470459,3
lame,stiff,-2.5703125,0.06610395014286041,3
lame,useless,1.15985107421875,0.05084806680679321,3
languages,learning,0.05859375,-0.2629987299442291,3
languages,scriptures,0.00390625,-0.07784678041934967,3
largest,newest,3.8460540771484375,0.01169537752866745,3
law,order,-1.1416015625,0.045252054929733276,3
learning,love,1.849853515625,-0.18489006161689758,3
legend,story,0.0181884765625,0.258527010679245,3
legislation,trade,4.9951171875,0.17433345317840576,3
less,less,2.44921875,-0.11165198683738708,3
loaded,ready,0.189453125,0.04726982116699219,3
lofty,splendid,0.05078125,0.0005371719598770142,3
longer,longer,1.54486083984375,0.08024051785469055,3
looking,looking,2.4320640563964844,0.3450961410999298,3
love,pride,-3.228515625,-0.27722325921058655,3
love,sincerity,0.505859375,0.05980658531188965,3
love,sympathy,-4.69073486328125,0.07813112437725067,3
love,tears,1.39453125,-0.3399994671344757,3
lumpier,lumpier,-1.703125,0.04203113913536072,3
lustily,together,-0.54144287109375,-0.016616202890872955,3
mail,passengers,0.009765625,0.05822855234146118,3
manufacturing,trade,-0.916015625,0.08482782542705536,3
many,many,-3.328125,-0.023865893483161926,3
merry,thriving,-2.712890625,0.00727013498544693,3
minerals,protein,-0.8984375,0.4952142834663391,3
miscellaneous,sundry,0.2802734375,0.044819727540016174,3
moans,pants,-3.7261962890625,0.24727874994277954,3
moans,tears,-0.5703125,-0.2563268542289734,3
motor,perceptional,1.294921875,0.7579242587089539,3
mudpuppies,olms,0.0263671875,0.25166988372802734,3
mysterious,obsessive,-5.40234375,-0.19826039671897888,3
nets,nets,1.4063568115234375,-0.30395522713661194,3
nets,rubbish,-0.15234375,0.2028680443763733,3
numbers,numbers,-3.4296875,-0.022407308220863342,3
numbers,symbols,-0.77734375,-0.006236143410205841,3
nursing,residential,-2.59912109375,0.2622511088848114,3
oaths,threats,-2.044221878051758,0.01743488758802414,3
observant,steady,2.67193603515625,0.10434693098068237,3
occidental,suggestion,2.1928634643554688,-0.040829069912433624,3
online,ready,4.9228515625,0.08230596780776978,3
opportunities,threats,-0.28515625,-0.044660694897174835,3
oppressions,wars,-2.38525390625,-0.00894530862569809,3
original,shocking,-3.2489013671875,0.2943689227104187,3
original,simultaneous,-2.716796875,0.3089824616909027,3
overwork,pneumonia,1.173980712890625,0.40440142154693604,3
overwork,underfeeding,-1.072265625,0.25370514392852783,3
oxen,sheep,0.65576171875,-0.09527470171451569,3
packages,parcels,5.44970703125,0.11638584733009338,3
packages,suitcases,3.46185302734375,-0.04132968932390213,3
pages,pages,1.6119232177734375,-0.2443300187587738,3
pants,shirts,-0.982421875,-0.46479925513267517,3
pants,vocalizes,-1.630859375,-0.5678184032440186,3
paper,points,2.50390625,0.1556331068277359,3
paper,pulp,4.3583984375,0.6862261891365051,3
paper,puzzle,-0.066162109375,0.22509554028511047,3
paper,rubbish,-2.254364013671875,0.32158249616622925,3
paper,things,-1.138671875,0.3157767653465271,3
parish,public,0.369140625,0.982610285282135,3
peas,strawberries,2.81640625,0.46840184926986694,3
peeping,spying,-0.75616455078125,0.050507426261901855,3
perilous,uncertain,-2.15869140625,-0.07355233281850815,3
persecution,suffering,-1.55828857421875,-0.033320583403110504,3
persevering,plodding,0.765625,0.10479605197906494,3
persons,things,-1.052734375,-0.5192923545837402,3
picture,story,-0.103515625,0.15748882293701172,3
piles,piles,-1.74609375,-0.01452009379863739,3
poorer,poorer,-1.10906982421875,0.03402659296989441,3
pots,pots,-1.4306640625,0.24395176768302917,3
pottery,statues,-0.0234375,-0.012959904968738556,3
powder,rifles,-0.657470703125,-0.23069113492965698,3
prayed,prayed,-0.22265625,-0.2500685453414917,3
preparation,study,-1.0322265625,0.1292257308959961,3
preparation,thought,-1.654296875,-0.05563335120677948,3
pretend,pretend,-1.5166015625,-0.4312237501144409,3
pride,prime,1.5749359130859375,-0.3251574635505676,3
pride,risk,-5.0616455078125,-0.32261478900909424,3
pride,vanity,-2.2569580078125,-0.040156468749046326,3
private,public,1.802734375,0.5874167084693909,3
private,retail,-3.345458984375,0.11610022187232971,3
private,state,0.12646484375,-0.060618676245212555,3
private,tribal,2.53515625,0.1206827461719513,3
problems,valium,3.708984375,0.35409486293792725,3
problems,worries,0.3662109375,0.26362746953964233,3
public,state,11.919921875,0.13450966775417328,3
public,wooden,0.1279296875,0.11455544829368591,3
put,take,-1.654296875,-0.2828368544578552,3
put,went,-3.19677734375,-0.508788526058197,3
quality,quantity,1.1049976348876953,0.4974280595779419,3
quicker,quicker,0.8466796875,-0.169528529047966,3
quickly,sharply,5.54541015625,-0.012597762048244476,3
quickly,slowly,1.466796875,-0.011670559644699097,3
quickly,wisely,-1.4052734375,0.02812328189611435,3
quotas,tariffs,0.447265625,0.16889667510986328,3
rain,snow,-4.28485107421875,0.20150849223136902,3
rain,tears,-1.3447265625,-0.48078927397727966,3
rallies,talks,-3.7431640625,0.3339585065841675,3
ran,ran,-3.448486328125,-0.002173379063606262,3
ready,silent,-2.59442138671875,-0.033335283398628235,3
ready,steady,2.021484375,-0.03617749363183975,3
ready,willing,2.66497802734375,-0.050782494246959686,3
really,really,0.696044921875,0.03254789113998413,3
really,truthfully,-1.077880859375,-0.07506507635116577,3
rebellions,wars,-3.107421875,0.5404915809631348,3
rebo,things,1.023193359375,0.591703474521637,3
rented,went,1.2081298828125,-0.39395421743392944,3
repossessions,restrictions,-1.75390625,-0.12406833469867706,3
residential,retail,-2.515625,0.09103301167488098,3
respectful,sympathetic,-0.30052947998046875,0.004180453717708588,3
rested,visited,-0.6910400390625,-0.12690222263336182,3
retail,trade,-5.268580436706543,0.11181782186031342,3
returned,taken,-1.49072265625,-0.21553325653076172,3
rifles,shotguns,0.06787872314453125,-0.11477199196815491,3
risk,uncertainty,-1.580078125,-0.19610561430454254,3
roadways,sidewalks,-2.50445556640625,0.6144086122512817,3
romp,roughhouse,2.577362060546875,0.07571204006671906,3
ruined,uninhabited,0.2791748046875,0.04314693808555603,3
rung,rung,2.8984375,0.02827993780374527,3
running,running,0.59375,0.12797412276268005,3
running,stress,-0.280426025390625,0.19443124532699585,3
salted,smoked,1.6162109375,-0.23073717951774597,3
satellites,spacecraft,1.015625,0.3194468021392822,3
scarcer,scarcer,-1.54296875,0.09178411960601807,3
scarves,turtlenecks,0.353515625,0.23560163378715515,3
schema,subschema,10.728515625,0.28174057602882385,3
searchingly,slowly,-3.164642333984375,0.2967289686203003,3
serials,series,1.5859375,0.31110864877700806,3
series,shows,-4.376953125,-0.005010150372982025,3
share,share,2.064453125,-0.18674874305725098,3
shoplifting,things,-1.791015625,0.43609029054641724,3
shows,things,-1.107421875,0.21338436007499695,3
shudder,tremble,5.07421875,0.021249845623970032,3
silent,stiff,-0.7828369140625,0.055037498474121094,3
silent,tearful,2.25830078125,-0.11031830310821533,3
sincere,thorough,-0.6309814453125,0.13591794669628143,3
skinnier,skinnier,-1.2822265625,-0.03249543905258179,3
skis,things,-0.49853515625,-0.06494900584220886,3
sleeping,sleeping,-1.322021484375,0.3307192325592041,3
slowly,unconsciously,1.05859375,-0.07378227263689041,3
slows,tires,-0.35546875,0.042090192437171936,3
somehow,somewhere,-1.453857421875,-0.08685371279716492,3
sophistication,style,2.869140625,-0.1837533414363861,3
speaks,turns,-2.033203125,-0.14822711050510406,3
sponsor,witness,-1.447265625,0.21722185611724854,3
springs,tension,-0.21826171875,0.04280221462249756,3
stalkier,stalkier,-1.443359375,0.04847843945026398,3
stamps,turns,3.4183349609375,-0.1985107958316803,3
start,tremble,-1.778564453125,0.16119879484176636,3
statues,things,5.9954833984375,0.03635869920253754,3
steady,stiff,0.1025390625,-0.1519959568977356,3
stiller,stiller,1.33203125,0.0968722403049469,3
stress,tension,1.083984375,-0.23195044696331024,3
study,thought,-4.12530517578125,0.0731503963470459,3
subtle,wondrous,-0.281005859375,0.14000555872917175,3
suffering,time,1.81640625,-0.19789135456085205,3
surrounded,taken,4.297607421875,-0.24527572095394135,3
suspense,uncertainty,5.98779296875,-0.07826568186283112,3
sweeps,talks,-1.50390625,0.08864712715148926,3
talkative,thoughtless,-2.279541015625,-0.06304614990949631,3
talks,talks,-1.5771484375,0.359699010848999,3
talks,turns,2.22998046875,-0.006221972405910492,3
tap,tap,0.448760986328125,-0.3169468641281128,3
territory,trade,1.383056640625,0.43903082609176636,3
things,things,-2.935546875,-0.025957226753234863,3
things,tires,-0.8515625,0.15087392926216125,3
thought,thought,-3.25,-0.3902658522129059,3
thought,time,1.818359375,-0.11735560745000839,3
time,time,2.890625,0.026385143399238586,3
time,ways,1.314453125,-0.3817603886127472,3
useful,willing,1.13922119140625,-0.12755022943019867,3
vanquished,victor,-0.19297027587890625,0.11221317946910858,3
vanquished,victors,0.61328125,-0.13833370804786682,3
voices,whistling,5.00390625,0.03908859193325043,3
warmer,warmer,0.4989013671875,0.18036720156669617,3
watch,watch,-2.440673828125,0.15068146586418152,3
weaker,weaker,-2.4453125,0.23664715886116028,3
went,went,0.201171875,-0.2812348008155823,3
wilder,wilder,-2.4580078125,0.057986050844192505,3
absence,substitution,-6.166015625,0.20499342679977417,4
absorbing,long,-0.2841796875,0.21914061903953552,4
acceleration,velocity,-3.51611328125,-0.10418707132339478,4
acquisition,opening,1.076416015625,-0.1741916537284851,4
act,looks,-1.384765625,0.14076249301433563,4
act,snort,-0.1013641357421875,0.1933581829071045,4
admission,listing,2.92022705078125,-0.05525669455528259,4
advantage,profit,2.1019821166992188,0.39198553562164307,4
agencies,officers,1.1484375,-0.366939514875412,4
alasia,gabrielle,-1.466796875,-0.49396800994873047,4
alms,largesse,-7.3074951171875,-0.0739956945180893,4
amazement,inquiry,1.27734375,0.2111038714647293,4
american,canadian,-1.4700927734375,-0.2519811689853668,4
american,confederate,-0.0791015625,0.06684120744466782,4
american,foreign,2.14599609375,-0.20037439465522766,4
american,french,-0.765625,-0.27910560369491577,4
american,irish,1.7861328125,-0.16951236128807068,4
anemone,roses,0.31640625,-0.08156760036945343,4
angle,distance,-4.216796875,0.031503163278102875,4
angrily,loudly,-0.275421142578125,-0.16317516565322876,4
answered,considered,1.0550537109375,0.5556358098983765,4
anxiously,long,5.3368682861328125,0.08937343955039978,4
apparel,implements,-1.4345703125,-0.24244403839111328,4
apparel,money,-0.958984375,-0.43738335371017456,4
appetizing,nourishing,-1.6201171875,-0.1516968011856079,4
architecture,ceremonies,0.0,0.2914960980415344,4
architecture,skyscrapers,-2.359375,0.23699147999286652,4
architecture,workmanship,3.79541015625,-0.18297043442726135,4
architecture,works,-0.400390625,0.07836253941059113,4
arduously,long,-0.3871612548828125,0.03136804699897766,4
artistic,general,-3.6328125,-0.04786558449268341,4
artistic,international,3.0432586669921875,-0.28068193793296814,4
artistic,social,3.6337890625,0.004605278372764587,4
artistic,technical,-0.2542724609375,-0.13111788034439087,4
ashamed,enraged,-4.1422119140625,-0.0060755908489227295,4
ashamed,white,-3.799530029296875,0.0528939813375473,4
asking,asking,1.6569290161132812,0.1900545060634613,4
atmospheric,solar,4.85205078125,0.16676554083824158,4
authority,caution,-6.587890625,0.023233667016029358,4
authority,responsibility,-2.8218765258789062,-0.03683406114578247,4
back,back,-7.267181396484375,-0.29288554191589355,4
back,electrical,1.4326171875,0.01305989921092987,4
back,everyth,-1.4111328125,-0.0733075737953186,4
back,open,-1.64990234375,-0.268327534198761,4
back,out,-1.044921875,-0.004856988787651062,4
back,upper,-4.0322265625,0.49884486198425293,4
back,work,-2.41162109375,0.0004756450653076172,4
backup,medical,0.94989013671875,0.23595482110977173,4
bamboo,rice,1.515625,0.34439921379089355,4
banana,lavender,-1.46484375,-0.14331302046775818,4
banana,rice,-0.2890625,-0.1118701696395874,4
barracks,warehouses,-0.079345703125,0.03205620497465134,4
bass,piano,0.4180908203125,0.04245820641517639,4
battle,host,0.7109375,0.21563275158405304,4
battle,work,2.33203125,-0.1916695535182953,4
beaten,bruised,-2.219970703125,0.20255234837532043,4
beaten,dispersed,-2.341796875,-0.16121402382850647,4
beaten,stabbed,-1.442626953125,-0.16415873169898987,4
bedevilment,confusion,1.8665771484375,0.19679000973701477,4
bees,beetles,-1.2100143432617188,-0.049837589263916016,4
bees,lindens,-0.7998046875,-0.133389413356781,4
beetles,rats,-2.43359375,-0.1838892102241516,4
behavior,habitats,3.4046630859375,0.07391712069511414,4
behavior,neurogenesis,4.84295654296875,0.026242442429065704,4
behavior,size,-2.517578125,-0.12008929252624512,4
behind,behind,1.38671875,-0.1495499312877655,4
bellow,hook,-0.94921875,-0.0025275498628616333,4
beloved,dear,0.671875,0.025182925164699554,4
beloved,loving,0.63623046875,-0.36133742332458496,4
bigger,bigger,-3.5146484375,0.31222230195999146,4
bigger,faster,-0.73388671875,0.5669693350791931,4
bigger,newer,-0.3421630859375,0.10336368530988693,4
bigger,prettier,1.31201171875,0.026139527559280396,4
bison,cattle,-4.97900390625,0.15219491720199585,4
bison,hybrids,-4.974609375,0.15530100464820862,4
bleeding,bruised,1.744140625,0.4005809724330902,4
blessed,dear,0.0,0.35057321190834045,4
block,ring,-2.1640625,0.13675284385681152,4
blow,blow,-1.2138671875,0.25298893451690674,4
blow,bluster,7.720703125,-0.012294024229049683,4
blow,howl,1.4384765625,0.12593625485897064,4
blues,whites,-2.211090087890625,-0.17369893193244934,4
bolder,bolder,6.684814453125,-0.06486502289772034,4
bouncing,bumping,-0.1160125732421875,0.5371683835983276,4
bowl,drinks,2.140625,0.036806508898735046,4
breathe,surface,0.0,-0.004125833511352539,4
brethren,trust,-2.810546875,-0.14927491545677185,4
brie,butter,-1.71484375,0.1112433671951294,4
bright,cheerful,-0.912109375,0.0036960095167160034,4
bright,fair,0.4814453125,-0.2900141477584839,4
bright,glorious,-4.9013671875,0.12439830601215363,4
bright,joyous,-0.27490234375,0.19794565439224243,4
bright,keen,2.326171875,0.0015068650245666504,4
bright,peaceful,3.345703125,-0.04484698176383972,4
bright,pure,-1.47265625,0.06234803795814514,4
bright,smiling,-2.339111328125,-0.3257179260253906,4
bright,snapping,0.55078125,0.23571255803108215,4
bright,still,-1.5078125,0.2888607084751129,4
bright,white,-0.187042236328125,0.08943063020706177,4
brightness,size,-2.1219482421875,0.0958583876490593,4
brooches,goblets,0.560546875,-0.0012455284595489502,4
browned,healthy,1.01025390625,0.06376631557941437,4
bruised,jarred,-2.14453125,-0.01229482889175415,4
bucks,saws,-2.396754264831543,-0.0172908753156662,4
building,building,-1.0756454467773438,-0.001413300633430481,4
building,development,5.6337890625,0.14291509985923767,4
buses,trams,-1.077880859375,-0.09049800038337708,4
butter,experience,1.337890625,-0.17288878560066223,4
butter,jam,-0.513671875,-0.4197561740875244,4
cakes,candies,0.8837890625,-0.18740740418434143,4
cakes,doughnuts,0.1647491455078125,0.020525850355625153,4
cakes,pastries,0.435546875,-0.1300610899925232,4
camps,cottages,2.53125,-0.09241706132888794,4
canadian,french,-1.986328125,-0.23574191331863403,4
canadian,international,-0.90789794921875,-0.37832897901535034,4
careful,long,0.548828125,0.2926083505153656,4
catalogs,essays,1.4453125,-0.08496199548244476,4
cattle,farms,2.633056640625,0.4950377941131592,4
caution,delay,-2.3515625,0.388184130191803,4
caution,experience,-3.896484375,0.08333839476108551,4
caution,mystery,1.169921875,0.06521200388669968,4
celebrity,related,-1.1640625,0.11109450459480286,4
changeability,conformity,0.7919921875,-0.007944643497467041,4
changed,changed,0.013427734375,0.07829215377569199,4
charisma,money,0.391143798828125,-0.3676385283470154,4
cheerful,cozy,0.591796875,-0.0887659341096878,4
cheerful,smiling,3.06793212890625,-0.27922213077545166,4
cheerful,surprised,4.142578125,-0.06097942590713501,4
chives,onion,1.1328125,0.11744755506515503,4
choicer,prettier,1.416015625,-0.3622778058052063,4
church,work,-1.43359375,0.04194919019937515,4
ciliates,radiolaria,-2.60546875,0.31363651156425476,4
clay,lead,4.326171875,0.43470683693885803,4
clay,logs,-0.4246826171875,0.21146370470523834,4
cleared,lined,-0.1183319091796875,0.007114320993423462,4
cliffs,gorges,-5.0037841796875,0.21027135848999023,4
cliffs,hillsides,-3.346923828125,-0.0762014389038086,4
cliffs,riverbanks,1.705078125,0.1128799319267273,4
clods,clumps,0.599609375,0.14382725954055786,4
closing,opening,-0.4073486328125,-0.12018737196922302,4
collapsed,melted,-0.05303955078125,0.12394167482852936,4
colors,forms,3.7064208984375,-0.009843260049819946,4
colors,patterns,4.3984375,0.04767771065235138,4
community,voluntary,-0.638671875,0.1569254994392395,4
concerted,concurrent,-5.759765625,0.013635799288749695,4
condemnation,sentence,-4.105558395385742,-0.2280537486076355,4
confusion,misinformation,2.48199462890625,-0.04358619451522827,4
confusion,panic,-1.9140625,0.09187579900026321,4
confusion,rumors,-1.5625,0.033443816006183624,4
considered,rejected,-2.9443359375,-0.2161993384361267,4
considered,still,-2.025390625,0.33352285623550415,4
conspiracy,forgery,1.1640625,-0.1469568908214569,4
constant,loud,-2.9453125,0.12767311930656433,4
constant,perishable,0.33984375,-0.07673658430576324,4
continental,french,1.81298828125,-0.05515694618225098,4
copyrights,rights,-1.3651618957519531,-0.20328885316848755,4
corruption,cultism,-2.3046875,0.1652720868587494,4
cottages,houses,-4.59375,-0.16117367148399353,4
country,kinship,1.0810546875,0.20181497931480408,4
country,royalty,-2.97265625,0.2266310751438141,4
crackers,fudges,-4.1337890625,0.01939442753791809,4
crackers,jam,2.8621826171875,-0.20930227637290955,4
cranes,warehouses,-2.21685791015625,-0.19651037454605103,4
creaks,squelches,-0.79046630859375,-0.10658293962478638,4
criticize,denounce,-1.7735595703125,0.27520033717155457,4
cross,disagreeable,0.94873046875,0.10830934345722198,4
cross,discontented,-1.76025390625,0.3757675588130951,4
cross,fussy,1.70703125,0.13939940929412842,4
cross,unkind,1.03173828125,0.16292741894721985,4
crowbars,picks,-0.89208984375,-0.05013446509838104,4
curled,curled,-2.3642578125,-0.08966563642024994,4
cytosine,thymine,-3.1943359375,0.030911140143871307,4
damp,keen,-0.3946533203125,-0.0372341126203537,4
damp,loathsome,-0.236328125,0.02200065553188324,4
damp,long,2.5257568359375,0.08406653255224228,4
damp,thin,-1.474609375,-0.011829465627670288,4
damp,unwholesome,2.1184539794921875,-0.04061414301395416,4
dance,music,1.1875,0.1076437383890152,4
daring,heroic,4.46484375,0.4131262004375458,4
daring,lateral,-15.693359375,-0.11951565742492676,4
daring,marvellous,-1.1259765625,0.22959551215171814,4
daring,own,5.88134765625,0.2775014638900757,4
deafening,long,-2.7900390625,0.07579044252634048,4
dear,long,-1.575927734375,-0.01605972647666931,4
dear,loving,-3.1767578125,-0.16343581676483154,4
dear,thoughtful,-3.106536865234375,-0.12513479590415955,4
decorations,flags,-0.01708984375,-0.19609415531158447,4
decorations,jewels,4.243408203125,-0.15784630179405212,4
decorations,tints,3.15478515625,-0.07485140860080719,4
delighted,flustered,0.746917724609375,0.3308359384536743,4
delighted,smiling,-0.5915069580078125,-0.1983095109462738,4
delighted,surprised,-1.51171875,0.023969173431396484,4
denounce,preach,0.8192138671875,0.202131986618042,4
detonators,fuses,4.89306640625,-0.0707114040851593,4
development,production,0.0859375,0.26220235228538513,4
development,testing,-0.7578125,0.42883023619651794,4
diagrams,illustrations,-4.22265625,0.10193724930286407,4
dimpled,white,-2.021484375,-0.027364656329154968,4
dismally,long,0.427734375,-0.033845990896224976,4
distance,size,0.8984375,0.36086148023605347,4
distance,terrain,-0.44140625,0.5272681713104248,4
distinctly,loud,3.7811279296875,0.2064378261566162,4
distinctly,loudly,-0.955078125,0.03110816329717636,4
dizzy,nauseated,2.5107421875,-0.27875590324401855,4
drastic,long,5.94140625,0.05822835862636566,4
drinks,eats,-1.7440567016601562,-0.20751959085464478,4
drinks,laughs,-1.17822265625,-0.0018321573734283447,4
dropped,sunk,-1.78125,0.20292086899280548,4
ducks,pelicans,0.05615234375,0.451566606760025,4
dull,long,-0.46875,0.06490667164325714,4
dull,simple,0.5417423248291016,0.11250279098749161,4
dull,spiritless,0.81640625,0.1694982647895813,4
dwellings,shops,-0.75775146484375,-0.13397589325904846,4
dysentery,famine,0.611328125,0.16445419192314148,4
ecological,molecular,-5.5322265625,0.7342572212219238,4
educated,scientific,-1.605712890625,0.26857423782348633,4
egotistical,unrefined,-3.08203125,0.006943657994270325,4
endangered,endemic,2.79443359375,0.0783170759677887,4
endure,work,-1.521270751953125,-0.10027213394641876,4
energy,fire,-0.48046875,-0.15474623441696167,4
energy,stamina,0.76171875,-0.17474257946014404,4
energy,valour,0.3837432861328125,-0.2601679861545563,4
engineer,managerial,-0.03125,-0.1415136158466339,4
entertainment,lodging,-0.19140625,0.08322016894817352,4
entertainment,music,2.630859375,-0.011511087417602539,4
entertainment,profit,2.43701171875,0.283200204372406,4
equality,freedom,6.751953125,-0.20390194654464722,4
ermine,scarlet,-0.701171875,-0.2918890714645386,4
evade,evade,1.4700927734375,-0.029326945543289185,4
everyday,simple,-3.537109375,0.0744297057390213,4
exclusive,significant,0.00469207763671875,0.24205127358436584,4
exits,returns,-1.4866943359375,0.07537544518709183,4
experience,observation,-3.4873046875,0.11953803896903992,4
experience,responsibility,-0.3624267578125,-0.03837546706199646,4
experiments,observations,-1.173828125,0.03200259804725647,4
fagged,flustered,-0.51220703125,0.13564416766166687,4
fair,frank,-3.2197265625,0.2966455817222595,4
fair,legible,-3.9423828125,0.7242196202278137,4
fair,peaceful,2.0,0.19009879231452942,4
fair,prosperous,-2.127197265625,0.3041175603866577,4
fair,pure,-5.931640625,0.32734084129333496,4
fair,still,0.94921875,0.6380933523178101,4
farms,houses,-1.35107421875,0.001329168677330017,4
faster,faster,-1.3486328125,0.5012903809547424,4
fatiguing,long,-1.833984375,0.2772582769393921,4
feverish,ill,-1.5325927734375,0.09885095804929733,4
fevers,malarias,-2.9951171875,-0.04129058122634888,4
film,film,-0.84912109375,0.024721093475818634,4
film,music,1.13818359375,-0.058097466826438904,4
finches,larks,1.244140625,0.27071601152420044,4
fire,lead,-0.16259765625,0.3413124680519104,4
fire,load,1.15478515625,0.06999383866786957,4
fire,tools,2.43536376953125,-0.015942752361297607,4
fixedly,long,-3.766021728515625,-0.03464825451374054,4
flags,music,0.0,0.05228392779827118,4
flash,loud,0.80267333984375,0.06498943269252777,4
fleecy,thin,-9.05615234375,0.25372233986854553,4
fleecy,white,-0.2392578125,0.16242484748363495,4
fly,fly,-0.5633544921875,0.25181844830513,4
foreign,international,-1.3056640625,-0.3642173409461975,4
foreign,tanned,1.5078125,-0.32963666319847107,4
foreign,ukrainian,0.24072265625,-0.43481922149658203,4
forgives,relents,0.678955078125,0.14431671798229218,4
frank,independent,1.859466552734375,-0.261028915643692,4
frank,offensive,-2.7109375,-0.20481330156326294,4
frank,open,-1.037109375,-0.5369907021522522,4
freedoms,rights,-0.23583984375,-0.27113014459609985,4
french,irish,-4.65625,0.07105152308940887,4
french,music,0.7890625,0.24477341771125793,4
freshman,sophomore,-0.4375,0.4412810802459717,4
friend,playfellow,0.40213775634765625,0.12841515243053436,4
furs,implements,-0.239013671875,0.08831019699573517,4
fuss,squeal,-1.994842529296875,-0.14756572246551514,4
fuss,stamp,-0.50872802734375,-0.07269501686096191,4
gaping,muttering,1.00537109375,0.19642168283462524,4
general,maddened,-0.81317138671875,0.02211165428161621,4
general,technical,2.970703125,0.010522693395614624,4
generations,generations,5.22265625,-0.015826404094696045,4
ghastly,long,-0.745361328125,0.3613225221633911,4
ghastly,unending,3.23974609375,0.25115787982940674,4
godless,violent,-0.64581298828125,-0.21259760856628418,4
grandma,grandpa,-2.0369491577148438,0.08739252388477325,4
guerilla,independent,0.32293701171875,-0.13003328442573547,4
gutturally,loudly,0.538330078125,-0.06845247745513916,4
hammering,hammering,1.9454612731933594,0.05954086780548096,4
hazelnut,raspberry,3.24609375,-0.11823883652687073,4
healthy,long,-0.2890625,0.10050441324710846,4
healthy,obedient,-0.163330078125,0.0026353001594543457,4
healthy,open,-6.423828125,0.126561239361763,4
healthy,prosperous,-3.723186492919922,0.14299239218235016,4
healthy,pure,-1.51416015625,0.09766282141208649,4
heart,joints,-0.58984375,0.09046656638383865,4
heart,renal,-0.6520919799804688,-0.2704453468322754,4
heartfelt,traditional,-0.333984375,0.1576661467552185,4
heartily,long,1.119140625,0.14705336093902588,4
hearty,loud,-3.005615234375,0.09732721745967865,4
hearty,loving,-2.5654296875,-0.1590784192085266,4
hedonism,utilitarianism,-3.18359375,-0.2878596782684326,4
helmsman,operator,-3.12890625,0.186843141913414,4
hoot,howl,-2.306640625,-0.08754792809486389,4
hop,squeal,-1.4826087951660156,0.31642088294029236,4
hopelessly,vaguely,1.517578125,-0.02219223976135254,4
hops,jumps,-7.232421875,0.4808777868747711,4
horns,strings,-5.616943359375,-0.06573277711868286,4
hoss,hoss,-2.1141357421875,0.28203803300857544,4
houses,houses,1.45703125,-0.27477967739105225,4
houses,shops,-0.5404052734375,-0.14479702711105347,4
houses,stores,-1.19140625,-0.21337509155273438,4
howl,howl,-3.134765625,-0.3044130504131317,4
husk,sawdust,-2.299560546875,0.0927126333117485,4
ill,weary,1.2890625,0.04054202884435654,4
ill,white,-2.375,0.1316206306219101,4
implements,tools,2.78857421875,0.011933401226997375,4
incongruity,likeness,-1.473876953125,-0.05057910084724426,4
independent,savage,0.748046875,-0.0035881847143173218,4
independent,sovereign,-0.009765625,-0.06449954211711884,4
independent,wealthy,-5.4560546875,0.11793674528598785,4
indoors,out,-0.11053466796875,-0.12711918354034424,4
infallible,sovereign,4.44091796875,0.3798578381538391,4
innovation,technology,0.0,-0.23098886013031006,4
inquiring,thoughtful,0.0,0.059847332537174225,4
inquiry,observation,5.7734375,-0.13628998398780823,4
insulting,violent,2.283203125,0.07119035720825195,4
intricate,long,5.443603515625,0.15695792436599731,4
involuntary,voluntary,-0.569091796875,-0.3132723569869995,4
irish,nigerian,1.9903564453125,-0.09768056869506836,4
jewels,money,0.814453125,-0.19705131649971008,4
jib,jigger,3.02294921875,0.43603068590164185,4
joking,smiling,-0.55859375,-0.4633815884590149,4
journalists,officials,-4.74609375,-0.052930817008018494,4
joyous,loud,-1.5731353759765625,-0.09124884009361267,4
joyous,smiling,0.50732421875,-0.49387073516845703,4
keen,peaceful,1.18359375,0.004050053656101227,4
keener,keener,-1.1234893798828125,-0.0884988009929657,4
knowing,knowing,-5.14453125,-0.07861754298210144,4
labor,money,-2.255859375,-0.21102464199066162,4
lasting,long,-1.6328125,0.09245887398719788,4
laughs,looks,2.30877685546875,0.0910392552614212,4
laughs,yells,-2.13800048828125,-0.0011824816465377808,4
lavender,white,0.7520751953125,0.21168796718120575,4
lessons,work,-3.4560546875,-0.13181763887405396,4
limping,lisping,-0.67822265625,-0.14003098011016846,4
lived,struggled,-0.7587890625,0.7537508606910706,4
lived,worked,0.203125,0.23622453212738037,4
lives,looks,-1.727691650390625,0.27668148279190063,4
lives,money,1.83154296875,-0.10427731275558472,4
lives,work,4.775390625,-0.0616627037525177,4
lives,works,3.5991134643554688,0.11665342003107071,4
logical,simple,1.3195648193359375,0.095018170773983,4
logs,stumps,-1.365234375,-0.13929665088653564,4
lone,long,-0.158782958984375,0.03360842168331146,4
long,long,0.5130348205566406,0.44457826018333435,4
long,loud,1.40826416015625,0.1841067373752594,4
long,loudly,4.2666015625,0.06846056878566742,4
long,loving,-0.36395263671875,0.09018579125404358,4
long,lucidly,0.736328125,0.5872757434844971,4
long,narrow,-1.57421875,0.2144104391336441,4
long,passionately,-0.58203125,0.5338786840438843,4
long,peaceful,-4.1748046875,0.20692609250545502,4
long,pointed,-0.96435546875,-0.017425537109375,4
long,prosperous,-6.02685546875,0.2860669195652008,4
long,significant,-3.43359375,0.4162033796310425,4
long,simple,1.5528564453125,0.262562096118927,4
long,sinewy,0.134765625,0.2125180959701538,4
long,slinking,-0.1025390625,0.31323671340942383,4
long,softly,-1.894927978515625,-0.08575558662414551,4
long,storied,1.5830078125,0.4935275912284851,4
long,thin,2.822265625,0.3176827132701874,4
long,thoughtfully,1.46875,0.11482210457324982,4
long,untrimmed,-0.65625,0.28284814953804016,4
long,varied,0.69140625,0.2989969849586487,4
long,violent,-3.48046875,0.32233962416648865,4
long,wearisome,-2.65234375,0.14528974890708923,4
long,weary,2.357421875,0.21605604887008667,4
long,white,0.23291015625,0.3771419823169708,4
looks,moves,-4.0177001953125,0.07668779045343399,4
looks,works,0.1055755615234375,0.08900624513626099,4
loud,repetitive,2.701171875,-0.10201631486415863,4
loud,rowdy,-0.36328125,0.10114669054746628,4
loud,sudden,1.625,-0.12707209587097168,4
loud,throaty,-6.107666015625,0.3826638162136078,4
loud,unnatural,-0.96826171875,-0.15908119082450867,4
loud,violent,-1.204833984375,0.07384099066257477,4
loving,pure,1.5789794921875,0.03188350796699524,4
loving,simple,0.64337158203125,0.04532480239868164,4
lutes,tambourines,-6.166015625,0.05811309814453125,4
machinery,textiles,-0.15570068359375,0.026534847915172577,4
machines,technology,-1.6552734375,0.01232970505952835,4
machines,tools,-1.1875,-0.13220912218093872,4
madder,madder,0.756103515625,0.13733536005020142,4
mangrove,passionfruit,-1.4970703125,0.04302592575550079,4
marathons,ultramarathons,4.6484375,-0.037142619490623474,4
medical,scientific,-2.83038330078125,-0.1727476716041565,4
medical,social,-0.208984375,-0.06128425896167755,4
medical,technical,0.4581298828125,-0.08277934789657593,4
meditation,prayer,-3.644287109375,-0.1378841996192932,4
merchants,workmen,-1.107421875,-0.175718754529953,4
midwest,southeastern,-0.02545166015625,0.25416189432144165,4
mobile,social,0.416107177734375,0.07009630650281906,4
money,production,-3.347412109375,0.26786479353904724,4
money,records,0.57635498046875,0.02686139941215515,4
money,spices,2.3232421875,0.1962287724018097,4
money,travelcards,3.486328125,0.12384922802448273,4
monsoonal,tropical,-0.482421875,-0.07460466027259827,4
morose,unfriendly,1.5106201171875,-0.14247089624404907,4
mounted,stuffed,-0.935638427734375,0.09711603075265884,4
moves,uplifts,7.169921875,0.2548975348472595,4
music,music,0.5787353515625,0.06823158264160156,4
music,philosophy,1.388671875,0.17361664772033691,4
music,records,-1.865509033203125,-0.10951583087444305,4
music,rhetorics,0.00927734375,0.08905155956745148,4
music,static,-3.2490234375,0.08296085894107819,4
music,table,-2.658203125,-0.219393789768219,4
music,work,-3.694629669189453,-0.09936431050300598,4
musically,philosophically,-3.3544921875,0.0011215060949325562,4
muttering,sobbing,0.6494140625,0.05313420295715332,4
narrow,rakish,3.080078125,0.6684096455574036,4
narrow,triangular,-0.71484375,0.5105107426643372,4
neck,neck,-0.29296875,0.3303099274635315,4
neighbors,travelers,0.288330078125,0.027769915759563446,4
nephews,nieces,1.426513671875,-0.06438173353672028,4
observation,theory,2.982421875,-0.04994520545005798,4
offspring,parents,0.9247121810913086,-0.07197041809558868,4
onward,out,2.236328125,0.14977535605430603,4
open,open,1.970703125,-0.2596420645713806,4
open,violent,0.2240142822265625,0.047997161746025085,4
opening,shutting,0.5283203125,-0.03453180193901062,4
optimists,toppers,1.948974609375,-0.026309460401535034,4
oral,written,-0.492950439453125,-0.3902016282081604,4
orders,returns,0.646484375,0.040904656052589417,4
out,out,-0.384765625,-0.3502892255783081,4
parents,visitor,-0.8828125,-0.15190663933753967,4
passionately,strangely,-3.2110595703125,0.041822224855422974,4
peaceful,prosperous,0.476806640625,0.24481548368930817,4
peaceful,smiling,-1.3046875,-0.2339218258857727,4
peaceful,still,0.6875,0.4272637367248535,4
peaceful,unopposed,1.640625,0.2557053864002228,4
perfect,poofy,-4.865234375,0.5546270608901978,4
perfect,pure,4.61962890625,0.4393209218978882,4
perfect,unbroken,-1.134918212890625,0.18908146023750305,4
pertly,promptly,-0.689453125,-0.2608703374862671,4
philosophy,theology,-4.689453125,0.07046539336442947,4
piano,violin,2.28515625,-0.010759010910987854,4
pike,spear,5.07720947265625,0.1606149673461914,4
plans,preparations,-1.66015625,0.27427875995635986,4
plaprer,plaprer,0.173828125,0.14729340374469757,4
pointed,terse,-1.864105224609375,0.04472249746322632,4
practise,practise,-3.185546875,0.0935516208410263,4
prayer,thanksgiving,-1.29443359375,-0.13028648495674133,4
prayer,worship,-2.2143402099609375,-0.11067968606948853,4
prettier,prettier,-0.088134765625,-0.02245795726776123,4
production,technical,0.9562225341796875,0.07677270472049713,4
production,transportation,0.0,-0.18916431069374084,4
project,technical,-1.10943603515625,0.524324893951416,4
projectors,televisions,1.7822265625,0.039492055773735046,4
punishment,rewards,-0.66796875,0.11609788239002228,4
pure,simple,-1.4561986923217773,0.01402457058429718,4
pure,sober,-1.1259765625,0.12207911163568497,4
pure,solid,-1.6376953125,0.16951897740364075,4
pure,white,-0.64404296875,0.0628029927611351,4
queerer,queerer,-3.579833984375,-0.09947045147418976,4
quivering,white,1.982421875,0.09255793690681458,4
rascals,shepherds,-0.193756103515625,-0.13553625345230103,4
raved,stormed,0.0,0.09901197254657745,4
reading,studying,-2.357421875,-0.11704273521900177,4
reports,rumors,-1.2060546875,0.03629280626773834,4
responsibility,work,-2.927734375,-0.038401901721954346,4
restaurants,shops,5.36962890625,-0.1070544421672821,4
rice,tallow,-1.5799560546875,-0.24456286430358887,4
ring,stacker,-3.236328125,-0.006369560956954956,4
romantic,villainous,-3.083984375,0.06796364486217499,4
rope,textiles,-1.38995361328125,0.19857527315616608,4
salvage,vandalizing,1.0267333984375,-0.16550421714782715,4
satin,spotted,0.0,0.07084604352712631,4
savage,treacherous,2.44927978515625,-0.06998226046562195,4
scarlet,white,3.360595703125,0.45793843269348145,4
scholarly,sober,-2.0792236328125,0.24513328075408936,4
scientific,technical,2.229248046875,0.09481732547283173,4
seals,walruses,-0.53759765625,-0.25017815828323364,4
seasonal,tropical,-1.4864501953125,0.5042691826820374,4
sensitive,temperamental,2.002685546875,0.012465640902519226,4
settlement,transportation,0.1270751953125,0.18245363235473633,4
shaven,spotted,-3.5830078125,-0.1673092246055603,4
significant,varied,-0.9443359375,0.3872174024581909,4
simple,slight,-1.8563995361328125,0.008532047271728516,4
simple,touching,-4.62353515625,0.2745513319969177,4
sleek,thoughtful,-2.90576171875,-0.19704973697662354,4
slight,thin,-4.205078125,0.4111366271972656,4
smiling,unhurried,3.2860107421875,-0.15390565991401672,4
sober,thoughtful,-0.72802734375,-0.3059892952442169,4
social,technical,-1.689453125,0.5175934433937073,4
social,traditional,1.2861328125,0.45016881823539734,4
social,youth,-3.828369140625,0.26560065150260925,4
softly,stealthily,0.0517578125,-0.17716482281684875,4
solid,still,0.578125,0.4127916693687439,4
solid,unbroken,-4.732421875,0.053787603974342346,4
starched,white,0.333984375,0.24423515796661377,4
still,thoughtful,1.18963623046875,-0.12212498486042023,4
still,void,1.010009765625,-0.3294838070869446,4
still,white,-4.71533203125,-0.03734995424747467,4
stores,warehouses,0.9212112426757812,-0.03490728139877319,4
stout,weatherly,0.560546875,0.15371736884117126,4
strings,violin,-0.7508544921875,0.5984146595001221,4
struggled,struggled,-2.28125,0.6118485927581787,4
stumps,walls,-0.4580078125,0.013157069683074951,4
sudden,tremendous,0.9388427734375,0.03841709345579147,4
sudden,unnatural,3.308349609375,-0.16444090008735657,4
sudden,violent,0.5987548828125,-0.018074169754981995,4
swaying,swaying,0.6904296875,0.16305024921894073,4
swaying,whirling,-0.34765625,0.29014861583709717,4
table,table,0.345703125,-0.045269936323165894,4
thin,white,2.502197265625,0.06928020715713501,4
tickling,touching,-3.465402603149414,0.025655753910541534,4
treacherous,vile,-1.275482177734375,-0.172557532787323,4
treacherous,villainous,0.0,-0.04654057323932648,4
treacherous,wicked,-2.65625,-0.01299123466014862,4
turned,turned,1.07763671875,0.5041882991790771,4
unafraid,unashamed,1.466796875,0.2821952998638153,4
unfriendly,unnatural,0.0,-0.05062064528465271,4
ungoverned,violent,-0.2919921875,0.039496660232543945,4
unkind,wicked,2.51171875,0.06074361503124237,4
unshaved,unwashed,-6.4697265625,-0.021532684564590454,4
vindictive,violent,-4.490234375,0.3583473861217499,4
wanted,wanted,4.94970703125,-0.04082755744457245,4
warfare,work,-0.71484375,-0.1570757031440735,4
wickeder,wickeder,3.2099609375,-0.0346035361289978,4
work,work,-5.349609375,-0.21706530451774597,4
worked,worked,13.029296875,-0.03291204571723938,4
worst,worst,2.349609375,-0.05297386646270752,4
abject,dejected,-0.8450927734375,0.1413460224866867,5
acceptive,efficient,0.4462890625,0.4474675953388214,5
aches,pains,1.05712890625,-0.041169263422489166,5
acting,performing,2.5706787109375,-0.014290116727352142,5
adapt,survive,-8.57421875,0.09060555696487427,5
addition,deletions,1.74456787109375,-0.16602660715579987,5
advice,assistance,1.891845703125,-0.16465328633785248,5
advice,injunctions,0.74609375,-0.023239552974700928,5
advice,training,-0.0400390625,-0.08467904478311539,5
affordable,cheap,-0.2353515625,0.21459287405014038,5
aft,knelt,0.50006103515625,0.3325577676296234,5
agitated,shocked,-1.560546875,-0.03128473460674286,5
agnostic,liberal,0.608154296875,0.14325381815433502,5
ahing,umming,3.30194091796875,0.18721938133239746,5
alien,strange,-6.2509765625,0.21484890580177307,5
alternatively,secondarily,-1.3603515625,0.06779254227876663,5
anecdotes,gossip,-0.3486328125,0.1887294054031372,5
anklets,bracelets,0.76416015625,0.08275190740823746,5
anklets,wristlets,-3.302734375,0.16617929935455322,5
annoying,childish,-2.739990234375,-0.13520802557468414,5
annoying,strange,-1.875,-0.06063675880432129,5
anticipation,intercourse,-1.8349609375,-0.3850812017917633,5
apartments,cars,2.05517578125,-0.1128704845905304,5
apologizing,crying,4.9365234375,-0.037225984036922455,5
appreciation,gratitude,0.0,0.04670880734920502,5
appropriately,directly,1.36572265625,-0.28303399682044983,5
arepas,cachapas,-1.03759765625,0.32076963782310486,5
argued,argued,1.654296875,0.09742161631584167,5
arrested,injured,0.202392578125,0.16870161890983582,5
arrested,punished,-0.322265625,0.24112935364246368,5
arrested,shot,8.84375,0.20480132102966309,5
arrested,tortured,-2.343219757080078,0.22777405381202698,5
articles,books,-0.6224441528320312,-0.7050856351852417,5
articles,interviews,-0.001953125,-0.255889892578125,5
asleep,quieted,9.71484375,0.1164681613445282,5
asleep,snoring,-0.3841552734375,-0.01524314284324646,5
assistant,doorkeeper,2.291015625,0.02404797077178955,5
astonishment,fright,1.3804931640625,0.018483616411685944,5
astonishment,incredulity,-3.0344390869140625,0.08002645522356033,5
astrophysical,geophysical,-3.353515625,0.10160820186138153,5
attractive,instructive,-1.27734375,0.5460803508758545,5
attractive,interesting,1.701171875,0.5272926092147827,5
attractive,proven,0.5445556640625,0.5330414772033691,5
attractive,serviceable,1.203125,0.41533079743385315,5
attractive,unique,1.6865234375,0.38141682744026184,5
attractive,viable,1.37890625,0.07388665527105331,5
awe,reverence,-0.265625,0.22037014365196228,5
awful,profound,2.95703125,-0.002633810043334961,5
awful,strange,-0.63116455078125,0.24538198113441467,5
awkwardly,heavily,-3.0050411224365234,0.24076569080352783,5
balmy,mild,-1.6435546875,-0.08556818962097168,5
banquets,cheers,-3.0419921875,-0.3653661906719208,5
barbarians,pirates,0.768310546875,-0.22335627675056458,5
bargains,coffins,2.23046875,0.12377345561981201,5
basketball,tennis,-0.9775390625,-0.3328143358230591,5
beardless,handsome,2.43499755859375,0.10546794533729553,5
behavioural,cognitive,-4.037109375,-0.20523770153522491,5
behavioural,mental,3.63525390625,-0.6547181606292725,5
best,best,2.3112945556640625,0.27061232924461365,5
best,darlingest,-1.63909912109375,0.3596043288707733,5
best,noblest,4.250732421875,0.12338346242904663,5
best,quickest,0.142578125,0.28010889887809753,5
best,smartest,-4.45208740234375,0.47843876481056213,5
best,soundest,-1.998046875,0.07476367801427841,5
biological,historical,1.140625,-0.010785430669784546,5
blunt,rough,-1.275390625,0.0027021318674087524,5
boastful,cheating,-2.646484375,-0.045247867703437805,5
boisterous,rude,-0.7098388671875,-0.0024466365575790405,5
bollards,cars,-2.1577987670898438,-0.4652792513370514,5
books,happenings,-0.94140625,0.12041541934013367,5
books,letters,0.0234375,-0.2589457035064697,5
books,movies,4.279296875,-0.33917492628097534,5
books,pamphlets,2.943115234375,0.0908082127571106,5
books,postage,-1.0132293701171875,0.4292829632759094,5
books,studies,-2.203125,-0.2574599087238312,5
books,theater,-2.033203125,0.010303884744644165,5
bosses,budgets,-1.9346160888671875,0.008446216583251953,5
bosses,enemies,0.296875,0.021943360567092896,5
boulders,rocks,1.275390625,-0.3786572217941284,5
bounds,training,0.8828125,0.0032376572489738464,5
bowling,tennis,1.0316085815429688,-0.4966166317462921,5
boyish,free,-1.391357421875,-0.10251004993915558,5
breathless,panting,0.187255859375,0.06216038763523102,5
brighter,brighter,-0.5087890625,-0.07408794015645981,5
brighter,content,-0.724365234375,0.3505975306034088,5
brighter,merrier,-0.89208984375,0.10834740102291107,5
british,iraqi,-2.23095703125,0.21299360692501068,5
british,scottish,5.612525939941406,0.20376965403556824,5
british,spanish,-1.3876953125,0.04418940842151642,5
british,yank,0.2509765625,0.00745779275894165,5
broad,eclectic,2.46826171875,0.07925337553024292,5
broad,glittering,0.345703125,-0.23497143387794495,5
broad,handcuffed,-2.86328125,-0.19231624901294708,5
broad,leathery,-1.1309814453125,-0.04334385693073273,5
broad,level,1.46875,-0.32833024859428406,5
broadcasting,journalism,0.0,0.28265807032585144,5
broke,rotten,-4.685546875,-0.14132484793663025,5
bugs,fleas,2.3721923828125,0.17381168901920319,5
bumps,tracks,6.548828125,-0.07257029414176941,5
calls,letters,-2.050628662109375,-0.13986030220985413,5
cans,forks,0.083984375,0.198401540517807,5
capacities,powers,1.25,-0.11162136495113373,5
capital,financial,2.4296875,0.2571638524532318,5
capital,government,-1.02294921875,0.41586747765541077,5
carotenoids,chlorophyll,-2.9658203125,0.0716823861002922,5
carpets,rugs,-0.6865234375,-0.14894935488700867,5
cars,hats,-1.5799560546875,0.25906869769096375,5
cars,lorries,0.8818359375,0.12363532185554504,5
casual,playful,2.107421875,0.19485436379909515,5
cat,dog,-1.607421875,0.1113976538181305,5
cat,puppy,0.7073974609375,-0.29685550928115845,5
catch,tame,2.44921875,0.08288849890232086,5
catch,toss,1.009765625,0.358963280916214,5
caverns,rocks,1.734375,-0.43714240193367004,5
caverns,tunnels,1.6669921875,-0.1333014965057373,5
cedar,yew,-1.5320014953613281,-0.15726888179779053,5
cereals,toast,0.646484375,0.18170078098773956,5
cereals,tobacco,2.004425048828125,0.13024435937404633,5
change,decay,-2.0625,0.09073060750961304,5
changes,changes,0.130859375,0.2584034204483032,5
character,comic,-0.759765625,-0.15574538707733154,5
character,form,-1.10546875,0.13886655867099762,5
characteristic,interesting,-0.171875,0.20141425728797913,5
characteristic,unique,2.522705078125,0.24489450454711914,5
characters,letters,1.205078125,-0.1641160547733307,5
characters,movies,1.4384765625,-0.209548681974411,5
chattering,laughter,0.93060302734375,-0.2532600462436676,5
cheap,nice,2.048828125,0.3723638355731964,5
cheap,plentiful,1.9310531616210938,0.08274153620004654,5
cheerfully,pleasantly,-2.638671875,0.20476286113262177,5
cheerfully,regularly,0.7587890625,0.07784803211688995,5
cheers,laughter,-0.9378662109375,-0.10424298048019409,5
cheers,merriment,-0.5283203125,0.15182873606681824,5
chemically,physically,-0.4678955078125,0.40881669521331787,5
chivalry,courtesy,1.2958984375,0.11177082359790802,5
chivalry,right,-1.4658203125,0.029967814683914185,5
christian,faithful,2.86932373046875,0.03301854059100151,5
city,metropolitan,-4.41552734375,0.2568725049495697,5
clapping,laughter,-0.576446533203125,-0.20812776684761047,5
clean,nice,-4.116982460021973,0.5444079637527466,5
clean,painted,-0.470703125,0.035794924944639206,5
clean,roomy,0.7451171875,0.008850052952766418,5
clean,shaved,1.9931640625,0.07600806653499603,5
clean,trig,-2.1796875,0.055225715041160583,5
cliff,ray,0.736328125,-0.08395252376794815,5
clothe,make,-2.859375,-0.3934127688407898,5
coaches,lorries,-0.9033203125,-0.22671827673912048,5
coal,peat,-0.90582275390625,0.012137029320001602,5
coal,salt,-2.125,0.03324824571609497,5
colloquially,officially,2.404296875,0.12471505999565125,5
colour,form,-0.583984375,0.07344882190227509,5
colour,movement,2.966796875,0.1696172058582306,5
colour,scent,4.9132080078125,0.05824808031320572,5
colours,sizes,0.86456298828125,-0.22294586896896362,5
communications,media,-5.5889892578125,-0.035414621233940125,5
communications,training,-1.374114990234375,0.03084978461265564,5
compact,graceful,0.0881195068359375,-0.005653999745845795,5
compass,rule,1.013671875,-0.1007922813296318,5
complacence,sense,0.384765625,0.03673426806926727,5
complete,unabridged,-0.130126953125,0.37638869881629944,5
components,systems,-4.11456298828125,-0.4600681662559509,5
conflicts,dramas,2.125,-0.23018836975097656,5
connected,conscious,-8.4599609375,-0.036449454724788666,5
conscientious,reliable,-1.789215087890625,-0.021313093602657318,5
consistency,endurance,11.560546875,-0.0933610275387764,5
constellations,stars,-2.8519439697265625,-0.10692808777093887,5
constraint,distrust,2.42578125,0.18174675107002258,5
content,gratitude,-0.392578125,0.08541239798069,5
content,peace,1.431640625,0.08926758170127869,5
content,romance,-1.8875732421875,-0.1064937561750412,5
contentious,inefficient,-1.12890625,0.12926852703094482,5
cooked,cooked,5.5634765625,-0.29472750425338745,5
corporeal,spiritual,-0.3935546875,0.08207131922245026,5
corridors,tunnels,-2.77191162109375,-0.03676222264766693,5
cotton,groundnut,2.1236867904663086,-0.15468820929527283,5
cotton,tobacco,0.6131591796875,0.029436543583869934,5
countries,nations,1.50390625,0.4032440185546875,5
countries,others,-3.0810546875,0.3285035490989685,5
courtesy,reverence,-5.228122711181641,0.1857662796974182,5
courtesy,sense,-0.884765625,0.11256865411996841,5
craggy,handsome,1.5625,0.012432821094989777,5
crinkly,nice,4.94970703125,0.3314689099788666,5
crowed,prattled,-1.0849609375,0.005327885039150715,5
cruising,crying,-0.0321044921875,-0.16235753893852234,5
crying,crying,1.6771161556243896,0.07140541076660156,5
crying,kissing,-2.69140625,0.036338694393634796,5
crying,pleading,-0.98883056640625,0.009137019515037537,5
crying,scared,1.2567138671875,0.016814306378364563,5
curiouser,curiouser,-0.060546875,0.2256879210472107,5
cut,foin,5.1748046875,-0.06300981342792511,5
cutest,sexiest,2.0078125,0.19404152035713196,5
damaging,widespread,-2.314453125,0.03256842866539955,5
day,twilight,-0.123321533203125,0.0019109472632408142,5
debris,rocks,-3.25732421875,-0.29768550395965576,5
decay,renewal,-3.02313232421875,-0.0008590370416641235,5
defenses,equipment,-0.482421875,-0.3493644893169403,5
defensive,difficult,-0.47412109375,0.18698418140411377,5
defensive,militant,3.570098876953125,0.12755781412124634,5
defined,used,1.4677734375,0.21662980318069458,5
dejected,distressed,-2.6796875,-0.09800762683153152,5
dejected,inconsolable,1.3603515625,0.1669662594795227,5
dejected,sore,-0.2918701171875,0.22781315445899963,5
difficult,rough,1.955078125,-0.1275297999382019,5
dignified,remarkable,0.615234375,0.3035140037536621,5
dignified,solemn,-4.0625,0.40965574979782104,5
disbanded,scattered,1.515625,0.0609222948551178,5
disconcerted,glum,-0.58233642578125,0.08197257667779922,5
disputing,quarrelling,-0.240234375,-0.0505354106426239,5
dissipated,free,0.155029296875,0.024470973759889603,5
distant,strange,-0.5625,0.3640260100364685,5
distracted,lawless,-2.65380859375,-0.27816393971443176,5
distressing,humiliating,-5.1787109375,-0.09012991189956665,5
diverse,liberal,1.166015625,0.015296734869480133,5
diverse,vibrant,-1.63116455078125,0.05845090374350548,5
dog,man,0.408203125,0.32718411087989807,5
dog,master,-0.21484375,0.3510691523551941,5
done,done,0.7232666015625,0.32009997963905334,5
done,opened,-2.19384765625,0.15405285358428955,5
done,over,0.9228515625,0.4806731641292572,5
done,said,2.30517578125,-0.02920345962047577,5
done,seen,-2.46783447265625,0.17107796669006348,5
doze,dream,-2.6474609375,0.23126643896102905,5
dramas,movies,-1.800537109375,-0.12758347392082214,5
drawn,painted,7.57421875,0.034399569034576416,5
drill,training,5.7734375,-0.006902284920215607,5
driving,driving,-2.9453125,-0.15973633527755737,5
driving,steroids,0.5537109375,-0.046988919377326965,5
drowned,shot,1.6607666015625,0.04703882336616516,5
durable,viable,0.841796875,0.15230950713157654,5
east,middle,1.0078125,0.1000712662935257,5
ecclesiastic,moral,-0.986328125,0.10134945809841156,5
eerie,ominous,-1.422576904296875,-0.03151876479387283,5
efficient,reliable,2.7333984375,-0.04282420873641968,5
eggs,flour,2.9189453125,0.35874906182289124,5
eggs,game,0.38702392578125,0.27961257100105286,5
eggs,toast,1.18115234375,0.24928708374500275,5
eigenvalues,eigenvectors,-1.8173828125,0.1464928835630417,5
elbow,scream,-0.9229736328125,-0.057160913944244385,5
elegant,graceful,-0.46484375,0.24216626584529877,5
elsewhere,here,4.8037109375,-0.55815589427948,5
emaciation,weakness,-0.8779296875,-0.29397162795066833,5
emerged,proliferated,2.2847900390625,0.007860071957111359,5
empowerment,engagement,2.4296875,-0.023672930896282196,5
entreating,menacing,1.521484375,-0.04657939076423645,5
equipment,toy,-2.72015380859375,0.05460277199745178,5
equipment,training,-2.359375,0.17232879996299744,5
ethology,sociobiology,-1.390625,0.2462829351425171,5
even,nice,0.522216796875,0.5887274742126465,5
even,odd,0.265625,0.5793975591659546,5
exhaustion,hunger,4.62109375,-0.03289385885000229,5
exposure,hunger,-2.89453125,-0.3409230411052704,5
expressly,purely,7.35546875,0.16964185237884521,5
fainter,fainter,0.346435546875,-0.14226111769676208,5
faithful,spiritual,-1.43310546875,-0.3113245964050293,5
faithful,trusty,0.663330078125,-0.3164170980453491,5
familiar,nice,-1.548095703125,0.494014173746109,5
feces,urine,2.26837158203125,0.12762010097503662,5
fictional,historical,-1.13671875,-0.1403505951166153,5
filtered,zoned,0.349609375,0.16665053367614746,5
financial,governmental,-0.4638671875,-0.09095579385757446,5
financial,moral,0.369140625,-0.0006454065442085266,5
fishermen,millers,0.1708984375,0.1725764125585556,5
fishermen,pirates,4.34375,-0.06327745318412781,5
fitted,painted,1.1044921875,0.12998564541339874,5
flour,mincemeat,1.44140625,-0.07458764314651489,5
forcible,racy,2.3409576416015625,0.23144423961639404,5
form,line,7.41064453125,0.10879416018724442,5
form,survive,-2.4765625,0.1404755711555481,5
fragile,rude,0.256988525390625,0.21256045997142792,5
frantic,scattered,-0.0518798828125,0.1566379964351654,5
free,free,-5.41748046875,-0.30202752351760864,5
free,scattered,1.365234375,-0.3818965256214142,5
free,spontaneous,-0.193359375,-0.5396866798400879,5
fright,weakness,1.9251174926757812,-0.28972381353378296,5
frogs,rabbits,-4.0068359375,0.0031448304653167725,5
funeral,save,-1.9267578125,0.32054102420806885,5
gambling,spending,2.146484375,0.02763792872428894,5
game,pot,-1.699462890625,-0.03512382507324219,5
gamesters,runners,-3.2900390625,0.08781877160072327,5
gasp,kissing,-1.697265625,-0.17049932479858398,5
gasp,scream,2.708984375,-0.15587934851646423,5
gasp,stare,-2.060546875,-0.548675537109375,5
gayety,laughter,-1.146484375,-0.21408520638942719,5
gayety,merriment,-3.916015625,0.03910630941390991,5
gayety,mirth,-0.9789581298828125,-0.02524309977889061,5
gently,immediately,0.35003662109375,0.04964604601264,5
gently,nice,1.67578125,0.5770183801651001,5
glans,prepuce,1.97265625,0.028649095445871353,5
glum,solemn,-2.0601806640625,0.27336257696151733,5
gods,others,-1.32421875,0.17530527710914612,5
government,medicine,2.5297927856445312,0.03243595361709595,5
government,opposition,1.2939453125,0.4200598895549774,5
government,rule,-0.91015625,0.12691053748130798,5
graceful,unique,1.3575820922851562,0.11797137558460236,5
grew,grew,-1.09423828125,-0.17548534274101257,5
grocers,millers,-0.2001953125,-0.17231996357440948,5
grotesque,satire,1.794921875,0.013107296079397202,5
grotesque,strange,-0.08935546875,0.0824623554944992,5
grunted,squealed,-2.515869140625,0.06291581690311432,5
hairy,rough,-4.34375,0.039334822446107864,5
hand,hand,-0.1875,-0.17564672231674194,5
handsome,soldierly,-2.4453125,-0.1884785294532776,5
handsome,taller,-1.2216796875,-0.5554691553115845,5
harder,harder,2.021484375,-0.4178503453731537,5
harder,thicker,-2.4612159729003906,-0.20876462757587433,5
hardships,heroism,-3.962890625,0.17838603258132935,5
harmful,strange,-0.1461181640625,0.014370851218700409,5
hats,robes,-1.79296875,0.028866678476333618,5
heathen,remote,-9.857421875,-0.07309021800756454,5
helicopters,paratroopers,3.5990142822265625,0.10700739175081253,5
here,here,-0.7421875,-0.19880393147468567,5
here,hereafter,1.9736328125,-0.034910377115011215,5
historical,spiritual,-1.630126953125,0.23879173398017883,5
homo,porno,0.0673828125,-0.09398377686738968,5
hooks,rods,-3.03973388671875,-0.020970284938812256,5
hospitable,interesting,8.388671875,0.1739281415939331,5
hospitalised,injured,3.57421875,-0.046588316559791565,5
hours,hours,0.49059295654296875,0.07590112090110779,5
hub,spoke,2.40850830078125,-0.01815655827522278,5
ice,rocks,0.444671630859375,-0.28690990805625916,5
illuminated,spiritual,1.65771484375,-0.12364552915096283,5
imaging,optical,0.19864654541015625,-0.03644034266471863,5
impulsive,rude,4.64453125,0.18588799238204956,5
incident,romance,-3.7205772399902344,-0.41746821999549866,5
indented,numbered,0.0,0.12711235880851746,5
indistinguishable,strange,2.044921875,0.2144799679517746,5
initial,initial,-1.299560546875,0.22392785549163818,5
injunctions,messages,-7.90625,-0.28732141852378845,5
injured,shot,-2.66796875,0.29196596145629883,5
injured,woeful,2.01898193359375,0.3274742662906647,5
insolent,rebellious,-6.65625,-0.06090325117111206,5
inspiring,profound,4.51007080078125,-0.4455724358558655,5
instantaneously,unseen,-3.217529296875,0.3027922511100769,5
instructive,interesting,1.5361328125,0.2998466193675995,5
instructive,moral,1.341796875,0.07078865170478821,5
intercourse,training,4.137939453125,-0.09883812069892883,5
interesting,quaint,2.9474029541015625,-0.13930848240852356,5
interesting,remarkable,-2.142578125,-0.09124979376792908,5
interesting,strange,2.0216379165649414,0.18517068028450012,5
interesting,surprising,-1.619140625,-0.079401895403862,5
interesting,unique,11.609375,0.20750084519386292,5
invaders,pirates,-1.6826171875,-0.4927958548069,5
jests,laughter,-2.2294921875,-0.1506418138742447,5
kicked,kicked,-0.091796875,0.05911947041749954,5
kids,mortgages,-2.70361328125,0.3212624192237854,5
kids,starving,0.513671875,0.28120389580726624,5
kids,teen,0.90966796875,0.4345017075538635,5
ladder,man,-4.15234375,0.3991287052631378,5
laugh,laugh,3.705078125,0.17082110047340393,5
laugh,scream,2.88427734375,0.1840394139289856,5
laughter,merriment,-0.28981494903564453,0.11403224617242813,5
laughter,noise,-1.7018852233886719,0.05098748952150345,5
laughter,peace,0.83984375,-0.09487573057413101,5
lawless,rough,1.3551521301269531,0.07213062047958374,5
lawless,uncontrolled,-3.42578125,0.06677921116352081,5
letters,messages,2.54296875,0.163082093000412,5
letters,presents,-1.46044921875,-0.06671467423439026,5
letters,scrolls,4.206298828125,0.22083845734596252,5
lime,salt,-0.0098876953125,0.00952010229229927,5
linen,silver,0.4599609375,0.12155420333147049,5
looting,vandalism,0.0732421875,-0.6597576141357422,5
lorries,said,1.0748291015625,0.157721608877182,5
lumber,timbers,0.69921875,0.09335008263587952,5
luxury,privilege,-4.775390625,0.040834009647369385,5
luxury,refinement,-0.4609375,0.11142607778310776,5
machine,man,-1.693359375,0.36595219373703003,5
magnesium,potassium,-2.2919921875,0.10906427353620529,5
man,man,0.7578125,0.14923864603042603,5
man,master,-1.95703125,0.19126944243907928,5
man,prey,-1.8572921752929688,-0.18601836264133453,5
manned,trained,2.375,-0.3458772301673889,5
marked,numbered,1.1396484375,0.3619987368583679,5
master,missis,1.97265625,-0.07963588833808899,5
mates,prey,1.46875,0.1229744702577591,5
matured,mellowed,-2.568878173828125,-0.0757727399468422,5
medicine,treatment,-0.99658203125,-0.025742750614881516,5
medicine,treatments,-0.125,-0.29871639609336853,5
meek,mild,1.58984375,-0.24792250990867615,5
mental,moral,0.1015625,0.20670272409915924,5
mental,spiritual,-1.99072265625,0.031133681535720825,5
merriment,mirth,-2.197265625,0.04139325022697449,5
merriment,noise,-0.259552001953125,-0.0015641450881958008,5
messages,sightings,-0.35040283203125,-0.011555641889572144,5
mild,nice,1.34466552734375,0.36568495631217957,5
mild,windless,-1.8837890625,-0.013020068407058716,5
milked,sugared,0.173828125,-0.17269349098205566,5
mirth,peace,1.3837890625,-0.14997650682926178,5
mistrustful,uncanny,-2.68212890625,0.009623154997825623,5
moist,nice,-0.05078125,0.44254735112190247,5
molluscs,vertebrates,-0.8125,0.032098934054374695,5
moons,moons,2.831939697265625,-0.026596486568450928,5
moons,suns,0.564453125,0.24789310991764069,5
moral,spiritual,4.681640625,0.15235841274261475,5
mothers,teachers,0.081146240234375,-0.09635445475578308,5
mothers,toddlers,0.841796875,-0.23245398700237274,5
movement,noise,-3.8607177734375,-0.054215654730796814,5
movies,opera,0.646484375,-0.39154213666915894,5
movies,theater,-1.61083984375,-0.008537128567695618,5
movies,tv,-0.3820648193359375,-0.31364595890045166,5
moving,up,5.8223876953125,0.2137719988822937,5
moving,wound,2.972930908203125,-0.11921824514865875,5
nations,tribes,-2.03515625,-0.07930254936218262,5
near,nice,-0.669921875,0.38803088665008545,5
near,remote,-1.043243408203125,0.0032081231474876404,5
next,next,2.6181640625,0.005997762084007263,5
nice,relaxed,-0.5747756958007812,-0.4113748073577881,5
nice,roasted,-4.86737060546875,-0.100972980260849,5
nice,snug,-1.917205810546875,-0.4427509903907776,5
nice,spooky,-1.42138671875,-0.19166582822799683,5
nice,unselfish,-0.953369140625,-0.10552561283111572,5
noise,unintelligible,1.0568695068359375,-0.02500579133629799,5
nurses,nurses,3.3119964599609375,0.33283665776252747,5
nurses,orderlies,0.08740234375,0.19033655524253845,5
nurses,teachers,9.7080078125,0.19019359350204468,5
oblations,prayers,1.92822265625,-0.12468835711479187,5
odd,spooky,-1.20556640625,-0.03914952278137207,5
odd,unique,-0.526123046875,0.09234939515590668,5
older,older,2.318359375,-0.38645657896995544,5
older,taller,0.208984375,-0.7435199022293091,5
older,tougher,1.4018707275390625,-0.2614913284778595,5
older,wiser,-0.255859375,-0.3804527223110199,5
ominous,threatened,-1.378936767578125,0.28843170404434204,5
others,volunteers,2.63043212890625,0.21784526109695435,5
outdated,rough,0.8984375,-0.050285667181015015,5
outfit,wagons,-1.640625,-0.16586759686470032,5
outgunned,outnumbered,-1.73876953125,0.14627495408058167,5
outposts,patrols,-2.4609375,0.05532155930995941,5
over,over,-0.8873291015625,0.1281789094209671,5
over,up,1.477935791015625,0.33868974447250366,5
paratroopers,peasants,-8.95654296875,-0.16183160245418549,5
paused,said,2.114013671875,0.03693518042564392,5
peace,purity,-1.52197265625,-0.0485299676656723,5
peace,relaxation,0.109375,-0.19246184825897217,5
pearl,silver,-0.81005859375,0.07088325917720795,5
peep,see,-0.7265625,-0.5174412727355957,5
penalties,prizes,0.11669921875,-0.26627010107040405,5
penner,skupin,1.544921875,0.09262628853321075,5
penultimate,thirteenth,-0.275390625,0.027157168835401535,5
permanent,substantial,-0.531494140625,0.11898073554039001,5
permanent,suitable,0.4580078125,-0.0487208217382431,5
ph,temperature,-0.46875,0.10098877549171448,5
picturesque,quaint,1.2243156433105469,-0.16471195220947266,5
picturesque,sleepy,0.181884765625,-0.2116677463054657,5
pillage,tribute,-0.8856048583984375,0.07538149505853653,5
pirates,pirates,-0.8858642578125,-0.15584465861320496,5
pirates,smugglers,1.4072265625,-0.12912681698799133,5
pirates,wenches,-15.035369873046875,0.056098729372024536,5
plantation,slabes,-1.84527587890625,0.0652136355638504,5
plate,spoon,2.7027587890625,0.0891515463590622,5
pot,spoon,1.9775390625,-0.11445678770542145,5
potassium,sodium,-1.09765625,0.07359237968921661,5
powers,principalities,1.01495361328125,-0.009345769882202148,5
presence,putrification,-0.435546875,0.10651271045207977,5
pressure,temperature,0.0,-0.00982876867055893,5
previous,subsequent,-6.95703125,0.2359917014837265,5
profound,remarkable,2.40478515625,0.00592060387134552,5
profound,resolved,3.1753997802734375,-0.21331338584423065,5
profound,surprising,-0.517578125,-0.24941208958625793,5
pronounce,spell,-2.8232421875,-0.0038775354623794556,5
queue,unique,-1.6650390625,0.020745575428009033,5
rabbits,rodents,0.98828125,0.14699037373065948,5
ragged,tawdry,0.41082763671875,-0.14328032732009888,5
raped,tortured,1.12109375,-0.028726257383823395,5
reels,rods,-0.55322265625,-0.19104155898094177,5
registered,verified,0.990234375,0.00673019140958786,5
rehabilitation,treatment,-3.37860107421875,-0.19559934735298157,5
reliable,supervised,-1.111328125,-0.19510823488235474,5
reliable,trusty,-2.83935546875,-0.034670501947402954,5
remarkable,strange,-0.5224609375,0.2132362723350525,5
remarkable,unique,-12.269819259643555,0.2870769798755646,5
resorts,villages,-0.2197265625,-0.5617794990539551,5
revolting,strange,0.8154296875,0.16290131211280823,5
rocks,wilds,0.0,0.06388840079307556,5
rocks,woods,5.9609375,-0.05943611264228821,5
romance,satire,3.5224609375,-0.03789827972650528,5
rough,rude,-0.4571990966796875,0.08564332127571106,5
safer,supervised,0.089111328125,-0.3533073663711548,5
said,saluted,-0.310546875,0.39022406935691833,5
salt,vinegar,-5.044921875,-0.13436371088027954,5
scared,scream,2.01171875,0.11717773973941803,5
scared,shy,0.46044921875,0.04752156138420105,5
scared,strange,-2.2890625,0.0736413523554802,5
see,touch,0.373046875,0.34291592240333557,5
seen,seen,-4.1171875,0.10180529952049255,5
seen,understood,5.22265625,0.5023072957992554,5
shy,strange,-3.220458984375,0.06904465705156326,5
smaller,smaller,2.4312744140625,-0.21476201713085175,5
smaller,thicker,-4.58203125,-0.22146952152252197,5
sorrier,wiser,0.9440765380859375,0.22132009267807007,5
speak,swim,-0.34130859375,0.013618901371955872,5
special,unique,4.92578125,0.23791907727718353,5
special,urgent,2.133056640625,0.04058516025543213,5
spectacular,unique,-1.78009033203125,0.2459632158279419,5
spicy,strange,-1.9453125,0.161460280418396,5
spiritual,temporal,-1.3717041015625,-0.2610349953174591,5
squealed,squealed,1.9287109375,-0.10568484663963318,5
stable,unique,-1.14453125,0.19407734274864197,5
stare,stop,-1.3980712890625,-0.15275734663009644,5
stouter,stouter,2.1796875,-0.2625652253627777,5
strengthened,strengthened,4.37109375,-0.018667791038751602,5
stretch,stretch,0.180938720703125,0.05441010743379593,5
subtlety,timing,-0.024658203125,0.12228209525346756,5
swim,swim,-4.85296630859375,-0.035182397812604904,5
taboos,totems,4.494873046875,-0.01145082712173462,5
taller,taller,0.3505420684814453,-0.09709741175174713,5
taught,used,0.238037109375,0.16484907269477844,5
ten,twoscore,-1.708984375,0.06278431415557861,5
thicker,thicker,-2.8203125,-0.09734086692333221,5
through,through,1.00860595703125,0.3676793873310089,5
togs,whatnot,-2.20703125,0.3317427635192871,5
toy,toy,0.518310546875,-0.2614339590072632,5
trained,trusty,-0.970703125,0.12730944156646729,5
tribes,tribes,-2.55859375,-0.09003008902072906,5
turbid,zaburlit,-2.275390625,0.015364617109298706,5
unmoved,unobtrusive,0.671630859375,-0.0673094242811203,5
up,up,-1.185546875,0.328330397605896,5
valk,valk,0.946014404296875,0.043437421321868896,5
value,value,-2.40625,0.021744124591350555,5
waited,waited,4.5859375,0.19338014721870422,5
walks,walks,-1.3806285858154297,-0.2853223979473114,5
wept,wept,-0.1514892578125,-0.2915754020214081,5
whales,whaling,1.27783203125,-0.022582456469535828,5
whistle,whittle,0.970703125,-0.0631805881857872,5
wigwagging,woodcraft,1.6574134826660156,-0.11109639704227448,5
wilds,woods,0.6932373046875,-0.2068183422088623,5
yet,yet,0.141845703125,0.04812705144286156,5
accomplished,amiable,-2.828125,-0.03719744086265564,6
accurate,strong,3.20379638671875,0.2149580866098404,6
action,adventure,-3.5927734375,-0.35298508405685425,6
action,evolution,-1.7939453125,0.05875760316848755,6
action,excitement,1.349609375,0.007957279682159424,6
action,grace,-2.28125,0.18091437220573425,6
active,curious,-1.7591094970703125,-0.1406969428062439,6
active,strong,0.606689453125,-0.3808698058128357,6
activities,gestures,-3.093830108642578,0.4615342319011688,6
added,new,-7.2890625,0.17279377579689026,6
adventure,excitement,-0.4639892578125,0.12884587049484253,6
adventure,poetry,1.2822265625,0.061108335852622986,6
adventure,sport,-2.7354736328125,-0.13790559768676758,6
adventure,voyage,5.287109375,-0.2375020980834961,6
aerodromes,radar,-8.4306640625,0.5247633457183838,6
agriculture,crafts,2.6367034912109375,0.19575989246368408,6
agriculture,forestry,0.48046875,-0.02489614486694336,6
agriculture,gardening,-1.806396484375,0.1651909053325653,6
agriculture,hunting,-0.150390625,0.056980282068252563,6
ai,nao,0.07421875,-0.0628824234008789,6
alarm,excitement,-0.7163238525390625,0.048950716853141785,6
alarm,perplexity,2.975372314453125,-0.10869225859642029,6
alarm,triumph,1.73046875,0.036706775426864624,6
alcoholics,homosexuals,-1.921875,0.06317096948623657,6
alone,far,-0.48602294921875,-0.0020790547132492065,6
alone,unobserved,-1.861328125,0.21890656650066376,6
ambition,conquest,2.546875,-0.2813112139701843,6
ambition,opulence,0.0,0.1834048628807068,6
ambition,vainglory,-1.4361572265625,0.18649016320705414,6
ammeters,voltmeters,-3.5712890625,-0.019072502851486206,6
amusement,diversion,2.26611328125,0.4156300127506256,6
amusement,excitement,-1.544921875,0.17013521492481232,6
anger,excitement,4.087890625,0.029483124613761902,6
anger,hatred,-1.7548828125,0.1874396800994873,6
anger,hostility,-0.7353515625,0.0335356742143631,6
anger,humiliation,3.0616455078125,0.38684025406837463,6
anger,jealousy,1.7802734375,0.3332814574241638,6
anger,trouble,1.9765625,0.012545421719551086,6
angry,anxious,-2.5302734375,-0.12581199407577515,6
angry,bewildered,-3.8642578125,0.28424763679504395,6
angry,dark,-0.974609375,0.07566717267036438,6
angry,frightened,6.29217529296875,-0.3856385350227356,6
angry,grim,0.498046875,-0.10947167873382568,6
angry,grudging,-2.4014892578125,-0.0755450427532196,6
angry,insubordinate,-0.6690673828125,0.19692465662956238,6
angry,mean,-2.322265625,-0.25283271074295044,6
angry,pale,0.5505523681640625,0.010312557220458984,6
angry,shrill,-1.00738525390625,0.11267191171646118,6
angry,suspicious,-6.31689453125,-0.18571984767913818,6
angry,upset,2.465667724609375,-0.01825679838657379,6
annual,maximum,-2.21612548828125,0.3018912971019745,6
antidepressants,cholesterol,2.2231197357177734,0.33522358536720276,6
antiques,artwork,0.9119873046875,0.1367248147726059,6
anxious,eager,-1.23046875,-0.40342050790786743,6
anxious,frightened,1.154296875,-0.6586069464683533,6
anxious,pale,-3.400390625,-0.2151358723640442,6
anxious,shuddering,4.970703125,-0.22802352905273438,6
aristocracy,feudalism,2.68450927734375,0.05887258052825928,6
artillery,guns,-0.280517578125,0.06970354914665222,6
artillery,motorization,0.91796875,0.05577854812145233,6
artillery,troops,-2.546875,-0.1747836172580719,6
arts,crafts,-4.55078125,-0.017076164484024048,6
arts,sciences,-0.0615234375,-0.09066322445869446,6
arts,sports,0.596649169921875,-0.5552699565887451,6
artworks,objects,0.4970703125,0.6053793430328369,6
attention,care,-0.749267578125,0.2037222683429718,6
attention,eyes,0.9189453125,0.21594169735908508,6
attention,zeal,0.8798828125,-0.08108049631118774,6
autocrat,emperor,4.205078125,0.10036304593086243,6
automobiles,clothes,0.46044921875,0.3160141110420227,6
baby,daddy,2.43994140625,0.2280803620815277,6
baby,father,3.22998046875,0.32735475897789,6
baby,louise,1.420166015625,0.3627990484237671,6
badass,big,-3.888671875,-0.0157298743724823,6
balls,pegs,-0.9375,-0.07547429203987122,6
baritone,clarinet,-1.03125,0.07525402307510376,6
barks,ships,-4.364654541015625,-0.09697026014328003,6
barley,rye,-2.337890625,-0.22753632068634033,6
barred,locked,5.078369140625,0.0040327757596969604,6
basket,loaf,-1.3544921875,0.13900327682495117,6
basket,scissors,5.4921875,-0.31470292806625366,6
battered,dilapidated,3.6533203125,0.374424546957016,6
believe,think,4.5,0.004732728004455566,6
believed,hiding,1.2431640625,-0.023546308279037476,6
bewildered,confused,0.238525390625,-0.5723689198493958,6
bewildered,dismayed,4.8125,-0.20166483521461487,6
bewildered,frightened,-1.3115234375,-0.5968093872070312,6
big,curious,0.1005859375,-0.3071891665458679,6
big,dark,-1.0205078125,-0.1139727234840393,6
big,direct,2.395263671875,-0.22322043776512146,6
big,high,4.00390625,-0.557743489742279,6
big,important,-3.8466796875,-0.057034075260162354,6
big,mellow,6.3994140625,0.12006165087223053,6
big,new,1.68121337890625,0.07670703530311584,6
big,round,2.5499143600463867,-0.09023097157478333,6
big,strong,0.9755859375,-0.39466530084609985,6
big,successful,1.34375,0.20689581334590912,6
big,wonderful,2.483642578125,-0.21954786777496338,6
biggerer,clumsier,-0.7691650390625,0.26106148958206177,6
bigotry,intolerance,2.134765625,0.17625389993190765,6
biscuit,tea,3.833984375,-0.03542265295982361,6
blaze,curl,-1.5234375,0.12198387831449509,6
bleak,raw,-0.142578125,0.2625771462917328,6
blood,darkness,-2.1162109375,-0.09337994456291199,6
blood,filth,-3.907958984375,-0.36033469438552856,6
blood,fluid,-2.388671875,-0.09509754180908203,6
blood,grease,5.671875,-0.16719543933868408,6
blood,soil,-1.416015625,0.012309864163398743,6
bloodless,pale,-1.14666748046875,-0.20995309948921204,6
boating,riding,-0.70703125,-0.029253587126731873,6
bold,cautious,-0.1885986328125,-0.1221543550491333,6
bold,new,-1.724609375,0.2757891118526459,6
bold,round,7.599609375,0.17966115474700928,6
bold,successful,4.6162109375,0.32419082522392273,6
bolt,eat,5.54296875,0.3039366900920868,6
bonds,stocks,-0.855499267578125,-0.1339314579963684,6
brake,marsh,-3.2578125,-0.22473236918449402,6
bravest,strongest,-2.94921875,0.10666068643331528,6
brawny,strong,-4.34619140625,-0.19015109539031982,6
brilliancy,dash,-3.568359375,-0.039286136627197266,6
brother,father,-0.037109375,0.18296769261360168,6
brother,slept,0.0,-0.3596680760383606,6
brushwood,rock,0.19921875,0.2093120813369751,6
buckets,ladders,3.1826171875,-0.1364627480506897,6
bundles,wraps,-0.671875,-0.2653622627258301,6
burning,slaying,-0.356689453125,-0.09502506256103516,6
busier,busier,-1.15625,-0.22767958045005798,6
buying,going,-4.3203125,-0.07557225227355957,6
cabbage,carrot,4.044921875,0.15579356253147125,6
campaign,political,0.6610260009765625,0.13772720098495483,6
cancer,depression,0.9149169921875,0.18824313580989838,6
capable,strong,1.546875,-0.6917314529418945,6
capitalism,feudalism,2.30633544921875,-0.19763252139091492,6
captured,shown,1.580078125,-0.09992951154708862,6
carbon,iron,2.154296875,0.07394419610500336,6
carbon,nitrogen,-0.3497314453125,-0.15984410047531128,6
carded,cleaned,-1.671875,0.33740437030792236,6
care,cleanliness,1.7672119140625,0.10359631478786469,6
care,harm,4.1962890625,0.036582961678504944,6
care,mind,3.87109375,0.10156157612800598,6
castles,cities,2.0670166015625,-0.121877521276474,6
castles,fortresses,-1.69842529296875,-0.049607694149017334,6
centuries,centuries,2.3359375,0.12736620008945465,6
cf,kf,-0.66070556640625,-0.40325218439102173,6
chains,darkness,1.1015625,0.32709479331970215,6
chains,locks,2.501953125,0.1725882887840271,6
chains,mobiles,-1.041015625,0.4279633164405823,6
champagne,flowers,0.936309814453125,0.43687281012535095,6
changing,working,-2.8564453125,0.08587130904197693,6
chatted,chatted,-0.430419921875,0.0821819007396698,6
cheered,shouted,0.4485931396484375,-0.6999673247337341,6
chintz,silk,2.8828125,-0.08523565530776978,6
chocolate,tea,-3.173828125,0.015525326132774353,6
cities,municipalities,-0.361328125,-0.20997875928878784,6
cities,streets,1.624420166015625,0.41228193044662476,6
classic,formal,1.6171875,0.057631850242614746,6
clatters,dinging,0.755859375,0.2288268804550171,6
clatters,rings,0.951904296875,0.3521588444709778,6
cleaned,dripped,1.56640625,-0.3635733127593994,6
cleaned,restored,1.46337890625,-0.12943315505981445,6
climatology,meteorology,-1.153167724609375,0.03514289855957031,6
clock,rubber,2.5126953125,-0.044360071420669556,6
close,dark,-0.80078125,-0.20353218913078308,6
close,grasping,1.79193115234375,-0.27397942543029785,6
close,monitoring,-0.6605224609375,-0.19300970435142517,6
close,swift,-1.5556640625,-0.3768919110298157,6
close,tight,-1.68359375,-0.16564086079597473,6
clothes,eyes,-0.614501953125,0.6562390327453613,6
clothes,gardens,-0.84765625,0.4557883143424988,6
clothes,mind,4.010498046875,0.3274190127849579,6
clothes,shopping,0.0,0.10750705003738403,6
coals,iron,2.423828125,0.04170981049537659,6
colorful,dark,-2.38671875,0.04502898454666138,6
colorful,unusual,-1.1749267578125,0.1194973886013031,6
coming,coming,0.990234375,0.18084174394607544,6
coming,falling,-0.71875,-0.16807040572166443,6
coming,going,0.22265625,-0.004702135920524597,6
compassion,help,-3.120849609375,-0.357385516166687,6
compete,fight,-0.98046875,-0.09676998853683472,6
complexity,evolution,-0.8681640625,-0.012466922402381897,6
confident,strong,-1.2667236328125,-0.31176453828811646,6
confused,detected,2.37109375,-0.19986021518707275,6
confused,frightened,-1.17578125,-0.517170250415802,6
confused,upset,0.4887237548828125,-0.2033972442150116,6
conquest,triumph,2.796875,-0.14049413800239563,6
consular,passport,-0.146484375,-0.19598782062530518,6
contempt,contempt,-0.1967926025390625,-0.2177804708480835,6
contempt,hatred,2.15234375,0.2564038038253784,6
contributors,supporters,3.455047607421875,0.36503922939300537,6
conviction,trial,0.01953125,0.30323150753974915,6
cook,eat,-0.4296875,-0.0969114899635315,6
costume,makeup,0.396209716796875,-0.5027480721473694,6
cowboys,frontiersmen,1.9571990966796875,0.13429391384124756,6
crafts,industries,2.00341796875,0.1199100911617279,6
cranberry,turkey,0.623046875,-0.3689904808998108,6
creased,stained,1.3056640625,-0.29103803634643555,6
criminalised,persecuted,-1.65234375,0.6769174337387085,6
crossly,pettishly,3.189453125,-0.07226181030273438,6
crustaceans,insects,-0.44775390625,-0.3240582346916199,6
cumin,pepper,-3.3505859375,0.05083952844142914,6
curious,new,0.296875,0.27399638295173645,6
curious,strong,-0.015625,-0.27375009655952454,6
curious,wonderful,2.572265625,-0.11667412519454956,6
daddy,mummy,6.28515625,0.1542510986328125,6
dark,dense,-0.1806640625,-0.04137083888053894,6
dark,dreary,6.934326171875,-0.1476248800754547,6
dark,fearful,-1.939453125,-0.24089980125427246,6
dark,high,-0.37109375,-0.5996522903442383,6
dark,melancholy,1.453125,0.024443209171295166,6
dark,secret,0.505859375,-0.08176568150520325,6
dark,starlight,4.864839553833008,0.2135358452796936,6
dark,swollen,1.31292724609375,-0.3387379050254822,6
dark,tangled,0.9150390625,-0.17490047216415405,6
dark,twisted,0.0546875,-0.315640926361084,6
dark,ugly,-2.41845703125,-0.08891123533248901,6
dark,unforgiving,1.5230712890625,0.014283314347267151,6
dark,unshaven,-1.52734375,-0.2324952781200409,6
darker,darker,1.3359375,-0.18670552968978882,6
darker,denser,-0.6395263671875,0.3010009527206421,6
darkness,disappearance,6.54296875,0.3037880063056946,6
darkness,silence,0.506591796875,0.5349437594413757,6
darkness,solitude,-0.6446533203125,0.5359952449798584,6
darter,madame,-1.234375,0.2658766508102417,6
dash,enthusiasm,1.4453125,-0.07862818241119385,6
decades,decades,4.44140625,0.18401841819286346,6
decayed,inexpensive,-0.169189453125,-0.28157514333724976,6
degree,removal,0.140625,0.18023879826068878,6
delicate,lazy,3.826171875,-0.0559464693069458,6
delicate,pale,-1.767578125,-0.15568387508392334,6
delicate,slender,2.179229736328125,-0.06703394651412964,6
delightedly,largely,-2.468505859375,-0.12697327136993408,6
democratic,political,1.522705078125,0.196860671043396,6
dense,frequent,-1.57421875,0.031674087047576904,6
dense,massive,1.5939483642578125,-0.04442960023880005,6
denser,denser,-2.296875,0.059490352869033813,6
depression,humiliation,0.38671875,0.1968502402305603,6
desertion,silence,1.5322265625,0.2395617514848709,6
detected,exposed,-1.23388671875,0.16306599974632263,6
detected,pursued,3.2840576171875,-0.3427664041519165,6
devastating,massive,2.44580078125,-0.18393221497535706,6
devastating,tragic,-2.0009765625,-0.11295664310455322,6
dialect,vernacular,1.9580078125,-0.40241074562072754,6
dice,slice,0.291015625,0.13112017512321472,6
diligent,responsible,-2.9066162109375,0.10555877536535263,6
direct,interactive,-2.354248046875,-0.1723971962928772,6
direct,strong,-0.505859375,-0.22909650206565857,6
direct,write,5.337890625,0.4198179841041565,6
disciples,friends,-1.345703125,0.2948494553565979,6
disciples,interpreter,0.380859375,-0.04392284154891968,6
disgrace,humiliation,2.7734375,0.06473952531814575,6
disgusting,gross,1.62908935546875,0.18884843587875366,6
disgusting,impetuous,7.5575408935546875,-0.1554977297782898,6
dismayed,pale,0.7125244140625,-0.3068690896034241,6
disobedient,unruly,0.646484375,-0.24226391315460205,6
disposition,sale,-0.70703125,-0.487704873085022,6
disposition,trial,-1.068359375,-0.3154541850090027,6
disrespectful,insubordinate,-0.7420196533203125,-0.10350745916366577,6
disrespectful,untamed,11.765899658203125,-0.41373664140701294,6
dissident,political,3.181640625,-0.0911531150341034,6
doctors,priests,0.2509765625,-0.09708172082901001,6
dominican,haitian,-2.1953125,-0.23911207914352417,6
dousings,leaps,-7.7154541015625,0.09237490594387054,6
downforce,traction,-2.6256103515625,-0.3208896517753601,6
drowsy,languid,2.513671875,-0.3205344080924988,6
drywall,paint,-0.3479156494140625,0.45194196701049805,6
dumfounded,quaking,-0.59765625,-0.0729205310344696,6
dunked,soaked,0.3291015625,-0.2780427932739258,6
dynastic,political,-5.204374313354492,0.3533618748188019,6
eager,rapt,-0.744140625,-0.05852031707763672,6
eager,shrill,2.339691162109375,-0.24820175766944885,6
eager,wondering,0.4756660461425781,-0.7625086307525635,6
earthly,heavenly,-1.47186279296875,0.007687374949455261,6
eastern,south,0.2017822265625,0.060090094804763794,6
eat,eat,-0.36328125,-0.1801496148109436,6
eat,loaf,1.889862060546875,-0.13593697547912598,6
eat,rise,-3.135009765625,-0.33651232719421387,6
eat,stay,0.732421875,-0.07449007034301758,6
eaten,gathered,-1.639892578125,-0.37182074785232544,6
eaten,slept,-2.3447265625,0.007862970232963562,6
educational,entertaining,0.095703125,0.16097334027290344,6
educational,political,-0.214935302734375,0.4021454155445099,6
educational,religious,0.564453125,0.13485382497310638,6
efflorescences,encrustations,1.3369140625,0.15630528330802917,6
elegance,grace,-3.310546875,0.2016151249408722,6
emperor,king,-3.814453125,0.02989897131919861,6
empires,leaders,3.5078125,0.19621846079826355,6
entertaining,new,-0.4462890625,0.3394354283809662,6
enthusiasm,excitement,0.60546875,-0.0514792799949646,6
enthusiasm,pep,0.4921875,0.1572049856185913,6
enthusiasm,triumph,-4.093254089355469,-0.030747175216674805,6
entirely,fully,0.689453125,0.21959072351455688,6
entirely,thoroughly,4.64453125,0.21898214519023895,6
eternal,strong,-0.625,-0.2133689522743225,6
eventful,harassing,-3.5760498046875,-0.13433575630187988,6
eventful,new,0.02008056640625,0.11926425993442535,6
excitement,exertion,1.70947265625,0.4992726445198059,6
excitement,triumph,0.24188232421875,0.5144039988517761,6
excitement,trouble,-2.1875,0.1443914771080017,6
executive,regulatory,-8.6455078125,-0.06454959511756897,6
extensive,new,-3.7490234375,0.38575422763824463,6
extensive,strong,-1.475830078125,-0.2284122109413147,6
extent,speed,2.0,0.31575807929039,6
faggots,straw,0.265625,0.5170955657958984,6
falling,flying,2.29296875,-0.4583030343055725,6
false,groundless,5.6494140625,0.005866885185241699,6
false,wrong,10.507568359375,0.057960376143455505,6
far,far,-0.529541015625,-0.6407141089439392,6
far,high,-0.44921875,-1.0789823532104492,6
far,unused,-1.449737548828125,-0.47900480031967163,6
farder,farder,1.152587890625,0.09617212414741516,6
farmer,wife,-2.5888671875,0.05775095522403717,6
father,father,-6.0234375,0.15227742493152618,6
father,grandmother,4.056640625,0.24790236353874207,6
father,jm,-1.228515625,-0.30457329750061035,6
father,son,-0.76171875,0.15575654804706573,6
fearful,unknown,3.842529296875,0.315398633480072,6
fearful,wonderful,-0.60546875,0.15961289405822754,6
fifth,smallest,0.76611328125,-0.03733992576599121,6
fight,hunt,2.1328125,-0.25649070739746094,6
fight,overcome,-6.732421875,-0.2688647508621216,6
fight,stand,1.92578125,0.11055059731006622,6
fight,stay,5.033203125,-0.10758280754089355,6
fight,wait,2.54266357421875,0.008329063653945923,6
fighting,hunting,-2.69970703125,-0.003680318593978882,6
fighting,watching,-2.9658203125,0.2783876657485962,6
fighting,working,0.645782470703125,0.33558905124664307,6
fills,fills,-0.43377685546875,0.2843201160430908,6
find,seek,-0.5455322265625,0.11304306983947754,6
fish,hunt,-1.282470703125,-0.024537652730941772,6
fish,insects,4.755859375,-0.14943498373031616,6
fish,loaves,1.8203125,0.374835729598999,6
fish,plant,-0.5791015625,0.028378576040267944,6
fish,squid,-3.8828125,0.3795723021030426,6
fish,vegetables,4.87109375,0.03448551893234253,6
flamingoes,mustard,-1.183349609375,0.08769667148590088,6
flatly,instantly,-2.2159423828125,-0.3562355637550354,6
flew,flew,0.337890625,-0.028006762266159058,6
flew,fluttered,0.873779296875,0.11373040825128555,6
flexible,flexuous,-0.78125,0.10489143431186676,6
flexible,slender,-0.39453125,-0.22505950927734375,6
flowers,gardens,2.4061279296875,0.09038075804710388,6
flowers,insects,-7.32861328125,-0.26788121461868286,6
flowers,streamers,-0.3076171875,0.030423760414123535,6
flowers,vegetables,2.453125,-0.02506193518638611,6
flowers,wines,1.2275390625,0.20178812742233276,6
fluttered,fluttered,2.99609375,-0.15089073777198792,6
fonder,fonder,6.257255554199219,-0.3740817904472351,6
fox,geese,-1.8265533447265625,0.1024506539106369,6
frequent,prolonged,1.7841796875,-0.15151360630989075,6
friends,lovers,3.0809326171875,0.004067093133926392,6
friends,owners,0.35400390625,-0.14596259593963623,6
frightened,pale,2.978515625,-0.031440407037734985,6
frightened,unmanageable,-0.642913818359375,0.025615975260734558,6
frightened,wondering,0.098388671875,-0.45757240056991577,6
fruitful,important,-2.87890625,0.18374398350715637,6
ganders,geese,-5.169921875,-0.02068313956260681,6
gentleness,kindliness,0.197265625,0.42955464124679565,6
gentleness,magnanimity,2.30859375,0.06819908320903778,6
geocaching,letterboxing,0.483154296875,0.33097344636917114,6
geography,religious,-0.065277099609375,0.1001899391412735,6
gestures,sounds,0.78125,0.34520888328552246,6
gestures,swipes,-2.2017669677734375,0.4431065022945404,6
gigglings,whisperings,-4.203125,0.3332332968711853,6
gladness,refreshment,0.30078125,0.06924235820770264,6
going,going,-3.08203125,-0.020185858011245728,6
going,motivated,-0.73046875,-0.09636950492858887,6
grace,majesty,1.09832763671875,0.06451338529586792,6
grace,swiftness,-0.6064453125,0.11694735288619995,6
grace,truth,-0.819091796875,-0.2548670768737793,6
grace,virulence,-2.5780029296875,-0.2027740478515625,6
gratin,pasta,-3.439453125,0.16360574960708618,6
gravity,silence,1.984375,0.08287295699119568,6
gravity,years,-5.47906494140625,-0.6596683859825134,6
grease,paint,-7.4981231689453125,0.3598974943161011,6
greater,greater,0.0791015625,-0.08388260006904602,6
greater,new,-0.5425338745117188,0.051156461238861084,6
greater,stronger,2.727294921875,-0.498207151889801,6
greatest,strongest,0.572998046875,-0.315962016582489,6
grim,rocky,0.68841552734375,-0.1513560712337494,6
grim,tense,4.892822265625,0.046732157468795776,6
grim,ugly,-3.71875,0.30233651399612427,6
grizzled,sparse,4.129638671875,-0.15376067161560059,6
groaned,swayed,-1.16015625,0.07074156403541565,6
gross,wiggly,-6.44140625,0.4613361358642578,6
grumpy,religious,0.0,-0.24407875537872314,6
guarded,locked,0.662109375,-0.057329386472702026,6
guarded,protective,-1.759033203125,-0.095482736825943,6
guarded,suspicious,-2.8147964477539062,-0.2002711296081543,6
guns,rockets,-0.833984375,0.02370719611644745,6
guns,shades,-2.64599609375,-0.05748933553695679,6
guns,ships,-5.0185546875,0.11718207597732544,6
guns,sticks,1.982818603515625,0.39036983251571655,6
halloaed,shouted,-3.79296875,-0.8039011359214783,6
hallucinations,paralysis,-0.31201171875,-0.22379612922668457,6
hammers,iron,0.316650390625,0.2958000600337982,6
handy,new,-3.9970703125,0.15164026618003845,6
handy,strong,-2.65234375,-0.435819149017334,6
harassed,pale,0.275390625,-0.09483671188354492,6
harmonic,rhythmic,0.27783203125,0.19189059734344482,6
hateful,mean,-3.15234375,-0.5286754965782166,6
hatred,jealousy,-3.48876953125,0.3279553949832916,6
heir,son,0.436767578125,0.6408599019050598,6
help,hold,-1.6621665954589844,-0.12276661396026611,6
help,shelter,1.590087890625,-0.1401030421257019,6
help,stay,5.80078125,-0.23413300514221191,6
hide,seek,-1.05078125,0.11115188151597977,6
hiding,watching,0.76171875,0.16478602588176727,6
high,intermediate,-1.05224609375,0.404619961977005,6
high,rocky,-1.7470703125,-0.004059016704559326,6
high,shrill,-3.728515625,0.13662809133529663,6
high,strong,-2.79229736328125,-0.1917123794555664,6
high,tight,-0.748046875,0.20542585849761963,6
high,tower,1.119140625,0.7338748574256897,6
hoarser,rougher,-0.022369384765625,-0.11189481616020203,6
hockey,soccer,2.615142822265625,-0.24698558449745178,6
hold,pull,-2.12908935546875,-0.3609171509742737,6
honesty,truth,1.001953125,0.09955539554357529,6
honeyeater,thornbill,-2.3369140625,0.042712002992630005,6
hostility,intolerance,0.40625,0.049222350120544434,6
house,trance,-2.80126953125,-0.046128541231155396,6
howled,howled,2.034423828125,0.13088984787464142,6
howled,shouted,2.969970703125,-0.605700671672821,6
howled,whined,0.0,-0.4367656707763672,6
humans,pigs,1.1064453125,-0.3077710270881653,6
humans,spirits,0.119140625,0.1716623604297638,6
humiliation,rejection,-1.607421875,0.03144703805446625,6
hums,plays,-0.361328125,-0.21987074613571167,6
hums,writes,-0.78033447265625,-0.21876460313796997,6
hungrier,hungrier,0.359375,-0.05143630504608154,6
hunt,sport,-1.76318359375,-0.008504718542098999,6
hunt,transform,1.2166748046875,-0.04000741243362427,6
images,sounds,2.056640625,0.3270397484302521,6
impertinent,troublesome,0.735076904296875,0.30087482929229736,6
impertinent,ugly,2.5087890625,0.518836498260498,6
import,sale,-1.8984375,-0.11482787132263184,6
important,new,-0.12405014038085938,0.25146257877349854,6
important,unpleasant,1.8671875,0.016929015517234802,6
impotent,indecisive,1.4603137969970703,0.23441317677497864,6
independence,triumph,-4.55010986328125,0.30905774235725403,6
industries,mines,0.302734375,0.2956196665763855,6
infertile,rocky,-2.736328125,-0.140239417552948,6
inflamed,swollen,-0.27099609375,-0.3899945020675659,6
innocence,truth,-0.724609375,0.0820968747138977,6
instantly,neatly,-1.818359375,0.37553417682647705,6
instrumental,religious,1.52685546875,0.019581422209739685,6
invasions,troubles,-6.1865234375,-0.2676054835319519,6
iron,rock,3.357177734375,-0.16583868861198425,6
iron,vitamins,1.34228515625,-0.32395046949386597,6
ironic,tragic,-1.076171875,0.1258443295955658,6
iy,wonderful,-1.71484375,0.29393908381462097,6
jealousies,troubles,-2.53466796875,-0.033110857009887695,6
judicial,legal,-1.1168746948242188,0.0625346451997757,6
labour,plant,6.0808563232421875,0.3303031027317047,6
lagged,lagged,1.5595703125,0.0017708688974380493,6
lake,river,-1.073486328125,-0.2520843744277954,6
languid,pale,-1.41259765625,0.07489040493965149,6
lazy,somnolent,3.380859375,0.32688093185424805,6
legal,political,0.436279296875,0.06254160404205322,6
legal,regulatory,1.3100700378417969,-0.17817416787147522,6
legal,religious,2.833740234375,-0.22114676237106323,6
ligaments,muscles,-2.5362548828125,0.040276721119880676,6
linguistic,religious,-2.07421875,0.10975847393274307,6
lively,new,-3.60113525390625,0.18614545464515686,6
lively,tight,0.4326171875,-0.022063106298446655,6
living,shop,2.5703125,0.06468048691749573,6
living,working,2.62579345703125,0.26194247603416443,6
locked,strong,0.9681396484375,-0.2196226418018341,6
loyalty,truth,0.771484375,0.0778893381357193,6
manipulated,tricked,1.4626960754394531,-0.1005682647228241,6
materials,objects,-0.42578125,0.22666454315185547,6
mayo,mustard,-0.01171875,0.035148173570632935,6
meal,vegetables,6.1920318603515625,-0.22178494930267334,6
mean,nasty,0.26953125,0.037754982709884644,6
mean,ugly,-0.955078125,0.37904179096221924,6
melodious,strong,-0.306396484375,0.09707796573638916,6
merrily,swiftly,3.7376708984375,-0.1481150984764099,6
military,political,-0.79296875,0.3720923662185669,6
military,politics,0.936279296875,0.5335638523101807,6
military,religious,-0.893341064453125,0.22329215705394745,6
military,space,0.994873046875,0.13948187232017517,6
mines,quarries,2.058349609375,-0.5308305025100708,6
mines,torpedoes,0.4296875,0.05988360941410065,6
months,months,-1.96087646484375,0.24605229496955872,6
months,years,0.767333984375,0.28292137384414673,6
mummy,mummy,-1.58740234375,-0.02872025966644287,6
murdered,skinned,3.9775390625,0.05637788772583008,6
narcissism,narcissism,-1.0007095336914062,0.09633579850196838,6
nasty,ugly,3.1171875,0.09618794918060303,6
nasty,unpleasant,-1.06378173828125,0.11435741186141968,6
national,political,2.33203125,-0.13186797499656677,6
national,regional,-5.352294921875,-0.5326442718505859,6
national,religious,-0.125,-0.3052639365196228,6
neatly,swiftly,2.962890625,-0.3254695534706116,6
neoendemism,paleoendemism,1.7109375,0.21097972989082336,6
never,off,0.220703125,0.3511667549610138,6
new,pioneering,1.4737548828125,-0.22212690114974976,6
new,precious,-2.83203125,-0.6006292104721069,6
new,strong,-4.786376953125,-0.9297749400138855,6
new,successful,-3.2076492309570312,-0.16888797283172607,6
new,ugly,1.84375,-0.4900798201560974,6
new,unusual,0.19921875,-0.3693076968193054,6
new,wonderful,-0.06640625,-0.6044565439224243,6
nobles,princes,-7.041412353515625,-0.4525434970855713,6
nodded,swayed,-1.6569099426269531,-0.1609145998954773,6
north,south,4.345703125,0.2568148374557495,6
novelized,sung,2.046875,0.14172038435935974,6
numbness,tingling,0.64208984375,-0.20428252220153809,6
ober,ober,-1.6469497680664062,-0.05001375079154968,6
oppressive,unpleasant,0.2201080322265625,0.054737389087677,6
oracular,sacred,-4.1282958984375,-0.04670700430870056,6
organization,rank,-2.978515625,0.08401532471179962,6
ounces,ounces,0.736328125,-0.17349687218666077,6
owl,raven,-1.6088218688964844,0.3331969976425171,6
packing,riding,-0.65625,-0.03742402791976929,6
paint,paint,-0.6337890625,0.21235640347003937,6
painting,poetry,0.865234375,0.1640477478504181,6
pale,sickly,-4.9296875,0.04610666632652283,6
pale,veiny,3.5029296875,0.15036699175834656,6
pant,stand,1.2966461181640625,0.33302080631256104,6
parliamentary,political,-7.533203125,0.09094774723052979,6
parliamentary,presidential,0.001953125,0.038948118686676025,6
passwords,usernames,-3.341796875,-0.20431166887283325,6
penniless,ugly,-0.599609375,-0.06037580966949463,6
perch,suckers,2.308380126953125,-0.32895976305007935,6
perplexity,trouble,1.98486328125,-0.23661074042320251,6
plant,sow,-7.001953125,-0.02376091480255127,6
plaques,tangles,-0.6352386474609375,-0.18829932808876038,6
plasters,weights,2.0343589782714844,0.13942185044288635,6
plates,spoons,-3.734375,-0.24496951699256897,6
plates,utensils,-0.89306640625,-0.06334838271141052,6
plays,poetry,-5.2001953125,-0.44307512044906616,6
poetry,sports,0.08979034423828125,-0.44560104608535767,6
poetry,wit,0.186279296875,0.5987840294837952,6
poke,pull,1.833984375,0.10063055902719498,6
political,political,2.998046875,0.5520905256271362,6
political,religious,0.52777099609375,0.48999589681625366,6
pray,wait,2.1181640625,-0.08764326572418213,6
precious,round,0.005126953125,0.13972753286361694,6
pressors,volume,5.1435546875,0.10113438218832016,6
profitable,reasonable,-1.455078125,-0.1950940489768982,6
prolonged,searching,1.5625,0.027118057012557983,6
pronunciation,tones,-1.404296875,-0.07766035199165344,6
protective,strong,-2.48046875,0.02395498752593994,6
prussian,russian,0.7421875,-0.032057613134384155,6
publish,write,0.65625,0.35089194774627686,6
pumping,pumping,-2.3079967498779297,-0.097846120595932,6
pushed,pushed,-0.01904296875,-0.5259348750114441,6
ranks,species,-0.685546875,-0.11379951238632202,6
recharged,reused,1.6409912109375,0.12415191531181335,6
reefed,stowed,1.6781005859375,-0.3485867977142334,6
refreshment,repose,-0.592041015625,-0.5020619630813599,6
regional,school,1.505615234375,-0.5539988875389099,6
religious,sports,-0.564453125,-0.22602573037147522,6
remarried,reneged,-1.6562042236328125,-0.15291815996170044,6
repose,shelter,0.15496826171875,-0.2598755955696106,6
rescue,search,0.0927734375,-0.14430832862854004,6
resting,working,-2.7197265625,0.48044806718826294,6
rhythmic,symmetrical,6.054443359375,-0.21794649958610535,6
rings,sounds,-0.037109375,0.11992190778255463,6
rise,spring,-4.884979248046875,-0.025573283433914185,6
rites,symbolisms,1.6458740234375,0.33257952332496643,6
rock,soil,1.9453125,0.17880168557167053,6
rock,thicket,-3.02923583984375,0.056098535656929016,6
rocky,tangled,1.50244140625,-0.08096879720687866,6
rolls,rolls,-1.2666015625,-0.1525118350982666,6
rooms,rooms,-2.8494873046875,0.21250700950622559,6
round,round,-5.2197265625,-0.1757318377494812,6
round,strong,0.6605224609375,-0.6751115918159485,6
rounder,rounder,1.9475250244140625,0.12010045349597931,6
rubber,wool,2.234375,0.3784540593624115,6
russian,swedish,-3.0916748046875,0.3772100806236267,6
russian,yiddish,-1.1787109375,0.6518656015396118,6
sacred,secret,-1.36669921875,0.17337462306022644,6
sagacity,wit,-1.158203125,0.5298812389373779,6
savages,unintelligent,-2.88671875,0.02515539526939392,6
sea,shore,0.958984375,-0.04338720440864563,6
searched,searched,-1.9189453125,0.06950651109218597,6
searching,searching,-0.2265625,0.04966649413108826,6
secret,wrong,1.7109375,-0.1116156280040741,6
seeded,unseeded,1.0546875,-0.062462449073791504,6
ships,shore,0.24609375,0.24372605979442596,6
ships,troops,0.91064453125,0.04044327139854431,6
shook,shook,8.193206787109375,-0.23429840803146362,6
shopping,sunbathing,5.7598876953125,-0.07606565952301025,6
shrank,swelled,-5.59765625,-0.05666393041610718,6
shrill,unpleasant,-0.531982421875,-0.00982406735420227,6
silence,solitude,-3.4499340057373047,0.2527287006378174,6
silk,tea,-1.049560546875,-0.1635878086090088,6
sinks,toilets,0.10546875,0.09790384024381638,6
slept,slept,-0.158203125,-0.21742933988571167,6
soaked,swollen,0.796875,-0.17949312925338745,6
somewhat,thoroughly,2.79180908203125,0.507706344127655,6
sounds,sounds,-2.5234375,0.2380206286907196,6
south,south,3.806396484375,0.056025147438049316,6
sprightly,strong,1.016632080078125,-0.40620166063308716,6
squatting,thrusting,2.3731689453125,0.08850909769535065,6
stand,stand,5.432373046875,0.06683927774429321,6
stand,wait,0.160888671875,-0.3543660044670105,6
stately,strong,0.11065673828125,-0.09873801469802856,6
stay,stay,-0.989013671875,-0.34348422288894653,6
stay,think,2.52734375,-0.45429331064224243,6
stops,thinks,-2.5810546875,0.025355830788612366,6
streets,streets,-3.921630859375,0.4615098237991333,6
strong,successful,4.69384765625,0.3070354759693146,6
strong,swift,5.421875,-0.2043786644935608,6
strong,tight,0.71484375,0.12101298570632935,6
strong,tyrannous,5.728515625,0.03766836225986481,6
strong,unusual,2.74609375,0.013163059949874878,6
stronger,stronger,1.906982421875,-0.25114092230796814,6
sullenly,unwillingly,0.737060546875,-0.26028549671173096,6
sunsets,tea,-0.8006591796875,-0.25683122873306274,6
suspicious,wondering,1.1490478515625,-0.5263351798057556,6
sympathize,understand,1.36962890625,0.027752190828323364,6
think,think,-0.51171875,-0.012704819440841675,6
think,wait,0.84765625,0.2829887270927429,6
thoroughly,vigorously,-0.141845703125,-0.24078255891799927,6
trial,tribulations,-1.1708984375,-0.004444539546966553,6
trial,trouble,0.77484130859375,-0.043182820081710815,6
turkey,vegetables,-0.751953125,-0.021290570497512817,6
turn,turn,4.804931640625,-0.06695681810379028,6
twos,twos,-0.7919921875,-0.6590598821640015,6
uglier,uglier,0.359375,-0.17651689052581787,6
understand,write,-1.4931640625,0.37639516592025757,6
unhumanized,untamed,-1.1409912109375,-0.2312236726284027,6
unknowable,unknown,1.703125,0.038832083344459534,6
vigorously,wrong,-1.0114288330078125,0.1281174123287201,6
wait,wait,2.51220703125,-0.39116787910461426,6
waking,watching,0.2744140625,0.19370804727077484,6
weights,widths,2.6188735961914062,0.07300752401351929,6
wondering,wondering,0.452423095703125,-0.08386826515197754,6
working,working,0.2578125,-0.2014557123184204,6
years,years,-0.390625,0.20148566365242004,6
abandoned,old,-3.153564453125,-0.00012947618961334229,7
acres,acres,-1.25,-0.2137088179588318,7
activity,eagerness,-1.0048828125,0.2646101713180542,7
activity,life,-0.37225341796875,-0.2960193455219269,7
addiction,overdose,-1.140625,-0.21135881543159485,7
adult,child,0.0,0.5042520761489868,7
adult,children,4.541015625,0.4363446831703186,7
advanced,brightened,2.748046875,-0.09137189388275146,7
advertising,marketing,-1.486328125,-0.40484172105789185,7
agony,fear,1.23046875,0.4579419195652008,7
air,light,-1.94921875,0.4003443121910095,7
algerian,moroccan,0.90234375,0.06735550612211227,7
aloes,euphorbias,-1.4208984375,0.014365911483764648,7
ambitious,worldly,-2.82861328125,0.10274682193994522,7
ammunition,bombs,-1.54638671875,-0.22419792413711548,7
ammunition,weapons,3.93359375,-0.3167508840560913,7
ammunitions,weapons,1.271484375,-0.3515161871910095,7
amuse,interest,-3.12890625,-0.2283812165260315,7
anatomy,morphology,2.73828125,0.14347796142101288,7
antisemitic,nationalist,3.348724365234375,-0.5544430613517761,7
anus,urogenital,-1.9061279296875,0.43787306547164917,7
asked,blushed,4.5009765625,0.2477554976940155,7
assault,robbery,-0.0439453125,-0.14874911308288574,7
assured,final,4.73046875,0.015214532613754272,7
attentively,gravely,3.060415267944336,0.1398731768131256,7
autos,carriages,0.67578125,-0.3817480802536011,7
bags,purses,-2.642578125,0.047207653522491455,7
balanced,benign,-3.515625,0.3215112090110779,7
ballets,operas,-5.2568359375,0.3178786337375641,7
barriers,queries,0.0,-0.06278355419635773,7
bearer,flag,2.7799110412597656,-0.024950087070465088,7
bedraggled,desperate,3.4892578125,0.013456180691719055,7
bedraggled,soiled,0.984375,0.3764410614967346,7
belgian,dutch,-2.865234375,0.44549915194511414,7
belgian,moroccan,1.6142578125,0.7757799029350281,7
bent,cramped,0.9718170166015625,-0.005420476198196411,7
bent,old,-2.58551025390625,-0.11353316903114319,7
bent,worn,0.615234375,-0.3904646635055542,7
billeting,orientation,3.775390625,-0.14701256155967712,7
biology,genetics,-1.67578125,0.0772758424282074,7
bittersweet,milk,1.025390625,-0.16913259029388428,7
blabbing,tattling,-3.35986328125,0.011524200439453125,7
blind,cruel,0.2640380859375,-0.030492126941680908,7
blind,helpless,0.681640625,0.023326322436332703,7
blind,old,1.37664794921875,0.039842307567596436,7
blind,vague,-0.1015625,-0.038580313324928284,7
bloating,pain,-0.548828125,0.18524441123008728,7
blossoms,herbs,0.0,0.04729396104812622,7
blowing,blowing,-0.9609375,-0.03734204173088074,7
blowing,spitting,-4.6103515625,0.4013337790966034,7
blustering,rollicking,3.4599609375,0.0443783700466156,7
blustering,wild,3.08709716796875,-0.19181868433952332,7
boast,brag,0.2578163146972656,0.3151848018169403,7
bombs,revolution,1.02880859375,-0.2927975356578827,7
bombs,rowdies,1.353515625,-0.23591676354408264,7
bombs,weapons,-0.58447265625,-0.30832237005233765,7
bones,flesh,-0.2021484375,0.19258296489715576,7
bones,organs,-1.84521484375,-0.15383842587471008,7
bones,skeleton,2.86328125,-0.09966868162155151,7
bones,skin,-1.3603515625,0.7349120378494263,7
bows,buckles,0.0,-0.24188482761383057,7
bragged,bragged,-3.543701171875,-0.0607723593711853,7
bribery,extortion,-1.23681640625,0.010777115821838379,7
bribery,promises,-0.18487548828125,-0.10915619134902954,7
bribes,promises,-0.08203125,0.0025886595249176025,7
brisk,light,-2.056640625,0.3377418518066406,7
bromides,iodides,2.1494140625,0.48298633098602295,7
bronchitis,scabies,-0.3250551223754883,0.3396586775779724,7
brush,grass,-7.53857421875,-0.32006001472473145,7
brush,poles,-1.71875,-0.1616714894771576,7
bucked,roared,-2.85888671875,0.0992828905582428,7
bulletproof,tactical,4.140625,0.20968183875083923,7
bushels,bushels,1.0615234375,-0.25712674856185913,7
bushes,grass,0.052734375,0.4243990182876587,7
bushes,thorns,1.11090087890625,0.16463351249694824,7
businesses,citizens,0.853515625,-0.27173858880996704,7
businesses,colonies,3.7279052734375,-0.2685532569885254,7
businesses,properties,-3.6875,-0.03857801854610443,7
butlers,sex,-3.435546875,-0.19887560606002808,7
calculated,deliberate,-1.48431396484375,0.6943168640136719,7
calm,deadly,-0.3408203125,0.1763313114643097,7
calm,delightful,1.2578125,0.21976599097251892,7
calm,light,1.29736328125,-0.007863670587539673,7
calm,quiet,-4.1724853515625,0.19446520507335663,7
calm,sedate,0.61328125,0.06284952908754349,7
calm,stability,0.28375244140625,0.2056809812784195,7
calm,sunshine,-0.150390625,-0.24014997482299805,7
canons,statutes,1.970703125,-0.3361366391181946,7
carefulness,indifference,-0.03887939453125,-0.13191697001457214,7
carriages,motorcars,-1.7440185546875,-0.15578821301460266,7
cart,harness,0.3524169921875,0.11987456679344177,7
cases,casks,-2.8974609375,0.5829657316207886,7
cases,complaints,1.6611328125,0.27372223138809204,7
cases,presses,3.40625,0.40347808599472046,7
caught,kept,0.90234375,-0.5007977485656738,7
celebrate,drink,2.4658203125,0.2585066854953766,7
central,large,-1.16259765625,0.2793372869491577,7
charabancs,charabancs,-2.9970703125,-0.045869484543800354,7
cheapest,easiest,-0.634765625,-0.13831108808517456,7
chess,rugby,-2.9112548828125,0.05111141502857208,7
child,child,0.1136474609375,-0.03950729966163635,7
children,gum,-2.45849609375,-0.07609742879867554,7
children,hens,-6.155487060546875,-0.15277814865112305,7
children,ladies,0.07177734375,0.01039460301399231,7
children,milk,4.1573486328125,0.17444148659706116,7
children,pensioners,-0.759765625,0.2690333425998688,7
children,substitute,0.01171875,0.6102792024612427,7
citizens,musicians,2.4689712524414062,0.15943756699562073,7
citronellol,geraniol,-1.937255859375,0.083408422768116,7
civilians,warriors,-1.076171875,0.2785062789916992,7
clapped,clapped,0.19140625,0.19269543886184692,7
clapped,roared,0.94140625,0.06624794006347656,7
claws,legs,-0.3828125,0.04574054479598999,7
clinopyroxene,nepheline,0.79296875,-0.3388932943344116,7
clues,criminals,-4.0693359375,0.05588310956954956,7
clues,maps,-1.66015625,0.22062060236930847,7
cockroackes,temites,-0.8740234375,-0.3571223020553589,7
collectors,museums,3.89599609375,0.09934146702289581,7
concentrated,deliberate,-1.345703125,0.6724934577941895,7
cones,tapes,-5.0419921875,0.014696687459945679,7
confined,insane,0.637939453125,0.023219406604766846,7
connoisseurs,ladies,0.625,-0.155367910861969,7
contamination,pollution,-3.236328125,-0.11957556009292603,7
contradictory,vague,-1.837890625,-0.2615436911582947,7
convenient,large,-3.068359375,0.05910959839820862,7
convenient,serious,-1.94140625,0.13801968097686768,7
copied,remembered,-3.328125,0.44409364461898804,7
cornflakes,milk,-0.6729297637939453,0.19021126627922058,7
courageous,old,3.9954833984375,0.11346428841352463,7
cower,shrink,-1.127777099609375,0.059472717344760895,7
crackled,glowed,3.470703125,0.2379906326532364,7
crackled,roared,-1.3240966796875,0.24507367610931396,7
crashing,crashing,-0.130859375,0.32215017080307007,7
crashing,thudding,3.6044921875,0.001280173659324646,7
creepy,impressive,2.501708984375,-0.2097519338130951,7
crime,drugs,0.81829833984375,-0.4329204559326172,7
crime,sex,-0.361480712890625,-0.20339572429656982,7
criminality,hardship,1.76953125,-0.3397677540779114,7
criminals,dungeons,2.26611328125,-0.20300939679145813,7
criminals,thieves,0.90234375,-0.2805657386779785,7
criminals,vagabonds,-1.5423583984375,0.06159679591655731,7
crops,harvest,-0.5333251953125,-0.02743755280971527,7
crops,properties,2.134765625,-0.020315900444984436,7
crossness,meddling,-4.80078125,0.0978739932179451,7
cruel,disastrous,1.50390625,0.27030372619628906,7
cruel,envious,0.90478515625,0.27530306577682495,7
cruel,inconceivable,3.568359375,-0.0066630542278289795,7
cruel,paranoid,-1.8876953125,0.13415993750095367,7
cruel,stormy,1.78717041015625,0.01723209023475647,7
cruel,wasteful,-9.72332763671875,0.23688751459121704,7
cruel,wild,-3.18475341796875,0.07761183381080627,7
curiosity,eagerness,-1.357421875,0.08343887329101562,7
curiosity,interest,-0.556396484375,-0.16723251342773438,7
curiosity,pain,-0.6083984375,0.2715926766395569,7
currently,formerly,-0.9017949104309082,-0.10184314846992493,7
curtsy,smile,1.47265625,0.3154374957084656,7
dainty,particular,-1.267822265625,-0.09566867351531982,7
dainty,soft,0.275390625,0.16648387908935547,7
danced,sang,-1.7578125,0.058144815266132355,7
deliberate,mock,-3.318359375,-0.5166164636611938,7
deliberated,sat,2.98638916015625,-0.10602420568466187,7
delightful,generous,1.6142578125,-0.10340136289596558,7
delightful,quiet,-6.580078125,0.08898787200450897,7
deliverance,guidance,-2.263671875,-0.07505655288696289,7
demandingly,harshly,-0.76416015625,-0.04541248083114624,7
democracy,socialism,0.642578125,-0.4424993395805359,7
dental,vision,7.41876220703125,0.0811547040939331,7
depressed,quiet,-1.55078125,0.05053108185529709,7
depressed,uneasy,-1.455078125,0.512657642364502,7
desolation,woe,0.6259765625,-0.3960649371147156,7
despatch,ease,3.32421875,0.1005803793668747,7
desperate,disorganized,1.2421875,0.17638757824897766,7
destiny,life,-0.05859375,-0.32473644614219666,7
destiny,vision,0.5048828125,-0.1340283453464508,7
dialogues,fugues,-1.169921875,0.10515160113573074,7
differences,resemblances,-6.671875,0.2602095603942871,7
differences,variations,0.25341796875,0.10650712251663208,7
discovered,mined,1.4833984375,0.21378354728221893,7
discussions,meetings,3.87744140625,-0.5072150826454163,7
diseases,genetics,1.3017578125,0.461544930934906,7
diseases,viruses,1.3995361328125,0.23472097516059875,7
disheveled,wild,-1.28125,0.0652971863746643,7
displayed,stored,1.2421875,0.07880368828773499,7
displays,exhibits,0.7739143371582031,-0.3222759962081909,7
dissolute,idle,0.9140625,-0.062311723828315735,7
distributed,versioned,3.2666015625,-0.04078781604766846,7
drama,satirical,-1.6673583984375,-0.07564756274223328,7
dread,eagerness,2.7203369140625,0.14511922001838684,7
dread,fear,-0.1976318359375,0.009250983595848083,7
dreamless,drugged,-1.2109375,-0.011238425970077515,7
dress,jewellery,1.49951171875,-0.5335189700126648,7
dress,talk,-2.904296875,-0.7142126560211182,7
dress,towel,1.8488225936889648,-0.5522646903991699,7
drink,drugs,0.328125,-0.8327448964118958,7
drink,sail,0.453125,-0.4065088629722595,7
drink,smile,-0.6943359375,-0.4006469249725342,7
drink,talk,1.0048828125,-0.6811974048614502,7
driven,tugged,1.9888916015625,0.19767124950885773,7
drugs,homelessness,1.548828125,0.10150986909866333,7
drugs,sex,-1.154541015625,-0.14815378189086914,7
drugs,weapons,2.162109375,-0.36298686265945435,7
duck,squash,0.4736328125,-0.08206331729888916,7
dutch,english,-0.701171875,0.2587217688560486,7
eachother,nature,-5.36865234375,0.35852229595184326,7
eagerness,exultation,1.54638671875,0.11429953575134277,7
eagerness,regret,1.6925268173217773,-0.09164884686470032,7
earthquakes,tornadoes,0.2666015625,-0.353255033493042,7
earthquakes,volcanoes,0.73828125,-0.18073365092277527,7
ease,quiet,2.884368896484375,0.03409898281097412,7
economic,environmental,4.8626708984375,-0.2136252224445343,7
editing,writing,-3.55078125,0.17491133511066437,7
egoistic,inflexible,-0.1015625,-0.07140140235424042,7
enabling,enabling,2.271484375,0.12650449573993683,7
engineers,physicists,-1.4866790771484375,0.293279230594635,7
english,italian,3.0078125,0.0761212706565857,7
epilepsy,schizophrenia,-4.610595703125,-0.2404998540878296,7
erm,fertile,-7.73974609375,0.2455638349056244,7
erm,revolution,-2.01806640625,0.1808512806892395,7
erm,talk,-0.53515625,0.16485336422920227,7
erm,weight,4.23583984375,0.49122631549835205,7
ever,ever,2.69921875,-0.6319922804832458,7
ever,forever,-5.283203125,-0.5614205002784729,7
evildoers,murderers,-0.5107421875,-0.23655074834823608,7
excited,hysterical,1.4580078125,-0.13442310690879822,7
excited,irritable,3.96484375,-0.06246078014373779,7
excited,large,-0.96875,0.17261122167110443,7
excited,pleased,1.6632919311523438,0.36202943325042725,7
excited,wild,7.0703125,0.013308808207511902,7
excited,wise,-4.6380615234375,0.12366120517253876,7
exhibits,papers,0.32666015625,-0.08454269170761108,7
exhibits,sales,0.34765625,-0.2761423885822296,7
experienced,old,-4.0625,0.11981893330812454,7
experienced,wise,-0.51171875,0.05494483560323715,7
expression,feeling,2.392578125,-0.05478169023990631,7
expression,spirit,0.853515625,0.04382362961769104,7
extravagant,wasteful,-1.4404296875,-0.06976954638957977,7
fear,fury,-0.74609375,-0.16038179397583008,7
fear,indignation,4.09326171875,0.10488121211528778,7
fear,pain,-0.5068359375,-0.0035534948110580444,7
feathered,furry,0.06622314453125,0.2302972376346588,7
feeling,life,-0.74609375,-0.45007556676864624,7
fertile,populous,1.223876953125,0.19422586262226105,7
final,forth,-0.732421875,-0.2727090120315552,7
final,fourth,-4.27392578125,-0.1265747845172882,7
flag,streamer,-0.486114501953125,-0.07911226153373718,7
flat,large,5.638671875,0.31253841519355774,7
flat,sandy,6.61077880859375,0.6215599775314331,7
flesh,flesh,0.009765625,-0.07541465759277344,7
fluorescence,ionization,-1.45489501953125,-0.09042760729789734,7
folktales,legends,-1.0858154296875,-0.1995561420917511,7
forever,forever,0.0087890625,-0.5178084373474121,7
forever,once,-0.57421875,-0.8498614430427551,7
formality,legality,6.1953125,-0.05833926796913147,7
fourth,only,6.5380859375,0.061888188123703,7
fructose,glucose,2.98828125,0.3218102753162384,7
fuller,fuller,-3.3046875,-0.07422493398189545,7
fuller,higher,0.260009765625,-0.27566033601760864,7
furry,soft,-6.486358642578125,0.22825203835964203,7
fury,pain,0.48828125,0.5612187385559082,7
fury,sound,-0.005859375,0.2440737783908844,7
garrulous,italian,2.4024658203125,0.04781273007392883,7
generous,large,1.97772216796875,0.1102980226278305,7
generous,sportsmanlike,0.0390625,-0.38273924589157104,7
generous,virtuous,-1.041748046875,0.1119665652513504,7
gin,sex,-1.91064453125,0.2550467252731323,7
glad,lightsome,-1.451416015625,-0.010478377342224121,7
globalisation,imperialism,1.91796875,-0.14074677228927612,7
globalisation,industrialisation,1.5845947265625,-0.2994813919067383,7
gradually,irregularly,1.331695556640625,-0.25309741497039795,7
grammar,words,2.9459686279296875,-0.24251848459243774,7
grass,hay,-5.2515869140625,-0.5195925235748291,7
grasses,herbs,2.2138671875,0.3005470931529999,7
grasses,sedges,-1.52960205078125,0.23327302932739258,7
grit,spirit,5.05517578125,0.230772465467453,7
growling,growling,3.8291015625,0.08614904433488846,7
growling,grunting,1.904998779296875,0.22900786995887756,7
growling,snarling,-1.2880859375,0.08588720858097076,7
growly,raspy,0.9404296875,0.21822808682918549,7
grunting,straining,2.306884765625,0.2612399160861969,7
grunts,shouts,-4.42578125,-0.1932225525379181,7
grunts,sighs,-1.970489501953125,0.210342675447464,7
guitar,keyboards,-2.9462890625,-0.10747736692428589,7
habit,instinct,-0.042026519775390625,0.2613380551338196,7
hacking,stealing,-2.08935546875,-0.03528222441673279,7
hardship,pain,3.4569625854492188,0.6882966756820679,7
harshly,unjustly,-2.525390625,0.41527798771858215,7
haughty,imperious,-0.998046875,-0.22729277610778809,7
haughty,pompous,-1.7744140625,0.2326335310935974,7
healthcare,hospitals,2.072265625,0.14540517330169678,7
hear,obey,2.8857421875,0.22548401355743408,7
hear,talk,-9.896682739257812,-0.15610918402671814,7
helpless,ignorant,-2.65625,0.2633194029331207,7
herbs,perfumes,-2.19580078125,0.06051558256149292,7
higher,higher,-1.66015625,-0.04391017556190491,7
higher,hotter,2.1484375,0.02126498520374298,7
hoed,hoed,1.5390625,-0.43617820739746094,7
hospitals,hostels,-3.10198974609375,-0.15049868822097778,7
hotter,hotter,-4.7763671875,0.002345457673072815,7
hovels,palaces,-1.4892578125,-0.2729852795600891,7
huge,influential,-0.70263671875,0.14725270867347717,7
huge,unexpected,1.15673828125,-0.020782828330993652,7
humor,spirit,3.60595703125,0.49252018332481384,7
humor,words,1.01953125,0.130355104804039,7
hurrahs,shouts,0.37890625,0.14889076352119446,7
hurried,unconnected,-0.3104248046875,0.30344733595848083,7
idle,ignorant,3.443359375,0.1542680710554123,7
ignorant,laughable,6.1826171875,-0.07132014632225037,7
ignorant,wild,-4.40478515625,-0.0072890520095825195,7
inclusive,pragmatic,-1.375244140625,-0.031310319900512695,7
indirect,vague,0.9482421875,-0.13231873512268066,7
individual,mine,-2.64453125,0.20503653585910797,7
influential,large,-0.291259765625,0.10163277387619019,7
insinuating,soft,-1.9296875,-0.11580836772918701,7
instruments,themes,-2.59765625,0.15383976697921753,7
interest,life,-0.8154296875,0.09421510994434357,7
iranian,islamic,2.41796875,-0.23095327615737915,7
iranian,persian,5.048583984375,-0.33035093545913696,7
islamic,nationalist,-2.6025390625,-0.23683351278305054,7
jounces,jounces,0.417236328125,0.3314756751060486,7
kicking,rearing,0.9208984375,-0.03397579491138458,7
kicking,scrambling,2.75,-0.10956871509552002,7
kill,torture,-1.8125,-0.0235937237739563,7
knotty,large,-6.1982421875,-0.038325026631355286,7
kurdish,turkish,0.7830963134765625,-0.3036156892776489,7
lady,monkey,-5.28009033203125,-0.3123509883880615,7
language,region,1.548828125,-0.3140021860599518,7
language,words,-1.9013671875,-0.10679572820663452,7
large,larger,3.453125,0.04107105731964111,7
large,quiet,-1.05859375,0.34078794717788696,7
large,ripe,-0.3566741943359375,0.4130721092224121,7
large,scenic,-1.8623046875,-0.0062720924615859985,7
large,selected,0.5598068237304688,0.21049368381500244,7
large,staring,-4.025634765625,-0.07139421999454498,7
large,variegated,1.3515625,0.10761378705501556,7
large,wavy,-4.37890625,0.5195605754852295,7
large,woolly,-0.584747314453125,0.21353024244308472,7
larger,larger,-7.2696990966796875,-0.02641838788986206,7
laughable,pathetic,-1.994140625,-0.04843917489051819,7
leadership,ownership,-2.1669921875,-0.19551324844360352,7
leadership,tactical,-1.056640625,0.14633166790008545,7
lean,tall,-1.876953125,-0.13524788618087769,7
leisure,means,-1.5791015625,-0.34093177318573,7
liberty,life,-3.4662399291992188,0.05836215615272522,7
life,light,-0.08683395385742188,0.21664384007453918,7
life,nature,-1.591796875,0.1309889554977417,7
life,quickness,-5.51953125,-0.04564794898033142,7
life,spirit,0.51708984375,0.17979680001735687,7
life,substance,-0.8310546875,0.20531302690505981,7
light,queer,5.058052062988281,0.09378182888031006,7
light,room,10.447265625,-0.07674884796142578,7
light,sound,-0.45703125,0.24337849020957947,7
light,sunshine,-7.1748046875,-0.12305140495300293,7
light,varying,-0.67578125,-0.1009412407875061,7
light,woolly,-0.73468017578125,-0.22877353429794312,7
lists,maps,-4.924072265625,0.023542284965515137,7
lithium,risperidone,0.4525146484375,-0.06852605938911438,7
lordly,tall,0.5769805908203125,0.1655222475528717,7
maintaining,writing,-3.5445556640625,0.3517645597457886,7
maps,papers,2.220703125,-0.22707051038742065,7
marshland,meadow,-0.8188323974609375,0.2069173902273178,7
masterless,wretched,1.968414306640625,0.08419608324766159,7
masters,monks,-2.7447128295898438,-0.11605390906333923,7
medicinal,vegetable,-2.63037109375,-0.21878302097320557,7
members,stewards,-1.4794921875,-0.007978782057762146,7
menopausal,old,-0.6405582427978516,-0.07349357008934021,7
metaphorically,poetically,-0.9755859375,-0.08120724558830261,7
mine,mine,-2.494140625,-0.44593220949172974,7
mine,thine,0.836669921875,-0.5984992384910583,7
moaning,sleepless,0.88330078125,-0.1140156090259552,7
morally,spiritually,-1.32177734375,0.20128673315048218,7
moroccan,turkish,-2.7216796875,-0.3279572129249573,7
mortification,pain,1.0772209167480469,0.3329277038574219,7
mortification,regret,1.431121826171875,-0.14007240533828735,7
muddy,sandy,-3.669921875,0.039177268743515015,7
muddy,soft,3.240234375,0.2977113723754883,7
murderers,thieves,-0.64453125,-0.1519545614719391,7
musicians,singers,-1.6484375,0.18761779367923737,7
mutinous,sulky,1.0,0.004485622048377991,7
mutual,spatial,4.07861328125,0.31864476203918457,7
nails,twine,1.00238037109375,-0.2794770896434784,7
niggardly,stingy,-2.68359375,-0.15967720746994019,7
oceans,rivers,-3.0992431640625,-0.03567695617675781,7
offerings,sacrifice,1.4854736328125,-0.24714615941047668,7
often,often,2.3251953125,-0.35316145420074463,7
old,seasoned,-2.0234375,0.32998648285865784,7
old,senile,-2.116455078125,0.04849056899547577,7
old,unsure,-0.923828125,0.36181825399398804,7
old,wise,-4.7578125,0.24079963564872742,7
old,worn,3.19921875,0.09836018085479736,7
once,once,-1.17431640625,-0.5830127000808716,7
orchestra,singers,-2.3638687133789062,0.24102354049682617,7
organs,skin,0.494140625,0.7242476344108582,7
packed,strapped,-0.0322265625,-0.02812710404396057,7
paddled,rowed,4.2354736328125,0.07450462877750397,7
pain,regret,0.265625,0.05069880187511444,7
pain,torture,1.783416748046875,-0.021977931261062622,7
pain,weight,2.1337890625,0.04516315460205078,7
paintings,sculptures,-2.3756103515625,0.19625836610794067,7
pastures,rivers,-2.3616485595703125,-0.18301406502723694,7
pathological,physiological,1.7073974609375,0.01903700828552246,7
peritoneal,subdural,9.76800537109375,-0.25398746132850647,7
persian,purple,-0.73046875,0.06278043240308762,7
persian,turkish,11.65625,-0.23731350898742676,7
pierced,punctured,4.128181457519531,0.16314324736595154,7
pilgrims,traders,2.690582275390625,-0.06584522128105164,7
pinioned,shackled,0.435546875,0.11905479431152344,7
pirut,pup,-1.920745849609375,0.4442206025123596,7
pitted,scarred,-2.781982421875,0.032514020800590515,7
places,rivers,2.0062255859375,0.06160098314285278,7
planters,traders,1.762451171875,-0.29359498620033264,7
playing,playing,1.404296875,-0.19373467564582825,7
plucky,quiet,4.714485168457031,0.10844811797142029,7
plump,tall,-2.66796875,-0.042472004890441895,7
polluting,toxic,-1.099212646484375,0.0021661967039108276,7
practice,practice,2.275390625,-0.18719178438186646,7
practice,prescription,-0.515625,-0.047868162393569946,7
progress,stability,-2.7734375,-0.35085582733154297,7
progress,weight,0.87164306640625,-0.1477733850479126,7
purse,sword,1.80859375,-0.47005313634872437,7
quiet,reputable,5.533203125,0.02791382372379303,7
quiet,reserved,2.256591796875,-0.0859881043434143,7
quiet,restful,-4.034423828125,0.15792393684387207,7
quiet,soft,-0.986328125,0.0012044012546539307,7
quiet,wild,2.349609375,-0.0704348087310791,7
quietly,subtly,4.48388671875,-0.1613103449344635,7
rifle,shotgun,0.15630531311035156,-0.3815452456474304,7
riflebirds,sicklebills,2.5029296875,-0.06889760494232178,7
sail,sail,-5.4599609375,0.5951279401779175,7
sang,sang,-1.0770263671875,0.29251495003700256,7
scarred,worn,0.64453125,0.09968563914299011,7
serious,unexpected,-3.603515625,-0.27765578031539917,7
serious,wise,-3.40283203125,0.05118124186992645,7
shouts,sound,1.09271240234375,0.14763757586479187,7
shouts,trills,-7.3671875,0.04071241617202759,7
sights,sights,5.12109375,-0.10367771983146667,7
signification,signs,1.060546875,-0.6867237091064453,7
signs,words,0.98345947265625,-0.332136332988739,7
simplified,simplistic,-1.046875,-0.12073904275894165,7
skinny,tall,-0.1998291015625,-0.20070695877075195,7
smell,sound,-0.04901123046875,-0.09492754936218262,7
smell,vision,2.099609375,-0.12489709258079529,7
smile,smile,-3.6573486328125,-0.18787020444869995,7
smile,talk,-4.912109375,-0.5739949941635132,7
snarling,spitting,-3.625,0.2970752716064453,7
snarling,underhanded,-3.2021484375,0.12587842345237732,7
soft,tall,-0.56396484375,0.15856322646141052,7
soft,wavy,2.30419921875,0.3340141773223877,7
soft,woolly,1.7490386962890625,0.006285682320594788,7
soiled,thumbed,-0.67120361328125,-0.11551305651664734,7
solidarity,subsidiarity,-1.636962890625,0.22593678534030914,7
sound,visibility,-1.2080078125,0.625063419342041,7
sparkled,widened,3.29296875,-0.21303912997245789,7
specially,symbolically,1.9013671875,-0.5279443264007568,7
splashed,tugged,-5.78814697265625,-0.02088722586631775,7
staring,wild,5.8359375,0.08763453364372253,7
storm,sunshine,0.3099365234375,-0.4141731262207031,7
strawberry,strawberry,-1.48486328125,-0.02473267912864685,7
syrup,tar,-0.22021484375,-0.20224618911743164,7
talk,talk,-1.74908447265625,-0.04797804355621338,7
tall,weight,-2.95068359375,0.8080832958221436,7
tugged,tugged,-0.1796875,-0.00849062204360962,7
uneasy,wretched,2.1524658203125,-0.10225501656532288,7
unexpected,unwelcome,-0.75,-0.05368019640445709,7
unloaded,unsaddled,-2.767578125,-0.1317065954208374,7
vague,woolly,-3.33203125,-0.052114665508270264,7
verses,words,3.42926025390625,-0.33148592710494995,7
wavier,wavier,-3.330078125,-0.028616726398468018,7
wild,woolly,1.59765625,0.020740613341331482,7
wild,wooly,-0.0849609375,-0.00243590772151947,7
xxx,xxx,-2.4248046875,0.13129186630249023,7
ability,determination,2.4853515625,0.03270675241947174,8
abort,miscarry,11.265625,-0.05821371078491211,8
aboyne,called,-0.13847732543945312,0.26494890451431274,8
absolutely,wholeheartedly,0.7607421875,-0.36609211564064026,8
acid,alkali,1.594573974609375,-0.1656106412410736,8
actress,comedian,-4.84375,-0.17657724022865295,8
acute,earnest,3.101806640625,-0.2942751944065094,8
administrative,business,4.3704071044921875,-0.04236641526222229,8
administrative,territorial,-3.7373046875,0.09973977506160736,8
aged,feeble,-2.779296875,0.21367785334587097,8
aged,hungry,-7.5234375,-0.08660551905632019,8
aged,infirm,3.150390625,0.05383266508579254,8
aid,grant,0.845703125,-0.19996458292007446,8
alertness,power,0.0,0.029867753386497498,8
alive,beautiful,-0.5692100524902344,0.0756535530090332,8
alive,brilliant,0.294189453125,-0.005384862422943115,8
alive,sharp,0.71923828125,-0.014236658811569214,8
alive,unharmed,-1.7841796875,-0.0034421682357788086,8
alive,whole,6.197174072265625,-0.028680220246315002,8
amantadine,rimantadine,1.98736572265625,0.03424292802810669,8
anarchic,unpredictable,-1.52423095703125,0.1675681173801422,8
anarchist,communist,-2.71630859375,-0.12811148166656494,8
angels,demons,0.103515625,0.23593410849571228,8
apologies,lies,0.0,-0.10268378257751465,8
apologies,surprise,2.3466796875,0.15872670710086823,8
apologies,thanks,2.48046875,0.2887303829193115,8
appeal,fortrial,1.283203125,-0.33386799693107605,8
appearance,function,-0.2724609375,-0.2068774700164795,8
appearance,functionality,-1.104248046875,-0.19376948475837708,8
appearance,rigging,-3.36505126953125,0.03069329261779785,8
applauded,laughed,2.1170654296875,0.03207118809223175,8
aristocrats,conservatives,-3.1943359375,-0.14779463410377502,8
art,business,-0.090087890625,0.1842302531003952,8
art,culture,0.0,0.04503001272678375,8
art,femininity,4.791015625,0.39364543557167053,8
art,poems,2.9432373046875,0.4708448350429535,8
art,power,-2.8311767578125,0.4411581754684448,8
ascendancy,power,-2.07025146484375,0.05611288547515869,8
aspects,epithets,1.9638671875,-0.1740589439868927,8
astronomy,math,-8.82208251953125,-0.09281069040298462,8
autopsy,identification,-3.5546875,-0.04894062876701355,8
babies,boys,4.046875,-0.019388467073440552,8
backpackers,climbers,-1.163818359375,-0.1147182285785675,8
ballrooms,hotels,1.0234375,0.22558873891830444,8
banksias,woodland,0.62890625,-0.23735347390174866,8
barges,boats,-3.765625,-0.14042121171951294,8
bearded,brown,1.8828125,0.00875118374824524,8
beautiful,brilliant,-2.596923828125,0.028950154781341553,8
beautiful,busy,1.3583984375,-0.23634561896324158,8
beautiful,carefree,-2.970916748046875,-0.2244763970375061,8
beautiful,foolish,-0.0908203125,-0.016360968351364136,8
beautiful,great,0.425537109375,-0.159801185131073,8
beautiful,historic,-2.083984375,-0.49243512749671936,8
beautiful,kind,-1.416015625,-0.01855836808681488,8
beautiful,neat,-1.324462890625,0.04315951466560364,8
beautiful,rational,-2.258056640625,-0.031781941652297974,8
beautiful,serene,-1.357421875,0.027937069535255432,8
beautiful,shining,-3.361328125,-0.12080773711204529,8
beautiful,smart,-7.0263671875,0.17697098851203918,8
beautiful,young,-0.427734375,-0.19955986738204956,8
beauty,happiness,-1.4560546875,-0.18246078491210938,8
beauty,health,-3.109375,-0.3942886292934418,8
beauty,joy,-4.442230224609375,-0.1935407817363739,8
beauty,placability,1.0576171875,-0.22158995270729065,8
beauty,rest,-2.32421875,-0.3566211760044098,8
beauty,ugliness,-11.314453125,-0.24993637204170227,8
beg,beg,0.796875,0.01940786838531494,8
beg,cry,-0.09411239624023438,-0.19077834486961365,8
behaves,interacts,1.453125,-0.1336314082145691,8
beliefs,rules,-1.644287109375,-0.41684892773628235,8
belonging,unity,-4.0986328125,0.21594370901584625,8
belt,car,0.1953125,-0.1004815399646759,8
bile,lies,-0.1552734375,-0.3697832524776459,8
biscuits,nuts,-2.587470054626465,-0.16664132475852966,8
biscuits,shortcake,-1.75634765625,0.1299327313899994,8
blast,damn,3.970703125,0.04732237756252289,8
bleaker,bleaker,-0.181640625,-0.07791516184806824,8
blew,blew,-0.056884765625,0.1449533998966217,8
blinked,gasped,-6.19580078125,0.28435105085372925,8
boats,sails,0.8338623046875,-0.07796189188957214,8
boats,shipping,-2.564453125,0.21282999217510223,8
bodies,minds,-5.9619140625,-0.28798848390579224,8
body,head,-3.6093764305114746,-0.08667713403701782,8
body,limbs,1.19921875,-0.22062870860099792,8
body,soul,-3.796875,-0.0657147467136383,8
boiled,bubbled,-1.31591796875,0.09108883142471313,8
boiled,pounded,0.72314453125,0.21203185617923737,8
boiling,evaporation,-4.59765625,0.07113251090049744,8
boldness,unconcern,-10.2890625,0.06618118286132812,8
bookplates,trademarks,-0.693115234375,-0.033940017223358154,8
boredom,disgust,1.14495849609375,0.17348158359527588,8
bounces,imitates,1.271484375,-0.05599972605705261,8
bowls,cups,-0.2265625,0.23476533591747284,8
boys,boys,-0.542724609375,-0.2858986556529999,8
boys,cooks,7.42041015625,-0.09616720676422119,8
boys,mother,-2.4982833862304688,-0.12448960542678833,8
boys,quarry,4.44921875,-0.2255409061908722,8
brick,glass,2.80523681640625,0.014114856719970703,8
brilliant,brown,1.0400390625,-0.31150034070014954,8
brilliant,striking,-2.111328125,0.06914490461349487,8
broken,empty,-0.549560546875,0.09956791996955872,8
broken,gnarled,-0.52294921875,-0.3178873360157013,8
broken,sharp,2.5908203125,-0.09332367777824402,8
bronze,brown,3.303466796875,0.07320815324783325,8
brown,dry,-2.8349609375,-0.1238192617893219,8
brown,juicy,-3.29345703125,0.05653578042984009,8
brown,kind,-0.25390625,-0.04187515377998352,8
brown,russet,-0.0458984375,-0.10541221499443054,8
brown,shining,-1.0255126953125,-0.18736442923545837,8
bruising,scars,3.61041259765625,0.25807130336761475,8
brushing,rustling,-0.923828125,-0.3806779086589813,8
brushing,washing,2.567626953125,0.07534544169902802,8
bubbles,dimple,-0.8299560546875,-0.053714901208877563,8
bubbles,oil,-0.392578125,-0.10199090838432312,8
bulkiest,heaviest,1.310546875,0.08183042705059052,8
bullwinkle,julia,0.887939453125,0.3657369911670685,8
business,fun,-0.9033203125,-0.02406403422355652,8
bustle,stir,-7.29296875,0.2799237370491028,8
caesium,thallium,-1.2705078125,-0.29268553853034973,8
called,called,-6.434030532836914,-0.10392782092094421,8
called,stopped,0.1728515625,-0.2830462157726288,8
callers,visitors,-1.609375,-0.01866018772125244,8
calling,calling,-1.79962158203125,0.1746683120727539,8
calling,laughing,-0.5419921875,0.056612446904182434,8
candles,pizza,-5.1175537109375,0.15090055763721466,8
candles,ropes,2.335235595703125,0.12086093425750732,8
cannibals,drunkards,-2.78125,-0.08628401160240173,8
car,mother,-2.3138427734375,0.24681982398033142,8
car,pitcher,1.7359619140625,0.1964852511882782,8
car,watches,-0.34490966796875,0.10928569734096527,8
carol,song,-2.9453125,0.1841411590576172,8
cartridges,cassettes,0.326171875,0.10859666019678116,8
cells,organisms,5.7578125,-0.08626881241798401,8
ceramics,glass,-2.9296875,0.224115788936615,8
ceramics,metals,2.66998291015625,-0.21508333086967468,8
changeable,unpredictable,2.90478515625,0.34085366129875183,8
charismatic,pentecostal,1.57421875,0.3659570515155792,8
chat,rest,0.359619140625,0.01458805799484253,8
chatting,greeting,-2.66943359375,-0.09141817688941956,8
chatting,laughing,0.2902793884277344,0.01971694827079773,8
cheaper,divided,-2.9150390625,-0.11481404304504395,8
cheep,stir,0.332763671875,-0.11903822422027588,8
cheer,cheer,-0.9559326171875,0.2522055506706238,8
cheer,happiness,-0.1328125,0.300963431596756,8
cheer,shorten,3.51953125,0.1768856942653656,8
cheery,helpful,1.9541015625,0.10164092481136322,8
cheery,soul,3.3203125,0.0937386155128479,8
chicken,mushroom,1.79296875,0.4504169225692749,8
chicken,potatoes,-1.4130859375,0.3188498616218567,8
chicken,waffles,1.04595947265625,0.2892645597457886,8
chink,daub,0.4228515625,-0.14942237734794617,8
chocolates,sweets,-2.84765625,-0.09838253259658813,8
choky,little,-0.169677734375,-0.02999553084373474,8
clicking,rustling,6.9296875,-0.28583475947380066,8
clicking,scraping,-1.7077655792236328,0.05868658423423767,8
coally,tom,2.248046875,-0.2953547537326813,8
commandant,syndic,1.640625,-0.16397008299827576,8
commandments,laws,0.671875,-0.20604854822158813,8
common,european,-5.087890625,-0.6791272163391113,8
common,indubitable,-0.435791015625,-0.499735027551651,8
common,silly,-0.609375,-0.22755149006843567,8
concluding,third,-0.337890625,-0.08068734407424927,8
condescension,patronizing,-0.6229248046875,0.2583128809928894,8
consideration,honour,0.723876953125,0.16354694962501526,8
console,pity,0.484375,0.14217986166477203,8
consternation,surprise,-2.954345703125,0.11057145148515701,8
contact,separate,1.009765625,-0.049141258001327515,8
convex,discrete,1.15234375,-0.07291045784950256,8
courses,programs,2.189453125,-0.2801368534564972,8
crayfish,spiders,-1.28662109375,0.3766855299472809,8
crazy,feeble,1.115234375,0.27591845393180847,8
crazy,fun,-4.37451171875,0.5180051326751709,8
crazy,funny,2.1025390625,0.07877141237258911,8
crazy,kinky,1.8603515625,-0.07050615549087524,8
crazy,silly,-0.033203125,0.14484277367591858,8
crippled,thief,-0.59423828125,0.17230398952960968,8
crossdisciplinarity,multidisciplinarity,-0.865234375,0.07520943880081177,8
cry,cry,-1.4296875,0.2654793858528137,8
cry,fret,-4.943359375,0.05580267310142517,8
cry,mourn,7.53271484375,0.20376884937286377,8
cry,pout,-11.0169677734375,0.5304980278015137,8
culture,health,-0.874755859375,-0.14485576748847961,8
culture,laws,0.208740234375,-0.0405443012714386,8
culture,liberality,0.173828125,0.14605244994163513,8
cups,pitcher,2.30828857421875,-0.26494553685188293,8
cups,saucers,4.05224609375,-0.17188569903373718,8
cursing,raving,-1.40478515625,0.1015264242887497,8
cursing,yelling,-1.93341064453125,-0.03672121465206146,8
daisies,heather,-0.8941650390625,0.49373486638069153,8
dances,torches,-3.7484021186828613,0.018402069807052612,8
days,days,2.478515625,0.000808030366897583,8
dearer,nearer,1.4436225891113281,-0.22904768586158752,8
deeper,deeper,-3.968505859375,0.1357840597629547,8
delicious,juicy,0.83203125,0.17985519766807556,8
delicious,supple,3.09375,-0.04475918412208557,8
demons,dragons,-6.591796875,-0.29301801323890686,8
depressions,sinkholes,1.3232421875,-0.0965915322303772,8
deserted,empty,1.376953125,0.6186831593513489,8
deserters,refugees,-0.919921875,0.31473392248153687,8
detergent,oil,0.0,0.19582819938659668,8
determination,resolution,1.9013185501098633,-0.20891913771629333,8
determined,young,6.95751953125,-0.18524804711341858,8
dg,mother,0.2196044921875,0.2927452325820923,8
dipped,dipped,-3.7596206665039062,-0.017535895109176636,8
disappeared,failed,-3.607421875,-0.1624220311641693,8
disappeared,passed,0.9715576171875,-0.024134844541549683,8
discouragement,toil,-3.0068359375,-0.02512875199317932,8
discovery,exploration,-7.99609375,0.0695965588092804,8
discretion,tact,-4.25732421875,0.20748041570186615,8
disgust,surprise,1.68603515625,0.05092915892601013,8
distinctions,honours,0.914306640625,-0.01689627766609192,8
distraught,moody,2.557098388671875,0.11411768198013306,8
disturbed,perturbed,3.44921875,0.2156790941953659,8
divorced,married,8.162109375,-0.04140967130661011,8
doctor,patient,-0.9215087890625,0.12663349509239197,8
double,triple,-4.701171875,-0.2108934223651886,8
drank,drank,-3.3564453125,0.3477029800415039,8
drawings,engravings,-0.0379791259765625,-0.06967517733573914,8
dreamed,heard,-1.84375,-0.02874159812927246,8
dried,uncovered,1.661865234375,0.10985612869262695,8
dripping,torn,1.9541015625,0.1324349045753479,8
drops,drops,3.080078125,0.0897957980632782,8
dry,rustling,0.134033203125,-0.3500029742717743,8
dry,shining,-2.21185302734375,-0.0902034342288971,8
dye,tool,6.53515625,0.055653706192970276,8
earlier,earlier,1.0009765625,-0.24063220620155334,8
earlier,later,0.239013671875,-0.20595932006835938,8
earnest,sharp,-0.2149658203125,0.07741573452949524,8
earnestly,fiercely,2.5860443115234375,0.05297824740409851,8
earnestly,vehemently,-0.18817138671875,-0.09761270880699158,8
ears,head,-1.3741455078125,0.05113053321838379,8
ears,noses,1.9287109375,0.5292350053787231,8
eastbound,westbound,1.2811431884765625,-0.026958361268043518,8
easter,easter,-1.556640625,0.48499223589897156,8
electricity,magnetism,-0.3592529296875,0.1668109893798828,8
electricity,oil,-0.55078125,0.08986848592758179,8
electricity,power,-2.18017578125,0.1518235206604004,8
emotional,rational,-2.9406585693359375,0.12711237370967865,8
empty,forlorn,-1.25,-0.013095945119857788,8
empty,hungry,1.716796875,0.07921141386032104,8
enjoyment,fun,5.9130859375,0.08680024743080139,8
enjoyment,laughing,-2.6259498596191406,0.01597289741039276,8
european,japanese,4.12255859375,-0.4036393463611603,8
european,negro,4.3623046875,0.224391907453537,8
evaporation,transpiration,-1.833251953125,-0.06729349493980408,8
exact,truthful,4.359375,-0.032176852226257324,8
exasperated,rasping,-0.4521942138671875,0.28215357661247253,8
exercise,exercise,-2.26434326171875,-0.11291429400444031,8
exercise,fun,-0.81890869140625,0.27466148138046265,8
experimentor,mother,-3.580078125,0.1215963363647461,8
exploration,travel,0.83447265625,0.04932749271392822,8
explosives,flamethrowers,1.488861083984375,-0.24950984120368958,8
extracts,tales,-1.2699432373046875,-0.16313350200653076,8
fabulous,unreal,0.0228271484375,0.055248409509658813,8
failed,failed,-1.8530845642089844,-0.31563952565193176,8
faintly,spasmodically,-1.345703125,0.8617178201675415,8
fairer,happier,1.258382797241211,0.3454349637031555,8
fallen,sorrowful,-6.25390625,-0.08027961850166321,8
farther,farther,-6.22265625,0.004011228680610657,8
fathers,sons,-11.29718017578125,-0.12132993340492249,8
fats,oils,-2.28125,-0.3505329191684723,8
females,young,-4.996826171875,0.3422338366508484,8
fern,moss,3.02734375,-0.09613311290740967,8
ferns,moss,-0.888671875,0.07872584462165833,8
fluids,rest,-5.65625,-0.2730267345905304,8
focused,sharp,0.627197265625,0.33029893040657043,8
foggy,foul,2.353515625,0.0782153457403183,8
foolish,headstrong,0.0,-0.26180967688560486,8
foolish,naughty,-0.9129638671875,0.12154427170753479,8
foolish,rash,-4.231498718261719,0.08165968954563141,8
foolish,silly,-0.60546875,0.16572269797325134,8
foolish,young,-2.841796875,-0.09738707542419434,8
forgiving,patient,5.500244140625,0.49016961455345154,8
found,stopped,-2.796875,-0.09868380427360535,8
frankly,freely,-1.3668212890625,-0.1673317849636078,8
friendships,laughing,0.9296875,0.21963804960250854,8
frills,frills,3.3046875,-0.05094403028488159,8
fruitsome,great,-2.530029296875,0.17857465147972107,8
fun,funny,-1.8955078125,0.11680519580841064,8
fun,happiness,0.58203125,0.3540472686290741,8
fun,joy,1.603515625,0.2746402323246002,8
fun,laughing,0.98828125,0.0008048117160797119,8
fun,loose,-6.87353515625,-0.10325074195861816,8
fun,mischief,1.5665054321289062,0.2703092694282532,8
funny,laughing,0.59405517578125,-0.07472401857376099,8
funny,rural,2.25738525390625,-0.03976865112781525,8
funny,smart,-1.1549453735351562,0.17946919798851013,8
funny,spirited,-4.25,-0.09442755579948425,8
funny,weird,-4.28515625,0.07439851760864258,8
gabble,nonsense,0.8406486511230469,0.2757624089717865,8
gallows,whip,-0.070068359375,0.21238426864147186,8
gaped,stared,-3.9188232421875,0.056761085987091064,8
gasped,laughed,-1.42919921875,-0.05941465497016907,8
gasped,sprayed,-1.759765625,-0.01060938835144043,8
gasped,stared,-0.339691162109375,-0.012139052152633667,8
gasped,wheezed,-5.810546875,-0.06005159020423889,8
gentlest,meekest,4.4931640625,0.29474952816963196,8
glass,pour,-0.40172576904296875,-0.01966649293899536,8
glee,happiness,-1.8348388671875,0.39237910509109497,8
glee,joy,-0.564453125,0.31998202204704285,8
grandmere,mother,-1.63671875,-0.06709486246109009,8
grapes,ham,-1.193359375,-0.3922904431819916,8
grassland,redwood,-0.681640625,0.15344467759132385,8
grassland,woodland,2.32275390625,0.07567039132118225,8
greasiness,thickness,-5.56640625,0.1340276300907135,8
great,kind,1.13275146484375,-0.014395803213119507,8
great,little,-0.45166015625,-0.09677180647850037,8
great,mighty,2.208984375,-0.05974259972572327,8
great,mystical,-1.5205078125,-0.030110612511634827,8
great,novel,2.828125,-0.20472314953804016,8
great,shining,4.294921875,-0.1159047782421112,8
great,ultimate,1.05078125,0.029936611652374268,8
greener,greener,0.869140625,-0.05401143431663513,8
gripped,powerless,-1.66796875,0.15690794587135315,8
groups,individuals,1.66717529296875,0.1182757019996643,8
grow,grow,-2.7734375,0.24619966745376587,8
grow,implant,-1.65234375,0.45497164130210876,8
grow,spread,4.390167236328125,0.45426473021507263,8
growing,growing,-0.2841796875,-0.2969593107700348,8
growing,young,-0.01953125,-0.22672489285469055,8
growth,jobs,0.21484375,-0.1631009578704834,8
guilt,sin,-0.9295654296875,-0.10481473803520203,8
gullets,lies,2.30078125,-0.20443731546401978,8
gumbo,jambalaya,-2.5244140625,0.2502482533454895,8
ham,mushroom,-1.816650390625,0.5372191667556763,8
happiness,health,-0.1748046875,-0.2880741059780121,8
happiness,joy,0.45751953125,-0.0877494215965271,8
happiness,sadness,-0.2036285400390625,0.1011933982372284,8
hardy,vigorous,5.7333984375,0.3397800922393799,8
hardy,young,1.70947265625,0.027450963854789734,8
harshness,unkindness,4.408203125,0.37783169746398926,8
hasidic,mystical,-0.3406810760498047,0.17249205708503723,8
head,shoulders,-2.865234375,-0.06527596712112427,8
headstrong,rash,-0.7956390380859375,0.41059911251068115,8
headstrong,wilful,1.3828125,0.35693198442459106,8
health,illness,2.837413787841797,-0.027229875326156616,8
heard,knew,-2.49005126953125,0.2219422459602356,8
heard,laughed,-0.36151123046875,0.397807776927948,8
heard,recognised,2.62939453125,0.2550276219844818,8
heard,smiled,0.07772231101989746,0.32595860958099365,8
heavy,layered,5.166015625,-0.07748699188232422,8
heavy,pugnacious,-2.548828125,0.3260515034198761,8
heavy,sharp,-4.454345703125,0.24712982773780823,8
heavy,unsteady,6.05078125,0.4223480224609375,8
helpful,kind,-0.830078125,0.09211480617523193,8
heterogeneous,homogeneous,3.9765625,0.06851181387901306,8
holly,ivy,2.4609375,-0.2744615972042084,8
homogeneous,isotropic,0.85986328125,-0.004392832517623901,8
hoped,hoped,-4.671875,-0.32685646414756775,8
humble,serene,-0.576873779296875,0.30297428369522095,8
humble,sorrowful,-1.33807373046875,0.04983210563659668,8
hundreds,hundreds,2.818359375,-0.1479623019695282,8
hungry,needy,4.1875,0.1467115581035614,8
hungry,young,-4.59912109375,0.004052072763442993,8
illness,surgery,0.52606201171875,-0.19368508458137512,8
illogical,rambling,3.952996253967285,0.16647854447364807,8
imagininary,self,-7.3818359375,0.3566383719444275,8
indigenous,territorial,3.7177734375,-0.08561152219772339,8
individuals,institutions,-2.916015625,-0.4582863748073578,8
inexperience,shortcomings,0.18348407745361328,0.17396673560142517,8
inexperienced,young,-2.700927734375,0.15854394435882568,8
influence,power,-1.015625,-0.11682119965553284,8
ink,oil,0.0,0.38950878381729126,8
inquiries,reminiscences,1.642578125,0.1890830099582672,8
institutions,power,0.32373046875,0.02496148645877838,8
institutions,pupils,-1.587890625,-0.2919518053531647,8
iodine,tyrosine,-2.0625,-0.18286165595054626,8
isolated,rural,-3.794361114501953,0.009102791547775269,8
ivy,moss,0.937255859375,-0.05190908908843994,8
jealous,selfish,0.84375,-0.11415362358093262,8
jobs,roads,-0.77734375,-0.4335046112537384,8
joy,power,-1.466796875,0.0659966766834259,8
joy,rest,-1.5751953125,0.058767035603523254,8
joy,sadness,-3.59375,0.27243945002555847,8
joy,song,-0.904296875,-0.024670913815498352,8
joy,surprise,0.96484375,0.12550000846385956,8
jumped,jumped,2.732421875,-0.06372866034507751,8
justice,reward,2.812744140625,-0.13132888078689575,8
kind,patient,-4.69580078125,0.32463133335113525,8
kind,polite,-3.470458984375,-0.181378573179245,8
kind,righteous,-0.005859375,0.13493990898132324,8
kind,smart,-1.944580078125,0.0017466694116592407,8
kit,ropes,-4.49609375,0.04709760844707489,8
knew,respected,0.468994140625,0.12584194540977478,8
knew,suspected,0.69720458984375,0.07615217566490173,8
later,later,0.20703125,-0.3990726172924042,8
laughed,laughed,-1.5146484375,0.10712222754955292,8
laughed,lay,-4.21875,0.03490385413169861,8
laughed,scrapped,3.578125,0.16492553055286407,8
laughed,stopped,2.076171875,-0.1634889543056488,8
laughing,laughing,0.53857421875,0.055268675088882446,8
laughing,lengthened,1.322265625,0.026027485728263855,8
laughing,nonsense,-0.28514862060546875,0.28526994585990906,8
laughing,pointing,0.954833984375,0.04639995098114014,8
laughing,snorting,1.7380218505859375,0.23671866953372955,8
laughing,tickled,2.218994140625,0.1754630208015442,8
laughing,yelling,-3.406982421875,0.19592037796974182,8
laws,rules,-2.966022491455078,-0.26460278034210205,8
laws,theories,3.42333984375,0.21638405323028564,8
leave,need,3.73046875,0.1730881780385971,8
left,left,-4.12890625,-0.11720621585845947,8
legendary,mythical,-0.587890625,0.16403627395629883,8
lemon,oil,-1.7626953125,0.08096504211425781,8
lesser,lesser,3.886962890625,-0.17591461539268494,8
little,naughty,6.40625,0.05903854966163635,8
little,twiggy,0.07342529296875,0.04096934199333191,8
little,young,-1.942626953125,-0.06291404366493225,8
littler,littler,-0.308837890625,-0.02905583381652832,8
lizards,spiders,1.068115234375,0.004788711667060852,8
lnfluence,power,1.54345703125,0.26830384135246277,8
losses,reward,-4.200111389160156,-0.12720152735710144,8
lots,lots,1.6486358642578125,-0.038510531187057495,8
lunatic,silly,1.7420654296875,0.18207217752933502,8
massages,yoga,-1.46484375,-0.13881292939186096,8
mechanics,use,-1.76953125,-0.15404173731803894,8
mighty,unmistakable,-0.912109375,0.07267050445079803,8
mime,nonverbals,2.431640625,-0.09024834632873535,8
mime,pointing,1.900390625,-0.22091761231422424,8
minutes,minutes,-0.9453125,-0.00011591613292694092,8
miserly,squalid,5.0782470703125,0.2285500466823578,8
moss,tussocks,1.5791015625,0.33787983655929565,8
mother,mother,-1.953857421875,-0.03751586377620697,8
mother,sons,0.471435546875,0.007010072469711304,8
motorways,roads,0.154296875,-0.13919159770011902,8
mystical,prophetic,-1.28515625,-0.33751967549324036,8
naive,young,5.419921875,-0.1440812051296234,8
naughty,wilful,-2.043804168701172,0.022882431745529175,8
nearer,nearer,-2.44256591796875,-0.29322972893714905,8
nearer,possible,-1.1103515625,0.08372721076011658,8
neat,petite,2.8614501953125,-0.07289019227027893,8
neat,smart,-3.878326416015625,0.3590700924396515,8
neat,tidy,4.467315673828125,0.27146121859550476,8
notebook,pencil,-2.54833984375,0.1663740575313568,8
novel,pleasing,-1.505859375,0.34181976318359375,8
novel,striking,-0.567138671875,0.34230297803878784,8
nuggets,nuggets,1.7968673706054688,0.010852798819541931,8
oil,pitch,1.466796875,0.1173553615808487,8
ones,zeroes,1.5322265625,0.1359272599220276,8
ones,zeros,-2.300384521484375,0.07108162343502045,8
orgies,perversions,-2.205078125,0.041649430990219116,8
passing,passing,-1.28515625,-0.3257919251918793,8
patching,patching,0.5634765625,0.08713510632514954,8
pencil,slate,1.097412109375,0.11637114733457565,8
perceptive,rational,0.3642578125,0.053335100412368774,8
peril,toil,2.123046875,0.0471416711807251,8
perplexed,worried,-0.67901611328125,-0.06951698660850525,8
personable,young,4.431640625,-0.07116177678108215,8
pie,potatoes,-6.7569580078125,0.07349468767642975,8
plants,protista,-0.10546875,-0.05940675735473633,8
plants,protists,-1.97314453125,-0.024752870202064514,8
plants,relatives,-1.85302734375,0.07945173978805542,8
poems,sayings,1.80596923828125,0.08901003003120422,8
poems,tales,1.8173809051513672,-0.0792095959186554,8
potatoes,stew,3.98126220703125,-0.22241824865341187,8
pour,stir,-0.246826171875,-0.01599639654159546,8
power,power,-4.08453369140625,-0.14132767915725708,8
preteens,teenagers,7.58203125,0.13623660802841187,8
programs,protocols,0.6484375,0.10490992665290833,8
protesting,rioting,0.24609375,0.35489529371261597,8
puking,shock,-0.4259452819824219,0.4360542595386505,8
purtier,purtier,-0.5390625,-0.1718882918357849,8
quake,shake,2.53515625,-0.007086455821990967,8
quicksand,swamp,10.94921875,0.13618463277816772,8
rasping,scraping,-1.1507720947265625,-0.010169044137001038,8
rational,smart,-0.1171875,0.05891592800617218,8
realistic,striking,-2.5625,0.14953672885894775,8
rebelling,rioting,7.636962890625,0.24519556760787964,8
recover,rest,-1.5927734375,0.05494917929172516,8
refreshing,rest,3.8948974609375,0.000986546277999878,8
refreshing,unmistakable,4.50770378112793,0.220174640417099,8
rehab,rest,-5.815155029296875,0.17122456431388855,8
rehydrate,rest,-0.7322998046875,-0.046643972396850586,8
rein,whip,-0.0078125,0.18962717056274414,8
replenish,rest,-1.81982421875,-0.11931601166725159,8
restarted,stopped,1.982405662536621,-0.19855418801307678,8
rhyme,rune,2.2224578857421875,0.5121155977249146,8
rigging,sails,-2.47900390625,0.11010716110467911,8
rigging,spars,-1.8203125,0.39747828245162964,8
rolling,wheeled,-1.357421875,-0.08806732296943665,8
rolling,yelling,0.61328125,0.01901838183403015,8
ropes,sails,0.284515380859375,-0.09189113974571228,8
ropes,spars,1.10693359375,0.21110206842422485,8
rows,rows,-0.6611328125,-0.060157328844070435,8
rub,rub,-3.032958984375,-0.21451762318611145,8
rustling,snuffling,-3.4248046875,0.3903827965259552,8
sadness,stillness,-1.7421875,0.3767845034599304,8
sandstorms,whirlwinds,-0.7034912109375,-0.03239169716835022,8
saved,saved,-3.2421875,0.2016013264656067,8
scold,scold,6.650390625,0.3967881202697754,8
scratched,scratched,-0.0595703125,0.18330498039722443,8
screw,struggle,1.63427734375,-0.17243832349777222,8
seedy,stressful,0.42822265625,0.11841816455125809,8
seesaw,swing,2.693359375,-0.23789170384407043,8
selfish,wilful,1.2933282852172852,0.05978749692440033,8
sharp,spirited,1.0519866943359375,0.04147680103778839,8
shipping,transport,1.73828125,0.174531489610672,8
sin,wickedness,2.2298583984375,0.3197750151157379,8
smart,young,-4.099609375,-0.11673450469970703,8
smiled,smiled,-0.83984375,0.10086487233638763,8
smiled,stared,-3.4921875,0.11469712108373642,8
sorrowful,stolen,-1.533203125,0.06483788788318634,8
spies,traitors,-3.64593505859375,0.08620939403772354,8
sporadic,weird,1.537109375,0.14186245203018188,8
spread,spread,-2.0537109375,0.19366054236888885,8
stalwart,vigorous,1.9189453125,0.3802587389945984,8
stared,stared,0.9404296875,0.4041852056980133,8
stared,stopped,0.293212890625,-0.15280789136886597,8
stopped,wheeled,-1.0772705078125,-0.05255892872810364,8
stunning,young,1.6796875,0.08828318119049072,8
sucking,sucking,-1.96875,0.07149834930896759,8
superficial,superficial,2.651611328125,-0.09724768996238708,8
swing,swing,2.875,-0.06238660216331482,8
third,third,0.9150390625,0.06942588090896606,8
thus,thus,-2.451995849609375,-0.031075328588485718,8
tolerance,unity,-2.8369140625,0.02195662260055542,8
tourists,vagrants,5.1572265625,0.15050248801708221,8
tourists,visitors,1.779296875,-0.024838969111442566,8
untrained,unwarlike,-1.357025146484375,0.15781348943710327,8
untrained,young,0.1845703125,-0.06945502758026123,8
untried,young,-1.4296875,-0.1506119966506958,8
use,washing,1.52978515625,0.3145313858985901,8
use,yardage,0.484375,-0.18761131167411804,8
vigorous,young,9.31951904296875,0.03012588620185852,8
viral,young,3.01812744140625,0.02832132577896118,8
watches,websites,-1.453125,0.054749563336372375,8
waving,yelling,-1.5185546875,-0.001106157898902893,8
wondered,wondered,3.724609375,-0.11619502305984497,8
wuss,wuss,-2.427734375,0.09593382477760315,8
aboriginal,natural,3.3671875,-0.06371570378541946,9
absolute,real,1.14703369140625,-0.20236557722091675,9
absolute,rich,-0.330078125,-0.2441147118806839,9
acquired,natural,-0.99609375,0.003721170127391815,9
actual,real,-1.49664306640625,-0.14836251735687256,9
admirable,exciting,-4.015625,0.13812409341335297,9
admirable,fine,-0.64453125,-0.031185060739517212,9
admiration,respect,1.453125,0.10857725143432617,9
admiration,wonder,-2.695556640625,-0.16187936067581177,9
adventurers,explorers,0.29522705078125,-0.06934185326099396,9
affirmative,negative,-2.62939453125,-0.20937320590019226,9
affrighted,fled,-0.171630859375,0.10238797962665558,9
affrighted,trembling,2.1171875,-0.15526390075683594,9
ages,ages,-1.6693115234375,0.04506905376911163,9
aggression,appeasement,-0.7737350463867188,0.07057222723960876,9
aggression,kindness,-0.466796875,-0.055966153740882874,9
aging,frail,-4.49609375,0.054385706782341,9
ambulances,generators,2.8515625,0.21575172245502472,9
amusing,exciting,2.763671875,0.16898129880428314,9
ancient,due,-0.0107421875,-0.09596095979213715,9
ancient,rich,0.3250732421875,-0.1392708420753479,9
antibacterial,antiviral,-1.9373550415039062,-0.25266313552856445,9
arabesques,sprigs,-0.077911376953125,-0.04121427983045578,9
armenian,jewish,-1.26171875,0.12267357110977173,9
arms,breasts,5.240478515625,-0.24010689556598663,9
arthritis,psoriasis,-3.4375033378601074,-0.02006848156452179,9
artifacts,attributes,0.193359375,-0.10130065679550171,9
asian,asian,-1.3126707077026367,0.35100775957107544,9
asian,portuguese,0.087890625,0.2858668565750122,9
asian,shit,-2.76702880859375,0.48924535512924194,9
aunt,grandmamma,-0.1002197265625,-0.33471453189849854,9
axe,knife,-0.60546875,0.11770869791507721,9
babbling,noises,-4.623779296875,0.039007678627967834,9
bacteria,parasites,-0.6220169067382812,-0.13545316457748413,9
baked,crumbling,0.3963775634765625,0.011207476258277893,9
balloons,kites,-3.03173828125,0.14409323036670685,9
bananas,plantains,-2.98828125,-0.0747867301106453,9
banding,convection,3.2265625,0.3878939151763916,9
bats,slings,-0.467041015625,-0.16778481006622314,9
bayou,forest,-0.634765625,0.006634801626205444,9
beams,boards,1.7998046875,0.05647888779640198,9
beef,gravy,1.3956298828125,-0.12305157631635666,9
befurbelowed,beruffled,-0.150390625,5.0827860832214355e-05,9
behaviour,effort,3.65625,-0.24250872433185577,9
behold,despair,2.298828125,-0.1440393179655075,9
beneficial,safe,-5.853515625,-0.1270991563796997,9
berries,drupes,-1.5908203125,0.2919241189956665,9
berries,fruits,-0.609375,-0.019693821668624878,9
berries,leaves,-1.62109375,0.04417505860328674,9
berries,orange,2.21875,0.295573890209198,9
berries,seeds,-0.775390625,0.1747521311044693,9
beryls,turquoises,4.41436767578125,0.24323086440563202,9
bitten,transformed,-2.140625,-0.04649895429611206,9
bizarre,genuine,-8.625,-0.056645527482032776,9
blight,sickness,-3.14727783203125,0.03518824279308319,9
blotches,pimples,-3.4599609375,0.5797041058540344,9
blundering,sinning,1.0390739440917969,0.07294486463069916,9
blushes,smiles,0.0,0.05492429435253143,9
botany,zoology,0.0072021484375,0.21780316531658173,9
boughs,leaves,0.65234375,-0.030117005109786987,9
bounty,luck,0.462158203125,0.09647631645202637,9
brooks,hills,4.90625,-0.39586323499679565,9
broom,ponytail,5.118896484375,0.18723683059215546,9
brotherly,sisterly,0.9493865966796875,0.11842627823352814,9
bubble,froth,-6.396484375,-0.09613028168678284,9
bubble,melt,0.20485687255859375,0.3441566824913025,9
burglars,tramps,0.58984375,-0.20665498077869415,9
by,by,-1.98828125,0.08533674478530884,9
cables,switches,6.647712707519531,0.07692159712314606,9
cajole,push,-1.45703125,-0.1830873042345047,9
calming,cooling,-1.654296875,-0.11024244874715805,9
capelin,launce,-1.77783203125,0.2978091835975647,9
carefully,cautiously,0.48248291015625,-0.12504883110523224,9
carelessly,innocently,-3.130859375,0.20514990389347076,9
censure,reproach,0.3515625,0.12731964886188507,9
cha,mot,-1.3785400390625,0.5279517769813538,9
chair,cover,2.2958984375,0.32731693983078003,9
chair,cowboy,1.0302734375,0.19040004909038544,9
chair,door,1.18359375,0.2561410665512085,9
chairs,settees,7.517578125,-0.07195257395505905,9
charcoal,wire,6.39453125,0.158155158162117,9
charity,kindness,-0.6711959838867188,-0.06765376031398773,9
cheaply,easily,0.424072265625,0.1695518046617508,9
chewing,swallowing,0.2980690002441406,-0.38857191801071167,9
chill,gloom,-0.92578125,0.22905971109867096,9
chill,penetrating,-0.245391845703125,0.22947092354297638,9
chilling,hard,-0.312835693359375,0.4866892099380493,9
chips,sausage,5.6630859375,-0.014311455190181732,9
choke,cough,-2.455078125,-0.4946039319038391,9
cigarettes,coffee,1.056640625,-0.15271952748298645,9
circled,circled,0.9254150390625,-0.0007565394043922424,9
cj,vf,-1.927734375,0.14332477748394012,9
cleanse,purify,-0.998046875,0.12369297444820404,9
clouds,convection,-1.94677734375,0.013310417532920837,9
clouds,mist,1.1514053344726562,-0.0864572674036026,9
clouds,surf,4.3966064453125,-0.3338543772697449,9
coatings,semiconductors,-0.2197265625,0.4009894132614136,9
coffee,conversation,-2.923828125,0.08270058035850525,9
coffee,cookies,1.2900390625,-0.05254664272069931,9
coffee,more,-2.686126708984375,0.09533292055130005,9
coffee,shit,-2.225341796875,0.18933509290218353,9
coke,shit,-1.9130859375,0.18622680008411407,9
collected,cool,1.583984375,-0.08872053772211075,9
collected,correlated,-2.55810546875,0.11663040518760681,9
color,shape,-2.759765625,-0.01567460596561432,9
color,warmth,-0.1382160186767578,-0.08730646222829819,9
combustion,corrosion,-6.897216796875,-0.1414015144109726,9
combustion,respiration,1.400390625,-0.10680639743804932,9
complications,mortality,2.670654296875,0.04393245279788971,9
computered,transcribed,-0.23095703125,-0.45506954193115234,9
concerts,nightclubs,-0.232330322265625,-0.18458561599254608,9
condensed,distilled,-1.12548828125,-0.22836288809776306,9
confessed,killed,-2.875,-0.4844350218772888,9
confiding,tender,-1.098388671875,-0.06712666153907776,9
conspiracies,plots,-2.0166015625,-0.04195086658000946,9
constantly,hard,2.5208740234375,0.41269928216934204,9
contented,happy,2.744140625,0.1384643167257309,9
contented,thankful,3.0634765625,-0.059696197509765625,9
contrary,ungrateful,-0.564056396484375,-0.03868100792169571,9
controlled,natural,0.16015625,0.02102971076965332,9
cool,cool,1.9560546875,-0.21638743579387665,9
cool,hard,0.542388916015625,0.1327538937330246,9
cool,harden,1.568359375,-0.09368571639060974,9
cool,lovely,0.8759765625,-0.08526510000228882,9
cool,shadowy,-0.68048095703125,-0.09337697923183441,9
cool,short,-2.470703125,0.0978420078754425,9
cool,warm,2.4023361206054688,-0.09853443503379822,9
cool,wetting,0.3892364501953125,-0.0975256934762001,9
cordial,warm,-1.11328125,-0.2502231001853943,9
corrosion,electrochemistry,-0.49478816986083984,-0.13615337014198303,9
corrupted,rich,-5.923583984375,-0.1670198142528534,9
cough,cough,1.43359375,-0.38057827949523926,9
cowed,trembling,-0.97021484375,0.03618842363357544,9
crabs,periwinkles,-1.0458984375,-0.004432395100593567,9
created,destroyed,-0.384765625,0.2759370803833008,9
created,directed,6.9140625,-0.0433025136590004,9
cries,cries,-1.16748046875,-0.042783066630363464,9
cries,falls,-1.98779296875,0.23628593981266022,9
cries,jeers,-1.1429595947265625,0.13223426043987274,9
cries,noises,3.671630859375,-0.006039023399353027,9
crumbling,dirty,1.75579833984375,0.3183121085166931,9
crumbs,water,-1.30419921875,0.34119486808776855,9
dams,railroads,2.8225765228271484,-0.024389460682868958,9
dbottle,teapot,2.2734375,0.02045173943042755,9
decorating,unpacking,2.53460693359375,-0.004737794399261475,9
dedicated,hard,-2.5849609375,0.4168681502342224,9
dedicated,talented,-0.30743408203125,0.013953611254692078,9
deepest,finest,-0.23046875,0.04922054708003998,9
defiled,killed,1.34716796875,0.03735150396823883,9
deliberation,skill,1.68798828125,-0.18324443697929382,9
demeanor,speech,1.7045326232910156,-0.03632041811943054,9
deposed,fled,-2.05126953125,0.3242713212966919,9
designs,prototypes,1.759765625,0.024122610688209534,9
desk,door,0.87359619140625,-0.032617926597595215,9
desolate,pitiful,-1.0339469909667969,0.0006381571292877197,9
despair,gloom,2.4227294921875,0.07303273677825928,9
despair,weariness,-6.35546875,-0.024607360363006592,9
destroyed,plundered,-0.7274627685546875,0.2253398448228836,9
die,go,3.3740234375,0.33232933282852173,9
die,live,3.8378677368164062,-0.3417607545852661,9
die,overheat,3.64453125,0.018844112753868103,9
die,pine,-1.4609375,-0.5813304781913757,9
die,sicken,1.6328125,-0.5247794389724731,9
dimms,processors,-1.047332763671875,-0.051798783242702484,9
dipping,lifting,3.651611328125,-0.014981068670749664,9
directed,founded,7.599609375,-0.019740238785743713,9
dirtiest,hardest,-0.0703125,-0.026504427194595337,9
dirty,dirty,-1.099609375,0.22063781321048737,9
dirty,dumpy,1.421875,-0.1348516047000885,9
dirty,filthy,-1.4501953125,-0.20006264746189117,9
dirty,hard,0.2490234375,0.14725740253925323,9
dirty,mane,-0.11474609375,0.24108068645000458,9
disappear,evaporate,1.361328125,-0.009110696613788605,9
displeased,grieved,-2.08203125,0.027056410908699036,9
displeased,mortified,2.359619140625,0.21713431179523468,9
donkey,shrek,-5.857421875,-0.06845057755708694,9
door,wall,-0.61431884765625,0.030965730547904968,9
due,proper,-0.14410400390625,-0.22433342039585114,9
dumpy,listless,10.091796875,-0.06192423030734062,9
dumpy,short,0.97705078125,0.4575456976890564,9
dwarves,elves,2.086181640625,-0.044656865298748016,9
dwarves,midgets,4.28515625,-0.029765993356704712,9
dying,wounded,-2.306640625,0.006607018411159515,9
easily,naturally,4.068359375,-0.1050940752029419,9
eels,soles,3.0390625,0.24520494043827057,9
elastic,sticky,1.6181640625,0.09351207315921783,9
elated,happy,-1.4599609375,0.0776248574256897,9
elves,gnomes,1.3179931640625,0.07723185420036316,9
embalming,mummification,-0.058349609375,0.08712206780910492,9
engaging,speaking,-0.0361328125,-0.08292964100837708,9
enterprising,hard,-4.568359375,0.17131944000720978,9
erases,sponge,-1.316650390625,0.1754329353570938,9
escape,flight,0.7900390625,-0.04873375594615936,9
escape,return,-1.1229248046875,-0.18868838250637054,9
escape,safety,1.52899169921875,-0.27211543917655945,9
evidence,procedure,2.7890625,0.2422163337469101,9
exchanged,recycled,-0.6026611328125,0.09220270812511444,9
exciting,hard,-4.05450439453125,0.018780454993247986,9
exciting,severe,-0.7327041625976562,-0.1710231751203537,9
exile,poverty,2.138671875,0.2830130457878113,9
existing,projected,0.9501953125,0.08366264402866364,9
explore,go,-0.103515625,0.4962816834449768,9
explorers,sailors,-2.529754638671875,-0.14434558153152466,9
faint,indistinct,2.873321533203125,-0.26382553577423096,9
faint,lovely,-0.20703125,-0.030204415321350098,9
faithless,perverse,0.701171875,-0.2783937454223633,9
falls,trips,0.625,-0.20669345557689667,9
favour,kindness,-1.5985107421875,-0.22629188001155853,9
feasts,sake,3.9951171875,-0.16436047852039337,9
fences,sheds,-0.60546875,0.22990436851978302,9
fertilizer,seeds,6.97833251953125,-0.13826210796833038,9
few,scattering,2.097900390625,0.2782015800476074,9
few,short,-1.013671875,0.3792095184326172,9
fia,mot,-0.94921875,0.22797854244709015,9
fidelity,luck,4.0615234375,0.014727041125297546,9
field,flood,-2.083984375,-0.35210084915161133,9
field,forest,-3.39404296875,-0.318172812461853,9
figures,lights,-1.10675048828125,0.16893671452999115,9
filthy,yonkers,0.34228515625,0.21037371456623077,9
finally,then,-6.294921875,0.3845548629760742,9
fine,flyaway,0.50390625,-0.1266574114561081,9
fine,lovely,-3.0205078125,-0.10972219705581665,9
fine,loyal,0.41796875,-0.33042627573013306,9
fine,pretty,1.951171875,-0.1731214076280594,9
fine,warm,0.353515625,-0.08741454035043716,9
finest,hardest,1.041015625,0.021340519189834595,9
firm,hard,3.6156158447265625,0.3549158573150635,9
firm,unyielding,-1.478515625,0.07599203288555145,9
fled,gone,2.828125,0.493363618850708,9
flint,rubble,-1.606149673461914,0.1483684927225113,9
flint,stone,-0.044921875,0.14906157553195953,9
flow,flow,1.05078125,0.0652894526720047,9
following,safety,-1.064697265625,-0.09984122216701508,9
fondness,respect,-0.8652725219726562,-0.03802447021007538,9
forbearance,patience,-0.3734893798828125,-0.03986002504825592,9
forest,plain,0.255859375,-0.12123437225818634,9
forest,stream,-1.724609375,-0.18731531500816345,9
fornication,matchmaking,0.7099609375,-0.1404998004436493,9
forward,return,-0.941650390625,-0.23079562187194824,9
frail,pretty,1.7213668823242188,-0.10280726104974747,9
freckles,shit,-6.5166015625,0.09994155168533325,9
fruits,leaves,3.03564453125,0.01263420283794403,9
fruits,seeds,2.2294921875,0.014774665236473083,9
frustration,research,-4.7713623046875,-0.007996365427970886,9
funnier,funnier,-1.093353271484375,0.07897941768169403,9
fussily,noisily,-4.72247314453125,0.260428249835968,9
gasping,singed,-0.633453369140625,-0.03382305055856705,9
gasping,trembling,-0.29296875,-0.09513616561889648,9
gazed,gazed,1.6025390625,-0.06779647618532181,9
gazed,sympathized,-4.400390625,-0.011726632714271545,9
gentle,loyal,-1.0970458984375,-0.3783165216445923,9
gentle,pretty,-0.7855854034423828,-0.3149704933166504,9
gentle,refined,1.69970703125,-0.2971187233924866,9
gentle,safe,0.6700439453125,-0.21889635920524597,9
gentle,tender,1.53271484375,-0.2129412293434143,9
gentle,valiant,-0.35302734375,-0.2664303779602051,9
gentle,warm,0.0,-0.26795676350593567,9
gerken,leigh,-1.3837890625,0.4644685983657837,9
gloom,unhappiness,3.4140625,-0.02248620241880417,9
gnomes,pixies,-2.11822509765625,0.5619326829910278,9
go,go,-0.298828125,0.2713397741317749,9
go,grumble,-1.29541015625,-0.20141981542110443,9
go,inquire,-3.8953704833984375,-0.018364571034908295,9
go,live,-1.05078125,-0.4063366651535034,9
go,push,-2.166015625,-0.1304117739200592,9
go,return,0.62060546875,-0.06419673562049866,9
go,sleep,-0.1611328125,-0.08013669401407242,9
go,switch,0.126953125,-0.10783512890338898,9
goatees,tattoos,6.736328125,-0.12892931699752808,9
golden,pink,-1.5364990234375,0.039369866251945496,9
golden,rosy,1.4512939453125,0.03867362439632416,9
golden,warm,2.629150390625,0.14451207220554352,9
gone,vanished,-0.0390625,-0.13233357667922974,9
grasslands,woodlands,0.8061065673828125,-0.14041008055210114,9
gravy,starch,-0.212890625,0.2919080853462219,9
guitarist,keyboardist,0.51171875,-0.10471189767122269,9
half,half,1.93524169921875,-0.031266212463378906,9
half,inch,-4.1221160888671875,-0.12087534368038177,9
hall,saw,1.2275390625,0.13860847055912018,9
hammer,saw,-0.57373046875,0.21503029763698578,9
hammer,screwdriver,2.1309814453125,-0.11076417565345764,9
happy,harmonious,2.281494140625,-0.2804024815559387,9
happy,hurt,-0.061279296875,-0.14285270869731903,9
happy,natural,2.017578125,-0.3041113615036011,9
happy,pretty,2.953125,-0.2657998204231262,9
happy,proper,-2.4697265625,-0.3978685736656189,9
happy,rich,-0.83935546875,-0.3409416675567627,9
happy,rosy,-6.15753173828125,-0.1969127357006073,9
happy,safe,1.8892822265625,-0.24394814670085907,9
happy,thankful,-0.24609375,-0.3030049204826355,9
happy,there,-6.49798583984375,-0.16604427993297577,9
happy,warm,-2.8359375,-0.24922801554203033,9
hard,harsh,2.541015625,-0.48096954822540283,9
hard,heartless,3.009765625,-0.31392550468444824,9
hard,painful,-0.5438232421875,-0.27238261699676514,9
hard,severe,3.2689208984375,-0.5764585733413696,9
hard,square,-0.2314453125,-0.5239497423171997,9
hard,tiresome,1.55810546875,-0.493724524974823,9
hard,trying,1.375640869140625,-0.1501278281211853,9
hard,unyielding,0.8216552734375,-0.38020622730255127,9
harsh,unfair,0.896484375,0.4093616008758545,9
harsh,unpleasing,1.8510894775390625,0.18389804661273956,9
hawks,kites,-0.6767578125,0.2261115461587906,9
hawks,owls,-2.099609375,-0.03834884613752365,9
haze,mist,1.96875,-0.04107345640659332,9
hearing,speech,2.7646484375,0.17786841094493866,9
heartless,unsentimental,0.2777099609375,-0.4203628897666931,9
hills,lakes,-1.26806640625,0.04744744300842285,9
hills,streams,0.3046875,-0.080784872174263,9
home,live,3.48828125,-0.1927853673696518,9
home,safety,1.01953125,-0.19810940325260162,9
home,ship,-2.6533203125,0.1362021416425705,9
home,there,-1.51171875,-0.01568739116191864,9
homeless,wandering,0.0,-0.005167350172996521,9
hoots,jeers,-3.72998046875,0.23873038589954376,9
hoping,trying,0.0,0.1638071984052658,9
hoping,waiting,-0.75390625,-0.1734643280506134,9
hunted,hunted,0.22580909729003906,-0.03966987878084183,9
hunted,rose,-1.3384170532226562,0.28126096725463867,9
hurt,killed,-4.61328125,-0.3614650368690491,9
hurt,unhappiness,3.511962890625,-0.13671816885471344,9
hurt,wounded,-2.11181640625,-0.24533185362815857,9
hydrogen,rubidium,1.398193359375,0.33217644691467285,9
ignorance,poverty,3.583984375,0.3768579959869385,9
ignorance,sloth,1.6756591796875,0.07202918827533722,9
inconsiderate,irresponsible,2.4306640625,-0.15037842094898224,9
innocently,naturally,-0.169921875,0.10762469470500946,9
institutional,structural,-2.0390625,-0.029037274420261383,9
insubordination,treason,0.0810546875,-0.08079378306865692,9
insurrection,treason,-2.75390625,0.06444421410560608,9
intrapreneurial,startup,0.90887451171875,-0.1552942544221878,9
irresponsible,sadic,-4.208984375,-0.025725379586219788,9
jewish,muslim,0.12109375,0.16339616477489471,9
jewish,polish,1.9044647216796875,-0.03488917648792267,9
judy,punch,-0.251953125,0.22226910293102264,9
jumping,tossing,0.956207275390625,-0.13307330012321472,9
killed,mutilated,2.08154296875,0.4281138777732849,9
killed,trapped,2.55859375,0.6515313386917114,9
killed,vanished,-0.6171875,0.4463035464286804,9
killed,wounded,2.154296875,0.2580534815788269,9
kilograms,pounds,5.3837890625,0.19711722433567047,9
kindness,respect,4.22454833984375,-0.014719575643539429,9
kindness,teaching,-0.2353515625,-0.23203501105308533,9
kindness,understanding,0.6103515625,0.0005310177803039551,9
kisses,smiles,4.078125,-0.09306513518095016,9
knights,soldiers,-2.175048828125,-0.4278574585914612,9
lakes,streams,-8.068359375,-0.012946322560310364,9
layers,layers,3.291015625,-0.08893600851297379,9
leagues,leagues,-2.4013671875,0.06049518287181854,9
leaping,taunting,1.580078125,0.13984788954257965,9
leaping,vaulting,-1.4462890625,0.12432412803173065,9
leaves,primroses,-0.861328125,0.1224251240491867,9
lecturing,teaching,2.357421875,-0.22096596658229828,9
lifting,shaking,-0.0546875,0.0758301317691803,9
lights,noises,-4.5029296875,-0.07887430489063263,9
lights,ornaments,4.1263427734375,0.0813927948474884,9
listless,uninterested,0.0203857421875,0.18090306222438812,9
literal,plain,0.04412841796875,-0.023297853767871857,9
live,sleep,0.2777137756347656,0.3071850538253784,9
lotions,splints,4.54541015625,0.06368233263492584,9
lovable,lovely,-1.03125,0.05165885388851166,9
lovable,warm,0.837890625,-0.05706532299518585,9
lovely,real,0.50360107421875,-0.10563824325799942,9
lovely,talented,-0.09765625,-0.0934542790055275,9
lovely,tender,0.9521484375,-0.09610659629106522,9
lovely,warm,1.298828125,-0.03628578782081604,9
lovingly,submissively,1.931640625,0.17201311886310577,9
lovingly,warmly,-2.6123046875,-0.07339752465486526,9
luck,skill,-5.0146484375,-0.02691013365983963,9
magic,wonder,2.619140625,-0.1800302416086197,9
main,orignal,-0.830078125,0.15205411612987518,9
major,minor,-1.05157470703125,0.4497779607772827,9
marches,protests,-1.26611328125,0.018320277333259583,9
medication,therapy,-3.5849609375,-0.15576522052288055,9
microscopes,telescopes,-3.869140625,0.2512221336364746,9
miles,miles,13.05419921875,-0.088186115026474,9
misfortune,poverty,1.505859375,0.32280731201171875,9
modifying,updating,9.6474609375,0.24977914988994598,9
mold,pat,-1.21240234375,-0.007165282964706421,9
monkeys,shit,-0.0869140625,0.2970714569091797,9
more,more,2.2939453125,-0.11255750805139542,9
mortar,stone,-0.8291015625,0.13688941299915314,9
mot,smiles,-1.3099365234375,-0.3329896330833435,9
motionless,prone,-3.89404296875,-0.10593408346176147,9
murder,treason,-4.8515625,0.24894286692142487,9
name,shape,2.56982421875,0.23217542469501495,9
narrower,shorter,2.202392578125,0.12160822749137878,9
natural,proper,2.1429061889648438,-0.051618754863739014,9
natural,safe,1.6146240234375,0.06193467974662781,9
natural,synthetic,2.447265625,-0.0723491907119751,9
natural,unconcerned,0.08203125,-0.029334045946598053,9
neater,neater,-2.660675048828125,0.026226967573165894,9
needles,silks,3.216796875,-0.21526069939136505,9
needles,thimbles,-0.619140625,-0.2802371382713318,9
negative,positive,0.04052734375,-0.26494765281677246,9
negative,substandard,3.568359375,-0.03143042325973511,9
night,sunlight,1.166015625,0.06255748867988586,9
nouns,pronouns,-1.205078125,0.046708062291145325,9
oblong,square,1.20263671875,0.26709771156311035,9
olios,tarts,2.9921875,0.14231787621974945,9
orange,pineapple,-2.583984375,-0.028897725045681,9
orange,pink,0.384765625,-0.062137898057699203,9
oranges,wine,-2.469970703125,0.22296662628650665,9
ornaments,slides,-0.1171875,0.10707001388072968,9
override,unlock,2.4091796875,0.3408297300338745,9
painful,pitiful,-0.302734375,-0.05242546647787094,9
painful,severe,2.85699462890625,-0.3655446171760559,9
participation,victories,-2.5888671875,-0.0986836850643158,9
pine,spruce,-2.203125,0.2447318583726883,9
plain,pretty,1.2291259765625,-0.1037631407380104,9
plain,square,3.16107177734375,-0.023603275418281555,9
plain,unattractive,3.569580078125,-0.010696232318878174,9
plenty,plenty,0.0078125,-0.12926024198532104,9
plenty,warmth,0.12646484375,-0.09578265249729156,9
plotting,scheming,0.2481689453125,-0.19969505071640015,9
policemen,reporters,-2.431640625,0.20631171762943268,9
policemen,soldiers,2.24273681640625,0.14226023852825165,9
policies,procedures,-1.71875,0.2758272886276245,9
policies,programmes,-1.8388671875,0.0052937716245651245,9
pondered,pondered,5.2381134033203125,0.15050183236598969,9
pounds,pounds,3.156473159790039,0.0015188604593276978,9
pounds,throbs,0.326171875,-0.03645162284374237,9
pretty,refined,2.3310546875,0.010021284222602844,9
pretty,safe,1.4879150390625,-0.030273616313934326,9
prim,proper,1.6175003051757812,0.09256917238235474,9
primed,waiting,-1.6201171875,-0.163910374045372,9
procedure,structures,-6.509765625,0.10112996399402618,9
projects,texts,-0.78515625,-0.014564089477062225,9
proper,safe,1.025390625,0.0071165189146995544,9
proposals,recommendations,1.9873046875,-0.057820238173007965,9
protests,texts,-0.44189453125,-0.07247799634933472,9
prowess,skill,0.873046875,-0.16193197667598724,9
pry,push,1.2086181640625,0.25891202688217163,9
pushback,taxi,0.611328125,-0.1061803549528122,9
question,wonder,2.135986328125,-0.11228133738040924,9
ragtags,scum,9.415374755859375,-0.022508852183818817,9
railroads,utilities,1.3671875,-0.047740355134010315,9
real,symbolic,0.51171875,-0.10657010972499847,9
real,valid,-3.1802215576171875,-0.05954844132065773,9
rent,taxes,-1.962890625,0.03263014554977417,9
reproach,strife,1.359283447265625,-0.19895680248737335,9
research,teaching,0.149749755859375,0.20595182478427887,9
resinous,vitreous,0.0379638671875,0.024773970246315002,9
respect,understanding,0.61224365234375,-0.15544022619724274,9
results,scores,-2.171572685241699,-0.03600631654262543,9
return,sleep,1.05535888671875,-0.22153964638710022,9
rich,rich,-2.8828125,-0.06598475575447083,9
rich,warm,-0.8318862915039062,0.12811315059661865,9
richer,richer,1.6015625,-0.039661705493927,9
riflemen,soldiers,2.52734375,-0.29665306210517883,9
rockholes,streams,-0.3563232421875,-0.15057820081710815,9
roped,tied,0.45458984375,0.15685050189495087,9
rose,rose,0.2471923828125,-0.09307440370321274,9
rose,waxed,-0.79296875,0.10515168309211731,9
rosy,warm,-3.4193115234375,-0.03199530392885208,9
rubble,spoil,-8.222412109375,-0.09728245437145233,9
sadder,sadder,-4.115234375,0.23453854024410248,9
safe,sheltered,12.12109375,-0.08092940598726273,9
safe,warm,-0.5061702728271484,-0.09308721125125885,9
safety,security,-2.0400390625,0.03747451305389404,9
sailors,soldiers,-0.0831298828125,-0.1490432322025299,9
savory,tender,-4.66015625,-0.19168755412101746,9
saw,shrieked,-3.392974853515625,0.30879735946655273,9
scalded,smashed,0.93359375,0.3367396593093872,9
scholars,soldiers,-4.3544921875,-0.21507056057453156,9
scholars,sultans,-1.93359375,0.05643868446350098,9
seamen,soldiers,-1.6875,-0.2167392075061798,9
seclusion,shyness,0.5777416229248047,-0.1556195318698883,9
security,warmth,0.33203125,0.32718247175216675,9
seeds,shit,3.646484375,0.28540319204330444,9
severe,unaccustomed,-2.02734375,-0.23045259714126587,9
shanties,sheds,1.15966796875,0.1698140650987625,9
short,snappish,-0.6015625,-0.44402647018432617,9
short,square,-0.63427734375,-0.5370126962661743,9
short,stubby,1.50048828125,-0.38885951042175293,9
short,thickly,-3.4541015625,-0.3503226339817047,9
shorter,shorter,-0.2265625,-0.027112357318401337,9
silences,speech,3.68023681640625,0.06661559641361237,9
singly,then,-2.720703125,0.30353546142578125,9
sinning,sinning,-2.18701171875,0.09861649572849274,9
sister,twin,-4.517578125,-0.13383647799491882,9
sleep,sleep,3.4398193359375,-0.04630577564239502,9
sleepier,sleepier,-2.3134307861328125,-0.06599260866641998,9
smiles,sobs,-4.9541015625,0.1646234542131424,9
smiles,waves,-0.474609375,-0.22604644298553467,9
sniffed,sniffed,0.943359375,-0.24378468096256256,9
soap,water,-0.171875,-0.013183653354644775,9
sole,undivided,1.2470703125,0.009648025035858154,9
sorry,thankful,0.029541015625,-0.14320534467697144,9
speech,swallowing,0.15625,-0.08795671910047531,9
squeeze,squeeze,2.171875,0.12941835820674896,9
squirming,struggling,2.812530517578125,0.1129651814699173,9
sticky,warm,-0.412109375,-0.15099342167377472,9
subjective,symbolic,1.15625,-0.058791082352399826,9
sunlight,water,-2.0,-0.14207841455936432,9
swifter,swifter,-0.6995849609375,-0.07767018675804138,9
then,then,-2.3009719848632812,0.061338454484939575,9
then,there,0.5224609375,-0.05314154922962189,9
there,there,-2.7666015625,0.35237181186676025,9
tied,wrapped,3.17669677734375,0.30830663442611694,9
tiresome,trite,1.006500244140625,0.04313734173774719,9
tons,tons,5.7037353515625,-0.03210477530956268,9
trembling,twitching,5.5849609375,-0.13854752480983734,9
trembling,waiting,-1.82421875,-0.20925594866275787,9
trying,trying,-5.759765625,-0.022864930331707,9
twirled,twirled,3.2550048828125,0.004977479577064514,9
vanished,vanishing,3.005859375,-0.013442501425743103,9
victual,water,-2.9736328125,0.12757667899131775,9
waiting,waiting,-7.10308837890625,-0.18050584197044373,9
wall,water,0.685546875,0.02542032301425934,9
warm,welcoming,1.264404296875,0.026305466890335083,9
water,water,9.1796875,0.06111802160739899,9
water,wine,-1.8203125,0.08649466931819916,9
whiter,whiter,-1.1196746826171875,0.2388640195131302,9
