word1,word2,preference,mlp_pred,fold
abetting,aiding,-3.52734375,0.8582698702812195,0
academic,parental,-1.6673583984375,0.13217207789421082,0
acceptance,recognition,-0.7430419921875,0.45308104157447815,0
acoustic,electric,4.15374755859375,0.09603280574083328,0
adenine,guanine,0.642578125,0.03889716416597366,0
adjustment,haggling,-0.3447265625,-0.948898434638977,0
adventures,pictures,-1.611328125,-0.15832725167274475,0
affirmation,liberation,-0.2138671875,-0.9350051283836365,0
afloat,popular,2.37481689453125,-0.5962231159210205,0
agents,supplies,0.04180908203125,0.72585529088974,0
agreed,approved,-0.612762451171875,0.1807505190372467,0
ahead,shiver,11.541015625,1.8370044231414795,0
airfields,factories,2.25836181640625,0.23701724410057068,0
airfields,ports,1.0662841796875,0.9430853128433228,0
ands,ifs,3.4365234375,-1.0175992250442505,0
angrier,angrier,0.0,-0.004642687737941742,0
annoyance,disappointment,0.78125,0.2754400670528412,0
annoyed,restless,0.072265625,-0.5230112075805664,0
anthropology,voice,5.78515625,-1.8397917747497559,0
apart,floor,-0.9921875,-3.701578378677368,0
apologize,stuff,2.92462158203125,0.6434038877487183,0
appalling,terrible,2.6969680786132812,-1.0611741542816162,0
applauding,cheering,-1.5906982421875,-0.6707203388214111,0
aqueducts,sewers,1.6865234375,-0.994752049446106,0
arm,arm,0.0,-1.2096298933029175,0
aroused,irritated,3.406646728515625,1.0651932954788208,0
arrogance,riches,1.2431640625,-0.5994911789894104,0
arteries,veins,-1.3564453125,0.24718469381332397,0
arums,mangroves,1.25048828125,-0.06183191388845444,0
associate,supporting,-0.013671875,0.333322137594223,0
attack,attack,0.0,0.7413830757141113,0
attack,defense,-0.10546875,-1.0163105726242065,0
attractions,television,-2.91796875,-2.2967560291290283,0
away,away,0.0,0.23996946215629578,0
away,down,0.365234375,1.430829405784607,0
away,good,1.6484375,-0.9824804067611694,0
axes,scythes,-1.31591796875,0.8561583161354065,0
axes,shovels,-0.347412109375,0.4481012523174286,0
axes,spades,1.685791015625,1.104454517364502,0
bacon,bread,-4.0226287841796875,-1.0627360343933105,0
bacon,cornbread,0.2553253173828125,0.2592400014400482,0
bald,stony,0.30859375,-0.5092247724533081,0
bald,toothless,-0.85546875,-0.374956876039505,0
bales,boxes,0.451171875,-2.10091233253479,0
banged,clattered,-2.1523361206054688,0.11638353019952774,0
barrows,shovels,6.462493896484375,0.6403928399085999,0
bat,scull,-2.25,-1.2066140174865723,0
beast,men,-5.5390625,-0.9822764992713928,0
beige,green,-1.94140625,-0.6249963045120239,0
beneficent,patriarchal,2.47052001953125,0.5135703682899475,0
better,better,0.0,0.15222343802452087,0
better,good,0.732421875,-3.1850647926330566,0
better,popular,4.5,-0.3648292124271393,0
better,worse,-0.25,0.325357049703598,0
biblical,julian,3.4472503662109375,0.6853035688400269,0
billboards,magazines,3.5657730102539062,-0.13159191608428955,0
billions,billions,0.0,-0.34379637241363525,0
blanket,coat,2.794921875,-0.6055090427398682,0
blanket,doll,-0.048828125,-0.3010166585445404,0
blanket,popbeads,-3.24609375,1.5689829587936401,0
blindfold,plaintively,-6.85107421875,0.3601773679256439,0
blink,sit,-1.6943359375,-2.5270683765411377,0
blistered,bloody,1.18359375,-0.1159522756934166,0
blistered,burned,2.603668212890625,-0.6342710256576538,0
bloody,guts,-4.896484375,-1.3334572315216064,0
bloody,terrible,1.55078125,-0.9669482111930847,0
bloody,well,-3.671875,-1.8310381174087524,0
bloomers,sneakers,2.6036376953125,-0.12819314002990723,0
blue,glowing,0.052734375,1.4445371627807617,0
blue,gold,0.515625,-0.5033482909202576,0
blue,green,0.3984375,0.12781000137329102,0
blue,restless,-2.63037109375,1.4362802505493164,0
bonnet,veil,-3.173828125,1.6196039915084839,0
bony,discoloured,5.6884765625,0.8831368684768677,0
boobs,pubes,-0.00732421875,-0.255359023809433,0
brains,pluck,0.890625,1.7108370065689087,0
bravely,unfalteringly,3.5057373046875,1.6775373220443726,0
bravely,well,-2.4365234375,-0.7519223093986511,0
bread,fishes,2.3046875,1.0088363885879517,0
bread,salami,6.6142578125,1.4920884370803833,0
bread,stuff,3.20849609375,3.3207993507385254,0
brickdust,paraffin,1.6842041015625,0.4268031418323517,0
brokenly,incoherently,1.9257965087890625,-0.49056968092918396,0
built,made,-1.166015625,1.7749608755111694,0
burial,cremation,-1.00555419921875,-0.6817997694015503,0
burned,burned,0.0,-0.06548886001110077,0
burned,spluttered,-3.93170166015625,0.09786366671323776,0
bustling,dynamic,-2.3351211547851562,0.5531867742538452,0
calcified,hardened,2.109375,0.2850536108016968,0
calcium,oxygen,-1.3157157897949219,0.9430272579193115,0
calcium,phosphate,0.735076904296875,0.7232005000114441,0
calcium,plutonium,-1.502227783203125,0.9270608425140381,0
caps,goals,4.853515625,-0.5500153303146362,0
caps,nightgowns,1.6087646484375,-1.419513463973999,0
carriage,servants,-2.3828125,-0.9837310314178467,0
ceiling,floor,0.59405517578125,-4.5165205001831055,0
cement,sand,-2.19140625,0.05341706424951553,0
cement,steel,-0.58203125,-0.5011283159255981,0
charts,pictures,2.9423828125,-0.7149785757064819,0
cheering,hooting,-2.2359771728515625,0.030393846333026886,0
cigars,lemonade,0.703125,0.025074400007724762,0
cinematography,photography,0.21300506591796875,-1.4194024801254272,0
citizenship,history,1.119140625,-0.084410659968853,0
civil,commercial,0.1484375,-0.06949236243963242,0
cleaning,repairing,3.2750244140625,1.5143187046051025,0
cleaning,stuff,7.59375,2.0411598682403564,0
clever,good,1.34375,-0.46947404742240906,0
clever,honest,1.685546875,0.742234468460083,0
clever,industrious,6.8154296875,1.1332858800888062,0
coat,hat,-1.09375,0.3228505551815033,0
comedy,dancing,-1.12109375,0.5241293907165527,0
comedy,songs,-1.4765625,0.4379179775714874,0
comfort,counsel,1.39453125,1.4315531253814697,0
comfort,delight,0.447265625,0.07881642132997513,0
comfort,edification,-1.330078125,0.7569586038589478,0
comfort,inspiration,-1.593475341796875,0.7600643038749695,0
comfort,prosperity,-0.09796142578125,0.5026742219924927,0
comfort,riches,1.646484375,0.4340175688266754,0
comfort,support,0.880859375,0.8664074540138245,0
commanding,distinct,-2.5771484375,-1.2606176137924194,0
commercial,corporate,0.5791015625,-0.5675109028816223,0
commercial,ferry,-0.9921875,1.2337902784347534,0
compliments,court,1.72271728515625,-0.699811577796936,0
comprehensiveness,depth,3.368621826171875,-0.2454988658428192,0
constitutionalism,economics,-0.1228485107421875,-0.09160207957029343,0
contemptuous,curt,1.25732421875,-0.5281066298484802,0
contents,hat,-3.7747802734375,-2.4060399532318115,0
contracts,licenses,2.8592529296875,0.34932687878608704,0
copper,gold,0.66796875,-1.0342363119125366,0
copper,steel,2.07421875,-0.00512135773897171,0
corn,oysters,0.595458984375,1.5474181175231934,0
correct,correct,0.0,0.3403654992580414,0
correct,erase,-0.6796875,1.9480124711990356,0
correct,present,0.83984375,1.4034852981567383,0
corrected,typed,-0.5559749603271484,0.1060769185423851,0
coughs,groans,1.4080810546875,0.7064613103866577,0
coughs,sings,-0.40966796875,2.51603627204895,0
court,perjury,0.796875,0.34002557396888733,0
covert,ingenious,-2.58154296875,-0.7822649478912354,0
cowered,such,3.2109375,0.666416347026825,0
creaked,swerved,1.548828125,0.17220374941825867,0
crepuscular,diurnal,0.767333984375,0.834071934223175,0
cricket,football,1.6953125,-1.2302004098892212,0
crosser,crosser,0.0,-0.022178523242473602,0
crows,poultry,-3.55841064453125,0.3030363619327545,0
cubes,triangles,2.60015869140625,0.6123358607292175,0
danby,winter,-3.19140625,-0.8145700097084045,0
dancers,wood,3.4591064453125,-0.6053717732429504,0
dancing,dinner,-4.59375,-1.6045944690704346,0
dancing,drinking,0.63671875,0.25015005469322205,0
deaf,stupid,3.01116943359375,0.4083605706691742,0
debauch,riot,-0.375,-0.4927813410758972,0
defector,stateless,-1.72265625,-0.12765207886695862,0
defense,offense,4.1669921875,1.0875416994094849,0
dehydration,deprotonation,3.604736328125,-0.4831431210041046,0
delight,tenderness,-0.6015625,-0.8405835628509521,0
demonstrations,petitions,-1.380859375,-0.8390265107154846,0
depth,diameter,-6.086662292480469,-0.1332457959651947,0
depth,information,4.1533203125,-1.215643048286438,0
depth,soundness,0.77490234375,-1.0393480062484741,0
despised,poor,-2.2159423828125,-1.213307499885559,0
devils,witches,-0.1318359375,-1.0885242223739624,0
devious,ruthless,-2.67626953125,-0.8758735060691833,0
dim,misty,3.251953125,-0.899401843547821,0
dim,threatening,0.981201171875,-0.05374183505773544,0
dinner,stuff,5.966796875,3.6623895168304443,0
disappointment,doubt,-3.6513671875,-1.389379858970642,0
disappointment,neglect,2.233642578125,0.5436042547225952,0
disappointment,sorrow,-0.47509765625,-1.0476340055465698,0
disgraced,humiliated,2.6221923828125,-0.7730648517608643,0
dishonor,honor,-2.31243896484375,-1.7512768507003784,0
disinherited,dispossessed,-1.1614990234375,-0.6119673848152161,0
dispatches,dispatches,0.0,-0.21386533975601196,0
do,good,5.080078125,-3.867506265640259,0
do,stuff,10.46240234375,0.15090259909629822,0
do,undo,0.56201171875,1.3535324335098267,0
docile,industrious,-4.1527099609375,0.10673577338457108,0
doll,hat,-0.9921875,0.5479726791381836,0
doll,popbeads,-4.94677734375,1.3287183046340942,0
dollhouse,men,0.3388671875,0.1589420735836029,0
doubt,speculation,-0.925048828125,0.6064027547836304,0
down,down,0.0,0.03169248253107071,0
down,under,4.087890625,-0.3335808217525482,0
down,upstairs,-3.26171875,-3.8798656463623047,0
down,wireless,3.776611328125,-1.7261337041854858,0
dramatically,suddenly,-0.8720703125,-3.4749763011932373,0
dreadful,terrible,-0.0087890625,-0.792191743850708,0
drinking,drinking,0.0,-0.8578022718429565,0
drove,drove,0.0,-0.06967558711767197,0
economics,history,-1.3556289672851562,-0.9911329746246338,0
edge,point,-3.119140625,3.470379114151001,0
efficiently,smoothly,-4.7614593505859375,-1.8575600385665894,0
electric,gravitational,-2.5181884765625,-0.24925750494003296,0
electric,hybrid,-0.0379791259765625,0.3860523998737335,0
electronics,vehicles,-0.8462162017822266,0.24105116724967957,0
eleventh,last,5.2978515625,-0.024410389363765717,0
embarrassed,humiliated,1.147216796875,-0.6248779296875,0
embarrassed,mad,-1.9061279296875,-2.497704029083252,0
embarrassed,restless,0.086151123046875,-0.8699917793273926,0
emeralds,gold,5.48828125,-0.8087003827095032,0
enlargement,thickening,-3.343505859375,-1.969785451889038,0
enthusiastic,excellent,-3.3782958984375,-1.8127143383026123,0
enthusiastic,utensiles,1.2872314453125,-0.21128788590431213,0
equal,honest,0.1953125,-0.9862877130508423,0
equal,opposite,2.41796875,-0.13144853711128235,0
evening,morning,-2.32421875,0.11789045482873917,0
evil,good,0.916015625,-3.6093313694000244,0
evil,malicious,-0.6432342529296875,-1.0949796438217163,0
evil,unlucky,-2.3056640625,-0.5243644118309021,0
exactly,well,1.228515625,-3.625600576400757,0
excellent,good,0.75048828125,-0.5768905282020569,0
excesses,shortages,0.78802490234375,-0.4976830780506134,0
exchanging,redeeming,-1.6507568359375,0.3543106019496918,0
exclamation,interrogation,0.227294921875,-0.29880058765411377,0
exhausting,futile,-0.375732421875,0.36184099316596985,0
expand,freeze,-0.6584930419921875,-0.9722122550010681,0
fabric,quilting,-2.61376953125,-0.22346246242523193,0
faces,people,-0.400390625,1.8330206871032715,0
factoring,factorisation,0.459716796875,-0.34689611196517944,0
fascinating,noble,2.8558692932128906,-1.3975378274917603,0
fathoms,fathoms,0.0,0.4041905701160431,0
fatter,fatter,0.0,0.055130161345005035,0
features,profiles,1.025390625,1.2165355682373047,0
fed,housed,1.1693115234375,1.119250774383545,0
feedstocks,ligands,-0.23681640625,0.14120349287986755,0
felids,nimravids,-0.060546875,1.1444671154022217,0
fielders,sluggers,-2.62353515625,0.45158621668815613,0
figs,wasps,-2.6064453125,1.0099074840545654,0
files,information,-1.1923828125,-0.2524435222148895,0
files,stuff,6.9140625,2.0162193775177,0
fishes,people,0.16015625,1.0019111633300781,0
flatter,flatter,0.0,-0.02457219362258911,0
flatulence,shots,-0.73828125,-0.23842108249664307,0
flourishing,green,0.491424560546875,-0.21729621291160583,0
forests,schools,-0.1484375,-0.5329617261886597,0
former,present,0.30078125,2.2780463695526123,0
former,quarter,1.52734375,1.7234135866165161,0
forties,under,7.673828125,1.569677472114563,0
frazil,pancake,-5.5224609375,-1.2768864631652832,0
freeze,shiver,-0.3173828125,0.12056843191385269,0
frequently,recently,0.89208984375,-1.1751291751861572,0
friendlessly,homelessly,-0.392578125,-0.23405036330223083,0
frustrated,irritated,3.0029144287109375,0.789227306842804,0
frustrated,whining,-0.0313720703125,-0.3066468834877014,0
future,present,-0.556640625,1.1819504499435425,0
gala,rare,1.228515625,0.3247299790382385,0
gangsters,pimps,2.1337890625,-0.20510342717170715,0
geological,zoological,-2.06414794921875,0.04912974685430527,0
ghostly,good,-1.3583984375,-2.6508731842041016,0
gifts,supplies,0.286468505859375,1.1915024518966675,0
gleaming,greedy,5.1868896484375,1.5303946733474731,0
gloves,hat,-0.375732421875,-1.1543158292770386,0
glowing,immaculate,-2.455322265625,1.5090304613113403,0
gold,green,-0.71484375,0.2744464576244354,0
gold,tangerine,-1.29638671875,0.9846417903900146,0
gold,treasure,-1.5361328125,0.5691974759101868,0
good,green,-2.056640625,0.5097483992576599,0
good,honest,3.3203125,1.5902211666107178,0
good,honourable,-0.18524169921875,2.7913734912872314,0
good,informative,3.142578125,3.0932133197784424,0
good,mad,-2.005859375,0.7295389771461487,0
good,merciful,-1.6468505859375,1.6492427587509155,0
good,noble,-0.2568359375,1.7184845209121704,0
good,poor,-3.69140625,1.8339115381240845,0
good,straightforward,1.12677001953125,2.171053409576416,0
good,unconstrained,0.475830078125,3.0432722568511963,0
good,well,2.087890625,1.210891604423523,0
gowns,slippers,-3.383087158203125,0.03388126939535141,0
grains,liquids,-1.3486328125,-0.21845874190330505,0
graphics,photography,0.877105712890625,-0.5608716011047363,0
graphics,photos,-2.66015625,1.143083095550537,0
grave,questioning,1.15673828125,2.263807535171509,0
grave,terrible,4.109375,2.1647098064422607,0
grave,troubled,1.9852371215820312,1.3263849020004272,0
green,green,0.0,0.25489649176597595,0
green,misty,-0.539306640625,1.2775033712387085,0
green,rust,2.5546875,1.0319809913635254,0
green,violet,0.15630531311035156,0.8373183012008667,0
green,wooded,1.74810791015625,0.39739516377449036,0
grows,grows,0.0,0.6130650639533997,0
grumbling,whining,-1.54833984375,0.12376516312360764,0
guile,wile,-2.783203125,-0.3470284640789032,0
haggard,troubled,-2.655914306640625,0.8147468566894531,0
handwritten,typed,-0.1884765625,0.7099844217300415,0
hardened,stabilised,-4.36865234375,-0.0611463263630867,0
harps,songs,-0.63671875,-0.001329474151134491,0
heaviness,sorrow,1.3298187255859375,0.3323274552822113,0
history,mythology,-0.58447265625,0.9232132434844971,0
honest,honourable,2.8377838134765625,1.6130141019821167,0
honest,industrious,2.111572265625,0.6494870185852051,0
honest,poignant,-1.3876953125,1.2821977138519287,0
honest,straight,4.1640625,-0.44104626774787903,0
honest,straightforward,1.0911331176757812,1.1945600509643555,0
honor,manhood,-1.8046875,-0.7792374491691589,0
honor,riches,0.39453125,0.6400941610336304,0
honor,serve,-0.369140625,2.8018343448638916,0
honor,service,-0.55078125,-0.4327521026134491,0
honor,truthfulness,1.01171875,-0.3857421875,0
honor,wisdom,1.7628326416015625,-0.7178542613983154,0
honourable,merciful,-3.872039794921875,-1.3284423351287842,0
honourable,necessary,-1.930908203125,1.199285626411438,0
honourable,poor,-5.432373046875,-1.4391883611679077,0
hopes,thoughts,0.0146484375,-0.029334567487239838,0
hormones,neurotransmitters,0.558349609375,0.8590782880783081,0
hugged,kissed,1.6637382507324219,0.19055137038230896,0
humorously,jokingly,-6.2783203125,-0.2605191171169281,0
hurting,terrifying,1.46746826171875,0.8696061372756958,0
hydrocarbons,oxygen,3.138763427734375,0.015565462410449982,0
hymns,songs,-0.682830810546875,-1.2821846008300781,0
inaccurate,lurid,-2.16552734375,-0.5654268860816956,0
indefensible,unjustified,-0.51220703125,1.4138633012771606,0
indonesian,malaysian,0.426025390625,0.008681483566761017,0
information,knowledge,0.23046875,-1.329773187637329,0
information,pictures,-1.158203125,-1.391826868057251,0
information,services,-0.380859375,-1.6418266296386719,0
information,support,3.671875,-0.5070785284042358,0
information,tips,2.203125,-0.34306347370147705,0
injury,predation,-3.599365234375,-0.21559378504753113,0
inputs,microphones,-1.872528076171875,-0.8576529026031494,0
ins,outs,-0.166015625,-1.3357176780700684,0
inside,under,4.828125,0.7903925776481628,0
insipid,poor,-3.38671875,-3.0770914554595947,0
insipid,stupid,-2.65234375,-2.3336589336395264,0
insisting,insisting,0.0,0.4573131501674652,0
inspections,inspections,0.0,-0.18547001481056213,0
instructions,pictures,-1.187744140625,-2.3753037452697754,0
inventors,scientists,-1.59375,0.03418675810098648,0
irritated,nervous,-3.80615234375,-2.074162244796753,0
jagged,uneven,0.48248291015625,1.1352086067199707,0
jammed,overheated,2.50732421875,-0.2667870819568634,0
journals,magazines,-1.7486495971679688,-0.4799485504627228,0
joyfully,willingly,-4.990234375,0.2010250985622406,0
judgment,taste,1.3287353515625,-0.5003554224967957,0
juggled,stuff,5.77490234375,1.3781851530075073,0
kid,mutton,-1.994140625,1.2975081205368042,0
knowledge,liberation,0.21630859375,-0.00947687029838562,0
knowledge,wisdom,-0.6563568115234375,-0.4528755247592926,0
lace,leather,-2.8427734375,1.0664315223693848,0
lace,needlework,0.6796875,1.544357419013977,0
last,oldest,-2.26953125,-1.9217277765274048,0
last,sixteenth,-0.6373672485351562,-1.6655341386795044,0
last,steepest,-3.15234375,-0.4050302803516388,0
last,twentieth,0.7822647094726562,-0.637321949005127,0
lefties,lefties,0.0,0.22774991393089294,0
legitimate,popular,0.043212890625,-0.5691648721694946,0
lemonade,sandwiches,-3.3258166313171387,-0.28553155064582825,0
libel,slander,8.4765625,-0.3104752004146576,0
liberation,practicality,1.80419921875,-0.055535607039928436,0
lifelike,vivid,-1.56982421875,0.48064014315605164,0
lipsticks,skirts,2.1041259765625,-0.17347562313079834,0
liquid,vapor,1.5078125,1.3285363912582397,0
loads,loads,0.0,0.10435590893030167,0
longest,oldest,0.03215789794921875,-0.3469403088092804,0
longest,widest,2.0322265625,2.0771234035491943,0
look,manner,-0.3818359375,-3.2407095432281494,0
look,voice,-2.900390625,-3.566211462020874,0
loss,sorrow,-0.255859375,-1.0253463983535767,0
lurid,threatening,2.029632568359375,0.6610312461853027,0
lysosomes,peroxisomes,-3.39892578125,0.9712376594543457,0
made,sold,2.21875,-0.23807063698768616,0
made,spent,0.9140625,-0.8289713859558105,0
majestically,silently,-6.57244873046875,-1.1141122579574585,0
malicious,stupid,2.1885299682617188,1.063816785812378,0
manner,voice,-1.5205078125,-0.07468589395284653,0
maths,stuff,4.7275390625,2.657811403274536,0
meagre,unpalatable,-0.16162109375,-0.7478659152984619,0
melodic,progressive,3.3671875,-0.2062492072582245,0
men,men,0.0,-0.4854522943496704,0
men,munition,-0.11328125,0.6007030010223389,0
men,people,3.4345703125,1.25700044631958,0
men,planes,-3.3662109375,0.7692146897315979,0
men,secrets,-4.333648681640625,0.7053650617599487,0
men,supplies,0.5982666015625,1.7530568838119507,0
mexican,vietnamese,-0.02149200439453125,-0.23292267322540283,0
mezcal,pulque,-0.255859375,-0.6824585199356079,0
millions,millions,0.0,-0.44973352551460266,0
miraculously,suddenly,1.8990478515625,-3.4388139247894287,0
motorcycles,quads,-6.042938232421875,0.10996488481760025,0
mountainous,northern,-2.779296875,1.4518864154815674,0
mourning,sorrow,-1.0074462890625,-0.5230761766433716,0
nervous,poor,-2.94921875,-0.7527410387992859,0
nervous,restless,-0.786376953125,0.41477063298225403,0
nervous,shaky,-2.08984375,0.11495605856180191,0
nervous,weak,-2.298828125,-0.22560834884643555,0
nitric,sulphuric,-3.72833251953125,0.20833897590637207,0
normal,normal,0.0,-0.3132742941379547,0
normal,well,2.7109375,0.5632845163345337,0
notorious,puzzling,-0.04705810546875,-1.40522301197052,0
notorious,valuable,-4.1298828125,0.08539453893899918,0
nut,washer,2.5849609375,1.2099696397781372,0
offside,support,3.0,-1.2887898683547974,0
oxygen,sulphur,6.631072998046875,0.8510226607322693,0
paints,pencils,-0.42254638671875,-1.531234860420227,0
patiently,watchfully,-3.8086280822753906,-0.7806702852249146,0
patiently,well,-4.7114715576171875,-1.0154938697814941,0
peel,rot,0.66015625,0.5812383890151978,0
people,plywood,2.84765625,-0.8726860284805298,0
people,priest,-0.958984375,-1.8149504661560059,0
people,producers,-1.8916015625,0.8347768187522888,0
people,rituals,-0.304931640625,-0.710492730140686,0
people,servants,0.2734375,-1.776854157447815,0
people,situations,-2.31103515625,-0.27985134720802307,0
people,stuff,5.837890625,1.768670916557312,0
people,supplies,0.34320068359375,1.2015089988708496,0
people,vehicles,-0.39611339569091797,-0.4867149889469147,0
petrochemical,pharmaceutical,0.591796875,-0.765120804309845,0
photography,videography,4.7706298828125,0.5712835788726807,0
picnics,such,6.15777587890625,1.9845443964004517,0
pictures,stuff,11.609375,3.8498775959014893,0
pieces,tags,1.07958984375,-0.5795078277587891,0
plaster,wood,-1.6533203125,-0.7381048798561096,0
play,want,-1.8984375,0.8103442192077637,0
pluck,straight,1.451171875,-0.6704596281051636,0
polynesian,scandinavian,-8.82208251953125,0.027458176016807556,0
poor,unnoticed,3.26123046875,4.15583610534668,0
poor,weak,2.1533203125,0.9367952346801758,0
popular,saleable,-4.05078125,-0.9159755706787109,0
postnatal,prenatal,-2.375,-0.36109811067581177,0
practising,practising,0.0,-0.6623823642730713,0
prejudice,stereotypes,-0.7018280029296875,-0.10770434141159058,0
profane,threatening,5.560981750488281,0.7262938022613525,0
professors,scientists,-0.5455322265625,0.37698888778686523,0
prosper,well,-3.06182861328125,-0.8634564876556396,0
prosperity,welfare,-0.4986114501953125,0.32333260774612427,0
psychological,terrible,0.850830078125,0.9830271005630493,0
publications,scientists,0.154296875,-0.2428426444530487,0
rabbit,sit,-4.421875,-0.4089883863925934,0
radium,sediments,3.009765625,0.05392671376466751,0
rained,rained,0.0,0.274884968996048,0
rakes,spades,1.0234375,1.2011584043502808,0
rare,shameful,1.772705078125,1.9658371210098267,0
rare,uncommon,0.636474609375,2.9400651454925537,0
rare,valuable,0.390625,1.1369872093200684,0
rare,wicious,-0.20703125,0.9317641258239746,0
reformist,separatist,-4.650390625,0.3946530520915985,0
restless,troubled,-0.239013671875,0.1069827452301979,0
reverently,silently,-4.97491455078125,-1.7252403497695923,0
reverently,tenderly,-0.79815673828125,-1.2744261026382446,0
rides,sings,-0.0716552734375,0.789145290851593,0
roll,roll,0.0,0.12947320938110352,0
runs,shrieks,-3.75341796875,-2.3252320289611816,0
sand,varnish,0.6474609375,0.4334307610988617,0
sandwiches,stuff,5.007559776306152,2.7144575119018555,0
satisfied,triumphant,11.86236572265625,-1.8969284296035767,0
schools,schools,0.0,0.06724552065134048,0
schools,services,0.501953125,0.5635995864868164,0
schools,situations,-0.91436767578125,1.1428725719451904,0
schools,staff,4.2666015625,0.7680587768554688,0
schools,stuff,4.171875,2.9978854656219482,0
seasons,weather,2.8994140625,-1.717792272567749,0
servants,servants,0.0,-0.37275323271751404,0
service,such,4.890625,1.8832844495773315,0
services,support,3.6640625,0.7239189147949219,0
shakes,twitches,3.466796875,-0.4484465718269348,0
shortsighted,weak,-2.896484375,0.24925851821899414,0
shovels,spades,1.8855438232421875,0.6308261156082153,0
shriller,shriller,0.0,-0.13057783246040344,0
silently,smoothly,-1.09588623046875,-0.9870212078094482,0
silently,sorrowfully,1.218994140625,0.6953418850898743,0
silently,suddenly,-0.270263671875,-2.0745632648468018,0
sixteenth,twentieth,4.881599426269531,1.3084710836410522,0
slave,slave,0.0,0.054645515978336334,0
snot,stuff,0.896484375,1.122076153755188,0
sobbed,sobbed,0.0,0.0733155682682991,0
sodomites,usurers,-6.759765625,0.32063916325569153,0
sonatas,sonatinas,-4.0177001953125,-0.6257709264755249,0
songs,stuff,6.28515625,2.188396453857422,0
spent,weak,-3.5888671875,-0.9788949489593506,0
stacks,stacks,0.0,0.17463260889053345,0
startling,terrible,-3.972412109375,-0.057913683354854584,0
steel,wood,-1.9521484375,-1.0185463428497314,0
straight,sturdy,-2.34173583984375,0.41760513186454773,0
strenuously,well,-2.00323486328125,-0.3113146722316742,0
stuff,supplies,-5.70391845703125,-0.7651995420455933,0
stuff,wood,-5.62109375,-3.4923152923583984,0
stupid,tedious,-2.80859375,0.4369889199733734,0
stupid,weak,-1.84765625,-0.4883062541484833,0
such,such,0.0,1.0285576581954956,0
such,support,-2.01171875,-0.9110780954360962,0
sunset,sunset,0.0,-0.11854097992181778,0
supplies,vehicles,2.443897247314453,-0.9817537665367126,0
support,support,0.0,-0.5961568355560303,0
taste,wisdom,1.356231689453125,-1.2365599870681763,0
tomorrow,tomorrow,0.0,-0.37854114174842834,0
tomorrow,yesterday,-2.515625,1.0870388746261597,0
trolls,witches,-0.07322311401367188,-0.9166395664215088,0
twain,twain,0.0,0.09897737950086594,0
uninjured,well,0.98699951171875,-1.0001332759857178,0
varnish,wood,-4.774658203125,-0.8437198996543884,0
vulnerable,weak,-1.03759765625,-0.834990382194519,0
wave,wave,0.0,0.6855213046073914,0
worse,worse,0.0,-0.845095694065094,0
worser,worser,0.0,0.3292851150035858,0
accuracy,efficiency,2.0925216674804688,0.2276867926120758,1
accuracy,range,-1.17498779296875,-0.77813720703125,1
acetone,ethanol,4.9267578125,0.9387995004653931,1
across,across,0.0,0.06960054486989975,1
admiringly,kindly,0.283203125,-1.1010724306106567,1
aeronauts,workers,-2.17919921875,-0.19439449906349182,1
affairs,infidelities,0.706298828125,0.5498547554016113,1
affection,approval,1.2388916015625,1.6292880773544312,1
affection,impatience,-2.606781005859375,-0.19825544953346252,1
afraid,lonely,2.845703125,-2.8106415271759033,1
again,again,0.0,0.7246336936950684,1
again,now,-2.8671875,-0.6451006531715393,1
again,simply,-3.8515625,2.6078789234161377,1
again,so,0.94140625,-0.2718903720378876,1
agile,quick,-5.0419921875,-1.3106943368911743,1
airy,pleasant,-2.555908203125,-1.3868597745895386,1
airy,wholesome,1.5166015625,0.20076116919517517,1
albanian,serbian,-1.792724609375,0.625629186630249,1
alcohol,cocaine,1.21533203125,0.5284013748168945,1
allowances,exemptions,-0.96923828125,-0.4589041769504547,1
ample,comfortable,-3.3984375,-0.8540483713150024,1
amputation,castration,-2.6552734375,-0.8933970928192139,1
anglican,catholic,-3.2861328125,-0.3424704372882843,1
animals,games,0.23046875,0.8165121674537659,1
animals,giggles,6.451171875,0.31269848346710205,1
animals,pets,1.4482421875,-0.18410077691078186,1
animals,trees,-0.9365234375,-0.9938942790031433,1
anxiety,impatience,-2.64306640625,0.9422603845596313,1
anxiety,nervousness,-0.64453125,0.1457843780517578,1
anxiety,paranoia,-1.150390625,0.07711716741323471,1
anxiety,terror,0.482421875,-0.25422218441963196,1
anxiety,worry,2.763671875,0.8770168423652649,1
approval,discussion,0.303619384765625,-0.8705332279205322,1
approval,satisfaction,-4.3824462890625,-2.3168771266937256,1
approve,listen,-1.73583984375,-2.0231292247772217,1
apps,games,-3.07421875,-1.1969289779663086,1
armed,resolute,3.00390625,1.0685368776321411,1
armed,unarmed,3.13726806640625,2.5126163959503174,1
armor,horse,-3.515625,-2.57297420501709,1
aspirin,sterno,2.083984375,0.3561655580997467,1
astonished,pained,0.443359375,1.3539546728134155,1
astonishing,disheartening,7.743896484375,0.28287389874458313,1
ate,ate,0.0,-0.011124290525913239,1
ate,talked,1.380859375,2.4615886211395264,1
athletics,games,0.6171875,0.6602307558059692,1
athletics,wrestling,2.44677734375,0.7860826253890991,1
atrocities,death,-1.43408203125,-0.859822154045105,1
avoid,try,-5.8486328125,-3.604624032974243,1
awed,mute,-0.046875,-0.05852196365594864,1
balks,leas,-0.919921875,1.148929476737976,1
bands,performers,3.24169921875,1.040747046470642,1
bare,barren,3.00390625,-1.1671454906463623,1
bare,colder,-0.685546875,-1.0861948728561401,1
bare,dusty,2.03857421875,-1.0148838758468628,1
bare,parched,2.3515625,-0.9108728766441345,1
bare,rugged,2.166015625,-0.4739072620868683,1
bare,stark,-0.4453125,-0.5249255895614624,1
bare,wet,-2.001953125,-1.7675026655197144,1
barns,fields,-3.3466796875,-0.6462314128875732,1
barns,outbuildings,2.788330078125,0.8745147585868835,1
barren,low,-2.083984375,0.32362672686576843,1
barren,parched,-0.59375,1.4049707651138306,1
barren,rugged,-2.3828125,1.0625519752502441,1
bars,bars,0.0,-0.4151231646537781,1
bars,bolts,1.505615234375,0.285888671875,1
bars,pubs,7.69464111328125,-0.05694899708032608,1
bears,catamounts,1.111328125,0.150161474943161,1
beds,paths,3.14794921875,0.5833089351654053,1
before,now,-3.45989990234375,-0.63441002368927,1
before,since,1.23828125,0.22618898749351501,1
before,so,7.37109375,-1.063969373703003,1
before,whispered,-2.19921875,0.7360309362411499,1
beheaded,condemned,-0.6605224609375,0.8547118902206421,1
beheaded,flayed,-4.898826599121094,-0.06736278533935547,1
benevolently,kindly,-4.653472900390625,-1.027350902557373,1
beverages,food,1.2197265625,-2.223242998123169,1
billiards,pool,0.9755859375,1.1505485773086548,1
biographical,critical,-1.484466552734375,-0.002934493124485016,1
blogs,newspapers,-0.9453544616699219,-0.12101436406373978,1
bloodshed,quarrels,-4.822418212890625,-0.13849493861198425,1
borrowing,borrowing,0.0,-0.40738850831985474,1
bottle,glasses,-2.791015625,0.6343543529510498,1
brave,intelligent,-3.794361114501953,1.279725193977356,1
brave,resolute,3.2734375,0.9260791540145874,1
brave,warlike,1.783203125,1.9801372289657593,1
breadth,height,-3.3779296875,0.2856018841266632,1
briefly,hurriedly,-3.771484375,0.4806748926639557,1
briefly,simply,1.845703125,4.0348920822143555,1
brightest,hottest,-2.430023193359375,0.27701497077941895,1
brightest,merriest,2.42822265625,0.7997899651527405,1
brightest,wisest,2.125,0.954466700553894,1
brushed,brushed,0.0,-0.2771950662136078,1
brushed,pressed,-0.4151611328125,0.14552995562553406,1
brushed,wet,-0.4453125,-1.653478741645813,1
buggies,horse,-1.5869140625,-2.460035562515259,1
buildings,furniture,0.1484375,-1.3143787384033203,1
buildings,land,1.00390625,-0.17263919115066528,1
buildings,towns,-2.08984375,-1.3606297969818115,1
buildings,track,5.26953125,-0.08355078846216202,1
buildings,trees,-2.109375,-0.20608267188072205,1
bull,cow,-5.96875,-0.1303967833518982,1
bull,trident,-2.7939453125,-0.8289985656738281,1
bunny,horse,4.07421875,-0.8107010126113892,1
buttercups,clover,-4.03759765625,1.0447946786880493,1
byzantine,roman,-0.1448974609375,-0.1656990945339203,1
calmness,equanimity,0.651611328125,1.2976387739181519,1
calvarium,face,2.4375,-0.38822850584983826,1
canoes,skiffs,-1.0168914794921875,-0.30794721841812134,1
capacity,scaleability,0.85650634765625,0.7438600063323975,1
cardiovascular,nerve,-1.4278564453125,0.6895174980163574,1
careless,pleasant,2.30859375,-1.717146635055542,1
careless,reckless,1.147735595703125,-0.11084610223770142,1
careless,shiftless,2.8010101318359375,0.12093379348516464,1
catholic,monarchical,2.339111328125,1.298681378364563,1
cats,cows,-0.6298828125,-1.2830723524093628,1
cats,stoats,0.4189453125,0.6217770576477051,1
centre,front,-2.3359375,-1.1003974676132202,1
chafed,disappointed,-0.9462890625,0.36049893498420715,1
chain,collar,0.7294921875,0.757034420967102,1
charm,terror,0.97607421875,-0.6116306781768799,1
charming,dusty,1.76513671875,0.7317716479301453,1
charming,genial,2.138671875,1.1997287273406982,1
charming,respectable,-0.33428955078125,1.483869194984436,1
charming,seductive,5.07720947265625,1.4586896896362305,1
charms,witchcraft,-2.133056640625,0.4815678894519806,1
charred,naked,-1.6171875,-0.8049362897872925,1
chatter,strut,2.4326171875,2.4921491146087646,1
chilli,onions,6.859375,0.8227535486221313,1
chills,shivers,-1.04736328125,0.4171217978000641,1
chirruping,twittering,-4.3529052734375,-0.8079143166542053,1
cinders,smoke,-2.017578125,-0.24516144394874573,1
circumcision,food,1.38818359375,-2.1661746501922607,1
circumcision,scarification,2.986572265625,-0.2500753104686737,1
class,gender,1.403564453125,1.6059553623199463,1
class,snobbery,-3.5732421875,1.4328464269638062,1
clearly,simply,-1.5625,2.5564653873443604,1
clearly,succinctly,1.267578125,0.46447405219078064,1
click,tell,2.974609375,2.112072706222534,1
climb,climb,0.0,0.8023257851600647,1
climb,jump,0.8046875,0.5859731435775757,1
club,fang,0.224609375,0.6915704607963562,1
club,lash,-1.6796875,0.42136743664741516,1
cocaine,heroine,1.04583740234375,-0.1557581126689911,1
colder,colder,0.0,-0.03485342860221863,1
colder,wetter,2.6708984375,0.06491630524396896,1
colourful,gorgeous,-1.4157867431640625,0.13409015536308289,1
comfortable,easy,1.646484375,-2.1884586811065674,1
comfortable,jolly,1.125,0.3395591080188751,1
comfortable,low,-4.275390625,-0.46578821539878845,1
comfortable,pleasant,-2.306640625,-1.764119029045105,1
comments,concern,-2.8125,-0.2029116451740265,1
commons,lords,-3.861083984375,-1.180670142173767,1
completeness,finality,5.5634765625,-0.8865832090377808,1
condemned,tried,2.7249755859375,-1.0135419368743896,1
confusing,sad,-3.721435546875,-3.4715347290039062,1
considerable,effective,3.69091796875,2.867161512374878,1
contemporary,contemporary,0.0,0.08946686238050461,1
cooler,cooler,0.0,0.299343079328537,1
cooler,fresher,-3.32373046875,0.7594811320304871,1
cooler,grayer,0.818359375,-0.47636571526527405,1
coolly,deliberately,-0.0626068115234375,-0.06654760986566544,1
countermarch,march,0.609375,-2.409144639968872,1
cows,girls,-2.90625,1.6537443399429321,1
cows,goats,-0.3026123046875,1.4751702547073364,1
cried,cried,0.0,-0.05678049474954605,1
cried,screamed,-1.3233489990234375,0.9759018421173096,1
cried,talked,-0.837890625,1.1521251201629639,1
crisp,curly,2.5096435546875,1.781810998916626,1
crisp,sunny,-0.45928955078125,-0.8160279989242554,1
critical,dictatorial,3.1953353881835938,0.543703556060791,1
criticism,discussion,2.263641357421875,1.686589241027832,1
cultured,intelligent,0.06524658203125,-0.14055821299552917,1
cunninger,cunninger,0.0,0.20636937022209167,1
cup,silverware,1.609375,-0.014065511524677277,1
curmudgeonly,cynical,-1.751953125,-0.46447452902793884,1
damnation,death,-0.12109375,-0.8472047448158264,1
darkened,deepened,-2.43853759765625,0.548024594783783,1
dearest,kindest,0.78173828125,-0.0014262571930885315,1
death,fugitive,0.4971923828125,0.9346709251403809,1
death,infamy,1.43359375,0.7569972276687622,1
death,infection,-2.2890625,-0.9827906489372253,1
death,prison,4.42578125,-0.8495075106620789,1
death,terror,-2.20703125,-0.4821130335330963,1
death,thirst,-0.33474159240722656,-0.015024222433567047,1
deep,deep,0.0,1.1632486581802368,1
deep,intelligent,-0.0032958984375,2.0328922271728516,1
deep,lonely,1.98828125,0.6876859664916992,1
deep,low,-1.322265625,0.578128457069397,1
deep,slow,-0.58203125,1.791676640510559,1
deep,solitary,2.91455078125,2.090223789215088,1
deep,sullen,-0.32080078125,2.7421059608459473,1
deep,wide,2.578125,-1.7032585144042969,1
deepened,increased,2.4633331298828125,1.0875965356826782,1
defiance,malediction,0.59228515625,-1.130035400390625,1
delusion,witchcraft,-0.166259765625,-0.5113491415977478,1
details,subjects,-3.709228515625,-1.0432016849517822,1
dienes,polyenes,0.22100830078125,-0.8170692920684814,1
differentiation,integration,2.8253860473632812,0.33232560753822327,1
dig,dig,0.0,-0.1316147744655609,1
dining,sitting,2.10546875,-1.405576229095459,1
disappointed,puzzled,-0.10223388671875,-0.5212430357933044,1
disappointed,sad,-2.396484375,-2.7779014110565186,1
discipline,holy,1.7652587890625,-0.3916996419429779,1
discipline,obedience,-2.0631103515625,-0.37461385130882263,1
discipline,satisfaction,-2.349517822265625,-2.5516316890716553,1
discriminating,just,2.6047897338867188,2.9270334243774414,1
disenfranchised,lonely,-3.77734375,-3.017122983932495,1
dive,dive,0.0,-0.11497334390878677,1
dive,jump,-0.516845703125,0.7182101011276245,1
dragging,slow,-4.86181640625,-1.2839311361312866,1
drenched,shivering,-2.9723892211914062,0.6964763402938843,1
dressed,washed,0.7890625,1.4510060548782349,1
drinkning,eating,-0.505859375,-0.5401906967163086,1
dukes,lords,-1.0125732421875,-0.48640576004981995,1
dusty,withered,-1.0836181640625,0.4362744390964508,1
dynasties,kings,-5.96044921875,-1.4996198415756226,1
easy,joyful,-0.3154296875,1.5674329996109009,1
easy,pleasant,-0.548828125,-0.8547011613845825,1
easy,quick,-3.5546875,-1.6531853675842285,1
easy,slow,-1.03515625,0.1394524872303009,1
eating,eating,0.0,-0.2382531762123108,1
eating,food,-2.3447265625,-1.5762596130371094,1
eating,sitting,0.20703125,-2.7693827152252197,1
eating,slurping,-3.0716552734375,-0.5690374970436096,1
eating,thinking,3.0,1.3472877740859985,1
economically,safely,-2.177520751953125,0.2045353353023529,1
effective,quick,-0.65234375,-2.544233798980713,1
effective,rugged,-1.966796875,-0.21393239498138428,1
electrodes,filaments,-3.229248046875,0.8490407466888428,1
eloquent,grateful,4.2653045654296875,1.1065696477890015,1
endothermic,homoeothermic,-3.2950439453125,-0.3459108769893646,1
enjoyments,surprises,-2.75830078125,-1.3785943984985352,1
exceeded,reached,-1.88037109375,-1.514024257659912,1
exist,move,0.869140625,-1.359973669052124,1
expensive,impractical,0.66015625,0.4301513135433197,1
expensive,just,7.78125,2.9553945064544678,1
expensive,showy,0.236328125,0.15673038363456726,1
exporters,importers,0.5109100341796875,-1.1033470630645752,1
fatigue,terror,-1.98272705078125,-0.9485273361206055,1
fearlessly,truly,1.3984375,-0.23339881002902985,1
feelings,thinking,0.03125,0.9836146831512451,1
fewer,fewer,0.0,-0.6829749941825867,1
fibre,metal,-2.70849609375,-0.33149030804634094,1
fields,fields,0.0,-0.3451436460018158,1
fields,mountains,0.3984375,-0.7513169050216675,1
fields,trees,-1.7119140625,-0.5453086495399475,1
fierce,resolute,1.6494140625,0.6920778155326843,1
films,musicals,2.732421875,0.5527721047401428,1
finding,seeking,-0.248046875,-1.383754849433899,1
fingers,food,-0.037109375,-1.22652006149292,1
fingers,gabbling,-0.640625,0.9297224283218384,1
fingers,penguin,-3.9493408203125,-0.1417965590953827,1
firing,food,-2.952667236328125,-1.391661286354065,1
flapping,flapping,0.0,0.6816630959510803,1
flurry,worry,-0.6886558532714844,1.120152473449707,1
food,horse,1.400390625,-0.7485948204994202,1
food,material,2.5703125,2.189466714859009,1
food,news,1.1669921875,1.828595519065857,1
food,newspapers,0.23961257934570312,-0.44710826873779297,1
fools,weaklings,0.4564208984375,0.2613103985786438,1
forevermore,now,-0.0572509765625,0.6204802393913269,1
forgotten,lonely,-2.416015625,-3.7522213459014893,1
fought,fought,0.0,-0.6034526228904724,1
front,hind,2.966796875,0.9910191297531128,1
frozen,wet,-0.45269775390625,-1.395764946937561,1
frugality,industry,3.31640625,-0.6732873916625977,1
furniture,interiors,1.044921875,1.8396064043045044,1
gaiters,smocks,-3.51171875,-0.7443612813949585,1
gashed,gored,-0.115234375,-0.9062116742134094,1
genial,pleasant,-1.595703125,-0.4834718406200409,1
geographic,magnetic,-1.832834243774414,0.20206224918365479,1
geographical,otherwise,1.8981475830078125,1.2810369729995728,1
geology,mineralogy,5.6669921875,1.370042324066162,1
ginger,sugar,-0.154296875,0.2646465003490448,1
girls,women,1.1708984375,-1.1315935850143433,1
glitter,sequins,2.98583984375,0.6215189695358276,1
goats,knifes,0.4658203125,0.2827746570110321,1
gorgeous,sunny,-0.6937255859375,-1.1161541938781738,1
governments,militaries,-6.8292236328125,-0.6873291730880737,1
grab,try,-5.5107421875,-2.313328266143799,1
grain,wheat,-1.5257568359375,-0.5608660578727722,1
grateful,low,-1.6328125,-2.070648431777954,1
grateful,luxurious,1.533538818359375,-0.856522798538208,1
grayer,grayer,0.0,-0.3918263018131256,1
greasing,loosening,-2.625244140625,-0.6329132318496704,1
guilty,uncomfortable,1.69976806640625,-0.12758919596672058,1
gutters,trees,-0.6025390625,-1.931494116783142,1
handshakes,photo,-2.730224609375,1.065366506576538,1
happily,safely,-2.770751953125,0.6689406633377075,1
harmless,pleasant,-3.927734375,-2.0986931324005127,1
harmless,small,-3.80517578125,-2.7040531635284424,1
hate,hate,0.0,-0.8471764326095581,1
hate,vengeance,1.1463775634765625,0.49041202664375305,1
healed,humbled,2.03515625,-0.7627899646759033,1
herbalists,naturopaths,0.3466796875,-0.810280442237854,1
heresy,schism,2.05712890625,2.807772397994995,1
herodotean,homeric,-2.5625,-0.043027736246585846,1
hexagonal,monoclinic,-8.1064453125,0.31118330359458923,1
hish,low,-2.181640625,-0.1833736002445221,1
hither,yon,5.82421875,1.3689945936203003,1
holy,just,2.0625,3.7932546138763428,1
honestly,truly,2.453125,-0.6512119770050049,1
horse,horse,0.0,-0.6092379689216614,1
imitations,sentences,-4.3157958984375,-0.03339024633169174,1
impatience,revolt,-1.00341796875,1.058784008026123,1
impractical,uncomfortable,-1.8739013671875,0.3214428424835205,1
increased,stimulated,4.0537109375,-0.12213311344385147,1
industry,obedience,-3.009002685546875,1.0640652179718018,1
infamy,shame,-2.615234375,-1.946716070175171,1
insincerity,treachery,-0.567138671875,-0.3206970691680908,1
inspection,repair,1.9109954833984375,1.1269651651382446,1
intelligent,pleasant,-0.531982421875,-0.8302876949310303,1
intelligent,superior,4.2946624755859375,0.5850335955619812,1
intelligent,unprejudiced,0.964935302734375,2.330247163772583,1
interested,kindly,-0.892578125,-0.8546712398529053,1
interested,slow,-2.3671875,-0.202286034822464,1
interrupted,low,-0.453125,-2.7372472286224365,1
intimate,small,-1.537109375,-2.5685906410217285,1
intimidate,try,-3.14837646484375,-2.2107436656951904,1
investments,pilgrimage,-4.123779296875,-0.6113882660865784,1
just,pious,-6.759765625,-3.5275533199310303,1
just,rightful,-6.166015625,-4.007057189941406,1
just,try,-6.25244140625,-5.89461088180542,1
kindest,wisest,0.658935546875,-0.10408485680818558,1
kindly,philanthropic,-1.10223388671875,1.1028454303741455,1
kindly,pious,-1.703125,0.669203519821167,1
kindly,pleasant,-3.529296875,-1.5969041585922241,1
kings,lords,1.02685546875,0.1789076030254364,1
kiss,tell,-1.2109375,1.9736958742141724,1
knock,try,-3.19140625,-1.6617541313171387,1
labored,slow,-2.98828125,-1.1947330236434937,1
laces,stays,2.873046875,-0.9974244832992554,1
laconic,slow,-1.513671875,0.9788371324539185,1
land,mountains,-2.123046875,0.11710607260465622,1
land,naval,1.734375,0.09649933129549026,1
land,possessions,0.642578125,0.9994847774505615,1
land,seas,-0.15234375,0.5079928040504456,1
land,try,-2.6806640625,-1.1242125034332275,1
laxer,shaggier,-6.888671875,0.1533261239528656,1
lesbians,women,2.45703125,-0.783764123916626,1
lethality,range,-1.54296875,-1.1863574981689453,1
lettuce,radishes,0.1070556640625,-0.030823342502117157,1
lie,lie,0.0,-0.42318353056907654,1
lie,shoot,-0.138671875,1.5707966089248657,1
listen,listen,0.0,0.841834306716919,1
listen,pause,-3.193359375,-2.2274107933044434,1
listen,try,-3.6767578125,-2.7836406230926514,1
literature,newspapers,-0.6074948310852051,0.5827299356460571,1
literature,religion,-0.060546875,0.8084079027175903,1
lonely,sad,-0.30078125,-0.3558577001094818,1
lonely,sick,-2.5625,0.8682961463928223,1
lonely,solitary,0.26904296875,-0.07953489571809769,1
lonely,wet,-2.8740234375,1.0737978219985962,1
lonely,wide,-0.015625,-2.323788642883301,1
low,lower,1.83154296875,0.11693664640188217,1
low,primary,-1.05078125,-0.8038867712020874,1
low,quick,0.97265625,-1.0632199048995972,1
low,rounded,4.646484375,1.3639047145843506,1
low,sad,3.0712890625,-0.9738224148750305,1
low,slow,3.919921875,0.21754243969917297,1
low,wet,0.904296875,-0.01650301367044449,1
lower,lower,0.0,-0.3631536364555359,1
lower,slower,-2.15625,0.6303935050964355,1
lowriders,women,0.802734375,-2.042454242706299,1
maimed,sick,0.62109375,-1.6124335527420044,1
manacle,prison,-3.73046875,-0.9491972327232361,1
march,sing,-0.7431640625,4.879134654998779,1
memorizing,remark,0.33984375,-0.6174185276031494,1
mercury,mud,-2.7091064453125,0.36255303025245667,1
metal,woodwork,3.6416015625,0.12840035557746887,1
mid,small,-6.412109375,-2.7218453884124756,1
moderator,panelist,2.8759765625,0.31810900568962097,1
molecules,solids,4.0880889892578125,-0.3332866132259369,1
mom,pop,2.728515625,0.9457557201385498,1
momentum,position,2.61102294921875,-1.2981534004211426,1
monstrous,terrific,4.958473205566406,-0.05418304353952408,1
morality,religion,0.8876953125,-0.3330405056476593,1
mortice,tenon,-2.8125,0.41452279686927795,1
mountains,plateaux,3.07421875,0.5726137161254883,1
mountains,seas,2.1318359375,0.8612335920333862,1
mountains,trees,-0.79296875,-0.3406119644641876,1
move,move,0.0,-0.837710440158844,1
move,position,-4.404296875,-1.0061578750610352,1
mud,slime,2.697265625,0.5893567800521851,1
mud,stones,0.0146484375,-1.3602135181427002,1
murdering,robbing,1.38671875,0.4586317837238312,1
murkier,murkier,0.0,-0.40278080105781555,1
naked,weaponless,11.46435546875,0.14015507698059082,1
napkins,silverware,2.49853515625,0.9360973834991455,1
nervously,peevishly,2.4037704467773438,0.7914530038833618,1
newies,townies,-1.6875,0.16548770666122437,1
nicer,nicer,0.0,-0.4233569800853729,1
nights,nights,0.0,-0.17617884278297424,1
nodding,nodding,0.0,0.026316069066524506,1
nodding,rocking,-0.6316947937011719,-1.6058160066604614,1
now,now,0.0,-0.0842507854104042,1
now,so,-0.388671875,0.20659807324409485,1
nursery,primary,-1.5078125,-0.5164525508880615,1
obedience,restraint,-0.9754638671875,-0.8780739903450012,1
obedience,socialization,-0.7982177734375,-1.2720309495925903,1
obedience,terror,0.10739898681640625,-0.8645319938659668,1
office,wealth,-2.927734375,-0.04496894031763077,1
oftener,oftener,0.0,0.15275198221206665,1
opens,slams,1.65478515625,0.2697536051273346,1
outbuildings,trees,-6.47216796875,-1.163084626197815,1
overalls,pigtails,-2.1796875,-0.14968553185462952,1
pans,tachos,0.9482421875,0.14995145797729492,1
parched,uncomfortable,-1.6727752685546875,0.5410981178283691,1
pauses,progresses,-1.8345928192138672,-0.24331942200660706,1
peculiar,quick,0.396484375,-1.8880606889724731,1
perishing,sickening,-5.857421875,-1.1625345945358276,1
petrol,petrol,0.0,-0.06611404567956924,1
pitched,unwound,5.015625,1.7897673845291138,1
plainer,plainer,0.0,-0.40432408452033997,1
planning,thinking,-0.5546875,1.4679274559020996,1
pleasant,solitary,0.4365234375,-0.14792051911354065,1
pleasant,wholesome,3.035888671875,0.881013035774231,1
portly,princely,-0.5146484375,-0.7578634023666382,1
position,wealth,-4.458984375,-1.4932749271392822,1
possessions,products,-1.646484375,-1.2020314931869507,1
pressed,trodden,-0.90789794921875,-0.8826731443405151,1
primitive,small,-3.4789810180664062,-1.5700620412826538,1
principle,purpose,6.98974609375,-0.057185836136341095,1
prison,psychiatrists,2.88818359375,-0.8913798332214355,1
processes,products,-1.85302734375,-0.2533402144908905,1
processes,uses,-1.447021484375,1.4824899435043335,1
psychologists,sociologists,-2.0986328125,0.3140893280506134,1
puffed,puffed,0.0,0.7215018272399902,1
puzzled,slow,1.0358123779296875,-0.7849045395851135,1
quick,resolute,4.150390625,1.3411705493927002,1
quick,skilful,-0.856201171875,0.09255709499120712,1
quick,small,-1.3251953125,-0.7479574680328369,1
raining,raining,0.0,-0.0776456966996193,1
rarer,rarer,0.0,0.5902149677276611,1
reached,rounded,-1.23193359375,-1.486279010772705,1
read,read,0.0,-0.44512617588043213,1
read,talked,0.8046875,0.2603485882282257,1
read,try,-1.017578125,-3.1581881046295166,1
realer,realer,0.0,-0.00263909250497818,1
realism,symbolism,2.077880859375,0.3772750198841095,1
reared,whinnied,1.0084228515625,-0.2563493549823761,1
redder,redder,0.0,-0.05385223776102066,1
ride,shoot,0.515625,0.5403498411178589,1
rounded,rugged,-0.13525390625,0.6412124037742615,1
rubies,sapphires,3.3291015625,0.5089808702468872,1
rugged,small,-2.3193359375,-3.1025819778442383,1
rugged,steep,-3.396484375,-1.6152963638305664,1
rugged,thrifty,-1.7919921875,-1.1333130598068237,1
ruthlessness,treachery,0.9097900390625,0.7172939777374268,1
sad,sick,-0.841796875,0.7413821220397949,1
sad,solitary,1.431640625,1.0387777090072632,1
sad,sullen,0.9033203125,2.3762753009796143,1
safely,simply,1.86328125,2.3132095336914062,1
scowling,squinting,1.859039306640625,1.0985673666000366,1
screamed,screamed,0.0,0.13796621561050415,1
secretive,vengeful,1.252197265625,-0.013229407370090485,1
seductive,sexy,-0.653411865234375,-0.12941130995750427,1
selective,skilful,-3.005126953125,-0.33498039841651917,1
sepsis,thrombosis,-0.92626953125,-0.02039281278848648,1
serbian,yugoslav,4.025825500488281,-0.23751616477966309,1
set,try,-2.88671875,-2.5623881816864014,1
shale,stones,-3.265625,-2.0648584365844727,1
shell,shrapnel,0.759765625,1.4865044355392456,1
shoot,shoot,0.0,-0.11072991043329239,1
simply,strictly,-1.6434326171875,-2.54927659034729,1
slow,slower,0.36328125,0.9910141229629517,1
slow,small,-2.0400390625,-1.8110229969024658,1
slow,wearily,-0.7255859375,0.3705310523509979,1
slower,slower,0.0,0.6713115572929382,1
slower,surer,1.97265625,0.5732381343841553,1
small,uncomfortable,4.8817596435546875,3.7946858406066895,1
small,unimportant,3.95941162109375,4.555315017700195,1
snake,stool,0.216796875,0.4444446861743927,1
so,so,0.0,-0.9969290494918823,1
stool,truck,0.8984375,-1.2469823360443115,1
stranger,stranger,0.0,-0.4491059184074402,1
stretched,stretched,0.0,0.4286250174045563,1
stunned,stupefied,2.1243247985839844,0.5495795011520386,1
sullen,wrathful,2.74627685546875,-0.4663778245449066,1
sun,sun,0.0,0.11936493963003159,1
sunnier,sunnier,0.0,-0.0815795436501503,1
swiftest,wisest,-2.8325347900390625,0.840155303478241,1
talked,talked,0.0,-0.9103099703788757,1
talked,walked,-2.611328125,-3.277261972427368,1
teaspoon,teaspoons,2.9369006156921387,0.025552116334438324,1
thinking,thinking,0.0,-0.36545470356941223,1
thinking,wishing,3.2998046875,-1.3180102109909058,1
thousands,thousands,0.0,-0.1980172097682953,1
tighter,tighter,0.0,-0.40077874064445496,1
trees,trees,0.0,-0.11454442888498306,1
trees,undergrowth,5.07421875,1.8521790504455566,1
tried,tried,0.0,-0.061663366854190826,1
try,try,0.0,-0.8126652836799622,1
walked,walked,0.0,0.07231547683477402,1
weeps,weeps,0.0,0.6144284009933472,1
wetter,wetter,0.0,0.12382545322179794,1
whispered,wore,-3.041015625,-0.7184552550315857,1
wishing,wishing,0.0,-0.2745918035507202,1
younger,younger,0.0,-0.14718863368034363,1
abloom,sweet,-0.388671875,-2.0553066730499268,2
abuse,derision,-0.189453125,-1.094836950302124,2
abuse,profanity,-1.24267578125,-0.47037529945373535,2
abuse,violence,-0.1708984375,-0.583372175693512,2
aching,hot,-3.76953125,-3.159114360809326,2
acrid,hot,-2.8515625,-1.8785690069198608,2
acronyms,bits,6.56640625,2.082634687423706,2
addictive,dangerous,2.44970703125,-0.6713120341300964,2
addresses,names,-4.66876220703125,0.20609666407108307,2
adorable,cute,-3.09979248046875,-2.210059642791748,2
age,dirt,2.263671875,1.8600660562515259,2
age,usage,1.2900390625,2.297459125518799,2
algae,cyanobacteria,1.1336708068847656,0.028071358799934387,2
algae,pondweed,-1.008056640625,0.7338497042655945,2
algae,salts,0.38702392578125,0.24167780578136444,2
always,always,0.0,0.5016342997550964,2
always,everywhere,-1.892578125,-2.2085280418395996,2
amazed,furious,0.4759674072265625,-1.815325140953064,2
amazed,screaming,-2.1376953125,-2.0119166374206543,2
amazed,terrified,0.44415283203125,-0.07871191203594208,2
amazed,utter,1.4384765625,0.5608084797859192,2
ambulance,police,-1.099853515625,-0.21530626714229584,2
amending,improving,2.34405517578125,-1.3262614011764526,2
amplifiers,loudspeakers,0.7955322265625,-1.7825342416763306,2
analysis,commentary,-0.889862060546875,-0.15464310348033905,2
analysis,presentation,0.19415283203125,-0.5820356011390686,2
analysis,remodeling,-8.709747314453125,0.6477071642875671,2
animated,fresh,-0.85546875,-2.2746667861938477,2
antifreeze,polyester,2.1494140625,-0.00884680449962616,2
arch,winsome,-0.1546630859375,-0.02073340117931366,2
argue,debate,-0.669921875,-0.006505414843559265,2
arrives,comes,0.2328033447265625,-1.8943856954574585,2
artificial,insincere,7.3524169921875,0.9989250898361206,2
ascending,descending,-1.2547607421875,0.0066656023263931274,2
ash,gas,-1.18359375,0.6420050263404846,2
astrology,mathematics,-0.8813247680664062,-0.08799074590206146,2
aviation,certification,2.43536376953125,-0.11476050317287445,2
backing,veering,-1.7529296875,-0.06026090681552887,2
badminton,swimming,-0.2265625,-0.5263540744781494,2
banking,finance,0.4619598388671875,-0.3530092239379883,2
banksia,eucalyptus,0.122802734375,-1.0585445165634155,2
bark,crow,0.39453125,-0.5077575445175171,2
basophils,eosinophils,1.86138916015625,-0.31538504362106323,2
batteries,magnets,1.59912109375,0.21420983970165253,2
beaded,embroidered,0.40735816955566406,-0.41861820220947266,2
bearskins,deerskins,1.8380126953125,1.1362894773483276,2
bedelia,sally,2.74609375,1.3622777462005615,2
beetlebugs,caterpillars,1.0814495086669922,-0.8645512461662292,2
begged,shivered,-3.266876220703125,-1.9071649312973022,2
behaviourally,morphologically,3.20281982421875,0.3349345326423645,2
bell,tentacles,-3.767333984375,0.5644866228103638,2
bereavement,destruction,2.2884521484375,0.2925403118133545,2
bettering,education,0.283203125,-2.390392541885376,2
bias,discrimination,0.4098968505859375,-0.18953977525234222,2
biggest,gravest,2.343017578125,-0.9899855256080627,2
binding,lawful,-2.26904296875,-0.45386767387390137,2
bionic,hot,1.26171875,-1.1023695468902588,2
birds,dolls,0.4287109375,-0.6342197060585022,2
birds,mammals,-4.68304443359375,1.4893145561218262,2
birds,mosquitoes,0.2220458984375,1.8749042749404907,2
bits,bits,0.0,0.2772502899169922,2
bits,dirt,-2.2265625,-0.796855628490448,2
bits,dust,-2.021484375,0.15601377189159393,2
bits,strips,1.78369140625,0.07281200587749481,2
bitter,cloudy,-0.3825225830078125,-0.3811954855918884,2
bitter,furious,-0.36553955078125,-0.36126619577407837,2
bitter,hot,-0.4921875,-2.3222086429595947,2
bitter,malignant,-2.092071533203125,0.9397045969963074,2
bitter,proud,0.853515625,-1.0973130464553833,2
bitter,repeated,0.8984375,1.7083525657653809,2
bitter,sanguinary,2.947265625,0.04018290340900421,2
bland,innocent,-1.2265625,-1.0559407472610474,2
blankets,cushions,1.0671234130859375,0.3629131317138672,2
blankets,dolls,-1.4630546569824219,-0.5130503177642822,2
bleed,bleed,0.0,0.29909801483154297,2
blinking,winking,2.6635241508483887,-0.16099686920642853,2
blocks,box,-2.966796875,-1.034047245979309,2
blocks,rebounds,1.33203125,1.3596292734146118,2
blocks,toys,0.5234375,0.30349308252334595,2
blooming,fresh,-0.59423828125,-0.632491409778595,2
blotched,red,-3.3193359375,-0.9233673214912415,2
blotched,wrinkled,-2.9161376953125,0.3512231111526489,2
bluebells,cowslips,1.75384521484375,-0.5272970199584961,2
bondage,distress,-3.2548828125,0.8338894248008728,2
bone,muscle,0.7666015625,1.1576049327850342,2
bored,impatient,3.1751365661621094,-0.5126498341560364,2
bored,neglected,3.375490188598633,1.4206830263137817,2
bored,tired,1.1875,-0.2198820561170578,2
bottles,bottles,0.0,-0.0058563947677612305,2
bourbon,whiskey,-1.92529296875,-0.1521606594324112,2
box,tape,1.515625,0.8263840079307556,2
boxing,swimming,4.641845703125,2.2720885276794434,2
brusque,businesslike,-0.275390625,0.06679543852806091,2
bulkhead,deck,-1.603515625,0.5051026344299316,2
burgers,shrimp,1.810791015625,0.26826637983322144,2
burrows,feeds,-1.4910888671875,0.7189440131187439,2
calendar,email,-1.1880950927734375,-0.02832917869091034,2
calms,storms,-1.34222412109375,0.7533475756645203,2
camaraderie,friendship,-4.056640625,-2.062556743621826,2
came,listened,1.328125,1.1077046394348145,2
camels,donkeys,-0.0775146484375,1.1945971250534058,2
camels,goods,-0.9140625,1.602386474609375,2
cameras,toys,1.24688720703125,-0.3161556124687195,2
candidacy,vote,-0.326171875,0.6760477423667908,2
cantons,cantons,0.0,-0.3302268385887146,2
cap,weeping,1.3492431640625,0.5140333771705627,2
capability,lines,-4.556640625,1.2508059740066528,2
catalysts,pigments,0.5073776245117188,0.4734346866607666,2
categories,subcategories,4.8987274169921875,0.6197583675384521,2
challenges,controversies,-2.4847412109375,0.38303136825561523,2
chapters,chapters,0.0,0.2248709350824356,2
cheated,robbed,-0.898284912109375,0.5526451468467712,2
cheerfulness,courage,5.3916015625,0.08933894336223602,2
cheese,egg,1.041015625,1.655007243156433,2
cheese,garlic,1.3486328125,3.0625932216644287,2
cheese,meat,-2.2578125,3.2215280532836914,2
cheese,tomato,1.107421875,3.7670135498046875,2
chemicals,heat,1.811248779296875,-0.5434775948524475,2
chemicals,polymers,2.0221481323242188,0.4093765616416931,2
chuckles,nods,2.703125,1.4293186664581299,2
clandestine,immoderate,1.69921875,0.3277384638786316,2
clatter,clicks,-1.552734375,-0.2853401303291321,2
clear,clear,0.0,-0.09057585895061493,2
clear,compelling,1.596435546875,-0.09032215178012848,2
clear,composed,5.3984375,-0.9494686722755432,2
clear,fresh,1.6025390625,-1.4853590726852417,2
clear,frosty,-5.2373046875,-1.1081273555755615,2
clear,full,2.326171875,-1.1840293407440186,2
clear,lighter,-1.6962890625,0.09115119278430939,2
clear,limpid,0.759765625,-0.3039243817329407,2
clear,precise,-0.02685546875,-0.2446330040693283,2
clear,red,-0.505859375,-1.0748766660690308,2
clear,regular,2.03515625,-0.8836014866828918,2
clear,smooth,-0.9375,-0.28305840492248535,2
clear,specific,0.6796875,0.2628912627696991,2
clear,starry,-1.162109375,-0.8958010077476501,2
clear,sweet,-2.4130859375,-1.6623207330703735,2
clear,true,0.8388671875,-0.7796927094459534,2
clear,unhesitating,3.148681640625,0.5392715930938721,2
clearer,clearer,0.0,-0.404313862323761,2
clearer,louder,0.1876220703125,-1.0921846628189087,2
climbed,climbed,0.0,0.5681414008140564,2
climbed,scrambled,1.6739697456359863,0.008326604962348938,2
closed,forbidding,-0.1162109375,1.1138007640838623,2
closed,secured,-1.5604362487792969,1.0654349327087402,2
closets,pantry,4.9345703125,1.6396781206130981,2
cloudy,gray,1.1853485107421875,0.0489383190870285,2
coarse,scanty,-0.0163116455078125,-1.2600222826004028,2
coarse,tough,-2.0941543579101562,-0.4253271222114563,2
cobwebs,dirt,-1.378204345703125,-0.40218693017959595,2
cobwebs,dust,0.0537109375,-0.40974611043930054,2
coins,medals,0.7763671875,-0.8994783759117126,2
coins,notes,1.591796875,0.5780822038650513,2
combat,demolition,2.45703125,0.1510036140680313,2
communicating,composition,-2.1298828125,-0.8264145255088806,2
company,tiffany,-1.865966796875,1.0701355934143066,2
compare,contrast,-0.0048828125,-0.23065952956676483,2
competitive,cultural,-1.484771728515625,-0.7355203032493591,2
complex,dangerous,4.6640625,0.4195968508720398,2
complex,proud,-1.96484375,-0.7740833759307861,2
complex,unresolved,1.46875,1.2345231771469116,2
complex,vast,-5.02734375,-1.7208579778671265,2
composition,singing,0.408203125,0.21854257583618164,2
computers,radio,-0.3126220703125,0.25525325536727905,2
computers,science,-1.328125,-0.3634212613105774,2
comradery,friendship,0.056640625,-0.9018765091896057,2
concordats,treaties,1.6121826171875,0.08281788229942322,2
conditions,standards,-2.47198486328125,-0.6427037715911865,2
conferences,lectures,-1.57513427734375,-0.5715634226799011,2
confidence,courage,0.8828125,0.22812242805957794,2
confidence,encouragement,0.425537109375,2.1652297973632812,2
confidence,faith,1.169921875,-0.06791763007640839,2
confidence,friendship,-0.94140625,-0.22825975716114044,2
confrontation,dissention,3.3795700073242188,-0.14118336141109467,2
conscience,morals,3.0103759765625,0.10005638748407364,2
conscience,reason,1.03131103515625,0.24076040089130402,2
consequentialism,deontology,-1.71923828125,-0.488178014755249,2
consistently,correctly,-0.5911865234375,-0.8078293204307556,2
convenience,friendship,2.55029296875,-1.379736065864563,2
coordinated,disciplined,1.560546875,1.9228640794754028,2
corals,shells,-2.5137939453125,-0.935048520565033,2
cordiality,friendship,1.22064208984375,-0.8552919030189514,2
cormalite,limestone,-0.31451416015625,0.3665580153465271,2
courage,dignity,-0.7167510986328125,-0.3756106495857239,2
courage,discernment,0.6607666015625,0.2170877605676651,2
courage,faith,-0.7734375,-1.6367157697677612,2
courage,optimism,-1.28369140625,0.4087960720062256,2
courage,strength,-0.3935546875,-1.8510273694992065,2
creamy,smooth,-0.419677734375,-0.9746666550636292,2
creamy,sweet,0.27734375,-1.5751570463180542,2
creamy,thick,-0.39453125,-1.3348199129104614,2
criticized,unpopular,-0.5343017578125,-0.003713354468345642,2
crooked,dangerous,2.2456130981445312,0.44754165410995483,2
crude,early,5.046875,-0.22911874949932098,2
cruelty,injustice,1.259521484375,1.2410228252410889,2
cruelty,oppression,-0.74072265625,0.05596579611301422,2
cruelty,selfishness,-1.65283203125,-0.6475257277488708,2
cruelty,violence,-4.2646484375,0.5639746189117432,2
cultural,education,-2.18206787109375,-0.8319165110588074,2
cultural,personal,0.256744384765625,1.4148752689361572,2
cultural,physical,-0.14410400390625,1.2468401193618774,2
cultural,publicity,-3.5463409423828125,-0.3699772357940674,2
cultural,sporting,-0.424560546875,0.5576900243759155,2
curiously,suspiciously,0.24420166015625,-0.04205290973186493,2
cushions,trucks,1.0973281860351562,-0.42589324712753296,2
cute,innocent,1.494140625,1.776978850364685,2
cute,sweet,2.87451171875,-0.06299667060375214,2
cyanotic,unresponsive,-4.4853515625,1.3364639282226562,2
cycling,swimming,-0.60498046875,-0.06894253194332123,2
damanes,trespass,0.82177734375,0.31375908851623535,2
dangerous,hot,-4.71875,-3.5500566959381104,2
dangerous,miserable,-1.544921875,0.0647374838590622,2
dangerous,true,-2.49609375,-2.1990132331848145,2
dangerous,unpopular,-1.60693359375,-0.5391858816146851,2
darkening,lightening,0.466796875,0.04940168559551239,2
datebooks,pens,0.43359375,1.0882670879364014,2
deceit,dishonesty,0.7125244140625,-1.332712173461914,2
deeds,documents,-2.374725341796875,-1.4420936107635498,2
deeds,notes,-2.552734375,-1.5158172845840454,2
defeated,unpopular,-0.74041748046875,-1.2462823390960693,2
demolition,deterioration,-1.017578125,0.33825528621673584,2
demolition,maintenance,0.51165771484375,0.4005623459815979,2
demonolatry,idolatry,-2.13458251953125,-0.27089816331863403,2
deportment,dignity,-0.7751617431640625,-0.6996957659721375,2
depraved,sinful,1.404296875,-0.6989879012107849,2
derision,drunkenness,-3.8828125,0.0636122077703476,2
destruction,misery,0.955078125,0.6279959678649902,2
destruction,rebirth,-5.436279296875,0.05340193212032318,2
destruction,war,0.998291015625,-0.04610510170459747,2
developed,modern,-3.78515625,-1.7570343017578125,2
dialogs,recitations,-3.25775146484375,0.7095205187797546,2
dials,receiver,-10.460803985595703,-0.13122229278087616,2
died,suffered,-0.634765625,1.0269731283187866,2
dignity,strength,1.8704833984375,-1.8543533086776733,2
dinosaur,lion,-0.048828125,-0.2260492891073227,2
dirt,dust,1.9140625,1.434463620185852,2
dirt,poisons,0.313629150390625,-0.6843120455741882,2
disaster,failure,1.44921875,-0.3397640585899353,2
disciplined,regular,-1.5435791015625,-1.196178674697876,2
discrimination,fights,0.8332481384277344,0.08396175503730774,2
discrimination,slavery,-3.6568984985351562,-0.8341925740242004,2
discrimination,violence,-1.6589508056640625,-0.17246906459331512,2
dishonesty,injustice,0.0550079345703125,1.7481852769851685,2
disobedience,misery,1.77825927734375,0.09999658167362213,2
disobedience,negligence,-3.354217529296875,0.003615155816078186,2
dispatch,neatness,-3.7705078125,-0.7970752120018005,2
distress,misery,1.1689453125,-0.6440505385398865,2
distress,privation,-7.93603515625,-1.1131294965744019,2
dogs,dolls,0.51171875,0.0850193053483963,2
dogs,ferrets,-1.22265625,2.0589089393615723,2
dogs,pistols,0.77783203125,1.8665986061096191,2
dogs,poets,1.30078125,0.8158870339393616,2
dollars,dollars,0.0,0.39639541506767273,2
dolls,dolls,0.0,-0.5593276619911194,2
dolls,pram,4.6064453125,2.9251232147216797,2
dolls,toys,-1.8203125,0.4888572692871094,2
domestic,local,1.44793701171875,0.8989657759666443,2
domestic,sexual,-0.01861572265625,0.7257037162780762,2
dominant,official,-1.78857421875,-0.9504454731941223,2
downhearted,gloomy,5.691070556640625,-0.970465362071991,2
dozens,dozens,0.0,0.17849603295326233,2
draw,schedule,-2.8494873046875,0.32243210077285767,2
dreams,reality,0.328125,2.764714002609253,2
dreams,stories,0.748046875,1.1247340440750122,2
drongos,flycatchers,2.4613037109375,-0.9367057681083679,2
dug,dug,0.0,-0.19079343974590302,2
dumplings,steam,-2.5908203125,0.28256136178970337,2
dust,gas,0.251953125,1.058707356452942,2
dust,gravel,1.24951171875,0.7613269686698914,2
dust,heat,-0.521484375,0.20349784195423126,2
dust,waste,-1.384765625,1.9420331716537476,2
dweebs,geeks,1.705078125,0.47078895568847656,2
dyers,weavers,5.01953125,0.5633593797683716,2
early,extraordinary,0.624969482421875,0.5901104807853699,2
early,personal,0.63262939453125,-0.10876698791980743,2
earthworks,megaliths,-1.416015625,0.35007697343826294,2
easier,easier,0.0,0.4689716100692749,2
easier,lighter,-1.2333984375,-0.16049914062023163,2
easier,louder,-2.3653564453125,-1.540688395500183,2
eddied,swirled,-8.9404296875,-0.8302822709083557,2
education,pedagogy,-1.527587890625,1.9250783920288086,2
education,science,0.541015625,1.146724820137024,2
egg,tongue,-0.68359375,-0.1775013655424118,2
elements,shapes,2.7666015625,-1.520189881324768,2
embarrassment,pleasure,1.1853179931640625,-2.0186705589294434,2
embeddings,manifolds,4.25079345703125,-0.31989145278930664,2
emperors,empresses,-0.011280536651611328,0.3032923638820648,2
encouragement,praise,0.136138916015625,-1.6829856634140015,2
encouragement,warning,0.946014404296875,0.29451823234558105,2
enlarged,hollow,1.6666259765625,0.08392222225666046,2
enlarged,reduced,-1.98876953125,-0.8898914456367493,2
enlarged,revised,-2.4923248291015625,-0.6909055709838867,2
enormous,majestic,5.4521026611328125,0.09457239508628845,2
enormous,powerful,1.957916259765625,-1.4223415851593018,2
entertainments,parties,0.99609375,0.07325573265552521,2
erect,fearless,-1.58984375,-0.015294000506401062,2
erect,masterful,6.4976806640625,0.19630475342273712,2
espresso,juice,-2.517578125,-2.7009994983673096,2
events,events,0.0,0.292228639125824,2
events,names,0.064453125,-0.9083630442619324,2
events,relationships,-5.076385498046875,-0.38215571641921997,2
events,stories,-3.421875,-0.41798537969589233,2
example,precept,0.265625,0.45933467149734497,2
exhausted,hot,-2.3088302612304688,-3.244666337966919,2
expound,reason,-1.859375,-0.36437225341796875,2
exterior,interior,-1.8497314453125,-0.4927120804786682,2
facts,myths,-4.2578125,-0.8483390212059021,2
facts,names,2.3955078125,-1.119301199913025,2
faith,glory,-0.41015625,-0.07955966889858246,2
faith,morals,0.0087890625,-0.18802200257778168,2
faith,reason,0.19769287109375,0.5466672778129578,2
faith,science,-0.208984375,-0.7429287433624268,2
faith,violence,1.6689453125,-0.1832844465970993,2
fall,tumble,1.690460205078125,0.9918159246444702,2
famous,hot,-0.0703125,-0.9461362957954407,2
farming,livestock,0.9486083984375,0.5453385710716248,2
fast,febrile,-4.8828125,2.272472381591797,2
fast,furious,1.0427093505859375,2.445158004760742,2
fast,mushy,0.8984375,2.0009241104125977,2
fast,powerful,2.0546875,1.3923031091690063,2
fast,steadily,3.5816268920898438,2.4444806575775146,2
fast,sure,4.33203125,1.9082183837890625,2
fast,thick,2.451171875,1.3654999732971191,2
fast,tough,-1.357421875,0.9541017413139343,2
fast,true,-1.177734375,1.0430389642715454,2
fearless,gallant,1.2138671875,-0.3732209801673889,2
fights,war,5.26171875,0.07927902042865753,2
fits,starts,0.87890625,-1.0162545442581177,2
flabby,wrinkled,-3.406005859375,0.47016632556915283,2
flattery,persistence,7.881591796875,0.24044260382652283,2
flattery,pleasure,0.9378662109375,-1.5956145524978638,2
flattery,servility,-0.07421875,0.3094399571418762,2
flies,mosquitoes,0.2240142822265625,1.1008963584899902,2
flippers,lungs,2.88250732421875,0.12389267981052399,2
flopped,stumbled,1.86328125,-0.35585033893585205,2
flushed,hoarse,-2.2572102546691895,0.3423495292663574,2
flushed,hot,1.4072265625,-2.6534080505371094,2
flushed,impatient,3.2911376953125,0.2664819359779358,2
flushed,radiant,2.205078125,-1.0308722257614136,2
flushed,red,-0.150390625,-1.0286353826522827,2
flushed,tired,3.533203125,-0.4144374132156372,2
flushed,unhappy,6.6875,-0.13046692311763763,2
fog,storms,-1.03955078125,-1.1068283319473267,2
fog,wind,-0.9033203125,-2.4533514976501465,2
forage,gather,2.265625,1.1450504064559937,2
foreboding,loneliness,-3.1400680541992188,-0.5971769690513611,2
founding,full,2.3671875,-1.5774093866348267,2
founding,prominent,-0.1767730712890625,1.0552728176116943,2
freakier,freakier,0.0,-0.2695770859718323,2
freight,luggage,0.28411865234375,0.15048247575759888,2
fresh,hot,-0.458984375,-2.1965677738189697,2
fresh,sweet,-0.1171875,-1.0882569551467896,2
fresh,unblemished,1.935546875,1.8583353757858276,2
fresh,youthful,2.85125732421875,-0.5980203747749329,2
friendship,intimacy,1.75653076171875,0.5338334441184998,2
friendship,loneliness,-2.543487548828125,0.3915485143661499,2
frog,wombat,3.5576171875,0.7339139580726624,2
frosts,storms,0.614990234375,0.49546653032302856,2
fuel,heating,4.869140625,0.45040732622146606,2
full,immediate,0.6229133605957031,0.5793930888175964,2
full,transcendent,-1.38958740234375,0.14917698502540588,2
full,true,0.296875,-0.15449632704257965,2
furious,hot,-4.884979248046875,-1.8031631708145142,2
furious,sputtering,-2.37353515625,0.3157351016998291,2
galaxies,matter,-0.3526611328125,2.4752495288848877,2
gallant,shrewd,3.173828125,0.45441436767578125,2
gallons,gallons,0.0,-0.6610685586929321,2
gas,matter,1.638671875,1.9091295003890991,2
gas,steam,-2.501953125,0.3467710614204407,2
gaunt,gray,-0.3408203125,-1.6414557695388794,2
gaunt,hollow,-1.2724609375,0.6217183470726013,2
gears,levers,-1.593505859375,0.8118634223937988,2
gigantic,red,-0.6015625,-0.8531454205513,2
girl,goose,-4.119140625,-1.1522403955459595,2
girl,stalking,1.2255859375,-0.4322132468223572,2
global,local,0.9472198486328125,0.4179689288139343,2
gloomy,stern,-0.6201171875,-0.8525143265724182,2
gloomy,thick,-1.19873046875,-1.0056533813476562,2
graduate,professional,-3.0419921875,1.523233413696289,2
graduate,undergraduate,-1.073577880859375,1.1894148588180542,2
grame,grief,-5.1533966064453125,-0.4380742311477661,2
gray,grewsome,-4.396484375,-0.02054247260093689,2
gray,red,-1.724609375,-0.5352451205253601,2
gray,scanty,2.025146484375,0.32930025458335876,2
gray,tired,0.5068359375,1.7922340631484985,2
gray,yellow,-1.1865234375,-0.5644569396972656,2
grey,red,0.34375,-0.8210626244544983,2
grief,horror,-0.781158447265625,0.721582293510437,2
grief,intrigue,3.651611328125,1.266625165939331,2
grief,passion,-0.1083984375,0.9568446278572083,2
grief,rage,-1.0220947265625,0.9161786437034607,2
grinned,looked,-3.75,0.44470757246017456,2
harmonium,organ,4.6005859375,1.6561757326126099,2
hawed,himmed,4.125,-0.6663930416107178,2
heaps,heaps,0.0,0.209677055478096,2
hearths,homes,-3.0712890625,-1.1568009853363037,2
heat,strength,-1.7080078125,0.018535122275352478,2
heiress,owner,-1.0,-0.934762179851532,2
heparin,histamine,0.8515625,-0.6635856628417969,2
heretics,nonbelievers,1.5184326171875,0.9475331902503967,2
highlights,shadows,5.883941650390625,0.9172796607017517,2
hoarse,hollow,-0.526031494140625,1.582541823387146,2
hollow,lightweight,2.268798828125,-1.6975277662277222,2
hollow,muffled,1.2226028442382812,-0.9761468768119812,2
honeysuckles,jessamines,0.660186767578125,0.9648054242134094,2
horrible,red,-1.77734375,-1.5525513887405396,2
horrible,yellow,-4.95703125,-1.887668251991272,2
horror,misery,1.633544921875,1.0890735387802124,2
horror,rage,3.46185302734375,0.6627222299575806,2
hot,mixed,2.734375,0.7790188193321228,2
hot,red,0.0400390625,0.4396001696586609,2
hot,smoking,4.6357421875,1.5494400262832642,2
hot,steaming,0.357421875,1.3779244422912598,2
hot,sultry,6.40869140625,3.004060983657837,2
hot,sweet,0.16015625,-0.007772311568260193,2
hot,tired,3.001953125,1.940954566001892,2
hushed,penetrated,1.50982666015625,1.3401168584823608,2
illustrated,wrote,-5.729631423950195,-0.37686771154403687,2
immediate,personal,6.723651885986328,-0.5644078254699707,2
immediate,stern,-0.09411239624023438,-1.0979639291763306,2
impatient,tired,1.12347412109375,-0.7783563733100891,2
increase,multiply,-1.102294921875,-1.4605425596237183,2
ingratitude,suspicion,-1.90533447265625,-0.0979195088148117,2
injustice,oppression,-3.4071044921875,-1.1301584243774414,2
injustice,slavery,-2.837799072265625,-0.9177823662757874,2
injustice,violence,-2.331024169921875,-0.8795700669288635,2
innocent,leige,-2.533203125,2.402428150177002,2
innocent,sweet,-0.54296875,-1.1626641750335693,2
inquiringly,politely,3.085200071334839,-1.562286138534546,2
insincere,supercilious,-4.2177734375,-2.7605810165405273,2
insults,violence,-1.92578125,0.38195353746414185,2
junior,professional,-1.0552978515625,0.9030168652534485,2
kinds,shapes,1.65234375,-2.029923677444458,2
kinds,sorts,-0.68359375,1.1586813926696777,2
leaking,patched,2.896484375,0.19325853884220123,2
legos,lion,2.013671875,-0.47869306802749634,2
leif,tarzan,0.18798828125,-1.3091498613357544,2
leukemia,lymphoma,0.343505859375,-0.719044029712677,2
lighter,lighter,0.0,-0.5334756374359131,2
lighter,thinner,0.91943359375,-0.2193448394536972,2
like,talking,8.482421875,0.06618137657642365,2
limestone,marble,-1.21856689453125,-0.05738000571727753,2
limped,stuttered,-1.503936767578125,-0.5810158252716064,2
limpid,salutary,-4.9501953125,-0.4394000768661499,2
listened,listened,0.0,0.5710484385490417,2
listened,looked,1.990234375,0.8187208771705627,2
listened,watched,-2.00390625,-0.6282639503479004,2
local,provincial,-0.38531494140625,-0.09980262815952301,2
loneliness,misery,1.5861358642578125,0.902698814868927,2
looked,looked,0.0,-0.039843007922172546,2
looked,smelt,1.955078125,-0.12094168365001678,2
lost,loved,1.6015625,-0.8698548674583435,2
louder,louder,0.0,-0.5218798518180847,2
louder,repeated,-0.5150146484375,2.8608970642089844,2
louder,sharper,3.119873046875,-0.9014797806739807,2
loyalists,unionists,1.1697998046875,-0.0636088103055954,2
magisterial,police,-3.65234375,-2.453761100769043,2
magnet,toys,-3.392578125,-0.5174027681350708,2
magnificent,proud,-2.450927734375,-0.695216715335846,2
majestic,powerful,1.7415771484375,0.5896739363670349,2
majestic,soothing,-1.6562042236328125,-0.4079720377922058,2
majestic,sublime,-2.51287841796875,-0.5193793773651123,2
malice,rage,-2.73773193359375,-0.1600370854139328,2
marble,mosaic,0.94989013671875,-0.6962065100669861,2
maroon,red,-0.029296875,-1.5092082023620605,2
maroon,yellow,-1.4892578125,-0.8658517003059387,2
mathematics,metamathematics,2.483751058578491,-0.005686864256858826,2
mathematics,science,2.1590728759765625,-0.9612880349159241,2
mathematics,statistics,7.5575408935546875,1.0158007144927979,2
matrimony,matrimony,0.0,-0.07573436200618744,2
mauve,red,0.953125,-1.6186425685882568,2
meaning,reason,1.349609375,0.09364958107471466,2
meaning,richness,-3.009765625,-1.7802839279174805,2
meat,meat,0.0,0.9643654823303223,2
meat,puddings,1.349365234375,1.9661459922790527,2
metasedimentary,sedimentary,0.75201416015625,-0.315934956073761,2
metres,metres,0.0,-0.7813144326210022,2
microprocessors,transistors,-1.5732421875,0.3882923126220703,2
mightiest,richest,0.3818359375,-0.9760972857475281,2
miserable,tired,-3.734375,-0.16279809176921844,2
miserable,unhappy,0.685546875,-0.3888702988624573,2
miserable,weeping,-2.77734375,0.19238360226154327,2
missus,mister,0.970458984375,1.0384031534194946,2
modern,practical,-1.7193603515625,3.2071895599365234,2
muffled,thick,-3.5157470703125,-1.2257975339889526,2
mushrooms,tomatoes,-2.459075927734375,-0.5349858403205872,2
necessity,urgency,2.247802734375,1.1380475759506226,2
nestling,singing,-2.416748046875,-1.0602632761001587,2
northwest,west,-0.205078125,0.345838725566864,2
official,royal,-1.2578125,1.3772529363632202,2
on,on,0.0,0.47280627489089966,2
opponents,players,-2.171572685241699,-0.629039466381073,2
oppression,violence,-0.73974609375,-0.1955372840166092,2
outsiders,students,-0.7117919921875,-1.4737207889556885,2
outsiders,wives,-1.00537109375,-0.4381488561630249,2
overweight,unhappy,-1.357025146484375,-1.9122987985610962,2
paler,paler,0.0,0.5575758218765259,2
paler,thinner,1.50048828125,-1.345917820930481,2
paler,tired,-1.88671875,-2.074087142944336,2
paperwork,signatures,0.25921630859375,1.4135465621948242,2
passion,rage,-0.257080078125,0.06657148897647858,2
personal,profanity,-2.52642822265625,0.9600211381912231,2
personal,professional,-1.8671875,0.07442472875118256,2
phases,stages,-2.18017578125,-0.08001808822154999,2
photographs,sketches,1.6398162841796875,-0.26328951120376587,2
physical,sexual,-0.04296875,0.281940221786499,2
pins,tape,-0.2919921875,0.787281334400177,2
placid,smooth,0.57257080078125,-0.6350798606872559,2
pleasure,rejoicing,-0.3426513671875,1.3107167482376099,2
poets,songwriters,-1.846588134765625,1.6212812662124634,2
powdery,smooth,-1.44921875,-0.899591863155365,2
powerful,precise,-1.1064453125,0.23032696545124054,2
powerful,stern,-0.615234375,-0.7309247255325317,2
powerful,vast,-4.9765625,-1.6428178548812866,2
praise,publicity,1.7244873046875,-0.35624003410339355,2
prematurity,smoking,1.08087158203125,-0.6131203770637512,2
presentation,spelling,1.988525390625,0.35761529207229614,2
principal,supervisor,-2.7578125,0.17328184843063354,2
produced,wrote,-5.064453125,1.4096916913986206,2
profanity,sanctity,1.3898773193359375,-0.39016199111938477,2
profanity,sexual,2.3721923828125,0.0656072199344635,2
professional,student,-0.17578125,0.004394099116325378,2
property,slaves,-2.55078125,1.7923427820205688,2
proud,stern,4.6865234375,-0.6165143251419067,2
proud,swaggering,-1.990142822265625,0.5220202803611755,2
proud,vain,2.00390625,-0.985983669757843,2
pulled,pulled,0.0,0.24986612796783447,2
radiant,red,2.2587890625,-0.6463202834129333,2
radio,record,0.69921875,-0.2911340594291687,2
rage,scorn,1.0897216796875,-0.900209367275238,2
rage,war,-0.142578125,0.025434717535972595,2
rage,weeping,-0.36279296875,0.020365551114082336,2
rains,storms,-1.1923828125,0.15974049270153046,2
rampant,red,1.748046875,-1.542380690574646,2
randomness,statistics,2.5131149291992188,1.5714880228042603,2
rapidly,steadily,3.9243087768554688,2.4969358444213867,2
reason,science,-2.525390625,-1.101542353630066,2
reason,tradition,-1.671875,0.7194410562515259,2
receiver,recorder,2.7157135009765625,0.23777790367603302,2
recorder,tape,1.427734375,0.9683308005332947,2
red,red,0.0,-0.26034611463546753,2
red,thick,-2.25732421875,0.5386142134666443,2
red,wrinkled,1.604248046875,0.4041525721549988,2
red,yellow,-1.8828125,-0.3368052840232849,2
rehashed,revised,-2.697265625,-0.13905341923236847,2
repeated,sterner,-2.244140625,-0.5230688452720642,2
rip,tip,-0.36328125,-1.999599575996399,2
rising,rising,0.0,0.4544292688369751,2
run,run,0.0,-0.38113516569137573,2
run,shout,0.37109375,1.4626716375350952,2
samoyedic,yeniseian,0.73046875,0.07448197901248932,2
screaming,shouting,0.796875,-0.25005006790161133,2
secured,shut,1.0568923950195312,0.22638516128063202,2
sexuality,violence,0.015625,0.6560045480728149,2
sharper,sharper,0.0,0.16612841188907623,2
shinyness,sunniness,-1.23828125,0.5117257833480835,2
shivered,suffered,1.8369140625,2.017637252807617,2
shivered,watched,0.038818359375,0.7959077954292297,2
shouting,shrieking,1.2489013671875,-0.008934199810028076,2
shouting,singing,-1.30078125,0.343248188495636,2
shouting,talking,-0.98046875,0.34620219469070435,2
shrimp,snails,0.95965576171875,-0.2826043963432312,2
singing,talking,-1.021484375,0.32211822271347046,2
skirmishing,trading,1.78875732421875,-0.11334054172039032,2
sluggish,smooth,0.596649169921875,-0.92379230260849,2
smoking,steaming,1.2111663818359375,0.09252108633518219,2
smoking,talking,0.52093505859375,0.12223644554615021,2
smooth,sweet,1.521484375,-1.3235119581222534,2
smooth,thick,0.4755859375,-1.2077738046646118,2
spray,steam,-1.504150390625,0.20152200758457184,2
spreading,spreading,0.0,0.06934170424938202,2
sputtering,sputtering,0.0,-0.25496727228164673,2
squak,squak,0.0,-0.5705229640007019,2
starved,tired,-2.34765625,-1.0732988119125366,2
steeper,steeper,0.0,0.44433337450027466,2
stem,stern,2.2734375,-2.0781126022338867,2
stifling,thick,-0.4794921875,-1.0523769855499268,2
storms,wind,-0.73687744140625,-1.2114239931106567,2
talking,talking,0.0,1.367658257484436,2
tamer,tamer,0.0,-0.15567557513713837,2
thick,tough,0.400390625,-0.4013203978538513,2
thick,yellow,1.103515625,-0.06548894941806793,2
thinner,thinner,0.0,0.576227068901062,2
thumbs,toes,3.1396484375,1.2882589101791382,2
tired,unhappy,2.4541015625,-0.7081265449523926,2
tired,uninspired,1.91162109375,1.694569706916809,2
tradition,usage,1.439453125,0.7724013328552246,2
trains,trucks,0.1103515625,-0.08279119431972504,2
twice,twice,0.0,-0.6896828413009644,2
tylenol,zithromax,2.271484375,-0.01569630205631256,2
uncivilized,unlettered,-0.3446044921875,1.1173800230026245,2
unhallowed,unwarranted,-1.0765380859375,-0.6913133263587952,2
unwinding,winding,-2.116455078125,-0.8680514693260193,2
utter,vast,-4.1484375,-2.8803625106811523,2
village,village,0.0,0.09406593441963196,2
violence,war,-0.552734375,0.03698165714740753,2
wailings,weeping,-4.8505859375,0.9573178291320801,2
watched,watched,0.0,-0.0476059764623642,2
weeks,weeks,0.0,-0.013895377516746521,2
wider,wider,0.0,-0.38077592849731445,2
wrastled,wrastled,0.0,-0.23912949860095978,2
wrinkled,yellow,-2.586517333984375,-1.0036791563034058,2
wrote,wrote,0.0,0.2601478695869446,2
yards,yards,0.0,-0.2532981038093567,2
yellow,yellow,0.0,-0.4014652371406555,2
yours,yours,0.0,0.6231648921966553,2
abjurer,nowhere,1.298828125,0.08961093425750732,3
above,around,1.4453125,0.06052932143211365,3
accidents,incidents,1.0263671875,0.4935159981250763,3
accidents,problems,1.3046875,-0.5112683773040771,3
acknowledge,state,-2.7187652587890625,0.006201386451721191,3
actively,successfully,-1.5408935546875,-0.09828382730484009,3
acts,speaks,-0.2421875,-0.2256426215171814,3
acts,talks,-0.0703125,0.7392871379852295,3
adoration,love,-3.75390625,-2.1334762573242188,3
aerial,ground,-3.56640625,-1.8149880170822144,3
aimlessly,unconsciously,0.9331026077270508,0.12924817204475403,3
along,along,0.0,0.16442778706550598,3
along,watch,15.625,-1.1018157005310059,3
amused,rapid,-7.77685546875,-2.0116255283355713,3
anarchy,license,0.284912109375,-0.21771541237831116,3
anguish,dejection,-0.3719902038574219,1.5027823448181152,3
ants,earth,-1.201171875,-0.41800424456596375,3
ants,termites,1.0693359375,-0.024962589144706726,3
apologized,time,-8.8544921875,-0.20584246516227722,3
apologized,went,-2.71875,-0.8865289688110352,3
apples,cake,0.560546875,-1.143235445022583,3
aquatic,other,1.66015625,1.48953378200531,3
arab,egyptian,-3.8896484375,-0.5345529317855835,3
area,league,-0.431640625,0.8980003595352173,3
armies,battles,-0.31201171875,-0.1518685221672058,3
around,around,0.0,0.21691739559173584,3
arrivals,departures,-0.0881195068359375,-0.7101248502731323,3
arrogant,hurtful,-3.81640625,-0.6341872811317444,3
arrogant,lying,1.0906219482421875,-0.6573958396911621,3
arrogant,opinionated,-4.37646484375,-0.26687976717948914,3
arrogant,quarrelsome,-1.4287109375,-0.43703150749206543,3
arrows,bow,-4.48876953125,0.07325901091098785,3
arrows,chimales,-3.323486328125,-0.5440267324447632,3
artists,cartoonists,-2.2327880859375,0.40280696749687195,3
artists,intellectuals,-0.9291954040527344,1.1462186574935913,3
artists,things,2.14453125,2.9728894233703613,3
artists,writers,-3.649200439453125,-0.0505300909280777,3
ask,call,-6.18359375,-1.6392711400985718,3
assassins,conspirators,1.653076171875,-0.1766532063484192,3
assassins,cutthroats,1.27001953125,-1.4271098375320435,3
assets,cash,-2.765625,0.7613397836685181,3
assets,exports,0.97802734375,-0.3453384339809418,3
atheistic,materialistic,-0.43359375,-0.3098362982273102,3
attentive,ready,3.9326171875,-0.33957159519195557,3
audience,critics,0.21484375,-0.11738067865371704,3
babbled,babbled,0.0,0.023509114980697632,3
babied,petted,-1.092529296875,-0.5204862356185913,3
babysit,come,-2.0892333984375,-3.363945484161377,3
backed,backed,0.0,0.18987730145454407,3
backed,pranced,5.505859375,0.41712453961372375,3
backward,sideways,2.4150390625,-0.07106947898864746,3
balloon,boy,-0.453125,0.6034691333770752,3
barked,barked,0.0,0.519677996635437,3
barleycorns,roots,-6.0234375,0.10251092910766602,3
baskets,parcels,-0.4936790466308594,0.1197713315486908,3
battles,disputes,-2.4276123046875,0.9126784801483154,3
battleships,cruisers,-7.3203125,-0.11850187182426453,3
beating,beating,0.0,0.29683730006217957,3
beggars,churches,2.67431640625,-2.251743793487549,3
belief,sentiment,0.9189453125,1.0537326335906982,3
belief,thought,-0.353515625,1.4533904790878296,3
belief,unbelief,4.730113983154297,0.9455388784408569,3
berrid,dead,-1.0390625,-1.9445122480392456,3
bewildering,many,3.4130859375,0.19797563552856445,3
black,black,0.0,0.8766788244247437,3
black,cold,0.443359375,1.3357363939285278,3
black,dismal,1.5234375,1.7771657705307007,3
black,gay,-1.8671875,0.6669172048568726,3
black,shiny,-0.95703125,1.2561942338943481,3
blatant,officious,2.97021484375,-0.37148526310920715,3
bliss,suffering,-0.048828125,-0.26861444115638733,3
blows,blows,0.0,-0.11048577725887299,3
board,keel,-1.53515625,0.37538108229637146,3
boars,deer,-1.20703125,-0.41954511404037476,3
boars,oxen,-2.274169921875,0.8058269023895264,3
bonnets,dresses,-0.261474609375,-0.982789158821106,3
boots,clothing,-0.47265625,-1.9330518245697021,3
boots,coats,0.443359375,-0.3513135015964508,3
bow,slide,1.833984375,2.2241315841674805,3
bowery,lofty,1.52960205078125,-1.1145877838134766,3
boxed,wrestled,1.5477218627929688,1.3547309637069702,3
bravery,cowardice,1.34228515625,-0.035261064767837524,3
bravery,enterprise,1.6796684265136719,1.9446889162063599,3
breakfast,lunch,-0.57421875,-0.2769302725791931,3
breakfast,supper,-0.76171875,-0.33373966813087463,3
bribing,sleeping,3.4228515625,-0.2876770794391632,3
build,come,-4.708984375,-2.5471906661987305,3
burn,split,0.322265625,0.04531717300415039,3
cake,fruit,-1.9287109375,0.28974539041519165,3
cake,jelly,3.62890625,0.6022273302078247,3
call,call,0.0,-0.07495665550231934,3
call,come,-4.255859375,-4.3339738845825195,3
camera,puzzle,1.234375,-0.37546810507774353,3
carry,cash,-4.54296875,-1.6222761869430542,3
cash,time,-1.0693359375,-0.19345402717590332,3
casseroles,things,9.2333984375,2.075705051422119,3
charitable,grand,-3.055419921875,-0.19579926133155823,3
cheat,steal,4.0177001953125,0.22889608144760132,3
churches,minsters,1.51171875,0.69358229637146,3
churches,monasteries,-5.875244140625,0.30471065640449524,3
cinematic,classical,1.3986282348632812,-2.2120847702026367,3
circumstances,fate,-2.76171875,-1.3849748373031616,3
circumstances,time,0.046875,-0.8536752462387085,3
civilian,other,6.619140625,0.6198689937591553,3
clairvoyance,mesmerism,0.998046875,-0.23042741417884827,3
classical,quantum,0.1572265625,1.8202104568481445,3
clergy,nobility,-2.5147705078125,1.5028740167617798,3
closer,closer,0.0,-0.7822823524475098,3
closer,longer,1.052734375,1.1714563369750977,3
closer,warmer,-3.336669921875,-0.02668309211730957,3
clubs,societies,-2.0800018310546875,-0.056914255023002625,3
clubs,things,3.7423095703125,2.650904417037964,3
coats,dresses,-3.330810546875,-0.49876728653907776,3
coats,scarves,-0.886962890625,1.2259844541549683,3
cold,cramp,1.158203125,1.8108017444610596,3
cold,dead,0.60546875,-0.9592642784118652,3
cold,dire,-2.75390625,1.1406316757202148,3
cold,intellectual,4.463222503662109,1.4550727605819702,3
cold,lifeless,2.5084686279296875,0.17180058360099792,3
cold,rain,-1.99609375,1.445502519607544,3
cold,rainy,0.60498046875,1.1046782732009888,3
cold,silent,0.5361328125,-0.19285616278648376,3
cold,snow,1.01171875,0.3435138761997223,3
cold,snowing,-2.25390625,1.3126029968261719,3
cold,steady,2.603515625,-0.2044595181941986,3
cold,stiff,2.00390625,-1.5545233488082886,3
cold,undemonstrative,1.31640625,2.7132368087768555,3
cold,useless,2.185546875,1.0400420427322388,3
collectivism,individualism,2.8302001953125,-0.680052638053894,3
college,private,1.78515625,-0.6561229228973389,3
college,pro,7.443359375,2.3783812522888184,3
colleges,things,7.621501922607422,1.806662678718567,3
coloring,drawing,-1.26953125,0.36540183424949646,3
come,come,0.0,0.17428404092788696,3
come,dine,4.26171875,1.9232491254806519,3
come,hurry,-0.751953125,1.765467643737793,3
come,take,6.220703125,5.042783260345459,3
come,watch,5.787109375,2.9756579399108887,3
come,went,1.962890625,1.7130430936813354,3
commitment,love,-4.967041015625,-2.993086338043213,3
committing,disciplining,-2.439910888671875,-0.7094219923019409,3
communication,trade,0.09619140625,-0.5422830581665039,3
companies,regiments,1.044921875,0.18673720955848694,3
conducting,finish,-0.5244140625,0.2521049380302429,3
congressional,public,2.3032913208007812,0.23126748204231262,3
consent,order,1.20703125,0.23685896396636963,3
constrained,mysterious,0.008556365966796875,-1.0545744895935059,3
constrained,silent,-4.3789215087890625,-2.7550458908081055,3
cookie,napkin,-3.3162841796875,-0.05851513147354126,3
cooking,pottery,2.13372802734375,0.32937824726104736,3
cooking,residential,0.30694580078125,1.1158367395401,3
coronation,inauguration,-1.23486328125,0.4865435063838959,3
courteous,friendly,-2.83880615234375,0.19465777277946472,3
cowardice,meanness,-0.90380859375,0.6598165035247803,3
cowardly,slurring,2.26611328125,-0.33346518874168396,3
crew,passengers,-2.810546875,-0.5975677967071533,3
critics,curators,0.2275390625,-0.4628324806690216,3
critics,public,5.7823486328125,0.7092740535736084,3
croaks,pneumonia,-1.265380859375,1.084993600845337,3
crowded,noisy,4.113210678100586,1.602779746055603,3
crypts,muslins,1.09423828125,-0.21839019656181335,3
cunning,different,-0.544921875,0.7537581920623779,3
cunning,ready,6.33203125,0.638634443283081,3
cunning,unscrupulous,5.6552734375,1.081235647201538,3
currencies,problems,-0.28466796875,-0.2034674882888794,3
curses,howls,-2.287109375,-0.5513631105422974,3
curses,threats,-0.927734375,0.09400343894958496,3
daintiness,softness,-0.5458984375,-0.9903656244277954,3
dallied,dallied,0.0,-0.23982024192810059,3
dampish,lonesome,-2.962799072265625,0.11472412943840027,3
dates,eras,4.052734375,2.787929058074951,3
dates,numbers,2.12109375,-0.8008575439453125,3
dates,things,6.69921875,2.1888575553894043,3
dates,time,-0.6953125,0.05141425132751465,3
daycare,experiences,2.2666015625,0.17310914397239685,3
dead,decaying,2.8427734375,2.6495108604431152,3
dead,stiff,-2.62255859375,-1.2192022800445557,3
dead,useless,3.123046875,2.0857462882995605,3
deed,thought,-3.748046875,-0.6301897764205933,3
delightfully,truthfully,1.29931640625,-0.6079005002975464,3
delivery,style,-1.9586181640625,0.5593322515487671,3
desire,hope,-1.4921875,0.5404335260391235,3
desire,love,-1.5849609375,-1.6760071516036987,3
diesel,gasoline,0.3063507080078125,-0.5266820192337036,3
different,imaginative,6.92529296875,0.48151031136512756,3
dimmer,dimmer,0.0,0.6304123401641846,3
diplomatic,trade,-4.40765380859375,-1.5213918685913086,3
dirtier,dirtier,0.0,0.00014165043830871582,3
discomfort,stress,-2.8154296875,-0.5152133703231812,3
discontentedly,idly,-1.715087890625,-0.7539647817611694,3
discotheques,things,4.64453125,1.6564890146255493,3
disease,fasting,1.39404296875,0.4009264409542084,3
disease,stress,1.94873046875,1.8308335542678833,3
disease,suffering,1.849609375,0.7554826736450195,3
disease,wars,-2.32421875,0.3785134255886078,3
dishes,pots,2.5107421875,0.5914143323898315,3
displaced,uprooted,-0.1514892578125,-2.1640543937683105,3
disturbances,wars,-1.1939697265625,-1.2576773166656494,3
dodge,kick,-3.517578125,-0.09807330369949341,3
dotingly,fondly,0.759765625,-0.06311145424842834,3
dresses,hose,0.056640625,0.6563571691513062,3
drier,warmer,0.953125,-0.5992451310157776,3
drowsier,drowsier,0.0,0.49955466389656067,3
drunk,drunk,0.0,-0.40257906913757324,3
drunk,loaded,-0.199462890625,-0.5475507974624634,3
drunk,merry,-2.14453125,-0.5716667175292969,3
duties,pleasures,-0.52252197265625,-0.39245864748954773,3
duties,quotas,-2.9426116943359375,-0.5880645513534546,3
duties,tariffs,-2.8218765258789062,-0.886005163192749,3
duty,family,3.599609375,-0.2573402225971222,3
duty,inclination,2.789306640625,1.328018307685852,3
duty,love,-2.026885986328125,-1.2896689176559448,3
eagerly,quickly,0.9296875,-0.2871694564819336,3
earth,sods,-0.5283203125,1.3713345527648926,3
edibles,fruit,-1.9228515625,-1.3160958290100098,3
ejaculation,orgasm,-3.13134765625,0.5568243265151978,3
elaborate,gay,-3.7276611328125,-2.8141677379608154,3
elegancies,luxuries,0.0799560546875,-0.7290129661560059,3
embarrassing,inconvenient,0.27166748046875,0.6404246091842651,3
emergencies,wars,1.349853515625,-0.6490310430526733,3
employment,income,0.3700714111328125,-2.1137092113494873,3
employment,industrial,-0.19297027587890625,-0.335645854473114,3
enthusiastically,quickly,-0.67901611328125,-1.7242324352264404,3
evenly,quickly,1.25390625,-1.7879321575164795,3
evidently,slowly,-10.2890625,-3.2375571727752686,3
execrable,unclean,2.42236328125,-1.0241552591323853,3
executions,trials,-3.216796875,-1.1044671535491943,3
explorer,martyr,-2.2406005859375,-0.09860539436340332,3
extended,reworked,-0.52252197265625,0.09492462873458862,3
extreme,rapid,-2.115234375,0.2752171456813812,3
faded,shabby,2.0791015625,-0.6272397041320801,3
family,inheritance,0.7520751953125,2.137705087661743,3
family,love,-3.48974609375,-0.551993727684021,3
family,tribal,2.171875,1.9190477132797241,3
farmers,ranchers,1.7498779296875,0.35947927832603455,3
fat,protein,0.3094482421875,-0.23100270330905914,3
fatal,mysterious,3.55712890625,0.8055610656738281,3
fatal,sinister,3.932373046875,0.13336515426635742,3
feminine,masculine,-1.53155517578125,-0.023581475019454956,3
fertility,love,-2.339111328125,-2.171112060546875,3
fiercer,other,0.986328125,2.6897799968719482,3
finish,start,-4.82421875,0.24253025650978088,3
finished,released,-7.6671142578125,0.6720110177993774,3
first,goal,-0.23046875,0.10440292954444885,3
first,ground,-4.671875,-0.3421369791030884,3
first,largest,1.65625,-1.945886492729187,3
first,notable,1.1611328125,2.8073835372924805,3
first,original,1.0908203125,-1.5355645418167114,3
first,second,4.44091796875,-0.2047477662563324,3
first,sixth,1.7265625,-1.8272968530654907,3
fixed,known,5.67431640625,0.4322899281978607,3
fixed,running,0.521484375,0.06509613990783691,3
fixed,steady,-1.48828125,-0.6272662878036499,3
fixed,variable,-2.2666015625,0.01875758171081543,3
flemish,german,-2.340576171875,-0.5551019906997681,3
flips,things,3.6904296875,1.8219034671783447,3
flooded,lifeless,1.22509765625,-0.23362985253334045,3
foam,paper,-1.8564453125,-2.121934175491333,3
fondly,foolishly,2.782958984375,-0.04226338863372803,3
foolishness,inaccuracy,4.27685546875,1.3873090744018555,3
footsteps,voices,-3.60711669921875,-2.3409276008605957,3
footsteps,whistling,3.026153564453125,0.2416209578514099,3
formulae,things,2.421875,1.3669131994247437,3
fossils,lithologies,0.2548828125,0.9196524620056152,3
fossils,minerals,0.8220367431640625,0.5225938558578491,3
fours,threes,1.498046875,-0.28570178151130676,3
friendly,frolicsome,0.2049560546875,1.07119882106781,3
friendly,sympathetic,3.553955078125,0.8715612888336182,3
frolicsome,gay,0.365234375,-2.079843521118164,3
fruit,sherbets,0.8564453125,2.463270425796509,3
fruit,suet,6.44140625,2.510099172592163,3
further,further,0.0,-0.7551261186599731,3
fussing,grizzling,1.6569290161132812,0.23510760068893433,3
gasoline,time,-5.3269805908203125,-0.02681136131286621,3
gasps,sundry,4.1533203125,0.8180255889892578,3
gay,merry,0.603515625,1.442311406135559,3
gay,useless,-0.39453125,2.057401657104492,3
gayer,gayer,0.0,0.40185269713401794,3
given,taken,-1.75390625,-0.6625235080718994,3
gladly,quickly,-2.662109375,-1.4185954332351685,3
glands,vessels,3.319915771484375,-1.1379364728927612,3
golder,phillipson,7.191375732421875,0.43262729048728943,3
goodness,love,1.1171875,-0.6111441850662231,3
goodness,sincerity,-1.3731307983398438,0.5120049715042114,3
gracious,ready,0.623046875,-0.08682981133460999,3
grand,lofty,-1.44921875,-0.38185903429985046,3
grand,useful,1.146484375,-0.28514525294303894,3
grandest,happiest,-0.2489013671875,-0.6031416654586792,3
grimaces,speaks,0.31640625,2.1910674571990967,3
haltingly,slowly,-1.767578125,-2.4804577827453613,3
handbags,jewelry,0.1502227783203125,-0.46058663725852966,3
hands,heels,-3.062744140625,1.4647960662841797,3
hanged,quartered,1.75042724609375,-1.261926531791687,3
hanged,taken,1.5749359130859375,0.5946930646896362,3
hardware,software,-2.670496940612793,-1.0115400552749634,3
hasty,indifferent,6.647712707519531,0.14014580845832825,3
heavier,heavier,0.0,-0.2688972055912018,3
heavier,longer,3.69085693359375,-0.6840893030166626,3
heavier,second,-4.01123046875,-2.126403570175171,3
hibernation,reproduction,1.818115234375,-0.18917033076286316,3
hissed,sputtered,-1.135986328125,-0.019323915243148804,3
homesick,lonesome,0.3909492492675781,0.5344662666320801,3
honey,succotash,-1.927734375,0.9593359231948853,3
honorable,useful,-5.32421875,0.4865998923778534,3
hope,love,-1.841796875,-1.4943463802337646,3
hope,pride,-1.279296875,-0.46132293343544006,3
hope,watch,-3.716796875,1.6598094701766968,3
horses,oxen,2.036041259765625,0.8343236446380615,3
horses,riders,2.08056640625,1.9795924425125122,3
horses,sheep,-1.13671875,-1.034114122390747,3
horses,waggons,1.92529296875,1.0640223026275635,3
human,saurian,-1.501953125,-0.8663748502731323,3
hurry,preparation,3.41796875,2.408548355102539,3
husband,husband,0.0,0.29370132088661194,3
ideas,oratory,6.1171875,2.408205986022949,3
ideas,things,1.64453125,3.29010009765625,3
improper,odors,-0.529296875,-0.5327048301696777,3
inclination,time,-3.9228515625,0.1286374032497406,3
incredulously,slowly,-3.14825439453125,-3.498626232147217,3
indifferently,lazily,1.0210304260253906,-1.4539053440093994,3
individually,slowly,2.15234375,-3.410346508026123,3
industrial,port,1.7349090576171875,0.7418913841247559,3
industrial,residential,-2.3674240112304688,-0.4315081536769867,3
industrial,sectional,2.1489524841308594,-0.2099425494670868,3
industrial,tourist,-1.3952064514160156,-0.2080526053905487,3
industrial,trade,-3.675759792327881,-0.3163418173789978,3
ingredients,sauces,0.6923065185546875,0.09929874539375305,3
ingredients,time,-11.28515625,0.10873180627822876,3
inscrutable,silent,-2.8486328125,-1.43476402759552,3
intense,laborious,-1.6572265625,2.3349099159240723,3
intense,passionate,-1.4052734375,1.9049357175827026,3
intense,thrilling,2.564453125,1.8398830890655518,3
invisible,silent,0.8406486511230469,-2.557981491088867,3
island,town,2.044921875,-1.0502585172653198,3
islands,jungles,2.00634765625,-0.05171091854572296,3
joys,tears,-5.352294921875,-1.1023554801940918,3
kick,plunge,0.9590730667114258,1.6973477602005005,3
kindergarten,kindergarten,0.0,0.320830762386322,3
lame,stiff,-0.1044921875,-2.478818416595459,3
lame,useless,3.470703125,0.8128170967102051,3
languages,learning,-0.271484375,-0.5922772884368896,3
languages,scriptures,2.236328125,-0.000491902232170105,3
largest,newest,-0.80859375,0.3404621183872223,3
law,order,2.40234375,3.4501967430114746,3
learning,love,-0.3388671875,-0.9301000833511353,3
legend,story,1.015625,0.09891286492347717,3
legislation,trade,-0.939208984375,-0.4597827196121216,3
less,less,0.0,-0.06601744890213013,3
loaded,ready,-0.2978515625,0.557492733001709,3
lofty,splendid,1.52490234375,-0.6330770254135132,3
longer,longer,0.0,-0.2750537097454071,3
looking,looking,0.0,0.42756131291389465,3
love,pride,-0.189453125,0.47746387124061584,3
love,sincerity,-2.2410812377929688,0.8665918111801147,3
love,sympathy,1.097412109375,1.2598267793655396,3
love,tears,-3.5732421875,2.0552978515625,3
lumpier,lumpier,0.0,-0.33062782883644104,3
lustily,together,-1.1689453125,-0.24321046471595764,3
mail,passengers,-3.7099609375,0.5481876134872437,3
manufacturing,trade,1.0181884765625,0.046099722385406494,3
many,many,0.0,-0.5968053340911865,3
merry,thriving,1.54638671875,1.5301434993743896,3
minerals,protein,-2.5515975952148438,-0.465349406003952,3
miscellaneous,sundry,-0.8077392578125,-0.11863988637924194,3
moans,pants,0.98388671875,-1.2516324520111084,3
moans,tears,-5.080078125,-0.562789261341095,3
motor,perceptional,-4.390625,0.32616910338401794,3
mudpuppies,olms,-2.4638671875,0.6067136526107788,3
mysterious,obsessive,-0.117767333984375,-0.3688427209854126,3
nets,nets,0.0,-0.007815569639205933,3
nets,rubbish,2.064453125,2.0432639122009277,3
numbers,numbers,0.0,-0.7521318197250366,3
numbers,symbols,-0.4974212646484375,-0.8323034048080444,3
nursing,residential,-0.145751953125,0.8780770301818848,3
oaths,threats,2.44580078125,0.23395994305610657,3
observant,steady,-4.5,-0.40816375613212585,3
occidental,suggestion,0.556640625,1.157753825187683,3
online,ready,1.30078125,-0.1847861260175705,3
opportunities,threats,-5.76068115234375,-0.42056187987327576,3
oppressions,wars,-0.265625,-0.8090043067932129,3
original,shocking,0.5810546875,2.587477922439575,3
original,simultaneous,2.352813720703125,1.6434694528579712,3
overwork,pneumonia,2.7722396850585938,-0.09669481217861176,3
overwork,underfeeding,-4.2099609375,0.20401403307914734,3
oxen,sheep,-1.6275787353515625,-1.5412893295288086,3
packages,parcels,0.5813751220703125,0.17009851336479187,3
packages,suitcases,-0.399078369140625,0.04837191104888916,3
pages,pages,0.0,-1.195568561553955,3
pants,shirts,-0.70263671875,-0.2525674104690552,3
pants,vocalizes,0.082763671875,-0.04028549790382385,3
paper,points,11.4130859375,4.876970291137695,3
paper,pulp,1.07421875,2.1400299072265625,3
paper,puzzle,-4.6201171875,2.0604143142700195,3
paper,rubbish,0.369140625,3.597468852996826,3
paper,things,3.53515625,4.587003231048584,3
parish,public,1.44921875,0.021527394652366638,3
peas,strawberries,-0.18017578125,-3.3191630840301514,3
peeping,spying,4.421875,2.09871768951416,3
perilous,uncertain,0.5986328125,0.708971381187439,3
persecution,suffering,-2.28759765625,-0.8294152021408081,3
persevering,plodding,1.1823883056640625,-0.11232280731201172,3
persons,things,0.689453125,1.3893388509750366,3
picture,story,-3.146484375,-0.1153956949710846,3
piles,piles,0.0,-0.3182707726955414,3
poorer,poorer,0.0,-0.1873650997877121,3
pots,pots,0.0,0.09857425093650818,3
pottery,statues,5.349609375,0.694922685623169,3
powder,rifles,-0.3372802734375,1.0385252237319946,3
prayed,prayed,0.0,0.1082579493522644,3
preparation,study,-3.005126953125,-1.4557452201843262,3
preparation,thought,-2.109375,0.4378573000431061,3
pretend,pretend,0.0,-0.7025904655456543,3
pride,prime,-4.9189453125,1.0389845371246338,3
pride,risk,-2.623046875,2.728606939315796,3
pride,vanity,-0.659912109375,0.24466753005981445,3
private,public,-1.037109375,1.1736044883728027,3
private,retail,0.90478515625,2.374506950378418,3
private,state,-0.265625,0.9191956520080566,3
private,tribal,-2.193359375,1.845810890197754,3
problems,valium,1.71875,-0.38598906993865967,3
problems,worries,1.264892578125,0.2584046423435211,3
public,state,-1.4853515625,0.12148240208625793,3
public,wooden,-1.123046875,1.3027820587158203,3
put,take,0.986328125,-1.797695517539978,3
put,went,-7.1484375,-3.3672006130218506,3
quality,quantity,3.0595703125,0.4445822536945343,3
quicker,quicker,0.0,0.07020971179008484,3
quickly,sharply,-1.0225067138671875,0.3523811101913452,3
quickly,slowly,-2.544921875,-0.714557409286499,3
quickly,wisely,2.6585540771484375,0.2588828504085541,3
quotas,tariffs,-2.9462890625,-0.07816484570503235,3
rain,snow,0.646484375,-1.2300922870635986,3
rain,tears,-0.033203125,-0.7745918035507202,3
rallies,talks,2.746337890625,1.0113507509231567,3
ran,ran,0.0,0.032804638147354126,3
ready,silent,-2.90478515625,-0.6127700805664062,3
ready,steady,2.451171875,0.30733999609947205,3
ready,willing,3.27734375,1.3261264562606812,3
really,really,0.0,-0.620945930480957,3
really,truthfully,-0.365234375,-1.732662320137024,3
rebellions,wars,-0.8173828125,-0.8435008525848389,3
rebo,things,-7.1416015625,1.2717214822769165,3
rented,went,-1.87139892578125,-0.5628655552864075,3
repossessions,restrictions,0.483154296875,0.0942544937133789,3
residential,retail,1.64892578125,0.49679526686668396,3
respectful,sympathetic,-2.51397705078125,-0.8853665590286255,3
rested,visited,0.76849365234375,-0.11242258548736572,3
retail,trade,-2.2919921875,-1.0335427522659302,3
returned,taken,-0.76953125,1.8700731992721558,3
rifles,shotguns,-0.3109588623046875,-0.22462329268455505,3
risk,uncertainty,0.828125,0.46802642941474915,3
roadways,sidewalks,1.025390625,0.812962532043457,3
romp,roughhouse,0.8251953125,-1.537839651107788,3
ruined,uninhabited,0.54931640625,1.3544046878814697,3
rung,rung,0.0,0.34140387177467346,3
running,running,0.0,1.0699712038040161,3
running,stress,-1.060546875,0.9574438333511353,3
salted,smoked,-0.65869140625,-0.3600320518016815,3
satellites,spacecraft,1.264404296875,0.8057092428207397,3
scarcer,scarcer,0.0,0.5750877857208252,3
scarves,turtlenecks,-3.025390625,-0.5011589527130127,3
schema,subschema,-0.88232421875,-1.303193211555481,3
searchingly,slowly,-3.00048828125,-2.4407243728637695,3
serials,series,-1.33984375,0.8888843059539795,3
series,shows,2.537109375,0.5643349885940552,3
share,share,0.0,0.25971996784210205,3
shoplifting,things,2.5625,1.4774333238601685,3
shows,things,0.70703125,1.5692996978759766,3
shudder,tremble,0.441650390625,1.647727608680725,3
silent,stiff,0.3583984375,-1.8141112327575684,3
silent,tearful,1.69140625,1.6690400838851929,3
sincere,thorough,1.3288459777832031,-1.298393726348877,3
skinnier,skinnier,0.0,-0.05258654057979584,3
skis,things,3.68359375,2.1529617309570312,3
sleeping,sleeping,0.0,-0.6732369661331177,3
slowly,unconsciously,8.174301147460938,2.662639617919922,3
slows,tires,0.2734375,-0.28298330307006836,3
somehow,somewhere,-1.205078125,-1.7151392698287964,3
sophistication,style,4.46484375,-0.03102114051580429,3
speaks,turns,-0.7265625,0.5282464027404785,3
sponsor,witness,-0.9501953125,-0.275447279214859,3
springs,tension,0.28125,0.8637661933898926,3
stalkier,stalkier,0.0,0.06521335244178772,3
stamps,turns,1.09271240234375,2.1919641494750977,3
start,tremble,-1.078857421875,0.42022183537483215,3
statues,things,-0.0205078125,0.7471117973327637,3
steady,stiff,-1.49609375,-1.5809460878372192,3
stiller,stiller,0.0,0.1522630751132965,3
stress,tension,-4.42578125,-0.1740667223930359,3
study,thought,1.591796875,1.4986107349395752,3
subtle,wondrous,-0.8984375,-0.023075520992279053,3
suffering,time,-1.58984375,-0.19675374031066895,3
surrounded,taken,-0.59375,1.2699838876724243,3
suspense,uncertainty,6.494140625,1.0514551401138306,3
sweeps,talks,-1.853515625,3.041379690170288,3
talkative,thoughtless,-0.98046875,0.8485796451568604,3
talks,talks,0.0,0.7932784557342529,3
talks,turns,-3.6484375,0.2037048041820526,3
tap,tap,0.0,-1.4014686346054077,3
territory,trade,2.29296875,0.8793866634368896,3
things,things,0.0,0.49079349637031555,3
things,tires,1.896484375,-2.576892614364624,3
thought,thought,0.0,0.7773512601852417,3
thought,time,-2.29296875,-0.601655900478363,3
time,time,0.0,0.8320541381835938,3
time,ways,-2.318359375,0.6073929071426392,3
useful,willing,1.056640625,-0.13150444626808167,3
vanquished,victor,-3.75030517578125,0.6568746566772461,3
vanquished,victors,-5.13818359375,0.7113634347915649,3
voices,whistling,-3.654296875,0.9152108430862427,3
warmer,warmer,0.0,0.17700067162513733,3
watch,watch,0.0,0.0916266143321991,3
weaker,weaker,0.0,0.18400385975837708,3
went,went,0.0,-0.4470181167125702,3
wilder,wilder,0.0,0.707282543182373,3
absence,substitution,2.633056640625,0.012175768613815308,4
absorbing,long,-6.498046875,-2.8319687843322754,4
acceleration,velocity,1.562713623046875,0.27630415558815,4
acquisition,opening,1.60089111328125,-0.38733506202697754,4
act,looks,-6.986328125,-0.6609121561050415,4
act,snort,-0.98828125,-1.4906010627746582,4
admission,listing,1.79541015625,-0.1789644956588745,4
advantage,profit,-2.184814453125,-0.5956758856773376,4
agencies,officers,2.432373046875,-0.9234892725944519,4
alasia,gabrielle,-2.169921875,-0.30512624979019165,4
alms,largesse,3.2457275390625,-0.26931658387184143,4
amazement,inquiry,1.4008712768554688,0.5235505700111389,4
american,canadian,-0.6240234375,-0.2553137540817261,4
american,confederate,6.143341064453125,0.6045169234275818,4
american,foreign,0.60546875,0.5039592981338501,4
american,french,-1.9296875,-0.14467400312423706,4
american,irish,-0.623046875,-0.42526406049728394,4
anemone,roses,-7.449462890625,-2.3004047870635986,4
angle,distance,0.7109375,-1.6057593822479248,4
angrily,loudly,-2.03338623046875,-0.700502336025238,4
answered,considered,-0.51953125,0.09427347779273987,4
anxiously,long,-2.2017574310302734,-2.4362576007843018,4
apparel,implements,0.72369384765625,-0.27791520953178406,4
apparel,money,-3.5997314453125,-1.5889984369277954,4
appetizing,nourishing,1.1270904541015625,-0.7838037610054016,4
architecture,ceremonies,-0.648590087890625,0.83990877866745,4
architecture,skyscrapers,-1.305908203125,0.16727769374847412,4
architecture,workmanship,-1.988525390625,0.23436900973320007,4
architecture,works,2.779296875,1.5597729682922363,4
arduously,long,0.060546875,-1.7768948078155518,4
artistic,general,-2.8828125,-0.1577073335647583,4
artistic,international,0.95489501953125,0.14883291721343994,4
artistic,social,6.95751953125,0.14574593305587769,4
artistic,technical,2.51220703125,0.8861197829246521,4
ashamed,enraged,-0.467864990234375,2.5611469745635986,4
ashamed,white,-0.349609375,-1.6560771465301514,4
asking,asking,0.0,0.042518191039562225,4
atmospheric,solar,2.150482177734375,0.9966535568237305,4
authority,caution,0.2924346923828125,0.2312774956226349,4
authority,responsibility,-1.3203125,-1.0298759937286377,4
back,back,0.0,0.47673875093460083,4
back,electrical,-3.4990234375,0.03314768522977829,4
back,everyth,2.6953125,-0.05848080664873123,4
back,open,-2.6640625,0.6818336844444275,4
back,out,-0.224609375,0.04150902479887009,4
back,upper,0.53125,0.12525469064712524,4
back,work,0.48828125,0.04287009686231613,4
backup,medical,-0.6611328125,-3.2925519943237305,4
bamboo,rice,-0.00439453125,-1.8869218826293945,4
banana,lavender,2.1805419921875,0.7099595665931702,4
banana,rice,-0.646484375,-0.049991510808467865,4
barracks,warehouses,-2.3435440063476562,0.1924554407596588,4
bass,piano,0.783203125,-0.5057896375656128,4
battle,host,1.634765625,-0.12344969063997269,4
battle,work,-2.09765625,-0.4218062162399292,4
beaten,bruised,2.185302734375,-0.2586958408355713,4
beaten,dispersed,1.70751953125,0.6246846318244934,4
beaten,stabbed,0.784942626953125,0.0614515021443367,4
bedevilment,confusion,0.67529296875,1.473494529724121,4
bees,beetles,2.754638671875,1.3136584758758545,4
bees,lindens,1.138916015625,0.47427770495414734,4
beetles,rats,-3.883544921875,-1.2486097812652588,4
behavior,habitats,-0.8188323974609375,-0.6075149178504944,4
behavior,neurogenesis,0.8838176727294922,-0.6165183186531067,4
behavior,size,-3.827143669128418,-1.8179174661636353,4
behind,behind,0.0,0.10643606632947922,4
bellow,hook,-3.5390625,-0.9217450022697449,4
beloved,dear,-1.7210979461669922,-1.0364048480987549,4
beloved,loving,-0.3428993225097656,0.13960841298103333,4
bigger,bigger,0.0,-0.05422205477952957,4
bigger,faster,0.83984375,3.3157005310058594,4
bigger,newer,-5.34375,1.5894497632980347,4
bigger,prettier,-0.79541015625,2.4260568618774414,4
bison,cattle,-0.787109375,-2.508507251739502,4
bison,hybrids,2.158203125,-0.7191138863563538,4
bleeding,bruised,4.6160888671875,0.48507410287857056,4
blessed,dear,-0.590728759765625,-1.2066147327423096,4
block,ring,2.763671875,-1.0539476871490479,4
blow,blow,0.0,-0.0010957494378089905,4
blow,bluster,-0.52978515625,0.46782591938972473,4
blow,howl,1.1787109375,0.008739553391933441,4
blues,whites,-2.18804931640625,-0.8012965321540833,4
bolder,bolder,0.0,-0.00978214293718338,4
bouncing,bumping,1.6452293395996094,0.5057274699211121,4
bowl,drinks,6.6796875,1.8635077476501465,4
breathe,surface,1.265625,-1.0157575607299805,4
brethren,trust,1.2750244140625,0.1758849024772644,4
brie,butter,-1.095703125,-2.342416763305664,4
bright,cheerful,2.0789794921875,0.8324232697486877,4
bright,fair,0.939453125,-0.1231280043721199,4
bright,glorious,0.46422576904296875,0.7348375916481018,4
bright,joyous,0.826904296875,0.9213021397590637,4
bright,keen,0.8212890625,0.6845763325691223,4
bright,peaceful,2.4761962890625,0.5144265294075012,4
bright,pure,-1.630859375,-0.38344377279281616,4
bright,smiling,-1.4541015625,1.4112201929092407,4
bright,snapping,-0.8466796875,1.462693452835083,4
bright,still,2.087890625,0.7481558918952942,4
bright,white,0.7265625,-0.6168830990791321,4
brightness,size,-1.9580078125,-0.9282988905906677,4
brooches,goblets,5.755859375,-0.002537645399570465,4
browned,healthy,7.3427734375,-0.7707791924476624,4
bruised,jarred,-2.05615234375,-0.1971133053302765,4
bucks,saws,3.9814453125,1.0085179805755615,4
building,building,0.0,-0.003664351999759674,4
building,development,-1.876953125,-1.125810980796814,4
buses,trams,-1.06591796875,-0.25097858905792236,4
butter,experience,-3.8525390625,0.8354366421699524,4
butter,jam,1.01171875,0.5866610407829285,4
cakes,candies,0.0587158203125,0.28220000863075256,4
cakes,doughnuts,-0.61627197265625,0.8005483746528625,4
cakes,pastries,1.9521484375,1.744423747062683,4
camps,cottages,1.143524169921875,-0.9322311282157898,4
canadian,french,-1.265625,0.440145879983902,4
canadian,international,2.556640625,0.5567236542701721,4
careful,long,-3.84765625,-2.554943799972534,4
catalogs,essays,-0.5470123291015625,0.6994448900222778,4
cattle,farms,1.373779296875,1.1535931825637817,4
caution,delay,-0.99664306640625,1.100003719329834,4
caution,experience,-2.33416748046875,-0.4103255867958069,4
caution,mystery,-1.264404296875,-1.0047423839569092,4
celebrity,related,5.1015625,-0.6293361186981201,4
changeability,conformity,-1.134765625,0.12070455402135849,4
changed,changed,0.0,0.5570554733276367,4
charisma,money,-2.529296875,-1.091724157333374,4
cheerful,cozy,-1.61083984375,-0.6327699422836304,4
cheerful,smiling,-1.76629638671875,0.16176360845565796,4
cheerful,surprised,-1.230224609375,0.011186294257640839,4
chives,onion,4.5009765625,1.105559229850769,4
choicer,prettier,-1.13336181640625,0.5676259994506836,4
church,work,-0.1015625,1.2294143438339233,4
ciliates,radiolaria,-0.623046875,0.8614377379417419,4
clay,lead,2.763671875,1.9307324886322021,4
clay,logs,-1.908203125,0.5591277480125427,4
cleared,lined,1.81884765625,-0.127519428730011,4
cliffs,gorges,-0.0341644287109375,0.91311115026474,4
cliffs,hillsides,2.3363189697265625,1.0619103908538818,4
cliffs,riverbanks,-0.950927734375,1.0480716228485107,4
clods,clumps,0.63525390625,-0.10583234578371048,4
closing,opening,-2.478515625,-1.0426661968231201,4
collapsed,melted,2.1735458374023438,-0.27536556124687195,4
colors,forms,0.576171875,1.7552156448364258,4
colors,patterns,1.9892959594726562,0.9297347068786621,4
community,voluntary,0.5430908203125,1.419260025024414,4
concerted,concurrent,0.87109375,-0.24214211106300354,4
condemnation,sentence,4.51898193359375,-0.6981267333030701,4
confusion,misinformation,0.52294921875,-0.40752243995666504,4
confusion,panic,-1.6201171875,-1.5703880786895752,4
confusion,rumors,-2.08837890625,-0.336325466632843,4
considered,rejected,-0.435791015625,0.014220111072063446,4
considered,still,-5.662109375,-1.7929784059524536,4
conspiracy,forgery,5.078369140625,0.10090550035238266,4
constant,loud,-0.953125,-1.7806422710418701,4
constant,perishable,1.891357421875,1.5485867261886597,4
continental,french,-0.37158203125,-1.0446302890777588,4
copyrights,rights,-1.2899169921875,-0.9605795741081238,4
corruption,cultism,-0.9094772338867188,-0.2837847173213959,4
cottages,houses,-0.320709228515625,0.013784818351268768,4
country,kinship,-2.583984375,0.42142510414123535,4
country,royalty,-2.93408203125,1.9784126281738281,4
crackers,fudges,-0.1298828125,0.13859817385673523,4
crackers,jam,-1.653076171875,-0.6803901195526123,4
cranes,warehouses,-1.040771484375,-0.022507287561893463,4
creaks,squelches,1.1089019775390625,0.8143033385276794,4
criticize,denounce,3.433349609375,1.0415843725204468,4
cross,disagreeable,0.1129302978515625,0.6062405705451965,4
cross,discontented,1.1904296875,0.13762278854846954,4
cross,fussy,-1.435546875,-0.23522073030471802,4
cross,unkind,-2.607421875,0.0437297448515892,4
crowbars,picks,1.337890625,2.423111915588379,4
curled,curled,0.0,0.10638576000928879,4
cytosine,thymine,2.486328125,0.8777796626091003,4
damp,keen,0.591796875,0.01277615875005722,4
damp,loathsome,2.4677734375,0.19957923889160156,4
damp,long,-1.7265625,-1.790623426437378,4
damp,thin,-0.79296875,-1.2806940078735352,4
damp,unwholesome,0.9654541015625,0.5811223387718201,4
dance,music,-1.15625,-0.5345526337623596,4
daring,heroic,-1.536865234375,-0.5236272215843201,4
daring,lateral,2.343109130859375,1.0816690921783447,4
daring,marvellous,1.3973464965820312,0.13064789772033691,4
daring,own,-0.005859375,0.796969473361969,4
deafening,long,-2.6214447021484375,-1.885987639427185,4
dear,long,-0.73828125,-1.812867283821106,4
dear,loving,1.55078125,1.8937339782714844,4
dear,thoughtful,3.71044921875,1.4016342163085938,4
decorations,flags,-2.0615234375,-0.5381853580474854,4
decorations,jewels,-2.89776611328125,-0.13379895687103271,4
decorations,tints,-0.848876953125,0.43154242634773254,4
delighted,flustered,-1.6341552734375,-0.173611581325531,4
delighted,smiling,-4.12890625,0.29603487253189087,4
delighted,surprised,-2.474609375,-0.17121803760528564,4
denounce,preach,-2.724609375,-0.6965563297271729,4
detonators,fuses,-0.44921875,-0.49045872688293457,4
development,production,-1.65234375,-0.09896611422300339,4
development,testing,-1.12640380859375,0.4858178496360779,4
diagrams,illustrations,-3.572998046875,-0.14818346500396729,4
dimpled,white,0.119873046875,-2.1064953804016113,4
dismally,long,-1.3974609375,-3.1229262351989746,4
distance,size,-6.65625,-0.23560604453086853,4
distance,terrain,-0.42138671875,2.3472118377685547,4
distinctly,loud,-5.9397501945495605,-1.334182858467102,4
distinctly,loudly,-3.18916654586792,0.32245004177093506,4
dizzy,nauseated,7.17474365234375,0.05081810802221298,4
drastic,long,-3.884765625,-1.5516321659088135,4
drinks,eats,1.12890625,-0.36532366275787354,4
drinks,laughs,3.4375,0.4794705808162689,4
dropped,sunk,0.970703125,-1.0454881191253662,4
ducks,pelicans,0.24609375,1.647964596748352,4
dull,long,-2.07421875,-1.942467451095581,4
dull,simple,4.732421875,-1.2959403991699219,4
dull,spiritless,1.2578125,-0.33279556035995483,4
dwellings,shops,0.526123046875,-0.9712664484977722,4
dysentery,famine,0.30322265625,0.20897582173347473,4
ecological,molecular,0.9741897583007812,-0.44346898794174194,4
educated,scientific,-0.986328125,-0.8544866442680359,4
egotistical,unrefined,-9.021484375,1.2771522998809814,4
endangered,endemic,-3.7775726318359375,-0.3225002884864807,4
endure,work,-0.37890625,-0.9018208384513855,4
energy,fire,-0.048828125,-0.8020856976509094,4
energy,stamina,1.16015625,0.11380939930677414,4
energy,valour,-1.1796875,0.11232129484415054,4
engineer,managerial,2.390625,-0.7507588863372803,4
entertainment,lodging,2.7568359375,0.6546676754951477,4
entertainment,music,-0.54296875,-0.24465876817703247,4
entertainment,profit,0.12744140625,0.7974429130554199,4
equality,freedom,0.181884765625,-0.9252305626869202,4
ermine,scarlet,-0.78057861328125,-0.9799725413322449,4
evade,evade,0.0,-0.039602406322956085,4
everyday,simple,-0.3349609375,-2.3268041610717773,4
exclusive,significant,0.515716552734375,0.13826309144496918,4
exits,returns,-0.796600341796875,-1.1380858421325684,4
experience,observation,-2.937744140625,0.21562469005584717,4
experience,responsibility,0.82763671875,-0.7800918221473694,4
experiments,observations,2.19580078125,0.17387515306472778,4
fagged,flustered,1.337158203125,-1.2308502197265625,4
fair,frank,-0.513671875,-1.5352444648742676,4
fair,legible,4.03125,0.41149377822875977,4
fair,peaceful,2.67230224609375,-0.007063515484333038,4
fair,prosperous,1.9454612731933594,0.9167606234550476,4
fair,pure,-0.9033203125,-0.9281768202781677,4
fair,still,0.423828125,-0.06014174968004227,4
farms,houses,-3.525634765625,-0.44443279504776,4
faster,faster,0.0,-0.005249999463558197,4
fatiguing,long,-3.3720703125,-2.064919948577881,4
feverish,ill,1.12451171875,0.7614307403564453,4
fevers,malarias,3.71875,-0.3332609534263611,4
film,film,0.0,-0.54252690076828,4
film,music,-0.875,-0.4685150980949402,4
finches,larks,3.3876953125,-0.11390168219804764,4
fire,lead,-0.9375,2.368452787399292,4
fire,load,2.240234375,0.6303519606590271,4
fire,tools,-0.833984375,0.7485021948814392,4
fixedly,long,1.052734375,-2.842890501022339,4
flags,music,0.12060546875,0.055067382752895355,4
flash,loud,-0.626953125,-2.2365610599517822,4
fleecy,thin,-0.3232421875,-1.7751632928848267,4
fleecy,white,-4.208984375,-1.0682144165039062,4
fly,fly,0.0,0.43173497915267944,4
foreign,international,0.9140625,-0.6570586562156677,4
foreign,tanned,-1.79052734375,-0.11798591166734695,4
foreign,ukrainian,1.77099609375,-0.18794900178909302,4
forgives,relents,-0.3310546875,-0.68879634141922,4
frank,independent,-0.6995849609375,1.993356466293335,4
frank,offensive,-6.5771484375,1.667130947113037,4
frank,open,0.740234375,1.7430132627487183,4
freedoms,rights,-3.96142578125,-0.36926543712615967,4
french,irish,-0.7109375,0.17411664128303528,4
french,music,3.0859375,0.0420718751847744,4
freshman,sophomore,0.48260498046875,0.05520426481962204,4
friend,playfellow,-2.2060546875,1.0193028450012207,4
furs,implements,-0.614501953125,0.2918979227542877,4
fuss,squeal,1.072509765625,-0.289529949426651,4
fuss,stamp,3.119140625,1.565739631652832,4
gaping,muttering,2.41705322265625,-0.36977618932724,4
general,maddened,4.337890625,1.012455701828003,4
general,technical,-0.3624267578125,0.7804773449897766,4
generations,generations,0.0,-0.12767300009727478,4
ghastly,long,-3.2086181640625,-2.5561835765838623,4
ghastly,unending,0.031494140625,0.8113588690757751,4
godless,violent,2.10302734375,0.4473799467086792,4
grandma,grandpa,5.5341796875,-0.44376522302627563,4
guerilla,independent,1.6142578125,0.5650622844696045,4
gutturally,loudly,-4.01953125,-1.7018547058105469,4
hammering,hammering,0.0,-0.11930955201387405,4
hazelnut,raspberry,-0.083740234375,-0.4280112385749817,4
healthy,long,-4.203125,-1.9370157718658447,4
healthy,obedient,1.8665771484375,2.3529462814331055,4
healthy,open,4.40234375,0.5056936740875244,4
healthy,prosperous,1.7238616943359375,1.3215652704238892,4
healthy,pure,-4.6904296875,-0.29416197538375854,4
heart,joints,-1.63134765625,1.4698269367218018,4
heart,renal,1.296875,2.084188938140869,4
heartfelt,traditional,0.9404296875,0.04657216742634773,4
heartily,long,2.282782554626465,-1.619162678718567,4
hearty,loud,-3.45556640625,-1.1798501014709473,4
hearty,loving,0.513671875,1.259912133216858,4
hedonism,utilitarianism,-3.1683349609375,0.16385725140571594,4
helmsman,operator,-0.43701171875,0.43769365549087524,4
hoot,howl,1.474609375,-0.4402514696121216,4
hop,squeal,0.029052734375,1.193084955215454,4
hopelessly,vaguely,1.140848159790039,-0.07167050987482071,4
hops,jumps,-1.85882568359375,1.1431753635406494,4
horns,strings,0.870361328125,1.8740460872650146,4
hoss,hoss,0.0,-0.08101189881563187,4
houses,houses,0.0,-0.011821575462818146,4
houses,shops,4.046875,0.2444031834602356,4
houses,stores,4.626953125,0.05417495220899582,4
howl,howl,0.0,-0.6509631276130676,4
husk,sawdust,-3.215087890625,2.0261287689208984,4
ill,weary,-4.15234375,-0.27966785430908203,4
ill,white,-1.1650390625,-1.1875447034835815,4
implements,tools,-0.3240966796875,-1.5846580266952515,4
incongruity,likeness,1.5958099365234375,-0.05195751041173935,4
independent,savage,-2.064453125,-0.9101184010505676,4
independent,sovereign,-1.806640625,0.06320541352033615,4
independent,wealthy,8.548370361328125,-1.0118376016616821,4
indoors,out,1.452056884765625,0.09579404443502426,4
infallible,sovereign,-6.55364990234375,0.7914143204689026,4
innovation,technology,1.4179534912109375,-0.3849949836730957,4
inquiring,thoughtful,-4.6669921875,-0.20827031135559082,4
inquiry,observation,-1.2394561767578125,-0.6525648236274719,4
insulting,violent,-3.4754638671875,-2.2400519847869873,4
intricate,long,-0.58056640625,-1.753674030303955,4
involuntary,voluntary,-2.37835693359375,-0.7515509128570557,4
irish,nigerian,-1.789306640625,0.8496437072753906,4
jewels,money,-0.27978515625,-0.5398023724555969,4
jib,jigger,-2.1767578125,0.022542186081409454,4
joking,smiling,-1.7001953125,0.4572296142578125,4
journalists,officials,1.69573974609375,0.8375053405761719,4
joyous,loud,-3.453777313232422,-1.8830368518829346,4
joyous,smiling,-4.2105712890625,0.1464117169380188,4
keen,peaceful,-4.656494140625,-0.28936082124710083,4
keener,keener,0.0,-0.05264831334352493,4
knowing,knowing,0.0,0.5478125214576721,4
labor,money,-1.7255859375,-1.2592295408248901,4
lasting,long,-2.630859375,-2.656034231185913,4
laughs,looks,1.2841796875,0.39543527364730835,4
laughs,yells,1.82421875,-1.1186580657958984,4
lavender,white,-1.5672760009765625,-1.1356539726257324,4
lessons,work,4.5390625,0.26512080430984497,4
limping,lisping,-0.85662841796875,0.6059461236000061,4
lived,struggled,0.54302978515625,1.4738281965255737,4
lived,worked,3.623046875,0.43644070625305176,4
lives,looks,-0.703125,2.714154005050659,4
lives,money,-2.4404296875,-1.5743814706802368,4
lives,work,-1.556640625,0.6424345970153809,4
lives,works,1.970703125,0.5150395035743713,4
logical,simple,-0.421875,-0.7358726263046265,4
logs,stumps,0.8270263671875,0.6026542782783508,4
lone,long,-0.34765625,-1.3160325288772583,4
long,long,0.0,-0.7918803095817566,4
long,loud,0.28125,-0.30741459131240845,4
long,loudly,0.255859375,1.5429444313049316,4
long,loving,1.48828125,3.594440460205078,4
long,lucidly,5.46875,2.201080322265625,4
long,narrow,1.66015625,0.7073463797569275,4
long,passionately,0.37579345703125,2.4288456439971924,4
long,peaceful,-2.16455078125,1.813795804977417,4
long,pointed,1.0634765625,3.2104945182800293,4
long,prosperous,4.8166961669921875,2.267165184020996,4
long,significant,3.348724365234375,2.078202247619629,4
long,simple,3.080078125,0.36339205503463745,4
long,sinewy,1.22314453125,1.7345352172851562,4
long,slinking,3.01666259765625,1.633013367652893,4
long,softly,-1.43359375,1.270937204360962,4
long,storied,6.02734375,2.3123443126678467,4
long,thin,3.2041015625,0.7635018229484558,4
long,thoughtfully,3.94482421875,3.2186315059661865,4
long,untrimmed,0.37371826171875,2.922963857650757,4
long,varied,4.546630859375,1.5664124488830566,4
long,violent,3.5,2.036156177520752,4
long,wearisome,3.181640625,1.9626210927963257,4
long,weary,2.6015625,0.8858721256256104,4
long,white,-1.1416015625,0.9411137700080872,4
looks,moves,0.73828125,-1.1409770250320435,4
looks,works,-0.84765625,-1.0263299942016602,4
loud,repetitive,4.224609375,2.295668125152588,4
loud,rowdy,-1.50732421875,2.181260108947754,4
loud,sudden,0.923828125,1.7980313301086426,4
loud,throaty,2.135986328125,2.295975685119629,4
loud,unnatural,9.6824951171875,2.4538040161132812,4
loud,violent,5.373046875,1.932046890258789,4
loving,pure,-1.6533203125,-2.186459541320801,4
loving,simple,-5.318359375,-3.2392728328704834,4
lutes,tambourines,0.658935546875,-0.6485114097595215,4
machinery,textiles,-3.494384765625,-0.372297078371048,4
machines,technology,1.83984375,0.34078070521354675,4
machines,tools,-0.1611328125,-0.402800977230072,4
madder,madder,0.0,-0.03165926784276962,4
mangrove,passionfruit,-2.4833984375,0.8868660926818848,4
marathons,ultramarathons,0.6357421875,0.43105337023735046,4
medical,scientific,1.392578125,0.5245087146759033,4
medical,social,2.6484375,0.2553523778915405,4
medical,technical,1.16033935546875,1.3523328304290771,4
meditation,prayer,-1.84814453125,-1.611409306526184,4
merchants,workmen,-0.12610816955566406,-0.5628278851509094,4
midwest,southeastern,4.663120269775391,0.20308417081832886,4
mobile,social,0.50390625,-1.5062992572784424,4
money,production,0.578125,0.8855776786804199,4
money,records,0.3515625,0.3594452738761902,4
money,spices,4.58203125,1.0755705833435059,4
money,travelcards,0.2744140625,1.2272650003433228,4
monsoonal,tropical,-4.65673828125,-1.4173128604888916,4
morose,unfriendly,0.895751953125,1.44620943069458,4
mounted,stuffed,2.0669326782226562,1.707200527191162,4
moves,uplifts,0.918701171875,-0.8279610276222229,4
music,music,0.0,0.46346670389175415,4
music,philosophy,-1.29833984375,1.2304368019104004,4
music,records,1.142578125,0.18668082356452942,4
music,rhetorics,1.5885009765625,1.2560768127441406,4
music,static,-0.228515625,1.116746187210083,4
music,table,-6.185546875,-1.6989846229553223,4
music,work,0.958984375,1.065833330154419,4
musically,philosophically,11.71612548828125,0.6496992111206055,4
muttering,sobbing,-5.103691101074219,-0.15903395414352417,4
narrow,rakish,0.126953125,1.1195789575576782,4
narrow,triangular,-0.11236572265625,1.3227485418319702,4
neck,neck,0.0,0.2892398536205292,4
neighbors,travelers,1.6225700378417969,0.5008049011230469,4
nephews,nieces,-0.203857421875,0.6841559410095215,4
observation,theory,-0.37225341796875,0.24433335661888123,4
offspring,parents,-5.494781494140625,-1.2487622499465942,4
onward,out,-4.0693359375,-1.0576281547546387,4
open,open,0.0,-0.7462848424911499,4
open,violent,9.58203125,-0.3112611174583435,4
opening,shutting,3.36328125,1.5927414894104004,4
optimists,toppers,-2.609375,-0.3267762064933777,4
oral,written,1.03125,-2.623746395111084,4
orders,returns,2.326171875,0.9643951058387756,4
out,out,0.0,-0.2578570246696472,4
parents,visitor,4.583251953125,0.6138635277748108,4
passionately,strangely,0.5439453125,-1.0526626110076904,4
peaceful,prosperous,4.13623046875,0.9194085001945496,4
peaceful,smiling,-1.8408203125,0.9016414880752563,4
peaceful,still,3.692138671875,0.2663251757621765,4
peaceful,unopposed,2.71044921875,1.1231985092163086,4
perfect,poofy,-1.28125,-1.4566001892089844,4
perfect,pure,0.611328125,-2.150125026702881,4
perfect,unbroken,4.372047424316406,-1.1714457273483276,4
pertly,promptly,-0.533203125,-0.36399146914482117,4
philosophy,theology,-3.51123046875,0.023281753063201904,4
piano,violin,0.589111328125,1.5321545600891113,4
pike,spear,3.40234375,0.8636379837989807,4
plans,preparations,1.468017578125,1.0842952728271484,4
plaprer,plaprer,0.0,-0.2753716707229614,4
pointed,terse,0.203125,0.0032472237944602966,4
practise,practise,0.0,-0.22141516208648682,4
prayer,thanksgiving,2.27349853515625,0.7977052330970764,4
prayer,worship,1.77325439453125,0.617347776889801,4
prettier,prettier,0.0,-0.3811386525630951,4
production,technical,5.837158203125,0.05262165516614914,4
production,transportation,0.9443359375,-0.31266719102859497,4
project,technical,-1.84478759765625,-0.8999849557876587,4
projectors,televisions,1.2431640625,0.29811912775039673,4
punishment,rewards,-1.193359375,1.6973916292190552,4
pure,simple,1.841796875,-0.7958537340164185,4
pure,sober,-0.7734375,2.467696189880371,4
pure,solid,-0.33984375,1.055591344833374,4
pure,white,1.2900390625,-0.37401485443115234,4
queerer,queerer,0.0,0.021857693791389465,4
quivering,white,-0.62005615234375,-1.459024429321289,4
rascals,shepherds,-1.7983551025390625,-0.4214959740638733,4
raved,stormed,-1.0459671020507812,-0.10729385167360306,4
reading,studying,-0.291015625,0.430160254240036,4
reports,rumors,-2.3404541015625,0.6248161196708679,4
responsibility,work,0.744140625,0.9455721378326416,4
restaurants,shops,-2.1305809020996094,-0.42359083890914917,4
rice,tallow,-0.1875,0.9350214600563049,4
ring,stacker,-1.32586669921875,0.26027753949165344,4
romantic,villainous,2.06781005859375,-0.8319862484931946,4
rope,textiles,2.09375,-0.3849184513092041,4
salvage,vandalizing,-2.80078125,0.8726052641868591,4
satin,spotted,5.24261474609375,0.9510100483894348,4
savage,treacherous,0.311737060546875,0.06259384006261826,4
scarlet,white,0.11669921875,-1.641621470451355,4
scholarly,sober,1.438720703125,0.6775022745132446,4
scientific,technical,-0.9541015625,0.3740329146385193,4
seals,walruses,-1.1328125,-0.7275463938713074,4
seasonal,tropical,-4.60498046875,-0.21441322565078735,4
sensitive,temperamental,1.101806640625,-1.1701762676239014,4
settlement,transportation,2.958984375,0.38684630393981934,4
shaven,spotted,-0.460784912109375,-0.33113646507263184,4
significant,varied,0.8690185546875,0.4436388313770294,4
simple,slight,2.96484375,0.14413529634475708,4
simple,touching,3.3984375,2.6303648948669434,4
sleek,thoughtful,-1.748046875,0.9663926959037781,4
slight,thin,0.0400390625,-0.21064621210098267,4
smiling,unhurried,0.8291015625,0.2527911067008972,4
sober,thoughtful,1.3232421875,-0.28748735785484314,4
social,technical,1.385986328125,0.7360740900039673,4
social,traditional,-0.154296875,-0.2928999662399292,4
social,youth,-2.64208984375,-1.3821704387664795,4
softly,stealthily,3.47314453125,2.122319221496582,4
solid,still,2.923828125,0.01448928564786911,4
solid,unbroken,0.11773681640625,0.48728352785110474,4
starched,white,1.119140625,-1.6345713138580322,4
still,thoughtful,1.304931640625,1.0441396236419678,4
still,void,-1.525390625,-0.38304460048675537,4
still,white,1.30078125,-0.8291090130805969,4
stores,warehouses,0.561981201171875,0.7550628781318665,4
stout,weatherly,3.521484375,-1.1635161638259888,4
strings,violin,-1.3310546875,-0.6959970593452454,4
struggled,struggled,0.0,0.06446462124586105,4
stumps,walls,-1.67431640625,-0.9200548529624939,4
sudden,tremendous,2.28485107421875,1.305227518081665,4
sudden,unnatural,9.899505615234375,1.540195345878601,4
sudden,violent,4.90234375,0.5312573313713074,4
swaying,swaying,0.0,0.06312840431928635,4
swaying,whirling,-0.3680877685546875,0.5395495891571045,4
table,table,0.0,0.25820523500442505,4
thin,white,2.29248046875,-0.34346872568130493,4
tickling,touching,0.71875,0.9936054348945618,4
treacherous,vile,0.94873046875,0.44442152976989746,4
treacherous,villainous,3.0868759155273438,0.1716306209564209,4
treacherous,wicked,-1.759033203125,-0.26568567752838135,4
turned,turned,0.0,0.480214923620224,4
unafraid,unashamed,0.11279296875,1.238136649131775,4
unfriendly,unnatural,-0.60748291015625,-0.6476315855979919,4
ungoverned,violent,-0.9515380859375,-2.791680335998535,4
unkind,wicked,-2.75,-2.0012879371643066,4
unshaved,unwashed,-1.5009765625,0.655721127986908,4
vindictive,violent,0.49609375,-1.4418301582336426,4
wanted,wanted,0.0,-0.8147356510162354,4
warfare,work,-0.395355224609375,0.578472912311554,4
wickeder,wickeder,0.0,0.3008193373680115,4
work,work,0.0,-0.6752698421478271,4
worked,worked,0.0,-0.735446035861969,4
worst,worst,0.0,0.09394722431898117,4
abject,dejected,0.18359375,0.4919162094593048,5
acceptive,efficient,0.7587890625,-0.5259262323379517,5
aches,pains,-3.080078125,-0.45429331064224243,5
acting,performing,0.227783203125,-0.24618873000144958,5
adapt,survive,0.1083984375,-0.5378826260566711,5
addition,deletions,-6.94140625,-0.5357258915901184,5
advice,assistance,1.15765380859375,1.3467415571212769,5
advice,injunctions,3.842529296875,0.328199565410614,5
advice,training,0.458984375,1.0492933988571167,5
affordable,cheap,-0.11767578125,-2.088047981262207,5
aft,knelt,2.8974609375,1.1415648460388184,5
agitated,shocked,2.3699874877929688,-0.19316548109054565,5
agnostic,liberal,-0.5692138671875,0.3105374276638031,5
ahing,umming,0.244140625,0.6772014498710632,5
alien,strange,-0.0234375,-1.5285542011260986,5
alternatively,secondarily,3.8720703125,-0.3852355480194092,5
anecdotes,gossip,-5.7991943359375,-0.25761109590530396,5
anklets,bracelets,-1.14666748046875,-0.910114049911499,5
anklets,wristlets,1.21484375,-0.48339414596557617,5
annoying,childish,-4.8759765625,-1.1115773916244507,5
annoying,strange,-5.602294921875,-1.3761402368545532,5
anticipation,intercourse,2.2232666015625,0.964633047580719,5
apartments,cars,-1.7421875,-2.320185899734497,5
apologizing,crying,-4.1533203125,-1.254497766494751,5
appreciation,gratitude,-1.78369140625,-0.4092426300048828,5
appropriately,directly,0.130859375,0.8644223213195801,5
arepas,cachapas,0.15234375,-0.4436681270599365,5
argued,argued,0.0,0.6182312369346619,5
arrested,injured,4.990234375,-0.16328680515289307,5
arrested,punished,2.3245849609375,0.9203170537948608,5
arrested,shot,2.625,-0.8729914426803589,5
arrested,tortured,4.346427917480469,0.8506712913513184,5
articles,books,-2.180440902709961,-2.7343273162841797,5
articles,interviews,-5.2073211669921875,-1.1901025772094727,5
asleep,quieted,4.318359375,1.6949808597564697,5
asleep,snoring,4.3544921875,0.9569495320320129,5
assistant,doorkeeper,0.140625,-1.4838390350341797,5
astonishment,fright,-0.297088623046875,0.06841648370027542,5
astonishment,incredulity,2.1090087890625,1.7281638383865356,5
astrophysical,geophysical,1.115631103515625,0.05123741179704666,5
attractive,instructive,0.64300537109375,0.6137368679046631,5
attractive,interesting,-2.171478271484375,-2.5884227752685547,5
attractive,proven,0.5313720703125,1.4679893255233765,5
attractive,serviceable,-2.0816650390625,-1.289076566696167,5
attractive,unique,-1.2670097351074219,-1.0575224161148071,5
attractive,viable,-1.6048583984375,-0.9599703550338745,5
awe,reverence,-3.37548828125,1.8772209882736206,5
awful,profound,-1.4306640625,0.17897093296051025,5
awful,strange,-8.193359375,-0.3960149884223938,5
awkwardly,heavily,-2.282978057861328,0.1353321075439453,5
balmy,mild,-0.509765625,-1.9500967264175415,5
banquets,cheers,-1.305908203125,-1.1612862348556519,5
barbarians,pirates,-0.96630859375,-0.8044296503067017,5
bargains,coffins,-1.76611328125,-0.11514841765165329,5
basketball,tennis,-1.943359375,0.38341742753982544,5
beardless,handsome,2.14453125,-0.7062873244285583,5
behavioural,cognitive,0.459686279296875,-0.2661164402961731,5
behavioural,mental,-2.568878173828125,-0.8789107799530029,5
best,best,0.0,0.3368437886238098,5
best,darlingest,-0.408203125,0.24826645851135254,5
best,noblest,1.55908203125,-0.6253368854522705,5
best,quickest,-0.7734375,0.6621933579444885,5
best,smartest,-1.05938720703125,-0.18690133094787598,5
best,soundest,6.22265625,1.3041936159133911,5
biological,historical,2.2852783203125,-0.23986095190048218,5
blunt,rough,-1.103515625,-2.4773025512695312,5
boastful,cheating,-0.8271484375,-0.3401376008987427,5
boisterous,rude,1.043182373046875,-0.4777512550354004,5
bollards,cars,-4.30859375,-0.6014876961708069,5
books,happenings,5.4775390625,1.5273627042770386,5
books,letters,0.228515625,-0.7751902341842651,5
books,movies,-1.556640625,0.32595670223236084,5
books,pamphlets,1.04595947265625,0.9073445796966553,5
books,postage,2.357421875,1.159885048866272,5
books,studies,1.765625,1.285014033317566,5
books,theater,1.140625,0.8265846967697144,5
bosses,budgets,-0.04052734375,-0.37114429473876953,5
bosses,enemies,1.800048828125,-0.30695652961730957,5
boulders,rocks,-0.153564453125,-1.128419041633606,5
bounds,training,0.89453125,-0.03720080107450485,5
bowling,tennis,-0.8408203125,0.41793522238731384,5
boyish,free,0.5009765625,-0.7009782791137695,5
breathless,panting,-0.10509490966796875,1.2807437181472778,5
brighter,brighter,0.0,0.8702429533004761,5
brighter,content,0.5302734375,2.2519989013671875,5
brighter,merrier,1.3359375,1.1808526515960693,5
british,iraqi,-1.365325927734375,0.5765116214752197,5
british,scottish,2.853515625,-0.29178586602211,5
british,spanish,1.515625,0.21174609661102295,5
british,yank,1.970703125,0.32268157601356506,5
broad,eclectic,-1.7998046875,1.2314952611923218,5
broad,glittering,2.89190673828125,0.9019883275032043,5
broad,handcuffed,0.8267822265625,1.8620764017105103,5
broad,leathery,-0.42376708984375,1.8103188276290894,5
broad,level,3.0546875,1.4861693382263184,5
broadcasting,journalism,-3.2548828125,-0.5590012669563293,5
broke,rotten,-5.13525390625,-0.3469451665878296,5
bugs,fleas,2.87353515625,0.7577710747718811,5
bumps,tracks,0.53515625,-2.7964062690734863,5
calls,letters,0.00390625,-2.180732250213623,5
cans,forks,-1.291015625,0.7865995168685913,5
capacities,powers,0.8056640625,-1.1204092502593994,5
capital,financial,1.45703125,-1.2599098682403564,5
capital,government,-5.71484375,-1.2926234006881714,5
carotenoids,chlorophyll,5.1767578125,0.21287280321121216,5
carpets,rugs,1.6380615234375,-0.5654600858688354,5
cars,hats,2.5419921875,-0.3974679708480835,5
cars,lorries,2.6845703125,0.7178208827972412,5
casual,playful,2.619140625,0.47469183802604675,5
cat,dog,1.025390625,-0.43697410821914673,5
cat,puppy,4.14453125,0.03519511967897415,5
catch,tame,0.564453125,-0.1946677565574646,5
catch,toss,0.111328125,1.9885259866714478,5
caverns,rocks,-2.8623046875,-1.2061238288879395,5
caverns,tunnels,-0.071807861328125,-0.3943987488746643,5
cedar,yew,3.711181640625,-0.7197785377502441,5
cereals,toast,0.50390625,-2.0162267684936523,5
cereals,tobacco,-0.404052734375,0.7778544425964355,5
change,decay,1.7861328125,-0.3638661205768585,5
changes,changes,0.0,0.7918428182601929,5
character,comic,3.14453125,-0.4080272912979126,5
character,form,1.013671875,0.7649779319763184,5
characteristic,interesting,4.873046875,-1.0135539770126343,5
characteristic,unique,-1.6606225967407227,0.3857123553752899,5
characters,letters,-0.7763671875,-2.1403656005859375,5
characters,movies,1.056640625,-1.478577733039856,5
chattering,laughter,4.130859375,-0.016398854553699493,5
cheap,nice,-2.662109375,-2.3715271949768066,5
cheap,plentiful,0.584228515625,0.6579880714416504,5
cheerfully,pleasantly,-3.071533203125,0.6118408441543579,5
cheerfully,regularly,-4.44525146484375,-0.481536865234375,5
cheers,laughter,0.458984375,0.6802400946617126,5
cheers,merriment,3.31427001953125,1.5917311906814575,5
chemically,physically,-0.1619873046875,-0.1812509298324585,5
chivalry,courtesy,-1.226318359375,-0.6928080916404724,5
chivalry,right,7.36572265625,-1.1900113821029663,5
christian,faithful,-0.4140625,-0.3006259799003601,5
city,metropolitan,7.4366455078125,2.007402181625366,5
clapping,laughter,-4.80078125,-0.4580577611923218,5
clean,nice,-8.1953125,-0.8818024396896362,5
clean,painted,0.5546875,0.06251443177461624,5
clean,roomy,0.26708984375,-1.4141353368759155,5
clean,shaved,-0.42578125,-0.4058574438095093,5
clean,trig,-1.349609375,1.6887682676315308,5
cliff,ray,-1.29296875,1.539735198020935,5
clothe,make,0.519775390625,1.2925857305526733,5
coaches,lorries,-2.9658203125,0.8817267417907715,5
coal,peat,2.18359375,-0.7809890508651733,5
coal,salt,0.2216796875,-0.5169429779052734,5
colloquially,officially,-1.06683349609375,-0.15345856547355652,5
colour,form,1.724609375,1.5569990873336792,5
colour,movement,-0.1220703125,0.8015467524528503,5
colour,scent,0.568359375,1.113110899925232,5
colours,sizes,3.052734375,1.2884875535964966,5
communications,media,-1.7265625,-1.8999899625778198,5
communications,training,1.140625,0.014555014669895172,5
compact,graceful,3.04052734375,-0.22728371620178223,5
compass,rule,-1.35546875,-0.4219058156013489,5
complacence,sense,-2.49609375,-0.40052032470703125,5
complete,unabridged,0.0693359375,0.7848341464996338,5
components,systems,1.978240966796875,-1.3554953336715698,5
conflicts,dramas,1.740478515625,0.6669305562973022,5
connected,conscious,-2.46484375,-1.5662084817886353,5
conscientious,reliable,0.408233642578125,0.5000208020210266,5
consistency,endurance,-0.107177734375,-1.2574633359909058,5
constellations,stars,-1.3585205078125,-1.4126719236373901,5
constraint,distrust,-3.71875,0.8874526619911194,5
content,gratitude,-1.673583984375,-0.8707297444343567,5
content,peace,-4.220703125,-1.9378420114517212,5
content,romance,-0.96240234375,-0.9895986318588257,5
contentious,inefficient,1.07965087890625,-0.5298566818237305,5
cooked,cooked,0.0,-0.04620920866727829,5
corporeal,spiritual,1.6004638671875,0.32319745421409607,5
corridors,tunnels,-0.901519775390625,-0.6268176436424255,5
cotton,groundnut,2.8857421875,-0.041249774396419525,5
cotton,tobacco,0.87091064453125,0.6551240682601929,5
countries,nations,-2.822265625,0.31288737058639526,5
countries,others,-1.962890625,0.8800411820411682,5
courtesy,reverence,-3.6806640625,0.7824529409408569,5
courtesy,sense,-3.25885009765625,0.030726857483386993,5
craggy,handsome,-0.9619140625,-1.2366679906845093,5
crinkly,nice,-5.2880859375,-1.289147973060608,5
crowed,prattled,-2.8090667724609375,1.3694370985031128,5
cruising,crying,1.779296875,-0.7881748080253601,5
crying,crying,0.0,-0.7711546421051025,5
crying,kissing,-0.063812255859375,-0.3589057922363281,5
crying,pleading,1.93359375,1.301128625869751,5
crying,scared,-0.5625,-0.16892588138580322,5
curiouser,curiouser,0.0,-0.37977713346481323,5
cut,foin,-4.029296875,-0.949944257736206,5
cutest,sexiest,1.1015625,-0.9897193908691406,5
damaging,widespread,-0.9142303466796875,-1.3418627977371216,5
day,twilight,1.4436225891113281,0.46053704619407654,5
debris,rocks,-2.8701171875,-0.8868234157562256,5
decay,renewal,-0.36083984375,0.46374428272247314,5
defenses,equipment,0.829345703125,-1.207194447517395,5
defensive,difficult,1.24072265625,0.15143564343452454,5
defensive,militant,-0.8076171875,-0.9099469184875488,5
defined,used,-0.230224609375,-0.704660177230835,5
dejected,distressed,-0.073333740234375,-0.4759620428085327,5
dejected,inconsolable,1.5631103515625,-0.40799248218536377,5
dejected,sore,-7.47119140625,-1.441373586654663,5
difficult,rough,-2.3974609375,-2.423140287399292,5
dignified,remarkable,2.9114990234375,-0.8901989459991455,5
dignified,solemn,7.6279296875,-1.6969188451766968,5
disbanded,scattered,0.6723785400390625,-0.6065046787261963,5
disconcerted,glum,-0.92242431640625,-1.4362659454345703,5
disputing,quarrelling,-1.090576171875,-1.1590548753738403,5
dissipated,free,-1.009765625,-1.34787917137146,5
distant,strange,1.466796875,0.4561687111854553,5
distracted,lawless,-5.5771484375,-2.7068705558776855,5
distressing,humiliating,-2.353302001953125,-0.4322059154510498,5
diverse,liberal,-1.42755126953125,0.3552477955818176,5
diverse,vibrant,-1.508056640625,0.5564038753509521,5
dog,man,0.09765625,2.0559275150299072,5
dog,master,-1.62109375,1.4045850038528442,5
done,done,0.0,0.0773313120007515,5
done,opened,0.376953125,-1.6372629404067993,5
done,over,-1.7265625,-1.907049536705017,5
done,said,3.2060546875,0.9819648861885071,5
done,seen,-3.3701171875,-2.8046631813049316,5
doze,dream,2.181640625,-0.12717127799987793,5
dramas,movies,0.951171875,-2.096935272216797,5
drawn,painted,-0.2265625,-0.48027729988098145,5
drill,training,-1.330078125,0.3949497938156128,5
driving,driving,0.0,-0.36924034357070923,5
driving,steroids,-1.435302734375,-1.3537603616714478,5
drowned,shot,-0.4293212890625,-0.45869874954223633,5
durable,viable,1.24267578125,0.010466344654560089,5
east,middle,-0.98828125,0.92148357629776,5
ecclesiastic,moral,-0.123779296875,0.8627923727035522,5
eerie,ominous,-0.529541015625,-0.4735826253890991,5
efficient,reliable,3.6619873046875,-0.16283074021339417,5
eggs,flour,-0.502197265625,0.9536163806915283,5
eggs,game,0.775390625,1.1101819276809692,5
eggs,toast,1.9375,1.215612530708313,5
eigenvalues,eigenvectors,3.3327484130859375,0.4278622269630432,5
elbow,scream,-0.80078125,0.6387391090393066,5
elegant,graceful,4.140277862548828,-0.2139674425125122,5
elsewhere,here,2.7542724609375,-5.274900913238525,5
emaciation,weakness,4.148193359375,-0.8631471395492554,5
emerged,proliferated,5.0753173828125,0.16391897201538086,5
empowerment,engagement,-1.6171112060546875,0.7484477758407593,5
entreating,menacing,-3.5048828125,-1.028217077255249,5
equipment,toy,-2.8515625,-0.5796136856079102,5
equipment,training,-0.17578125,0.7148735523223877,5
ethology,sociobiology,0.767333984375,-0.30940330028533936,5
even,nice,-11.7392578125,-3.905545234680176,5
even,odd,0.37109375,-2.142575979232788,5
exhaustion,hunger,-1.5616455078125,0.0901746079325676,5
exposure,hunger,-3.20465087890625,-0.5959390997886658,5
expressly,purely,-1.197265625,-1.9345759153366089,5
fainter,fainter,0.0,-0.7307266592979431,5
faithful,spiritual,-0.2041015625,1.3695203065872192,5
faithful,trusty,4.724609375,2.114931583404541,5
familiar,nice,-5.9140625,-3.5482304096221924,5
feces,urine,2.76953125,0.5710064768791199,5
fictional,historical,0.69189453125,0.2211618423461914,5
filtered,zoned,-3.4853515625,-0.46143412590026855,5
financial,governmental,1.2890625,-1.0071853399276733,5
financial,moral,2.0419921875,1.6213939189910889,5
fishermen,millers,2.087158203125,0.535816490650177,5
fishermen,pirates,0.1712646484375,0.1929091215133667,5
fitted,painted,-0.560546875,-1.9141913652420044,5
flour,mincemeat,2.451171875,1.6142746210098267,5
forcible,racy,0.4375,-0.938244104385376,5
form,line,-3.23046875,-1.747548222541809,5
form,survive,2.416015625,1.2910281419754028,5
fragile,rude,-4.3896484375,-1.1760822534561157,5
frantic,scattered,-0.6738128662109375,-0.2861754298210144,5
free,free,0.0,-0.362457275390625,5
free,scattered,0.546875,0.33299824595451355,5
free,spontaneous,-0.9772186279296875,-0.7904340624809265,5
fright,weakness,2.66357421875,0.19877301156520844,5
frogs,rabbits,1.2167205810546875,0.18045693635940552,5
funeral,save,4.3359375,0.7759988903999329,5
gambling,spending,4.196197509765625,1.8856791257858276,5
game,pot,3.09375,-0.5222647190093994,5
gamesters,runners,-0.00797271728515625,-0.014968357980251312,5
gasp,kissing,0.290771484375,-0.4706077575683594,5
gasp,scream,0.240234375,0.5364733934402466,5
gasp,stare,-0.267578125,0.7651746869087219,5
gayety,laughter,-2.88671875,0.4824151396751404,5
gayety,merriment,-0.6146697998046875,1.0713781118392944,5
gayety,mirth,-0.3359375,-0.27081549167633057,5
gently,immediately,-1.79248046875,2.872284412384033,5
gently,nice,-0.84375,-1.1604546308517456,5
glans,prepuce,1.974609375,1.0686509609222412,5
glum,solemn,-0.904296875,-0.42150628566741943,5
gods,others,1.83203125,1.380525827407837,5
government,medicine,1.0439453125,-1.0745738744735718,5
government,opposition,-0.7113800048828125,0.6255037188529968,5
government,rule,2.455078125,-0.6268512010574341,5
graceful,unique,-1.7315921783447266,-0.9437549114227295,5
grew,grew,0.0,0.23882481455802917,5
grocers,millers,3.7628173828125,-1.006597876548767,5
grotesque,satire,1.5078125,0.0426814928650856,5
grotesque,strange,3.1695556640625,-0.9165136814117432,5
grunted,squealed,-2.0593857765197754,0.10135806351900101,5
hairy,rough,-0.7510986328125,-1.1632131338119507,5
hand,hand,0.0,0.41745734214782715,5
handsome,soldierly,-2.8203125,1.2633801698684692,5
handsome,taller,-6.618408203125,-0.2973618507385254,5
harder,harder,0.0,0.12214723974466324,5
harder,thicker,0.6611328125,-0.8299456238746643,5
hardships,heroism,-1.13037109375,-0.4793773293495178,5
harmful,strange,-2.44921875,-2.148641586303711,5
hats,robes,1.13134765625,0.4603143036365509,5
heathen,remote,-0.0698699951171875,0.9314736127853394,5
helicopters,paratroopers,-1.789215087890625,0.07398510724306107,5
here,here,0.0,-0.39204859733581543,5
here,hereafter,-0.369140625,1.504381537437439,5
historical,spiritual,0.62530517578125,1.3085774183273315,5
homo,porno,4.068359375,1.2873704433441162,5
hooks,rods,2.1806640625,-0.6820072531700134,5
hospitable,interesting,2.513774871826172,-1.5569859743118286,5
hospitalised,injured,-0.583984375,-0.5353100299835205,5
hours,hours,0.0,-0.15902197360992432,5
hub,spoke,0.0859375,1.3621355295181274,5
ice,rocks,-5.3291015625,-0.3956204652786255,5
illuminated,spiritual,-3.30438232421875,0.25610077381134033,5
imaging,optical,3.1123046875,-0.7256507277488708,5
impulsive,rude,1.016510009765625,-1.6799088716506958,5
incident,romance,-2.20391845703125,-1.3493812084197998,5
indented,numbered,-0.034149169921875,-0.8612479567527771,5
indistinguishable,strange,-4.375701904296875,-1.9477788209915161,5
initial,initial,0.0,-0.03427331894636154,5
injunctions,messages,-3.2149658203125,-0.904295802116394,5
injured,shot,-1.81640625,-0.7629725933074951,5
injured,woeful,1.66015625,-0.8619614243507385,5
insolent,rebellious,-6.1064453125,-0.1019810363650322,5
inspiring,profound,-2.80517578125,-1.2725906372070312,5
instantaneously,unseen,8.2762451171875,1.7914897203445435,5
instructive,interesting,-5.1827850341796875,-2.8098998069763184,5
instructive,moral,0.2633056640625,-0.06979428976774216,5
intercourse,training,-0.10596466064453125,-0.6880128383636475,5
interesting,quaint,-3.4482421875,0.3776059150695801,5
interesting,remarkable,3.255126953125,1.1118427515029907,5
interesting,strange,-0.97265625,0.25908276438713074,5
interesting,surprising,0.51373291015625,1.8146756887435913,5
interesting,unique,0.4793281555175781,0.3770245313644409,5
invaders,pirates,1.69586181640625,-0.9807772636413574,5
jests,laughter,-1.0517578125,-0.6943279504776001,5
kicked,kicked,0.0,0.4439353346824646,5
kids,mortgages,-0.4375,0.6645926237106323,5
kids,starving,-2.82269287109375,0.8358240127563477,5
kids,teen,4.7294921875,-0.8423076868057251,5
ladder,man,1.203125,1.9706069231033325,5
laugh,laugh,0.0,0.9948513507843018,5
laugh,scream,-1.046875,1.7055429220199585,5
laughter,merriment,-1.0231475830078125,2.6268229484558105,5
laughter,noise,-2.97265625,-0.33392494916915894,5
laughter,peace,-5.26171875,-0.3591730296611786,5
lawless,rough,-2.20166015625,0.15346050262451172,5
lawless,uncontrolled,3.27740478515625,2.273937702178955,5
letters,messages,4.6107177734375,0.8990603685379028,5
letters,presents,-0.537109375,1.1088896989822388,5
letters,scrolls,-1.620361328125,1.4713302850723267,5
lime,salt,-2.2080078125,-1.924322247505188,5
linen,silver,1.478515625,-0.3761635422706604,5
looting,vandalism,-1.78485107421875,0.6640232801437378,5
lorries,said,4.184326171875,1.5735005140304565,5
lumber,timbers,-2.71875,-0.024822108447551727,5
luxury,privilege,1.97119140625,0.05322365462779999,5
luxury,refinement,2.8614501953125,0.9921315908432007,5
machine,man,-2.3828125,0.7609763145446777,5
magnesium,potassium,-0.50872802734375,-0.7816239595413208,5
man,man,0.0,0.7309162020683289,5
man,master,-0.94140625,0.3713400959968567,5
man,prey,0.8154296875,0.3976134657859802,5
manned,trained,0.673828125,-0.16531789302825928,5
marked,numbered,4.580078125,-0.3837658166885376,5
master,missis,-1.634765625,-0.2194303572177887,5
mates,prey,1.66015625,1.9771331548690796,5
matured,mellowed,2.55224609375,0.5824711322784424,5
medicine,treatment,1.51171875,0.7607588171958923,5
medicine,treatments,4.544921875,1.1367034912109375,5
meek,mild,1.478515625,-2.089266777038574,5
mental,moral,1.8756103515625,0.9910982251167297,5
mental,spiritual,0.222412109375,-0.3253728449344635,5
merriment,mirth,-0.7186279296875,-1.3556907176971436,5
merriment,noise,0.2470703125,-0.8765278458595276,5
messages,sightings,-0.20306396484375,-0.23524248600006104,5
mild,nice,-5.96630859375,-0.7627827525138855,5
mild,windless,-3.724609375,0.5722970962524414,5
milked,sugared,1.2939453125,0.18296879529953003,5
mirth,peace,-1.66015625,-0.3444245457649231,5
mistrustful,uncanny,0.10809326171875,-0.05395733565092087,5
moist,nice,-5.93798828125,-1.1313687562942505,5
molluscs,vertebrates,1.369384765625,-0.028543852269649506,5
moons,moons,0.0,-0.02031814306974411,5
moons,suns,-0.7490234375,-2.1395630836486816,5
moral,spiritual,4.943359375,0.3500784635543823,5
mothers,teachers,-1.530792236328125,-0.7332242727279663,5
mothers,toddlers,0.2642822265625,-0.1209382638335228,5
movement,noise,-0.498046875,-0.6072738170623779,5
movies,opera,-0.408203125,-0.8914127945899963,5
movies,theater,0.15625,-0.3761224150657654,5
movies,tv,3.685546875,-0.8651531934738159,5
moving,up,-6.904296875,-2.1207542419433594,5
moving,wound,-8.404296875,-1.473737359046936,5
nations,tribes,-1.19580078125,0.5102746486663818,5
near,nice,-5.208984375,-1.595776915550232,5
near,remote,-0.6107330322265625,0.3227297067642212,5
next,next,0.0,-0.2283133864402771,5
nice,relaxed,4.402557373046875,2.330331563949585,5
nice,roasted,6.052734375,1.2619127035140991,5
nice,snug,4.419921875,1.5741150379180908,5
nice,spooky,2.699615478515625,1.4597933292388916,5
nice,unselfish,3.4285736083984375,3.2391438484191895,5
noise,unintelligible,3.172016143798828,2.787116527557373,5
nurses,nurses,0.0,0.06699515134096146,5
nurses,orderlies,1.048583984375,-0.0016567036509513855,5
nurses,teachers,-1.4228515625,-0.7049803733825684,5
oblations,prayers,0.41107177734375,0.1656838357448578,5
odd,spooky,0.330078125,-0.4650196433067322,5
odd,unique,-0.8620147705078125,-0.45640993118286133,5
older,older,0.0,-0.05660717934370041,5
older,taller,1.10546875,0.2205582857131958,5
older,tougher,0.376708984375,1.8518694639205933,5
older,wiser,3.4765625,1.744702696800232,5
ominous,threatened,-0.8734588623046875,0.896538257598877,5
others,volunteers,-4.1795654296875,-0.2783302068710327,5
outdated,rough,1.0009765625,-1.5088945627212524,5
outfit,wagons,-3.25244140625,-0.9573193788528442,5
outgunned,outnumbered,0.7692031860351562,0.39452090859413147,5
outposts,patrols,0.397918701171875,-0.06491266936063766,5
over,over,0.0,1.0074942111968994,5
over,up,-3.02734375,-0.37605392932891846,5
paratroopers,peasants,-1.32373046875,-0.5920765399932861,5
paused,said,9.3583984375,3.758370876312256,5
peace,purity,-0.97705078125,0.6227942109107971,5
peace,relaxation,5.37158203125,1.358756184577942,5
pearl,silver,-0.571044921875,0.14346441626548767,5
peep,see,3.506591796875,-0.07972630113363266,5
penalties,prizes,0.047149658203125,0.9686800241470337,5
penner,skupin,-0.267578125,-0.21336084604263306,5
penultimate,thirteenth,4.1422929763793945,-0.05768033117055893,5
permanent,substantial,-1.5498046875,-0.9902786016464233,5
permanent,suitable,-1.3264312744140625,-1.4040647745132446,5
ph,temperature,-6.05859375,-1.0461639165878296,5
picturesque,quaint,2.92138671875,-0.6919521689414978,5
picturesque,sleepy,0.669921875,-0.025286130607128143,5
pillage,tribute,0.8532257080078125,1.0294595956802368,5
pirates,pirates,0.0,0.4393969774246216,5
pirates,smugglers,-0.4296875,0.2625466585159302,5
pirates,wenches,0.47265625,-0.1640985906124115,5
plantation,slabes,0.32861328125,0.2904449999332428,5
plate,spoon,1.953125,1.7751156091690063,5
pot,spoon,0.798828125,-1.4810905456542969,5
potassium,sodium,0.9436416625976562,1.3196722269058228,5
powers,principalities,-1.494140625,0.7623049020767212,5
presence,putrification,-5.39404296875,1.7538659572601318,5
pressure,temperature,-1.884765625,0.0813327506184578,5
previous,subsequent,1.13671875,0.3715858459472656,5
profound,remarkable,-2.2569580078125,-0.7881581783294678,5
profound,resolved,5.30816650390625,1.1499632596969604,5
profound,surprising,-0.576446533203125,-0.43630754947662354,5
pronounce,spell,2.044189453125,-0.3129247725009918,5
queue,unique,3.49761962890625,-0.5601590275764465,5
rabbits,rodents,-0.25928497314453125,-0.15064668655395508,5
ragged,tawdry,0.01336669921875,-1.2573729753494263,5
raped,tortured,1.89996337890625,0.5706502795219421,5
reels,rods,-1.0009765625,-1.4342831373214722,5
registered,verified,1.2223596572875977,-0.8487783670425415,5
rehabilitation,treatment,-0.957489013671875,-1.2991197109222412,5
reliable,supervised,-2.9423828125,0.8400897979736328,5
reliable,trusty,2.6898345947265625,-0.08594170957803726,5
remarkable,strange,-4.84912109375,-0.5100809931755066,5
remarkable,unique,1.4371042251586914,-0.25666582584381104,5
resorts,villages,-0.812255859375,-1.1193677186965942,5
revolting,strange,-4.8720703125,-0.5973926782608032,5
rocks,wilds,2.4091796875,-0.9878956079483032,5
rocks,woods,-1.359375,-1.6223224401474,5
romance,satire,1.90606689453125,0.09000406414270401,5
rough,rude,3.568359375,0.4449027180671692,5
safer,supervised,0.33447265625,0.36736351251602173,5
said,saluted,0.3253173828125,-1.8237038850784302,5
salt,vinegar,3.02734375,2.12324857711792,5
scared,scream,12.4140625,1.8275693655014038,5
scared,shy,-2.501953125,-0.43533217906951904,5
scared,strange,-2.1396484375,-0.5631623864173889,5
see,touch,0.1982421875,-0.279097318649292,5
seen,seen,0.0,-0.26123058795928955,5
seen,understood,2.6953125,2.052553415298462,5
shy,strange,2.12890625,-0.08621292561292648,5
smaller,smaller,0.0,-0.7068290710449219,5
smaller,thicker,1.5078125,0.5140495300292969,5
sorrier,wiser,3.34130859375,-0.8495970964431763,5
speak,swim,-6.48828125,-1.0181269645690918,5
special,unique,0.317657470703125,-1.084343671798706,5
special,urgent,1.115234375,0.27725011110305786,5
spectacular,unique,0.345123291015625,-0.8958653211593628,5
spicy,strange,-0.15625,-1.2218908071517944,5
spiritual,temporal,1.723876953125,1.148840308189392,5
squealed,squealed,0.0,-0.14624440670013428,5
stable,unique,-0.38379478454589844,1.3294719457626343,5
stare,stop,-4.115234375,-1.2411497831344604,5
stouter,stouter,0.0,-0.23015761375427246,5
strengthened,strengthened,0.0,0.6290509104728699,5
stretch,stretch,0.0,1.1167789697647095,5
subtlety,timing,0.708984375,-0.23154789209365845,5
swim,swim,0.0,-0.3966875672340393,5
taboos,totems,-0.2425537109375,0.9514937400817871,5
taller,taller,0.0,0.12981975078582764,5
taught,used,0.05029296875,-1.0150953531265259,5
ten,twoscore,-3.087890625,-0.6531527638435364,5
thicker,thicker,0.0,0.13670742511749268,5
through,through,0.0,1.4782778024673462,5
togs,whatnot,6.56640625,3.602949619293213,5
toy,toy,0.0,-0.08148562163114548,5
trained,trusty,3.17578125,0.5046452283859253,5
tribes,tribes,0.0,-0.0770474299788475,5
turbid,zaburlit,5.52734375,-1.236009955406189,5
unmoved,unobtrusive,1.08154296875,-0.7397165894508362,5
up,up,0.0,1.625718355178833,5
valk,valk,0.0,0.39027178287506104,5
value,value,0.0,-0.605950117111206,5
waited,waited,0.0,0.32505863904953003,5
walks,walks,0.0,0.25996655225753784,5
wept,wept,0.0,0.11960984021425247,5
whales,whaling,-0.495849609375,0.12232119590044022,5
whistle,whittle,-0.720703125,-0.41157060861587524,5
wigwagging,woodcraft,-2.2474365234375,-0.9678100347518921,5
wilds,woods,-3.181640625,-1.6143680810928345,5
yet,yet,0.0,-0.43020176887512207,5
accomplished,amiable,-1.47454833984375,0.3600301444530487,6
accurate,strong,0.72119140625,-2.5797266960144043,6
action,adventure,-2.119140625,-1.4915332794189453,6
action,evolution,-1.5361328125,0.0674653947353363,6
action,excitement,1.126953125,-0.7617275714874268,6
action,grace,2.4306640625,0.6993883848190308,6
active,curious,4.810546875,-0.5862123966217041,6
active,strong,-2.431640625,-1.4102249145507812,6
activities,gestures,1.6781005859375,-0.513464093208313,6
added,new,-8.23046875,-2.7740681171417236,6
adventure,excitement,-1.541015625,0.6199296712875366,6
adventure,poetry,0.12353515625,0.4877106249332428,6
adventure,sport,-0.2841796875,1.8142967224121094,6
adventure,voyage,0.70654296875,0.7535529136657715,6
aerodromes,radar,1.20263671875,0.20048299431800842,6
agriculture,crafts,5.043575286865234,-1.0303454399108887,6
agriculture,forestry,5.058052062988281,-0.9110321998596191,6
agriculture,gardening,1.7708313465118408,-1.3366498947143555,6
agriculture,hunting,3.6050262451171875,-0.9611532688140869,6
ai,nao,2.0087890625,0.4370311200618744,6
alarm,excitement,-5.044921875,-0.8738512992858887,6
alarm,perplexity,-1.8107385635375977,0.6839709281921387,6
alarm,triumph,-4.262939453125,1.3034695386886597,6
alcoholics,homosexuals,5.063728332519531,0.7281061410903931,6
alone,far,2.9453125,-0.9451498985290527,6
alone,unobserved,1.1669921875,-0.9183855056762695,6
ambition,conquest,2.47216796875,0.6063092947006226,6
ambition,opulence,-1.018280029296875,-0.2943028509616852,6
ambition,vainglory,-1.781982421875,0.10581359267234802,6
ammeters,voltmeters,-5.8682861328125,-1.0716547966003418,6
amusement,diversion,1.0888519287109375,-0.13589602708816528,6
amusement,excitement,-0.5337982177734375,-2.297243595123291,6
anger,excitement,-0.1943359375,-0.8288666009902954,6
anger,hatred,-0.20914459228515625,1.542014241218567,6
anger,hostility,2.30029296875,1.9106009006500244,6
anger,humiliation,-2.83038330078125,2.346510171890259,6
anger,jealousy,1.063995361328125,1.3521983623504639,6
anger,trouble,0.798828125,-1.279354453086853,6
angry,anxious,2.080078125,1.28472900390625,6
angry,bewildered,-0.283935546875,1.382654070854187,6
angry,dark,-4.4873046875,-2.7740328311920166,6
angry,frightened,1.806640625,-1.2708009481430054,6
angry,grim,-2.03125,-0.2540571987628937,6
angry,grudging,2.0682373046875,-0.04612550139427185,6
angry,insubordinate,1.9735107421875,1.6309036016464233,6
angry,mean,8.953125,3.2277414798736572,6
angry,pale,-4.087890625,-1.4758696556091309,6
angry,shrill,-7.4970703125,-0.2385890781879425,6
angry,suspicious,-1.915771484375,0.7649194002151489,6
angry,upset,-0.18359375,1.342119812965393,6
annual,maximum,-0.1002197265625,1.2412786483764648,6
antidepressants,cholesterol,-0.384765625,0.15197153389453888,6
antiques,artwork,3.5625,0.4569227993488312,6
anxious,eager,6.789794921875,-0.9746241569519043,6
anxious,frightened,-0.390625,-3.4053895473480225,6
anxious,pale,-5.1357421875,-3.725266218185425,6
anxious,shuddering,-4.557373046875,-1.4089276790618896,6
aristocracy,feudalism,-2.9607086181640625,0.11409211903810501,6
artillery,guns,-5.532958984375,-1.4674322605133057,6
artillery,motorization,1.7505130767822266,1.4420886039733887,6
artillery,troops,-1.3635482788085938,-1.745734453201294,6
arts,crafts,6.7308349609375,1.25547194480896,6
arts,sciences,7.886554718017578,0.29575034976005554,6
arts,sports,2.228515625,1.1040105819702148,6
artworks,objects,0.74609375,-0.1856994330883026,6
attention,care,-3.712890625,1.4872725009918213,6
attention,eyes,-3.677734375,0.7931314706802368,6
attention,zeal,-2.0390625,1.6596693992614746,6
autocrat,emperor,-5.904296875,0.19650602340698242,6
automobiles,clothes,-0.1639251708984375,-0.4713198244571686,6
baby,daddy,-0.4921875,-0.12696823477745056,6
baby,father,-1.48046875,-0.7940067052841187,6
baby,louise,-4.3328857421875,0.7573446035385132,6
badass,big,-3.955078125,-2.2936365604400635,6
balls,pegs,-1.083984375,-1.9954636096954346,6
baritone,clarinet,-3.9730224609375,-0.7063784599304199,6
barks,ships,-2.16015625,-1.0754539966583252,6
barley,rye,-1.7734375,-0.3540758192539215,6
barred,locked,-2.9375,1.0484813451766968,6
basket,loaf,3.412109375,2.2843821048736572,6
basket,scissors,-0.9863624572753906,1.4448974132537842,6
battered,dilapidated,2.7027587890625,-0.7222204208374023,6
believe,think,0.09765625,-0.07665935158729553,6
believed,hiding,-4.03515625,-0.5696581602096558,6
bewildered,confused,-1.9918670654296875,0.5505750179290771,6
bewildered,dismayed,2.8796119689941406,0.32256612181663513,6
bewildered,frightened,-0.9378662109375,-1.9998033046722412,6
big,curious,5.34375,2.9997975826263428,6
big,dark,3.0166015625,0.1490689218044281,6
big,direct,-0.234375,4.693671226501465,6
big,high,1.173828125,1.339110255241394,6
big,important,8.82421875,3.0440313816070557,6
big,mellow,0.1162109375,2.346358060836792,6
big,new,0.09228515625,2.491887092590332,6
big,round,4.09326171875,0.3774714171886444,6
big,strong,4.3662109375,1.742806315422058,6
big,successful,-0.0390625,2.217390298843384,6
big,wonderful,2.50390625,2.514204740524292,6
biggerer,clumsier,-3.021484375,0.6330085396766663,6
bigotry,intolerance,1.04443359375,0.9369105100631714,6
biscuit,tea,-6.611083984375,0.4305567443370819,6
blaze,curl,2.795501708984375,0.9743931293487549,6
bleak,raw,0.373046875,-1.1389693021774292,6
blood,darkness,-0.7109375,-1.1717076301574707,6
blood,filth,-0.53240966796875,-0.046215444803237915,6
blood,fluid,0.3330078125,-0.11830070614814758,6
blood,grease,-0.0146484375,-1.399550437927246,6
blood,soil,7.146484375,-0.6754597425460815,6
bloodless,pale,-5.5615234375,-0.8630862236022949,6
boating,riding,1.6767578125,0.5336524248123169,6
bold,cautious,1.775390625,2.418858051300049,6
bold,new,-2.966796875,1.981675386428833,6
bold,round,1.376953125,-0.9962446689605713,6
bold,successful,-0.55474853515625,3.0710062980651855,6
bolt,eat,-0.88427734375,2.6443793773651123,6
bonds,stocks,3.1044921875,-0.6515216827392578,6
brake,marsh,-2.62109375,0.38845396041870117,6
bravest,strongest,1.420745849609375,0.6787303686141968,6
brawny,strong,-2.09716796875,-1.1320829391479492,6
brilliancy,dash,-1.0753173828125,0.11124590039253235,6
brother,father,0.91015625,-1.0452511310577393,6
brother,slept,-8.787109375,0.1835455298423767,6
brushwood,rock,1.19580078125,-0.8763124942779541,6
buckets,ladders,-0.1712493896484375,0.7559651136398315,6
bundles,wraps,1.905517578125,0.8222900629043579,6
burning,slaying,0.58837890625,-0.19536533951759338,6
busier,busier,0.0,-0.028688013553619385,6
buying,going,-1.8359375,-3.5046231746673584,6
cabbage,carrot,0.294677734375,0.590680718421936,6
campaign,political,2.65625,-0.06947711110115051,6
cancer,depression,-1.09912109375,-0.20544090867042542,6
capable,strong,-3.9990234375,-1.7445615530014038,6
capitalism,feudalism,3.072998046875,-1.1902945041656494,6
captured,shown,2.181640625,0.573009729385376,6
carbon,iron,-1.73046875,-0.22946789860725403,6
carbon,nitrogen,-2.421722412109375,-0.34729424118995667,6
carded,cleaned,-1.1397705078125,-0.384785920381546,6
care,cleanliness,-2.30621337890625,-1.6715099811553955,6
care,harm,-0.47265625,-0.04212060570716858,6
care,mind,7.2421875,-1.3097937107086182,6
castles,cities,-2.814453125,-1.6632031202316284,6
castles,fortresses,-2.331298828125,-1.5542100667953491,6
centuries,centuries,0.0,0.3464886248111725,6
cf,kf,1.537109375,-1.0803810358047485,6
chains,darkness,-1.98828125,-2.7534561157226562,6
chains,locks,-1.259521484375,-1.3022525310516357,6
chains,mobiles,-2.41748046875,-0.9153344631195068,6
champagne,flowers,-0.911346435546875,-2.604469060897827,6
changing,working,2.85546875,-2.499817132949829,6
chatted,chatted,0.0,0.16095003485679626,6
cheered,shouted,0.38653564453125,-1.568274736404419,6
chintz,silk,-2.55914306640625,-2.052337646484375,6
chocolate,tea,-0.935546875,-1.6453132629394531,6
cities,municipalities,-0.16748046875,1.5435049533843994,6
cities,streets,-0.673828125,0.5296727418899536,6
classic,formal,-1.76318359375,2.366774320602417,6
clatters,dinging,-0.470703125,-0.5550014972686768,6
clatters,rings,1.36962890625,-0.2344518005847931,6
cleaned,dripped,1.96337890625,0.2689061760902405,6
cleaned,restored,-0.176025390625,0.17593234777450562,6
climatology,meteorology,3.866668701171875,0.5755691528320312,6
clock,rubber,-0.919921875,1.743530511856079,6
close,dark,-1.0908203125,-3.8179733753204346,6
close,grasping,3.510009765625,-0.9310909509658813,6
close,monitoring,4.8626708984375,-1.1022318601608276,6
close,swift,-1.345703125,-3.398876190185547,6
close,tight,0.814453125,-1.9921419620513916,6
clothes,eyes,-1.5849609375,1.0887186527252197,6
clothes,gardens,0.22408676147460938,0.6090317964553833,6
clothes,mind,-3.3681640625,1.6329132318496704,6
clothes,shopping,-0.986328125,1.5825566053390503,6
coals,iron,0.06640625,-1.2725764513015747,6
colorful,dark,0.2802734375,-2.0198535919189453,6
colorful,unusual,2.348388671875,-0.558444619178772,6
coming,coming,0.0,-0.33647504448890686,6
coming,falling,1.5234375,0.6214944124221802,6
coming,going,2.69140625,0.2208482325077057,6
compassion,help,-3.653564453125,-1.334329605102539,6
compete,fight,-0.8599853515625,-1.1453237533569336,6
complexity,evolution,3.810546875,-0.013696879148483276,6
confident,strong,-0.896484375,-0.9716577529907227,6
confused,detected,1.679168701171875,0.9478505849838257,6
confused,frightened,0.005859375,-1.6617562770843506,6
confused,upset,-0.033203125,1.235269546508789,6
conquest,triumph,0.723876953125,-0.8252605199813843,6
consular,passport,2.380859375,0.2749311327934265,6
contempt,contempt,0.0,-0.508845329284668,6
contempt,hatred,0.392822265625,-1.6949933767318726,6
contributors,supporters,-0.9129228591918945,1.04254949092865,6
conviction,trial,-1.814453125,0.09156927466392517,6
cook,eat,-1.11328125,1.170547604560852,6
costume,makeup,-0.35205078125,0.579391598701477,6
cowboys,frontiersmen,1.120391845703125,-0.3129003942012787,6
crafts,industries,-0.09631919860839844,0.14657524228096008,6
cranberry,turkey,-3.37890625,-1.1637730598449707,6
creased,stained,0.56640625,-0.5878095626831055,6
criminalised,persecuted,0.292724609375,0.577294111251831,6
crossly,pettishly,-0.397705078125,0.09401401877403259,6
crustaceans,insects,-2.1141357421875,0.8555413484573364,6
cumin,pepper,-2.5078125,-0.9977006912231445,6
curious,new,-1.435546875,0.06596681475639343,6
curious,strong,0.177734375,-0.9722204208374023,6
curious,wonderful,1.142578125,-0.032388001680374146,6
daddy,mummy,-4.6279296875,0.8057315349578857,6
dark,dense,-0.619140625,3.049797296524048,6
dark,dreary,0.922454833984375,2.5164787769317627,6
dark,fearful,4.7384033203125,2.995500326156616,6
dark,high,-3.193359375,1.1809886693954468,6
dark,melancholy,1.038299560546875,2.219937324523926,6
dark,secret,-0.5703125,2.4773433208465576,6
dark,starlight,0.7705078125,1.0586638450622559,6
dark,swollen,-3.7201156616210938,1.6425631046295166,6
dark,tangled,1.785247802734375,2.933305025100708,6
dark,twisted,4.885498046875,1.8374320268630981,6
dark,ugly,1.1953125,1.951838493347168,6
dark,unforgiving,5.548828125,4.956571578979492,6
dark,unshaven,1.814453125,3.7217185497283936,6
darker,darker,0.0,0.34604737162590027,6
darker,denser,1.1337890625,0.31871411204338074,6
darkness,disappearance,1.0,1.5433276891708374,6
darkness,silence,-2.23828125,-0.5447902679443359,6
darkness,solitude,-1.6943359375,0.9889317750930786,6
darter,madame,2.69140625,-0.2289409637451172,6
dash,enthusiasm,-2.3294830322265625,0.141523540019989,6
decades,decades,0.0,-0.1433340609073639,6
decayed,inexpensive,0.82122802734375,-0.7627749443054199,6
degree,removal,2.91162109375,2.1640374660491943,6
delicate,lazy,-0.428314208984375,0.655471682548523,6
delicate,pale,-0.979248046875,-1.1073063611984253,6
delicate,slender,0.0142822265625,0.11851181089878082,6
delightedly,largely,-3.87890625,-2.3821589946746826,6
democratic,political,-3.98828125,-1.1664797067642212,6
dense,frequent,1.207275390625,0.28335055708885193,6
dense,massive,-1.6298828125,-0.4369370639324188,6
denser,denser,0.0,-0.14001238346099854,6
depression,humiliation,0.7388916015625,0.4280375838279724,6
desertion,silence,0.796875,-2.137617588043213,6
detected,exposed,1.3768310546875,-0.7647796869277954,6
detected,pursued,1.1588287353515625,-0.7236295938491821,6
devastating,massive,-5.4285888671875,-0.692277193069458,6
devastating,tragic,-0.32220458984375,-1.0053086280822754,6
dialect,vernacular,0.9172592163085938,1.2106647491455078,6
dice,slice,0.654296875,0.08860999345779419,6
diligent,responsible,1.486572265625,0.7144025564193726,6
direct,interactive,2.1884765625,-0.524513840675354,6
direct,strong,-5.32421875,-1.439173936843872,6
direct,write,-5.30859375,-1.0783295631408691,6
disciples,friends,-1.02978515625,-0.5301060676574707,6
disciples,interpreter,-2.8623046875,0.7336677312850952,6
disgrace,humiliation,-1.6921310424804688,1.1023547649383545,6
disgusting,gross,2.62939453125,0.9796029329299927,6
disgusting,impetuous,7.42041015625,0.390301376581192,6
dismayed,pale,-6.3841552734375,-2.4877521991729736,6
disobedient,unruly,3.7664794921875,0.17879612743854523,6
disposition,sale,-7.304931640625,-0.11304566264152527,6
disposition,trial,-1.458740234375,-1.2108794450759888,6
disrespectful,insubordinate,5.73345947265625,-0.5954298973083496,6
disrespectful,untamed,-2.9912109375,0.3538763225078583,6
dissident,political,1.9775390625,-1.769867181777954,6
doctors,priests,0.80078125,0.8851561546325684,6
dominican,haitian,0.363525390625,-1.3687725067138672,6
dousings,leaps,0.2900390625,0.4957415759563446,6
downforce,traction,0.7734375,-0.9349398612976074,6
drowsy,languid,0.260986328125,-1.137930154800415,6
drywall,paint,0.580078125,-0.26166513562202454,6
dumfounded,quaking,-0.4892578125,-0.7321488857269287,6
dunked,soaked,0.623046875,-0.8768974542617798,6
dynastic,political,-1.12109375,-0.16507676243782043,6
eager,rapt,4.35693359375,1.1363248825073242,6
eager,shrill,-1.642578125,-1.035089373588562,6
eager,wondering,-0.5859375,2.176359176635742,6
earthly,heavenly,-3.12890625,0.25553035736083984,6
eastern,south,2.296875,-0.5040814876556396,6
eat,eat,0.0,1.7495784759521484,6
eat,loaf,5.517578125,-0.49363067746162415,6
eat,rise,-3.306640625,-1.5720820426940918,6
eat,stay,-3.58984375,-0.15331944823265076,6
eaten,gathered,-1.205078125,-0.3140217363834381,6
eaten,slept,2.07421875,-0.838581919670105,6
educational,entertaining,1.4879302978515625,1.2616448402404785,6
educational,political,-0.869140625,0.06455060839653015,6
educational,religious,-2.01373291015625,-1.231075644493103,6
efflorescences,encrustations,-0.6298828125,-0.3117586672306061,6
elegance,grace,-0.5915069580078125,-1.0277857780456543,6
emperor,king,-1.73828125,-1.0707119703292847,6
empires,leaders,2.3759765625,-0.24370494484901428,6
entertaining,new,-9.152862548828125,-2.118971586227417,6
enthusiasm,excitement,-1.76318359375,-3.3294501304626465,6
enthusiasm,pep,3.6115341186523438,-0.6649166345596313,6
enthusiasm,triumph,-3.7898082733154297,-0.42634353041648865,6
entirely,fully,-2.015625,-2.5754826068878174,6
entirely,thoroughly,-1.75390625,-2.0776052474975586,6
eternal,strong,0.81280517578125,-2.2938153743743896,6
eventful,harassing,-2.103515625,-0.045924872159957886,6
eventful,new,-4.8470458984375,-0.4810182750225067,6
excitement,exertion,1.173095703125,2.493082046508789,6
excitement,triumph,0.2940673828125,2.4667513370513916,6
excitement,trouble,0.61328125,-1.7649039030075073,6
executive,regulatory,4.0888671875,2.1302897930145264,6
extensive,new,-4.17431640625,-1.7797915935516357,6
extensive,strong,0.087890625,-3.307400941848755,6
extent,speed,0.939453125,1.670491337776184,6
faggots,straw,0.5537109375,-0.03783276677131653,6
falling,flying,-0.5,-0.21260076761245728,6
false,groundless,1.765625,-3.006869077682495,6
false,wrong,0.513671875,-1.2036170959472656,6
far,far,0.0,0.841525673866272,6
far,high,-0.5234375,0.46752026677131653,6
far,unused,0.5390625,3.182248830795288,6
farder,farder,0.0,-0.611274242401123,6
farmer,wife,2.6640625,-0.4478835165500641,6
father,father,0.0,0.20719891786575317,6
father,grandmother,0.482421875,1.4634490013122559,6
father,jm,-0.94140625,2.351328134536743,6
father,son,2.986328125,1.5525568723678589,6
fearful,unknown,-1.5634765625,-0.36606577038764954,6
fearful,wonderful,-0.259765625,-0.6082108020782471,6
fifth,smallest,-2.175048828125,0.6435741186141968,6
fight,hunt,-0.91015625,1.0182347297668457,6
fight,overcome,3.349609375,0.519868791103363,6
fight,stand,-2.451171875,-1.192708134651184,6
fight,stay,-3.8203125,0.5631905794143677,6
fight,wait,-0.447265625,1.8127226829528809,6
fighting,hunting,-0.4296875,-0.22193852066993713,6
fighting,watching,-1.5546875,-0.2595209777355194,6
fighting,working,-0.7919921875,-2.077207088470459,6
fills,fills,0.0,-0.30330660939216614,6
find,seek,1.56640625,1.0267735719680786,6
fish,hunt,-0.296875,1.3003802299499512,6
fish,insects,1.1826171875,1.2091288566589355,6
fish,loaves,0.59375,0.04354181885719299,6
fish,plant,-0.197265625,2.4551384449005127,6
fish,squid,6.39306640625,1.8220583200454712,6
fish,vegetables,2.0537109375,1.2991228103637695,6
flamingoes,mustard,2.68359375,1.8551454544067383,6
flatly,instantly,2.53515625,-0.17836520075798035,6
flew,flew,0.0,-0.49339595437049866,6
flew,fluttered,-3.3572998046875,0.9311420917510986,6
flexible,flexuous,-1.90651535987854,0.3213139772415161,6
flexible,slender,0.08984375,0.4532034993171692,6
flowers,gardens,-0.6729297637939453,2.1845619678497314,6
flowers,insects,2.8065185546875,2.144784688949585,6
flowers,streamers,1.3740234375,2.4403536319732666,6
flowers,vegetables,1.94219970703125,1.9526697397232056,6
flowers,wines,0.265625,0.7712948322296143,6
fluttered,fluttered,0.0,-0.06304028630256653,6
fonder,fonder,0.0,-0.2830754220485687,6
fox,geese,1.73583984375,0.3971233069896698,6
frequent,prolonged,4.51995849609375,-0.7408455610275269,6
friends,lovers,2.82763671875,0.18081150949001312,6
friends,owners,2.6650390625,1.106765866279602,6
frightened,pale,-1.439453125,0.29144486784935,6
frightened,unmanageable,-0.28948974609375,2.1933672428131104,6
frightened,wondering,1.03515625,4.64833927154541,6
fruitful,important,3.03515625,1.8867876529693604,6
ganders,geese,0.265625,-0.18886753916740417,6
gentleness,kindliness,1.2388916015625,0.6159849166870117,6
gentleness,magnanimity,3.3979949951171875,1.0557676553726196,6
geocaching,letterboxing,2.7734375,-0.8137972354888916,6
geography,religious,0.5625,0.41052183508872986,6
gestures,sounds,-0.54541015625,2.1211066246032715,6
gestures,swipes,0.5745849609375,-0.26442816853523254,6
gigglings,whisperings,0.84515380859375,0.02300882339477539,6
gladness,refreshment,2.1716384887695312,2.3344063758850098,6
going,going,0.0,-0.4255962669849396,6
going,motivated,-0.6571044921875,0.5858832597732544,6
grace,majesty,-0.4765625,-1.2734010219573975,6
grace,swiftness,-0.921875,-1.165564775466919,6
grace,truth,-2.28125,0.4088304936885834,6
grace,virulence,2.3828125,1.74021315574646,6
gratin,pasta,3.65625,-2.1554718017578125,6
gravity,silence,-1.0401611328125,-2.6355831623077393,6
gravity,years,2.9609375,-0.642723798751831,6
grease,paint,1.169921875,-0.5299195051193237,6
greater,greater,0.0,-1.1536705493927002,6
greater,new,-1.37109375,-1.844578742980957,6
greater,stronger,1.673828125,-0.48108938336372375,6
greatest,strongest,2.6782989501953125,1.1880650520324707,6
grim,rocky,-5.0697021484375,-0.6277625560760498,6
grim,tense,4.375,-0.13958114385604858,6
grim,ugly,5.447265625,0.3068396747112274,6
grizzled,sparse,-1.65234375,0.04469645023345947,6
groaned,swayed,1.21136474609375,-0.09422054886817932,6
gross,wiggly,-0.7099609375,-0.30356565117836,6
grumpy,religious,-0.36151123046875,-1.229269027709961,6
guarded,locked,-0.625732421875,0.1451309621334076,6
guarded,protective,2.0159912109375,0.6267188191413879,6
guarded,suspicious,0.785186767578125,-0.14537742733955383,6
guns,rockets,-0.166748046875,-0.8840963840484619,6
guns,shades,1.6962890625,-0.05124688148498535,6
guns,ships,2.447265625,0.02692738175392151,6
guns,sticks,-1.9609375,0.5582095384597778,6
halloaed,shouted,0.45703125,1.2732250690460205,6
hallucinations,paralysis,-2.7739334106445312,0.9287034273147583,6
hammers,iron,-2.720703125,-0.7400048971176147,6
handy,new,-2.7626953125,-0.27558714151382446,6
handy,strong,0.132080078125,-1.3653697967529297,6
harassed,pale,-3.716796875,-1.2272101640701294,6
harmonic,rhythmic,-1.986328125,-0.45197972655296326,6
hateful,mean,0.111572265625,2.3484561443328857,6
hatred,jealousy,-2.4638671875,1.0744719505310059,6
heir,son,0.4267578125,1.0405796766281128,6
help,hold,0.45947265625,-0.3884918987751007,6
help,shelter,-1.541015625,-0.17624825239181519,6
help,stay,-4.84765625,0.6521431803703308,6
hide,seek,9.361328125,1.8971757888793945,6
hiding,watching,-0.953125,-0.7940530776977539,6
high,intermediate,-3.36505126953125,1.6034339666366577,6
high,rocky,0.41796875,-0.2577698826789856,6
high,shrill,4.9140625,0.17413932085037231,6
high,strong,-0.39453125,-0.6744650602340698,6
high,tight,0.919921875,-0.11446502804756165,6
high,tower,1.375,0.8025041818618774,6
hoarser,rougher,0.618896484375,1.2306642532348633,6
hockey,soccer,1.6441726684570312,0.4998667538166046,6
hold,pull,3.4375,-0.17717525362968445,6
honesty,truth,-0.572021484375,0.4300213158130646,6
honeyeater,thornbill,2.37255859375,-0.6288151741027832,6
hostility,intolerance,-1.4375,0.33174434304237366,6
house,trance,0.224609375,2.635774850845337,6
howled,howled,0.0,-0.06426540017127991,6
howled,shouted,-4.44287109375,1.047895908355713,6
howled,whined,-2.8193359375,2.515345335006714,6
humans,pigs,1.796875,-0.7868175506591797,6
humans,spirits,0.17578125,-0.9697173833847046,6
humiliation,rejection,2.25390625,-0.17947477102279663,6
hums,plays,2.8251953125,3.3868002891540527,6
hums,writes,2.8032379150390625,1.3008489608764648,6
hungrier,hungrier,0.0,0.04088011384010315,6
hunt,sport,0.484375,0.78202223777771,6
hunt,transform,1.5712890625,2.4231550693511963,6
images,sounds,2.5001220703125,1.7359594106674194,6
impertinent,troublesome,-5.17791748046875,-0.5469402074813843,6
impertinent,ugly,-5.189697265625,-1.0728867053985596,6
import,sale,9.734375,-0.9931497573852539,6
important,new,-7.7265625,-1.531477689743042,6
important,unpleasant,2.0543899536132812,-0.8305546045303345,6
impotent,indecisive,3.937744140625,0.9148356914520264,6
independence,triumph,0.76171875,-1.210842490196228,6
industries,mines,1.1149296760559082,-0.1374131739139557,6
infertile,rocky,0.373046875,-1.3336515426635742,6
inflamed,swollen,-4.022430419921875,-2.6738412380218506,6
innocence,truth,-2.3626708984375,0.9609332084655762,6
instantly,neatly,1.9318180084228516,-0.43138954043388367,6
instrumental,religious,0.58154296875,-0.7692887783050537,6
invasions,troubles,3.398193359375,-0.33532389998435974,6
iron,rock,-1.1953125,-1.304731845855713,6
iron,vitamins,-0.80029296875,1.0882307291030884,6
ironic,tragic,0.424713134765625,-0.7808080911636353,6
iy,wonderful,-2.287261962890625,-1.5751652717590332,6
jealousies,troubles,0.53125,1.7370970249176025,6
judicial,legal,-1.1424560546875,0.09336474537849426,6
labour,plant,4.71484375,1.5967265367507935,6
lagged,lagged,0.0,-0.2572880685329437,6
lake,river,0.09765625,0.2455056607723236,6
languid,pale,-3.01806640625,-1.1679959297180176,6
lazy,somnolent,1.517578125,0.2784038782119751,6
legal,political,-2.04296875,-0.5324727296829224,6
legal,regulatory,-0.39990234375,1.5103719234466553,6
legal,religious,3.12890625,-0.9601621627807617,6
ligaments,muscles,-2.453125,-1.7283761501312256,6
linguistic,religious,-0.68408203125,-0.005637854337692261,6
lively,new,-2.7777099609375,-1.379567265510559,6
lively,tight,0.95648193359375,-0.8452959060668945,6
living,shop,1.837890625,-0.6725709438323975,6
living,working,-3.701171875,-2.011784791946411,6
locked,strong,-0.30078125,-1.7488269805908203,6
loyalty,truth,2.4052734375,0.1831006109714508,6
manipulated,tricked,-1.07476806640625,0.023359984159469604,6
materials,objects,-1.564849853515625,-0.6411938667297363,6
mayo,mustard,-1.08203125,0.6675869822502136,6
meal,vegetables,-0.357177734375,2.564983606338501,6
mean,nasty,-6.4375,-1.1509819030761719,6
mean,ugly,-3.4296875,-1.558509111404419,6
melodious,strong,-0.72802734375,-1.4392485618591309,6
merrily,swiftly,4.555419921875,-1.299309253692627,6
military,political,0.71875,0.7604149580001831,6
military,politics,-2.13671875,-0.7705034017562866,6
military,religious,-0.5625,0.30920466780662537,6
military,space,3.677734375,0.049176186323165894,6
mines,quarries,2.8876953125,1.456417202949524,6
mines,torpedoes,-2.562042236328125,0.47592076659202576,6
months,months,0.0,-0.564670205116272,6
months,years,-0.7568359375,-1.104546308517456,6
mummy,mummy,0.0,0.3755587041378021,6
murdered,skinned,-2.322265625,-0.5109618902206421,6
narcissism,narcissism,0.0,-0.21970564126968384,6
nasty,ugly,-2.859375,-0.8808283805847168,6
nasty,unpleasant,1.1192855834960938,0.9383895397186279,6
national,political,0.998046875,-0.8718444108963013,6
national,regional,0.386474609375,0.9319493770599365,6
national,religious,0.634765625,-0.841194748878479,6
neatly,swiftly,2.62518310546875,-1.350846767425537,6
neoendemism,paleoendemism,-0.82061767578125,-1.087022066116333,6
never,off,-6.45703125,-0.9191794395446777,6
new,pioneering,-0.984375,0.838036298751831,6
new,precious,5.34765625,2.4068427085876465,6
new,strong,4.54296875,0.6668362617492676,6
new,successful,5.1015625,2.0250532627105713,6
new,ugly,3.916015625,1.3627017736434937,6
new,unusual,3.57421875,0.9828076362609863,6
new,wonderful,3.4765625,2.4959638118743896,6
nobles,princes,-3.011474609375,-2.095463752746582,6
nodded,swayed,-0.29803466796875,1.9890031814575195,6
north,south,1.998046875,-0.2935287058353424,6
novelized,sung,-0.84375,-0.3526519238948822,6
numbness,tingling,-0.36669921875,1.0443236827850342,6
ober,ober,0.0,0.19244572520256042,6
oppressive,unpleasant,0.617706298828125,-0.8878929615020752,6
oracular,sacred,-3.564453125,1.0343350172042847,6
organization,rank,0.486328125,0.3592829406261444,6
ounces,ounces,0.0,-0.1299336552619934,6
owl,raven,0.3642578125,1.363309621810913,6
packing,riding,1.90447998046875,1.3517990112304688,6
paint,paint,0.0,0.566720724105835,6
painting,poetry,0.4485931396484375,-0.8184366226196289,6
pale,sickly,3.1572265625,1.3166999816894531,6
pale,veiny,0.982421875,3.0501294136047363,6
pant,stand,-5.779296875,-2.446964740753174,6
parliamentary,political,3.287109375,0.5969491004943848,6
parliamentary,presidential,3.826171875,0.016135185956954956,6
passwords,usernames,-1.880859375,-0.02952149510383606,6
penniless,ugly,-5.2578125,0.5293765068054199,6
perch,suckers,-2.5673828125,-3.593078851699829,6
perplexity,trouble,0.5274467468261719,-2.378788948059082,6
plant,sow,-0.4296875,0.5679714679718018,6
plaques,tangles,-1.88671875,-0.3341453969478607,6
plasters,weights,0.680419921875,0.04542633891105652,6
plates,spoons,1.7968673706054688,0.9509463310241699,6
plates,utensils,0.9108734130859375,1.6388731002807617,6
plays,poetry,-6.382049560546875,-2.970919132232666,6
poetry,sports,-0.1870574951171875,1.4977830648422241,6
poetry,wit,4.201080322265625,1.5440940856933594,6
poke,pull,-3.1943359375,-1.1986851692199707,6
political,political,0.0,-0.7717899084091187,6
political,religious,-0.298828125,-1.791133165359497,6
pray,wait,-3.251953125,-0.29829469323158264,6
precious,round,-2.90234375,-3.7306058406829834,6
pressors,volume,4.55859375,-1.3041081428527832,6
profitable,reasonable,-1.11181640625,0.30629366636276245,6
prolonged,searching,-2.7592391967773438,0.38973268866539,6
pronunciation,tones,-1.1168746948242188,0.7144472002983093,6
protective,strong,-0.748046875,-2.2241883277893066,6
prussian,russian,1.645111083984375,1.2689837217330933,6
publish,write,-0.8599166870117188,0.5474148988723755,6
pumping,pumping,0.0,-0.3381180465221405,6
pushed,pushed,0.0,-0.45127466320991516,6
ranks,species,2.568603515625,0.6618699431419373,6
recharged,reused,3.208984375,0.3267572820186615,6
reefed,stowed,2.4627761840820312,-0.7785277366638184,6
refreshment,repose,-0.22412109375,-0.44746145606040955,6
regional,school,-2.71539306640625,-2.768268346786499,6
religious,sports,-2.474609375,0.19589278101921082,6
remarried,reneged,2.0924072265625,0.8263843059539795,6
repose,shelter,-6.3857421875,-2.761833429336548,6
rescue,search,-2.46875,-0.7257328033447266,6
resting,working,-0.7314453125,-1.8597280979156494,6
rhythmic,symmetrical,1.6930465698242188,-0.5871274471282959,6
rings,sounds,-2.1357421875,4.121760845184326,6
rise,spring,0.96875,-0.6003656387329102,6
rites,symbolisms,0.359619140625,0.9212571382522583,6
rock,soil,-0.3515625,1.2758700847625732,6
rock,thicket,2.36865234375,1.3252403736114502,6
rocky,tangled,2.862548828125,1.0714633464813232,6
rolls,rolls,0.0,-0.0579620897769928,6
rooms,rooms,0.0,-0.030938416719436646,6
round,round,0.0,0.4904579818248749,6
round,strong,-3.017578125,2.0985069274902344,6
rounder,rounder,0.0,0.5976771116256714,6
rubber,wool,-2.15625,0.24643069505691528,6
russian,swedish,-1.2454338073730469,-0.47115418314933777,6
russian,yiddish,1.1396484375,0.2607758641242981,6
sacred,secret,-2.19140625,-1.7822301387786865,6
sagacity,wit,-1.123016357421875,-0.13950756192207336,6
savages,unintelligent,1.8172607421875,1.9823110103607178,6
sea,shore,-5.07421875,-1.3556442260742188,6
searched,searched,0.0,0.27914103865623474,6
searching,searching,0.0,-0.45710089802742004,6
secret,wrong,0.4921875,0.5314310789108276,6
seeded,unseeded,-3.419952392578125,0.037488460540771484,6
ships,shore,-4.072265625,2.0202932357788086,6
ships,troops,-2.640625,0.1542210876941681,6
shook,shook,0.0,-0.13292565941810608,6
shopping,sunbathing,-3.330078125,0.09335681796073914,6
shrank,swelled,-0.6314697265625,-1.7311409711837769,6
shrill,unpleasant,3.780498504638672,0.6501094102859497,6
silence,solitude,2.345703125,0.8968769311904907,6
silk,tea,-1.9931640625,-1.3177850246429443,6
sinks,toilets,-0.8197021484375,-0.9569907188415527,6
slept,slept,0.0,0.01699945330619812,6
soaked,swollen,1.08563232421875,-0.2349943220615387,6
somewhat,thoroughly,-0.94140625,-0.8497085571289062,6
sounds,sounds,0.0,-0.6231353282928467,6
south,south,0.0,0.12762805819511414,6
sprightly,strong,0.41015625,-1.419960618019104,6
squatting,thrusting,-0.5061702728271484,0.11021944880485535,6
stand,stand,0.0,0.6723027229309082,6
stand,wait,3.103515625,3.6600193977355957,6
stately,strong,0.71875,-2.4267799854278564,6
stay,stay,0.0,-2.2027199268341064,6
stay,think,3.875,-0.11534050107002258,6
stops,thinks,3.48828125,2.677589178085327,6
streets,streets,0.0,-0.4176624119281769,6
strong,successful,2.923828125,0.4793677031993866,6
strong,swift,1.912109375,-1.1510794162750244,6
strong,tight,0.10546875,0.39065858721733093,6
strong,tyrannous,-0.49072265625,1.4231020212173462,6
strong,unusual,0.794921875,-0.2919822037220001,6
stronger,stronger,0.0,0.1974652111530304,6
sullenly,unwillingly,-2.54833984375,1.9270575046539307,6
sunsets,tea,-1.7802734375,-1.2430520057678223,6
suspicious,wondering,4.19232177734375,1.2726759910583496,6
sympathize,understand,-2.236083984375,0.34226492047309875,6
think,think,0.0,0.043240875005722046,6
think,wait,-4.619140625,-2.5438201427459717,6
thoroughly,vigorously,1.204559326171875,1.9735877513885498,6
trial,tribulations,-0.67578125,0.3383689820766449,6
trial,trouble,-2.25,-0.2549462616443634,6
turkey,vegetables,4.4542236328125,1.762561559677124,6
turn,turn,0.0,0.2488747537136078,6
twos,twos,0.0,0.39370957016944885,6
uglier,uglier,0.0,0.36294305324554443,6
understand,write,-0.505859375,-0.27678021788597107,6
unhumanized,untamed,0.48828125,1.7462811470031738,6
unknowable,unknown,-3.005859375,-1.438399314880371,6
vigorously,wrong,-4.33544921875,-1.2813541889190674,6
wait,wait,0.0,-1.5960487127304077,6
waking,watching,1.25732421875,0.7448465824127197,6
weights,widths,3.0439453125,-0.9022164344787598,6
wondering,wondering,0.0,-0.11672213673591614,6
working,working,0.0,-0.881319522857666,6
years,years,0.0,-0.31752297282218933,6
abandoned,old,-1.2100143432617188,-3.4205892086029053,7
acres,acres,0.0,-0.24892857670783997,7
activity,eagerness,-0.355224609375,-0.937808632850647,7
activity,life,-3.7734375,-3.070678949356079,7
addiction,overdose,1.12890625,0.26825857162475586,7
adult,child,-1.6015625,1.3622782230377197,7
adult,children,-4.375,0.9075360298156738,7
advanced,brightened,4.21533203125,-0.6008838415145874,7
advertising,marketing,0.5191650390625,0.05095277726650238,7
agony,fear,-0.18701171875,-0.6098660230636597,7
air,light,-0.408203125,0.3465956151485443,7
algerian,moroccan,-0.1494140625,0.17807158827781677,7
aloes,euphorbias,0.1181640625,0.40500661730766296,7
ambitious,worldly,-1.2684326171875,-0.7358897924423218,7
ammunition,bombs,-3.921630859375,-0.33403894305229187,7
ammunition,weapons,-2.1149139404296875,-0.9337184429168701,7
ammunitions,weapons,-2.16259765625,-0.7358188629150391,7
amuse,interest,-2.0703125,-1.259158730506897,7
anatomy,morphology,-4.1368408203125,-0.20813092589378357,7
antisemitic,nationalist,1.36083984375,-0.26025792956352234,7
anus,urogenital,-2.748046875,-0.7020233869552612,7
asked,blushed,-6.48828125,-3.4913899898529053,7
assault,robbery,4.140869140625,0.46403101086616516,7
assured,final,-0.5859375,0.9352767467498779,7
attentively,gravely,0.05677032470703125,-1.6794590950012207,7
autos,carriages,-1.567474365234375,-1.0424877405166626,7
bags,purses,2.47802734375,1.699172019958496,7
balanced,benign,1.94287109375,0.3408057987689972,7
ballets,operas,-1.4326171875,2.362541675567627,7
barriers,queries,-4.4803466796875,-0.40286460518836975,7
bearer,flag,-0.0908203125,-0.939319372177124,7
bedraggled,desperate,1.333984375,1.9824104309082031,7
bedraggled,soiled,0.068603515625,0.6806021928787231,7
belgian,dutch,-1.56414794921875,-0.07078894972801208,7
belgian,moroccan,0.68505859375,-0.3156350553035736,7
bent,cramped,2.3006591796875,-0.5931307077407837,7
bent,old,-5.287109375,-2.8033857345581055,7
bent,worn,-0.240234375,-0.5050592422485352,7
billeting,orientation,-1.448974609375,0.19027820229530334,7
biology,genetics,1.592041015625,-0.2559967637062073,7
bittersweet,milk,-1.138671875,-2.674515724182129,7
blabbing,tattling,4.8173828125,-0.3598334491252899,7
blind,cruel,1.5390625,2.151740074157715,7
blind,helpless,1.56982421875,0.8388651609420776,7
blind,old,-1.6015625,-1.5050005912780762,7
blind,vague,-2.375,0.7562748193740845,7
bloating,pain,-0.693359375,-1.093877911567688,7
blossoms,herbs,-0.763916015625,-0.3972328007221222,7
blowing,blowing,0.0,-0.0733594000339508,7
blowing,spitting,3.337890625,1.591224193572998,7
blustering,rollicking,0.904296875,-0.32233527302742004,7
blustering,wild,-0.59326171875,-0.2447943389415741,7
boast,brag,-2.185302734375,-0.11752438545227051,7
bombs,revolution,2.30517578125,0.46104076504707336,7
bombs,rowdies,-0.04901123046875,0.11130496859550476,7
bombs,weapons,-0.7880859375,0.3708055317401886,7
bones,flesh,-2.3857421875,-1.3796331882476807,7
bones,organs,2.09765625,0.9641523361206055,7
bones,skeleton,2.83349609375,-0.39255037903785706,7
bones,skin,1.138671875,-0.7863161563873291,7
bows,buckles,1.34521484375,-1.0446062088012695,7
bragged,bragged,0.0,0.6192166805267334,7
bribery,extortion,-2.987518310546875,0.646836519241333,7
bribery,promises,-1.294921875,1.0788235664367676,7
bribes,promises,0.03857421875,1.8909438848495483,7
brisk,light,3.03326416015625,0.9868584871292114,7
bromides,iodides,3.7060546875,0.6025408506393433,7
bronchitis,scabies,3.2578125,-0.5702729225158691,7
brush,grass,-0.109375,-0.5732108354568481,7
brush,poles,0.67578125,0.43885400891304016,7
bucked,roared,-0.31817626953125,-0.20790144801139832,7
bulletproof,tactical,2.624267578125,0.33605706691741943,7
bushels,bushels,0.0,-0.19887277483940125,7
bushes,grass,-2.693359375,0.7946243286132812,7
bushes,thorns,0.381103515625,0.9495985507965088,7
businesses,citizens,-1.6474609375,0.16528406739234924,7
businesses,colonies,2.135009765625,0.2902098298072815,7
businesses,properties,-0.86328125,1.3966878652572632,7
butlers,sex,2.703125,0.642287015914917,7
calculated,deliberate,-1.731201171875,-0.23140206933021545,7
calm,deadly,2.5712890625,0.2753928601741791,7
calm,delightful,-1.7548828125,0.07970860600471497,7
calm,light,0.36328125,1.266365647315979,7
calm,quiet,1.798828125,-0.20376211404800415,7
calm,sedate,1.47265625,1.2668938636779785,7
calm,stability,2.02734375,1.020957112312317,7
calm,sunshine,0.365234375,-0.6266323328018188,7
canons,statutes,0.53515625,0.1309995949268341,7
carefulness,indifference,1.064208984375,1.0814497470855713,7
carriages,motorcars,1.2947998046875,1.2531075477600098,7
cart,harness,-0.84130859375,-1.2164214849472046,7
cases,casks,-0.8873291015625,0.14849594235420227,7
cases,complaints,3.3359375,0.1917644441127777,7
cases,presses,2.9140625,0.2821703851222992,7
caught,kept,6.802734375,1.2685158252716064,7
celebrate,drink,-0.2474365234375,-0.8408870697021484,7
central,large,-2.548828125,-0.47224530577659607,7
charabancs,charabancs,0.0,-0.5944836139678955,7
cheapest,easiest,-0.322021484375,0.6690384149551392,7
chess,rugby,0.81134033203125,-0.26598599553108215,7
child,child,0.0,0.24788157641887665,7
children,gum,0.591796875,1.8628851175308228,7
children,hens,-3.5830078125,1.238065242767334,7
children,ladies,-3.857421875,0.8108402490615845,7
children,milk,-1.171875,1.4195845127105713,7
children,pensioners,-0.73779296875,1.231506586074829,7
children,substitute,-0.93798828125,1.0605998039245605,7
citizens,musicians,-2.73638916015625,1.0428978204727173,7
citronellol,geraniol,1.23828125,0.11812290549278259,7
civilians,warriors,-1.4139909744262695,0.5257745981216431,7
clapped,clapped,0.0,-0.32991519570350647,7
clapped,roared,1.1777191162109375,-0.3111032545566559,7
claws,legs,4.81787109375,-0.865867018699646,7
clinopyroxene,nepheline,4.1015625,0.4499196410179138,7
clues,criminals,1.33050537109375,-0.016534268856048584,7
clues,maps,2.5185546875,-0.06241992115974426,7
cockroackes,temites,2.05322265625,-0.6104841232299805,7
collectors,museums,4.15472412109375,-1.2299718856811523,7
concentrated,deliberate,-1.14276123046875,-0.19588154554367065,7
cones,tapes,-3.546356201171875,-0.7317874431610107,7
confined,insane,-5.251953125,-1.8169474601745605,7
connoisseurs,ladies,-3.166015625,-1.3311948776245117,7
contamination,pollution,1.01153564453125,0.23025767505168915,7
contradictory,vague,-2.6796875,-1.4221312999725342,7
convenient,large,-1.916259765625,-2.659884214401245,7
convenient,serious,-1.324462890625,-0.19970956444740295,7
copied,remembered,-2.7354736328125,0.07009604573249817,7
cornflakes,milk,-0.234375,-0.3093748390674591,7
courageous,old,-2.6953125,-3.4254586696624756,7
cower,shrink,-2.3857421875,-0.35828641057014465,7
crackled,glowed,2.397216796875,-0.6911143064498901,7
crackled,roared,1.62738037109375,-0.16419538855552673,7
crashing,crashing,0.0,-0.13834241032600403,7
crashing,thudding,0.214111328125,0.12363925576210022,7
creepy,impressive,0.41278076171875,0.7053544521331787,7
crime,drugs,-0.224609375,0.4452918469905853,7
crime,sex,1.216796875,1.5873818397521973,7
criminality,hardship,-0.6943359375,0.6515554189682007,7
criminals,dungeons,0.764678955078125,0.7207825183868408,7
criminals,thieves,0.203765869140625,-0.43989071249961853,7
criminals,vagabonds,0.5214805603027344,0.9287235736846924,7
crops,harvest,1.37158203125,0.46316054463386536,7
crops,properties,1.108917236328125,1.1321614980697632,7
crossness,meddling,0.435546875,0.36789846420288086,7
cruel,disastrous,-0.34088134765625,0.9206308126449585,7
cruel,envious,0.703369140625,0.6346161365509033,7
cruel,inconceivable,1.4974365234375,-0.25584232807159424,7
cruel,paranoid,-0.8865966796875,0.26686784625053406,7
cruel,stormy,1.45166015625,-0.7913110256195068,7
cruel,wasteful,0.01953125,0.13189145922660828,7
cruel,wild,-0.236328125,-0.8637162446975708,7
curiosity,eagerness,3.1627097129821777,-0.14272379875183105,7
curiosity,interest,-1.3126602172851562,0.03934617340564728,7
curiosity,pain,0.8834075927734375,-0.18944051861763,7
currently,formerly,-0.29547119140625,-0.5441372394561768,7
curtsy,smile,-6.54345703125,-0.5674949884414673,7
dainty,particular,2.5989990234375,0.7478249073028564,7
dainty,soft,-2.1259765625,-1.9720799922943115,7
danced,sang,-0.4963951110839844,-0.3567536175251007,7
deliberate,mock,-1.9296875,-0.2941565215587616,7
deliberated,sat,1.31884765625,-1.1615662574768066,7
delightful,generous,3.2200927734375,1.9257667064666748,7
delightful,quiet,1.55078125,0.1398625671863556,7
deliverance,guidance,0.0083465576171875,0.17449060082435608,7
demandingly,harshly,2.957763671875,-0.6473381519317627,7
democracy,socialism,-1.0643310546875,0.43374285101890564,7
dental,vision,-3.212890625,0.9627971649169922,7
depressed,quiet,0.62939453125,-2.821551561355591,7
depressed,uneasy,-1.57421875,-0.6008286476135254,7
desolation,woe,1.29052734375,-1.4316800832748413,7
despatch,ease,-3.361328125,-0.1124812662601471,7
desperate,disorganized,2.104736328125,0.7919440269470215,7
destiny,life,-2.07421875,-0.6235476732254028,7
destiny,vision,-1.896484375,0.4619276821613312,7
dialogues,fugues,-0.25421142578125,0.023548096418380737,7
differences,resemblances,-0.93536376953125,-1.2705985307693481,7
differences,variations,-0.5746526718139648,-0.754299521446228,7
discovered,mined,4.29864501953125,0.6392790675163269,7
discussions,meetings,-5.03466796875,-0.5696725845336914,7
diseases,genetics,-4.850841522216797,-0.801213264465332,7
diseases,viruses,1.675241470336914,1.4449301958084106,7
disheveled,wild,-5.7769775390625,-2.6853725910186768,7
displayed,stored,-1.284515380859375,-0.25090843439102173,7
displays,exhibits,4.0511474609375,0.37456825375556946,7
dissolute,idle,-4.234619140625,0.9465686082839966,7
distributed,versioned,-3.423828125,1.373394250869751,7
drama,satirical,1.818359375,0.8624542951583862,7
dread,eagerness,1.3389892578125,0.8876330852508545,7
dread,fear,2.3515625,-0.12602928280830383,7
dreamless,drugged,7.339691162109375,0.4804823100566864,7
dress,jewellery,2.3282470703125,-0.6715246438980103,7
dress,talk,0.982421875,2.266085386276245,7
dress,towel,-0.716796875,-1.1023759841918945,7
drink,drugs,-1.240234375,-1.74821937084198,7
drink,sail,1.423828125,0.09794846177101135,7
drink,smile,0.20703125,-1.645690679550171,7
drink,talk,-0.1640625,0.20453879237174988,7
driven,tugged,-0.96826171875,-1.991011619567871,7
drugs,homelessness,4.05908203125,0.09414017200469971,7
drugs,sex,1.1328125,1.825522780418396,7
drugs,weapons,-0.3359375,-0.31243041157722473,7
duck,squash,1.302734375,3.3286867141723633,7
dutch,english,0.12109375,0.8696461915969849,7
eachother,nature,0.513671875,-0.12251242995262146,7
eagerness,exultation,2.002685546875,0.9493052959442139,7
eagerness,regret,0.43609619140625,0.5618751049041748,7
earthquakes,tornadoes,0.7775344848632812,0.2979342043399811,7
earthquakes,volcanoes,2.128631591796875,0.5005441904067993,7
ease,quiet,1.39892578125,-1.1085461378097534,7
economic,environmental,0.6320343017578125,0.4086202085018158,7
editing,writing,-0.162109375,-1.2510502338409424,7
egoistic,inflexible,-0.9840087890625,0.75812828540802,7
enabling,enabling,0.0,0.12331391870975494,7
engineers,physicists,-0.3079833984375,-0.5587321519851685,7
english,italian,-0.55078125,1.246528148651123,7
epilepsy,schizophrenia,-2.257080078125,0.5779247283935547,7
erm,fertile,-5.1474609375,-1.8712773323059082,7
erm,revolution,-1.9609375,-1.5230207443237305,7
erm,talk,-5.841796875,-1.3546597957611084,7
erm,weight,-4.435546875,-2.5576510429382324,7
ever,ever,0.0,0.1608785092830658,7
ever,forever,-3.6357421875,-0.277838796377182,7
evildoers,murderers,-6.8739471435546875,-0.43450799584388733,7
excited,hysterical,-0.787841796875,1.153779149055481,7
excited,irritable,1.6806640625,2.0790328979492188,7
excited,large,-4.962890625,-2.2912087440490723,7
excited,pleased,0.66796875,1.41847825050354,7
excited,wild,-2.263671875,1.0519129037857056,7
excited,wise,-3.4873046875,0.006580084562301636,7
exhibits,papers,-1.095703125,-2.149275302886963,7
exhibits,sales,-3.0576171875,-0.5651506185531616,7
experienced,old,-0.727783203125,-3.2381575107574463,7
experienced,wise,-8.66729736328125,-2.4704086780548096,7
expression,feeling,2.95703125,0.8105370998382568,7
expression,spirit,0.41796875,-0.5090987682342529,7
extravagant,wasteful,1.8538818359375,-0.06897810101509094,7
fear,fury,0.6240234375,1.0245563983917236,7
fear,indignation,1.88861083984375,1.031324863433838,7
fear,pain,0.9951171875,0.05816158652305603,7
feathered,furry,0.8031005859375,-1.5347102880477905,7
feeling,life,-5.16015625,-3.052661895751953,7
fertile,populous,-2.017822265625,-0.6985695362091064,7
final,forth,5.80078125,-1.1449155807495117,7
final,fourth,-5.62060546875,-2.286720037460327,7
flag,streamer,-2.5234375,1.1138955354690552,7
flat,large,-2.3955078125,-1.1049174070358276,7
flat,sandy,0.8583984375,1.6440476179122925,7
flesh,flesh,0.0,-0.08542540669441223,7
fluorescence,ionization,0.5986328125,1.7090420722961426,7
folktales,legends,1.1871814727783203,-0.05329783260822296,7
forever,forever,0.0,0.37203410267829895,7
forever,once,0.62890625,1.3226697444915771,7
formality,legality,1.1845703125,-0.9472659826278687,7
fourth,only,6.65625,4.355390548706055,7
fructose,glucose,-5.357356071472168,-0.6422696113586426,7
fuller,fuller,0.0,0.13587671518325806,7
fuller,higher,-1.03125,-1.0891590118408203,7
furry,soft,-5.328369140625,-1.252880573272705,7
fury,pain,0.669921875,-1.8385951519012451,7
fury,sound,-0.8603515625,-1.5662508010864258,7
garrulous,italian,-0.34375,-0.8328423500061035,7
generous,large,-4.4920654296875,-3.1550137996673584,7
generous,sportsmanlike,3.583740234375,-1.5040404796600342,7
generous,virtuous,-1.255340576171875,0.08452612161636353,7
gin,sex,-1.486328125,-1.2625293731689453,7
glad,lightsome,1.84375,1.3483948707580566,7
globalisation,imperialism,0.628204345703125,0.3601415157318115,7
globalisation,industrialisation,2.1928634643554688,0.19084489345550537,7
gradually,irregularly,-1.5731353759765625,0.5180834531784058,7
grammar,words,-1.408447265625,-0.17028167843818665,7
grass,hay,-1.1103515625,-1.6646928787231445,7
grasses,herbs,-0.2724609375,1.3587747812271118,7
grasses,sedges,0.9482421875,0.512239933013916,7
grit,spirit,1.201171875,-1.0008710622787476,7
growling,growling,0.0,-0.6364363431930542,7
growling,grunting,1.16064453125,1.3882265090942383,7
growling,snarling,-0.542633056640625,0.9409401416778564,7
growly,raspy,-2.4970703125,0.941989541053772,7
grunting,straining,2.65771484375,0.29913318157196045,7
grunts,shouts,1.119598388671875,-0.5541120767593384,7
grunts,sighs,-2.3524169921875,-0.08438485860824585,7
guitar,keyboards,4.475044250488281,-0.37442746758461,7
habit,instinct,0.8179931640625,0.1017063558101654,7
hacking,stealing,0.259765625,1.130067229270935,7
hardship,pain,-1.02197265625,-1.4915051460266113,7
harshly,unjustly,1.383056640625,1.46858549118042,7
haughty,imperious,5.119781494140625,1.1510581970214844,7
haughty,pompous,0.298583984375,-0.1915847659111023,7
healthcare,hospitals,0.27341461181640625,1.6602482795715332,7
hear,obey,0.921630859375,0.9318901300430298,7
hear,talk,2.029296875,-0.147007018327713,7
helpless,ignorant,2.4814453125,0.7264927625656128,7
herbs,perfumes,-0.4521484375,0.11871610581874847,7
higher,higher,0.0,-1.1156729459762573,7
higher,hotter,3.24609375,-0.8906700611114502,7
hoed,hoed,0.0,-0.24561241269111633,7
hospitals,hostels,-0.5333595275878906,0.6219408512115479,7
hotter,hotter,0.0,-0.4211966097354889,7
hovels,palaces,0.8486328125,-0.05501320958137512,7
huge,influential,4.68359375,2.5829498767852783,7
huge,unexpected,-3.408111572265625,2.8535749912261963,7
humor,spirit,0.4921875,-1.2737245559692383,7
humor,words,-3.4658203125,-1.6179955005645752,7
hurrahs,shouts,-3.5593719482421875,-1.0293900966644287,7
hurried,unconnected,-6.481201171875,2.284510612487793,7
idle,ignorant,2.31744384765625,0.49127480387687683,7
ignorant,laughable,-0.35040283203125,-0.11856269836425781,7
ignorant,wild,-3.882476806640625,-1.1627558469772339,7
inclusive,pragmatic,-0.94134521484375,-1.2942144870758057,7
indirect,vague,-5.2689208984375,-1.347926139831543,7
individual,mine,-3.099609375,-1.0330774784088135,7
influential,large,-1.3837890625,-2.910735607147217,7
insinuating,soft,-7.123046875,-3.97709059715271,7
instruments,themes,0.07464146614074707,-0.8447110652923584,7
interest,life,-3.869140625,-1.6324862241744995,7
iranian,islamic,1.65771484375,0.02989894151687622,7
iranian,persian,0.4197998046875,0.036976516246795654,7
islamic,nationalist,-0.400390625,0.18925538659095764,7
jounces,jounces,0.0,0.36216622591018677,7
kicking,rearing,3.6044921875,1.1636030673980713,7
kicking,scrambling,0.5199508666992188,0.16313126683235168,7
kill,torture,0.767578125,-1.1574044227600098,7
knotty,large,-1.0400390625,-1.7378625869750977,7
kurdish,turkish,-2.211090087890625,0.45408469438552856,7
lady,monkey,1.6171875,1.1144226789474487,7
language,region,0.140625,1.8628824949264526,7
language,words,-2.0159912109375,-0.030542999505996704,7
large,larger,1.087890625,1.707958698272705,7
large,quiet,3.83984375,3.2462611198425293,7
large,ripe,2.5361328125,1.359664797782898,7
large,scenic,0.2734375,2.6219589710235596,7
large,selected,0.00390625,3.4134395122528076,7
large,staring,2.83203125,3.543447256088257,7
large,variegated,0.41845703125,1.7536405324935913,7
large,wavy,2.55078125,1.2428581714630127,7
large,woolly,4.04248046875,2.1044533252716064,7
larger,larger,0.0,-0.039300113916397095,7
laughable,pathetic,-1.1898231506347656,-0.4068123400211334,7
leadership,ownership,-1.93341064453125,0.5035479068756104,7
leadership,tactical,-1.260009765625,0.20736035704612732,7
lean,tall,3.58984375,-2.328183889389038,7
leisure,means,5.148212432861328,2.451387643814087,7
liberty,life,-1.642578125,-0.8295383453369141,7
life,light,4.181640625,2.322568655014038,7
life,nature,-0.431640625,1.5841913223266602,7
life,quickness,1.28515625,1.0149227380752563,7
life,spirit,0.74609375,1.871720790863037,7
life,substance,2.1162109375,1.3602471351623535,7
light,queer,-1.7841796875,-2.1702497005462646,7
light,room,-0.74609375,-1.7577353715896606,7
light,sound,1.986328125,-0.047350913286209106,7
light,sunshine,1.6318359375,-1.4896897077560425,7
light,varying,3.4183349609375,1.3993009328842163,7
light,woolly,-0.53515625,1.3637343645095825,7
lists,maps,-1.953125,0.4044381082057953,7
lithium,risperidone,-1.6103515625,0.22758856415748596,7
lordly,tall,-0.458984375,-2.584451913833618,7
maintaining,writing,-0.3878173828125,-1.8286314010620117,7
maps,papers,0.85546875,-2.2031116485595703,7
marshland,meadow,4.759765625,0.7502926588058472,7
masterless,wretched,2.0032958984375,0.2044946849346161,7
masters,monks,1.1162109375,0.7103918790817261,7
medicinal,vegetable,-1.310302734375,-1.2910257577896118,7
members,stewards,1.162109375,-0.3622083365917206,7
menopausal,old,-4.328125,-1.250053882598877,7
metaphorically,poetically,2.5537109375,-1.0316011905670166,7
mine,mine,0.0,-0.06554874777793884,7
mine,thine,-0.0068359375,0.7938271760940552,7
moaning,sleepless,-0.54638671875,-1.2315399646759033,7
morally,spiritually,-0.8603515625,0.5855917930603027,7
moroccan,turkish,-1.5902099609375,-0.215081125497818,7
mortification,pain,-0.72119140625,-1.0956190824508667,7
mortification,regret,-1.361572265625,0.25586268305778503,7
muddy,sandy,0.23974609375,0.6233072876930237,7
muddy,soft,-2.77783203125,-1.4509598016738892,7
murderers,thieves,0.9690170288085938,0.14807069301605225,7
musicians,singers,0.39031982421875,-0.04623737931251526,7
mutinous,sulky,-4.12841796875,-0.3907678425312042,7
mutual,spatial,-0.5048828125,0.12001463770866394,7
nails,twine,0.6123046875,0.964056134223938,7
niggardly,stingy,-0.6611328125,0.10555505752563477,7
oceans,rivers,1.02874755859375,-0.5453721284866333,7
offerings,sacrifice,-1.0251235961914062,1.1054208278656006,7
often,often,0.0,0.3193732798099518,7
old,seasoned,9.03125,3.4491989612579346,7
old,senile,1.119140625,2.724299430847168,7
old,unsure,0.71484375,4.2149553298950195,7
old,wise,2.41015625,2.3472654819488525,7
old,worn,3.32421875,3.2521653175354004,7
once,once,0.0,-0.4702155888080597,7
orchestra,singers,2.388824462890625,0.009968698024749756,7
organs,skin,-3.3962326049804688,-2.4188735485076904,7
packed,strapped,0.9149017333984375,0.6250028610229492,7
paddled,rowed,-2.9984397888183594,-0.42401430010795593,7
pain,regret,-0.390625,-0.2257850468158722,7
pain,torture,0.48876953125,0.8679691553115845,7
pain,weight,1.5048828125,-0.42625340819358826,7
paintings,sculptures,2.6629295349121094,0.8879590034484863,7
pastures,rivers,-0.236328125,-1.136662244796753,7
pathological,physiological,-2.07763671875,-0.9020283222198486,7
peritoneal,subdural,2.32421875,-0.09875404834747314,7
persian,purple,-0.490234375,0.4297580420970917,7
persian,turkish,3.51812744140625,0.16818153858184814,7
pierced,punctured,-1.154541015625,-0.23054704070091248,7
pilgrims,traders,-1.1715278625488281,0.25731807947158813,7
pinioned,shackled,-0.0351715087890625,0.07389631867408752,7
pirut,pup,2.58203125,0.7213302850723267,7
pitted,scarred,1.07421875,0.6138231754302979,7
places,rivers,-0.0888671875,-2.747514009475708,7
planters,traders,3.65869140625,0.5966757535934448,7
playing,playing,0.0,0.8939820528030396,7
plucky,quiet,1.61572265625,-1.117624282836914,7
plump,tall,-1.57421875,-2.6721677780151367,7
polluting,toxic,2.0872802734375,-0.30332452058792114,7
practice,practice,0.0,1.0406309366226196,7
practice,prescription,-1.9715576171875,0.36671149730682373,7
progress,stability,-1.484375,-0.7376590967178345,7
progress,weight,0.220703125,-1.5471609830856323,7
purse,sword,1.275390625,1.8761690855026245,7
quiet,reputable,-0.9111328125,2.388251781463623,7
quiet,reserved,1.279296875,1.6600557565689087,7
quiet,restful,-2.171875,1.2801536321640015,7
quiet,soft,-1.92578125,-2.7752163410186768,7
quiet,wild,-0.7578125,0.83912193775177,7
quietly,subtly,-1.298828125,2.379161834716797,7
rifle,shotgun,0.8095703125,2.717122793197632,7
riflebirds,sicklebills,1.5665054321289062,0.44956862926483154,7
sail,sail,0.0,0.0024461746215820312,7
sang,sang,0.0,-0.3613646328449249,7
scarred,worn,-1.72265625,-0.030977457761764526,7
serious,unexpected,7.5615234375,1.072084903717041,7
serious,wise,-2.0009765625,-1.6275544166564941,7
shouts,sound,2.925537109375,-0.043980926275253296,7
shouts,trills,3.5641937255859375,0.5794599652290344,7
sights,sights,0.0,0.021598130464553833,7
signification,signs,-1.09375,-0.804712176322937,7
signs,words,4.693359375,-0.38877061009407043,7
simplified,simplistic,3.909221649169922,-0.2815553843975067,7
skinny,tall,-3.453765869140625,-1.932293176651001,7
smell,sound,0.35546875,0.3149636685848236,7
smell,vision,-1.017578125,0.18634575605392456,7
smile,smile,0.0,0.47923657298088074,7
smile,talk,3.255859375,2.3932628631591797,7
snarling,spitting,-0.12744140625,1.0340911149978638,7
snarling,underhanded,-1.2861328125,0.7522772550582886,7
soft,tall,-0.31396484375,0.629464864730835,7
soft,wavy,1.716796875,2.012810468673706,7
soft,woolly,4.9951171875,3.1273248195648193,7
soiled,thumbed,-0.3701171875,-0.5452582836151123,7
solidarity,subsidiarity,-0.633453369140625,1.2106581926345825,7
sound,visibility,0.732421875,-0.8412207365036011,7
sparkled,widened,-2.07061767578125,-0.1855545938014984,7
specially,symbolically,2.7700462341308594,0.39744484424591064,7
splashed,tugged,1.4931182861328125,-0.8262006044387817,7
staring,wild,-2.12109375,0.2329373061656952,7
storm,sunshine,-1.1142578125,-0.8088951110839844,7
strawberry,strawberry,0.0,0.5905253887176514,7
syrup,tar,-1.60784912109375,0.3727289140224457,7
talk,talk,0.0,0.6214303970336914,7
tall,weight,5.267578125,2.8395040035247803,7
tugged,tugged,0.0,-0.18611261248588562,7
uneasy,wretched,-0.7045135498046875,-0.5308264493942261,7
unexpected,unwelcome,0.8448486328125,-0.0148487389087677,7
unloaded,unsaddled,2.0301513671875,0.0728364884853363,7
vague,woolly,4.548828125,0.22145268321037292,7
verses,words,-1.011474609375,-1.0313622951507568,7
wavier,wavier,0.0,0.13735367357730865,7
wild,woolly,2.4295654296875,1.3782219886779785,7
wild,wooly,4.296875,1.140550136566162,7
xxx,xxx,0.0,0.20892295241355896,7
ability,determination,1.109130859375,0.8999063372612,8
abort,miscarry,0.58984375,0.11519907414913177,8
aboyne,called,-2.93359375,1.889428734779358,8
absolutely,wholeheartedly,-1.498291015625,-1.900187373161316,8
acid,alkali,4.6025390625,0.6236294507980347,8
actress,comedian,-4.6513671875,1.4675168991088867,8
acute,earnest,1.1484375,0.07738076150417328,8
administrative,business,-0.8076171875,-1.5355769395828247,8
administrative,territorial,2.5665054321289062,0.11188606917858124,8
aged,feeble,2.4774169921875,1.7038987874984741,8
aged,hungry,1.20703125,1.6713703870773315,8
aged,infirm,3.89453125,3.6349258422851562,8
aid,grant,1.01953125,-0.3035290837287903,8
alertness,power,1.96875,-0.21792559325695038,8
alive,beautiful,4.87109375,0.25237083435058594,8
alive,brilliant,-0.935546875,-0.014288738369941711,8
alive,sharp,3.509765625,0.21574781835079193,8
alive,unharmed,3.25408935546875,2.2209017276763916,8
alive,whole,2.42578125,2.0467467308044434,8
amantadine,rimantadine,-3.813140869140625,-0.3540421724319458,8
anarchic,unpredictable,-3.48876953125,-0.3366546034812927,8
anarchist,communist,-8.3648681640625,-0.16580407321453094,8
angels,demons,-0.2686614990234375,0.6034963130950928,8
apologies,lies,1.556396484375,-0.466935396194458,8
apologies,surprise,-2.379669189453125,-1.7067815065383911,8
apologies,thanks,1.2935104370117188,-0.3583131432533264,8
appeal,fortrial,1.2459716796875,-1.9106312990188599,8
appearance,function,4.953125,0.7185434699058533,8
appearance,functionality,2.64453125,0.2561216354370117,8
appearance,rigging,7.482421875,1.5478816032409668,8
applauded,laughed,-3.4219093322753906,0.049974218010902405,8
aristocrats,conservatives,1.230804443359375,-0.26121819019317627,8
art,business,0.4404296875,-0.1903335303068161,8
art,culture,-0.52734375,-0.5064210295677185,8
art,femininity,-0.15673828125,0.4016719460487366,8
art,poems,-0.0947265625,0.3859175443649292,8
art,power,2.978515625,0.9917737245559692,8
ascendancy,power,1.892578125,-1.2007964849472046,8
aspects,epithets,-3.3824462890625,-1.1938995122909546,8
astronomy,math,2.812744140625,-0.8340091109275818,8
autopsy,identification,-1.2174072265625,1.4992624521255493,8
babies,boys,2.6875,-0.47963351011276245,8
backpackers,climbers,-6.06494140625,-0.7498407959938049,8
ballrooms,hotels,-0.0487060546875,0.887699544429779,8
banksias,woodland,0.6630859375,-0.33067601919174194,8
barges,boats,-0.193359375,-1.4127228260040283,8
bearded,brown,-2.2578125,0.2161637395620346,8
beautiful,brilliant,0.224609375,-0.5154810547828674,8
beautiful,busy,1.55859375,0.13023273646831512,8
beautiful,carefree,-2.0673828125,0.2692360281944275,8
beautiful,foolish,0.19921875,0.3416035771369934,8
beautiful,great,-3.859375,-2.2360270023345947,8
beautiful,historic,0.197265625,-0.10657896101474762,8
beautiful,kind,2.26953125,2.766012668609619,8
beautiful,neat,0.84375,-1.4948424100875854,8
beautiful,rational,-0.486328125,1.010670781135559,8
beautiful,serene,-1.533203125,-0.5870347619056702,8
beautiful,shining,1.12109375,0.1311367005109787,8
beautiful,smart,-0.63671875,-1.3215572834014893,8
beautiful,young,-2.4453125,-2.876335859298706,8
beauty,happiness,0.103515625,-0.27753859758377075,8
beauty,health,-2.59375,0.23681549727916718,8
beauty,joy,-0.4638671875,0.21776887774467468,8
beauty,placability,-0.05078125,1.5957390069961548,8
beauty,rest,-1.025390625,0.8619604110717773,8
beauty,ugliness,-1.144287109375,1.0852710008621216,8
beg,beg,0.0,-1.4025222063064575,8
beg,cry,-2.681640625,-3.1654720306396484,8
behaves,interacts,2.55560302734375,0.239280566573143,8
beliefs,rules,-4.57623291015625,0.33582013845443726,8
belonging,unity,-2.2176513671875,0.529859185218811,8
belt,car,0.98828125,-0.6322837471961975,8
bile,lies,-3.541015625,-0.07827438414096832,8
biscuits,nuts,-0.0966796875,-0.608492910861969,8
biscuits,shortcake,2.353515625,0.027154281735420227,8
blast,damn,-0.515625,2.8465514183044434,8
bleaker,bleaker,0.0,0.5640814900398254,8
blew,blew,0.0,-1.1883169412612915,8
blinked,gasped,2.51019287109375,-0.244955375790596,8
boats,sails,1.931640625,0.9729027152061462,8
boats,shipping,3.4921875,3.3445959091186523,8
bodies,minds,-0.767578125,-0.5696537494659424,8
body,head,0.287109375,1.3535505533218384,8
body,limbs,-0.19140625,-0.044942691922187805,8
body,soul,2.955078125,-0.036170199513435364,8
boiled,bubbled,-2.223388671875,-0.2949814796447754,8
boiled,pounded,-1.787353515625,0.7192213535308838,8
boiling,evaporation,-0.790283203125,0.9269183278083801,8
boldness,unconcern,1.15673828125,2.381288528442383,8
bookplates,trademarks,2.3662109375,0.08406707644462585,8
boredom,disgust,-0.50390625,-0.6643422245979309,8
bounces,imitates,2.105194091796875,1.7507117986679077,8
bowls,cups,0.116455078125,-1.8937395811080933,8
boys,boys,0.0,-0.015542730689048767,8
boys,cooks,0.296875,-0.36930543184280396,8
boys,mother,-2.1650390625,-0.18647606670856476,8
boys,quarry,-2.1448974609375,0.42110490798950195,8
brick,glass,0.5673828125,-0.5336839556694031,8
brilliant,brown,-0.9609375,-0.6208440661430359,8
brilliant,striking,0.69482421875,1.0603235960006714,8
broken,empty,-2.1181640625,1.1419470310211182,8
broken,gnarled,0.53125,0.40370917320251465,8
broken,sharp,-2.9140625,-1.2263327836990356,8
bronze,brown,1.2705078125,-0.12380744516849518,8
brown,dry,0.1796875,0.47350722551345825,8
brown,juicy,3.416015625,1.2551134824752808,8
brown,kind,2.4453125,2.8489456176757812,8
brown,russet,0.95361328125,0.41513025760650635,8
brown,shining,2.078125,0.43924838304519653,8
bruising,scars,-1.0400390625,0.14905968308448792,8
brushing,rustling,-1.849609375,-2.188871145248413,8
brushing,washing,-4.6142578125,-0.6152799725532532,8
bubbles,dimple,3.826171875,0.7775465846061707,8
bubbles,oil,3.4560546875,-0.03727789223194122,8
bulkiest,heaviest,-4.00146484375,0.3631548285484314,8
bullwinkle,julia,1.060546875,-0.4074755907058716,8
business,fun,-0.25390625,1.2143737077713013,8
bustle,stir,4.01025390625,0.1342102438211441,8
caesium,thallium,2.0498046875,-0.2331363409757614,8
called,called,0.0,0.5364286303520203,8
called,stopped,-4.912109375,-2.49654483795166,8
callers,visitors,1.060546875,-0.5026324391365051,8
calling,calling,0.0,-1.1466935873031616,8
calling,laughing,-2.6015625,-3.3034276962280273,8
candles,pizza,-1.0565185546875,-1.0543802976608276,8
candles,ropes,-1.671875,-0.6736729741096497,8
cannibals,drunkards,-0.38226318359375,-0.22642789781093597,8
car,mother,2.3984375,1.323745608329773,8
car,pitcher,-0.7138671875,0.6064963936805725,8
car,watches,9.220703125,3.2670834064483643,8
carol,song,1.01953125,-0.34619206190109253,8
cartridges,cassettes,1.24609375,-0.1937454789876938,8
cells,organisms,4.03521728515625,0.37078773975372314,8
ceramics,glass,-1.11279296875,-2.053715229034424,8
ceramics,metals,0.13720703125,0.034241870045661926,8
changeable,unpredictable,0.70489501953125,0.6940784454345703,8
charismatic,pentecostal,-0.22412109375,0.562235414981842,8
chat,rest,-2.62109375,0.39719319343566895,8
chatting,greeting,-0.03564453125,0.4769194722175598,8
chatting,laughing,-0.439453125,-1.353490948677063,8
cheaper,divided,-1.005126953125,2.2947449684143066,8
cheep,stir,-0.515625,-1.7183425426483154,8
cheer,cheer,0.0,-0.0750693827867508,8
cheer,happiness,1.390625,-0.7708836197853088,8
cheer,shorten,1.10919189453125,-0.7316773533821106,8
cheery,helpful,-1.1749267578125,0.30769723653793335,8
cheery,soul,0.197265625,-0.8912927508354187,8
chicken,mushroom,5.8883056640625,1.672739863395691,8
chicken,potatoes,0.177734375,0.47783684730529785,8
chicken,waffles,0.5361328125,2.021174907684326,8
chink,daub,4.55078125,2.266383171081543,8
chocolates,sweets,-0.7322998046875,-1.5915876626968384,8
choky,little,0.328125,-2.354090690612793,8
clicking,rustling,-2.4443359375,-1.9103776216506958,8
clicking,scraping,-3.104665756225586,0.24971286952495575,8
coally,tom,0.01953125,-0.5447996258735657,8
commandant,syndic,3.825439453125,-0.8754475712776184,8
commandments,laws,-0.658203125,-0.6996200680732727,8
common,european,0.52734375,-0.4884602427482605,8
common,indubitable,-1.931640625,0.9990206360816956,8
common,silly,1.01953125,-0.8538336753845215,8
concluding,third,-2.760986328125,-2.477151870727539,8
condescension,patronizing,-6.34765625,-0.8820669054985046,8
consideration,honour,1.7149505615234375,0.28218549489974976,8
console,pity,2.1295623779296875,-1.6925638914108276,8
consternation,surprise,-0.748443603515625,-1.163767695426941,8
contact,separate,-1.76953125,1.5219296216964722,8
convex,discrete,-0.823974609375,-0.05093403160572052,8
courses,programs,0.0439453125,0.4656756520271301,8
crayfish,spiders,0.28955078125,0.30369293689727783,8
crazy,feeble,-0.6937255859375,-0.781731903553009,8
crazy,fun,-1.15234375,-0.8271204829216003,8
crazy,funny,-0.44921875,-1.7387689352035522,8
crazy,kinky,-0.349609375,-1.6377323865890503,8
crazy,silly,3.861328125,-1.5862717628479004,8
crippled,thief,-1.29541015625,-0.533774197101593,8
crossdisciplinarity,multidisciplinarity,4.34716796875,-0.9604337811470032,8
cry,cry,0.0,-0.4963369369506836,8
cry,fret,1.3388671875,0.29035377502441406,8
cry,mourn,1.943328857421875,-0.10331006348133087,8
cry,pout,-0.8359375,1.4411791563034058,8
culture,health,-0.1787109375,-0.07617349922657013,8
culture,laws,2.939453125,0.3646175265312195,8
culture,liberality,-2.66015625,0.1391506940126419,8
cups,pitcher,0.671875,0.09444847702980042,8
cups,saucers,3.6051101684570312,3.165397882461548,8
cursing,raving,-0.13385009765625,-0.0554533451795578,8
cursing,yelling,-1.756683349609375,-0.1414349228143692,8
daisies,heather,1.61865234375,-0.03416512906551361,8
dances,torches,0.275634765625,-0.9171498417854309,8
days,days,0.0,-0.3420812487602234,8
dearer,nearer,1.267578125,-1.3572181463241577,8
deeper,deeper,0.0,0.18357442319393158,8
delicious,juicy,-3.291259765625,0.7660313248634338,8
delicious,supple,6.1875,2.239320993423462,8
demons,dragons,3.183349609375,-0.8580942749977112,8
depressions,sinkholes,-0.9794921875,0.15722788870334625,8
deserted,empty,-2.283447265625,0.11654786765575409,8
deserters,refugees,1.487060546875,-0.08804015815258026,8
detergent,oil,-4.6328125,-1.5725435018539429,8
determination,resolution,0.7011489868164062,0.4327249526977539,8
determined,young,-3.109375,-4.653250217437744,8
dg,mother,-1.994140625,-1.108619213104248,8
dipped,dipped,0.0,0.08439360558986664,8
disappeared,failed,-2.87109375,1.9010310173034668,8
disappeared,passed,1.439453125,-0.10985375940799713,8
discouragement,toil,-2.95550537109375,0.6629075407981873,8
discovery,exploration,2.79705810546875,0.926674485206604,8
discretion,tact,0.9487991333007812,-0.046745672821998596,8
disgust,surprise,-2.6201171875,-1.7790205478668213,8
distinctions,honours,0.6494140625,0.23405641317367554,8
distraught,moody,-1.8167724609375,-1.2406877279281616,8
disturbed,perturbed,-0.689117431640625,-0.1282719224691391,8
divorced,married,-5.02587890625,-1.80376398563385,8
doctor,patient,1.615234375,0.7682246565818787,8
double,triple,1.037109375,0.5670678019523621,8
drank,drank,0.0,0.25684574246406555,8
drawings,engravings,-0.4018707275390625,0.2184026688337326,8
dreamed,heard,0.612274169921875,-0.25681066513061523,8
dried,uncovered,-2.17950439453125,0.3839634656906128,8
dripping,torn,-0.8134765625,1.8004481792449951,8
drops,drops,0.0,-0.5679306983947754,8
dry,rustling,-0.5,-0.003913655877113342,8
dry,shining,1.7919921875,0.3043534755706787,8
dye,tool,-2.0625,-0.4362422227859497,8
earlier,earlier,0.0,-0.8336719870567322,8
earlier,later,6.40625,-0.7822839617729187,8
earnest,sharp,-0.18359375,-1.9719995260238647,8
earnestly,fiercely,-2.7608642578125,-1.1748204231262207,8
earnestly,vehemently,1.651845932006836,0.5962229371070862,8
ears,head,1.2431640625,1.1057778596878052,8
ears,noses,-0.740234375,1.8377060890197754,8
eastbound,westbound,1.15509033203125,0.06813468039035797,8
easter,easter,0.0,-0.19104893505573273,8
electricity,magnetism,5.42529296875,-0.11546121537685394,8
electricity,oil,-2.203125,0.13861492276191711,8
electricity,power,-0.6395263671875,0.0448480099439621,8
emotional,rational,2.160675048828125,0.2513332962989807,8
empty,forlorn,-1.212188720703125,-0.7417691349983215,8
empty,hungry,-0.48046875,-1.6634224653244019,8
enjoyment,fun,-2.467529296875,-1.8562413454055786,8
enjoyment,laughing,2.87969970703125,-1.987716794013977,8
european,japanese,-0.099609375,-0.427981972694397,8
european,negro,1.99609375,-0.6327959895133972,8
evaporation,transpiration,-0.5789413452148438,0.4772740602493286,8
exact,truthful,-3.763671875,-1.0522314310073853,8
exasperated,rasping,-5.972412109375,-0.5628786087036133,8
exercise,exercise,0.0,0.22728203237056732,8
exercise,fun,-3.34375,-0.09741289913654327,8
experimentor,mother,-3.246826171875,-0.7400104403495789,8
exploration,travel,-2.21685791015625,0.4250677824020386,8
explosives,flamethrowers,2.14697265625,-0.05796326696872711,8
extracts,tales,-5.47265625,-1.585466742515564,8
fabulous,unreal,0.469970703125,-0.6438663005828857,8
failed,failed,0.0,0.10602481663227081,8
faintly,spasmodically,2.69232177734375,1.7838975191116333,8
fairer,happier,-5.08880615234375,0.11317586898803711,8
fallen,sorrowful,5.7626953125,1.8426436185836792,8
farther,farther,0.0,0.2205929011106491,8
fathers,sons,6.47705078125,0.605379581451416,8
fats,oils,0.9150390625,-0.5181742906570435,8
females,young,-1.939453125,-1.106839656829834,8
fern,moss,2.4462890625,-2.3405957221984863,8
ferns,moss,0.650634765625,-1.0537914037704468,8
fluids,rest,1.564453125,0.5676888227462769,8
focused,sharp,-1.94830322265625,-1.680080771446228,8
foggy,foul,-1.04296875,1.278173804283142,8
foolish,headstrong,4.376953125,-0.4492061734199524,8
foolish,naughty,0.453125,-0.26255136728286743,8
foolish,rash,-1.212890625,1.2847076654434204,8
foolish,silly,-1.1171875,-1.1991546154022217,8
foolish,young,-7.318359375,-3.7519683837890625,8
forgiving,patient,-3.96875,-1.6400638818740845,8
found,stopped,-3.505859375,-3.0939085483551025,8
frankly,freely,1.204345703125,0.33619484305381775,8
friendships,laughing,3.50390625,0.30616331100463867,8
frills,frills,0.0,0.18455027043819427,8
fruitsome,great,0.984375,-1.1297082901000977,8
fun,funny,0.353515625,0.13961289823055267,8
fun,happiness,3.3095703125,-0.7798805832862854,8
fun,joy,-1.2666015625,1.039644718170166,8
fun,laughing,1.263671875,-0.4103478789329529,8
fun,loose,4.427734375,0.7496852278709412,8
fun,mischief,3.48046875,1.9687612056732178,8
funny,laughing,5.048828125,-0.8931990265846252,8
funny,rural,-0.5869140625,1.384668231010437,8
funny,smart,-2.2109375,-1.1624467372894287,8
funny,spirited,2.2613525390625,1.5479543209075928,8
funny,weird,0.037109375,-0.4983522295951843,8
gabble,nonsense,2.0458984375,0.8162951469421387,8
gallows,whip,1.6328125,-1.0613981485366821,8
gaped,stared,0.5647735595703125,-0.7099667191505432,8
gasped,laughed,-2.975250244140625,0.353738009929657,8
gasped,sprayed,0.45462799072265625,0.6445409655570984,8
gasped,stared,2.841217041015625,0.023970432579517365,8
gasped,wheezed,1.5878143310546875,0.30069559812545776,8
gentlest,meekest,3.2805328369140625,0.5884190201759338,8
glass,pour,8.568359375,2.0818936824798584,8
glee,happiness,0.875244140625,-1.121455430984497,8
glee,joy,-1.220703125,0.21754617989063263,8
grandmere,mother,-5.154296875,-0.4306509494781494,8
grapes,ham,0.1884765625,0.8256382942199707,8
grassland,redwood,1.345703125,0.2750388979911804,8
grassland,woodland,-2.1689453125,-0.1694381982088089,8
greasiness,thickness,-2.615234375,-1.3804584741592407,8
great,kind,1.732421875,4.467137336730957,8
great,little,2.453125,-0.27461153268814087,8
great,mighty,1.849609375,0.1627475470304489,8
great,mystical,-5.2412109375,1.9084864854812622,8
great,novel,-0.09375,1.1325761079788208,8
great,shining,0.38671875,2.3612871170043945,8
great,ultimate,1.63818359375,2.7912521362304688,8
greener,greener,0.0,0.3892938196659088,8
gripped,powerless,1.3939208984375,0.7778506278991699,8
groups,individuals,-3.2563304901123047,-1.052772879600525,8
grow,grow,0.0,-0.8971255421638489,8
grow,implant,3.0078125,2.2084147930145264,8
grow,spread,-0.4296875,1.5212773084640503,8
growing,growing,0.0,-0.6635437607765198,8
growing,young,-0.171875,-2.068403720855713,8
growth,jobs,0.2822265625,0.11088041961193085,8
guilt,sin,3.8798828125,-1.9398685693740845,8
gullets,lies,-2.767578125,0.22691060602664948,8
gumbo,jambalaya,-1.32421875,0.9185242056846619,8
ham,mushroom,0.82489013671875,-1.9343148469924927,8
happiness,health,1.52734375,0.7122922539710999,8
happiness,joy,-0.0498046875,1.009989619255066,8
happiness,sadness,-4.019287109375,0.24915193021297455,8
hardy,vigorous,2.678955078125,-0.19283051788806915,8
hardy,young,-4.1533203125,-2.3284316062927246,8
harshness,unkindness,-0.81097412109375,0.29677802324295044,8
hasidic,mystical,0.271484375,-0.8343109488487244,8
head,shoulders,11.560546875,0.19325391948223114,8
headstrong,rash,-0.368896484375,-0.4556695818901062,8
headstrong,wilful,3.0491943359375,-0.3507195711135864,8
health,illness,-0.310546875,1.0181796550750732,8
heard,knew,-1.146484375,0.9439101815223694,8
heard,laughed,-1.27734375,0.5445784330368042,8
heard,recognised,-0.399566650390625,1.4522618055343628,8
heard,smiled,0.998046875,1.2945302724838257,8
heavy,layered,1.599609375,-0.276309609413147,8
heavy,pugnacious,-1.6171875,-0.21083684265613556,8
heavy,sharp,-1.357421875,-0.9672589898109436,8
heavy,unsteady,3.535400390625,1.1650851964950562,8
helpful,kind,0.779327392578125,1.1935913562774658,8
heterogeneous,homogeneous,-7.292749404907227,-0.5518034100532532,8
holly,ivy,-0.4208984375,0.7429906129837036,8
homogeneous,isotropic,6.0068359375,0.5558464527130127,8
hoped,hoped,0.0,-0.7359670996665955,8
humble,serene,1.0771484375,-0.12206761538982391,8
humble,sorrowful,1.3583984375,0.9297629594802856,8
hundreds,hundreds,0.0,-0.5930928587913513,8
hungry,needy,-0.095703125,0.4464876651763916,8
hungry,young,-1.212890625,-3.268124580383301,8
illness,surgery,-0.234375,0.2756248116493225,8
illogical,rambling,-1.1900634765625,-0.2755383849143982,8
imagininary,self,-4.275390625,-0.8060765266418457,8
indigenous,territorial,-0.6013298034667969,0.10605420917272568,8
individuals,institutions,2.5570497512817383,0.9939717650413513,8
inexperience,shortcomings,-1.3179931640625,0.7577849626541138,8
inexperienced,young,-0.67218017578125,-3.3161911964416504,8
influence,power,-2.63671875,0.3549302816390991,8
ink,oil,-4.203125,-0.3750573992729187,8
inquiries,reminiscences,-0.09161949157714844,-0.291373074054718,8
institutions,power,-2.8061904907226562,-0.02463383972644806,8
institutions,pupils,-1.727691650390625,-0.4018794894218445,8
iodine,tyrosine,-3.3984375,-1.5783401727676392,8
isolated,rural,0.029052734375,-0.9310227036476135,8
ivy,moss,-1.7919921875,-0.7941277027130127,8
jealous,selfish,1.4161376953125,0.08660988509654999,8
jobs,roads,0.95703125,-1.3491913080215454,8
joy,power,0.5419921875,0.3629488945007324,8
joy,rest,3.2373046875,0.7408831119537354,8
joy,sadness,-2.814453125,-0.6502208113670349,8
joy,song,5.427734375,1.1049271821975708,8
joy,surprise,-1.81640625,-0.44790589809417725,8
jumped,jumped,0.0,0.17538616061210632,8
justice,reward,1.673828125,0.6293559074401855,8
kind,patient,4.423828125,-3.1785173416137695,8
kind,polite,-2.24609375,-3.003025531768799,8
kind,righteous,-4.47998046875,-2.248298406600952,8
kind,smart,-2.7734375,-3.5176472663879395,8
kit,ropes,-3.1943359375,-0.624391496181488,8
knew,respected,2.85888671875,0.7419228553771973,8
knew,suspected,3.574310302734375,-0.29823803901672363,8
later,later,0.0,-1.5973848104476929,8
laughed,laughed,0.0,0.4750415086746216,8
laughed,lay,2.185546875,0.024611100554466248,8
laughed,scrapped,2.255615234375,0.496820867061615,8
laughed,stopped,-3.8974609375,-1.7045741081237793,8
laughing,laughing,0.0,-0.3763604760169983,8
laughing,lengthened,-7.1473388671875,1.365068793296814,8
laughing,nonsense,-2.693359375,1.860730767250061,8
laughing,pointing,4.083984375,1.2968738079071045,8
laughing,snorting,1.605865478515625,1.0981178283691406,8
laughing,tickled,-9.1512451171875,1.4054242372512817,8
laughing,yelling,-1.1048698425292969,0.7339279055595398,8
laws,rules,4.60546875,0.17861823737621307,8
laws,theories,1.5087890625,1.418444275856018,8
leave,need,-11.314453125,0.8043020367622375,8
left,left,0.0,0.17108754813671112,8
legendary,mythical,1.959381103515625,1.1109458208084106,8
lemon,oil,-2.443359375,-0.5651258826255798,8
lesser,lesser,0.0,-0.7235584855079651,8
little,naughty,2.794921875,1.868438482284546,8
little,twiggy,2.720703125,0.1913091391324997,8
little,young,-4.5244140625,-1.9241677522659302,8
littler,littler,0.0,0.24705885350704193,8
lizards,spiders,-1.57183837890625,-0.5418816208839417,8
lnfluence,power,4.4453125,-0.014210894703865051,8
losses,reward,-0.005859375,-0.8579805493354797,8
lots,lots,0.0,-1.2034498453140259,8
lunatic,silly,5.5908203125,-0.154876247048378,8
massages,yoga,-1.19921875,0.9583452939987183,8
mechanics,use,1.05859375,1.1507261991500854,8
mighty,unmistakable,-9.050872802734375,3.081587314605713,8
mime,nonverbals,2.2978515625,0.919014036655426,8
mime,pointing,0.501953125,0.7273883819580078,8
minutes,minutes,0.0,-0.8895431160926819,8
miserly,squalid,0.041748046875,-0.7686066031455994,8
moss,tussocks,-1.333984375,0.5729932188987732,8
mother,mother,0.0,0.9178772568702698,8
mother,sons,3.703125,0.41196298599243164,8
motorways,roads,-1.2099609375,-1.101152777671814,8
mystical,prophetic,4.470703125,-0.7754936814308167,8
naive,young,-3.530029296875,-2.5517072677612305,8
naughty,wilful,2.828857421875,-0.4896466135978699,8
nearer,nearer,0.0,-1.0043622255325317,8
nearer,possible,2.810546875,2.5003418922424316,8
neat,petite,1.4482421875,1.0079864263534546,8
neat,smart,-0.6171875,-0.495897114276886,8
neat,tidy,2.05517578125,2.0166537761688232,8
notebook,pencil,0.6865234375,-0.6374266147613525,8
novel,pleasing,1.8388671875,1.3741579055786133,8
novel,striking,-1.3603515625,1.0704214572906494,8
nuggets,nuggets,0.0,-0.25175297260284424,8
oil,pitch,1.736328125,1.6906839609146118,8
ones,zeroes,0.4296875,-0.036065176129341125,8
ones,zeros,-1.3046875,-0.7707856297492981,8
orgies,perversions,-1.2705078125,0.13409246504306793,8
passing,passing,0.0,-0.8057823181152344,8
patching,patching,0.0,-0.03704686462879181,8
pencil,slate,-1.56640625,2.1684770584106445,8
perceptive,rational,1.08984375,-0.6150047779083252,8
peril,toil,2.9193115234375,-1.4483662843704224,8
perplexed,worried,-1.152491569519043,-1.4105476140975952,8
personable,young,-3.34765625,-2.706622838973999,8
pie,potatoes,0.13671875,-0.28086143732070923,8
plants,protista,-0.61328125,0.7032223343849182,8
plants,protists,0.97265625,0.7497514486312866,8
plants,relatives,5.83441162109375,1.2478864192962646,8
poems,sayings,3.498046875,1.0747880935668945,8
poems,tales,-1.379150390625,-0.5859516859054565,8
potatoes,stew,1.46484375,0.9337128400802612,8
pour,stir,-1.3125,-2.9905333518981934,8
power,power,0.0,-0.24586047232151031,8
preteens,teenagers,-4.203033447265625,-1.3709335327148438,8
programs,protocols,-1.132537841796875,-0.2376430183649063,8
protesting,rioting,-1.999542236328125,-0.29952186346054077,8
puking,shock,-0.83203125,0.7297959923744202,8
purtier,purtier,0.0,-0.07255533337593079,8
quake,shake,-0.8984375,-1.123321294784546,8
quicksand,swamp,-0.833984375,-0.09591658413410187,8
rasping,scraping,1.099365234375,-1.0488903522491455,8
rational,smart,-2.623046875,-1.8545657396316528,8
realistic,striking,-1.15771484375,1.038553237915039,8
rebelling,rioting,-0.0321044921875,-0.17678914964199066,8
recover,rest,-2.0858154296875,-0.10920794308185577,8
refreshing,rest,0.551025390625,-0.5955545902252197,8
refreshing,unmistakable,1.66845703125,-0.05472929775714874,8
rehab,rest,-1.8262939453125,-1.404784917831421,8
rehydrate,rest,-1.179840087890625,0.3343242406845093,8
rein,whip,-3.16015625,-1.8514233827590942,8
replenish,rest,-2.954345703125,-0.9584916234016418,8
restarted,stopped,-2.164093017578125,-1.3509048223495483,8
rhyme,rune,6.0107421875,0.9842737317085266,8
rigging,sails,-4.7958984375,-1.1254953145980835,8
rigging,spars,0.052734375,0.27244341373443604,8
rolling,wheeled,2.587890625,-1.1265442371368408,8
rolling,yelling,0.5694580078125,-0.15874363481998444,8
ropes,sails,0.35205078125,-0.32532376050949097,8
ropes,spars,-0.42822265625,0.7794884443283081,8
rows,rows,0.0,-0.023529425263404846,8
rub,rub,0.0,-1.4061439037322998,8
rustling,snuffling,1.150390625,1.8111517429351807,8
sadness,stillness,-0.9013671875,0.5810893177986145,8
sandstorms,whirlwinds,1.26953125,-0.7807974815368652,8
saved,saved,0.0,1.0098148584365845,8
scold,scold,0.0,0.34702032804489136,8
scratched,scratched,0.0,-0.7336204648017883,8
screw,struggle,-1.873046875,-1.394705057144165,8
seedy,stressful,0.87255859375,0.6275745630264282,8
seesaw,swing,-5.294921875,-2.4338815212249756,8
selfish,wilful,-2.6435546875,0.11571873724460602,8
sharp,spirited,2.08154296875,1.5209076404571533,8
shipping,transport,2.0302734375,1.8637343645095825,8
sin,wickedness,2.17578125,0.05197468400001526,8
smart,young,-4.201171875,-1.9227958917617798,8
smiled,smiled,0.0,1.121656060218811,8
smiled,stared,1.1832275390625,-0.29970782995224,8
sorrowful,stolen,-3.916259765625,0.7496797442436218,8
spies,traitors,1.056732177734375,-0.002404525876045227,8
sporadic,weird,0.85546875,-0.8272379040718079,8
spread,spread,0.0,-0.6650616526603699,8
stalwart,vigorous,-0.700439453125,-0.015529841184616089,8
stared,stared,0.0,-0.015265733003616333,8
stared,stopped,-7.495361328125,-0.7468215823173523,8
stopped,wheeled,2.0343589782714844,0.6988306641578674,8
stunning,young,-1.8837890625,-3.0417423248291016,8
sucking,sucking,0.0,0.09828202426433563,8
superficial,superficial,0.0,-0.5346329808235168,8
swing,swing,0.0,0.86995929479599,8
third,third,0.0,0.18628482520580292,8
thus,thus,0.0,-0.8028866052627563,8
tolerance,unity,1.095703125,0.19058100879192352,8
tourists,vagrants,-2.8343048095703125,1.2290277481079102,8
tourists,visitors,-1.46875,-0.19733788073062897,8
untrained,unwarlike,-2.346435546875,0.0035652071237564087,8
untrained,young,-1.806396484375,-3.928037166595459,8
untried,young,-2.234375,-3.9866504669189453,8
use,washing,-0.451171875,-1.2625445127487183,8
use,yardage,-3.828125,-2.157395839691162,8
vigorous,young,-6.275634765625,-2.8591315746307373,8
viral,young,-3.15234375,-2.8757882118225098,8
watches,websites,0.0191650390625,-1.093271255493164,8
waving,yelling,-1.6552734375,-1.1490540504455566,8
wondered,wondered,0.0,0.24148701131343842,8
wuss,wuss,0.0,-0.5903960466384888,8
aboriginal,natural,-0.3079376220703125,-1.106501817703247,9
absolute,real,-2.060546875,-0.7752062678337097,9
absolute,rich,4.744140625,-1.2221565246582031,9
acquired,natural,-1.4736328125,-1.6947338581085205,9
actual,real,-2.40625,-0.7796102166175842,9
admirable,exciting,1.1142578125,0.3060252070426941,9
admirable,fine,-3.044921875,-1.555657148361206,9
admiration,respect,-0.316680908203125,0.8124435544013977,9
admiration,wonder,-1.2623748779296875,-0.21646659076213837,9
adventurers,explorers,0.43798828125,-0.23560607433319092,9
affirmative,negative,1.623504638671875,0.6532590389251709,9
affrighted,fled,4.66021728515625,-2.0367469787597656,9
affrighted,trembling,-3.1624832153320312,-2.3087692260742188,9
ages,ages,0.0,-0.0925549864768982,9
aggression,appeasement,-1.42822265625,-0.5011215209960938,9
aggression,kindness,-1.23828125,-0.26719534397125244,9
aging,frail,-0.076171875,-0.11311650276184082,9
ambulances,generators,-3.926513671875,0.07418033480644226,9
amusing,exciting,2.2958984375,-0.8780807256698608,9
ancient,due,0.3125,3.1138877868652344,9
ancient,rich,-4.330078125,-0.2957914471626282,9
antibacterial,antiviral,-1.21875,-0.5541490316390991,9
arabesques,sprigs,-2.482421875,0.6579099297523499,9
armenian,jewish,-1.0858154296875,-0.16217610239982605,9
arms,breasts,-0.110595703125,0.385822057723999,9
arthritis,psoriasis,2.565765380859375,-0.09820976853370667,9
artifacts,attributes,2.89703369140625,0.4792301058769226,9
asian,asian,0.0,0.10427981615066528,9
asian,portuguese,1.1971282958984375,-0.1942177414894104,9
asian,shit,5.3515625,0.6887683272361755,9
aunt,grandmamma,-0.54705810546875,1.1097774505615234,9
axe,knife,-2.857421875,-1.715522289276123,9
babbling,noises,-5.90576171875,0.9397503733634949,9
bacteria,parasites,4.36553955078125,0.3427067995071411,9
baked,crumbling,-1.27734375,0.07182741165161133,9
balloons,kites,1.470458984375,0.24642476439476013,9
bananas,plantains,1.1986083984375,-0.7263301014900208,9
banding,convection,-0.80078125,1.3753936290740967,9
bats,slings,-2.620849609375,0.8699000477790833,9
bayou,forest,1.02734375,-0.18960487842559814,9
beams,boards,-3.361328125,0.3905794024467468,9
beef,gravy,4.7646484375,0.8550054430961609,9
befurbelowed,beruffled,-2.27734375,-0.9396464824676514,9
behaviour,effort,0.937591552734375,-1.1162145137786865,9
behold,despair,5.691650390625,-0.21460741758346558,9
beneficial,safe,-1.9619140625,-0.23048344254493713,9
berries,drupes,0.01611328125,1.9649381637573242,9
berries,fruits,2.0167236328125,0.20062583684921265,9
berries,leaves,1.7203369140625,-0.21130692958831787,9
berries,orange,0.03045654296875,-0.04108232259750366,9
berries,seeds,0.9591064453125,-0.5839729905128479,9
beryls,turquoises,1.9775390625,0.6164527535438538,9
bitten,transformed,5.50146484375,1.7581708431243896,9
bizarre,genuine,-4.127410888671875,-0.5982556343078613,9
blight,sickness,0.7939453125,-0.28583085536956787,9
blotches,pimples,1.1474609375,0.32734811305999756,9
blundering,sinning,-0.4588623046875,-0.35064271092414856,9
blushes,smiles,-5.5234375,-1.5737838745117188,9
botany,zoology,-0.4323883056640625,-1.120199203491211,9
boughs,leaves,-0.720703125,-0.7123912572860718,9
bounty,luck,2.1416015625,-0.045144736766815186,9
brooks,hills,0.017822265625,0.46431809663772583,9
broom,ponytail,-0.10595703125,-0.41642704606056213,9
brotherly,sisterly,3.994140625,-0.3436216711997986,9
bubble,froth,-1.51708984375,-0.2842411398887634,9
bubble,melt,1.699462890625,0.3413735032081604,9
burglars,tramps,1.0738525390625,0.3172432780265808,9
by,by,0.0,0.4947732090950012,9
cables,switches,-1.0654296875,1.0052540302276611,9
cajole,push,-0.580078125,-1.072751760482788,9
calming,cooling,1.435546875,-0.15955686569213867,9
capelin,launce,4.56640625,-0.35501331090927124,9
carefully,cautiously,1.52978515625,0.8156405091285706,9
carelessly,innocently,2.7005786895751953,0.5131404399871826,9
censure,reproach,2.419677734375,0.7400121688842773,9
cha,mot,0.46875,-0.7644310593605042,9
chair,cover,0.234375,2.4523065090179443,9
chair,cowboy,0.37353515625,1.9658615589141846,9
chair,door,-2.560546875,0.6071783900260925,9
chairs,settees,1.166015625,0.23263266682624817,9
charcoal,wire,0.01531982421875,-0.7045345902442932,9
charity,kindness,1.09765625,-0.16447415947914124,9
cheaply,easily,1.2109375,0.43018418550491333,9
chewing,swallowing,-0.5419921875,0.027713000774383545,9
chill,gloom,-1.3441162109375,-0.580055832862854,9
chill,penetrating,-0.8037185668945312,-0.7523481249809265,9
chilling,hard,-1.80712890625,-0.6674228310585022,9
chips,sausage,-3.15234375,-1.225247859954834,9
choke,cough,-1.064697265625,0.5918258428573608,9
cigarettes,coffee,1.2481403350830078,-1.6207425594329834,9
circled,circled,0.0,-0.45497754216194153,9
cj,vf,4.396728515625,0.4750932455062866,9
cleanse,purify,-1.34033203125,0.04448133707046509,9
clouds,convection,1.3859405517578125,1.0207505226135254,9
clouds,mist,0.7041015625,-0.04132181406021118,9
clouds,surf,7.625732421875,0.6952549815177917,9
coatings,semiconductors,0.87548828125,1.232168436050415,9
coffee,conversation,3.8330078125,2.7364025115966797,9
coffee,cookies,0.8056640625,1.42840576171875,9
coffee,more,5.744140625,4.493411064147949,9
coffee,shit,4.65234375,3.8371472358703613,9
coke,shit,3.04296875,1.7532799243927002,9
collected,cool,-2.52447509765625,-1.897634506225586,9
collected,correlated,0.07344818115234375,-0.9468039870262146,9
color,shape,-0.7421875,1.292719841003418,9
color,warmth,-2.023193359375,0.6807031631469727,9
combustion,corrosion,0.607666015625,0.8218657374382019,9
combustion,respiration,0.5406532287597656,0.34529227018356323,9
complications,mortality,-0.47662353515625,-0.44541269540786743,9
computered,transcribed,2.763671875,0.44145339727401733,9
concerts,nightclubs,-1.9532470703125,-1.0331356525421143,9
condensed,distilled,-0.26348876953125,0.465207040309906,9
confessed,killed,1.8016357421875,-2.273064613342285,9
confiding,tender,-1.830078125,-1.3845655918121338,9
conspiracies,plots,-0.6326828002929688,-0.6824405193328857,9
constantly,hard,-2.43505859375,-2.277442216873169,9
contented,happy,0.57208251953125,-2.1819918155670166,9
contented,thankful,0.40234375,0.6005564332008362,9
contrary,ungrateful,0.9695320129394531,-0.40762776136398315,9
controlled,natural,-0.46533203125,-1.4474961757659912,9
cool,cool,0.0,0.4258403182029724,9
cool,hard,0.1904296875,0.343544065952301,9
cool,harden,1.2294921875,1.188136339187622,9
cool,lovely,-2.587890625,0.27114325761795044,9
cool,shadowy,3.0400390625,2.166565418243408,9
cool,short,0.126953125,-1.0075993537902832,9
cool,warm,0.064453125,-0.1823754906654358,9
cool,wetting,-1.5078125,1.4727261066436768,9
cordial,warm,-1.18212890625,-1.6136431694030762,9
corrosion,electrochemistry,-0.0592041015625,-0.38557320833206177,9
corrupted,rich,-4.3095703125,-2.495823383331299,9
cough,cough,0.0,1.1215112209320068,9
cowed,trembling,2.535829544067383,0.11019235849380493,9
crabs,periwinkles,0.0057373046875,1.398620367050171,9
created,destroyed,0.14453125,1.2218637466430664,9
created,directed,0.109375,0.9522778391838074,9
cries,cries,0.0,-0.3678458631038666,9
cries,falls,1.73828125,-0.22368620336055756,9
cries,jeers,1.349609375,-0.41603973507881165,9
cries,noises,-3.5703125,-0.15038669109344482,9
crumbling,dirty,2.189453125,-0.8758731484413147,9
crumbs,water,-0.2568359375,-0.9568370580673218,9
dams,railroads,-0.617462158203125,1.1740913391113281,9
dbottle,teapot,-1.5966682434082031,-1.6759815216064453,9
decorating,unpacking,-2.098876953125,0.6732794642448425,9
dedicated,hard,-0.4697265625,-2.187505006790161,9
dedicated,talented,-1.778564453125,-2.095399856567383,9
deepest,finest,-0.28887939453125,0.3592592477798462,9
defiled,killed,-1.4169921875,-1.5244903564453125,9
deliberation,skill,-0.294921875,-0.1892554759979248,9
demeanor,speech,-3.166015625,-2.373216152191162,9
deposed,fled,2.654296875,-1.326716661453247,9
designs,prototypes,0.1337890625,-0.8122124075889587,9
desk,door,0.1005859375,1.203505039215088,9
desolate,pitiful,-2.315185546875,0.38902896642684937,9
despair,gloom,0.1229248046875,-0.05424511432647705,9
despair,weariness,0.98345947265625,0.5861458778381348,9
destroyed,plundered,-0.225799560546875,0.5106321573257446,9
die,go,-2.478515625,-1.6138241291046143,9
die,live,-0.091796875,-1.3157720565795898,9
die,overheat,-2.71875,0.6074650883674622,9
die,pine,0.8984375,-0.27212733030319214,9
die,sicken,1.169921875,-0.3661315143108368,9
dimms,processors,0.880859375,1.4897747039794922,9
dipping,lifting,-1.609130859375,-0.6806928515434265,9
directed,founded,-3.27734375,-0.7320030331611633,9
dirtiest,hardest,-2.938720703125,-0.881796658039093,9
dirty,dirty,0.0,0.1307646632194519,9
dirty,dumpy,0.39453125,0.41593652963638306,9
dirty,filthy,-0.023529052734375,1.0375633239746094,9
dirty,hard,-0.11328125,-0.9638581871986389,9
dirty,mane,-1.0546875,0.22151458263397217,9
disappear,evaporate,0.6201171875,-0.6569134593009949,9
displeased,grieved,0.2765617370605469,-1.1894540786743164,9
displeased,mortified,-0.83209228515625,-0.0069723427295684814,9
donkey,shrek,0.23779296875,2.0386900901794434,9
door,wall,0.28125,1.4849607944488525,9
due,proper,0.33203125,-1.5841495990753174,9
dumpy,listless,-0.98828125,-1.2035036087036133,9
dumpy,short,-0.734375,-2.343771457672119,9
dwarves,elves,-0.3759765625,0.24610623717308044,9
dwarves,midgets,-1.31591796875,0.4460994005203247,9
dying,wounded,0.359375,-0.7173821330070496,9
easily,naturally,0.578125,-0.5110041499137878,9
eels,soles,-5.513671875,-1.7678616046905518,9
elastic,sticky,-3.6566162109375,0.5350147485733032,9
elated,happy,0.7255859375,-0.6845241785049438,9
elves,gnomes,2.7275390625,-0.016461074352264404,9
embalming,mummification,2.017578125,-2.057170867919922,9
engaging,speaking,-1.22265625,-0.4728117287158966,9
enterprising,hard,1.576416015625,-2.837238311767578,9
erases,sponge,-2.01953125,-0.07261812686920166,9
escape,flight,3.623046875,-0.3107750415802002,9
escape,return,2.39453125,-0.5394825339317322,9
escape,safety,0.16796875,-1.492152214050293,9
evidence,procedure,1.06396484375,1.3661448955535889,9
exchanged,recycled,-2.9595794677734375,-0.3826044201850891,9
exciting,hard,1.06640625,-0.32543569803237915,9
exciting,severe,-2.203125,2.004727840423584,9
exile,poverty,-1.5531444549560547,-0.44748786091804504,9
existing,projected,2.721923828125,-0.36595338582992554,9
explore,go,-4.341796875,-3.7630062103271484,9
explorers,sailors,-1.29058837890625,0.3337993025779724,9
faint,indistinct,4.41961669921875,3.543945789337158,9
faint,lovely,-1.955078125,0.20249301195144653,9
faithless,perverse,1.470703125,0.47876232862472534,9
falls,trips,-1.5244140625,-0.6818203330039978,9
favour,kindness,0.03076171875,-1.6579782962799072,9
feasts,sake,-1.09423828125,-0.21349671483039856,9
fences,sheds,-0.5087890625,-0.577528715133667,9
fertilizer,seeds,-5.392578125,-2.7040812969207764,9
few,scattering,-1.8876953125,0.4885702133178711,9
few,short,-1.4375,-2.0117714405059814,9
fia,mot,-0.328125,-0.18428483605384827,9
fidelity,luck,-0.749267578125,-0.7201759815216064,9
field,flood,0.169921875,0.22165042161941528,9
field,forest,1.841796875,0.7834756970405579,9
figures,lights,-1.318359375,-0.5429246425628662,9
filthy,yonkers,-0.9755859375,0.36090153455734253,9
finally,then,0.375,-0.5168820023536682,9
fine,flyaway,4.478515625,1.736187219619751,9
fine,lovely,2.822265625,-0.12169736623764038,9
fine,loyal,2.0546875,1.4258084297180176,9
fine,pretty,-0.791015625,-0.6164599061012268,9
fine,warm,-0.171875,-0.6202123761177063,9
finest,hardest,1.1829833984375,-0.7533507347106934,9
firm,hard,-0.251953125,-0.885806679725647,9
firm,unyielding,-0.6424560546875,1.1559793949127197,9
fled,gone,1.048828125,-1.8553392887115479,9
flint,rubble,2.1429061889648438,-0.9973883032798767,9
flint,stone,2.11328125,-1.4364843368530273,9
flow,flow,0.0,0.418662965297699,9
following,safety,-4.810546875,-2.5310091972351074,9
fondness,respect,-0.0751953125,0.7590312361717224,9
forbearance,patience,0.64599609375,0.060553908348083496,9
forest,plain,-0.05859375,0.4853842258453369,9
forest,stream,2.3515625,1.386950969696045,9
fornication,matchmaking,-3.9765625,0.9757339358329773,9
forward,return,-0.20703125,0.5566014051437378,9
frail,pretty,0.58984375,-2.3638689517974854,9
freckles,shit,2.9541015625,1.5309441089630127,9
fruits,leaves,1.9161376953125,0.28880059719085693,9
fruits,seeds,0.190155029296875,-0.5352267026901245,9
frustration,research,-6.669921875,-0.5581717491149902,9
funnier,funnier,0.0,-0.056272998452186584,9
fussily,noisily,0.1234130859375,-0.16981381177902222,9
gasping,singed,0.60107421875,-0.08839458227157593,9
gasping,trembling,2.242321014404297,0.0857083797454834,9
gazed,gazed,0.0,0.09564283490180969,9
gazed,sympathized,0.42085838317871094,0.8674909472465515,9
gentle,loyal,1.18359375,-0.048885345458984375,9
gentle,pretty,1.2646484375,-1.247753381729126,9
gentle,refined,2.48828125,1.030787706375122,9
gentle,safe,-5.2018585205078125,-1.2626738548278809,9
gentle,tender,1.162109375,0.2117038369178772,9
gentle,valiant,1.916015625,-0.12169325351715088,9
gentle,warm,-2.82965087890625,-1.5745911598205566,9
gerken,leigh,2.00390625,0.29452770948410034,9
gloom,unhappiness,-4.589935302734375,0.3713817000389099,9
gnomes,pixies,0.6939697265625,-0.5490156412124634,9
go,go,0.0,-0.949220597743988,9
go,grumble,1.905059814453125,0.4695587754249573,9
go,inquire,5.11260986328125,3.89876651763916,9
go,live,8.166015625,0.3896316885948181,9
go,push,-0.10546875,1.174774169921875,9
go,return,3.8568115234375,1.3104305267333984,9
go,sleep,4.21484375,1.2290430068969727,9
go,switch,1.251953125,1.3235695362091064,9
goatees,tattoos,-4.546875,0.30509036779403687,9
golden,pink,-2.03125,-2.1086223125457764,9
golden,rosy,-1.48681640625,-0.7019129395484924,9
golden,warm,-4.26953125,-1.9307751655578613,9
gone,vanished,-0.809326171875,0.6981630325317383,9
grasslands,woodlands,-2.52392578125,-0.7498891949653625,9
gravy,starch,-2.3681640625,1.1718342304229736,9
guitarist,keyboardist,-7.7014007568359375,1.5223724842071533,9
half,half,0.0,0.24113890528678894,9
half,inch,-3.27734375,-1.2577855587005615,9
hall,saw,12.421875,3.5956673622131348,9
hammer,saw,1.357421875,2.957634925842285,9
hammer,screwdriver,0.6693038940429688,1.2943716049194336,9
happy,harmonious,-0.4140625,-0.3692590594291687,9
happy,hurt,4.595703125,-0.33756223320961,9
happy,natural,1.02734375,-0.7505671381950378,9
happy,pretty,-2.294921875,-1.2487783432006836,9
happy,proper,3.11328125,0.9435631632804871,9
happy,rich,-1.982421875,-1.3987271785736084,9
happy,rosy,-2.33984375,-0.6445335149765015,9
happy,safe,-0.505859375,-0.8317275643348694,9
happy,thankful,0.377197265625,0.9843791127204895,9
happy,there,0.16015625,0.12836867570877075,9
happy,warm,-0.3642578125,-1.5433588027954102,9
hard,harsh,3.1611328125,0.6713473796844482,9
hard,heartless,0.92578125,0.22217559814453125,9
hard,painful,3.1982421875,1.2564029693603516,9
hard,severe,0.900390625,1.417585849761963,9
hard,square,0.96484375,-0.34836477041244507,9
hard,tiresome,0.75,0.5759673714637756,9
hard,trying,2.421875,0.9865254759788513,9
hard,unyielding,1.89892578125,2.1678719520568848,9
harsh,unfair,0.1182861328125,0.5096190571784973,9
harsh,unpleasing,4.03076171875,0.6584438681602478,9
hawks,kites,3.232421875,0.3203114867210388,9
hawks,owls,1.8050384521484375,-0.06897704303264618,9
haze,mist,-2.763671875,0.6187223792076111,9
hearing,speech,-0.701171875,-2.168473958969116,9
heartless,unsentimental,4.2607421875,0.8345879912376404,9
hills,lakes,1.734375,0.7081512808799744,9
hills,streams,1.3470458984375,1.6306917667388916,9
home,live,0.0546875,1.6797451972961426,9
home,safety,-1.732421875,0.9033848643302917,9
home,ship,1.517578125,3.481862783432007,9
home,there,3.265625,2.3889641761779785,9
homeless,wandering,4.071533203125,3.0151989459991455,9
hoots,jeers,1.8173828125,-0.1697755604982376,9
hoping,trying,-2.35546875,-1.3906595706939697,9
hoping,waiting,-4.048828125,-2.246096611022949,9
hunted,hunted,0.0,0.27651655673980713,9
hunted,rose,-2.970012664794922,0.4029061198234558,9
hurt,killed,0.765625,0.919221818447113,9
hurt,unhappiness,-2.184814453125,1.7256324291229248,9
hurt,wounded,0.5478515625,-0.5442500710487366,9
hydrogen,rubidium,2.44677734375,-0.12761831283569336,9
ignorance,poverty,0.3880796432495117,-0.8087636828422546,9
ignorance,sloth,0.630767822265625,-0.8452741503715515,9
inconsiderate,irresponsible,-2.07763671875,-0.5573887228965759,9
innocently,naturally,-4.1396484375,-0.6442312598228455,9
institutional,structural,-1.1259765625,0.9374800324440002,9
insubordination,treason,-0.24169921875,-0.32047784328460693,9
insurrection,treason,-0.85858154296875,-0.9000821709632874,9
intrapreneurial,startup,2.201171875,-0.054877638816833496,9
irresponsible,sadic,2.69580078125,-0.49617791175842285,9
jewish,muslim,0.65234375,1.8098251819610596,9
jewish,polish,-0.05859375,0.5443242192268372,9
judy,punch,3.0738525390625,-0.6108309626579285,9
jumping,tossing,0.7938232421875,0.8551551699638367,9
killed,mutilated,0.0233154296875,1.3485298156738281,9
killed,trapped,-1.9229736328125,1.2307813167572021,9
killed,vanished,1.98388671875,0.5526770353317261,9
killed,wounded,1.931640625,-0.5334305167198181,9
kilograms,pounds,-0.316650390625,-0.28351277112960815,9
kindness,respect,0.47265625,-0.159767746925354,9
kindness,teaching,1.572265625,-0.22300320863723755,9
kindness,understanding,-2.7005615234375,-0.21462437510490417,9
kisses,smiles,-2.47125244140625,-1.1545324325561523,9
knights,soldiers,2.4427032470703125,-0.35287386178970337,9
lakes,streams,-0.2668914794921875,1.2546966075897217,9
layers,layers,0.0,0.09310385584831238,9
leagues,leagues,0.0,0.1238841712474823,9
leaping,taunting,-0.71923828125,-0.8208701014518738,9
leaping,vaulting,-2.03289794921875,0.5850023627281189,9
leaves,primroses,2.10089111328125,0.5947982668876648,9
lecturing,teaching,-2.49609375,-0.6079798936843872,9
lifting,shaking,2.6248817443847656,0.3501984477043152,9
lights,noises,2.900390625,0.9951819777488708,9
lights,ornaments,1.7606735229492188,2.2223591804504395,9
listless,uninterested,0.0340423583984375,2.2618448734283447,9
literal,plain,-2.333984375,-0.7524529099464417,9
live,sleep,2.75,0.9936228394508362,9
lotions,splints,-3.783203125,-0.7675271034240723,9
lovable,lovely,-0.39483642578125,-0.268361359834671,9
lovable,warm,-0.1204833984375,-0.3754739761352539,9
lovely,real,-2.58984375,0.8649641871452332,9
lovely,talented,-0.46484375,1.075519323348999,9
lovely,tender,0.9248046875,1.95662260055542,9
lovely,warm,3.80078125,-0.04756420850753784,9
lovingly,submissively,6.0808563232421875,-0.7859181761741638,9
lovingly,warmly,-1.43310546875,-1.989725112915039,9
luck,skill,-1.564453125,0.3408051133155823,9
magic,wonder,0.5908203125,0.18568331003189087,9
main,orignal,-2.064453125,-0.8875289559364319,9
major,minor,2.49609375,1.6006190776824951,9
marches,protests,-1.1318359375,-0.7630873322486877,9
medication,therapy,2.58050537109375,0.8300861716270447,9
microscopes,telescopes,-3.68084716796875,0.5137477517127991,9
miles,miles,0.0,0.9285207390785217,9
misfortune,poverty,-1.5019969940185547,-0.1261417716741562,9
modifying,updating,0.851043701171875,-0.6295905113220215,9
mold,pat,-2.638671875,1.9574029445648193,9
monkeys,shit,4.923828125,1.2200374603271484,9
more,more,0.0,-0.9268672466278076,9
mortar,stone,-0.67333984375,-0.6498795747756958,9
mot,smiles,11.626953125,-1.6174311637878418,9
motionless,prone,3.1225204467773438,1.0900907516479492,9
murder,treason,0.623046875,0.6515532732009888,9
name,shape,-2.48828125,1.242931842803955,9
narrower,shorter,-1.0263671875,0.8816371560096741,9
natural,proper,2.84375,0.5069730877876282,9
natural,safe,-2.89453125,-0.6236672401428223,9
natural,synthetic,-0.32861328125,0.49169743061065674,9
natural,unconcerned,3.3463134765625,0.6249791979789734,9
neater,neater,0.0,-0.5738465785980225,9
needles,silks,3.22784423828125,-0.48095381259918213,9
needles,thimbles,-1.14727783203125,-0.08251778781414032,9
negative,positive,-4.1082763671875,-0.8620912432670593,9
negative,substandard,5.8721923828125,-0.3498604893684387,9
night,sunlight,-3.2666015625,-0.41496413946151733,9
nouns,pronouns,-3.8127784729003906,0.22378244996070862,9
oblong,square,-2.650390625,-1.461031198501587,9
olios,tarts,-1.58203125,-0.8655524849891663,9
orange,pineapple,-2.136016845703125,0.25266581773757935,9
orange,pink,1.140625,-0.7327514290809631,9
oranges,wine,2.220703125,-1.1336255073547363,9
ornaments,slides,-4.142208099365234,-0.26709532737731934,9
override,unlock,4.07958984375,0.423761248588562,9
painful,pitiful,1.4539794921875,-0.46246254444122314,9
painful,severe,0.66552734375,0.01413339376449585,9
participation,victories,0.595458984375,-0.6201502680778503,9
pine,spruce,2.98248291015625,0.4347602128982544,9
plain,pretty,1.810546875,0.15500646829605103,9
plain,square,1.095703125,1.2016277313232422,9
plain,unattractive,0.9033203125,2.8502020835876465,9
plenty,plenty,0.0,0.05273997783660889,9
plenty,warmth,-1.77685546875,-1.7913954257965088,9
plotting,scheming,-1.5535888671875,0.4488908648490906,9
policemen,reporters,5.323089599609375,-0.0654565840959549,9
policemen,soldiers,-2.934478759765625,-2.1515519618988037,9
policies,procedures,1.309326171875,0.40411895513534546,9
policies,programmes,2.08935546875,-0.5520107746124268,9
pondered,pondered,0.0,0.0836365818977356,9
pounds,pounds,0.0,-0.39715543389320374,9
pounds,throbs,-4.8515625,-0.4550791084766388,9
pretty,refined,2.544921875,2.100999355316162,9
pretty,safe,-0.919921875,-0.2725703716278076,9
prim,proper,-2.251953125,1.29559326171875,9
primed,waiting,1.91015625,-1.5686819553375244,9
procedure,structures,3.29248046875,0.09324485063552856,9
projects,texts,0.357666015625,0.842667281627655,9
proper,safe,-1.5,-0.33849453926086426,9
proposals,recommendations,0.54644775390625,0.3236845135688782,9
protests,texts,1.58203125,-0.7823601365089417,9
prowess,skill,-3.80859375,0.18774890899658203,9
pry,push,-4.36328125,-1.3348040580749512,9
pushback,taxi,-1.84375,-0.2583507001399994,9
question,wonder,-1.91015625,-1.3430893421173096,9
ragtags,scum,4.76953125,1.1594507694244385,9
railroads,utilities,-0.7420196533203125,-0.3336070775985718,9
real,symbolic,1.30712890625,0.6508551239967346,9
real,valid,3.9501953125,1.541830062866211,9
rent,taxes,-1.849853515625,-0.32448917627334595,9
reproach,strife,-0.31353759765625,-1.6377012729644775,9
research,teaching,0.5419921875,0.5513786673545837,9
resinous,vitreous,-0.865234375,-0.5002941489219666,9
respect,understanding,-2.42578125,-0.8179402947425842,9
results,scores,5.3885498046875,-0.3970416188240051,9
return,sleep,-2.501953125,-0.5101697444915771,9
rich,rich,0.0,0.285311758518219,9
rich,warm,1.5703125,-0.13580191135406494,9
richer,richer,0.0,0.06257361173629761,9
riflemen,soldiers,-0.07568359375,-0.5424962043762207,9
rockholes,streams,-1.2518310546875,-0.3070010542869568,9
roped,tied,3.353515625,0.5322562456130981,9
rose,rose,0.0,0.3275231719017029,9
rose,waxed,2.5631103515625,0.9612398743629456,9
rosy,warm,0.494140625,0.04649195075035095,9
rubble,spoil,2.69287109375,0.7599278688430786,9
sadder,sadder,0.0,-0.022635698318481445,9
safe,sheltered,1.02423095703125,2.193356990814209,9
safe,warm,3.78125,0.13902056217193604,9
safety,security,-0.205078125,0.8753518462181091,9
sailors,soldiers,-3.6123809814453125,-1.415374517440796,9
savory,tender,0.8896484375,1.8990073204040527,9
saw,shrieked,-1.5581817626953125,0.06321686506271362,9
scalded,smashed,0.4400634765625,0.12130910158157349,9
scholars,soldiers,1.23779296875,-1.2647876739501953,9
scholars,sultans,-1.7401580810546875,-0.9675273299217224,9
seamen,soldiers,-2.82421875,-1.3192169666290283,9
seclusion,shyness,-2.3616485595703125,-1.1131718158721924,9
security,warmth,-0.861328125,-0.6214442253112793,9
seeds,shit,3.3837890625,1.727294683456421,9
severe,unaccustomed,2.599987030029297,1.2801268100738525,9
shanties,sheds,1.20751953125,0.19346246123313904,9
short,snappish,2.515625,1.5387334823608398,9
short,square,7.5,0.23331034183502197,9
short,stubby,2.125,0.8938378691673279,9
short,thickly,2.162109375,0.3678421378135681,9
shorter,shorter,0.0,0.6738278269767761,9
silences,speech,2.822265625,-0.9731760621070862,9
singly,then,8.240234375,0.9587565064430237,9
sinning,sinning,0.0,-0.30937981605529785,9
sister,twin,-2.45361328125,0.28564339876174927,9
sleep,sleep,0.0,-0.7301371097564697,9
sleepier,sleepier,0.0,0.06838726997375488,9
smiles,sobs,1.144775390625,-0.17088037729263306,9
smiles,waves,2.5234375,-0.049325406551361084,9
sniffed,sniffed,0.0,0.011026918888092041,9
soap,water,2.009765625,0.23842674493789673,9
sole,undivided,5.1865997314453125,0.30275559425354004,9
sorry,thankful,-1.26873779296875,0.7096790671348572,9
speech,swallowing,-0.15570068359375,1.5277495384216309,9
squeeze,squeeze,0.0,-0.5062498450279236,9
squirming,struggling,-0.249267578125,0.8223246932029724,9
sticky,warm,2.658935546875,-2.409893035888672,9
subjective,symbolic,-1.9022216796875,0.12750989198684692,9
sunlight,water,0.805419921875,-0.36936211585998535,9
swifter,swifter,0.0,-0.10191510617733002,9
then,then,0.0,0.13799595832824707,9
then,there,-3.11328125,-2.460707664489746,9
there,there,0.0,-0.08186638355255127,9
tied,wrapped,-1.1211624145507812,0.3830544352531433,9
tiresome,trite,5.178607940673828,0.4885725975036621,9
tons,tons,0.0,-0.22085845470428467,9
trembling,twitching,0.9387960433959961,0.49897444248199463,9
trembling,waiting,1.9013185501098633,-0.5111007690429688,9
trying,trying,0.0,-0.7234011292457581,9
twirled,twirled,0.0,-0.24905085563659668,9
vanished,vanishing,0.001953125,-0.1717897206544876,9
victual,water,-0.0595703125,-1.4161078929901123,9
waiting,waiting,0.0,-0.25105249881744385,9
wall,water,0.41845703125,-0.6556227803230286,9
warm,welcoming,2.470703125,2.285372257232666,9
water,water,0.0,0.4046195149421692,9
water,wine,-5.3935546875,-0.04504507780075073,9
whiter,whiter,0.0,-0.32976317405700684,9
