word1,word2,preference,mlp_pred,fold
abetting,aiding,-3.52734375,0.16092011332511902,0
academic,parental,-1.6673583984375,0.3372975289821625,0
acceptance,recognition,-0.7430419921875,-0.02561885118484497,0
acoustic,electric,4.15374755859375,0.7092791795730591,0
adenine,guanine,0.642578125,-0.5985339879989624,0
adjustment,haggling,-0.3447265625,-1.3646354675292969,0
adventures,pictures,-1.611328125,-0.3052026331424713,0
affirmation,liberation,-0.2138671875,-0.5754673480987549,0
afloat,popular,2.37481689453125,-1.1294841766357422,0
agents,supplies,0.04180908203125,0.534608781337738,0
agreed,approved,-0.612762451171875,-1.0391653776168823,0
ahead,shiver,11.541015625,1.4226155281066895,0
airfields,factories,2.25836181640625,0.6835005283355713,0
airfields,ports,1.0662841796875,1.1597238779067993,0
ands,ifs,3.4365234375,-1.1204829216003418,0
angrier,angrier,0.0,0.0803534984588623,0
annoyance,disappointment,0.78125,-0.14413514733314514,0
annoyed,restless,0.072265625,0.5708554983139038,0
anthropology,voice,5.78515625,-1.1404838562011719,0
apart,floor,-0.9921875,-2.1025612354278564,0
apologize,stuff,2.92462158203125,1.824018955230713,0
appalling,terrible,2.6969680786132812,-0.5598757266998291,0
applauding,cheering,-1.5906982421875,-0.14709413051605225,0
aqueducts,sewers,1.6865234375,0.15185758471488953,0
arm,arm,0.0,0.0803534984588623,0
aroused,irritated,3.406646728515625,0.8144266605377197,0
arrogance,riches,1.2431640625,-0.35620424151420593,0
arteries,veins,-1.3564453125,0.37003642320632935,0
arums,mangroves,1.25048828125,0.07002344727516174,0
associate,supporting,-0.013671875,0.09152774512767792,0
attack,attack,0.0,0.0803534984588623,0
attack,defense,-0.10546875,-0.6829410791397095,0
attractions,television,-2.91796875,-2.6549344062805176,0
away,away,0.0,0.0803534984588623,0
away,down,0.365234375,1.0850120782852173,0
away,good,1.6484375,-0.7722370624542236,0
axes,scythes,-1.31591796875,0.568407416343689,0
axes,shovels,-0.347412109375,0.18995171785354614,0
axes,spades,1.685791015625,0.27241936326026917,0
bacon,bread,-4.0226287841796875,-0.7715756893157959,0
bacon,cornbread,0.2553253173828125,-0.4816441833972931,0
bald,stony,0.30859375,-0.3382299840450287,0
bald,toothless,-0.85546875,-0.18716827034950256,0
bales,boxes,0.451171875,-1.3149590492248535,0
banged,clattered,-2.1523361206054688,0.19807612895965576,0
barrows,shovels,6.462493896484375,0.5369850397109985,0
bat,scull,-2.25,-0.1815551221370697,0
beast,men,-5.5390625,-0.6221060752868652,0
beige,green,-1.94140625,-0.9057921171188354,0
beneficent,patriarchal,2.47052001953125,0.15354114770889282,0
better,better,0.0,0.0803534984588623,0
better,good,0.732421875,-2.5863983631134033,0
better,popular,4.5,-1.1971368789672852,0
better,worse,-0.25,0.17219308018684387,0
biblical,julian,3.4472503662109375,1.2089858055114746,0
billboards,magazines,3.5657730102539062,-0.07773575186729431,0
billions,billions,0.0,0.0803534984588623,0
blanket,coat,2.794921875,0.021354734897613525,0
blanket,doll,-0.048828125,-0.03879682719707489,0
blanket,popbeads,-3.24609375,1.4315088987350464,0
blindfold,plaintively,-6.85107421875,0.8696612119674683,0
blink,sit,-1.6943359375,-1.7869627475738525,0
blistered,bloody,1.18359375,0.923874020576477,0
blistered,burned,2.603668212890625,0.0034314095973968506,0
bloody,guts,-4.896484375,-1.0393640995025635,0
bloody,terrible,1.55078125,-0.9024984836578369,0
bloody,well,-3.671875,-1.2272149324417114,0
bloomers,sneakers,2.6036376953125,0.4900190830230713,0
blue,glowing,0.052734375,2.029237985610962,0
blue,gold,0.515625,0.2788067162036896,0
blue,green,0.3984375,1.129093885421753,0
blue,restless,-2.63037109375,2.4642322063446045,0
bonnet,veil,-3.173828125,1.5823047161102295,0
bony,discoloured,5.6884765625,1.0169565677642822,0
boobs,pubes,-0.00732421875,-0.5839743614196777,0
brains,pluck,0.890625,0.6221483945846558,0
bravely,unfalteringly,3.5057373046875,2.1891868114471436,0
bravely,well,-2.4365234375,1.2745949029922485,0
bread,fishes,2.3046875,1.158823847770691,0
bread,salami,6.6142578125,1.615322232246399,0
bread,stuff,3.20849609375,3.1464028358459473,0
brickdust,paraffin,1.6842041015625,0.6459106206893921,0
brokenly,incoherently,1.9257965087890625,0.41436848044395447,0
built,made,-1.166015625,2.1106996536254883,0
burial,cremation,-1.00555419921875,-0.7910274267196655,0
burned,burned,0.0,0.0803534984588623,0
burned,spluttered,-3.93170166015625,-0.5431365966796875,0
bustling,dynamic,-2.3351211547851562,0.6710803508758545,0
calcified,hardened,2.109375,-0.060243576765060425,0
calcium,oxygen,-1.3157157897949219,0.8173753023147583,0
calcium,phosphate,0.735076904296875,1.6222633123397827,0
calcium,plutonium,-1.502227783203125,0.472747802734375,0
caps,goals,4.853515625,-0.28082209825515747,0
caps,nightgowns,1.6087646484375,-0.5517944097518921,0
carriage,servants,-2.3828125,-0.516165018081665,0
ceiling,floor,0.59405517578125,-2.3167998790740967,0
cement,sand,-2.19140625,0.09808851778507233,0
cement,steel,-0.58203125,-0.5465085506439209,0
charts,pictures,2.9423828125,-0.7399886846542358,0
cheering,hooting,-2.2359771728515625,0.23258757591247559,0
cigars,lemonade,0.703125,0.27031898498535156,0
cinematography,photography,0.21300506591796875,-0.24887922406196594,0
citizenship,history,1.119140625,-0.6126259565353394,0
civil,commercial,0.1484375,0.8542307615280151,0
cleaning,repairing,3.2750244140625,1.3012807369232178,0
cleaning,stuff,7.59375,2.1824352741241455,0
clever,good,1.34375,0.11997193843126297,0
clever,honest,1.685546875,0.9170339107513428,0
clever,industrious,6.8154296875,1.7949060201644897,0
coat,hat,-1.09375,0.008638441562652588,0
comedy,dancing,-1.12109375,1.0245064496994019,0
comedy,songs,-1.4765625,0.8940001726150513,0
comfort,counsel,1.39453125,-0.35543695092201233,0
comfort,delight,0.447265625,0.4628373384475708,0
comfort,edification,-1.330078125,0.14004608988761902,0
comfort,inspiration,-1.593475341796875,0.03231899440288544,0
comfort,prosperity,-0.09796142578125,-0.08188197016716003,0
comfort,riches,1.646484375,-0.6924147605895996,0
comfort,support,0.880859375,-0.01114267110824585,0
commanding,distinct,-2.5771484375,-1.173614501953125,0
commercial,corporate,0.5791015625,0.8121187686920166,0
commercial,ferry,-0.9921875,1.7786881923675537,0
compliments,court,1.72271728515625,-0.7494035959243774,0
comprehensiveness,depth,3.368621826171875,-0.39493176341056824,0
constitutionalism,economics,-0.1228485107421875,0.3848876953125,0
contemptuous,curt,1.25732421875,-1.9617531299591064,0
contents,hat,-3.7747802734375,-2.141542911529541,0
contracts,licenses,2.8592529296875,0.001452118158340454,0
copper,gold,0.66796875,-1.123483419418335,0
copper,steel,2.07421875,-0.8547030687332153,0
corn,oysters,0.595458984375,1.563717246055603,0
correct,correct,0.0,0.0803534984588623,0
correct,erase,-0.6796875,1.3982422351837158,0
correct,present,0.83984375,1.7866747379302979,0
corrected,typed,-0.5559749603271484,-0.18088829517364502,0
coughs,groans,1.4080810546875,-0.2561022639274597,0
coughs,sings,-0.40966796875,1.404642939567566,0
court,perjury,0.796875,0.772041916847229,0
covert,ingenious,-2.58154296875,-0.006557464599609375,0
cowered,such,3.2109375,1.5011192560195923,0
creaked,swerved,1.548828125,-0.029053092002868652,0
crepuscular,diurnal,0.767333984375,0.8602789640426636,0
cricket,football,1.6953125,-1.1042115688323975,0
crosser,crosser,0.0,0.0803534984588623,0
crows,poultry,-3.55841064453125,-0.1255493462085724,0
cubes,triangles,2.60015869140625,0.1851932555437088,0
danby,winter,-3.19140625,-1.1900718212127686,0
dancers,wood,3.4591064453125,-1.109804391860962,0
dancing,dinner,-4.59375,-1.172607421875,0
dancing,drinking,0.63671875,0.5437999963760376,0
deaf,stupid,3.01116943359375,-0.028221309185028076,0
debauch,riot,-0.375,-1.0783885717391968,0
defector,stateless,-1.72265625,0.2927890419960022,0
defense,offense,4.1669921875,0.04247567057609558,0
dehydration,deprotonation,3.604736328125,-0.33607280254364014,0
delight,tenderness,-0.6015625,-0.7879301309585571,0
demonstrations,petitions,-1.380859375,-1.6161150932312012,0
depth,diameter,-6.086662292480469,-0.10635009407997131,0
depth,information,4.1533203125,-0.46699443459510803,0
depth,soundness,0.77490234375,-0.7558722496032715,0
despised,poor,-2.2159423828125,-1.3867807388305664,0
devils,witches,-0.1318359375,-2.2140870094299316,0
devious,ruthless,-2.67626953125,-2.2795732021331787,0
dim,misty,3.251953125,-0.45498839020729065,0
dim,threatening,0.981201171875,1.1025338172912598,0
dinner,stuff,5.966796875,2.9256553649902344,0
disappointment,doubt,-3.6513671875,-0.8012393712997437,0
disappointment,neglect,2.233642578125,0.2157973051071167,0
disappointment,sorrow,-0.47509765625,-1.2044225931167603,0
disgraced,humiliated,2.6221923828125,-0.6488322019577026,0
dishonor,honor,-2.31243896484375,-1.1539734601974487,0
disinherited,dispossessed,-1.1614990234375,-0.6975193023681641,0
dispatches,dispatches,0.0,0.0803534984588623,0
do,good,5.080078125,-1.3476898670196533,0
do,stuff,10.46240234375,0.9693124294281006,0
do,undo,0.56201171875,0.6385092735290527,0
docile,industrious,-4.1527099609375,-0.2449195683002472,0
doll,hat,-0.9921875,0.2648572325706482,0
doll,popbeads,-4.94677734375,0.9720913171768188,0
dollhouse,men,0.3388671875,0.4218294024467468,0
doubt,speculation,-0.925048828125,0.0068277716636657715,0
down,down,0.0,0.0803534984588623,0
down,under,4.087890625,-0.8334519863128662,0
down,upstairs,-3.26171875,-1.8527824878692627,0
down,wireless,3.776611328125,-0.7887128591537476,0
dramatically,suddenly,-0.8720703125,-2.049210786819458,0
dreadful,terrible,-0.0087890625,0.261059045791626,0
drinking,drinking,0.0,0.0803534984588623,0
drove,drove,0.0,0.0803534984588623,0
economics,history,-1.3556289672851562,-0.6607871055603027,0
edge,point,-3.119140625,3.4525482654571533,0
efficiently,smoothly,-4.7614593505859375,-1.8814070224761963,0
electric,gravitational,-2.5181884765625,-0.955612063407898,0
electric,hybrid,-0.0379791259765625,0.3229933977127075,0
electronics,vehicles,-0.8462162017822266,0.4408816993236542,0
eleventh,last,5.2978515625,0.32756537199020386,0
embarrassed,humiliated,1.147216796875,-0.46452346444129944,0
embarrassed,mad,-1.9061279296875,-2.7506296634674072,0
embarrassed,restless,0.086151123046875,-0.2773539125919342,0
emeralds,gold,5.48828125,-0.9615793228149414,0
enlargement,thickening,-3.343505859375,-1.0637378692626953,0
enthusiastic,excellent,-3.3782958984375,-1.1257050037384033,0
enthusiastic,utensiles,1.2872314453125,-0.4474734365940094,0
equal,honest,0.1953125,-1.5446441173553467,0
equal,opposite,2.41796875,-1.0248032808303833,0
evening,morning,-2.32421875,0.4951935112476349,0
evil,good,0.916015625,-2.1218628883361816,0
evil,malicious,-0.6432342529296875,-1.7620112895965576,0
evil,unlucky,-2.3056640625,-0.1641019880771637,0
exactly,well,1.228515625,-3.374290704727173,0
excellent,good,0.75048828125,-0.3129098415374756,0
excesses,shortages,0.78802490234375,-1.2253597974777222,0
exchanging,redeeming,-1.6507568359375,-0.4941451847553253,0
exclamation,interrogation,0.227294921875,0.14572753012180328,0
exhausting,futile,-0.375732421875,0.2576150894165039,0
expand,freeze,-0.6584930419921875,-0.49850359559059143,0
fabric,quilting,-2.61376953125,-0.9475560188293457,0
faces,people,-0.400390625,1.9601014852523804,0
factoring,factorisation,0.459716796875,-0.673241376876831,0
fascinating,noble,2.8558692932128906,-1.3782997131347656,0
fathoms,fathoms,0.0,0.0803534984588623,0
fatter,fatter,0.0,0.0803534984588623,0
features,profiles,1.025390625,0.0594964325428009,0
fed,housed,1.1693115234375,0.9852750301361084,0
feedstocks,ligands,-0.23681640625,-0.6622376441955566,0
felids,nimravids,-0.060546875,0.8100883960723877,0
fielders,sluggers,-2.62353515625,0.6344164609909058,0
figs,wasps,-2.6064453125,1.5288136005401611,0
files,information,-1.1923828125,0.3436022400856018,0
files,stuff,6.9140625,2.0668885707855225,0
fishes,people,0.16015625,0.1890849769115448,0
flatter,flatter,0.0,0.0803534984588623,0
flatulence,shots,-0.73828125,0.4956963360309601,0
flourishing,green,0.491424560546875,-1.338842511177063,0
forests,schools,-0.1484375,0.5024096965789795,0
former,present,0.30078125,3.1860101222991943,0
former,quarter,1.52734375,1.4509700536727905,0
forties,under,7.673828125,1.0761655569076538,0
frazil,pancake,-5.5224609375,-1.399338960647583,0
freeze,shiver,-0.3173828125,-0.15386518836021423,0
frequently,recently,0.89208984375,-0.24454835057258606,0
friendlessly,homelessly,-0.392578125,-0.06593632698059082,0
frustrated,irritated,3.0029144287109375,0.8149744272232056,0
frustrated,whining,-0.0313720703125,0.5765023231506348,0
future,present,-0.556640625,1.0448594093322754,0
gala,rare,1.228515625,-0.4372357428073883,0
gangsters,pimps,2.1337890625,0.1251092255115509,0
geological,zoological,-2.06414794921875,-0.0648154765367508,0
ghostly,good,-1.3583984375,-1.4450656175613403,0
gifts,supplies,0.286468505859375,1.7554733753204346,0
gleaming,greedy,5.1868896484375,0.4789973199367523,0
gloves,hat,-0.375732421875,-1.5890601873397827,0
glowing,immaculate,-2.455322265625,1.746179461479187,0
gold,green,-0.71484375,0.37070319056510925,0
gold,tangerine,-1.29638671875,1.7937657833099365,0
gold,treasure,-1.5361328125,0.2463807761669159,0
good,green,-2.056640625,1.10160493850708,0
good,honest,3.3203125,1.1487984657287598,0
good,honourable,-0.18524169921875,2.0174989700317383,0
good,informative,3.142578125,2.3077807426452637,0
good,mad,-2.005859375,0.6393846869468689,0
good,merciful,-1.6468505859375,1.2468187808990479,0
good,noble,-0.2568359375,0.9562820196151733,0
good,poor,-3.69140625,0.6300172805786133,0
good,straightforward,1.12677001953125,2.0300850868225098,0
good,unconstrained,0.475830078125,3.86948561668396,0
good,well,2.087890625,1.870163917541504,0
gowns,slippers,-3.383087158203125,-0.5163581371307373,0
grains,liquids,-1.3486328125,-0.16262978315353394,0
graphics,photography,0.877105712890625,-0.0976279228925705,0
graphics,photos,-2.66015625,0.9847613573074341,0
grave,questioning,1.15673828125,2.231287717819214,0
grave,terrible,4.109375,0.9739875793457031,0
grave,troubled,1.9852371215820312,1.0137649774551392,0
green,green,0.0,0.0803534984588623,0
green,misty,-0.539306640625,0.647066593170166,0
green,rust,2.5546875,0.7742648124694824,0
green,violet,0.15630531311035156,1.2802447080612183,0
green,wooded,1.74810791015625,0.5083523392677307,0
grows,grows,0.0,0.0803534984588623,0
grumbling,whining,-1.54833984375,0.7698191404342651,0
guile,wile,-2.783203125,0.39777126908302307,0
haggard,troubled,-2.655914306640625,0.5203953981399536,0
handwritten,typed,-0.1884765625,1.1833255290985107,0
hardened,stabilised,-4.36865234375,0.13613350689411163,0
harps,songs,-0.63671875,0.009730488061904907,0
heaviness,sorrow,1.3298187255859375,-0.15920934081077576,0
history,mythology,-0.58447265625,1.6137146949768066,0
honest,honourable,2.8377838134765625,0.7576265335083008,0
honest,industrious,2.111572265625,0.22807833552360535,0
honest,poignant,-1.3876953125,0.1747654378414154,0
honest,straight,4.1640625,0.42778217792510986,0
honest,straightforward,1.0911331176757812,0.6979656219482422,0
honor,manhood,-1.8046875,-0.7888351678848267,0
honor,riches,0.39453125,-0.28037676215171814,0
honor,serve,-0.369140625,3.329489231109619,0
honor,service,-0.55078125,-0.6309081315994263,0
honor,truthfulness,1.01171875,0.4467923045158386,0
honor,wisdom,1.7628326416015625,-1.2132575511932373,0
honourable,merciful,-3.872039794921875,-0.8156019449234009,0
honourable,necessary,-1.930908203125,1.294649600982666,0
honourable,poor,-5.432373046875,-1.1033316850662231,0
hopes,thoughts,0.0146484375,-0.3912408649921417,0
hormones,neurotransmitters,0.558349609375,2.338160753250122,0
hugged,kissed,1.6637382507324219,0.11591434478759766,0
humorously,jokingly,-6.2783203125,-0.08359178900718689,0
hurting,terrifying,1.46746826171875,0.06467738747596741,0
hydrocarbons,oxygen,3.138763427734375,0.13369525969028473,0
hymns,songs,-0.682830810546875,-0.6209667921066284,0
inaccurate,lurid,-2.16552734375,-0.28761187195777893,0
indefensible,unjustified,-0.51220703125,0.9580665826797485,0
indonesian,malaysian,0.426025390625,-0.9780809879302979,0
information,knowledge,0.23046875,-0.8628832101821899,0
information,pictures,-1.158203125,-1.6056504249572754,0
information,services,-0.380859375,-0.5172126293182373,0
information,support,3.671875,-0.2431761622428894,0
information,tips,2.203125,-0.3567529022693634,0
injury,predation,-3.599365234375,0.3782441318035126,0
inputs,microphones,-1.872528076171875,0.0682753175497055,0
ins,outs,-0.166015625,-1.7735719680786133,0
inside,under,4.828125,0.49935466051101685,0
insipid,poor,-3.38671875,-1.3331055641174316,0
insipid,stupid,-2.65234375,-1.1928342580795288,0
insisting,insisting,0.0,0.0803534984588623,0
inspections,inspections,0.0,0.0803534984588623,0
instructions,pictures,-1.187744140625,-2.1503570079803467,0
inventors,scientists,-1.59375,-0.25149062275886536,0
irritated,nervous,-3.80615234375,-1.7129504680633545,0
jagged,uneven,0.48248291015625,0.2416074573993683,0
jammed,overheated,2.50732421875,-0.042579859495162964,0
journals,magazines,-1.7486495971679688,-0.7205550670623779,0
joyfully,willingly,-4.990234375,0.7437769174575806,0
judgment,taste,1.3287353515625,0.1137532889842987,0
juggled,stuff,5.77490234375,2.5544369220733643,0
kid,mutton,-1.994140625,1.1351946592330933,0
knowledge,liberation,0.21630859375,0.4372129440307617,0
knowledge,wisdom,-0.6563568115234375,-0.7938520908355713,0
lace,leather,-2.8427734375,0.7841774225234985,0
lace,needlework,0.6796875,0.9662691354751587,0
last,oldest,-2.26953125,-2.5727221965789795,0
last,sixteenth,-0.6373672485351562,-1.7735626697540283,0
last,steepest,-3.15234375,-0.994274377822876,0
last,twentieth,0.7822647094726562,-0.4618460237979889,0
lefties,lefties,0.0,0.0803534984588623,0
legitimate,popular,0.043212890625,-0.5206552743911743,0
lemonade,sandwiches,-3.3258166313171387,0.4867939054965973,0
libel,slander,8.4765625,-0.14035159349441528,0
liberation,practicality,1.80419921875,-0.22299301624298096,0
lifelike,vivid,-1.56982421875,0.49096325039863586,0
lipsticks,skirts,2.1041259765625,-0.2178463637828827,0
liquid,vapor,1.5078125,1.491847038269043,0
loads,loads,0.0,0.0803534984588623,0
longest,oldest,0.03215789794921875,0.17917421460151672,0
longest,widest,2.0322265625,2.164609670639038,0
look,manner,-0.3818359375,-1.3147621154785156,0
look,voice,-2.900390625,-1.1331489086151123,0
loss,sorrow,-0.255859375,-0.7776519060134888,0
lurid,threatening,2.029632568359375,0.2633829414844513,0
lysosomes,peroxisomes,-3.39892578125,0.3639471232891083,0
made,sold,2.21875,-0.9598020315170288,0
made,spent,0.9140625,-1.2140274047851562,0
majestically,silently,-6.57244873046875,-0.1716853380203247,0
malicious,stupid,2.1885299682617188,0.10345092415809631,0
manner,voice,-1.5205078125,-0.2586081922054291,0
maths,stuff,4.7275390625,3.2806637287139893,0
meagre,unpalatable,-0.16162109375,-0.4938577711582184,0
melodic,progressive,3.3671875,-0.3368380665779114,0
men,men,0.0,0.0803534984588623,0
men,munition,-0.11328125,0.8268684148788452,0
men,people,3.4345703125,1.6605370044708252,0
men,planes,-3.3662109375,0.5413212776184082,0
men,secrets,-4.333648681640625,1.239153265953064,0
men,supplies,0.5982666015625,2.4068405628204346,0
mexican,vietnamese,-0.02149200439453125,-1.1540465354919434,0
mezcal,pulque,-0.255859375,-0.6405652761459351,0
millions,millions,0.0,0.0803534984588623,0
miraculously,suddenly,1.8990478515625,-2.0586750507354736,0
motorcycles,quads,-6.042938232421875,-0.5466551780700684,0
mountainous,northern,-2.779296875,0.5899975299835205,0
mourning,sorrow,-1.0074462890625,-0.546410083770752,0
nervous,poor,-2.94921875,-0.2261054813861847,0
nervous,restless,-0.786376953125,1.1010867357254028,0
nervous,shaky,-2.08984375,-0.5365922451019287,0
nervous,weak,-2.298828125,-0.29201558232307434,0
nitric,sulphuric,-3.72833251953125,0.04877638816833496,0
normal,normal,0.0,0.0803534984588623,0
normal,well,2.7109375,1.130132794380188,0
notorious,puzzling,-0.04705810546875,-1.470576286315918,0
notorious,valuable,-4.1298828125,-1.0903525352478027,0
nut,washer,2.5849609375,1.7851301431655884,0
offside,support,3.0,-1.3935515880584717,0
oxygen,sulphur,6.631072998046875,-0.13794824481010437,0
paints,pencils,-0.42254638671875,-1.1629266738891602,0
patiently,watchfully,-3.8086280822753906,-0.10001736879348755,0
patiently,well,-4.7114715576171875,-0.18984094262123108,0
peel,rot,0.66015625,1.642844796180725,0
people,plywood,2.84765625,-0.4471183121204376,0
people,priest,-0.958984375,-1.582899570465088,0
people,producers,-1.8916015625,0.5533696413040161,0
people,rituals,-0.304931640625,-0.545459508895874,0
people,servants,0.2734375,-0.9985713958740234,0
people,situations,-2.31103515625,-0.8788638114929199,0
people,stuff,5.837890625,0.949954628944397,0
people,supplies,0.34320068359375,0.9272383451461792,0
people,vehicles,-0.39611339569091797,-0.7775328159332275,0
petrochemical,pharmaceutical,0.591796875,-0.611341118812561,0
photography,videography,4.7706298828125,0.9184401035308838,0
picnics,such,6.15777587890625,1.2194715738296509,0
pictures,stuff,11.609375,3.6917736530303955,0
pieces,tags,1.07958984375,-0.7875419855117798,0
plaster,wood,-1.6533203125,-1.0423316955566406,0
play,want,-1.8984375,1.6511117219924927,0
pluck,straight,1.451171875,0.4307432770729065,0
polynesian,scandinavian,-8.82208251953125,0.4223851263523102,0
poor,unnoticed,3.26123046875,4.066357135772705,0
poor,weak,2.1533203125,0.11983045935630798,0
popular,saleable,-4.05078125,-0.8878858089447021,0
postnatal,prenatal,-2.375,-0.744604229927063,0
practising,practising,0.0,0.0803534984588623,0
prejudice,stereotypes,-0.7018280029296875,-0.31611374020576477,0
profane,threatening,5.560981750488281,0.05949294567108154,0
professors,scientists,-0.5455322265625,0.27960923314094543,0
prosper,well,-3.06182861328125,-0.20962020754814148,0
prosperity,welfare,-0.4986114501953125,-0.22305509448051453,0
psychological,terrible,0.850830078125,1.2210263013839722,0
publications,scientists,0.154296875,0.37694475054740906,0
rabbit,sit,-4.421875,-1.7535169124603271,0
radium,sediments,3.009765625,0.4217385947704315,0
rained,rained,0.0,0.0803534984588623,0
rakes,spades,1.0234375,-0.6269577741622925,0
rare,shameful,1.772705078125,1.3300455808639526,0
rare,uncommon,0.636474609375,2.9850821495056152,0
rare,valuable,0.390625,1.7728006839752197,0
rare,wicious,-0.20703125,0.8183231353759766,0
reformist,separatist,-4.650390625,0.26049065589904785,0
restless,troubled,-0.239013671875,0.0006668567657470703,0
reverently,silently,-4.97491455078125,-1.5924091339111328,0
reverently,tenderly,-0.79815673828125,-1.4670963287353516,0
rides,sings,-0.0716552734375,0.09297193586826324,0
roll,roll,0.0,0.0803534984588623,0
runs,shrieks,-3.75341796875,-2.7903828620910645,0
sand,varnish,0.6474609375,0.5582119226455688,0
sandwiches,stuff,5.007559776306152,3.075324058532715,0
satisfied,triumphant,11.86236572265625,-1.166427731513977,0
schools,schools,0.0,0.0803534984588623,0
schools,services,0.501953125,0.4619649350643158,0
schools,situations,-0.91436767578125,-0.004539385437965393,0
schools,staff,4.2666015625,0.3825867474079132,0
schools,stuff,4.171875,2.509481191635132,0
seasons,weather,2.8994140625,-0.39852991700172424,0
servants,servants,0.0,0.0803534984588623,0
service,such,4.890625,1.3316349983215332,0
services,support,3.6640625,1.0897729396820068,0
shakes,twitches,3.466796875,0.027550511062145233,0
shortsighted,weak,-2.896484375,-0.7060084342956543,0
shovels,spades,1.8855438232421875,0.05755665898323059,0
shriller,shriller,0.0,0.0803534984588623,0
silently,smoothly,-1.09588623046875,-1.1977007389068604,0
silently,sorrowfully,1.218994140625,0.4049030840396881,0
silently,suddenly,-0.270263671875,-1.1937861442565918,0
sixteenth,twentieth,4.881599426269531,1.1489287614822388,0
slave,slave,0.0,0.0803534984588623,0
snot,stuff,0.896484375,1.1778346300125122,0
sobbed,sobbed,0.0,0.0803534984588623,0
sodomites,usurers,-6.759765625,0.4491563141345978,0
sonatas,sonatinas,-4.0177001953125,-0.07680585980415344,0
songs,stuff,6.28515625,2.0090038776397705,0
spent,weak,-3.5888671875,-2.543314218521118,0
stacks,stacks,0.0,0.0803534984588623,0
startling,terrible,-3.972412109375,-0.3265046775341034,0
steel,wood,-1.9521484375,-0.6042701005935669,0
straight,sturdy,-2.34173583984375,1.5333688259124756,0
strenuously,well,-2.00323486328125,1.092223048210144,0
stuff,supplies,-5.70391845703125,1.1206146478652954,0
stuff,wood,-5.62109375,-1.2942391633987427,0
stupid,tedious,-2.80859375,0.5154770612716675,0
stupid,weak,-1.84765625,-0.3451743423938751,0
such,such,0.0,0.0803534984588623,0
such,support,-2.01171875,-0.9379087686538696,0
sunset,sunset,0.0,0.0803534984588623,0
supplies,vehicles,2.443897247314453,-1.6616460084915161,0
support,support,0.0,0.0803534984588623,0
taste,wisdom,1.356231689453125,-1.2045197486877441,0
tomorrow,tomorrow,0.0,0.0803534984588623,0
tomorrow,yesterday,-2.515625,0.6704776287078857,0
trolls,witches,-0.07322311401367188,-1.4533250331878662,0
twain,twain,0.0,0.0803534984588623,0
uninjured,well,0.98699951171875,-0.5856924057006836,0
varnish,wood,-4.774658203125,-1.4465961456298828,0
vulnerable,weak,-1.03759765625,-1.297784447669983,0
wave,wave,0.0,0.0803534984588623,0
worse,worse,0.0,0.0803534984588623,0
worser,worser,0.0,0.0803534984588623,0
accuracy,efficiency,2.0925216674804688,-0.12911859154701233,1
accuracy,range,-1.17498779296875,-0.43216371536254883,1
acetone,ethanol,4.9267578125,0.6355195641517639,1
across,across,0.0,-0.12436326593160629,1
admiringly,kindly,0.283203125,-0.1450103372335434,1
aeronauts,workers,-2.17919921875,-0.18383009731769562,1
affairs,infidelities,0.706298828125,0.9678972363471985,1
affection,approval,1.2388916015625,0.7005831599235535,1
affection,impatience,-2.606781005859375,0.4004216194152832,1
afraid,lonely,2.845703125,-1.3323802947998047,1
again,again,0.0,-0.12436326593160629,1
again,now,-2.8671875,-0.3380773663520813,1
again,simply,-3.8515625,2.6811723709106445,1
again,so,0.94140625,0.03816603124141693,1
agile,quick,-5.0419921875,-1.6035093069076538,1
airy,pleasant,-2.555908203125,-0.34315675497055054,1
airy,wholesome,1.5166015625,0.5208584070205688,1
albanian,serbian,-1.792724609375,0.959459125995636,1
alcohol,cocaine,1.21533203125,0.546363890171051,1
allowances,exemptions,-0.96923828125,-0.03788313269615173,1
ample,comfortable,-3.3984375,-1.6643134355545044,1
amputation,castration,-2.6552734375,-0.6355242133140564,1
anglican,catholic,-3.2861328125,0.455746591091156,1
animals,games,0.23046875,0.6436688899993896,1
animals,giggles,6.451171875,0.5900052785873413,1
animals,pets,1.4482421875,0.025253713130950928,1
animals,trees,-0.9365234375,-0.6821112036705017,1
anxiety,impatience,-2.64306640625,-0.25540000200271606,1
anxiety,nervousness,-0.64453125,-0.429779052734375,1
anxiety,paranoia,-1.150390625,-0.2154196947813034,1
anxiety,terror,0.482421875,0.20372824370861053,1
anxiety,worry,2.763671875,0.05028964579105377,1
approval,discussion,0.303619384765625,-0.36103367805480957,1
approval,satisfaction,-4.3824462890625,-2.6952974796295166,1
approve,listen,-1.73583984375,-0.6884608268737793,1
apps,games,-3.07421875,-1.45238196849823,1
armed,resolute,3.00390625,-0.007536008954048157,1
armed,unarmed,3.13726806640625,0.9191827178001404,1
armor,horse,-3.515625,-1.8558552265167236,1
aspirin,sterno,2.083984375,-0.5217647552490234,1
astonished,pained,0.443359375,0.5755333304405212,1
astonishing,disheartening,7.743896484375,0.6882467865943909,1
ate,ate,0.0,-0.12436326593160629,1
ate,talked,1.380859375,1.59618079662323,1
athletics,games,0.6171875,0.4918992519378662,1
athletics,wrestling,2.44677734375,-0.12699580192565918,1
atrocities,death,-1.43408203125,-1.4893381595611572,1
avoid,try,-5.8486328125,-2.044912099838257,1
awed,mute,-0.046875,0.5460093021392822,1
balks,leas,-0.919921875,0.6619783639907837,1
bands,performers,3.24169921875,0.7799060940742493,1
bare,barren,3.00390625,-0.5424932837486267,1
bare,colder,-0.685546875,-0.5852328538894653,1
bare,dusty,2.03857421875,-0.6422948241233826,1
bare,parched,2.3515625,-0.29421913623809814,1
bare,rugged,2.166015625,0.285045862197876,1
bare,stark,-0.4453125,-0.46795016527175903,1
bare,wet,-2.001953125,-1.2956310510635376,1
barns,fields,-3.3466796875,-0.7720312476158142,1
barns,outbuildings,2.788330078125,0.22968904674053192,1
barren,low,-2.083984375,-1.2725778818130493,1
barren,parched,-0.59375,0.10526964068412781,1
barren,rugged,-2.3828125,-0.16139084100723267,1
bars,bars,0.0,-0.12436326593160629,1
bars,bolts,1.505615234375,0.045457348227500916,1
bars,pubs,7.69464111328125,0.14022570848464966,1
bears,catamounts,1.111328125,-0.5633184313774109,1
beds,paths,3.14794921875,1.0893511772155762,1
before,now,-3.45989990234375,-0.6478546261787415,1
before,since,1.23828125,-0.3702150583267212,1
before,so,7.37109375,-0.05854232609272003,1
before,whispered,-2.19921875,0.9639189839363098,1
beheaded,condemned,-0.6605224609375,1.2537901401519775,1
beheaded,flayed,-4.898826599121094,-0.657461941242218,1
benevolently,kindly,-4.653472900390625,-0.6738640666007996,1
beverages,food,1.2197265625,-1.119766354560852,1
billiards,pool,0.9755859375,0.45861488580703735,1
biographical,critical,-1.484466552734375,-0.06091606616973877,1
blogs,newspapers,-0.9453544616699219,-0.8130883574485779,1
bloodshed,quarrels,-4.822418212890625,0.6050134301185608,1
borrowing,borrowing,0.0,-0.12436326593160629,1
bottle,glasses,-2.791015625,-0.6535628437995911,1
brave,intelligent,-3.794361114501953,0.44280165433883667,1
brave,resolute,3.2734375,0.8528012633323669,1
brave,warlike,1.783203125,0.6700251698493958,1
breadth,height,-3.3779296875,-0.5509129166603088,1
briefly,hurriedly,-3.771484375,0.6561695337295532,1
briefly,simply,1.845703125,3.6928834915161133,1
brightest,hottest,-2.430023193359375,0.88433837890625,1
brightest,merriest,2.42822265625,2.3676981925964355,1
brightest,wisest,2.125,1.169492244720459,1
brushed,brushed,0.0,-0.12436326593160629,1
brushed,pressed,-0.4151611328125,0.9345254302024841,1
brushed,wet,-0.4453125,-1.073858618736267,1
buggies,horse,-1.5869140625,-1.3630133867263794,1
buildings,furniture,0.1484375,-0.7306213974952698,1
buildings,land,1.00390625,-0.10750652849674225,1
buildings,towns,-2.08984375,-1.6425503492355347,1
buildings,track,5.26953125,0.6027454137802124,1
buildings,trees,-2.109375,-0.69978266954422,1
bull,cow,-5.96875,-1.8897980451583862,1
bull,trident,-2.7939453125,0.09425604343414307,1
bunny,horse,4.07421875,0.29135048389434814,1
buttercups,clover,-4.03759765625,0.7045234441757202,1
byzantine,roman,-0.1448974609375,-0.9066116809844971,1
calmness,equanimity,0.651611328125,0.47378009557724,1
calvarium,face,2.4375,-1.7993075847625732,1
canoes,skiffs,-1.0168914794921875,-0.13495555520057678,1
capacity,scaleability,0.85650634765625,-0.33764392137527466,1
cardiovascular,nerve,-1.4278564453125,-0.22475172579288483,1
careless,pleasant,2.30859375,-1.7490054368972778,1
careless,reckless,1.147735595703125,0.22792117297649384,1
careless,shiftless,2.8010101318359375,-0.09502439200878143,1
catholic,monarchical,2.339111328125,0.8419446349143982,1
cats,cows,-0.6298828125,-0.9802389740943909,1
cats,stoats,0.4189453125,0.8526379466056824,1
centre,front,-2.3359375,-0.12437239289283752,1
chafed,disappointed,-0.9462890625,-0.7665807604789734,1
chain,collar,0.7294921875,0.382526695728302,1
charm,terror,0.97607421875,0.2319466918706894,1
charming,dusty,1.76513671875,0.49313634634017944,1
charming,genial,2.138671875,0.9571594595909119,1
charming,respectable,-0.33428955078125,1.0094009637832642,1
charming,seductive,5.07720947265625,0.640633761882782,1
charms,witchcraft,-2.133056640625,0.5370217561721802,1
charred,naked,-1.6171875,-0.3157571256160736,1
chatter,strut,2.4326171875,1.0305569171905518,1
chilli,onions,6.859375,0.968830406665802,1
chills,shivers,-1.04736328125,1.2440558671951294,1
chirruping,twittering,-4.3529052734375,-0.10662200301885605,1
cinders,smoke,-2.017578125,-1.3412765264511108,1
circumcision,food,1.38818359375,-2.01808762550354,1
circumcision,scarification,2.986572265625,-0.3784647583961487,1
class,gender,1.403564453125,1.0222383737564087,1
class,snobbery,-3.5732421875,0.8915433287620544,1
clearly,simply,-1.5625,1.651064395904541,1
clearly,succinctly,1.267578125,0.15580613911151886,1
click,tell,2.974609375,1.2335480451583862,1
climb,climb,0.0,-0.12436326593160629,1
climb,jump,0.8046875,-0.4197688698768616,1
club,fang,0.224609375,0.689301609992981,1
club,lash,-1.6796875,0.07352663576602936,1
cocaine,heroine,1.04583740234375,0.4949207901954651,1
colder,colder,0.0,-0.12436326593160629,1
colder,wetter,2.6708984375,-0.28769487142562866,1
colourful,gorgeous,-1.4157867431640625,0.6828239560127258,1
comfortable,easy,1.646484375,0.3385646343231201,1
comfortable,jolly,1.125,0.2771008610725403,1
comfortable,low,-4.275390625,-0.7093603014945984,1
comfortable,pleasant,-2.306640625,-0.46892619132995605,1
comments,concern,-2.8125,-0.5299050807952881,1
commons,lords,-3.861083984375,-1.6063051223754883,1
completeness,finality,5.5634765625,-1.3419969081878662,1
condemned,tried,2.7249755859375,-0.4876580238342285,1
confusing,sad,-3.721435546875,-2.532414436340332,1
considerable,effective,3.69091796875,1.1899961233139038,1
contemporary,contemporary,0.0,-0.12436326593160629,1
cooler,cooler,0.0,-0.12436326593160629,1
cooler,fresher,-3.32373046875,1.007057547569275,1
cooler,grayer,0.818359375,-0.7530138492584229,1
coolly,deliberately,-0.0626068115234375,1.1606221199035645,1
countermarch,march,0.609375,-2.1053407192230225,1
cows,girls,-2.90625,1.8191596269607544,1
cows,goats,-0.3026123046875,0.184499129652977,1
cried,cried,0.0,-0.12436326593160629,1
cried,screamed,-1.3233489990234375,-0.19847042858600616,1
cried,talked,-0.837890625,0.7963271737098694,1
crisp,curly,2.5096435546875,0.6556029915809631,1
crisp,sunny,-0.45928955078125,-0.0909082293510437,1
critical,dictatorial,3.1953353881835938,0.10835017263889313,1
criticism,discussion,2.263641357421875,1.443481206893921,1
cultured,intelligent,0.06524658203125,-0.34549427032470703,1
cunninger,cunninger,0.0,-0.12436326593160629,1
cup,silverware,1.609375,1.0506254434585571,1
curmudgeonly,cynical,-1.751953125,-0.910383939743042,1
damnation,death,-0.12109375,-1.361453652381897,1
darkened,deepened,-2.43853759765625,-0.2013440877199173,1
dearest,kindest,0.78173828125,0.002021186053752899,1
death,fugitive,0.4971923828125,1.6747099161148071,1
death,infamy,1.43359375,1.446865200996399,1
death,infection,-2.2890625,1.1737135648727417,1
death,prison,4.42578125,0.9916971325874329,1
death,terror,-2.20703125,0.8721211552619934,1
death,thirst,-0.33474159240722656,0.5070134401321411,1
deep,deep,0.0,-0.12436326593160629,1
deep,intelligent,-0.0032958984375,0.8819401264190674,1
deep,lonely,1.98828125,0.0011859387159347534,1
deep,low,-1.322265625,0.7936534285545349,1
deep,slow,-0.58203125,0.7196745872497559,1
deep,solitary,2.91455078125,1.2197093963623047,1
deep,sullen,-0.32080078125,1.4402382373809814,1
deep,wide,2.578125,-0.9056068062782288,1
deepened,increased,2.4633331298828125,0.7951404452323914,1
defiance,malediction,0.59228515625,-0.4460703134536743,1
delusion,witchcraft,-0.166259765625,-0.9568567872047424,1
details,subjects,-3.709228515625,-0.14318013191223145,1
dienes,polyenes,0.22100830078125,-0.45559728145599365,1
differentiation,integration,2.8253860473632812,1.0098979473114014,1
dig,dig,0.0,-0.12436326593160629,1
dining,sitting,2.10546875,-1.2584058046340942,1
disappointed,puzzled,-0.10223388671875,-0.26655590534210205,1
disappointed,sad,-2.396484375,-1.369486927986145,1
discipline,holy,1.7652587890625,-0.03851349651813507,1
discipline,obedience,-2.0631103515625,0.09134785830974579,1
discipline,satisfaction,-2.349517822265625,-2.063143730163574,1
discriminating,just,2.6047897338867188,1.9245718717575073,1
disenfranchised,lonely,-3.77734375,-1.7246966361999512,1
dive,dive,0.0,-0.12436326593160629,1
dive,jump,-0.516845703125,-0.3354681134223938,1
dragging,slow,-4.86181640625,-2.1354358196258545,1
drenched,shivering,-2.9723892211914062,0.13387824594974518,1
dressed,washed,0.7890625,0.9184162020683289,1
drinkning,eating,-0.505859375,0.9214369654655457,1
dukes,lords,-1.0125732421875,-0.598745584487915,1
dusty,withered,-1.0836181640625,0.4125822186470032,1
dynasties,kings,-5.96044921875,-1.414040207862854,1
easy,joyful,-0.3154296875,0.6261342167854309,1
easy,pleasant,-0.548828125,-0.7620640993118286,1
easy,quick,-3.5546875,-1.1047964096069336,1
easy,slow,-1.03515625,0.05653540790081024,1
eating,eating,0.0,-0.12436326593160629,1
eating,food,-2.3447265625,-2.46401047706604,1
eating,sitting,0.20703125,-2.081170082092285,1
eating,slurping,-3.0716552734375,-0.6981385350227356,1
eating,thinking,3.0,0.36525654792785645,1
economically,safely,-2.177520751953125,0.9641677737236023,1
effective,quick,-0.65234375,-2.001070022583008,1
effective,rugged,-1.966796875,-1.1828182935714722,1
electrodes,filaments,-3.229248046875,-0.13392193615436554,1
eloquent,grateful,4.2653045654296875,-0.42936480045318604,1
endothermic,homoeothermic,-3.2950439453125,-0.6221148371696472,1
enjoyments,surprises,-2.75830078125,-0.5859660506248474,1
exceeded,reached,-1.88037109375,-0.5771579742431641,1
exist,move,0.869140625,-0.6479260325431824,1
expensive,impractical,0.66015625,0.6449804306030273,1
expensive,just,7.78125,3.036134958267212,1
expensive,showy,0.236328125,0.6192761659622192,1
exporters,importers,0.5109100341796875,-0.10301823914051056,1
fatigue,terror,-1.98272705078125,0.14459753036499023,1
fearlessly,truly,1.3984375,1.0458837747573853,1
feelings,thinking,0.03125,1.604059100151062,1
fewer,fewer,0.0,-0.12436326593160629,1
fibre,metal,-2.70849609375,-0.6401497721672058,1
fields,fields,0.0,-0.12436326593160629,1
fields,mountains,0.3984375,0.018548280000686646,1
fields,trees,-1.7119140625,-0.0645720586180687,1
fierce,resolute,1.6494140625,0.26889294385910034,1
films,musicals,2.732421875,0.27721959352493286,1
finding,seeking,-0.248046875,-1.3622411489486694,1
fingers,food,-0.037109375,0.5831833481788635,1
fingers,gabbling,-0.640625,1.531058430671692,1
fingers,penguin,-3.9493408203125,0.6785332560539246,1
firing,food,-2.952667236328125,-1.8862444162368774,1
flapping,flapping,0.0,-0.12436326593160629,1
flurry,worry,-0.6886558532714844,0.9875043034553528,1
food,horse,1.400390625,0.17772816121578217,1
food,material,2.5703125,0.9427275061607361,1
food,news,1.1669921875,0.9990293383598328,1
food,newspapers,0.23961257934570312,0.2999778389930725,1
fools,weaklings,0.4564208984375,0.01745835691690445,1
forevermore,now,-0.0572509765625,0.40524107217788696,1
forgotten,lonely,-2.416015625,-2.855536937713623,1
fought,fought,0.0,-0.12436326593160629,1
front,hind,2.966796875,1.6185801029205322,1
frozen,wet,-0.45269775390625,-0.5775123834609985,1
frugality,industry,3.31640625,-0.7028578519821167,1
furniture,interiors,1.044921875,2.8115134239196777,1
gaiters,smocks,-3.51171875,-0.060008738189935684,1
gashed,gored,-0.115234375,-0.6491314768791199,1
genial,pleasant,-1.595703125,-0.9704025387763977,1
geographic,magnetic,-1.832834243774414,0.5456748604774475,1
geographical,otherwise,1.8981475830078125,1.4743525981903076,1
geology,mineralogy,5.6669921875,0.961906373500824,1
ginger,sugar,-0.154296875,0.24131958186626434,1
girls,women,1.1708984375,-0.5201376676559448,1
glitter,sequins,2.98583984375,1.2610995769500732,1
goats,knifes,0.4658203125,1.3148163557052612,1
gorgeous,sunny,-0.6937255859375,-1.2868493795394897,1
governments,militaries,-6.8292236328125,-0.15877917408943176,1
grab,try,-5.5107421875,-0.9215294718742371,1
grain,wheat,-1.5257568359375,-0.768875002861023,1
grateful,low,-1.6328125,-2.1408042907714844,1
grateful,luxurious,1.533538818359375,-0.09133778512477875,1
grayer,grayer,0.0,-0.12436326593160629,1
greasing,loosening,-2.625244140625,0.3248722553253174,1
guilty,uncomfortable,1.69976806640625,0.11096678674221039,1
gutters,trees,-0.6025390625,-0.966846764087677,1
handshakes,photo,-2.730224609375,1.3506656885147095,1
happily,safely,-2.770751953125,0.9928659796714783,1
harmless,pleasant,-3.927734375,-1.32505202293396,1
harmless,small,-3.80517578125,-2.3216729164123535,1
hate,hate,0.0,-0.12436326593160629,1
hate,vengeance,1.1463775634765625,0.7588956952095032,1
healed,humbled,2.03515625,-0.08346106112003326,1
herbalists,naturopaths,0.3466796875,-0.10460881888866425,1
heresy,schism,2.05712890625,1.6476556062698364,1
herodotean,homeric,-2.5625,0.14118172228336334,1
hexagonal,monoclinic,-8.1064453125,-0.7188929915428162,1
hish,low,-2.181640625,-1.6283398866653442,1
hither,yon,5.82421875,1.6556974649429321,1
holy,just,2.0625,1.8795710802078247,1
honestly,truly,2.453125,-0.47724366188049316,1
horse,horse,0.0,-0.12436326593160629,1
imitations,sentences,-4.3157958984375,-0.331500381231308,1
impatience,revolt,-1.00341796875,-1.1963988542556763,1
impractical,uncomfortable,-1.8739013671875,-0.08654259145259857,1
increased,stimulated,4.0537109375,0.03732787072658539,1
industry,obedience,-3.009002685546875,1.5773407220840454,1
infamy,shame,-2.615234375,-1.772516131401062,1
insincerity,treachery,-0.567138671875,-0.020087115466594696,1
inspection,repair,1.9109954833984375,0.6558120250701904,1
intelligent,pleasant,-0.531982421875,-1.5958750247955322,1
intelligent,superior,4.2946624755859375,0.7655990123748779,1
intelligent,unprejudiced,0.964935302734375,1.7412859201431274,1
interested,kindly,-0.892578125,-0.05265987664461136,1
interested,slow,-2.3671875,-1.127550721168518,1
interrupted,low,-0.453125,-2.4531970024108887,1
intimate,small,-1.537109375,-2.155074119567871,1
intimidate,try,-3.14837646484375,-0.5292535424232483,1
investments,pilgrimage,-4.123779296875,-0.28935331106185913,1
just,pious,-6.759765625,-2.9903783798217773,1
just,rightful,-6.166015625,-3.039132833480835,1
just,try,-6.25244140625,-3.514298915863037,1
kindest,wisest,0.658935546875,-0.8907714486122131,1
kindly,philanthropic,-1.10223388671875,0.39816397428512573,1
kindly,pious,-1.703125,0.27467262744903564,1
kindly,pleasant,-3.529296875,-1.2238925695419312,1
kings,lords,1.02685546875,1.91420316696167,1
kiss,tell,-1.2109375,0.9925218224525452,1
knock,try,-3.19140625,-0.030341342091560364,1
labored,slow,-2.98828125,-1.8895374536514282,1
laces,stays,2.873046875,-0.8102397322654724,1
laconic,slow,-1.513671875,-0.43926775455474854,1
land,mountains,-2.123046875,-0.3239735960960388,1
land,naval,1.734375,0.9348053336143494,1
land,possessions,0.642578125,1.3103171586990356,1
land,seas,-0.15234375,1.1286135911941528,1
land,try,-2.6806640625,0.4452472925186157,1
laxer,shaggier,-6.888671875,-0.29237741231918335,1
lesbians,women,2.45703125,-0.8763909935951233,1
lethality,range,-1.54296875,-1.33356511592865,1
lettuce,radishes,0.1070556640625,0.6363908052444458,1
lie,lie,0.0,-0.12436326593160629,1
lie,shoot,-0.138671875,1.7559305429458618,1
listen,listen,0.0,-0.12436326593160629,1
listen,pause,-3.193359375,-3.2678966522216797,1
listen,try,-3.6767578125,-1.2564725875854492,1
literature,newspapers,-0.6074948310852051,0.6679818034172058,1
literature,religion,-0.060546875,0.8771440982818604,1
lonely,sad,-0.30078125,-0.6095301508903503,1
lonely,sick,-2.5625,-0.25846123695373535,1
lonely,solitary,0.26904296875,1.0611209869384766,1
lonely,wet,-2.8740234375,0.05722527205944061,1
lonely,wide,-0.015625,-2.2233378887176514,1
low,lower,1.83154296875,0.5144289135932922,1
low,primary,-1.05078125,0.7786932587623596,1
low,quick,0.97265625,0.14201535284519196,1
low,rounded,4.646484375,0.2564796805381775,1
low,sad,3.0712890625,-0.23744656145572662,1
low,slow,3.919921875,0.9069305062294006,1
low,wet,0.904296875,-0.11372844874858856,1
lower,lower,0.0,-0.12436326593160629,1
lower,slower,-2.15625,0.5964117050170898,1
lowriders,women,0.802734375,-0.8955179452896118,1
maimed,sick,0.62109375,-1.6688252687454224,1
manacle,prison,-3.73046875,0.26137012243270874,1
march,sing,-0.7431640625,2.585724115371704,1
memorizing,remark,0.33984375,-0.5496309399604797,1
mercury,mud,-2.7091064453125,-0.9506609439849854,1
metal,woodwork,3.6416015625,0.4123618006706238,1
mid,small,-6.412109375,-0.8940109014511108,1
moderator,panelist,2.8759765625,0.20212547481060028,1
molecules,solids,4.0880889892578125,0.3226313591003418,1
mom,pop,2.728515625,-0.01437988132238388,1
momentum,position,2.61102294921875,-0.6995672583580017,1
monstrous,terrific,4.958473205566406,0.6882163882255554,1
morality,religion,0.8876953125,-0.39858144521713257,1
mortice,tenon,-2.8125,-0.5699731707572937,1
mountains,plateaux,3.07421875,1.4913580417633057,1
mountains,seas,2.1318359375,0.9245107769966125,1
mountains,trees,-0.79296875,-0.21409599483013153,1
move,move,0.0,-0.12436326593160629,1
move,position,-4.404296875,-0.8555962443351746,1
mud,slime,2.697265625,0.7735057473182678,1
mud,stones,0.0146484375,-0.34724336862564087,1
murdering,robbing,1.38671875,0.2895570397377014,1
murkier,murkier,0.0,-0.12436326593160629,1
naked,weaponless,11.46435546875,-0.35571402311325073,1
napkins,silverware,2.49853515625,0.7038820385932922,1
nervously,peevishly,2.4037704467773438,-0.4343295693397522,1
newies,townies,-1.6875,0.3018445372581482,1
nicer,nicer,0.0,-0.12436326593160629,1
nights,nights,0.0,-0.12436326593160629,1
nodding,nodding,0.0,-0.12436326593160629,1
nodding,rocking,-0.6316947937011719,-0.6806158423423767,1
now,now,0.0,-0.12436326593160629,1
now,so,-0.388671875,0.8036766648292542,1
nursery,primary,-1.5078125,0.8067397475242615,1
obedience,restraint,-0.9754638671875,-0.46698707342147827,1
obedience,socialization,-0.7982177734375,-0.8106561303138733,1
obedience,terror,0.10739898681640625,-0.5958089828491211,1
office,wealth,-2.927734375,0.1793060153722763,1
oftener,oftener,0.0,-0.12436326593160629,1
opens,slams,1.65478515625,0.6848227381706238,1
outbuildings,trees,-6.47216796875,-0.804955005645752,1
overalls,pigtails,-2.1796875,-1.148079514503479,1
pans,tachos,0.9482421875,0.5656070113182068,1
parched,uncomfortable,-1.6727752685546875,0.3023694157600403,1
pauses,progresses,-1.8345928192138672,0.7735645771026611,1
peculiar,quick,0.396484375,-0.7675829529762268,1
perishing,sickening,-5.857421875,-0.8317639231681824,1
petrol,petrol,0.0,-0.12436326593160629,1
pitched,unwound,5.015625,0.8895879983901978,1
plainer,plainer,0.0,-0.12436326593160629,1
planning,thinking,-0.5546875,0.9901081919670105,1
pleasant,solitary,0.4365234375,1.0204845666885376,1
pleasant,wholesome,3.035888671875,1.0450347661972046,1
portly,princely,-0.5146484375,-0.4305347204208374,1
position,wealth,-4.458984375,-0.8338423371315002,1
possessions,products,-1.646484375,-1.510851263999939,1
pressed,trodden,-0.90789794921875,-1.530443549156189,1
primitive,small,-3.4789810180664062,-2.583599090576172,1
principle,purpose,6.98974609375,-0.8478067517280579,1
prison,psychiatrists,2.88818359375,-0.0371459424495697,1
processes,products,-1.85302734375,-1.0469739437103271,1
processes,uses,-1.447021484375,1.4696851968765259,1
psychologists,sociologists,-2.0986328125,-0.4857940077781677,1
puffed,puffed,0.0,-0.12436326593160629,1
puzzled,slow,1.0358123779296875,-1.0564085245132446,1
quick,resolute,4.150390625,0.5675132870674133,1
quick,skilful,-0.856201171875,0.5466178059577942,1
quick,small,-1.3251953125,-1.483371615409851,1
raining,raining,0.0,-0.12436326593160629,1
rarer,rarer,0.0,-0.12436326593160629,1
reached,rounded,-1.23193359375,-1.566379427909851,1
read,read,0.0,-0.12436326593160629,1
read,talked,0.8046875,1.478026032447815,1
read,try,-1.017578125,-1.567073941230774,1
realer,realer,0.0,-0.12436326593160629,1
realism,symbolism,2.077880859375,0.45579177141189575,1
reared,whinnied,1.0084228515625,0.29976654052734375,1
redder,redder,0.0,-0.12436326593160629,1
ride,shoot,0.515625,0.4732329249382019,1
rounded,rugged,-0.13525390625,0.1323634833097458,1
rubies,sapphires,3.3291015625,0.3849623203277588,1
rugged,small,-2.3193359375,-2.7876510620117188,1
rugged,steep,-3.396484375,-1.2110503911972046,1
rugged,thrifty,-1.7919921875,-0.400715172290802,1
ruthlessness,treachery,0.9097900390625,0.8325300216674805,1
sad,sick,-0.841796875,0.010318174958229065,1
sad,solitary,1.431640625,0.9406905770301819,1
sad,sullen,0.9033203125,1.9027012586593628,1
safely,simply,1.86328125,1.790891408920288,1
scowling,squinting,1.859039306640625,-0.04514084756374359,1
screamed,screamed,0.0,-0.12436326593160629,1
secretive,vengeful,1.252197265625,0.12075632810592651,1
seductive,sexy,-0.653411865234375,-0.25299859046936035,1
selective,skilful,-3.005126953125,-0.5256041288375854,1
sepsis,thrombosis,-0.92626953125,0.1408746987581253,1
serbian,yugoslav,4.025825500488281,0.22081853449344635,1
set,try,-2.88671875,-0.032608501613140106,1
shale,stones,-3.265625,-0.5886525511741638,1
shell,shrapnel,0.759765625,1.2119756937026978,1
shoot,shoot,0.0,-0.12436326593160629,1
simply,strictly,-1.6434326171875,-2.1932895183563232,1
slow,slower,0.36328125,-0.053653545677661896,1
slow,small,-2.0400390625,-2.468717575073242,1
slow,wearily,-0.7255859375,0.16084973514080048,1
slower,slower,0.0,-0.12436326593160629,1
slower,surer,1.97265625,-0.18787845969200134,1
small,uncomfortable,4.8817596435546875,2.0773327350616455,1
small,unimportant,3.95941162109375,3.348815441131592,1
snake,stool,0.216796875,0.3018707036972046,1
so,so,0.0,-0.12436326593160629,1
stool,truck,0.8984375,-0.8957290053367615,1
stranger,stranger,0.0,-0.12436326593160629,1
stretched,stretched,0.0,-0.12436326593160629,1
stunned,stupefied,2.1243247985839844,0.03853248059749603,1
sullen,wrathful,2.74627685546875,-0.34744495153427124,1
sun,sun,0.0,-0.12436326593160629,1
sunnier,sunnier,0.0,-0.12436326593160629,1
swiftest,wisest,-2.8325347900390625,0.21372543275356293,1
talked,talked,0.0,-0.12436326593160629,1
talked,walked,-2.611328125,-2.0405349731445312,1
teaspoon,teaspoons,2.9369006156921387,0.036111511290073395,1
thinking,thinking,0.0,-0.12436326593160629,1
thinking,wishing,3.2998046875,-0.8294976949691772,1
thousands,thousands,0.0,-0.12436326593160629,1
tighter,tighter,0.0,-0.12436326593160629,1
trees,trees,0.0,-0.12436326593160629,1
trees,undergrowth,5.07421875,2.4723353385925293,1
tried,tried,0.0,-0.12436326593160629,1
try,try,0.0,-0.12436326593160629,1
walked,walked,0.0,-0.12436326593160629,1
weeps,weeps,0.0,-0.12436326593160629,1
wetter,wetter,0.0,-0.12436326593160629,1
whispered,wore,-3.041015625,0.05449919402599335,1
wishing,wishing,0.0,-0.12436326593160629,1
younger,younger,0.0,-0.12436326593160629,1
abloom,sweet,-0.388671875,-2.692519426345825,2
abuse,derision,-0.189453125,-0.8211833238601685,2
abuse,profanity,-1.24267578125,-0.36732804775238037,2
abuse,violence,-0.1708984375,-0.9758740663528442,2
aching,hot,-3.76953125,-2.1370346546173096,2
acrid,hot,-2.8515625,-1.7675602436065674,2
acronyms,bits,6.56640625,0.960200846195221,2
addictive,dangerous,2.44970703125,-0.8016481399536133,2
addresses,names,-4.66876220703125,-0.5441507697105408,2
adorable,cute,-3.09979248046875,-2.683845043182373,2
age,dirt,2.263671875,0.9014756679534912,2
age,usage,1.2900390625,2.7894365787506104,2
algae,cyanobacteria,1.1336708068847656,-0.590274453163147,2
algae,pondweed,-1.008056640625,0.04351876676082611,2
algae,salts,0.38702392578125,-0.5112528204917908,2
always,always,0.0,0.011962905526161194,2
always,everywhere,-1.892578125,-1.80257248878479,2
amazed,furious,0.4759674072265625,-0.9145653247833252,2
amazed,screaming,-2.1376953125,0.05707302689552307,2
amazed,terrified,0.44415283203125,0.903564453125,2
amazed,utter,1.4384765625,1.1315499544143677,2
ambulance,police,-1.099853515625,0.4258999824523926,2
amending,improving,2.34405517578125,-0.7692957520484924,2
amplifiers,loudspeakers,0.7955322265625,-1.049239158630371,2
analysis,commentary,-0.889862060546875,-0.6380307078361511,2
analysis,presentation,0.19415283203125,-1.327614188194275,2
analysis,remodeling,-8.709747314453125,-0.09578472375869751,2
animated,fresh,-0.85546875,-1.3993775844573975,2
antifreeze,polyester,2.1494140625,-0.3846966624259949,2
arch,winsome,-0.1546630859375,0.027457252144813538,2
argue,debate,-0.669921875,0.01764144003391266,2
arrives,comes,0.2328033447265625,-1.5611263513565063,2
artificial,insincere,7.3524169921875,0.6849377155303955,2
ascending,descending,-1.2547607421875,-0.42047417163848877,2
ash,gas,-1.18359375,0.7661157250404358,2
astrology,mathematics,-0.8813247680664062,-0.5824980735778809,2
aviation,certification,2.43536376953125,0.2878577709197998,2
backing,veering,-1.7529296875,0.3664785623550415,2
badminton,swimming,-0.2265625,-0.5320250391960144,2
banking,finance,0.4619598388671875,0.1651560217142105,2
banksia,eucalyptus,0.122802734375,0.3038107454776764,2
bark,crow,0.39453125,0.9968215227127075,2
basophils,eosinophils,1.86138916015625,0.38233375549316406,2
batteries,magnets,1.59912109375,-0.24820385873317719,2
beaded,embroidered,0.40735816955566406,0.7551490068435669,2
bearskins,deerskins,1.8380126953125,1.338389277458191,2
bedelia,sally,2.74609375,0.7236598134040833,2
beetlebugs,caterpillars,1.0814495086669922,-1.0120441913604736,2
begged,shivered,-3.266876220703125,-0.1950480192899704,2
behaviourally,morphologically,3.20281982421875,-0.14698903262615204,2
bell,tentacles,-3.767333984375,0.36902081966400146,2
bereavement,destruction,2.2884521484375,0.18243201076984406,2
bettering,education,0.283203125,-2.758697032928467,2
bias,discrimination,0.4098968505859375,0.2750259041786194,2
biggest,gravest,2.343017578125,0.39738500118255615,2
binding,lawful,-2.26904296875,-1.0057013034820557,2
bionic,hot,1.26171875,-1.8988991975784302,2
birds,dolls,0.4287109375,0.13191372156143188,2
birds,mammals,-4.68304443359375,0.7973235845565796,2
birds,mosquitoes,0.2220458984375,1.4146528244018555,2
bits,bits,0.0,0.011962905526161194,2
bits,dirt,-2.2265625,-0.5565770864486694,2
bits,dust,-2.021484375,-0.30405253171920776,2
bits,strips,1.78369140625,-0.06700126826763153,2
bitter,cloudy,-0.3825225830078125,-0.6779567003250122,2
bitter,furious,-0.36553955078125,-0.056413039565086365,2
bitter,hot,-0.4921875,-1.8962582349777222,2
bitter,malignant,-2.092071533203125,-0.1687338501214981,2
bitter,proud,0.853515625,-0.8460804224014282,2
bitter,repeated,0.8984375,0.09699361026287079,2
bitter,sanguinary,2.947265625,0.2581977844238281,2
bland,innocent,-1.2265625,0.17335517704486847,2
blankets,cushions,1.0671234130859375,0.7220331430435181,2
blankets,dolls,-1.4630546569824219,-0.10936720669269562,2
bleed,bleed,0.0,0.011962905526161194,2
blinking,winking,2.6635241508483887,-0.1505047231912613,2
blocks,box,-2.966796875,-1.2428170442581177,2
blocks,rebounds,1.33203125,0.6255704164505005,2
blocks,toys,0.5234375,0.3788853883743286,2
blooming,fresh,-0.59423828125,-2.186922550201416,2
blotched,red,-3.3193359375,-2.470876932144165,2
blotched,wrinkled,-2.9161376953125,0.09324993193149567,2
bluebells,cowslips,1.75384521484375,-0.33378368616104126,2
bondage,distress,-3.2548828125,1.4223120212554932,2
bone,muscle,0.7666015625,1.1267597675323486,2
bored,impatient,3.1751365661621094,0.5645374655723572,2
bored,neglected,3.375490188598633,0.600159764289856,2
bored,tired,1.1875,-0.5742886066436768,2
bottles,bottles,0.0,0.011962905526161194,2
bourbon,whiskey,-1.92529296875,-0.2757951617240906,2
box,tape,1.515625,0.9805861711502075,2
boxing,swimming,4.641845703125,1.2863985300064087,2
brusque,businesslike,-0.275390625,0.2318439930677414,2
bulkhead,deck,-1.603515625,0.05403488874435425,2
burgers,shrimp,1.810791015625,0.329953670501709,2
burrows,feeds,-1.4910888671875,1.5571955442428589,2
calendar,email,-1.1880950927734375,-0.15550564229488373,2
calms,storms,-1.34222412109375,0.8124690055847168,2
camaraderie,friendship,-4.056640625,-1.6975054740905762,2
came,listened,1.328125,0.6556684970855713,2
camels,donkeys,-0.0775146484375,1.2789841890335083,2
camels,goods,-0.9140625,1.11139714717865,2
cameras,toys,1.24688720703125,0.6293662786483765,2
candidacy,vote,-0.326171875,-0.8672811985015869,2
cantons,cantons,0.0,0.011962905526161194,2
cap,weeping,1.3492431640625,0.6254045367240906,2
capability,lines,-4.556640625,0.19376172125339508,2
catalysts,pigments,0.5073776245117188,0.04639096558094025,2
categories,subcategories,4.8987274169921875,0.8064478635787964,2
challenges,controversies,-2.4847412109375,0.6494293808937073,2
chapters,chapters,0.0,0.011962905526161194,2
cheated,robbed,-0.898284912109375,0.3069189488887787,2
cheerfulness,courage,5.3916015625,-0.11752574145793915,2
cheese,egg,1.041015625,0.7717365026473999,2
cheese,garlic,1.3486328125,3.8124895095825195,2
cheese,meat,-2.2578125,1.1781501770019531,2
cheese,tomato,1.107421875,2.9581143856048584,2
chemicals,heat,1.811248779296875,0.13796745240688324,2
chemicals,polymers,2.0221481323242188,0.2237040102481842,2
chuckles,nods,2.703125,0.7274780869483948,2
clandestine,immoderate,1.69921875,0.7797612547874451,2
clatter,clicks,-1.552734375,0.2948160171508789,2
clear,clear,0.0,0.011962905526161194,2
clear,compelling,1.596435546875,1.3154866695404053,2
clear,composed,5.3984375,0.6430676579475403,2
clear,fresh,1.6025390625,-1.3941901922225952,2
clear,frosty,-5.2373046875,-0.17808543145656586,2
clear,full,2.326171875,-0.6450312733650208,2
clear,lighter,-1.6962890625,-0.5119127631187439,2
clear,limpid,0.759765625,0.4918869137763977,2
clear,precise,-0.02685546875,1.2903996706008911,2
clear,red,-0.505859375,-1.846923589706421,2
clear,regular,2.03515625,0.6612193584442139,2
clear,smooth,-0.9375,-1.1518256664276123,2
clear,specific,0.6796875,1.0779316425323486,2
clear,starry,-1.162109375,0.689267635345459,2
clear,sweet,-2.4130859375,-2.0971810817718506,2
clear,true,0.8388671875,0.3667188286781311,2
clear,unhesitating,3.148681640625,1.8832203149795532,2
clearer,clearer,0.0,0.011962905526161194,2
clearer,louder,0.1876220703125,-0.645430862903595,2
climbed,climbed,0.0,0.011962905526161194,2
climbed,scrambled,1.6739697456359863,-0.607460618019104,2
closed,forbidding,-0.1162109375,1.5792818069458008,2
closed,secured,-1.5604362487792969,0.8524076342582703,2
closets,pantry,4.9345703125,0.4204615354537964,2
cloudy,gray,1.1853485107421875,-1.2464392185211182,2
coarse,scanty,-0.0163116455078125,0.14270101487636566,2
coarse,tough,-2.0941543579101562,-1.1547640562057495,2
cobwebs,dirt,-1.378204345703125,-0.4679281711578369,2
cobwebs,dust,0.0537109375,0.23192252218723297,2
coins,medals,0.7763671875,0.194458469748497,2
coins,notes,1.591796875,0.07379181683063507,2
combat,demolition,2.45703125,0.09875883162021637,2
communicating,composition,-2.1298828125,-0.9029051065444946,2
company,tiffany,-1.865966796875,0.11371879279613495,2
compare,contrast,-0.0048828125,-0.4534085988998413,2
competitive,cultural,-1.484771728515625,-0.8244727849960327,2
complex,dangerous,4.6640625,-1.2959853410720825,2
complex,proud,-1.96484375,-2.4790971279144287,2
complex,unresolved,1.46875,-0.011165902018547058,2
complex,vast,-5.02734375,-3.309030532836914,2
composition,singing,0.408203125,-0.7023071646690369,2
computers,radio,-0.3126220703125,-0.9942159652709961,2
computers,science,-1.328125,-1.3078629970550537,2
comradery,friendship,0.056640625,-1.8240922689437866,2
concordats,treaties,1.6121826171875,0.2940998673439026,2
conditions,standards,-2.47198486328125,-1.313252329826355,2
conferences,lectures,-1.57513427734375,0.5970422029495239,2
confidence,courage,0.8828125,-0.0054668039083480835,2
confidence,encouragement,0.425537109375,1.2106276750564575,2
confidence,faith,1.169921875,0.06561217457056046,2
confidence,friendship,-0.94140625,-1.56224524974823,2
confrontation,dissention,3.3795700073242188,-0.19714312255382538,2
conscience,morals,3.0103759765625,-0.539840817451477,2
conscience,reason,1.03131103515625,0.9501836895942688,2
consequentialism,deontology,-1.71923828125,-1.5461832284927368,2
consistently,correctly,-0.5911865234375,-0.5204970836639404,2
convenience,friendship,2.55029296875,-2.457934856414795,2
coordinated,disciplined,1.560546875,1.0058172941207886,2
corals,shells,-2.5137939453125,-1.592826247215271,2
cordiality,friendship,1.22064208984375,-1.6889673471450806,2
cormalite,limestone,-0.31451416015625,0.060757771134376526,2
courage,dignity,-0.7167510986328125,0.7407742142677307,2
courage,discernment,0.6607666015625,0.9181745052337646,2
courage,faith,-0.7734375,-0.2766006588935852,2
courage,optimism,-1.28369140625,0.7275591492652893,2
courage,strength,-0.3935546875,-1.0812667608261108,2
creamy,smooth,-0.419677734375,-0.5458191633224487,2
creamy,sweet,0.27734375,-1.746837854385376,2
creamy,thick,-0.39453125,-1.164068341255188,2
criticized,unpopular,-0.5343017578125,-0.9166839122772217,2
crooked,dangerous,2.2456130981445312,-0.3177882432937622,2
crude,early,5.046875,-0.5898551940917969,2
cruelty,injustice,1.259521484375,0.8788236379623413,2
cruelty,oppression,-0.74072265625,0.23309452831745148,2
cruelty,selfishness,-1.65283203125,-0.41531336307525635,2
cruelty,violence,-4.2646484375,-0.5943933129310608,2
cultural,education,-2.18206787109375,-1.3988430500030518,2
cultural,personal,0.256744384765625,0.4447871446609497,2
cultural,physical,-0.14410400390625,0.6618332862854004,2
cultural,publicity,-3.5463409423828125,-0.35688167810440063,2
cultural,sporting,-0.424560546875,-0.1675109714269638,2
curiously,suspiciously,0.24420166015625,-0.0471600741147995,2
cushions,trucks,1.0973281860351562,-0.5733998417854309,2
cute,innocent,1.494140625,0.9792228937149048,2
cute,sweet,2.87451171875,0.26142725348472595,2
cyanotic,unresponsive,-4.4853515625,1.5632599592208862,2
cycling,swimming,-0.60498046875,-1.072482943534851,2
damanes,trespass,0.82177734375,0.8925931453704834,2
dangerous,hot,-4.71875,-1.7375260591506958,2
dangerous,miserable,-1.544921875,-0.1883823722600937,2
dangerous,true,-2.49609375,-0.305233359336853,2
dangerous,unpopular,-1.60693359375,0.5702002048492432,2
darkening,lightening,0.466796875,0.224964901804924,2
datebooks,pens,0.43359375,0.7422803640365601,2
deceit,dishonesty,0.7125244140625,-1.8908060789108276,2
deeds,documents,-2.374725341796875,-0.9028259515762329,2
deeds,notes,-2.552734375,-0.8475856781005859,2
defeated,unpopular,-0.74041748046875,-1.3888710737228394,2
demolition,deterioration,-1.017578125,-0.08094334602355957,2
demolition,maintenance,0.51165771484375,0.509519100189209,2
demonolatry,idolatry,-2.13458251953125,-0.03016570210456848,2
deportment,dignity,-0.7751617431640625,-0.942168116569519,2
depraved,sinful,1.404296875,-1.1156824827194214,2
derision,drunkenness,-3.8828125,-0.9796909093856812,2
destruction,misery,0.955078125,-0.006050094962120056,2
destruction,rebirth,-5.436279296875,-0.002472221851348877,2
destruction,war,0.998291015625,-0.012638136744499207,2
developed,modern,-3.78515625,-2.813952922821045,2
dialogs,recitations,-3.25775146484375,0.8434832096099854,2
dials,receiver,-10.460803985595703,-0.028501436114311218,2
died,suffered,-0.634765625,1.676784873008728,2
dignity,strength,1.8704833984375,-1.4290655851364136,2
dinosaur,lion,-0.048828125,0.9301801919937134,2
dirt,dust,1.9140625,0.45640450716018677,2
dirt,poisons,0.313629150390625,0.3597524166107178,2
disaster,failure,1.44921875,0.03380407392978668,2
disciplined,regular,-1.5435791015625,-2.088655471801758,2
discrimination,fights,0.8332481384277344,-0.4960235357284546,2
discrimination,slavery,-3.6568984985351562,-0.2764192223548889,2
discrimination,violence,-1.6589508056640625,-0.671011209487915,2
dishonesty,injustice,0.0550079345703125,1.8536957502365112,2
disobedience,misery,1.77825927734375,-0.3892953395843506,2
disobedience,negligence,-3.354217529296875,-0.8720345497131348,2
dispatch,neatness,-3.7705078125,-1.9279884099960327,2
distress,misery,1.1689453125,-1.6682765483856201,2
distress,privation,-7.93603515625,-2.3454885482788086,2
dogs,dolls,0.51171875,0.6253563165664673,2
dogs,ferrets,-1.22265625,1.5592535734176636,2
dogs,pistols,0.77783203125,1.2385616302490234,2
dogs,poets,1.30078125,0.48405230045318604,2
dollars,dollars,0.0,0.011962905526161194,2
dolls,dolls,0.0,0.011962905526161194,2
dolls,pram,4.6064453125,2.381922960281372,2
dolls,toys,-1.8203125,0.4042512774467468,2
domestic,local,1.44793701171875,0.5142138600349426,2
domestic,sexual,-0.01861572265625,0.9581992030143738,2
dominant,official,-1.78857421875,-1.3178232908248901,2
downhearted,gloomy,5.691070556640625,-1.1728010177612305,2
dozens,dozens,0.0,0.011962905526161194,2
draw,schedule,-2.8494873046875,0.5709596276283264,2
dreams,reality,0.328125,1.6582612991333008,2
dreams,stories,0.748046875,0.6316403746604919,2
drongos,flycatchers,2.4613037109375,-2.36492919921875,2
dug,dug,0.0,0.011962905526161194,2
dumplings,steam,-2.5908203125,0.04902245104312897,2
dust,gas,0.251953125,1.0606250762939453,2
dust,gravel,1.24951171875,0.49152427911758423,2
dust,heat,-0.521484375,0.38360506296157837,2
dust,waste,-1.384765625,0.8523444533348083,2
dweebs,geeks,1.705078125,-0.15418575704097748,2
dyers,weavers,5.01953125,-0.4472774267196655,2
early,extraordinary,0.624969482421875,3.0250296592712402,2
early,personal,0.63262939453125,1.8444362878799438,2
earthworks,megaliths,-1.416015625,0.417846143245697,2
easier,easier,0.0,0.011962905526161194,2
easier,lighter,-1.2333984375,-1.0033494234085083,2
easier,louder,-2.3653564453125,-1.6990797519683838,2
eddied,swirled,-8.9404296875,-1.227918028831482,2
education,pedagogy,-1.527587890625,1.7290786504745483,2
education,science,0.541015625,0.05615031719207764,2
egg,tongue,-0.68359375,0.29339301586151123,2
elements,shapes,2.7666015625,-0.6313860416412354,2
embarrassment,pleasure,1.1853179931640625,-2.645778179168701,2
embeddings,manifolds,4.25079345703125,-1.6653542518615723,2
emperors,empresses,-0.011280536651611328,0.6469744443893433,2
encouragement,praise,0.136138916015625,-1.1950793266296387,2
encouragement,warning,0.946014404296875,-0.43448877334594727,2
enlarged,hollow,1.6666259765625,-0.9385747909545898,2
enlarged,reduced,-1.98876953125,-1.6649576425552368,2
enlarged,revised,-2.4923248291015625,0.3275465965270996,2
enormous,majestic,5.4521026611328125,-0.9500129222869873,2
enormous,powerful,1.957916259765625,-0.9864645004272461,2
entertainments,parties,0.99609375,0.22446699440479279,2
erect,fearless,-1.58984375,-0.5734723806381226,2
erect,masterful,6.4976806640625,-1.435895323753357,2
espresso,juice,-2.517578125,-2.0813519954681396,2
events,events,0.0,0.011962905526161194,2
events,names,0.064453125,-0.21656344830989838,2
events,relationships,-5.076385498046875,-0.9304922819137573,2
events,stories,-3.421875,-0.8273889422416687,2
example,precept,0.265625,0.4869297742843628,2
exhausted,hot,-2.3088302612304688,-2.682267665863037,2
expound,reason,-1.859375,-0.012653931975364685,2
exterior,interior,-1.8497314453125,-0.007282093167304993,2
facts,myths,-4.2578125,-0.25491905212402344,2
facts,names,2.3955078125,-1.0482293367385864,2
faith,glory,-0.41015625,0.12482710182666779,2
faith,morals,0.0087890625,0.50456303358078,2
faith,reason,0.19769287109375,1.6919164657592773,2
faith,science,-0.208984375,-0.9762527942657471,2
faith,violence,1.6689453125,0.48623520135879517,2
fall,tumble,1.690460205078125,0.3477552533149719,2
famous,hot,-0.0703125,-0.5890281796455383,2
farming,livestock,0.9486083984375,0.5518640875816345,2
fast,febrile,-4.8828125,1.6800143718719482,2
fast,furious,1.0427093505859375,1.8555753231048584,2
fast,mushy,0.8984375,2.3988072872161865,2
fast,powerful,2.0546875,1.6320163011550903,2
fast,steadily,3.5816268920898438,2.186708450317383,2
fast,sure,4.33203125,1.3727285861968994,2
fast,thick,2.451171875,0.5113078951835632,2
fast,tough,-1.357421875,0.6074619889259338,2
fast,true,-1.177734375,1.108180284500122,2
fearless,gallant,1.2138671875,0.2706639766693115,2
fights,war,5.26171875,0.37409794330596924,2
fits,starts,0.87890625,-0.829247236251831,2
flabby,wrinkled,-3.406005859375,0.24681495130062103,2
flattery,persistence,7.881591796875,-0.15166477859020233,2
flattery,pleasure,0.9378662109375,-1.0871254205703735,2
flattery,servility,-0.07421875,-0.2948570251464844,2
flies,mosquitoes,0.2240142822265625,1.1500316858291626,2
flippers,lungs,2.88250732421875,-0.13250227272510529,2
flopped,stumbled,1.86328125,0.17536629736423492,2
flushed,hoarse,-2.2572102546691895,0.3079822063446045,2
flushed,hot,1.4072265625,-2.0070745944976807,2
flushed,impatient,3.2911376953125,1.1912685632705688,2
flushed,radiant,2.205078125,0.02203322947025299,2
flushed,red,-0.150390625,-1.7195266485214233,2
flushed,tired,3.533203125,-0.29794013500213623,2
flushed,unhappy,6.6875,0.10304830968379974,2
fog,storms,-1.03955078125,-0.1224009245634079,2
fog,wind,-0.9033203125,-0.5777246952056885,2
forage,gather,2.265625,1.6771780252456665,2
foreboding,loneliness,-3.1400680541992188,-0.8952962160110474,2
founding,full,2.3671875,-1.2001893520355225,2
founding,prominent,-0.1767730712890625,-0.7341377139091492,2
freakier,freakier,0.0,0.011962905526161194,2
freight,luggage,0.28411865234375,1.4790732860565186,2
fresh,hot,-0.458984375,-0.7863249182701111,2
fresh,sweet,-0.1171875,-1.0325273275375366,2
fresh,unblemished,1.935546875,1.6473066806793213,2
fresh,youthful,2.85125732421875,-0.4333720803260803,2
friendship,intimacy,1.75653076171875,1.2388063669204712,2
friendship,loneliness,-2.543487548828125,0.9728833436965942,2
frog,wombat,3.5576171875,1.1053975820541382,2
frosts,storms,0.614990234375,0.6173070073127747,2
fuel,heating,4.869140625,0.5680135488510132,2
full,immediate,0.6229133605957031,0.7452660799026489,2
full,transcendent,-1.38958740234375,1.8037794828414917,2
full,true,0.296875,-0.08971436321735382,2
furious,hot,-4.884979248046875,-2.020097017288208,2
furious,sputtering,-2.37353515625,0.17016027867794037,2
galaxies,matter,-0.3526611328125,1.4683715105056763,2
gallant,shrewd,3.173828125,0.5233336091041565,2
gallons,gallons,0.0,0.011962905526161194,2
gas,matter,1.638671875,0.9487413167953491,2
gas,steam,-2.501953125,-0.3896711468696594,2
gaunt,gray,-0.3408203125,-1.4863542318344116,2
gaunt,hollow,-1.2724609375,0.1367633193731308,2
gears,levers,-1.593505859375,0.7200697660446167,2
gigantic,red,-0.6015625,-2.380815029144287,2
girl,goose,-4.119140625,-0.7416592836380005,2
girl,stalking,1.2255859375,0.9482994675636292,2
global,local,0.9472198486328125,0.45809000730514526,2
gloomy,stern,-0.6201171875,-0.7104717493057251,2
gloomy,thick,-1.19873046875,-1.356108546257019,2
graduate,professional,-3.0419921875,0.527130126953125,2
graduate,undergraduate,-1.073577880859375,0.8480202555656433,2
grame,grief,-5.1533966064453125,-0.5198023915290833,2
gray,grewsome,-4.396484375,1.583238959312439,2
gray,red,-1.724609375,-0.8353466391563416,2
gray,scanty,2.025146484375,0.35513705015182495,2
gray,tired,0.5068359375,0.47472041845321655,2
gray,yellow,-1.1865234375,-0.2614186406135559,2
grey,red,0.34375,-0.33611494302749634,2
grief,horror,-0.781158447265625,0.22212840616703033,2
grief,intrigue,3.651611328125,1.7542119026184082,2
grief,passion,-0.1083984375,0.7622433304786682,2
grief,rage,-1.0220947265625,1.5505053997039795,2
grinned,looked,-3.75,0.31035923957824707,2
harmonium,organ,4.6005859375,-0.3347315788269043,2
hawed,himmed,4.125,-0.4695359468460083,2
heaps,heaps,0.0,0.011962905526161194,2
hearths,homes,-3.0712890625,-1.2922579050064087,2
heat,strength,-1.7080078125,-2.5038821697235107,2
heiress,owner,-1.0,-1.4048799276351929,2
heparin,histamine,0.8515625,0.30016952753067017,2
heretics,nonbelievers,1.5184326171875,1.157191276550293,2
highlights,shadows,5.883941650390625,0.25082504749298096,2
hoarse,hollow,-0.526031494140625,0.5498390793800354,2
hollow,lightweight,2.268798828125,-0.42993831634521484,2
hollow,muffled,1.2226028442382812,-0.005990222096443176,2
honeysuckles,jessamines,0.660186767578125,-0.2555997371673584,2
horrible,red,-1.77734375,-2.392589807510376,2
horrible,yellow,-4.95703125,-0.9417675733566284,2
horror,misery,1.633544921875,-0.10057590901851654,2
horror,rage,3.46185302734375,-0.10066153109073639,2
hot,mixed,2.734375,2.4239535331726074,2
hot,red,0.0400390625,0.7102819681167603,2
hot,smoking,4.6357421875,1.784953236579895,2
hot,steaming,0.357421875,2.6300764083862305,2
hot,sultry,6.40869140625,3.25846004486084,2
hot,sweet,0.16015625,0.3373775780200958,2
hot,tired,3.001953125,1.7706538438796997,2
hushed,penetrated,1.50982666015625,0.48092907667160034,2
illustrated,wrote,-5.729631423950195,-0.281358003616333,2
immediate,personal,6.723651885986328,0.04622258245944977,2
immediate,stern,-0.09411239624023438,-1.945123314857483,2
impatient,tired,1.12347412109375,-1.0787395238876343,2
increase,multiply,-1.102294921875,-0.4442175626754761,2
ingratitude,suspicion,-1.90533447265625,0.49228084087371826,2
injustice,oppression,-3.4071044921875,-1.2983158826828003,2
injustice,slavery,-2.837799072265625,-0.846013069152832,2
injustice,violence,-2.331024169921875,-1.3324252367019653,2
innocent,leige,-2.533203125,1.0072168111801147,2
innocent,sweet,-0.54296875,-1.3086799383163452,2
inquiringly,politely,3.085200071334839,-0.6633981466293335,2
insincere,supercilious,-4.2177734375,-0.596928596496582,2
insults,violence,-1.92578125,-0.5236282348632812,2
junior,professional,-1.0552978515625,-0.7025893926620483,2
kinds,shapes,1.65234375,-1.23050057888031,2
kinds,sorts,-0.68359375,0.5384436249732971,2
leaking,patched,2.896484375,0.2841150760650635,2
legos,lion,2.013671875,-0.4524106979370117,2
leif,tarzan,0.18798828125,-1.4106429815292358,2
leukemia,lymphoma,0.343505859375,0.07183744758367538,2
lighter,lighter,0.0,0.011962905526161194,2
lighter,thinner,0.91943359375,0.3983495831489563,2
like,talking,8.482421875,-0.8579757213592529,2
limestone,marble,-1.21856689453125,-0.18255896866321564,2
limped,stuttered,-1.503936767578125,0.08755390346050262,2
limpid,salutary,-4.9501953125,-0.8841555118560791,2
listened,listened,0.0,0.011962905526161194,2
listened,looked,1.990234375,0.4987577199935913,2
listened,watched,-2.00390625,-0.1037360280752182,2
local,provincial,-0.38531494140625,0.46102672815322876,2
loneliness,misery,1.5861358642578125,0.7800883650779724,2
looked,looked,0.0,0.011962905526161194,2
looked,smelt,1.955078125,0.019913449883461,2
lost,loved,1.6015625,-1.8208309412002563,2
louder,louder,0.0,0.011962905526161194,2
louder,repeated,-0.5150146484375,0.9299560785293579,2
louder,sharper,3.119873046875,-0.09963308274745941,2
loyalists,unionists,1.1697998046875,-0.5466793775558472,2
magisterial,police,-3.65234375,-1.976091980934143,2
magnet,toys,-3.392578125,-0.6496203541755676,2
magnificent,proud,-2.450927734375,-1.234671950340271,2
majestic,powerful,1.7415771484375,-0.6516101956367493,2
majestic,soothing,-1.6562042236328125,0.21979260444641113,2
majestic,sublime,-2.51287841796875,-0.12895207107067108,2
malice,rage,-2.73773193359375,1.1719839572906494,2
marble,mosaic,0.94989013671875,-0.30839109420776367,2
maroon,red,-0.029296875,-2.5092737674713135,2
maroon,yellow,-1.4892578125,-1.5616720914840698,2
mathematics,metamathematics,2.483751058578491,0.5580586194992065,2
mathematics,science,2.1590728759765625,-0.6488824486732483,2
mathematics,statistics,7.5575408935546875,1.282368540763855,2
matrimony,matrimony,0.0,0.011962905526161194,2
mauve,red,0.953125,-2.5091981887817383,2
meaning,reason,1.349609375,1.1438761949539185,2
meaning,richness,-3.009765625,-1.8453019857406616,2
meat,meat,0.0,0.011962905526161194,2
meat,puddings,1.349365234375,1.1980571746826172,2
metasedimentary,sedimentary,0.75201416015625,0.05591766536235809,2
metres,metres,0.0,0.011962905526161194,2
microprocessors,transistors,-1.5732421875,1.2619802951812744,2
mightiest,richest,0.3818359375,-0.5110799670219421,2
miserable,tired,-3.734375,-0.06290791928768158,2
miserable,unhappy,0.685546875,-0.3468782901763916,2
miserable,weeping,-2.77734375,0.7887119650840759,2
missus,mister,0.970458984375,1.2090085744857788,2
modern,practical,-1.7193603515625,3.29976224899292,2
muffled,thick,-3.5157470703125,-1.2559605836868286,2
mushrooms,tomatoes,-2.459075927734375,-0.017448723316192627,2
necessity,urgency,2.247802734375,-0.046817973256111145,2
nestling,singing,-2.416748046875,0.0710652619600296,2
northwest,west,-0.205078125,-0.80659419298172,2
official,royal,-1.2578125,1.2460299730300903,2
on,on,0.0,0.011962905526161194,2
opponents,players,-2.171572685241699,-0.20369790494441986,2
oppression,violence,-0.73974609375,0.1414048820734024,2
outsiders,students,-0.7117919921875,0.24166186153888702,2
outsiders,wives,-1.00537109375,0.42574459314346313,2
overweight,unhappy,-1.357025146484375,-0.01388867199420929,2
paler,paler,0.0,0.011962905526161194,2
paler,thinner,1.50048828125,-0.6873363852500916,2
paler,tired,-1.88671875,-1.009132981300354,2
paperwork,signatures,0.25921630859375,1.4259214401245117,2
passion,rage,-0.257080078125,0.680420458316803,2
personal,profanity,-2.52642822265625,0.3960564136505127,2
personal,professional,-1.8671875,-0.42290663719177246,2
phases,stages,-2.18017578125,0.4784071445465088,2
photographs,sketches,1.6398162841796875,0.06255759298801422,2
physical,sexual,-0.04296875,0.30854952335357666,2
pins,tape,-0.2919921875,0.2013002187013626,2
placid,smooth,0.57257080078125,-1.980551838874817,2
pleasure,rejoicing,-0.3426513671875,2.1133954524993896,2
poets,songwriters,-1.846588134765625,3.0347204208374023,2
powdery,smooth,-1.44921875,-0.6460925936698914,2
powerful,precise,-1.1064453125,1.5190683603286743,2
powerful,stern,-0.615234375,-0.5839787721633911,2
powerful,vast,-4.9765625,-0.6470686197280884,2
praise,publicity,1.7244873046875,-1.1443883180618286,2
prematurity,smoking,1.08087158203125,-0.49194133281707764,2
presentation,spelling,1.988525390625,0.5467327237129211,2
principal,supervisor,-2.7578125,0.1485767364501953,2
produced,wrote,-5.064453125,-0.34942811727523804,2
profanity,sanctity,1.3898773193359375,-0.09191814064979553,2
profanity,sexual,2.3721923828125,0.7421233654022217,2
professional,student,-0.17578125,-0.6040009260177612,2
property,slaves,-2.55078125,-0.005342528223991394,2
proud,stern,4.6865234375,-0.1197233647108078,2
proud,swaggering,-1.990142822265625,1.7929327487945557,2
proud,vain,2.00390625,0.7496728897094727,2
pulled,pulled,0.0,0.011962905526161194,2
radiant,red,2.2587890625,-1.582539677619934,2
radio,record,0.69921875,0.6440960168838501,2
rage,scorn,1.0897216796875,-0.5810443758964539,2
rage,war,-0.142578125,-0.5154047608375549,2
rage,weeping,-0.36279296875,-0.49860334396362305,2
rains,storms,-1.1923828125,0.1454777866601944,2
rampant,red,1.748046875,-3.7514164447784424,2
randomness,statistics,2.5131149291992188,2.411482334136963,2
rapidly,steadily,3.9243087768554688,1.5666489601135254,2
reason,science,-2.525390625,-2.665062427520752,2
reason,tradition,-1.671875,-1.4899059534072876,2
receiver,recorder,2.7157135009765625,-0.5966821908950806,2
recorder,tape,1.427734375,0.5495227575302124,2
red,red,0.0,0.011962905526161194,2
red,thick,-2.25732421875,-0.258489727973938,2
red,wrinkled,1.604248046875,1.201302409172058,2
red,yellow,-1.8828125,0.5102468729019165,2
rehashed,revised,-2.697265625,0.6748741865158081,2
repeated,sterner,-2.244140625,-1.1971486806869507,2
rip,tip,-0.36328125,-1.6559802293777466,2
rising,rising,0.0,0.011962905526161194,2
run,run,0.0,0.011962905526161194,2
run,shout,0.37109375,-0.3679239749908447,2
samoyedic,yeniseian,0.73046875,-0.5877275466918945,2
screaming,shouting,0.796875,-0.3294813632965088,2
secured,shut,1.0568923950195312,-0.3239905834197998,2
sexuality,violence,0.015625,0.22539617121219635,2
sharper,sharper,0.0,0.011962905526161194,2
shinyness,sunniness,-1.23828125,-0.13204051554203033,2
shivered,suffered,1.8369140625,0.5875133275985718,2
shivered,watched,0.038818359375,-0.47599077224731445,2
shouting,shrieking,1.2489013671875,-0.06782720983028412,2
shouting,singing,-1.30078125,-0.610948920249939,2
shouting,talking,-0.98046875,0.46347135305404663,2
shrimp,snails,0.95965576171875,-0.14816389977931976,2
singing,talking,-1.021484375,0.15387167036533356,2
skirmishing,trading,1.78875732421875,0.17866264283657074,2
sluggish,smooth,0.596649169921875,-2.312351703643799,2
smoking,steaming,1.2111663818359375,0.9064611196517944,2
smoking,talking,0.52093505859375,1.1577049493789673,2
smooth,sweet,1.521484375,-0.470498263835907,2
smooth,thick,0.4755859375,-0.45662516355514526,2
spray,steam,-1.504150390625,0.026558056473731995,2
spreading,spreading,0.0,0.011962905526161194,2
sputtering,sputtering,0.0,0.011962905526161194,2
squak,squak,0.0,0.011962905526161194,2
starved,tired,-2.34765625,-1.1648720502853394,2
steeper,steeper,0.0,0.011962905526161194,2
stem,stern,2.2734375,-0.7023253440856934,2
stifling,thick,-0.4794921875,-1.7529395818710327,2
storms,wind,-0.73687744140625,0.2486746460199356,2
talking,talking,0.0,0.011962905526161194,2
tamer,tamer,0.0,0.011962905526161194,2
thick,tough,0.400390625,0.6986621618270874,2
thick,yellow,1.103515625,0.4194846749305725,2
thinner,thinner,0.0,0.011962905526161194,2
thumbs,toes,3.1396484375,0.13583748042583466,2
tired,unhappy,2.4541015625,0.6111596822738647,2
tired,uninspired,1.91162109375,1.6293073892593384,2
tradition,usage,1.439453125,0.255751371383667,2
trains,trucks,0.1103515625,-0.32691317796707153,2
twice,twice,0.0,0.011962905526161194,2
tylenol,zithromax,2.271484375,0.25537922978401184,2
uncivilized,unlettered,-0.3446044921875,0.6834071278572083,2
unhallowed,unwarranted,-1.0765380859375,0.10383965075016022,2
unwinding,winding,-2.116455078125,-1.6511894464492798,2
utter,vast,-4.1484375,-3.1579065322875977,2
village,village,0.0,0.011962905526161194,2
violence,war,-0.552734375,0.2596297860145569,2
wailings,weeping,-4.8505859375,-0.037224069237709045,2
watched,watched,0.0,0.011962905526161194,2
weeks,weeks,0.0,0.011962905526161194,2
wider,wider,0.0,0.011962905526161194,2
wrastled,wrastled,0.0,0.011962905526161194,2
wrinkled,yellow,-2.586517333984375,-1.3567386865615845,2
wrote,wrote,0.0,0.011962905526161194,2
yards,yards,0.0,0.011962905526161194,2
yellow,yellow,0.0,0.011962905526161194,2
yours,yours,0.0,0.011962905526161194,2
abjurer,nowhere,1.298828125,-0.4327229857444763,3
above,around,1.4453125,-0.2947286069393158,3
accidents,incidents,1.0263671875,0.11925838887691498,3
accidents,problems,1.3046875,-0.36799120903015137,3
acknowledge,state,-2.7187652587890625,-1.2085628509521484,3
actively,successfully,-1.5408935546875,0.04211585223674774,3
acts,speaks,-0.2421875,-0.211842343211174,3
acts,talks,-0.0703125,0.05690772831439972,3
adoration,love,-3.75390625,-1.404983401298523,3
aerial,ground,-3.56640625,-1.700927495956421,3
aimlessly,unconsciously,0.9331026077270508,0.30119746923446655,3
along,along,0.0,-0.20158803462982178,3
along,watch,15.625,0.44405680894851685,3
amused,rapid,-7.77685546875,-1.278480052947998,3
anarchy,license,0.284912109375,0.4525086283683777,3
anguish,dejection,-0.3719902038574219,1.6788676977157593,3
ants,earth,-1.201171875,-0.7813650369644165,3
ants,termites,1.0693359375,0.9518706202507019,3
apologized,time,-8.8544921875,-1.0135581493377686,3
apologized,went,-2.71875,-0.6049527525901794,3
apples,cake,0.560546875,0.195085808634758,3
aquatic,other,1.66015625,1.3262979984283447,3
arab,egyptian,-3.8896484375,-0.5964204668998718,3
area,league,-0.431640625,0.7427627444267273,3
armies,battles,-0.31201171875,0.16559390723705292,3
around,around,0.0,-0.20158803462982178,3
arrivals,departures,-0.0881195068359375,-0.4017448425292969,3
arrogant,hurtful,-3.81640625,-0.31811970472335815,3
arrogant,lying,1.0906219482421875,-0.174870565533638,3
arrogant,opinionated,-4.37646484375,0.6469193696975708,3
arrogant,quarrelsome,-1.4287109375,-0.47045207023620605,3
arrows,bow,-4.48876953125,-0.2049003541469574,3
arrows,chimales,-3.323486328125,0.3566818833351135,3
artists,cartoonists,-2.2327880859375,0.5179378986358643,3
artists,intellectuals,-0.9291954040527344,0.465670108795166,3
artists,things,2.14453125,2.1097826957702637,3
artists,writers,-3.649200439453125,-0.18393072485923767,3
ask,call,-6.18359375,-1.945981740951538,3
assassins,conspirators,1.653076171875,0.5424333214759827,3
assassins,cutthroats,1.27001953125,-0.6206757426261902,3
assets,cash,-2.765625,0.2871935963630676,3
assets,exports,0.97802734375,0.4573308825492859,3
atheistic,materialistic,-0.43359375,0.3122243285179138,3
attentive,ready,3.9326171875,-0.1624213010072708,3
audience,critics,0.21484375,0.06522442400455475,3
babbled,babbled,0.0,-0.20158803462982178,3
babied,petted,-1.092529296875,-0.20670592784881592,3
babysit,come,-2.0892333984375,-2.203714370727539,3
backed,backed,0.0,-0.20158803462982178,3
backed,pranced,5.505859375,0.06430365145206451,3
backward,sideways,2.4150390625,-0.3665195107460022,3
balloon,boy,-0.453125,-0.9440210461616516,3
barked,barked,0.0,-0.20158803462982178,3
barleycorns,roots,-6.0234375,-0.7178672552108765,3
baskets,parcels,-0.4936790466308594,0.6540923118591309,3
battles,disputes,-2.4276123046875,1.6090348958969116,3
battleships,cruisers,-7.3203125,0.4414581060409546,3
beating,beating,0.0,-0.20158803462982178,3
beggars,churches,2.67431640625,-1.4625444412231445,3
belief,sentiment,0.9189453125,2.03122615814209,3
belief,thought,-0.353515625,0.932272732257843,3
belief,unbelief,4.730113983154297,1.594368815422058,3
berrid,dead,-1.0390625,-1.079694390296936,3
bewildering,many,3.4130859375,0.5287648439407349,3
black,black,0.0,-0.20158803462982178,3
black,cold,0.443359375,1.1980153322219849,3
black,dismal,1.5234375,3.7020797729492188,3
black,gay,-1.8671875,0.8726113438606262,3
black,shiny,-0.95703125,1.5085148811340332,3
blatant,officious,2.97021484375,0.04639618098735809,3
bliss,suffering,-0.048828125,-0.5239613056182861,3
blows,blows,0.0,-0.20158803462982178,3
board,keel,-1.53515625,-0.34182867407798767,3
boars,deer,-1.20703125,-0.8596947193145752,3
boars,oxen,-2.274169921875,1.055610179901123,3
bonnets,dresses,-0.261474609375,-0.2546989321708679,3
boots,clothing,-0.47265625,-0.1236295998096466,3
boots,coats,0.443359375,0.3647894859313965,3
bow,slide,1.833984375,0.957149088382721,3
bowery,lofty,1.52960205078125,-0.9755338430404663,3
boxed,wrestled,1.5477218627929688,1.4417825937271118,3
bravery,cowardice,1.34228515625,-0.7768880128860474,3
bravery,enterprise,1.6796684265136719,1.2474101781845093,3
breakfast,lunch,-0.57421875,-0.5899408459663391,3
breakfast,supper,-0.76171875,-0.715842068195343,3
bribing,sleeping,3.4228515625,-0.11471663415431976,3
build,come,-4.708984375,-2.277811288833618,3
burn,split,0.322265625,-0.27938175201416016,3
cake,fruit,-1.9287109375,-0.21652460098266602,3
cake,jelly,3.62890625,0.7084143161773682,3
call,call,0.0,-0.20158803462982178,3
call,come,-4.255859375,-2.738816261291504,3
camera,puzzle,1.234375,-0.2641037702560425,3
carry,cash,-4.54296875,-0.8764883875846863,3
cash,time,-1.0693359375,-0.1659037172794342,3
casseroles,things,9.2333984375,1.7957518100738525,3
charitable,grand,-3.055419921875,-0.34202414751052856,3
cheat,steal,4.0177001953125,0.6702806353569031,3
churches,minsters,1.51171875,1.2366242408752441,3
churches,monasteries,-5.875244140625,1.7057143449783325,3
cinematic,classical,1.3986282348632812,-0.7098036408424377,3
circumstances,fate,-2.76171875,-1.3997398614883423,3
circumstances,time,0.046875,-0.8054884672164917,3
civilian,other,6.619140625,1.4674208164215088,3
clairvoyance,mesmerism,0.998046875,0.0636138767004013,3
classical,quantum,0.1572265625,0.7757578492164612,3
clergy,nobility,-2.5147705078125,1.5430214405059814,3
closer,closer,0.0,-0.20158803462982178,3
closer,longer,1.052734375,1.3407890796661377,3
closer,warmer,-3.336669921875,0.548912525177002,3
clubs,societies,-2.0800018310546875,0.28829002380371094,3
clubs,things,3.7423095703125,2.140145778656006,3
coats,dresses,-3.330810546875,-0.0713568776845932,3
coats,scarves,-0.886962890625,1.1408843994140625,3
cold,cramp,1.158203125,2.8956212997436523,3
cold,dead,0.60546875,-0.03806479275226593,3
cold,dire,-2.75390625,1.8238015174865723,3
cold,intellectual,4.463222503662109,2.019639253616333,3
cold,lifeless,2.5084686279296875,0.7026699185371399,3
cold,rain,-1.99609375,0.9281200766563416,3
cold,rainy,0.60498046875,0.7284124493598938,3
cold,silent,0.5361328125,0.6397525072097778,3
cold,snow,1.01171875,0.40022027492523193,3
cold,snowing,-2.25390625,0.33342355489730835,3
cold,steady,2.603515625,1.3314257860183716,3
cold,stiff,2.00390625,-0.09898017346858978,3
cold,undemonstrative,1.31640625,3.3879902362823486,3
cold,useless,2.185546875,2.103940010070801,3
collectivism,individualism,2.8302001953125,-1.1573491096496582,3
college,private,1.78515625,-0.41960203647613525,3
college,pro,7.443359375,0.15792964398860931,3
colleges,things,7.621501922607422,1.4876093864440918,3
coloring,drawing,-1.26953125,-0.770491898059845,3
come,come,0.0,-0.20158803462982178,3
come,dine,4.26171875,1.9277615547180176,3
come,hurry,-0.751953125,1.9382655620574951,3
come,take,6.220703125,3.879091739654541,3
come,watch,5.787109375,2.2325189113616943,3
come,went,1.962890625,2.790414810180664,3
commitment,love,-4.967041015625,-2.0691800117492676,3
committing,disciplining,-2.439910888671875,-0.3826509714126587,3
communication,trade,0.09619140625,-1.3395744562149048,3
companies,regiments,1.044921875,0.8872256875038147,3
conducting,finish,-0.5244140625,-0.9543007016181946,3
congressional,public,2.3032913208007812,-0.026597172021865845,3
consent,order,1.20703125,-0.5555363893508911,3
constrained,mysterious,0.008556365966796875,-0.653725802898407,3
constrained,silent,-4.3789215087890625,-1.834980845451355,3
cookie,napkin,-3.3162841796875,-0.349490225315094,3
cooking,pottery,2.13372802734375,-0.05237109959125519,3
cooking,residential,0.30694580078125,0.5273769497871399,3
coronation,inauguration,-1.23486328125,0.27538251876831055,3
courteous,friendly,-2.83880615234375,-0.4465380311012268,3
cowardice,meanness,-0.90380859375,1.4439687728881836,3
cowardly,slurring,2.26611328125,0.2714785933494568,3
crew,passengers,-2.810546875,-0.40575242042541504,3
critics,curators,0.2275390625,-0.14059577882289886,3
critics,public,5.7823486328125,0.6403847336769104,3
croaks,pneumonia,-1.265380859375,1.6997599601745605,3
crowded,noisy,4.113210678100586,0.4211767911911011,3
crypts,muslins,1.09423828125,-0.17199817299842834,3
cunning,different,-0.544921875,-0.16155923902988434,3
cunning,ready,6.33203125,0.01244787871837616,3
cunning,unscrupulous,5.6552734375,0.2903549075126648,3
currencies,problems,-0.28466796875,-0.0631476491689682,3
curses,howls,-2.287109375,-0.2394513189792633,3
curses,threats,-0.927734375,0.5379770398139954,3
daintiness,softness,-0.5458984375,-0.8825801014900208,3
dallied,dallied,0.0,-0.20158803462982178,3
dampish,lonesome,-2.962799072265625,-0.5037802457809448,3
dates,eras,4.052734375,2.082054853439331,3
dates,numbers,2.12109375,0.08871974050998688,3
dates,things,6.69921875,2.241915702819824,3
dates,time,-0.6953125,-0.12853360176086426,3
daycare,experiences,2.2666015625,0.24250178039073944,3
dead,decaying,2.8427734375,2.9354629516601562,3
dead,stiff,-2.62255859375,0.20278547704219818,3
dead,useless,3.123046875,2.602023124694824,3
deed,thought,-3.748046875,0.032777026295661926,3
delightfully,truthfully,1.29931640625,0.2570788860321045,3
delivery,style,-1.9586181640625,-0.30927717685699463,3
desire,hope,-1.4921875,0.02454446256160736,3
desire,love,-1.5849609375,-1.0422626733779907,3
diesel,gasoline,0.3063507080078125,-0.5530712008476257,3
different,imaginative,6.92529296875,0.4548266530036926,3
dimmer,dimmer,0.0,-0.20158803462982178,3
diplomatic,trade,-4.40765380859375,-0.40717387199401855,3
dirtier,dirtier,0.0,-0.20158803462982178,3
discomfort,stress,-2.8154296875,-0.497816264629364,3
discontentedly,idly,-1.715087890625,-1.1025384664535522,3
discotheques,things,4.64453125,1.3118314743041992,3
disease,fasting,1.39404296875,1.2798471450805664,3
disease,stress,1.94873046875,1.931786060333252,3
disease,suffering,1.849609375,0.6469810605049133,3
disease,wars,-2.32421875,-0.8402177691459656,3
dishes,pots,2.5107421875,0.10991014540195465,3
displaced,uprooted,-0.1514892578125,-1.6133973598480225,3
disturbances,wars,-1.1939697265625,-1.2754802703857422,3
dodge,kick,-3.517578125,-0.4936707615852356,3
dotingly,fondly,0.759765625,-0.7891144752502441,3
dresses,hose,0.056640625,1.0172120332717896,3
drier,warmer,0.953125,-1.4074753522872925,3
drowsier,drowsier,0.0,-0.20158803462982178,3
drunk,drunk,0.0,-0.20158803462982178,3
drunk,loaded,-0.199462890625,0.6223002076148987,3
drunk,merry,-2.14453125,0.01591232419013977,3
duties,pleasures,-0.52252197265625,0.43280601501464844,3
duties,quotas,-2.9426116943359375,-0.2652398645877838,3
duties,tariffs,-2.8218765258789062,-0.6947344541549683,3
duty,family,3.599609375,-1.7583096027374268,3
duty,inclination,2.789306640625,0.9696632027626038,3
duty,love,-2.026885986328125,-0.6949785351753235,3
eagerly,quickly,0.9296875,-0.08587980270385742,3
earth,sods,-0.5283203125,0.684012770652771,3
edibles,fruit,-1.9228515625,-1.4332342147827148,3
ejaculation,orgasm,-3.13134765625,1.5920825004577637,3
elaborate,gay,-3.7276611328125,-2.172219753265381,3
elegancies,luxuries,0.0799560546875,-1.094454288482666,3
embarrassing,inconvenient,0.27166748046875,0.6273369193077087,3
emergencies,wars,1.349853515625,-1.6769752502441406,3
employment,income,0.3700714111328125,-1.6332048177719116,3
employment,industrial,-0.19297027587890625,-0.031590625643730164,3
enthusiastically,quickly,-0.67901611328125,-1.5305691957473755,3
evenly,quickly,1.25390625,-2.78729248046875,3
evidently,slowly,-10.2890625,-3.056270122528076,3
execrable,unclean,2.42236328125,-1.4978067874908447,3
executions,trials,-3.216796875,-0.2814992666244507,3
explorer,martyr,-2.2406005859375,1.2394635677337646,3
extended,reworked,-0.52252197265625,-0.011426284909248352,3
extreme,rapid,-2.115234375,-0.24503764510154724,3
faded,shabby,2.0791015625,-0.9028887152671814,3
family,inheritance,0.7520751953125,2.357039213180542,3
family,love,-3.48974609375,0.398085355758667,3
family,tribal,2.171875,2.239455461502075,3
farmers,ranchers,1.7498779296875,0.6096346974372864,3
fat,protein,0.3094482421875,0.5399953126907349,3
fatal,mysterious,3.55712890625,0.7136709690093994,3
fatal,sinister,3.932373046875,0.22939489781856537,3
feminine,masculine,-1.53155517578125,0.47607046365737915,3
fertility,love,-2.339111328125,-1.3425323963165283,3
fiercer,other,0.986328125,2.3122270107269287,3
finish,start,-4.82421875,0.038110390305519104,3
finished,released,-7.6671142578125,1.6461753845214844,3
first,goal,-0.23046875,-0.010125711560249329,3
first,ground,-4.671875,-0.7084763050079346,3
first,largest,1.65625,-1.705301284790039,3
first,notable,1.1611328125,2.9663925170898438,3
first,original,1.0908203125,-0.7134194374084473,3
first,second,4.44091796875,-0.3897872865200043,3
first,sixth,1.7265625,-1.374593734741211,3
fixed,known,5.67431640625,0.05841986835002899,3
fixed,running,0.521484375,-0.49325037002563477,3
fixed,steady,-1.48828125,-0.7592892050743103,3
fixed,variable,-2.2666015625,0.24089093506336212,3
flemish,german,-2.340576171875,-1.2418526411056519,3
flips,things,3.6904296875,1.6976680755615234,3
flooded,lifeless,1.22509765625,-0.9163798689842224,3
foam,paper,-1.8564453125,-1.979364275932312,3
fondly,foolishly,2.782958984375,0.6016200184822083,3
foolishness,inaccuracy,4.27685546875,0.7157837748527527,3
footsteps,voices,-3.60711669921875,-1.845061182975769,3
footsteps,whistling,3.026153564453125,0.0215940922498703,3
formulae,things,2.421875,1.8765113353729248,3
fossils,lithologies,0.2548828125,0.2694472670555115,3
fossils,minerals,0.8220367431640625,0.08950866758823395,3
fours,threes,1.498046875,0.9952086806297302,3
friendly,frolicsome,0.2049560546875,1.275433897972107,3
friendly,sympathetic,3.553955078125,0.5066075921058655,3
frolicsome,gay,0.365234375,-2.557785987854004,3
fruit,sherbets,0.8564453125,2.3513295650482178,3
fruit,suet,6.44140625,2.7928614616394043,3
further,further,0.0,-0.20158803462982178,3
fussing,grizzling,1.6569290161132812,0.41411328315734863,3
gasoline,time,-5.3269805908203125,0.4517103433609009,3
gasps,sundry,4.1533203125,1.5232652425765991,3
gay,merry,0.603515625,0.1442575603723526,3
gay,useless,-0.39453125,1.440856695175171,3
gayer,gayer,0.0,-0.20158803462982178,3
given,taken,-1.75390625,-1.0110948085784912,3
gladly,quickly,-2.662109375,-0.5788295269012451,3
glands,vessels,3.319915771484375,-0.5621482729911804,3
golder,phillipson,7.191375732421875,0.13094781339168549,3
goodness,love,1.1171875,-0.011376932263374329,3
goodness,sincerity,-1.3731307983398438,1.0967795848846436,3
gracious,ready,0.623046875,-0.08023889362812042,3
grand,lofty,-1.44921875,0.7179679870605469,3
grand,useful,1.146484375,0.8922002911567688,3
grandest,happiest,-0.2489013671875,0.12413178384304047,3
grimaces,speaks,0.31640625,1.0908690690994263,3
haltingly,slowly,-1.767578125,-2.7677431106567383,3
handbags,jewelry,0.1502227783203125,0.1034059077501297,3
hands,heels,-3.062744140625,0.36633366346359253,3
hanged,quartered,1.75042724609375,-0.7037404179573059,3
hanged,taken,1.5749359130859375,1.1462466716766357,3
hardware,software,-2.670496940612793,-0.6120660305023193,3
hasty,indifferent,6.647712707519531,0.5476628541946411,3
heavier,heavier,0.0,-0.20158803462982178,3
heavier,longer,3.69085693359375,0.4682527184486389,3
heavier,second,-4.01123046875,-0.6207825541496277,3
hibernation,reproduction,1.818115234375,0.6396427750587463,3
hissed,sputtered,-1.135986328125,-0.26021337509155273,3
homesick,lonesome,0.3909492492675781,0.02266247570514679,3
honey,succotash,-1.927734375,1.8079249858856201,3
honorable,useful,-5.32421875,-0.6611735224723816,3
hope,love,-1.841796875,-0.9885180592536926,3
hope,pride,-1.279296875,-0.7041031718254089,3
hope,watch,-3.716796875,0.7052949070930481,3
horses,oxen,2.036041259765625,1.764641523361206,3
horses,riders,2.08056640625,2.0441291332244873,3
horses,sheep,-1.13671875,0.13864336907863617,3
horses,waggons,1.92529296875,1.4151785373687744,3
human,saurian,-1.501953125,-0.07532373070716858,3
hurry,preparation,3.41796875,1.4396181106567383,3
husband,husband,0.0,-0.20158803462982178,3
ideas,oratory,6.1171875,2.2184109687805176,3
ideas,things,1.64453125,2.3557920455932617,3
improper,odors,-0.529296875,-0.816517174243927,3
inclination,time,-3.9228515625,-0.3960237503051758,3
incredulously,slowly,-3.14825439453125,-2.9888949394226074,3
indifferently,lazily,1.0210304260253906,-1.196764349937439,3
individually,slowly,2.15234375,-3.019705295562744,3
industrial,port,1.7349090576171875,1.2606260776519775,3
industrial,residential,-2.3674240112304688,0.07092021405696869,3
industrial,sectional,2.1489524841308594,0.3592703938484192,3
industrial,tourist,-1.3952064514160156,0.07618062198162079,3
industrial,trade,-3.675759792327881,-0.6417377591133118,3
ingredients,sauces,0.6923065185546875,0.2830108404159546,3
ingredients,time,-11.28515625,0.1631830781698227,3
inscrutable,silent,-2.8486328125,-0.7871401906013489,3
intense,laborious,-1.6572265625,1.8970413208007812,3
intense,passionate,-1.4052734375,1.529813528060913,3
intense,thrilling,2.564453125,1.2299433946609497,3
invisible,silent,0.8406486511230469,-1.437712550163269,3
island,town,2.044921875,-1.4642150402069092,3
islands,jungles,2.00634765625,-0.6170697212219238,3
joys,tears,-5.352294921875,-0.506771445274353,3
kick,plunge,0.9590730667114258,0.24977920949459076,3
kindergarten,kindergarten,0.0,-0.20158803462982178,3
lame,stiff,-0.1044921875,-1.5148403644561768,3
lame,useless,3.470703125,0.6264169812202454,3
languages,learning,-0.271484375,0.18940283358097076,3
languages,scriptures,2.236328125,0.14763174951076508,3
largest,newest,-0.80859375,0.05558227002620697,3
law,order,2.40234375,1.7123781442642212,3
learning,love,-0.3388671875,-0.4267426133155823,3
legend,story,1.015625,-0.5842464566230774,3
legislation,trade,-0.939208984375,0.34451502561569214,3
less,less,0.0,-0.20158803462982178,3
loaded,ready,-0.2978515625,-0.06701536476612091,3
lofty,splendid,1.52490234375,-0.7773385643959045,3
longer,longer,0.0,-0.20158803462982178,3
looking,looking,0.0,-0.20158803462982178,3
love,pride,-0.189453125,0.8173930048942566,3
love,sincerity,-2.2410812377929688,1.5771690607070923,3
love,sympathy,1.097412109375,2.059619188308716,3
love,tears,-3.5732421875,1.0162203311920166,3
lumpier,lumpier,0.0,-0.20158803462982178,3
lustily,together,-1.1689453125,-0.40454626083374023,3
mail,passengers,-3.7099609375,0.5334338545799255,3
manufacturing,trade,1.0181884765625,-0.5584186911582947,3
many,many,0.0,-0.20158803462982178,3
merry,thriving,1.54638671875,1.647277593612671,3
minerals,protein,-2.5515975952148438,0.5001638531684875,3
miscellaneous,sundry,-0.8077392578125,0.11397306621074677,3
moans,pants,0.98388671875,0.4543442130088806,3
moans,tears,-5.080078125,0.5965243577957153,3
motor,perceptional,-4.390625,0.7218000292778015,3
mudpuppies,olms,-2.4638671875,1.223386526107788,3
mysterious,obsessive,-0.117767333984375,0.18784217536449432,3
nets,nets,0.0,-0.20158803462982178,3
nets,rubbish,2.064453125,1.9863765239715576,3
numbers,numbers,0.0,-0.20158803462982178,3
numbers,symbols,-0.4974212646484375,0.285796582698822,3
nursing,residential,-0.145751953125,1.0643645524978638,3
oaths,threats,2.44580078125,1.2128887176513672,3
observant,steady,-4.5,-0.25467628240585327,3
occidental,suggestion,0.556640625,1.3485848903656006,3
online,ready,1.30078125,-0.19537149369716644,3
opportunities,threats,-5.76068115234375,0.007608041167259216,3
oppressions,wars,-0.265625,-1.8096369504928589,3
original,shocking,0.5810546875,2.082293748855591,3
original,simultaneous,2.352813720703125,1.906595230102539,3
overwork,pneumonia,2.7722396850585938,-0.6101019382476807,3
overwork,underfeeding,-4.2099609375,-0.07757765054702759,3
oxen,sheep,-1.6275787353515625,-1.7403723001480103,3
packages,parcels,0.5813751220703125,0.6512498259544373,3
packages,suitcases,-0.399078369140625,0.6104039549827576,3
pages,pages,0.0,-0.20158803462982178,3
pants,shirts,-0.70263671875,0.5161911845207214,3
pants,vocalizes,0.082763671875,0.4726073741912842,3
paper,points,11.4130859375,3.424562692642212,3
paper,pulp,1.07421875,2.591790199279785,3
paper,puzzle,-4.6201171875,1.3340076208114624,3
paper,rubbish,0.369140625,2.4921836853027344,3
paper,things,3.53515625,3.884556770324707,3
parish,public,1.44921875,0.20330531895160675,3
peas,strawberries,-0.18017578125,-1.9069790840148926,3
peeping,spying,4.421875,1.8814985752105713,3
perilous,uncertain,0.5986328125,0.836102306842804,3
persecution,suffering,-2.28759765625,-0.8194665908813477,3
persevering,plodding,1.1823883056640625,-0.14875617623329163,3
persons,things,0.689453125,1.1524602174758911,3
picture,story,-3.146484375,-0.28377848863601685,3
piles,piles,0.0,-0.20158803462982178,3
poorer,poorer,0.0,-0.20158803462982178,3
pots,pots,0.0,-0.20158803462982178,3
pottery,statues,5.349609375,1.8984286785125732,3
powder,rifles,-0.3372802734375,1.4373159408569336,3
prayed,prayed,0.0,-0.20158803462982178,3
preparation,study,-3.005126953125,-1.5638734102249146,3
preparation,thought,-2.109375,0.22558854520320892,3
pretend,pretend,0.0,-0.20158803462982178,3
pride,prime,-4.9189453125,0.8927356600761414,3
pride,risk,-2.623046875,1.727595329284668,3
pride,vanity,-0.659912109375,-0.04742242395877838,3
private,public,-1.037109375,0.901991069316864,3
private,retail,0.90478515625,1.8986172676086426,3
private,state,-0.265625,0.7173575162887573,3
private,tribal,-2.193359375,1.058005928993225,3
problems,valium,1.71875,-0.04760982096195221,3
problems,worries,1.264892578125,0.5206934809684753,3
public,state,-1.4853515625,0.06796593964099884,3
public,wooden,-1.123046875,0.6658754348754883,3
put,take,0.986328125,-0.017558947205543518,3
put,went,-7.1484375,-1.8537184000015259,3
quality,quantity,3.0595703125,-0.14683954417705536,3
quicker,quicker,0.0,-0.20158803462982178,3
quickly,sharply,-1.0225067138671875,0.6832773089408875,3
quickly,slowly,-2.544921875,-0.998869001865387,3
quickly,wisely,2.6585540771484375,0.007602885365486145,3
quotas,tariffs,-2.9462890625,-0.4158790707588196,3
rain,snow,0.646484375,-0.5668573975563049,3
rain,tears,-0.033203125,-0.6127964854240417,3
rallies,talks,2.746337890625,0.6144790053367615,3
ran,ran,0.0,-0.20158803462982178,3
ready,silent,-2.90478515625,-0.3419937491416931,3
ready,steady,2.451171875,-0.07053430378437042,3
ready,willing,3.27734375,0.5172805190086365,3
really,really,0.0,-0.20158803462982178,3
really,truthfully,-0.365234375,-1.2393410205841064,3
rebellions,wars,-0.8173828125,-1.5540976524353027,3
rebo,things,-7.1416015625,1.5227508544921875,3
rented,went,-1.87139892578125,-1.091704249382019,3
repossessions,restrictions,0.483154296875,-0.15619608759880066,3
residential,retail,1.64892578125,0.5255255699157715,3
respectful,sympathetic,-2.51397705078125,-0.013487949967384338,3
rested,visited,0.76849365234375,-0.31453263759613037,3
retail,trade,-2.2919921875,-1.005599856376648,3
returned,taken,-0.76953125,0.5050756931304932,3
rifles,shotguns,-0.3109588623046875,-0.5873210430145264,3
risk,uncertainty,0.828125,0.26132065057754517,3
roadways,sidewalks,1.025390625,0.14533878862857819,3
romp,roughhouse,0.8251953125,-1.4843040704727173,3
ruined,uninhabited,0.54931640625,1.8745226860046387,3
rung,rung,0.0,-0.20158803462982178,3
running,running,0.0,-0.20158803462982178,3
running,stress,-1.060546875,0.29387539625167847,3
salted,smoked,-0.65869140625,-0.012332364916801453,3
satellites,spacecraft,1.264404296875,0.6313313245773315,3
scarcer,scarcer,0.0,-0.20158803462982178,3
scarves,turtlenecks,-3.025390625,-0.6945085525512695,3
schema,subschema,-0.88232421875,-0.8513659238815308,3
searchingly,slowly,-3.00048828125,-2.6933257579803467,3
serials,series,-1.33984375,1.4832673072814941,3
series,shows,2.537109375,-0.3683859705924988,3
share,share,0.0,-0.20158803462982178,3
shoplifting,things,2.5625,1.1047590970993042,3
shows,things,0.70703125,1.4848003387451172,3
shudder,tremble,0.441650390625,1.0246857404708862,3
silent,stiff,0.3583984375,-0.8335792422294617,3
silent,tearful,1.69140625,2.00142240524292,3
sincere,thorough,1.3288459777832031,-1.4878300428390503,3
skinnier,skinnier,0.0,-0.20158803462982178,3
skis,things,3.68359375,1.3080918788909912,3
sleeping,sleeping,0.0,-0.20158803462982178,3
slowly,unconsciously,8.174301147460938,2.4934802055358887,3
slows,tires,0.2734375,-0.831437349319458,3
somehow,somewhere,-1.205078125,0.36710137128829956,3
sophistication,style,4.46484375,-0.245895653963089,3
speaks,turns,-0.7265625,0.406954824924469,3
sponsor,witness,-0.9501953125,0.2033824771642685,3
springs,tension,0.28125,0.3683580756187439,3
stalkier,stalkier,0.0,-0.20158803462982178,3
stamps,turns,1.09271240234375,0.40637820959091187,3
start,tremble,-1.078857421875,-0.5451169013977051,3
statues,things,-0.0205078125,0.9228764176368713,3
steady,stiff,-1.49609375,-1.4943839311599731,3
stiller,stiller,0.0,-0.20158803462982178,3
stress,tension,-4.42578125,-0.9910706877708435,3
study,thought,1.591796875,2.0889437198638916,3
subtle,wondrous,-0.8984375,0.9807921051979065,3
suffering,time,-1.58984375,-0.11437258124351501,3
surrounded,taken,-0.59375,1.5864897966384888,3
suspense,uncertainty,6.494140625,1.4212737083435059,3
sweeps,talks,-1.853515625,2.4085254669189453,3
talkative,thoughtless,-0.98046875,0.852739155292511,3
talks,talks,0.0,-0.20158803462982178,3
talks,turns,-3.6484375,-0.6761035919189453,3
tap,tap,0.0,-0.20158803462982178,3
territory,trade,2.29296875,1.4747885465621948,3
things,things,0.0,-0.20158803462982178,3
things,tires,1.896484375,-0.1393679529428482,3
thought,thought,0.0,-0.20158803462982178,3
thought,time,-2.29296875,-1.3252665996551514,3
time,time,0.0,-0.20158803462982178,3
time,ways,-2.318359375,-0.4573981761932373,3
useful,willing,1.056640625,0.7921448349952698,3
vanquished,victor,-3.75030517578125,0.9774925112724304,3
vanquished,victors,-5.13818359375,1.4880921840667725,3
voices,whistling,-3.654296875,0.597091019153595,3
warmer,warmer,0.0,-0.20158803462982178,3
watch,watch,0.0,-0.20158803462982178,3
weaker,weaker,0.0,-0.20158803462982178,3
went,went,0.0,-0.20158803462982178,3
wilder,wilder,0.0,-0.20158803462982178,3
absence,substitution,2.633056640625,0.4754038155078888,4
absorbing,long,-6.498046875,-2.93148136138916,4
acceleration,velocity,1.562713623046875,0.8476967811584473,4
acquisition,opening,1.60089111328125,-0.9867684841156006,4
act,looks,-6.986328125,0.25841668248176575,4
act,snort,-0.98828125,-1.082335352897644,4
admission,listing,1.79541015625,-1.1964788436889648,4
advantage,profit,-2.184814453125,-0.04140914976596832,4
agencies,officers,2.432373046875,-1.3107576370239258,4
alasia,gabrielle,-2.169921875,-0.08568623661994934,4
alms,largesse,3.2457275390625,-0.20497341454029083,4
amazement,inquiry,1.4008712768554688,1.197653889656067,4
american,canadian,-0.6240234375,0.0962483212351799,4
american,confederate,6.143341064453125,1.7608482837677002,4
american,foreign,0.60546875,1.2072031497955322,4
american,french,-1.9296875,0.5443902611732483,4
american,irish,-0.623046875,-0.3871857821941376,4
anemone,roses,-7.449462890625,-2.4387831687927246,4
angle,distance,0.7109375,-1.375259518623352,4
angrily,loudly,-2.03338623046875,-0.18608176708221436,4
answered,considered,-0.51953125,0.6352787017822266,4
anxiously,long,-2.2017574310302734,-2.71425724029541,4
apparel,implements,0.72369384765625,0.3192567527294159,4
apparel,money,-3.5997314453125,-1.3472604751586914,4
appetizing,nourishing,1.1270904541015625,-0.49691042304039,4
architecture,ceremonies,-0.648590087890625,0.9263099431991577,4
architecture,skyscrapers,-1.305908203125,0.6000882983207703,4
architecture,workmanship,-1.988525390625,0.45950010418891907,4
architecture,works,2.779296875,0.9489645957946777,4
arduously,long,0.060546875,-2.4578752517700195,4
artistic,general,-2.8828125,-0.08750472217798233,4
artistic,international,0.95489501953125,0.3523898720741272,4
artistic,social,6.95751953125,-0.6296643614768982,4
artistic,technical,2.51220703125,0.4702141582965851,4
ashamed,enraged,-0.467864990234375,1.805588960647583,4
ashamed,white,-0.349609375,-0.7234917283058167,4
asking,asking,0.0,0.02537430264055729,4
atmospheric,solar,2.150482177734375,0.2008618414402008,4
authority,caution,0.2924346923828125,0.05401618778705597,4
authority,responsibility,-1.3203125,-0.16377447545528412,4
back,back,0.0,0.02537430264055729,4
back,electrical,-3.4990234375,0.2962968647480011,4
back,everyth,2.6953125,-0.27699169516563416,4
back,open,-2.6640625,-0.3732038736343384,4
back,out,-0.224609375,-0.7979899048805237,4
back,upper,0.53125,-0.3690013289451599,4
back,work,0.48828125,0.624171257019043,4
backup,medical,-0.6611328125,-1.3537414073944092,4
bamboo,rice,-0.00439453125,-1.1212844848632812,4
banana,lavender,2.1805419921875,1.394897699356079,4
banana,rice,-0.646484375,-0.35933709144592285,4
barracks,warehouses,-2.3435440063476562,-0.6929213404655457,4
bass,piano,0.783203125,-0.5444616675376892,4
battle,host,1.634765625,0.544552743434906,4
battle,work,-2.09765625,0.5038089156150818,4
beaten,bruised,2.185302734375,0.6310267448425293,4
beaten,dispersed,1.70751953125,1.6062469482421875,4
beaten,stabbed,0.784942626953125,0.19095437228679657,4
bedevilment,confusion,0.67529296875,1.0081928968429565,4
bees,beetles,2.754638671875,1.5847338438034058,4
bees,lindens,1.138916015625,0.7715392708778381,4
beetles,rats,-3.883544921875,-0.16303282976150513,4
behavior,habitats,-0.8188323974609375,-0.06919708102941513,4
behavior,neurogenesis,0.8838176727294922,-0.13211460411548615,4
behavior,size,-3.827143669128418,-1.5417827367782593,4
behind,behind,0.0,0.02537430264055729,4
bellow,hook,-3.5390625,-1.2156028747558594,4
beloved,dear,-1.7210979461669922,-1.0425776243209839,4
beloved,loving,-0.3428993225097656,-0.02318720705807209,4
bigger,bigger,0.0,0.02537430264055729,4
bigger,faster,0.83984375,1.6267800331115723,4
bigger,newer,-5.34375,1.506331205368042,4
bigger,prettier,-0.79541015625,1.9881902933120728,4
bison,cattle,-0.787109375,-2.01361346244812,4
bison,hybrids,2.158203125,0.15894924104213715,4
bleeding,bruised,4.6160888671875,0.22642882168293,4
blessed,dear,-0.590728759765625,-1.3416469097137451,4
block,ring,2.763671875,-1.2488149404525757,4
blow,blow,0.0,0.02537430264055729,4
blow,bluster,-0.52978515625,-0.491850882768631,4
blow,howl,1.1787109375,-0.893526554107666,4
blues,whites,-2.18804931640625,-1.5820205211639404,4
bolder,bolder,0.0,0.02537430264055729,4
bouncing,bumping,1.6452293395996094,0.4520193636417389,4
bowl,drinks,6.6796875,1.43611741065979,4
breathe,surface,1.265625,-0.47925856709480286,4
brethren,trust,1.2750244140625,0.7769522666931152,4
brie,butter,-1.095703125,-1.7324416637420654,4
bright,cheerful,2.0789794921875,1.175909399986267,4
bright,fair,0.939453125,0.5809842348098755,4
bright,glorious,0.46422576904296875,1.3710602521896362,4
bright,joyous,0.826904296875,0.9358752965927124,4
bright,keen,0.8212890625,1.344393253326416,4
bright,peaceful,2.4761962890625,0.844955563545227,4
bright,pure,-1.630859375,1.1875460147857666,4
bright,smiling,-1.4541015625,1.5510342121124268,4
bright,snapping,-0.8466796875,1.6032153367996216,4
bright,still,2.087890625,1.9135308265686035,4
bright,white,0.7265625,0.031180424615740776,4
brightness,size,-1.9580078125,-0.502608060836792,4
brooches,goblets,5.755859375,-0.6029435396194458,4
browned,healthy,7.3427734375,-0.1947266012430191,4
bruised,jarred,-2.05615234375,-1.1232035160064697,4
bucks,saws,3.9814453125,-0.136740043759346,4
building,building,0.0,0.02537430264055729,4
building,development,-1.876953125,-0.9571677446365356,4
buses,trams,-1.06591796875,0.22188587486743927,4
butter,experience,-3.8525390625,1.211808681488037,4
butter,jam,1.01171875,0.6943279504776001,4
cakes,candies,0.0587158203125,1.1393910646438599,4
cakes,doughnuts,-0.61627197265625,0.9407868385314941,4
cakes,pastries,1.9521484375,2.011904001235962,4
camps,cottages,1.143524169921875,-0.9296607375144958,4
canadian,french,-1.265625,0.5680903196334839,4
canadian,international,2.556640625,0.40848982334136963,4
careful,long,-3.84765625,-1.9786906242370605,4
catalogs,essays,-0.5470123291015625,0.7233994603157043,4
cattle,farms,1.373779296875,0.23097683489322662,4
caution,delay,-0.99664306640625,0.8162676095962524,4
caution,experience,-2.33416748046875,-0.31045347452163696,4
caution,mystery,-1.264404296875,-0.8593887090682983,4
celebrity,related,5.1015625,0.031423285603523254,4
changeability,conformity,-1.134765625,-0.19427885115146637,4
changed,changed,0.0,0.02537430264055729,4
charisma,money,-2.529296875,-0.605453372001648,4
cheerful,cozy,-1.61083984375,0.0931977778673172,4
cheerful,smiling,-1.76629638671875,0.35227134823799133,4
cheerful,surprised,-1.230224609375,0.15441736578941345,4
chives,onion,4.5009765625,0.7699602842330933,4
choicer,prettier,-1.13336181640625,0.4071780741214752,4
church,work,-0.1015625,1.097646951675415,4
ciliates,radiolaria,-0.623046875,0.1469958871603012,4
clay,lead,2.763671875,1.8148630857467651,4
clay,logs,-1.908203125,0.40013936161994934,4
cleared,lined,1.81884765625,-0.3725118935108185,4
cliffs,gorges,-0.0341644287109375,0.5084740519523621,4
cliffs,hillsides,2.3363189697265625,0.035904571413993835,4
cliffs,riverbanks,-0.950927734375,0.49756065011024475,4
clods,clumps,0.63525390625,0.04343236982822418,4
closing,opening,-2.478515625,-1.2013919353485107,4
collapsed,melted,2.1735458374023438,-0.8524933457374573,4
colors,forms,0.576171875,0.7436749935150146,4
colors,patterns,1.9892959594726562,0.5640775561332703,4
community,voluntary,0.5430908203125,0.2643955647945404,4
concerted,concurrent,0.87109375,-0.04572965204715729,4
condemnation,sentence,4.51898193359375,-0.7540707588195801,4
confusion,misinformation,0.52294921875,0.3293408751487732,4
confusion,panic,-1.6201171875,-1.8819634914398193,4
confusion,rumors,-2.08837890625,0.16359244287014008,4
considered,rejected,-0.435791015625,-0.39720526337623596,4
considered,still,-5.662109375,-0.9483747482299805,4
conspiracy,forgery,5.078369140625,0.17142127454280853,4
constant,loud,-0.953125,-1.441843032836914,4
constant,perishable,1.891357421875,1.0185306072235107,4
continental,french,-0.37158203125,-0.034966036677360535,4
copyrights,rights,-1.2899169921875,-2.2293701171875,4
corruption,cultism,-0.9094772338867188,-1.1050156354904175,4
cottages,houses,-0.320709228515625,0.01801682822406292,4
country,kinship,-2.583984375,0.32363924384117126,4
country,royalty,-2.93408203125,2.4219093322753906,4
crackers,fudges,-0.1298828125,-0.5425634980201721,4
crackers,jam,-1.653076171875,-0.5192853808403015,4
cranes,warehouses,-1.040771484375,-0.016488270834088326,4
creaks,squelches,1.1089019775390625,0.14260703325271606,4
criticize,denounce,3.433349609375,0.6433614492416382,4
cross,disagreeable,0.1129302978515625,0.8134373426437378,4
cross,discontented,1.1904296875,-0.009535836055874825,4
cross,fussy,-1.435546875,-0.8985978960990906,4
cross,unkind,-2.607421875,0.3922629654407501,4
crowbars,picks,1.337890625,0.8556256294250488,4
curled,curled,0.0,0.02537430264055729,4
cytosine,thymine,2.486328125,1.0678311586380005,4
damp,keen,0.591796875,-0.02999979443848133,4
damp,loathsome,2.4677734375,0.6368497014045715,4
damp,long,-1.7265625,-1.592094898223877,4
damp,thin,-0.79296875,-0.06351465731859207,4
damp,unwholesome,0.9654541015625,0.9784143567085266,4
dance,music,-1.15625,-0.5632898807525635,4
daring,heroic,-1.536865234375,0.5440686345100403,4
daring,lateral,2.343109130859375,1.0415666103363037,4
daring,marvellous,1.3973464965820312,0.29138627648353577,4
daring,own,-0.005859375,1.51716148853302,4
deafening,long,-2.6214447021484375,-2.398770332336426,4
dear,long,-0.73828125,-1.974233627319336,4
dear,loving,1.55078125,1.4645272493362427,4
dear,thoughtful,3.71044921875,1.9947518110275269,4
decorations,flags,-2.0615234375,-0.8015425801277161,4
decorations,jewels,-2.89776611328125,0.07044027745723724,4
decorations,tints,-0.848876953125,-0.2969278395175934,4
delighted,flustered,-1.6341552734375,0.4754868447780609,4
delighted,smiling,-4.12890625,0.29629990458488464,4
delighted,surprised,-2.474609375,0.13758648931980133,4
denounce,preach,-2.724609375,-0.18209119141101837,4
detonators,fuses,-0.44921875,-0.9038833379745483,4
development,production,-1.65234375,0.25165849924087524,4
development,testing,-1.12640380859375,0.23105406761169434,4
diagrams,illustrations,-3.572998046875,-0.7930502891540527,4
dimpled,white,0.119873046875,-2.4393842220306396,4
dismally,long,-1.3974609375,-2.75658917427063,4
distance,size,-6.65625,0.29529863595962524,4
distance,terrain,-0.42138671875,1.1743143796920776,4
distinctly,loud,-5.9397501945495605,-2.401975631713867,4
distinctly,loudly,-3.18916654586792,-0.9002041220664978,4
dizzy,nauseated,7.17474365234375,0.3604826033115387,4
drastic,long,-3.884765625,-2.2408106327056885,4
drinks,eats,1.12890625,-0.18363521993160248,4
drinks,laughs,3.4375,-0.3967255651950836,4
dropped,sunk,0.970703125,-1.9642246961593628,4
ducks,pelicans,0.24609375,0.8636019229888916,4
dull,long,-2.07421875,-0.9812864065170288,4
dull,simple,4.732421875,-0.45802178978919983,4
dull,spiritless,1.2578125,0.5342385172843933,4
dwellings,shops,0.526123046875,0.20020000636577606,4
dysentery,famine,0.30322265625,-0.014097737148404121,4
ecological,molecular,0.9741897583007812,-0.021380526944994926,4
educated,scientific,-0.986328125,-1.6354072093963623,4
egotistical,unrefined,-9.021484375,1.4218604564666748,4
endangered,endemic,-3.7775726318359375,-0.11971361935138702,4
endure,work,-0.37890625,0.5668153762817383,4
energy,fire,-0.048828125,-1.0738818645477295,4
energy,stamina,1.16015625,0.5285725593566895,4
energy,valour,-1.1796875,0.09209339320659637,4
engineer,managerial,2.390625,0.6023502349853516,4
entertainment,lodging,2.7568359375,1.1178560256958008,4
entertainment,music,-0.54296875,-1.3079476356506348,4
entertainment,profit,0.12744140625,1.7091883420944214,4
equality,freedom,0.181884765625,-0.7896394729614258,4
ermine,scarlet,-0.78057861328125,-1.4186737537384033,4
evade,evade,0.0,0.02537430264055729,4
everyday,simple,-0.3349609375,-1.3207350969314575,4
exclusive,significant,0.515716552734375,0.005923433229327202,4
exits,returns,-0.796600341796875,-0.9033580422401428,4
experience,observation,-2.937744140625,-0.07810379564762115,4
experience,responsibility,0.82763671875,-0.536553680896759,4
experiments,observations,2.19580078125,-0.12166658043861389,4
fagged,flustered,1.337158203125,-0.7534211874008179,4
fair,frank,-0.513671875,-1.046799898147583,4
fair,legible,4.03125,0.6282346248626709,4
fair,peaceful,2.67230224609375,0.049845144152641296,4
fair,prosperous,1.9454612731933594,1.7204411029815674,4
fair,pure,-0.9033203125,0.27800631523132324,4
fair,still,0.423828125,1.2523502111434937,4
farms,houses,-3.525634765625,0.011465651914477348,4
faster,faster,0.0,0.02537430264055729,4
fatiguing,long,-3.3720703125,-2.276871919631958,4
feverish,ill,1.12451171875,0.13841381669044495,4
fevers,malarias,3.71875,-0.5525947213172913,4
film,film,0.0,0.02537430264055729,4
film,music,-0.875,-1.6706582307815552,4
finches,larks,3.3876953125,-0.24629957973957062,4
fire,lead,-0.9375,1.9485790729522705,4
fire,load,2.240234375,0.28608301281929016,4
fire,tools,-0.833984375,0.7018962502479553,4
fixedly,long,1.052734375,-2.5626115798950195,4
flags,music,0.12060546875,-0.20995689928531647,4
flash,loud,-0.626953125,-1.9731731414794922,4
fleecy,thin,-0.3232421875,-0.38800227642059326,4
fleecy,white,-4.208984375,-1.2257530689239502,4
fly,fly,0.0,0.02537430264055729,4
foreign,international,0.9140625,-0.04865805804729462,4
foreign,tanned,-1.79052734375,0.47567838430404663,4
foreign,ukrainian,1.77099609375,0.4791054129600525,4
forgives,relents,-0.3310546875,-0.37476661801338196,4
frank,independent,-0.6995849609375,1.4856857061386108,4
frank,offensive,-6.5771484375,1.768978238105774,4
frank,open,0.740234375,0.46482670307159424,4
freedoms,rights,-3.96142578125,-1.8961857557296753,4
french,irish,-0.7109375,-1.1928625106811523,4
french,music,3.0859375,-0.9064691662788391,4
freshman,sophomore,0.48260498046875,-0.35044756531715393,4
friend,playfellow,-2.2060546875,2.076692581176758,4
furs,implements,-0.614501953125,0.8884749412536621,4
fuss,squeal,1.072509765625,0.001845313236117363,4
fuss,stamp,3.119140625,1.269594669342041,4
gaping,muttering,2.41705322265625,0.39276158809661865,4
general,maddened,4.337890625,1.3718801736831665,4
general,technical,-0.3624267578125,1.0704529285430908,4
generations,generations,0.0,0.02537430264055729,4
ghastly,long,-3.2086181640625,-2.4694206714630127,4
ghastly,unending,0.031494140625,0.9182568788528442,4
godless,violent,2.10302734375,0.06173817813396454,4
grandma,grandpa,5.5341796875,0.13708758354187012,4
guerilla,independent,1.6142578125,0.13793756067752838,4
gutturally,loudly,-4.01953125,-0.5640540719032288,4
hammering,hammering,0.0,0.02537430264055729,4
hazelnut,raspberry,-0.083740234375,0.387955904006958,4
healthy,long,-4.203125,-1.4141132831573486,4
healthy,obedient,1.8665771484375,2.1872081756591797,4
healthy,open,4.40234375,0.4316849410533905,4
healthy,prosperous,1.7238616943359375,1.743636131286621,4
healthy,pure,-4.6904296875,0.16815529763698578,4
heart,joints,-1.63134765625,0.748218297958374,4
heart,renal,1.296875,1.6532394886016846,4
heartfelt,traditional,0.9404296875,-0.2872067987918854,4
heartily,long,2.282782554626465,-1.582653522491455,4
hearty,loud,-3.45556640625,-1.5895618200302124,4
hearty,loving,0.513671875,1.0352013111114502,4
hedonism,utilitarianism,-3.1683349609375,0.35358646512031555,4
helmsman,operator,-0.43701171875,0.14832086861133575,4
hoot,howl,1.474609375,-0.38775643706321716,4
hop,squeal,0.029052734375,0.41368237137794495,4
hopelessly,vaguely,1.140848159790039,-0.07498951256275177,4
hops,jumps,-1.85882568359375,0.04133628308773041,4
horns,strings,0.870361328125,1.4672383069992065,4
hoss,hoss,0.0,0.02537430264055729,4
houses,houses,0.0,0.02537430264055729,4
houses,shops,4.046875,0.8406302332878113,4
houses,stores,4.626953125,0.9993879795074463,4
howl,howl,0.0,0.02537430264055729,4
husk,sawdust,-3.215087890625,2.360034942626953,4
ill,weary,-4.15234375,-1.2545098066329956,4
ill,white,-1.1650390625,-2.106783390045166,4
implements,tools,-0.3240966796875,-1.569918155670166,4
incongruity,likeness,1.5958099365234375,0.4834079444408417,4
independent,savage,-2.064453125,-0.5339629650115967,4
independent,sovereign,-1.806640625,-0.05090703070163727,4
independent,wealthy,8.548370361328125,-1.9503840208053589,4
indoors,out,1.452056884765625,-0.21607060730457306,4
infallible,sovereign,-6.55364990234375,0.17678974568843842,4
innovation,technology,1.4179534912109375,-0.2150685340166092,4
inquiring,thoughtful,-4.6669921875,-0.480494886636734,4
inquiry,observation,-1.2394561767578125,-0.7134684324264526,4
insulting,violent,-3.4754638671875,-1.182525873184204,4
intricate,long,-0.58056640625,-1.9224424362182617,4
involuntary,voluntary,-2.37835693359375,-1.0252107381820679,4
irish,nigerian,-1.789306640625,1.6810237169265747,4
jewels,money,-0.27978515625,-0.5596193075180054,4
jib,jigger,-2.1767578125,0.4136228859424591,4
joking,smiling,-1.7001953125,0.6532561779022217,4
journalists,officials,1.69573974609375,0.5445133447647095,4
joyous,loud,-3.453777313232422,-1.3532030582427979,4
joyous,smiling,-4.2105712890625,0.5223827362060547,4
keen,peaceful,-4.656494140625,-0.4282531440258026,4
keener,keener,0.0,0.02537430264055729,4
knowing,knowing,0.0,0.02537430264055729,4
labor,money,-1.7255859375,-1.557363748550415,4
lasting,long,-2.630859375,-2.7324326038360596,4
laughs,looks,1.2841796875,0.685348629951477,4
laughs,yells,1.82421875,-0.8731570839881897,4
lavender,white,-1.5672760009765625,-1.377051591873169,4
lessons,work,4.5390625,0.7363922595977783,4
limping,lisping,-0.85662841796875,0.4082035720348358,4
lived,struggled,0.54302978515625,1.0270576477050781,4
lived,worked,3.623046875,1.6905754804611206,4
lives,looks,-0.703125,2.0456573963165283,4
lives,money,-2.4404296875,-0.12416233122348785,4
lives,work,-1.556640625,1.0548624992370605,4
lives,works,1.970703125,0.9541741013526917,4
logical,simple,-0.421875,-0.35493090748786926,4
logs,stumps,0.8270263671875,0.42566120624542236,4
lone,long,-0.34765625,-1.9501032829284668,4
long,long,0.0,0.02537430264055729,4
long,loud,0.28125,0.42599809169769287,4
long,loudly,0.255859375,2.2205591201782227,4
long,loving,1.48828125,3.707871437072754,4
long,lucidly,5.46875,3.011939764022827,4
long,narrow,1.66015625,1.2761815786361694,4
long,passionately,0.37579345703125,3.8660950660705566,4
long,peaceful,-2.16455078125,2.373077392578125,4
long,pointed,1.0634765625,2.623569965362549,4
long,prosperous,4.8166961669921875,3.969554901123047,4
long,significant,3.348724365234375,2.9743547439575195,4
long,simple,3.080078125,1.451905369758606,4
long,sinewy,1.22314453125,2.9968338012695312,4
long,slinking,3.01666259765625,2.5895156860351562,4
long,softly,-1.43359375,1.5142830610275269,4
long,storied,6.02734375,3.2594659328460693,4
long,thin,3.2041015625,1.2709746360778809,4
long,thoughtfully,3.94482421875,4.538732528686523,4
long,untrimmed,0.37371826171875,3.6491637229919434,4
long,varied,4.546630859375,3.1317572593688965,4
long,violent,3.5,2.745573043823242,4
long,wearisome,3.181640625,3.543193817138672,4
long,weary,2.6015625,2.461007833480835,4
long,white,-1.1416015625,1.4337376356124878,4
looks,moves,0.73828125,-0.6731399297714233,4
looks,works,-0.84765625,-0.44039443135261536,4
loud,repetitive,4.224609375,2.9453392028808594,4
loud,rowdy,-1.50732421875,1.8682585954666138,4
loud,sudden,0.923828125,1.8871970176696777,4
loud,throaty,2.135986328125,1.7194476127624512,4
loud,unnatural,9.6824951171875,2.726698637008667,4
loud,violent,5.373046875,2.173588752746582,4
loving,pure,-1.6533203125,-1.1746867895126343,4
loving,simple,-5.318359375,-1.6216866970062256,4
lutes,tambourines,0.658935546875,0.23873518407344818,4
machinery,textiles,-3.494384765625,0.5190682411193848,4
machines,technology,1.83984375,0.32725051045417786,4
machines,tools,-0.1611328125,-0.13494406640529633,4
madder,madder,0.0,0.02537430264055729,4
mangrove,passionfruit,-2.4833984375,0.6179530620574951,4
marathons,ultramarathons,0.6357421875,0.34405645728111267,4
medical,scientific,1.392578125,0.18946434557437897,4
medical,social,2.6484375,-0.402192622423172,4
medical,technical,1.16033935546875,1.3731982707977295,4
meditation,prayer,-1.84814453125,-0.9289838671684265,4
merchants,workmen,-0.12610816955566406,-0.31633925437927246,4
midwest,southeastern,4.663120269775391,0.37934213876724243,4
mobile,social,0.50390625,-1.8522815704345703,4
money,production,0.578125,0.720952570438385,4
money,records,0.3515625,0.08548600971698761,4
money,spices,4.58203125,1.08165442943573,4
money,travelcards,0.2744140625,1.446630597114563,4
monsoonal,tropical,-4.65673828125,-1.7828679084777832,4
morose,unfriendly,0.895751953125,2.010277032852173,4
mounted,stuffed,2.0669326782226562,1.5818119049072266,4
moves,uplifts,0.918701171875,-0.9124667644500732,4
music,music,0.0,0.02537430264055729,4
music,philosophy,-1.29833984375,1.3304007053375244,4
music,records,1.142578125,1.6653817892074585,4
music,rhetorics,1.5885009765625,1.5358413457870483,4
music,static,-0.228515625,1.2686958312988281,4
music,table,-6.185546875,-1.5039948225021362,4
music,work,0.958984375,2.4032764434814453,4
musically,philosophically,11.71612548828125,1.0067816972732544,4
muttering,sobbing,-5.103691101074219,-0.7270299196243286,4
narrow,rakish,0.126953125,1.2147431373596191,4
narrow,triangular,-0.11236572265625,1.2803919315338135,4
neck,neck,0.0,0.02537430264055729,4
neighbors,travelers,1.6225700378417969,0.7916441559791565,4
nephews,nieces,-0.203857421875,0.09662435948848724,4
observation,theory,-0.37225341796875,1.9565129280090332,4
offspring,parents,-5.494781494140625,-2.509944200515747,4
onward,out,-4.0693359375,-0.9508538842201233,4
open,open,0.0,0.02537430264055729,4
open,violent,9.58203125,0.48023316264152527,4
opening,shutting,3.36328125,0.7730726003646851,4
optimists,toppers,-2.609375,0.15509146451950073,4
oral,written,1.03125,-1.3926860094070435,4
orders,returns,2.326171875,-0.05237308144569397,4
out,out,0.0,0.02537430264055729,4
parents,visitor,4.583251953125,0.13060249388217926,4
passionately,strangely,0.5439453125,-1.3033931255340576,4
peaceful,prosperous,4.13623046875,1.6005536317825317,4
peaceful,smiling,-1.8408203125,0.7207703590393066,4
peaceful,still,3.692138671875,1.5246556997299194,4
peaceful,unopposed,2.71044921875,1.3360986709594727,4
perfect,poofy,-1.28125,-1.7635639905929565,4
perfect,pure,0.611328125,-2.1905410289764404,4
perfect,unbroken,4.372047424316406,-1.4694560766220093,4
pertly,promptly,-0.533203125,-0.310733437538147,4
philosophy,theology,-3.51123046875,-0.08730204403400421,4
piano,violin,0.589111328125,2.0660488605499268,4
pike,spear,3.40234375,0.032332345843315125,4
plans,preparations,1.468017578125,1.1860398054122925,4
plaprer,plaprer,0.0,0.02537430264055729,4
pointed,terse,0.203125,-0.33174827694892883,4
practise,practise,0.0,0.02537430264055729,4
prayer,thanksgiving,2.27349853515625,1.793422818183899,4
prayer,worship,1.77325439453125,1.256807804107666,4
prettier,prettier,0.0,0.02537430264055729,4
production,technical,5.837158203125,-0.44399163126945496,4
production,transportation,0.9443359375,-0.034242063760757446,4
project,technical,-1.84478759765625,-0.3101244270801544,4
projectors,televisions,1.2431640625,0.8376613855361938,4
punishment,rewards,-1.193359375,0.5986990928649902,4
pure,simple,1.841796875,-0.22862406075000763,4
pure,sober,-0.7734375,1.5069270133972168,4
pure,solid,-0.33984375,0.2788885831832886,4
pure,white,1.2900390625,-0.9129568338394165,4
queerer,queerer,0.0,0.02537430264055729,4
quivering,white,-0.62005615234375,-2.0956780910491943,4
rascals,shepherds,-1.7983551025390625,-1.0420581102371216,4
raved,stormed,-1.0459671020507812,-0.29297056794166565,4
reading,studying,-0.291015625,0.3338182270526886,4
reports,rumors,-2.3404541015625,0.8269622325897217,4
responsibility,work,0.744140625,1.1495084762573242,4
restaurants,shops,-2.1305809020996094,-0.250375896692276,4
rice,tallow,-0.1875,0.8907921314239502,4
ring,stacker,-1.32586669921875,-0.045728594064712524,4
romantic,villainous,2.06781005859375,0.33745601773262024,4
rope,textiles,2.09375,0.320032000541687,4
salvage,vandalizing,-2.80078125,1.1143971681594849,4
satin,spotted,5.24261474609375,0.8086657524108887,4
savage,treacherous,0.311737060546875,0.4637276828289032,4
scarlet,white,0.11669921875,-2.009845733642578,4
scholarly,sober,1.438720703125,1.3961104154586792,4
scientific,technical,-0.9541015625,0.3015737235546112,4
seals,walruses,-1.1328125,0.2758484184741974,4
seasonal,tropical,-4.60498046875,-1.0505647659301758,4
sensitive,temperamental,1.101806640625,-1.2208034992218018,4
settlement,transportation,2.958984375,0.9522788524627686,4
shaven,spotted,-0.460784912109375,-0.01908780075609684,4
significant,varied,0.8690185546875,0.6438347101211548,4
simple,slight,2.96484375,0.051753267645835876,4
simple,touching,3.3984375,2.4762356281280518,4
sleek,thoughtful,-1.748046875,1.5616166591644287,4
slight,thin,0.0400390625,-0.7494884729385376,4
smiling,unhurried,0.8291015625,0.1757972538471222,4
sober,thoughtful,1.3232421875,0.21043996512889862,4
social,technical,1.385986328125,0.8781195878982544,4
social,traditional,-0.154296875,0.023387951776385307,4
social,youth,-2.64208984375,-0.7759944796562195,4
softly,stealthily,3.47314453125,1.0550206899642944,4
solid,still,2.923828125,0.853053092956543,4
solid,unbroken,0.11773681640625,0.22571493685245514,4
starched,white,1.119140625,-1.6726590394973755,4
still,thoughtful,1.304931640625,0.8380160331726074,4
still,void,-1.525390625,-0.1068696528673172,4
still,white,1.30078125,-1.3669739961624146,4
stores,warehouses,0.561981201171875,0.2697257101535797,4
stout,weatherly,3.521484375,-0.6751599907875061,4
strings,violin,-1.3310546875,-0.365681916475296,4
struggled,struggled,0.0,0.02537430264055729,4
stumps,walls,-1.67431640625,-0.825192391872406,4
sudden,tremendous,2.28485107421875,0.7352362871170044,4
sudden,unnatural,9.899505615234375,0.4309970736503601,4
sudden,violent,4.90234375,0.07448174059391022,4
swaying,swaying,0.0,0.02537430264055729,4
swaying,whirling,-0.3680877685546875,0.43928655982017517,4
table,table,0.0,0.02537430264055729,4
thin,white,2.29248046875,-0.04889978468418121,4
tickling,touching,0.71875,1.3338408470153809,4
treacherous,vile,0.94873046875,-0.41056644916534424,4
treacherous,villainous,3.0868759155273438,-0.5941047668457031,4
treacherous,wicked,-1.759033203125,-0.2166084200143814,4
turned,turned,0.0,0.02537430264055729,4
unafraid,unashamed,0.11279296875,1.0675314664840698,4
unfriendly,unnatural,-0.60748291015625,-0.5770427584648132,4
ungoverned,violent,-0.9515380859375,-1.276623249053955,4
unkind,wicked,-2.75,-0.8005257248878479,4
unshaved,unwashed,-1.5009765625,0.8750715851783752,4
vindictive,violent,0.49609375,-1.175732135772705,4
wanted,wanted,0.0,0.02537430264055729,4
warfare,work,-0.395355224609375,0.9080982804298401,4
wickeder,wickeder,0.0,0.02537430264055729,4
work,work,0.0,0.02537430264055729,4
worked,worked,0.0,0.02537430264055729,4
worst,worst,0.0,0.02537430264055729,4
abject,dejected,0.18359375,0.5270170569419861,5
acceptive,efficient,0.7587890625,-1.1164995431900024,5
aches,pains,-3.080078125,0.6310198307037354,5
acting,performing,0.227783203125,0.5042517781257629,5
adapt,survive,0.1083984375,0.13007454574108124,5
addition,deletions,-6.94140625,-0.078321173787117,5
advice,assistance,1.15765380859375,0.4749382734298706,5
advice,injunctions,3.842529296875,-0.03773833438754082,5
advice,training,0.458984375,-0.5657934546470642,5
affordable,cheap,-0.11767578125,-1.6034992933273315,5
aft,knelt,2.8974609375,0.8421409130096436,5
agitated,shocked,2.3699874877929688,0.28389501571655273,5
agnostic,liberal,-0.5692138671875,0.1174589991569519,5
ahing,umming,0.244140625,0.55869060754776,5
alien,strange,-0.0234375,-1.3954142332077026,5
alternatively,secondarily,3.8720703125,-0.24654771387577057,5
anecdotes,gossip,-5.7991943359375,-0.16320732235908508,5
anklets,bracelets,-1.14666748046875,-0.35692766308784485,5
anklets,wristlets,1.21484375,-0.3027511239051819,5
annoying,childish,-4.8759765625,-1.0583446025848389,5
annoying,strange,-5.602294921875,-1.2677704095840454,5
anticipation,intercourse,2.2232666015625,-0.41432633996009827,5
apartments,cars,-1.7421875,-1.159044623374939,5
apologizing,crying,-4.1533203125,-0.9840739965438843,5
appreciation,gratitude,-1.78369140625,-0.9358664751052856,5
appropriately,directly,0.130859375,0.9095566272735596,5
arepas,cachapas,0.15234375,0.010465282946825027,5
argued,argued,0.0,0.07734453678131104,5
arrested,injured,4.990234375,-0.4358636736869812,5
arrested,punished,2.3245849609375,1.087687611579895,5
arrested,shot,2.625,-0.5429307222366333,5
arrested,tortured,4.346427917480469,0.5810160636901855,5
articles,books,-2.180440902709961,-1.6188658475875854,5
articles,interviews,-5.2073211669921875,-0.5608799457550049,5
asleep,quieted,4.318359375,1.8867391347885132,5
asleep,snoring,4.3544921875,1.649182677268982,5
assistant,doorkeeper,0.140625,-1.7700661420822144,5
astonishment,fright,-0.297088623046875,0.7456316947937012,5
astonishment,incredulity,2.1090087890625,1.429855227470398,5
astrophysical,geophysical,1.115631103515625,0.4048197865486145,5
attractive,instructive,0.64300537109375,0.08694900572299957,5
attractive,interesting,-2.171478271484375,-2.1598331928253174,5
attractive,proven,0.5313720703125,0.6406514644622803,5
attractive,serviceable,-2.0816650390625,-1.068419098854065,5
attractive,unique,-1.2670097351074219,-1.5853029489517212,5
attractive,viable,-1.6048583984375,-0.9478859901428223,5
awe,reverence,-3.37548828125,1.7249864339828491,5
awful,profound,-1.4306640625,0.4509548544883728,5
awful,strange,-8.193359375,-0.7528565526008606,5
awkwardly,heavily,-2.282978057861328,0.26217955350875854,5
balmy,mild,-0.509765625,-2.3413078784942627,5
banquets,cheers,-1.305908203125,-1.0162941217422485,5
barbarians,pirates,-0.96630859375,-1.0497013330459595,5
bargains,coffins,-1.76611328125,0.036310259252786636,5
basketball,tennis,-1.943359375,0.8971155881881714,5
beardless,handsome,2.14453125,-0.6478314995765686,5
behavioural,cognitive,0.459686279296875,-0.5812262892723083,5
behavioural,mental,-2.568878173828125,-0.1795029193162918,5
best,best,0.0,0.07734453678131104,5
best,darlingest,-0.408203125,-0.3672163188457489,5
best,noblest,1.55908203125,0.5155107378959656,5
best,quickest,-0.7734375,-0.1292143166065216,5
best,smartest,-1.05938720703125,-1.1025382280349731,5
best,soundest,6.22265625,0.20070189237594604,5
biological,historical,2.2852783203125,-0.3258685767650604,5
blunt,rough,-1.103515625,-1.2424556016921997,5
boastful,cheating,-0.8271484375,-0.4574636220932007,5
boisterous,rude,1.043182373046875,-0.8083395957946777,5
bollards,cars,-4.30859375,0.5472827553749084,5
books,happenings,5.4775390625,1.9657769203186035,5
books,letters,0.228515625,-0.05980796739459038,5
books,movies,-1.556640625,0.08147041499614716,5
books,pamphlets,1.04595947265625,1.2525187730789185,5
books,postage,2.357421875,1.0933279991149902,5
books,studies,1.765625,1.3400791883468628,5
books,theater,1.140625,1.2457269430160522,5
bosses,budgets,-0.04052734375,-0.2616225481033325,5
bosses,enemies,1.800048828125,0.5355945229530334,5
boulders,rocks,-0.153564453125,-1.1190993785858154,5
bounds,training,0.89453125,-0.13646338880062103,5
bowling,tennis,-0.8408203125,-0.023161154240369797,5
boyish,free,0.5009765625,-0.006805133074522018,5
breathless,panting,-0.10509490966796875,0.34107691049575806,5
brighter,brighter,0.0,0.07734453678131104,5
brighter,content,0.5302734375,2.058976888656616,5
brighter,merrier,1.3359375,1.0969958305358887,5
british,iraqi,-1.365325927734375,1.2749139070510864,5
british,scottish,2.853515625,-0.14178632199764252,5
british,spanish,1.515625,0.19653144478797913,5
british,yank,1.970703125,0.37932929396629333,5
broad,eclectic,-1.7998046875,2.902615785598755,5
broad,glittering,2.89190673828125,2.5484321117401123,5
broad,handcuffed,0.8267822265625,3.130556344985962,5
broad,leathery,-0.42376708984375,3.1587765216827393,5
broad,level,3.0546875,3.622232437133789,5
broadcasting,journalism,-3.2548828125,-0.24773560464382172,5
broke,rotten,-5.13525390625,-0.22426839172840118,5
bugs,fleas,2.87353515625,0.11362671852111816,5
bumps,tracks,0.53515625,-1.3647406101226807,5
calls,letters,0.00390625,-1.893038272857666,5
cans,forks,-1.291015625,0.27523288130760193,5
capacities,powers,0.8056640625,0.5825480222702026,5
capital,financial,1.45703125,-1.1248679161071777,5
capital,government,-5.71484375,-1.0543742179870605,5
carotenoids,chlorophyll,5.1767578125,0.3946918547153473,5
carpets,rugs,1.6380615234375,-0.5857505798339844,5
cars,hats,2.5419921875,-0.01213495060801506,5
cars,lorries,2.6845703125,0.9878929257392883,5
casual,playful,2.619140625,0.8547609448432922,5
cat,dog,1.025390625,-1.2808566093444824,5
cat,puppy,4.14453125,-0.5107028484344482,5
catch,tame,0.564453125,-0.25866687297821045,5
catch,toss,0.111328125,1.439618706703186,5
caverns,rocks,-2.8623046875,-0.8431272506713867,5
caverns,tunnels,-0.071807861328125,-0.22795943915843964,5
cedar,yew,3.711181640625,-0.11029432713985443,5
cereals,toast,0.50390625,-0.8189938068389893,5
cereals,tobacco,-0.404052734375,-0.7279843091964722,5
change,decay,1.7861328125,0.0009005703032016754,5
changes,changes,0.0,0.07734453678131104,5
character,comic,3.14453125,0.05910133197903633,5
character,form,1.013671875,0.5112913846969604,5
characteristic,interesting,4.873046875,-1.4406764507293701,5
characteristic,unique,-1.6606225967407227,-0.1366618424654007,5
characters,letters,-0.7763671875,-1.8743489980697632,5
characters,movies,1.056640625,-1.361146330833435,5
chattering,laughter,4.130859375,-0.1845698207616806,5
cheap,nice,-2.662109375,-0.8272685408592224,5
cheap,plentiful,0.584228515625,1.4901114702224731,5
cheerfully,pleasantly,-3.071533203125,0.9184103012084961,5
cheerfully,regularly,-4.44525146484375,-0.031140785664319992,5
cheers,laughter,0.458984375,0.027413416653871536,5
cheers,merriment,3.31427001953125,0.8854997158050537,5
chemically,physically,-0.1619873046875,0.30130690336227417,5
chivalry,courtesy,-1.226318359375,-0.4258230924606323,5
chivalry,right,7.36572265625,-0.7021292448043823,5
christian,faithful,-0.4140625,-1.509207844734192,5
city,metropolitan,7.4366455078125,1.5340656042099,5
clapping,laughter,-4.80078125,-0.014319878071546555,5
clean,nice,-8.1953125,-1.1874252557754517,5
clean,painted,0.5546875,0.16456478834152222,5
clean,roomy,0.26708984375,-0.3146408200263977,5
clean,shaved,-0.42578125,0.13764114677906036,5
clean,trig,-1.349609375,1.1727429628372192,5
cliff,ray,-1.29296875,1.1519696712493896,5
clothe,make,0.519775390625,0.30841490626335144,5
coaches,lorries,-2.9658203125,0.7752638459205627,5
coal,peat,2.18359375,0.1713668406009674,5
coal,salt,0.2216796875,-0.6927098035812378,5
colloquially,officially,-1.06683349609375,0.010916430503129959,5
colour,form,1.724609375,0.9619846940040588,5
colour,movement,-0.1220703125,0.4976100027561188,5
colour,scent,0.568359375,1.4256876707077026,5
colours,sizes,3.052734375,0.45033618807792664,5
communications,media,-1.7265625,-2.3745923042297363,5
communications,training,1.140625,-0.6355695724487305,5
compact,graceful,3.04052734375,-0.6152803897857666,5
compass,rule,-1.35546875,-0.2540607154369354,5
complacence,sense,-2.49609375,0.248404398560524,5
complete,unabridged,0.0693359375,1.9941281080245972,5
components,systems,1.978240966796875,-0.8100837469100952,5
conflicts,dramas,1.740478515625,0.0662444680929184,5
connected,conscious,-2.46484375,-2.7453553676605225,5
conscientious,reliable,0.408233642578125,0.5747297406196594,5
consistency,endurance,-0.107177734375,-0.9223830699920654,5
constellations,stars,-1.3585205078125,-0.6160053014755249,5
constraint,distrust,-3.71875,1.086932897567749,5
content,gratitude,-1.673583984375,-0.8211698532104492,5
content,peace,-4.220703125,-1.8636420965194702,5
content,romance,-0.96240234375,-0.6398735046386719,5
contentious,inefficient,1.07965087890625,-0.985080361366272,5
cooked,cooked,0.0,0.07734453678131104,5
corporeal,spiritual,1.6004638671875,0.644622802734375,5
corridors,tunnels,-0.901519775390625,-0.9236008524894714,5
cotton,groundnut,2.8857421875,0.731523871421814,5
cotton,tobacco,0.87091064453125,1.035818338394165,5
countries,nations,-2.822265625,-0.06784617900848389,5
countries,others,-1.962890625,0.5212507247924805,5
courtesy,reverence,-3.6806640625,1.3073337078094482,5
courtesy,sense,-3.25885009765625,0.07679472863674164,5
craggy,handsome,-0.9619140625,-1.4461225271224976,5
crinkly,nice,-5.2880859375,-1.5331608057022095,5
crowed,prattled,-2.8090667724609375,1.1487149000167847,5
cruising,crying,1.779296875,-1.2264262437820435,5
crying,crying,0.0,0.07734453678131104,5
crying,kissing,-0.063812255859375,-0.0038248784840106964,5
crying,pleading,1.93359375,0.9152069091796875,5
crying,scared,-0.5625,-0.53789222240448,5
curiouser,curiouser,0.0,0.07734453678131104,5
cut,foin,-4.029296875,-0.5796244740486145,5
cutest,sexiest,1.1015625,-1.0277715921401978,5
damaging,widespread,-0.9142303466796875,-0.10153736174106598,5
day,twilight,1.4436225891113281,0.09266568720340729,5
debris,rocks,-2.8701171875,-1.233824610710144,5
decay,renewal,-0.36083984375,-0.9729574918746948,5
defenses,equipment,0.829345703125,-1.7157126665115356,5
defensive,difficult,1.24072265625,0.2622448801994324,5
defensive,militant,-0.8076171875,-1.0496619939804077,5
defined,used,-0.230224609375,-0.4207834005355835,5
dejected,distressed,-0.073333740234375,-0.055007752031087875,5
dejected,inconsolable,1.5631103515625,-0.743841290473938,5
dejected,sore,-7.47119140625,-1.1127692461013794,5
difficult,rough,-2.3974609375,-1.9314671754837036,5
dignified,remarkable,2.9114990234375,-1.0085382461547852,5
dignified,solemn,7.6279296875,-1.314064383506775,5
disbanded,scattered,0.6723785400390625,-0.14169423282146454,5
disconcerted,glum,-0.92242431640625,-1.4227482080459595,5
disputing,quarrelling,-1.090576171875,-1.3180274963378906,5
dissipated,free,-1.009765625,-1.3011213541030884,5
distant,strange,1.466796875,0.5177029967308044,5
distracted,lawless,-5.5771484375,-3.7546894550323486,5
distressing,humiliating,-2.353302001953125,-0.7189679145812988,5
diverse,liberal,-1.42755126953125,0.6917645931243896,5
diverse,vibrant,-1.508056640625,0.4308556914329529,5
dog,man,0.09765625,1.5301862955093384,5
dog,master,-1.62109375,1.8619109392166138,5
done,done,0.0,0.07734453678131104,5
done,opened,0.376953125,-0.741632342338562,5
done,over,-1.7265625,-0.8749847412109375,5
done,said,3.2060546875,0.28542932868003845,5
done,seen,-3.3701171875,-2.067401885986328,5
doze,dream,2.181640625,0.7130792140960693,5
dramas,movies,0.951171875,-0.9953442811965942,5
drawn,painted,-0.2265625,-0.3194163739681244,5
drill,training,-1.330078125,1.1412843465805054,5
driving,driving,0.0,0.07734453678131104,5
driving,steroids,-1.435302734375,-0.8732278347015381,5
drowned,shot,-0.4293212890625,-0.8449751138687134,5
durable,viable,1.24267578125,0.6728333234786987,5
east,middle,-0.98828125,0.8623491525650024,5
ecclesiastic,moral,-0.123779296875,0.45815497636795044,5
eerie,ominous,-0.529541015625,-0.5245628356933594,5
efficient,reliable,3.6619873046875,-0.3921211361885071,5
eggs,flour,-0.502197265625,0.8741555213928223,5
eggs,game,0.775390625,2.2518346309661865,5
eggs,toast,1.9375,1.5796657800674438,5
eigenvalues,eigenvectors,3.3327484130859375,0.4406430721282959,5
elbow,scream,-0.80078125,0.860860288143158,5
elegant,graceful,4.140277862548828,-0.7068883180618286,5
elsewhere,here,2.7542724609375,-2.3703696727752686,5
emaciation,weakness,4.148193359375,0.21704770624637604,5
emerged,proliferated,5.0753173828125,0.07161293923854828,5
empowerment,engagement,-1.6171112060546875,0.08559747040271759,5
entreating,menacing,-3.5048828125,-0.9641817808151245,5
equipment,toy,-2.8515625,-1.6053239107131958,5
equipment,training,-0.17578125,0.8920029997825623,5
ethology,sociobiology,0.767333984375,0.029706820845603943,5
even,nice,-11.7392578125,-4.267241477966309,5
even,odd,0.37109375,-2.0385079383850098,5
exhaustion,hunger,-1.5616455078125,-0.38050299882888794,5
exposure,hunger,-3.20465087890625,-0.5772289037704468,5
expressly,purely,-1.197265625,-1.52973210811615,5
fainter,fainter,0.0,0.07734453678131104,5
faithful,spiritual,-0.2041015625,1.2567178010940552,5
faithful,trusty,4.724609375,1.5209206342697144,5
familiar,nice,-5.9140625,-1.9107097387313843,5
feces,urine,2.76953125,-0.12726087868213654,5
fictional,historical,0.69189453125,-0.7421507239341736,5
filtered,zoned,-3.4853515625,-0.5552111268043518,5
financial,governmental,1.2890625,0.0437835268676281,5
financial,moral,2.0419921875,0.8552969694137573,5
fishermen,millers,2.087158203125,0.3377874493598938,5
fishermen,pirates,0.1712646484375,0.08021434396505356,5
fitted,painted,-0.560546875,-1.740289568901062,5
flour,mincemeat,2.451171875,1.4846715927124023,5
forcible,racy,0.4375,-0.7661489844322205,5
form,line,-3.23046875,-1.9168603420257568,5
form,survive,2.416015625,0.7088114619255066,5
fragile,rude,-4.3896484375,-1.4081799983978271,5
frantic,scattered,-0.6738128662109375,-0.0680132806301117,5
free,free,0.0,0.07734453678131104,5
free,scattered,0.546875,0.27810782194137573,5
free,spontaneous,-0.9772186279296875,0.2115202397108078,5
fright,weakness,2.66357421875,-0.567451536655426,5
frogs,rabbits,1.2167205810546875,0.1762571930885315,5
funeral,save,4.3359375,1.1532399654388428,5
gambling,spending,4.196197509765625,0.25501781702041626,5
game,pot,3.09375,0.3535618185997009,5
gamesters,runners,-0.00797271728515625,-0.27239975333213806,5
gasp,kissing,0.290771484375,-0.3774624466896057,5
gasp,scream,0.240234375,0.39721766114234924,5
gasp,stare,-0.267578125,-0.9718668460845947,5
gayety,laughter,-2.88671875,-0.03637273237109184,5
gayety,merriment,-0.6146697998046875,1.3263870477676392,5
gayety,mirth,-0.3359375,0.03725683316588402,5
gently,immediately,-1.79248046875,1.515120029449463,5
gently,nice,-0.84375,-0.5006406307220459,5
glans,prepuce,1.974609375,1.5101096630096436,5
glum,solemn,-0.904296875,0.5487450957298279,5
gods,others,1.83203125,2.2461960315704346,5
government,medicine,1.0439453125,-0.32578709721565247,5
government,opposition,-0.7113800048828125,1.020923137664795,5
government,rule,2.455078125,1.2491337060928345,5
graceful,unique,-1.7315921783447266,-0.26155519485473633,5
grew,grew,0.0,0.07734453678131104,5
grocers,millers,3.7628173828125,-0.717181384563446,5
grotesque,satire,1.5078125,0.09972131252288818,5
grotesque,strange,3.1695556640625,0.33293431997299194,5
grunted,squealed,-2.0593857765197754,0.8801087141036987,5
hairy,rough,-0.7510986328125,-0.9263316988945007,5
hand,hand,0.0,0.07734453678131104,5
handsome,soldierly,-2.8203125,1.4426289796829224,5
handsome,taller,-6.618408203125,-0.25655731558799744,5
harder,harder,0.0,0.07734453678131104,5
harder,thicker,0.6611328125,-0.745560884475708,5
hardships,heroism,-1.13037109375,1.0010721683502197,5
harmful,strange,-2.44921875,-1.5432689189910889,5
hats,robes,1.13134765625,0.4596554636955261,5
heathen,remote,-0.0698699951171875,-0.5898423790931702,5
helicopters,paratroopers,-1.789215087890625,0.20471720397472382,5
here,here,0.0,0.07734453678131104,5
here,hereafter,-0.369140625,1.0781084299087524,5
historical,spiritual,0.62530517578125,1.3830901384353638,5
homo,porno,4.068359375,0.05541204288601875,5
hooks,rods,2.1806640625,-1.2996290922164917,5
hospitable,interesting,2.513774871826172,-0.8255356550216675,5
hospitalised,injured,-0.583984375,-0.2930678427219391,5
hours,hours,0.0,0.07734453678131104,5
hub,spoke,0.0859375,0.6499665379524231,5
ice,rocks,-5.3291015625,-0.4590034484863281,5
illuminated,spiritual,-3.30438232421875,1.108544111251831,5
imaging,optical,3.1123046875,-0.8378604054450989,5
impulsive,rude,1.016510009765625,-1.271841287612915,5
incident,romance,-2.20391845703125,-0.8648810982704163,5
indented,numbered,-0.034149169921875,-0.5380269289016724,5
indistinguishable,strange,-4.375701904296875,-0.7232502698898315,5
initial,initial,0.0,0.07734453678131104,5
injunctions,messages,-3.2149658203125,-1.0980898141860962,5
injured,shot,-1.81640625,0.08409379422664642,5
injured,woeful,1.66015625,-0.8551127910614014,5
insolent,rebellious,-6.1064453125,-0.48593294620513916,5
inspiring,profound,-2.80517578125,0.6369273066520691,5
instantaneously,unseen,8.2762451171875,1.3062180280685425,5
instructive,interesting,-5.1827850341796875,-1.9876962900161743,5
instructive,moral,0.2633056640625,0.020030055195093155,5
intercourse,training,-0.10596466064453125,0.02851911261677742,5
interesting,quaint,-3.4482421875,0.391230046749115,5
interesting,remarkable,3.255126953125,0.7621154189109802,5
interesting,strange,-0.97265625,0.928956151008606,5
interesting,surprising,0.51373291015625,1.374028205871582,5
interesting,unique,0.4793281555175781,0.763577401638031,5
invaders,pirates,1.69586181640625,-0.7947494983673096,5
jests,laughter,-1.0517578125,-0.5851136445999146,5
kicked,kicked,0.0,0.07734453678131104,5
kids,mortgages,-0.4375,-0.04166882857680321,5
kids,starving,-2.82269287109375,0.4992692470550537,5
kids,teen,4.7294921875,-1.1355141401290894,5
ladder,man,1.203125,0.9195531606674194,5
laugh,laugh,0.0,0.07734453678131104,5
laugh,scream,-1.046875,0.15073110163211823,5
laughter,merriment,-1.0231475830078125,1.1748100519180298,5
laughter,noise,-2.97265625,-0.6353644132614136,5
laughter,peace,-5.26171875,-0.34174221754074097,5
lawless,rough,-2.20166015625,0.061676282435655594,5
lawless,uncontrolled,3.27740478515625,2.194282293319702,5
letters,messages,4.6107177734375,1.3980844020843506,5
letters,presents,-0.537109375,1.378055453300476,5
letters,scrolls,-1.620361328125,1.8807388544082642,5
lime,salt,-2.2080078125,-0.2860167622566223,5
linen,silver,1.478515625,-0.14954492449760437,5
looting,vandalism,-1.78485107421875,0.6527554988861084,5
lorries,said,4.184326171875,1.365254282951355,5
lumber,timbers,-2.71875,0.12785091996192932,5
luxury,privilege,1.97119140625,0.5985536575317383,5
luxury,refinement,2.8614501953125,1.1993986368179321,5
machine,man,-2.3828125,0.5532535910606384,5
magnesium,potassium,-0.50872802734375,-0.4243200123310089,5
man,man,0.0,0.07734453678131104,5
man,master,-0.94140625,0.11216035485267639,5
man,prey,0.8154296875,1.1217631101608276,5
manned,trained,0.673828125,-0.6230384111404419,5
marked,numbered,4.580078125,0.13618353009223938,5
master,missis,-1.634765625,0.4826270043849945,5
mates,prey,1.66015625,0.4012645483016968,5
matured,mellowed,2.55224609375,0.6378310322761536,5
medicine,treatment,1.51171875,1.1972371339797974,5
medicine,treatments,4.544921875,1.7155004739761353,5
meek,mild,1.478515625,-1.7633006572723389,5
mental,moral,1.8756103515625,0.26048794388771057,5
mental,spiritual,0.222412109375,0.2858641743659973,5
merriment,mirth,-0.7186279296875,-1.682364821434021,5
merriment,noise,0.2470703125,-1.473288893699646,5
messages,sightings,-0.20306396484375,-0.5258535146713257,5
mild,nice,-5.96630859375,0.24184541404247284,5
mild,windless,-3.724609375,2.0605735778808594,5
milked,sugared,1.2939453125,0.8952507376670837,5
mirth,peace,-1.66015625,-0.40274935960769653,5
mistrustful,uncanny,0.10809326171875,-0.12746192514896393,5
moist,nice,-5.93798828125,-1.4293700456619263,5
molluscs,vertebrates,1.369384765625,0.48104041814804077,5
moons,moons,0.0,0.07734453678131104,5
moons,suns,-0.7490234375,-1.447492241859436,5
moral,spiritual,4.943359375,0.3501245081424713,5
mothers,teachers,-1.530792236328125,-0.33290714025497437,5
mothers,toddlers,0.2642822265625,0.012583229690790176,5
movement,noise,-0.498046875,-1.1382640600204468,5
movies,opera,-0.408203125,-0.06683586537837982,5
movies,theater,0.15625,0.7678608894348145,5
movies,tv,3.685546875,-0.6052203178405762,5
moving,up,-6.904296875,-2.3725509643554688,5
moving,wound,-8.404296875,-0.9164478778839111,5
nations,tribes,-1.19580078125,-0.12005846202373505,5
near,nice,-5.208984375,-1.1999808549880981,5
near,remote,-0.6107330322265625,1.8022170066833496,5
next,next,0.0,0.07734453678131104,5
nice,relaxed,4.402557373046875,1.0551294088363647,5
nice,roasted,6.052734375,1.239338994026184,5
nice,snug,4.419921875,1.0996917486190796,5
nice,spooky,2.699615478515625,1.8285439014434814,5
nice,unselfish,3.4285736083984375,2.4972259998321533,5
noise,unintelligible,3.172016143798828,2.1807401180267334,5
nurses,nurses,0.0,0.07734453678131104,5
nurses,orderlies,1.048583984375,0.24218307435512543,5
nurses,teachers,-1.4228515625,-1.1292957067489624,5
oblations,prayers,0.41107177734375,0.9349093437194824,5
odd,spooky,0.330078125,0.17526547610759735,5
odd,unique,-0.8620147705078125,-0.44908607006073,5
older,older,0.0,0.07734453678131104,5
older,taller,1.10546875,0.6810556650161743,5
older,tougher,0.376708984375,2.6227121353149414,5
older,wiser,3.4765625,1.5550568103790283,5
ominous,threatened,-0.8734588623046875,0.25667721033096313,5
others,volunteers,-4.1795654296875,0.2310323566198349,5
outdated,rough,1.0009765625,-1.834168553352356,5
outfit,wagons,-3.25244140625,-0.46889716386795044,5
outgunned,outnumbered,0.7692031860351562,0.5140472054481506,5
outposts,patrols,0.397918701171875,-0.11846192181110382,5
over,over,0.0,0.07734453678131104,5
over,up,-3.02734375,-1.0526584386825562,5
paratroopers,peasants,-1.32373046875,-0.15280909836292267,5
paused,said,9.3583984375,2.704252004623413,5
peace,purity,-0.97705078125,1.2750691175460815,5
peace,relaxation,5.37158203125,1.5591506958007812,5
pearl,silver,-0.571044921875,-0.2961455285549164,5
peep,see,3.506591796875,0.5812849998474121,5
penalties,prizes,0.047149658203125,1.9975346326828003,5
penner,skupin,-0.267578125,0.24473132193088531,5
penultimate,thirteenth,4.1422929763793945,-1.0296411514282227,5
permanent,substantial,-1.5498046875,0.11056020855903625,5
permanent,suitable,-1.3264312744140625,-0.8796945810317993,5
ph,temperature,-6.05859375,-0.6283613443374634,5
picturesque,quaint,2.92138671875,1.1708875894546509,5
picturesque,sleepy,0.669921875,1.2915339469909668,5
pillage,tribute,0.8532257080078125,1.1979458332061768,5
pirates,pirates,0.0,0.07734453678131104,5
pirates,smugglers,-0.4296875,0.8040474653244019,5
pirates,wenches,0.47265625,0.557826817035675,5
plantation,slabes,0.32861328125,0.7596842050552368,5
plate,spoon,1.953125,0.7140930891036987,5
pot,spoon,0.798828125,-1.0295097827911377,5
potassium,sodium,0.9436416625976562,1.166567087173462,5
powers,principalities,-1.494140625,-0.6481341123580933,5
presence,putrification,-5.39404296875,1.8009697198867798,5
pressure,temperature,-1.884765625,-0.24088020622730255,5
previous,subsequent,1.13671875,0.2772575616836548,5
profound,remarkable,-2.2569580078125,-0.9687904119491577,5
profound,resolved,5.30816650390625,0.7043733596801758,5
profound,surprising,-0.576446533203125,-0.5323867797851562,5
pronounce,spell,2.044189453125,-0.27582162618637085,5
queue,unique,3.49761962890625,-0.33564499020576477,5
rabbits,rodents,-0.25928497314453125,0.03017573431134224,5
ragged,tawdry,0.01336669921875,-0.04296001419425011,5
raped,tortured,1.89996337890625,0.32330653071403503,5
reels,rods,-1.0009765625,-1.752963662147522,5
registered,verified,1.2223596572875977,-0.42183488607406616,5
rehabilitation,treatment,-0.957489013671875,-0.0016762278974056244,5
reliable,supervised,-2.9423828125,0.3682180643081665,5
reliable,trusty,2.6898345947265625,0.27568966150283813,5
remarkable,strange,-4.84912109375,-0.12386919558048248,5
remarkable,unique,1.4371042251586914,0.050097282975912094,5
resorts,villages,-0.812255859375,-2.186147451400757,5
revolting,strange,-4.8720703125,-0.33308666944503784,5
rocks,wilds,2.4091796875,-0.6539068222045898,5
rocks,woods,-1.359375,-0.661426842212677,5
romance,satire,1.90606689453125,-0.49648892879486084,5
rough,rude,3.568359375,0.4596060812473297,5
safer,supervised,0.33447265625,-0.019582953304052353,5
said,saluted,0.3253173828125,-1.6205650568008423,5
salt,vinegar,3.02734375,0.9832819104194641,5
scared,scream,12.4140625,0.3174518048763275,5
scared,shy,-2.501953125,0.34674373269081116,5
scared,strange,-2.1396484375,-0.5096953511238098,5
see,touch,0.1982421875,0.34555286169052124,5
seen,seen,0.0,0.07734453678131104,5
seen,understood,2.6953125,1.0165019035339355,5
shy,strange,2.12890625,0.35478323698043823,5
smaller,smaller,0.0,0.07734453678131104,5
smaller,thicker,1.5078125,0.4583985507488251,5
sorrier,wiser,3.34130859375,-0.5658365488052368,5
speak,swim,-6.48828125,-2.1825666427612305,5
special,unique,0.317657470703125,-1.6885303258895874,5
special,urgent,1.115234375,-0.1880134493112564,5
spectacular,unique,0.345123291015625,-0.7311079502105713,5
spicy,strange,-0.15625,-0.09795637428760529,5
spiritual,temporal,1.723876953125,0.7364598512649536,5
squealed,squealed,0.0,0.07734453678131104,5
stable,unique,-0.38379478454589844,1.137414813041687,5
stare,stop,-4.115234375,-0.4708992838859558,5
stouter,stouter,0.0,0.07734453678131104,5
strengthened,strengthened,0.0,0.07734453678131104,5
stretch,stretch,0.0,0.07734453678131104,5
subtlety,timing,0.708984375,0.7882198691368103,5
swim,swim,0.0,0.07734453678131104,5
taboos,totems,-0.2425537109375,0.9867968559265137,5
taller,taller,0.0,0.07734453678131104,5
taught,used,0.05029296875,-0.6025190949440002,5
ten,twoscore,-3.087890625,-0.18953527510166168,5
thicker,thicker,0.0,0.07734453678131104,5
through,through,0.0,0.07734453678131104,5
togs,whatnot,6.56640625,3.15199875831604,5
toy,toy,0.0,0.07734453678131104,5
trained,trusty,3.17578125,0.607961893081665,5
tribes,tribes,0.0,0.07734453678131104,5
turbid,zaburlit,5.52734375,-0.448843389749527,5
unmoved,unobtrusive,1.08154296875,-0.9532012939453125,5
up,up,0.0,0.07734453678131104,5
valk,valk,0.0,0.07734453678131104,5
value,value,0.0,0.07734453678131104,5
waited,waited,0.0,0.07734453678131104,5
walks,walks,0.0,0.07734453678131104,5
wept,wept,0.0,0.07734453678131104,5
whales,whaling,-0.495849609375,0.24962787330150604,5
whistle,whittle,-0.720703125,-0.9458881616592407,5
wigwagging,woodcraft,-2.2474365234375,-0.5217567682266235,5
wilds,woods,-3.181640625,-1.4034085273742676,5
yet,yet,0.0,0.07734453678131104,5
accomplished,amiable,-1.47454833984375,0.3414144814014435,6
accurate,strong,0.72119140625,-2.084458827972412,6
action,adventure,-2.119140625,-1.388875126838684,6
action,evolution,-1.5361328125,1.073559284210205,6
action,excitement,1.126953125,-1.3950507640838623,6
action,grace,2.4306640625,0.21729275584220886,6
active,curious,4.810546875,-0.35118532180786133,6
active,strong,-2.431640625,-1.3306690454483032,6
activities,gestures,1.6781005859375,-0.35665762424468994,6
added,new,-8.23046875,-2.6164302825927734,6
adventure,excitement,-1.541015625,0.16004154086112976,6
adventure,poetry,0.12353515625,1.6009366512298584,6
adventure,sport,-0.2841796875,2.178682565689087,6
adventure,voyage,0.70654296875,1.29379141330719,6
aerodromes,radar,1.20263671875,-0.14692509174346924,6
agriculture,crafts,5.043575286865234,-1.0483816862106323,6
agriculture,forestry,5.058052062988281,-1.2022866010665894,6
agriculture,gardening,1.7708313465118408,-1.013841986656189,6
agriculture,hunting,3.6050262451171875,-0.8674677610397339,6
ai,nao,2.0087890625,0.23861011862754822,6
alarm,excitement,-5.044921875,-1.2677634954452515,6
alarm,perplexity,-1.8107385635375977,1.4942644834518433,6
alarm,triumph,-4.262939453125,1.0175844430923462,6
alcoholics,homosexuals,5.063728332519531,0.3564258813858032,6
alone,far,2.9453125,-0.762635350227356,6
alone,unobserved,1.1669921875,0.4548257887363434,6
ambition,conquest,2.47216796875,-0.016200965270400047,6
ambition,opulence,-1.018280029296875,-0.8851616382598877,6
ambition,vainglory,-1.781982421875,-0.7884098291397095,6
ammeters,voltmeters,-5.8682861328125,-0.1901538074016571,6
amusement,diversion,1.0888519287109375,-0.6752725839614868,6
amusement,excitement,-0.5337982177734375,-1.9441505670547485,6
anger,excitement,-0.1943359375,-0.3027738034725189,6
anger,hatred,-0.20914459228515625,1.1134674549102783,6
anger,hostility,2.30029296875,1.6382747888565063,6
anger,humiliation,-2.83038330078125,1.3406867980957031,6
anger,jealousy,1.063995361328125,1.3450177907943726,6
anger,trouble,0.798828125,0.4008445143699646,6
angry,anxious,2.080078125,1.2436035871505737,6
angry,bewildered,-0.283935546875,1.5747480392456055,6
angry,dark,-4.4873046875,-1.8815802335739136,6
angry,frightened,1.806640625,-0.3830913305282593,6
angry,grim,-2.03125,-0.7376772165298462,6
angry,grudging,2.0682373046875,0.2780342400074005,6
angry,insubordinate,1.9735107421875,0.8152190446853638,6
angry,mean,8.953125,3.09977126121521,6
angry,pale,-4.087890625,-0.9489922523498535,6
angry,shrill,-7.4970703125,-0.30044999718666077,6
angry,suspicious,-1.915771484375,0.8680299520492554,6
angry,upset,-0.18359375,1.3670371770858765,6
annual,maximum,-0.1002197265625,0.3128899931907654,6
antidepressants,cholesterol,-0.384765625,-0.666500449180603,6
antiques,artwork,3.5625,0.5824005603790283,6
anxious,eager,6.789794921875,-0.954287052154541,6
anxious,frightened,-0.390625,-2.040771007537842,6
anxious,pale,-5.1357421875,-2.8086421489715576,6
anxious,shuddering,-4.557373046875,-1.2360904216766357,6
aristocracy,feudalism,-2.9607086181640625,0.41745734214782715,6
artillery,guns,-5.532958984375,-1.6867636442184448,6
artillery,motorization,1.7505130767822266,-0.22926002740859985,6
artillery,troops,-1.3635482788085938,-1.2674955129623413,6
arts,crafts,6.7308349609375,0.44089600443840027,6
arts,sciences,7.886554718017578,1.1978553533554077,6
arts,sports,2.228515625,-0.3247566223144531,6
artworks,objects,0.74609375,0.12540891766548157,6
attention,care,-3.712890625,0.22120311856269836,6
attention,eyes,-3.677734375,-0.3041987717151642,6
attention,zeal,-2.0390625,1.8759342432022095,6
autocrat,emperor,-5.904296875,0.1936863362789154,6
automobiles,clothes,-0.1639251708984375,-0.5483943223953247,6
baby,daddy,-0.4921875,-0.059619463980197906,6
baby,father,-1.48046875,0.027655959129333496,6
baby,louise,-4.3328857421875,1.3179799318313599,6
badass,big,-3.955078125,-2.4349632263183594,6
balls,pegs,-1.083984375,-0.5801030397415161,6
baritone,clarinet,-3.9730224609375,-0.23111610114574432,6
barks,ships,-2.16015625,-1.1413291692733765,6
barley,rye,-1.7734375,0.447917103767395,6
barred,locked,-2.9375,-0.5116375684738159,6
basket,loaf,3.412109375,1.5768150091171265,6
basket,scissors,-0.9863624572753906,1.7380927801132202,6
battered,dilapidated,2.7027587890625,-0.3513171374797821,6
believe,think,0.09765625,0.8000373840332031,6
believed,hiding,-4.03515625,0.10170108079910278,6
bewildered,confused,-1.9918670654296875,-0.16868913173675537,6
bewildered,dismayed,2.8796119689941406,0.2892417907714844,6
bewildered,frightened,-0.9378662109375,-1.60515558719635,6
big,curious,5.34375,2.528820514678955,6
big,dark,3.0166015625,1.3755077123641968,6
big,direct,-0.234375,3.2260148525238037,6
big,high,1.173828125,3.342696189880371,6
big,important,8.82421875,3.233938694000244,6
big,mellow,0.1162109375,3.774813652038574,6
big,new,0.09228515625,2.5426881313323975,6
big,round,4.09326171875,1.874911904335022,6
big,strong,4.3662109375,2.208399772644043,6
big,successful,-0.0390625,1.7189730405807495,6
big,wonderful,2.50390625,2.287076234817505,6
biggerer,clumsier,-3.021484375,0.18357431888580322,6
bigotry,intolerance,1.04443359375,1.825417399406433,6
biscuit,tea,-6.611083984375,-0.01634308695793152,6
blaze,curl,2.795501708984375,0.00735241174697876,6
bleak,raw,0.373046875,-0.7550984621047974,6
blood,darkness,-0.7109375,0.15638750791549683,6
blood,filth,-0.53240966796875,0.1820920705795288,6
blood,fluid,0.3330078125,0.7718408107757568,6
blood,grease,-0.0146484375,-0.24103932082653046,6
blood,soil,7.146484375,0.019423693418502808,6
bloodless,pale,-5.5615234375,-1.1104470491409302,6
boating,riding,1.6767578125,0.1124037504196167,6
bold,cautious,1.775390625,0.7742922306060791,6
bold,new,-2.966796875,0.9158823490142822,6
bold,round,1.376953125,0.10000774264335632,6
bold,successful,-0.55474853515625,0.13510899245738983,6
bolt,eat,-0.88427734375,1.0976879596710205,6
bonds,stocks,3.1044921875,-0.5118935108184814,6
brake,marsh,-2.62109375,0.9859309196472168,6
bravest,strongest,1.420745849609375,-0.12596087157726288,6
brawny,strong,-2.09716796875,-0.688135027885437,6
brilliancy,dash,-1.0753173828125,0.09043055772781372,6
brother,father,0.91015625,-0.40550023317337036,6
brother,slept,-8.787109375,0.5909392833709717,6
brushwood,rock,1.19580078125,-0.4599003195762634,6
buckets,ladders,-0.1712493896484375,0.12911158800125122,6
bundles,wraps,1.905517578125,0.42420849204063416,6
burning,slaying,0.58837890625,0.17611104249954224,6
busier,busier,0.0,-0.10109569132328033,6
buying,going,-1.8359375,-1.9153218269348145,6
cabbage,carrot,0.294677734375,0.5103373527526855,6
campaign,political,2.65625,0.6735175848007202,6
cancer,depression,-1.09912109375,0.32712849974632263,6
capable,strong,-3.9990234375,0.0022520124912261963,6
capitalism,feudalism,3.072998046875,0.19101189076900482,6
captured,shown,2.181640625,2.3803465366363525,6
carbon,iron,-1.73046875,-0.15310773253440857,6
carbon,nitrogen,-2.421722412109375,0.877327561378479,6
carded,cleaned,-1.1397705078125,-1.696043848991394,6
care,cleanliness,-2.30621337890625,0.2407762110233307,6
care,harm,-0.47265625,0.5223923921585083,6
care,mind,7.2421875,0.5513216257095337,6
castles,cities,-2.814453125,-1.5968880653381348,6
castles,fortresses,-2.331298828125,-0.2789609730243683,6
centuries,centuries,0.0,-0.10109569132328033,6
cf,kf,1.537109375,-0.4129492938518524,6
chains,darkness,-1.98828125,-1.395342230796814,6
chains,locks,-1.259521484375,-0.4639699161052704,6
chains,mobiles,-2.41748046875,-0.5960371494293213,6
champagne,flowers,-0.911346435546875,-1.593983769416809,6
changing,working,2.85546875,-1.8693108558654785,6
chatted,chatted,0.0,-0.10109569132328033,6
cheered,shouted,0.38653564453125,-0.39847877621650696,6
chintz,silk,-2.55914306640625,-2.057161808013916,6
chocolate,tea,-0.935546875,-0.8113422393798828,6
cities,municipalities,-0.16748046875,1.120164155960083,6
cities,streets,-0.673828125,0.3431931734085083,6
classic,formal,-1.76318359375,1.406976580619812,6
clatters,dinging,-0.470703125,-0.5591809749603271,6
clatters,rings,1.36962890625,0.37779101729393005,6
cleaned,dripped,1.96337890625,0.5938905477523804,6
cleaned,restored,-0.176025390625,1.7853420972824097,6
climatology,meteorology,3.866668701171875,0.44337138533592224,6
clock,rubber,-0.919921875,0.6628262996673584,6
close,dark,-1.0908203125,-2.6378562450408936,6
close,grasping,3.510009765625,-0.4787755310535431,6
close,monitoring,4.8626708984375,-0.38246849179267883,6
close,swift,-1.345703125,-2.1879830360412598,6
close,tight,0.814453125,-1.0705307722091675,6
clothes,eyes,-1.5849609375,-0.6656724214553833,6
clothes,gardens,0.22408676147460938,0.31625089049339294,6
clothes,mind,-3.3681640625,0.7449767589569092,6
clothes,shopping,-0.986328125,0.9970971345901489,6
coals,iron,0.06640625,-0.26635032892227173,6
colorful,dark,0.2802734375,-0.9988846778869629,6
colorful,unusual,2.348388671875,-0.20160973072052002,6
coming,coming,0.0,-0.10109569132328033,6
coming,falling,1.5234375,0.8108587265014648,6
coming,going,2.69140625,0.8299709558486938,6
compassion,help,-3.653564453125,-0.9089548587799072,6
compete,fight,-0.8599853515625,-0.8828638792037964,6
complexity,evolution,3.810546875,0.590031623840332,6
confident,strong,-0.896484375,-1.192837119102478,6
confused,detected,1.679168701171875,0.9952421188354492,6
confused,frightened,0.005859375,-1.3912341594696045,6
confused,upset,-0.033203125,0.2962045967578888,6
conquest,triumph,0.723876953125,-0.8837863206863403,6
consular,passport,2.380859375,-0.010316401720046997,6
contempt,contempt,0.0,-0.10109569132328033,6
contempt,hatred,0.392822265625,-2.6425223350524902,6
contributors,supporters,-0.9129228591918945,0.21094611287117004,6
conviction,trial,-1.814453125,-0.9796993732452393,6
cook,eat,-1.11328125,0.45209187269210815,6
costume,makeup,-0.35205078125,0.7886495590209961,6
cowboys,frontiersmen,1.120391845703125,-0.7441576719284058,6
crafts,industries,-0.09631919860839844,0.2553189694881439,6
cranberry,turkey,-3.37890625,-1.4436382055282593,6
creased,stained,0.56640625,-0.125783771276474,6
criminalised,persecuted,0.292724609375,0.48263826966285706,6
crossly,pettishly,-0.397705078125,0.15280041098594666,6
crustaceans,insects,-2.1141357421875,0.04570318013429642,6
cumin,pepper,-2.5078125,-0.6004838943481445,6
curious,new,-1.435546875,-0.18014976382255554,6
curious,strong,0.177734375,-0.28636619448661804,6
curious,wonderful,1.142578125,-0.16299477219581604,6
daddy,mummy,-4.6279296875,0.3311026394367218,6
dark,dense,-0.619140625,2.213540554046631,6
dark,dreary,0.922454833984375,2.763871192932129,6
dark,fearful,4.7384033203125,2.297083616256714,6
dark,high,-3.193359375,2.6480042934417725,6
dark,melancholy,1.038299560546875,2.4876322746276855,6
dark,secret,-0.5703125,2.819348096847534,6
dark,starlight,0.7705078125,2.6979408264160156,6
dark,swollen,-3.7201156616210938,1.6554700136184692,6
dark,tangled,1.785247802734375,2.8383514881134033,6
dark,twisted,4.885498046875,1.3004908561706543,6
dark,ugly,1.1953125,0.908787727355957,6
dark,unforgiving,5.548828125,4.362700462341309,6
dark,unshaven,1.814453125,3.3415048122406006,6
darker,darker,0.0,-0.10109569132328033,6
darker,denser,1.1337890625,0.7854794263839722,6
darkness,disappearance,1.0,2.1925442218780518,6
darkness,silence,-2.23828125,-0.5138617753982544,6
darkness,solitude,-1.6943359375,1.1849610805511475,6
darter,madame,2.69140625,0.6539490222930908,6
dash,enthusiasm,-2.3294830322265625,0.3270185589790344,6
decades,decades,0.0,-0.10109569132328033,6
decayed,inexpensive,0.82122802734375,-0.4656546413898468,6
degree,removal,2.91162109375,0.49709054827690125,6
delicate,lazy,-0.428314208984375,0.5018575191497803,6
delicate,pale,-0.979248046875,-1.064972996711731,6
delicate,slender,0.0142822265625,0.34353676438331604,6
delightedly,largely,-3.87890625,-1.50088632106781,6
democratic,political,-3.98828125,0.28175365924835205,6
dense,frequent,1.207275390625,0.274549275636673,6
dense,massive,-1.6298828125,0.1350327432155609,6
denser,denser,0.0,-0.10109569132328033,6
depression,humiliation,0.7388916015625,0.1516917645931244,6
desertion,silence,0.796875,-1.604223608970642,6
detected,exposed,1.3768310546875,0.4105801284313202,6
detected,pursued,1.1588287353515625,0.538715124130249,6
devastating,massive,-5.4285888671875,-1.6694515943527222,6
devastating,tragic,-0.32220458984375,-0.5051517486572266,6
dialect,vernacular,0.9172592163085938,1.33495032787323,6
dice,slice,0.654296875,0.4104616045951843,6
diligent,responsible,1.486572265625,0.08235093951225281,6
direct,interactive,2.1884765625,-0.34674447774887085,6
direct,strong,-5.32421875,-2.3127474784851074,6
direct,write,-5.30859375,-0.31489503383636475,6
disciples,friends,-1.02978515625,-1.8141756057739258,6
disciples,interpreter,-2.8623046875,0.5891884565353394,6
disgrace,humiliation,-1.6921310424804688,0.12107917666435242,6
disgusting,gross,2.62939453125,-0.04162544012069702,6
disgusting,impetuous,7.42041015625,1.0514599084854126,6
dismayed,pale,-6.3841552734375,-2.132341146469116,6
disobedient,unruly,3.7664794921875,-0.4113005995750427,6
disposition,sale,-7.304931640625,-0.7461233139038086,6
disposition,trial,-1.458740234375,-0.9810768365859985,6
disrespectful,insubordinate,5.73345947265625,-0.39070039987564087,6
disrespectful,untamed,-2.9912109375,0.7800217866897583,6
dissident,political,1.9775390625,0.41406533122062683,6
doctors,priests,0.80078125,1.3629915714263916,6
dominican,haitian,0.363525390625,-0.7832902669906616,6
dousings,leaps,0.2900390625,1.8183605670928955,6
downforce,traction,0.7734375,-0.7312476634979248,6
drowsy,languid,0.260986328125,-1.3412631750106812,6
drywall,paint,0.580078125,-1.066508412361145,6
dumfounded,quaking,-0.4892578125,-0.5149585008621216,6
dunked,soaked,0.623046875,0.0779961496591568,6
dynastic,political,-1.12109375,0.7839083671569824,6
eager,rapt,4.35693359375,0.5568011999130249,6
eager,shrill,-1.642578125,-0.48212411999702454,6
eager,wondering,-0.5859375,1.7593425512313843,6
earthly,heavenly,-3.12890625,-0.29220589995384216,6
eastern,south,2.296875,-1.1039353609085083,6
eat,eat,0.0,-0.10109569132328033,6
eat,loaf,5.517578125,-1.2600644826889038,6
eat,rise,-3.306640625,-1.797814965248108,6
eat,stay,-3.58984375,0.08101996779441833,6
eaten,gathered,-1.205078125,-0.14059866964817047,6
eaten,slept,2.07421875,-0.8147673606872559,6
educational,entertaining,1.4879302978515625,0.5109771490097046,6
educational,political,-0.869140625,0.10668417811393738,6
educational,religious,-2.01373291015625,-0.5022850632667542,6
efflorescences,encrustations,-0.6298828125,0.5104649066925049,6
elegance,grace,-0.5915069580078125,-1.0288097858428955,6
emperor,king,-1.73828125,-1.5515657663345337,6
empires,leaders,2.3759765625,-0.6347591876983643,6
entertaining,new,-9.152862548828125,-1.6760536432266235,6
enthusiasm,excitement,-1.76318359375,-2.1129512786865234,6
enthusiasm,pep,3.6115341186523438,-0.27662596106529236,6
enthusiasm,triumph,-3.7898082733154297,-0.1713913381099701,6
entirely,fully,-2.015625,-0.294020414352417,6
entirely,thoroughly,-1.75390625,-1.7778805494308472,6
eternal,strong,0.81280517578125,-2.0668458938598633,6
eventful,harassing,-2.103515625,-0.9877536296844482,6
eventful,new,-4.8470458984375,-1.1913046836853027,6
excitement,exertion,1.173095703125,3.643833637237549,6
excitement,triumph,0.2940673828125,1.9357357025146484,6
excitement,trouble,0.61328125,0.44519302248954773,6
executive,regulatory,4.0888671875,1.5138031244277954,6
extensive,new,-4.17431640625,-2.237020492553711,6
extensive,strong,0.087890625,-2.3868510723114014,6
extent,speed,0.939453125,0.7943388223648071,6
faggots,straw,0.5537109375,-1.3959187269210815,6
falling,flying,-0.5,0.3237013518810272,6
false,groundless,1.765625,-2.702746868133545,6
false,wrong,0.513671875,-1.2127903699874878,6
far,far,0.0,-0.10109569132328033,6
far,high,-0.5234375,1.1357061862945557,6
far,unused,0.5390625,2.4083728790283203,6
farder,farder,0.0,-0.10109569132328033,6
farmer,wife,2.6640625,-1.368226408958435,6
father,father,0.0,-0.10109569132328033,6
father,grandmother,0.482421875,0.32530900835990906,6
father,jm,-0.94140625,0.8426929712295532,6
father,son,2.986328125,0.3585813343524933,6
fearful,unknown,-1.5634765625,0.47324898838996887,6
fearful,wonderful,-0.259765625,0.2259288728237152,6
fifth,smallest,-2.175048828125,0.6610089540481567,6
fight,hunt,-0.91015625,-0.06000348925590515,6
fight,overcome,3.349609375,0.5747380256652832,6
fight,stand,-2.451171875,-1.7929962873458862,6
fight,stay,-3.8203125,1.1368542909622192,6
fight,wait,-0.447265625,0.5261740684509277,6
fighting,hunting,-0.4296875,-0.7613834142684937,6
fighting,watching,-1.5546875,0.19659942388534546,6
fighting,working,-0.7919921875,-0.5963746309280396,6
fills,fills,0.0,-0.10109569132328033,6
find,seek,1.56640625,1.081358551979065,6
fish,hunt,-0.296875,0.9689226150512695,6
fish,insects,1.1826171875,0.5358002185821533,6
fish,loaves,0.59375,0.27014872431755066,6
fish,plant,-0.197265625,1.4008885622024536,6
fish,squid,6.39306640625,0.7404398918151855,6
fish,vegetables,2.0537109375,0.6496970653533936,6
flamingoes,mustard,2.68359375,2.0022075176239014,6
flatly,instantly,2.53515625,0.3903723657131195,6
flew,flew,0.0,-0.10109569132328033,6
flew,fluttered,-3.3572998046875,1.0793592929840088,6
flexible,flexuous,-1.90651535987854,-0.05038079619407654,6
flexible,slender,0.08984375,-0.27891987562179565,6
flowers,gardens,-0.6729297637939453,0.6823521852493286,6
flowers,insects,2.8065185546875,0.33722394704818726,6
flowers,streamers,1.3740234375,1.018178105354309,6
flowers,vegetables,1.94219970703125,0.9185582399368286,6
flowers,wines,0.265625,0.6652789115905762,6
fluttered,fluttered,0.0,-0.10109569132328033,6
fonder,fonder,0.0,-0.10109569132328033,6
fox,geese,1.73583984375,0.8901201486587524,6
frequent,prolonged,4.51995849609375,0.3180025517940521,6
friends,lovers,2.82763671875,-0.035836562514305115,6
friends,owners,2.6650390625,1.4972772598266602,6
frightened,pale,-1.439453125,-0.5008476972579956,6
frightened,unmanageable,-0.28948974609375,2.47821044921875,6
frightened,wondering,1.03515625,3.1633615493774414,6
fruitful,important,3.03515625,1.354892373085022,6
ganders,geese,0.265625,-0.4141041934490204,6
gentleness,kindliness,1.2388916015625,0.6411361694335938,6
gentleness,magnanimity,3.3979949951171875,1.4615260362625122,6
geocaching,letterboxing,2.7734375,-1.8111155033111572,6
geography,religious,0.5625,1.7841452360153198,6
gestures,sounds,-0.54541015625,0.9728955030441284,6
gestures,swipes,0.5745849609375,-0.8060647249221802,6
gigglings,whisperings,0.84515380859375,0.28602495789527893,6
gladness,refreshment,2.1716384887695312,1.5060656070709229,6
going,going,0.0,-0.10109569132328033,6
going,motivated,-0.6571044921875,-0.012552738189697266,6
grace,majesty,-0.4765625,-0.21883118152618408,6
grace,swiftness,-0.921875,-1.0778661966323853,6
grace,truth,-2.28125,0.17258700728416443,6
grace,virulence,2.3828125,0.5546523332595825,6
gratin,pasta,3.65625,-1.8982951641082764,6
gravity,silence,-1.0401611328125,-1.1104792356491089,6
gravity,years,2.9609375,-0.7352718114852905,6
grease,paint,1.169921875,-0.4500325918197632,6
greater,greater,0.0,-0.10109569132328033,6
greater,new,-1.37109375,-0.9195835590362549,6
greater,stronger,1.673828125,-0.8308085203170776,6
greatest,strongest,2.6782989501953125,0.4909590780735016,6
grim,rocky,-5.0697021484375,0.7162971496582031,6
grim,tense,4.375,0.6009202003479004,6
grim,ugly,5.447265625,-0.10235647857189178,6
grizzled,sparse,-1.65234375,0.06534582376480103,6
groaned,swayed,1.21136474609375,0.5618385076522827,6
gross,wiggly,-0.7099609375,-0.4270828366279602,6
grumpy,religious,-0.36151123046875,0.14274278283119202,6
guarded,locked,-0.625732421875,0.004973135888576508,6
guarded,protective,2.0159912109375,0.6569598913192749,6
guarded,suspicious,0.785186767578125,0.054390907287597656,6
guns,rockets,-0.166748046875,-0.05932171270251274,6
guns,shades,1.6962890625,0.23494186997413635,6
guns,ships,2.447265625,0.24103394150733948,6
guns,sticks,-1.9609375,0.7836768627166748,6
halloaed,shouted,0.45703125,0.021072909235954285,6
hallucinations,paralysis,-2.7739334106445312,1.6116340160369873,6
hammers,iron,-2.720703125,-0.5111515522003174,6
handy,new,-2.7626953125,-0.776029109954834,6
handy,strong,0.132080078125,-0.9464938640594482,6
harassed,pale,-3.716796875,-1.3274818658828735,6
harmonic,rhythmic,-1.986328125,-0.24373027682304382,6
hateful,mean,0.111572265625,2.19183087348938,6
hatred,jealousy,-2.4638671875,0.45046934485435486,6
heir,son,0.4267578125,-1.3649766445159912,6
help,hold,0.45947265625,-0.47066083550453186,6
help,shelter,-1.541015625,-0.23879069089889526,6
help,stay,-4.84765625,1.1952241659164429,6
hide,seek,9.361328125,2.032888889312744,6
hiding,watching,-0.953125,-0.25601908564567566,6
high,intermediate,-3.36505126953125,0.3844716548919678,6
high,rocky,0.41796875,-0.32420215010643005,6
high,shrill,4.9140625,-0.6367795467376709,6
high,strong,-0.39453125,-0.4270157814025879,6
high,tight,0.919921875,-0.6178467273712158,6
high,tower,1.375,-0.3442259430885315,6
hoarser,rougher,0.618896484375,0.6371349096298218,6
hockey,soccer,1.6441726684570312,0.7079935073852539,6
hold,pull,3.4375,0.31531426310539246,6
honesty,truth,-0.572021484375,0.23803377151489258,6
honeyeater,thornbill,2.37255859375,0.0901118814945221,6
hostility,intolerance,-1.4375,0.5031819343566895,6
house,trance,0.224609375,3.6881208419799805,6
howled,howled,0.0,-0.10109569132328033,6
howled,shouted,-4.44287109375,0.04010382294654846,6
howled,whined,-2.8193359375,0.2656362056732178,6
humans,pigs,1.796875,-0.3609830439090729,6
humans,spirits,0.17578125,-0.9935493469238281,6
humiliation,rejection,2.25390625,0.06610500812530518,6
hums,plays,2.8251953125,2.587068557739258,6
hums,writes,2.8032379150390625,0.6745151281356812,6
hungrier,hungrier,0.0,-0.10109569132328033,6
hunt,sport,0.484375,0.3136272728443146,6
hunt,transform,1.5712890625,1.3180572986602783,6
images,sounds,2.5001220703125,0.7688628435134888,6
impertinent,troublesome,-5.17791748046875,-0.5531966686248779,6
impertinent,ugly,-5.189697265625,-2.0414047241210938,6
import,sale,9.734375,-1.61050546169281,6
important,new,-7.7265625,-1.727555513381958,6
important,unpleasant,2.0543899536132812,-0.13709723949432373,6
impotent,indecisive,3.937744140625,-0.0760016143321991,6
independence,triumph,0.76171875,0.4938340485095978,6
industries,mines,1.1149296760559082,-0.017656534910202026,6
infertile,rocky,0.373046875,-0.5034279823303223,6
inflamed,swollen,-4.022430419921875,-1.5036282539367676,6
innocence,truth,-2.3626708984375,0.5485881567001343,6
instantly,neatly,1.9318180084228516,0.18574927747249603,6
instrumental,religious,0.58154296875,0.7120375633239746,6
invasions,troubles,3.398193359375,-0.5476089715957642,6
iron,rock,-1.1953125,-1.0326099395751953,6
iron,vitamins,-0.80029296875,1.4102097749710083,6
ironic,tragic,0.424713134765625,0.2597929537296295,6
iy,wonderful,-2.287261962890625,-1.6485673189163208,6
jealousies,troubles,0.53125,0.8204672336578369,6
judicial,legal,-1.1424560546875,0.5531786680221558,6
labour,plant,4.71484375,0.38802632689476013,6
lagged,lagged,0.0,-0.10109569132328033,6
lake,river,0.09765625,0.37473487854003906,6
languid,pale,-3.01806640625,-0.9774537086486816,6
lazy,somnolent,1.517578125,0.6469070911407471,6
legal,political,-2.04296875,0.09173691272735596,6
legal,regulatory,-0.39990234375,1.14177668094635,6
legal,religious,3.12890625,-0.7235654592514038,6
ligaments,muscles,-2.453125,-0.15577414631843567,6
linguistic,religious,-0.68408203125,0.553577184677124,6
lively,new,-2.7777099609375,-0.43056759238243103,6
lively,tight,0.95648193359375,-0.9624456167221069,6
living,shop,1.837890625,-1.4440640211105347,6
living,working,-3.701171875,-1.1527684926986694,6
locked,strong,-0.30078125,-0.7955868244171143,6
loyalty,truth,2.4052734375,-0.6668429374694824,6
manipulated,tricked,-1.07476806640625,0.021317988634109497,6
materials,objects,-1.564849853515625,-0.4042145311832428,6
mayo,mustard,-1.08203125,0.5088286399841309,6
meal,vegetables,-0.357177734375,2.0523762702941895,6
mean,nasty,-6.4375,-1.3014709949493408,6
mean,ugly,-3.4296875,-2.0118274688720703,6
melodious,strong,-0.72802734375,-1.6152929067611694,6
merrily,swiftly,4.555419921875,-1.0995702743530273,6
military,political,0.71875,0.937696099281311,6
military,politics,-2.13671875,-2.0884196758270264,6
military,religious,-0.5625,0.10017573833465576,6
military,space,3.677734375,-0.8448939323425293,6
mines,quarries,2.8876953125,0.4302695691585541,6
mines,torpedoes,-2.562042236328125,0.20174351334571838,6
months,months,0.0,-0.10109569132328033,6
months,years,-0.7568359375,-0.7568825483322144,6
mummy,mummy,0.0,-0.10109569132328033,6
murdered,skinned,-2.322265625,-0.6249092817306519,6
narcissism,narcissism,0.0,-0.10109569132328033,6
nasty,ugly,-2.859375,-0.8402196168899536,6
nasty,unpleasant,1.1192855834960938,0.6098577976226807,6
national,political,0.998046875,-0.9556400775909424,6
national,regional,0.386474609375,-1.0162547826766968,6
national,religious,0.634765625,-1.4088177680969238,6
neatly,swiftly,2.62518310546875,-0.06226685643196106,6
neoendemism,paleoendemism,-0.82061767578125,-0.4836719036102295,6
never,off,-6.45703125,-0.8410563468933105,6
new,pioneering,-0.984375,0.6596143245697021,6
new,precious,5.34765625,2.44003963470459,6
new,strong,4.54296875,0.27683576941490173,6
new,successful,5.1015625,-0.14144031703472137,6
new,ugly,3.916015625,-0.1186998188495636,6
new,unusual,3.57421875,0.2275155782699585,6
new,wonderful,3.4765625,0.6330186128616333,6
nobles,princes,-3.011474609375,-0.24092352390289307,6
nodded,swayed,-0.29803466796875,-0.48797205090522766,6
north,south,1.998046875,0.5655853748321533,6
novelized,sung,-0.84375,0.15159496665000916,6
numbness,tingling,-0.36669921875,1.1617809534072876,6
ober,ober,0.0,-0.10109569132328033,6
oppressive,unpleasant,0.617706298828125,0.4201929271221161,6
oracular,sacred,-3.564453125,0.29607585072517395,6
organization,rank,0.486328125,0.17898377776145935,6
ounces,ounces,0.0,-0.10109569132328033,6
owl,raven,0.3642578125,2.128774642944336,6
packing,riding,1.90447998046875,0.7329093217849731,6
paint,paint,0.0,-0.10109569132328033,6
painting,poetry,0.4485931396484375,0.35669586062431335,6
pale,sickly,3.1572265625,2.119739532470703,6
pale,veiny,0.982421875,2.071964740753174,6
pant,stand,-5.779296875,-1.5864604711532593,6
parliamentary,political,3.287109375,1.2985641956329346,6
parliamentary,presidential,3.826171875,0.5729043483734131,6
passwords,usernames,-1.880859375,-1.3644174337387085,6
penniless,ugly,-5.2578125,-0.9578782320022583,6
perch,suckers,-2.5673828125,-1.8309714794158936,6
perplexity,trouble,0.5274467468261719,-1.505998969078064,6
plant,sow,-0.4296875,0.14763036370277405,6
plaques,tangles,-1.88671875,-0.4161568880081177,6
plasters,weights,0.680419921875,-0.13533106446266174,6
plates,spoons,1.7968673706054688,1.2824569940567017,6
plates,utensils,0.9108734130859375,1.4978728294372559,6
plays,poetry,-6.382049560546875,-1.6797841787338257,6
poetry,sports,-0.1870574951171875,-0.4235985279083252,6
poetry,wit,4.201080322265625,0.6281331777572632,6
poke,pull,-3.1943359375,-0.3179289996623993,6
political,political,0.0,-0.10109569132328033,6
political,religious,-0.298828125,-0.4185626804828644,6
pray,wait,-3.251953125,-0.6831306219100952,6
precious,round,-2.90234375,-1.2743293046951294,6
pressors,volume,4.55859375,-1.3493562936782837,6
profitable,reasonable,-1.11181640625,-0.519012451171875,6
prolonged,searching,-2.7592391967773438,0.3461934030056,6
pronunciation,tones,-1.1168746948242188,-0.47198477387428284,6
protective,strong,-0.748046875,-1.466324806213379,6
prussian,russian,1.645111083984375,0.20012296736240387,6
publish,write,-0.8599166870117188,0.3696541488170624,6
pumping,pumping,0.0,-0.10109569132328033,6
pushed,pushed,0.0,-0.10109569132328033,6
ranks,species,2.568603515625,0.6036330461502075,6
recharged,reused,3.208984375,-0.5441914796829224,6
reefed,stowed,2.4627761840820312,-0.03601739555597305,6
refreshment,repose,-0.22412109375,0.18488022685050964,6
regional,school,-2.71539306640625,-0.7773188352584839,6
religious,sports,-2.474609375,-1.0163205862045288,6
remarried,reneged,2.0924072265625,-0.15946440398693085,6
repose,shelter,-6.3857421875,-2.2861180305480957,6
rescue,search,-2.46875,-0.655676007270813,6
resting,working,-0.7314453125,-1.0527431964874268,6
rhythmic,symmetrical,1.6930465698242188,0.6458295583724976,6
rings,sounds,-2.1357421875,1.7249547243118286,6
rise,spring,0.96875,-0.6091451644897461,6
rites,symbolisms,0.359619140625,0.04171831160783768,6
rock,soil,-0.3515625,1.0345886945724487,6
rock,thicket,2.36865234375,0.6575330495834351,6
rocky,tangled,2.862548828125,1.479174017906189,6
rolls,rolls,0.0,-0.10109569132328033,6
rooms,rooms,0.0,-0.10109569132328033,6
round,round,0.0,-0.10109569132328033,6
round,strong,-3.017578125,0.7261860370635986,6
rounder,rounder,0.0,-0.10109569132328033,6
rubber,wool,-2.15625,0.7340422868728638,6
russian,swedish,-1.2454338073730469,-1.2519588470458984,6
russian,yiddish,1.1396484375,-0.03991496562957764,6
sacred,secret,-2.19140625,-1.1374844312667847,6
sagacity,wit,-1.123016357421875,-0.8285230398178101,6
savages,unintelligent,1.8172607421875,1.38377845287323,6
sea,shore,-5.07421875,-1.246773600578308,6
searched,searched,0.0,-0.10109569132328033,6
searching,searching,0.0,-0.10109569132328033,6
secret,wrong,0.4921875,-0.14161130785942078,6
seeded,unseeded,-3.419952392578125,0.1576080173254013,6
ships,shore,-4.072265625,-0.03439703583717346,6
ships,troops,-2.640625,0.14838965237140656,6
shook,shook,0.0,-0.10109569132328033,6
shopping,sunbathing,-3.330078125,-0.3421427309513092,6
shrank,swelled,-0.6314697265625,-1.1931824684143066,6
shrill,unpleasant,3.780498504638672,1.8255656957626343,6
silence,solitude,2.345703125,1.506468653678894,6
silk,tea,-1.9931640625,0.412227064371109,6
sinks,toilets,-0.8197021484375,-0.7019535303115845,6
slept,slept,0.0,-0.10109569132328033,6
soaked,swollen,1.08563232421875,-0.42714759707450867,6
somewhat,thoroughly,-0.94140625,-0.7651678323745728,6
sounds,sounds,0.0,-0.10109569132328033,6
south,south,0.0,-0.10109569132328033,6
sprightly,strong,0.41015625,-0.7306661605834961,6
squatting,thrusting,-0.5061702728271484,0.9096964597702026,6
stand,stand,0.0,-0.10109569132328033,6
stand,wait,3.103515625,1.3143056631088257,6
stately,strong,0.71875,-0.865235447883606,6
stay,stay,0.0,-0.10109569132328033,6
stay,think,3.875,1.1151987314224243,6
stops,thinks,3.48828125,2.2145276069641113,6
streets,streets,0.0,-0.10109569132328033,6
strong,successful,2.923828125,-0.05566476285457611,6
strong,swift,1.912109375,-0.4709019958972931,6
strong,tight,0.10546875,-0.3653121888637543,6
strong,tyrannous,-0.49072265625,0.6758898496627808,6
strong,unusual,0.794921875,0.07494769990444183,6
stronger,stronger,0.0,-0.10109569132328033,6
sullenly,unwillingly,-2.54833984375,1.0263969898223877,6
sunsets,tea,-1.7802734375,-0.48689404129981995,6
suspicious,wondering,4.19232177734375,0.8695367574691772,6
sympathize,understand,-2.236083984375,0.38018617033958435,6
think,think,0.0,-0.10109569132328033,6
think,wait,-4.619140625,-1.3756598234176636,6
thoroughly,vigorously,1.204559326171875,0.871025800704956,6
trial,tribulations,-0.67578125,1.3069822788238525,6
trial,trouble,-2.25,-0.8531911373138428,6
turkey,vegetables,4.4542236328125,1.6784303188323975,6
turn,turn,0.0,-0.10109569132328033,6
twos,twos,0.0,-0.10109569132328033,6
uglier,uglier,0.0,-0.10109569132328033,6
understand,write,-0.505859375,-0.086578369140625,6
unhumanized,untamed,0.48828125,0.838395357131958,6
unknowable,unknown,-3.005859375,-0.3240193724632263,6
vigorously,wrong,-4.33544921875,0.02666556090116501,6
wait,wait,0.0,-0.10109569132328033,6
waking,watching,1.25732421875,-0.42099297046661377,6
weights,widths,3.0439453125,-0.6605241298675537,6
wondering,wondering,0.0,-0.10109569132328033,6
working,working,0.0,-0.10109569132328033,6
years,years,0.0,-0.10109569132328033,6
abandoned,old,-1.2100143432617188,-3.0885143280029297,7
acres,acres,0.0,0.2868833839893341,7
activity,eagerness,-0.355224609375,-0.045828551054000854,7
activity,life,-3.7734375,-2.5333569049835205,7
addiction,overdose,1.12890625,0.07124951481819153,7
adult,child,-1.6015625,0.4545569121837616,7
adult,children,-4.375,-1.4675191640853882,7
advanced,brightened,4.21533203125,-0.5358748435974121,7
advertising,marketing,0.5191650390625,-0.7676161527633667,7
agony,fear,-0.18701171875,-0.9070842266082764,7
air,light,-0.408203125,0.05793397128582001,7
algerian,moroccan,-0.1494140625,-0.12497475743293762,7
aloes,euphorbias,0.1181640625,0.8121967315673828,7
ambitious,worldly,-1.2684326171875,-1.3831558227539062,7
ammunition,bombs,-3.921630859375,-1.1224324703216553,7
ammunition,weapons,-2.1149139404296875,-1.5355864763259888,7
ammunitions,weapons,-2.16259765625,-1.4708608388900757,7
amuse,interest,-2.0703125,-1.330985188484192,7
anatomy,morphology,-4.1368408203125,0.21983155608177185,7
antisemitic,nationalist,1.36083984375,-0.3519839346408844,7
anus,urogenital,-2.748046875,-0.1450461447238922,7
asked,blushed,-6.48828125,-3.3793699741363525,7
assault,robbery,4.140869140625,0.10591375827789307,7
assured,final,-0.5859375,0.9927246570587158,7
attentively,gravely,0.05677032470703125,-0.3397758901119232,7
autos,carriages,-1.567474365234375,-1.4156438112258911,7
bags,purses,2.47802734375,2.4101037979125977,7
balanced,benign,1.94287109375,0.5075157284736633,7
ballets,operas,-1.4326171875,2.014035940170288,7
barriers,queries,-4.4803466796875,0.08592621982097626,7
bearer,flag,-0.0908203125,-0.9195060729980469,7
bedraggled,desperate,1.333984375,0.6595110893249512,7
bedraggled,soiled,0.068603515625,1.3840786218643188,7
belgian,dutch,-1.56414794921875,-0.5438107252120972,7
belgian,moroccan,0.68505859375,-0.4079398214817047,7
bent,cramped,2.3006591796875,-0.2330944836139679,7
bent,old,-5.287109375,-2.7023534774780273,7
bent,worn,-0.240234375,-0.3793189823627472,7
billeting,orientation,-1.448974609375,0.4796413779258728,7
biology,genetics,1.592041015625,0.085293248295784,7
bittersweet,milk,-1.138671875,-0.7645697593688965,7
blabbing,tattling,4.8173828125,-0.351613312959671,7
blind,cruel,1.5390625,1.2529959678649902,7
blind,helpless,1.56982421875,0.6581848859786987,7
blind,old,-1.6015625,-1.9695101976394653,7
blind,vague,-2.375,0.2095228135585785,7
bloating,pain,-0.693359375,-0.4489103853702545,7
blossoms,herbs,-0.763916015625,-0.1674635112285614,7
blowing,blowing,0.0,0.2868833839893341,7
blowing,spitting,3.337890625,0.5103553533554077,7
blustering,rollicking,0.904296875,0.07255038619041443,7
blustering,wild,-0.59326171875,-1.2685081958770752,7
boast,brag,-2.185302734375,0.23105014860630035,7
bombs,revolution,2.30517578125,0.04017436504364014,7
bombs,rowdies,-0.04901123046875,0.1337566077709198,7
bombs,weapons,-0.7880859375,-0.32062986493110657,7
bones,flesh,-2.3857421875,-1.22500479221344,7
bones,organs,2.09765625,1.5920161008834839,7
bones,skeleton,2.83349609375,-0.011346936225891113,7
bones,skin,1.138671875,-0.49637916684150696,7
bows,buckles,1.34521484375,-0.7126649618148804,7
bragged,bragged,0.0,0.2868833839893341,7
bribery,extortion,-2.987518310546875,1.7512975931167603,7
bribery,promises,-1.294921875,1.4594026803970337,7
bribes,promises,0.03857421875,1.9640446901321411,7
brisk,light,3.03326416015625,0.10916805267333984,7
bromides,iodides,3.7060546875,0.8924070596694946,7
bronchitis,scabies,3.2578125,0.13842976093292236,7
brush,grass,-0.109375,-1.1885156631469727,7
brush,poles,0.67578125,-0.29232946038246155,7
bucked,roared,-0.31817626953125,-0.49186041951179504,7
bulletproof,tactical,2.624267578125,-0.0793255865573883,7
bushels,bushels,0.0,0.2868833839893341,7
bushes,grass,-2.693359375,0.0922190248966217,7
bushes,thorns,0.381103515625,2.3442325592041016,7
businesses,citizens,-1.6474609375,0.4070644676685333,7
businesses,colonies,2.135009765625,0.7917788028717041,7
businesses,properties,-0.86328125,1.36578369140625,7
butlers,sex,2.703125,-0.2486116588115692,7
calculated,deliberate,-1.731201171875,-0.23350653052330017,7
calm,deadly,2.5712890625,0.46222060918807983,7
calm,delightful,-1.7548828125,0.004145562648773193,7
calm,light,0.36328125,0.5012360215187073,7
calm,quiet,1.798828125,0.4166601300239563,7
calm,sedate,1.47265625,0.23805701732635498,7
calm,stability,2.02734375,0.2489641010761261,7
calm,sunshine,0.365234375,-0.3072913587093353,7
canons,statutes,0.53515625,0.7682862281799316,7
carefulness,indifference,1.064208984375,0.9746098518371582,7
carriages,motorcars,1.2947998046875,1.0488152503967285,7
cart,harness,-0.84130859375,0.05537530779838562,7
cases,casks,-0.8873291015625,-0.8038263320922852,7
cases,complaints,3.3359375,-0.03897586464881897,7
cases,presses,2.9140625,-0.22307869791984558,7
caught,kept,6.802734375,0.6473955512046814,7
celebrate,drink,-0.2474365234375,-0.9477318525314331,7
central,large,-2.548828125,-1.5410300493240356,7
charabancs,charabancs,0.0,0.2868833839893341,7
cheapest,easiest,-0.322021484375,0.9125522375106812,7
chess,rugby,0.81134033203125,0.4664742648601532,7
child,child,0.0,0.2868833839893341,7
children,gum,0.591796875,0.7560572624206543,7
children,hens,-3.5830078125,1.1634536981582642,7
children,ladies,-3.857421875,0.31770533323287964,7
children,milk,-1.171875,0.6996393203735352,7
children,pensioners,-0.73779296875,1.2123242616653442,7
children,substitute,-0.93798828125,1.6274813413619995,7
citizens,musicians,-2.73638916015625,-0.030598700046539307,7
citronellol,geraniol,1.23828125,-0.3918222486972809,7
civilians,warriors,-1.4139909744262695,-0.1165127158164978,7
clapped,clapped,0.0,0.2868833839893341,7
clapped,roared,1.1777191162109375,-0.6300485134124756,7
claws,legs,4.81787109375,-0.5702964067459106,7
clinopyroxene,nepheline,4.1015625,0.8797450065612793,7
clues,criminals,1.33050537109375,-0.00861695408821106,7
clues,maps,2.5185546875,0.2869487404823303,7
cockroackes,temites,2.05322265625,0.006933748722076416,7
collectors,museums,4.15472412109375,-0.6483829021453857,7
concentrated,deliberate,-1.14276123046875,-0.32358238101005554,7
cones,tapes,-3.546356201171875,-0.7698003053665161,7
confined,insane,-5.251953125,-1.1222580671310425,7
connoisseurs,ladies,-3.166015625,-1.6195528507232666,7
contamination,pollution,1.01153564453125,-0.5765798091888428,7
contradictory,vague,-2.6796875,-0.7331775426864624,7
convenient,large,-1.916259765625,-2.3494598865509033,7
convenient,serious,-1.324462890625,-0.30759498476982117,7
copied,remembered,-2.7354736328125,0.01657608151435852,7
cornflakes,milk,-0.234375,0.7006767988204956,7
courageous,old,-2.6953125,-2.12461256980896,7
cower,shrink,-2.3857421875,-0.1772868037223816,7
crackled,glowed,2.397216796875,-0.8417743444442749,7
crackled,roared,1.62738037109375,-1.0701123476028442,7
crashing,crashing,0.0,0.2868833839893341,7
crashing,thudding,0.214111328125,0.10222607851028442,7
creepy,impressive,0.41278076171875,0.6659489870071411,7
crime,drugs,-0.224609375,-0.6301670074462891,7
crime,sex,1.216796875,0.6661238670349121,7
criminality,hardship,-0.6943359375,0.15924221277236938,7
criminals,dungeons,0.764678955078125,0.826432466506958,7
criminals,thieves,0.203765869140625,-0.36865559220314026,7
criminals,vagabonds,0.5214805603027344,0.7352989912033081,7
crops,harvest,1.37158203125,0.8454394340515137,7
crops,properties,1.108917236328125,1.1936310529708862,7
crossness,meddling,0.435546875,0.1545107513666153,7
cruel,disastrous,-0.34088134765625,0.905208945274353,7
cruel,envious,0.703369140625,0.726584792137146,7
cruel,inconceivable,1.4974365234375,-0.15116140246391296,7
cruel,paranoid,-0.8865966796875,-0.2694236934185028,7
cruel,stormy,1.45166015625,0.026515722274780273,7
cruel,wasteful,0.01953125,0.06831276416778564,7
cruel,wild,-0.236328125,-1.1536630392074585,7
curiosity,eagerness,3.1627097129821777,-0.5649739503860474,7
curiosity,interest,-1.3126602172851562,-0.6503342390060425,7
curiosity,pain,0.8834075927734375,-0.6260591745376587,7
currently,formerly,-0.29547119140625,-0.5924215316772461,7
curtsy,smile,-6.54345703125,-0.28026941418647766,7
dainty,particular,2.5989990234375,1.3547637462615967,7
dainty,soft,-2.1259765625,-2.253169298171997,7
danced,sang,-0.4963951110839844,0.1530310958623886,7
deliberate,mock,-1.9296875,-0.17424914240837097,7
deliberated,sat,1.31884765625,-1.2191485166549683,7
delightful,generous,3.2200927734375,1.3115402460098267,7
delightful,quiet,1.55078125,-0.5289548635482788,7
deliverance,guidance,0.0083465576171875,-0.8993721008300781,7
demandingly,harshly,2.957763671875,-0.17896553874015808,7
democracy,socialism,-1.0643310546875,0.7294219732284546,7
dental,vision,-3.212890625,0.5454651117324829,7
depressed,quiet,0.62939453125,-1.3899873495101929,7
depressed,uneasy,-1.57421875,-0.2351941168308258,7
desolation,woe,1.29052734375,-0.6938152313232422,7
despatch,ease,-3.361328125,0.16269683837890625,7
desperate,disorganized,2.104736328125,0.5904508829116821,7
destiny,life,-2.07421875,-2.3994061946868896,7
destiny,vision,-1.896484375,-0.2281074821949005,7
dialogues,fugues,-0.25421142578125,0.09520025551319122,7
differences,resemblances,-0.93536376953125,-0.1110268235206604,7
differences,variations,-0.5746526718139648,0.15434575080871582,7
discovered,mined,4.29864501953125,-0.5554107427597046,7
discussions,meetings,-5.03466796875,-1.0046420097351074,7
diseases,genetics,-4.850841522216797,-0.9249601364135742,7
diseases,viruses,1.675241470336914,0.4213831424713135,7
disheveled,wild,-5.7769775390625,-1.7290927171707153,7
displayed,stored,-1.284515380859375,-0.16831332445144653,7
displays,exhibits,4.0511474609375,0.7585092782974243,7
dissolute,idle,-4.234619140625,-0.40129855275154114,7
distributed,versioned,-3.423828125,3.057255268096924,7
drama,satirical,1.818359375,0.08490419387817383,7
dread,eagerness,1.3389892578125,0.18792343139648438,7
dread,fear,2.3515625,-0.5930039882659912,7
dreamless,drugged,7.339691162109375,0.844125509262085,7
dress,jewellery,2.3282470703125,0.14056573808193207,7
dress,talk,0.982421875,0.4334942698478699,7
dress,towel,-0.716796875,-0.12116709351539612,7
drink,drugs,-1.240234375,-0.9070076942443848,7
drink,sail,1.423828125,-0.18984901905059814,7
drink,smile,0.20703125,-0.8990128040313721,7
drink,talk,-0.1640625,0.4836551249027252,7
driven,tugged,-0.96826171875,-1.5698074102401733,7
drugs,homelessness,4.05908203125,0.04561755061149597,7
drugs,sex,1.1328125,0.6215164065361023,7
drugs,weapons,-0.3359375,-0.13022980093955994,7
duck,squash,1.302734375,0.9689918756484985,7
dutch,english,0.12109375,-0.17598506808280945,7
eachother,nature,0.513671875,-1.2879356145858765,7
eagerness,exultation,2.002685546875,1.2773572206497192,7
eagerness,regret,0.43609619140625,-0.678783655166626,7
earthquakes,tornadoes,0.7775344848632812,1.248039722442627,7
earthquakes,volcanoes,2.128631591796875,0.45808863639831543,7
ease,quiet,1.39892578125,-0.0986548364162445,7
economic,environmental,0.6320343017578125,0.8104360103607178,7
editing,writing,-0.162109375,-0.9204076528549194,7
egoistic,inflexible,-0.9840087890625,0.4632246196269989,7
enabling,enabling,0.0,0.2868833839893341,7
engineers,physicists,-0.3079833984375,0.14139944314956665,7
english,italian,-0.55078125,0.7503986358642578,7
epilepsy,schizophrenia,-2.257080078125,-0.269866019487381,7
erm,fertile,-5.1474609375,-1.4896165132522583,7
erm,revolution,-1.9609375,-1.4463868141174316,7
erm,talk,-5.841796875,-1.15438711643219,7
erm,weight,-4.435546875,-2.3050310611724854,7
ever,ever,0.0,0.2868833839893341,7
ever,forever,-3.6357421875,-0.441665917634964,7
evildoers,murderers,-6.8739471435546875,-0.7905319929122925,7
excited,hysterical,-0.787841796875,0.7341032028198242,7
excited,irritable,1.6806640625,1.1773130893707275,7
excited,large,-4.962890625,-2.1958866119384766,7
excited,pleased,0.66796875,0.14821907877922058,7
excited,wild,-2.263671875,-0.090203195810318,7
excited,wise,-3.4873046875,-1.5946907997131348,7
exhibits,papers,-1.095703125,-1.8083187341690063,7
exhibits,sales,-3.0576171875,-1.4679492712020874,7
experienced,old,-0.727783203125,-3.669945240020752,7
experienced,wise,-8.66729736328125,-2.5331456661224365,7
expression,feeling,2.95703125,2.234184980392456,7
expression,spirit,0.41796875,-0.38024476170539856,7
extravagant,wasteful,1.8538818359375,-0.0010805726051330566,7
fear,fury,0.6240234375,1.4956189393997192,7
fear,indignation,1.88861083984375,1.7362371683120728,7
fear,pain,0.9951171875,0.3523130714893341,7
feathered,furry,0.8031005859375,-1.8037716150283813,7
feeling,life,-5.16015625,-3.1180081367492676,7
fertile,populous,-2.017822265625,-0.6849429607391357,7
final,forth,5.80078125,-3.3292160034179688,7
final,fourth,-5.62060546875,-2.369692802429199,7
flag,streamer,-2.5234375,-0.007659703493118286,7
flat,large,-2.3955078125,-0.5168907642364502,7
flat,sandy,0.8583984375,0.9159088134765625,7
flesh,flesh,0.0,0.2868833839893341,7
fluorescence,ionization,0.5986328125,1.7075306177139282,7
folktales,legends,1.1871814727783203,0.7803541421890259,7
forever,forever,0.0,0.2868833839893341,7
forever,once,0.62890625,0.3802541494369507,7
formality,legality,1.1845703125,-0.7417103052139282,7
fourth,only,6.65625,3.8521907329559326,7
fructose,glucose,-5.357356071472168,-0.6033120155334473,7
fuller,fuller,0.0,0.2868833839893341,7
fuller,higher,-1.03125,-0.49676671624183655,7
furry,soft,-5.328369140625,-1.5842946767807007,7
fury,pain,0.669921875,-0.2762207090854645,7
fury,sound,-0.8603515625,0.3248695135116577,7
garrulous,italian,-0.34375,-0.2225532829761505,7
generous,large,-4.4920654296875,-1.9703103303909302,7
generous,sportsmanlike,3.583740234375,-1.5670652389526367,7
generous,virtuous,-1.255340576171875,0.0249081552028656,7
gin,sex,-1.486328125,-0.5942443609237671,7
glad,lightsome,1.84375,1.1272426843643188,7
globalisation,imperialism,0.628204345703125,0.9927108287811279,7
globalisation,industrialisation,2.1928634643554688,0.5112988948822021,7
gradually,irregularly,-1.5731353759765625,1.6200355291366577,7
grammar,words,-1.408447265625,0.1318666636943817,7
grass,hay,-1.1103515625,-1.2784472703933716,7
grasses,herbs,-0.2724609375,1.5975950956344604,7
grasses,sedges,0.9482421875,1.6008479595184326,7
grit,spirit,1.201171875,-0.2722986042499542,7
growling,growling,0.0,0.2868833839893341,7
growling,grunting,1.16064453125,0.9670050144195557,7
growling,snarling,-0.542633056640625,0.587746262550354,7
growly,raspy,-2.4970703125,1.2020695209503174,7
grunting,straining,2.65771484375,0.8589366674423218,7
grunts,shouts,1.119598388671875,-0.045157819986343384,7
grunts,sighs,-2.3524169921875,-0.5783742666244507,7
guitar,keyboards,4.475044250488281,0.2222677767276764,7
habit,instinct,0.8179931640625,0.7311760187149048,7
hacking,stealing,0.259765625,1.0505774021148682,7
hardship,pain,-1.02197265625,-0.016307920217514038,7
harshly,unjustly,1.383056640625,1.9496370553970337,7
haughty,imperious,5.119781494140625,1.125736951828003,7
haughty,pompous,0.298583984375,-0.48304852843284607,7
healthcare,hospitals,0.27341461181640625,1.139879822731018,7
hear,obey,0.921630859375,0.1000964343547821,7
hear,talk,2.029296875,-0.4734480679035187,7
helpless,ignorant,2.4814453125,0.2981152832508087,7
herbs,perfumes,-0.4521484375,0.41121917963027954,7
higher,higher,0.0,0.2868833839893341,7
higher,hotter,3.24609375,-1.2603037357330322,7
hoed,hoed,0.0,0.2868833839893341,7
hospitals,hostels,-0.5333595275878906,0.3025663495063782,7
hotter,hotter,0.0,0.2868833839893341,7
hovels,palaces,0.8486328125,-0.5604875087738037,7
huge,influential,4.68359375,0.5680463314056396,7
huge,unexpected,-3.408111572265625,2.3886210918426514,7
humor,spirit,0.4921875,-0.4741145074367523,7
humor,words,-3.4658203125,-0.46208712458610535,7
hurrahs,shouts,-3.5593719482421875,-0.6623201370239258,7
hurried,unconnected,-6.481201171875,1.788823127746582,7
idle,ignorant,2.31744384765625,0.03733101487159729,7
ignorant,laughable,-0.35040283203125,0.1434088796377182,7
ignorant,wild,-3.882476806640625,-1.951825499534607,7
inclusive,pragmatic,-0.94134521484375,-0.20248308777809143,7
indirect,vague,-5.2689208984375,-0.5967764854431152,7
individual,mine,-3.099609375,-1.8197237253189087,7
influential,large,-1.3837890625,-2.812434434890747,7
insinuating,soft,-7.123046875,-3.646669864654541,7
instruments,themes,0.07464146614074707,-0.14963167905807495,7
interest,life,-3.869140625,-2.288618803024292,7
iranian,islamic,1.65771484375,0.5514353513717651,7
iranian,persian,0.4197998046875,0.687751054763794,7
islamic,nationalist,-0.400390625,0.796207070350647,7
jounces,jounces,0.0,0.2868833839893341,7
kicking,rearing,3.6044921875,-0.029935568571090698,7
kicking,scrambling,0.5199508666992188,-0.4317416250705719,7
kill,torture,0.767578125,-0.8005176782608032,7
knotty,large,-1.0400390625,-1.591157078742981,7
kurdish,turkish,-2.211090087890625,0.9020169973373413,7
lady,monkey,1.6171875,-0.1374608278274536,7
language,region,0.140625,1.6878694295883179,7
language,words,-2.0159912109375,-0.11567908525466919,7
large,larger,1.087890625,0.7742643356323242,7
large,quiet,3.83984375,1.7413080930709839,7
large,ripe,2.5361328125,1.0978643894195557,7
large,scenic,0.2734375,3.1262495517730713,7
large,selected,0.00390625,3.300778865814209,7
large,staring,2.83203125,2.0056869983673096,7
large,variegated,0.41845703125,2.765507221221924,7
large,wavy,2.55078125,1.9974604845046997,7
large,woolly,4.04248046875,2.3220784664154053,7
larger,larger,0.0,0.2868833839893341,7
laughable,pathetic,-1.1898231506347656,-0.5907871723175049,7
leadership,ownership,-1.93341064453125,0.5624547004699707,7
leadership,tactical,-1.260009765625,-0.05352070927619934,7
lean,tall,3.58984375,-2.953019142150879,7
leisure,means,5.148212432861328,2.4467127323150635,7
liberty,life,-1.642578125,-1.8809365034103394,7
life,light,4.181640625,1.079968810081482,7
life,nature,-0.431640625,1.7584692239761353,7
life,quickness,1.28515625,0.42847779393196106,7
life,spirit,0.74609375,0.9971860647201538,7
life,substance,2.1162109375,2.239840030670166,7
light,queer,-1.7841796875,-0.5903826951980591,7
light,room,-0.74609375,-1.3078378438949585,7
light,sound,1.986328125,0.4441063106060028,7
light,sunshine,1.6318359375,-1.3470327854156494,7
light,varying,3.4183349609375,0.6615924835205078,7
light,woolly,-0.53515625,0.34023934602737427,7
lists,maps,-1.953125,0.22625550627708435,7
lithium,risperidone,-1.6103515625,0.7655932903289795,7
lordly,tall,-0.458984375,-3.4537534713745117,7
maintaining,writing,-0.3878173828125,-1.930076241493225,7
maps,papers,0.85546875,-1.210070013999939,7
marshland,meadow,4.759765625,0.5934803485870361,7
masterless,wretched,2.0032958984375,0.38287481665611267,7
masters,monks,1.1162109375,0.031868815422058105,7
medicinal,vegetable,-1.310302734375,-0.9619194269180298,7
members,stewards,1.162109375,-1.558510661125183,7
menopausal,old,-4.328125,-1.3278396129608154,7
metaphorically,poetically,2.5537109375,-0.07373687624931335,7
mine,mine,0.0,0.2868833839893341,7
mine,thine,-0.0068359375,1.429862141609192,7
moaning,sleepless,-0.54638671875,-0.12063828110694885,7
morally,spiritually,-0.8603515625,0.5380876660346985,7
moroccan,turkish,-1.5902099609375,0.03683236241340637,7
mortification,pain,-0.72119140625,-0.18404647707939148,7
mortification,regret,-1.361572265625,-0.5869764089584351,7
muddy,sandy,0.23974609375,-0.32889285683631897,7
muddy,soft,-2.77783203125,-2.1678996086120605,7
murderers,thieves,0.9690170288085938,-0.4122103750705719,7
musicians,singers,0.39031982421875,0.49068358540534973,7
mutinous,sulky,-4.12841796875,-0.02759721875190735,7
mutual,spatial,-0.5048828125,-0.3305378258228302,7
nails,twine,0.6123046875,-0.3822997510433197,7
niggardly,stingy,-0.6611328125,0.3141591548919678,7
oceans,rivers,1.02874755859375,-0.5107073783874512,7
offerings,sacrifice,-1.0251235961914062,0.5677453279495239,7
often,often,0.0,0.2868833839893341,7
old,seasoned,9.03125,3.6159489154815674,7
old,senile,1.119140625,3.1239371299743652,7
old,unsure,0.71484375,4.165961265563965,7
old,wise,2.41015625,0.8447792530059814,7
old,worn,3.32421875,1.864368200302124,7
once,once,0.0,0.2868833839893341,7
orchestra,singers,2.388824462890625,-0.6493538618087769,7
organs,skin,-3.3962326049804688,-1.4549953937530518,7
packed,strapped,0.9149017333984375,0.9563907384872437,7
paddled,rowed,-2.9984397888183594,-0.4276207983493805,7
pain,regret,-0.390625,-0.2304956614971161,7
pain,torture,0.48876953125,1.0917056798934937,7
pain,weight,1.5048828125,0.698737621307373,7
paintings,sculptures,2.6629295349121094,0.8748849630355835,7
pastures,rivers,-0.236328125,-1.2366312742233276,7
pathological,physiological,-2.07763671875,-0.2512834370136261,7
peritoneal,subdural,2.32421875,-0.30298033356666565,7
persian,purple,-0.490234375,-0.6426409482955933,7
persian,turkish,3.51812744140625,0.4681764841079712,7
pierced,punctured,-1.154541015625,-0.06837350130081177,7
pilgrims,traders,-1.1715278625488281,0.19786694645881653,7
pinioned,shackled,-0.0351715087890625,0.2800348103046417,7
pirut,pup,2.58203125,1.565708041191101,7
pitted,scarred,1.07421875,1.2524698972702026,7
places,rivers,-0.0888671875,-2.838571310043335,7
planters,traders,3.65869140625,0.14792314171791077,7
playing,playing,0.0,0.2868833839893341,7
plucky,quiet,1.61572265625,-0.6058690547943115,7
plump,tall,-1.57421875,-3.1078155040740967,7
polluting,toxic,2.0872802734375,-0.2722388803958893,7
practice,practice,0.0,0.2868833839893341,7
practice,prescription,-1.9715576171875,-0.8033051490783691,7
progress,stability,-1.484375,0.26407724618911743,7
progress,weight,0.220703125,-0.431761771440506,7
purse,sword,1.275390625,0.9095251560211182,7
quiet,reputable,-0.9111328125,1.904091238975525,7
quiet,reserved,1.279296875,2.0390939712524414,7
quiet,restful,-2.171875,1.3379346132278442,7
quiet,soft,-1.92578125,-2.158700704574585,7
quiet,wild,-0.7578125,0.12677983939647675,7
quietly,subtly,-1.298828125,2.03903865814209,7
rifle,shotgun,0.8095703125,2.0907442569732666,7
riflebirds,sicklebills,1.5665054321289062,0.7895690202713013,7
sail,sail,0.0,0.2868833839893341,7
sang,sang,0.0,0.2868833839893341,7
scarred,worn,-1.72265625,-1.147688865661621,7
serious,unexpected,7.5615234375,0.5885790586471558,7
serious,wise,-2.0009765625,-1.3462432622909546,7
shouts,sound,2.925537109375,0.5717824697494507,7
shouts,trills,3.5641937255859375,0.05816285312175751,7
sights,sights,0.0,0.2868833839893341,7
signification,signs,-1.09375,-1.112250566482544,7
signs,words,4.693359375,0.1866302490234375,7
simplified,simplistic,3.909221649169922,-0.08372616767883301,7
skinny,tall,-3.453765869140625,-2.7821719646453857,7
smell,sound,0.35546875,-0.2763342559337616,7
smell,vision,-1.017578125,-0.46356770396232605,7
smile,smile,0.0,0.2868833839893341,7
smile,talk,3.255859375,0.7517250180244446,7
snarling,spitting,-0.12744140625,0.633569598197937,7
snarling,underhanded,-1.2861328125,1.5954910516738892,7
soft,tall,-0.31396484375,-1.1482430696487427,7
soft,wavy,1.716796875,2.0584750175476074,7
soft,woolly,4.9951171875,2.2011680603027344,7
soiled,thumbed,-0.3701171875,0.28415828943252563,7
solidarity,subsidiarity,-0.633453369140625,1.024125099182129,7
sound,visibility,0.732421875,-0.459570974111557,7
sparkled,widened,-2.07061767578125,0.545978307723999,7
specially,symbolically,2.7700462341308594,0.6355539560317993,7
splashed,tugged,1.4931182861328125,-0.4270099699497223,7
staring,wild,-2.12109375,-1.1448265314102173,7
storm,sunshine,-1.1142578125,-1.593200445175171,7
strawberry,strawberry,0.0,0.2868833839893341,7
syrup,tar,-1.60784912109375,-0.49148818850517273,7
talk,talk,0.0,0.2868833839893341,7
tall,weight,5.267578125,2.3289637565612793,7
tugged,tugged,0.0,0.2868833839893341,7
uneasy,wretched,-0.7045135498046875,-0.28501346707344055,7
unexpected,unwelcome,0.8448486328125,-0.20395427942276,7
unloaded,unsaddled,2.0301513671875,0.4728395342826843,7
vague,woolly,4.548828125,0.37862300872802734,7
verses,words,-1.011474609375,-0.11982342600822449,7
wavier,wavier,0.0,0.2868833839893341,7
wild,woolly,2.4295654296875,0.09172561764717102,7
wild,wooly,4.296875,0.3054541051387787,7
xxx,xxx,0.0,0.2868833839893341,7
ability,determination,1.109130859375,0.7778594493865967,8
abort,miscarry,0.58984375,-0.21942532062530518,8
aboyne,called,-2.93359375,0.9685672521591187,8
absolutely,wholeheartedly,-1.498291015625,-2.642874002456665,8
acid,alkali,4.6025390625,0.8959593772888184,8
actress,comedian,-4.6513671875,1.3335552215576172,8
acute,earnest,1.1484375,0.9767283201217651,8
administrative,business,-0.8076171875,-0.8340972661972046,8
administrative,territorial,2.5665054321289062,0.047554612159729004,8
aged,feeble,2.4774169921875,1.2175331115722656,8
aged,hungry,1.20703125,0.7091753482818604,8
aged,infirm,3.89453125,2.783792018890381,8
aid,grant,1.01953125,-0.21684323251247406,8
alertness,power,1.96875,0.6281064748764038,8
alive,beautiful,4.87109375,0.2565191984176636,8
alive,brilliant,-0.935546875,0.4831353425979614,8
alive,sharp,3.509765625,0.4171593189239502,8
alive,unharmed,3.25408935546875,3.2126567363739014,8
alive,whole,2.42578125,2.1963651180267334,8
amantadine,rimantadine,-3.813140869140625,-1.1503968238830566,8
anarchic,unpredictable,-3.48876953125,0.6072946190834045,8
anarchist,communist,-8.3648681640625,0.26069772243499756,8
angels,demons,-0.2686614990234375,0.2936703562736511,8
apologies,lies,1.556396484375,-1.2375432252883911,8
apologies,surprise,-2.379669189453125,-1.6034168004989624,8
apologies,thanks,1.2935104370117188,-0.3373067378997803,8
appeal,fortrial,1.2459716796875,-1.5954704284667969,8
appearance,function,4.953125,1.535358190536499,8
appearance,functionality,2.64453125,0.8068451881408691,8
appearance,rigging,7.482421875,0.7927855849266052,8
applauded,laughed,-3.4219093322753906,-0.19878967106342316,8
aristocrats,conservatives,1.230804443359375,-0.11100320518016815,8
art,business,0.4404296875,-1.012688159942627,8
art,culture,-0.52734375,-1.3762612342834473,8
art,femininity,-0.15673828125,-0.911222517490387,8
art,poems,-0.0947265625,-1.1242936849594116,8
art,power,2.978515625,0.5506629943847656,8
ascendancy,power,1.892578125,-0.1899942308664322,8
aspects,epithets,-3.3824462890625,-1.190466284751892,8
astronomy,math,2.812744140625,-0.7119953632354736,8
autopsy,identification,-1.2174072265625,1.5132687091827393,8
babies,boys,2.6875,0.07973183691501617,8
backpackers,climbers,-6.06494140625,-0.9459694623947144,8
ballrooms,hotels,-0.0487060546875,0.11237429082393646,8
banksias,woodland,0.6630859375,-0.4986395835876465,8
barges,boats,-0.193359375,-1.6369690895080566,8
bearded,brown,-2.2578125,0.28055810928344727,8
beautiful,brilliant,0.224609375,-0.3375909924507141,8
beautiful,busy,1.55859375,0.020791932940483093,8
beautiful,carefree,-2.0673828125,1.419023036956787,8
beautiful,foolish,0.19921875,0.21891085803508759,8
beautiful,great,-3.859375,-0.39804279804229736,8
beautiful,historic,0.197265625,0.748849630355835,8
beautiful,kind,2.26953125,2.7099077701568604,8
beautiful,neat,0.84375,-0.5866695046424866,8
beautiful,rational,-0.486328125,0.9922928810119629,8
beautiful,serene,-1.533203125,1.1157485246658325,8
beautiful,shining,1.12109375,0.5730413198471069,8
beautiful,smart,-0.63671875,-0.9636814594268799,8
beautiful,young,-2.4453125,-1.3064098358154297,8
beauty,happiness,0.103515625,0.794280469417572,8
beauty,health,-2.59375,0.1923905462026596,8
beauty,joy,-0.4638671875,0.989456057548523,8
beauty,placability,-0.05078125,2.2656478881835938,8
beauty,rest,-1.025390625,1.45022451877594,8
beauty,ugliness,-1.144287109375,1.5427236557006836,8
beg,beg,0.0,-0.13744643330574036,8
beg,cry,-2.681640625,-2.3557374477386475,8
behaves,interacts,2.55560302734375,-0.54159015417099,8
beliefs,rules,-4.57623291015625,0.14763639867305756,8
belonging,unity,-2.2176513671875,0.3388128876686096,8
belt,car,0.98828125,-0.8313519358634949,8
bile,lies,-3.541015625,-1.3964554071426392,8
biscuits,nuts,-0.0966796875,0.04557253420352936,8
biscuits,shortcake,2.353515625,-0.3250232934951782,8
blast,damn,-0.515625,1.7194719314575195,8
bleaker,bleaker,0.0,-0.13744643330574036,8
blew,blew,0.0,-0.13744643330574036,8
blinked,gasped,2.51019287109375,0.2498382180929184,8
boats,sails,1.931640625,-0.22600768506526947,8
boats,shipping,3.4921875,0.6784958839416504,8
bodies,minds,-0.767578125,0.26262587308883667,8
body,head,0.287109375,-0.6373698711395264,8
body,limbs,-0.19140625,-0.5177372097969055,8
body,soul,2.955078125,-0.4253418445587158,8
boiled,bubbled,-2.223388671875,0.4055941104888916,8
boiled,pounded,-1.787353515625,0.1895056813955307,8
boiling,evaporation,-0.790283203125,0.39363211393356323,8
boldness,unconcern,1.15673828125,2.966179609298706,8
bookplates,trademarks,2.3662109375,0.898789644241333,8
boredom,disgust,-0.50390625,-0.1861628144979477,8
bounces,imitates,2.105194091796875,1.4960049390792847,8
bowls,cups,0.116455078125,-1.5054497718811035,8
boys,boys,0.0,-0.13744643330574036,8
boys,cooks,0.296875,-0.44388025999069214,8
boys,mother,-2.1650390625,-0.0938146561384201,8
boys,quarry,-2.1448974609375,0.23457877337932587,8
brick,glass,0.5673828125,-0.3288956582546234,8
brilliant,brown,-0.9609375,0.9824353456497192,8
brilliant,striking,0.69482421875,1.7750756740570068,8
broken,empty,-2.1181640625,0.4035317897796631,8
broken,gnarled,0.53125,1.0550447702407837,8
broken,sharp,-2.9140625,-1.4916911125183105,8
bronze,brown,1.2705078125,0.275693416595459,8
brown,dry,0.1796875,0.011517629027366638,8
brown,juicy,3.416015625,-0.1037219911813736,8
brown,kind,2.4453125,1.8400685787200928,8
brown,russet,0.95361328125,0.45353418588638306,8
brown,shining,2.078125,0.44919657707214355,8
bruising,scars,-1.0400390625,-0.11037714779376984,8
brushing,rustling,-1.849609375,-2.2656266689300537,8
brushing,washing,-4.6142578125,-0.9035063982009888,8
bubbles,dimple,3.826171875,0.4861844778060913,8
bubbles,oil,3.4560546875,-0.6120978593826294,8
bulkiest,heaviest,-4.00146484375,-0.8237559795379639,8
bullwinkle,julia,1.060546875,-0.940447211265564,8
business,fun,-0.25390625,0.40770602226257324,8
bustle,stir,4.01025390625,0.1703714281320572,8
caesium,thallium,2.0498046875,-0.08035090565681458,8
called,called,0.0,-0.13744643330574036,8
called,stopped,-4.912109375,-2.4295425415039062,8
callers,visitors,1.060546875,-1.1236573457717896,8
calling,calling,0.0,-0.13744643330574036,8
calling,laughing,-2.6015625,-1.6497743129730225,8
candles,pizza,-1.0565185546875,-0.7489067316055298,8
candles,ropes,-1.671875,-0.593551516532898,8
cannibals,drunkards,-0.38226318359375,-0.6804010272026062,8
car,mother,2.3984375,0.8736987113952637,8
car,pitcher,-0.7138671875,0.11949850618839264,8
car,watches,9.220703125,2.9627466201782227,8
carol,song,1.01953125,-0.20775693655014038,8
cartridges,cassettes,1.24609375,-0.027600452303886414,8
cells,organisms,4.03521728515625,0.5552586317062378,8
ceramics,glass,-1.11279296875,-0.6167193651199341,8
ceramics,metals,0.13720703125,-0.13104970753192902,8
changeable,unpredictable,0.70489501953125,0.6194934844970703,8
charismatic,pentecostal,-0.22412109375,-0.3648664951324463,8
chat,rest,-2.62109375,0.6811322569847107,8
chatting,greeting,-0.03564453125,0.2680160403251648,8
chatting,laughing,-0.439453125,-0.5093995928764343,8
cheaper,divided,-1.005126953125,0.4027020335197449,8
cheep,stir,-0.515625,-0.9295703768730164,8
cheer,cheer,0.0,-0.13744643330574036,8
cheer,happiness,1.390625,-0.051085904240608215,8
cheer,shorten,1.10919189453125,0.6750893592834473,8
cheery,helpful,-1.1749267578125,0.23338107764720917,8
cheery,soul,0.197265625,-1.3117139339447021,8
chicken,mushroom,5.8883056640625,1.5796356201171875,8
chicken,potatoes,0.177734375,-0.21657593548297882,8
chicken,waffles,0.5361328125,1.9803385734558105,8
chink,daub,4.55078125,1.974701166152954,8
chocolates,sweets,-0.7322998046875,-0.9369434714317322,8
choky,little,0.328125,-2.095658779144287,8
clicking,rustling,-2.4443359375,-1.7152283191680908,8
clicking,scraping,-3.104665756225586,-0.22968235611915588,8
coally,tom,0.01953125,-0.3871869444847107,8
commandant,syndic,3.825439453125,-0.6131871342658997,8
commandments,laws,-0.658203125,-1.5388710498809814,8
common,european,0.52734375,-0.792233943939209,8
common,indubitable,-1.931640625,0.08942125737667084,8
common,silly,1.01953125,-1.2818962335586548,8
concluding,third,-2.760986328125,-1.6894383430480957,8
condescension,patronizing,-6.34765625,0.30796098709106445,8
consideration,honour,1.7149505615234375,-0.5572441220283508,8
console,pity,2.1295623779296875,-0.13475997745990753,8
consternation,surprise,-0.748443603515625,-0.6953816413879395,8
contact,separate,-1.76953125,0.4552420377731323,8
convex,discrete,-0.823974609375,0.24495123326778412,8
courses,programs,0.0439453125,0.38324105739593506,8
crayfish,spiders,0.28955078125,0.10551144182682037,8
crazy,feeble,-0.6937255859375,0.08871571719646454,8
crazy,fun,-1.15234375,0.005673959851264954,8
crazy,funny,-0.44921875,-1.1267179250717163,8
crazy,kinky,-0.349609375,-1.307091474533081,8
crazy,silly,3.861328125,-1.1909701824188232,8
crippled,thief,-1.29541015625,-0.4242055416107178,8
crossdisciplinarity,multidisciplinarity,4.34716796875,-1.7138383388519287,8
cry,cry,0.0,-0.13744643330574036,8
cry,fret,1.3388671875,-0.29896050691604614,8
cry,mourn,1.943328857421875,-0.13881276547908783,8
cry,pout,-0.8359375,0.7393074035644531,8
culture,health,-0.1787109375,-0.048941582441329956,8
culture,laws,2.939453125,0.9256298542022705,8
culture,liberality,-2.66015625,1.7809770107269287,8
cups,pitcher,0.671875,1.060284972190857,8
cups,saucers,3.6051101684570312,2.348909378051758,8
cursing,raving,-0.13385009765625,0.7910721302032471,8
cursing,yelling,-1.756683349609375,-0.4556853175163269,8
daisies,heather,1.61865234375,-0.7449840307235718,8
dances,torches,0.275634765625,-0.35299545526504517,8
days,days,0.0,-0.13744643330574036,8
dearer,nearer,1.267578125,-0.891501247882843,8
deeper,deeper,0.0,-0.13744643330574036,8
delicious,juicy,-3.291259765625,0.27494561672210693,8
delicious,supple,6.1875,2.8734591007232666,8
demons,dragons,3.183349609375,-0.8870688676834106,8
depressions,sinkholes,-0.9794921875,-0.4300670027732849,8
deserted,empty,-2.283447265625,-1.0199213027954102,8
deserters,refugees,1.487060546875,-0.8792470097541809,8
detergent,oil,-4.6328125,-1.2570838928222656,8
determination,resolution,0.7011489868164062,-0.0765620768070221,8
determined,young,-3.109375,-3.595174551010132,8
dg,mother,-1.994140625,-1.4681257009506226,8
dipped,dipped,0.0,-0.13744643330574036,8
disappeared,failed,-2.87109375,1.5282983779907227,8
disappeared,passed,1.439453125,-0.3664700388908386,8
discouragement,toil,-2.95550537109375,0.5507310628890991,8
discovery,exploration,2.79705810546875,0.5345266461372375,8
discretion,tact,0.9487991333007812,0.574767529964447,8
disgust,surprise,-2.6201171875,-0.21687351167201996,8
distinctions,honours,0.6494140625,0.23903785645961761,8
distraught,moody,-1.8167724609375,-1.1388168334960938,8
disturbed,perturbed,-0.689117431640625,0.07850532233715057,8
divorced,married,-5.02587890625,-0.882170557975769,8
doctor,patient,1.615234375,0.599972128868103,8
double,triple,1.037109375,1.502068042755127,8
drank,drank,0.0,-0.13744643330574036,8
drawings,engravings,-0.4018707275390625,0.6422832012176514,8
dreamed,heard,0.612274169921875,-0.5625883936882019,8
dried,uncovered,-2.17950439453125,0.5307028889656067,8
dripping,torn,-0.8134765625,1.1299265623092651,8
drops,drops,0.0,-0.13744643330574036,8
dry,rustling,-0.5,-1.4508953094482422,8
dry,shining,1.7919921875,0.18214033544063568,8
dye,tool,-2.0625,-0.6125975251197815,8
earlier,earlier,0.0,-0.13744643330574036,8
earlier,later,6.40625,0.16838400065898895,8
earnest,sharp,-0.18359375,-0.8725881576538086,8
earnestly,fiercely,-2.7608642578125,-0.5159192681312561,8
earnestly,vehemently,1.651845932006836,0.681948721408844,8
ears,head,1.2431640625,0.9962129592895508,8
ears,noses,-0.740234375,2.4918649196624756,8
eastbound,westbound,1.15509033203125,0.5036851763725281,8
easter,easter,0.0,-0.13744643330574036,8
electricity,magnetism,5.42529296875,-0.18598775565624237,8
electricity,oil,-2.203125,-1.5530574321746826,8
electricity,power,-0.6395263671875,0.5828738212585449,8
emotional,rational,2.160675048828125,-0.38137906789779663,8
empty,forlorn,-1.212188720703125,-1.2623217105865479,8
empty,hungry,-0.48046875,-1.4089231491088867,8
enjoyment,fun,-2.467529296875,-0.953758716583252,8
enjoyment,laughing,2.87969970703125,-1.9292776584625244,8
european,japanese,-0.099609375,0.6020089983940125,8
european,negro,1.99609375,0.6264933347702026,8
evaporation,transpiration,-0.5789413452148438,0.21030248701572418,8
exact,truthful,-3.763671875,-2.3856279850006104,8
exasperated,rasping,-5.972412109375,-0.11774227023124695,8
exercise,exercise,0.0,-0.13744643330574036,8
exercise,fun,-3.34375,-0.21718813478946686,8
experimentor,mother,-3.246826171875,-1.1634056568145752,8
exploration,travel,-2.21685791015625,0.016038909554481506,8
explosives,flamethrowers,2.14697265625,-0.12112392485141754,8
extracts,tales,-5.47265625,-2.91085147857666,8
fabulous,unreal,0.469970703125,-0.5867499113082886,8
failed,failed,0.0,-0.13744643330574036,8
faintly,spasmodically,2.69232177734375,1.649721384048462,8
fairer,happier,-5.08880615234375,-0.14958205819129944,8
fallen,sorrowful,5.7626953125,0.5319229364395142,8
farther,farther,0.0,-0.13744643330574036,8
fathers,sons,6.47705078125,-1.1685646772384644,8
fats,oils,0.9150390625,-0.6388682723045349,8
females,young,-1.939453125,-1.793828010559082,8
fern,moss,2.4462890625,-1.8032604455947876,8
ferns,moss,0.650634765625,-1.2262823581695557,8
fluids,rest,1.564453125,0.20299451053142548,8
focused,sharp,-1.94830322265625,-1.1581385135650635,8
foggy,foul,-1.04296875,0.8581031560897827,8
foolish,headstrong,4.376953125,1.0432274341583252,8
foolish,naughty,0.453125,-0.496606707572937,8
foolish,rash,-1.212890625,0.648940920829773,8
foolish,silly,-1.1171875,-0.746312141418457,8
foolish,young,-7.318359375,-2.470850706100464,8
forgiving,patient,-3.96875,-1.7944891452789307,8
found,stopped,-3.505859375,-1.5635192394256592,8
frankly,freely,1.204345703125,0.7587425112724304,8
friendships,laughing,3.50390625,-0.5806519985198975,8
frills,frills,0.0,-0.13744643330574036,8
fruitsome,great,0.984375,-0.400837779045105,8
fun,funny,0.353515625,-0.21135351061820984,8
fun,happiness,3.3095703125,-1.2385367155075073,8
fun,joy,-1.2666015625,-0.14763949811458588,8
fun,laughing,1.263671875,-1.2493607997894287,8
fun,loose,4.427734375,-0.3554849326610565,8
fun,mischief,3.48046875,0.34713178873062134,8
funny,laughing,5.048828125,-0.5560848712921143,8
funny,rural,-0.5869140625,0.7704708576202393,8
funny,smart,-2.2109375,-0.9856637120246887,8
funny,spirited,2.2613525390625,1.3187048435211182,8
funny,weird,0.037109375,0.012681767344474792,8
gabble,nonsense,2.0458984375,-0.06873565167188644,8
gallows,whip,1.6328125,-0.44763296842575073,8
gaped,stared,0.5647735595703125,-0.7069031000137329,8
gasped,laughed,-2.975250244140625,0.2148393839597702,8
gasped,sprayed,0.45462799072265625,-0.132201686501503,8
gasped,stared,2.841217041015625,-0.9600414037704468,8
gasped,wheezed,1.5878143310546875,-0.9472187757492065,8
gentlest,meekest,3.2805328369140625,0.811814546585083,8
glass,pour,8.568359375,2.764664888381958,8
glee,happiness,0.875244140625,0.4578571319580078,8
glee,joy,-1.220703125,0.7565947771072388,8
grandmere,mother,-5.154296875,-1.1067503690719604,8
grapes,ham,0.1884765625,1.2910702228546143,8
grassland,redwood,1.345703125,0.227151557803154,8
grassland,woodland,-2.1689453125,-0.1745481789112091,8
greasiness,thickness,-2.615234375,-0.29818612337112427,8
great,kind,1.732421875,3.3398313522338867,8
great,little,2.453125,0.9528142213821411,8
great,mighty,1.849609375,0.7552204132080078,8
great,mystical,-5.2412109375,1.847588062286377,8
great,novel,-0.09375,0.8604116439819336,8
great,shining,0.38671875,1.592618465423584,8
great,ultimate,1.63818359375,2.6610517501831055,8
greener,greener,0.0,-0.13744643330574036,8
gripped,powerless,1.3939208984375,1.3365743160247803,8
groups,individuals,-3.2563304901123047,-0.376662939786911,8
grow,grow,0.0,-0.13744643330574036,8
grow,implant,3.0078125,3.570632219314575,8
grow,spread,-0.4296875,3.327501058578491,8
growing,growing,0.0,-0.13744643330574036,8
growing,young,-0.171875,-1.8735069036483765,8
growth,jobs,0.2822265625,1.7904622554779053,8
guilt,sin,3.8798828125,-1.155745267868042,8
gullets,lies,-2.767578125,-0.6164490580558777,8
gumbo,jambalaya,-1.32421875,0.21014849841594696,8
ham,mushroom,0.82489013671875,-0.01447315514087677,8
happiness,health,1.52734375,-0.6226791739463806,8
happiness,joy,-0.0498046875,0.20104046165943146,8
happiness,sadness,-4.019287109375,0.1965094357728958,8
hardy,vigorous,2.678955078125,0.02078816294670105,8
hardy,young,-4.1533203125,-2.683523178100586,8
harshness,unkindness,-0.81097412109375,0.9522548913955688,8
hasidic,mystical,0.271484375,-1.229235053062439,8
head,shoulders,11.560546875,-0.87563157081604,8
headstrong,rash,-0.368896484375,-0.17003829777240753,8
headstrong,wilful,3.0491943359375,-0.2723296284675598,8
health,illness,-0.310546875,0.9488493204116821,8
heard,knew,-1.146484375,0.046265050768852234,8
heard,laughed,-1.27734375,-0.3214558959007263,8
heard,recognised,-0.399566650390625,0.9448486566543579,8
heard,smiled,0.998046875,0.09084825217723846,8
heavy,layered,1.599609375,0.06181403994560242,8
heavy,pugnacious,-1.6171875,0.28257179260253906,8
heavy,sharp,-1.357421875,-0.9741164445877075,8
heavy,unsteady,3.535400390625,1.6962711811065674,8
helpful,kind,0.779327392578125,0.7475720047950745,8
heterogeneous,homogeneous,-7.292749404907227,-0.11415563523769379,8
holly,ivy,-0.4208984375,1.4429986476898193,8
homogeneous,isotropic,6.0068359375,0.5493939518928528,8
hoped,hoped,0.0,-0.13744643330574036,8
humble,serene,1.0771484375,0.03039732575416565,8
humble,sorrowful,1.3583984375,0.2329465001821518,8
hundreds,hundreds,0.0,-0.13744643330574036,8
hungry,needy,-0.095703125,1.9443209171295166,8
hungry,young,-1.212890625,-2.1870524883270264,8
illness,surgery,-0.234375,-0.08203063905239105,8
illogical,rambling,-1.1900634765625,-0.5850270986557007,8
imagininary,self,-4.275390625,-2.1141879558563232,8
indigenous,territorial,-0.6013298034667969,-0.0762103796005249,8
individuals,institutions,2.5570497512817383,-0.27782726287841797,8
inexperience,shortcomings,-1.3179931640625,-0.630720853805542,8
inexperienced,young,-0.67218017578125,-2.8520286083221436,8
influence,power,-2.63671875,0.03701461851596832,8
ink,oil,-4.203125,0.1420813351869583,8
inquiries,reminiscences,-0.09161949157714844,-0.3580901026725769,8
institutions,power,-2.8061904907226562,1.0680601596832275,8
institutions,pupils,-1.727691650390625,-0.14376887679100037,8
iodine,tyrosine,-3.3984375,-0.6480590105056763,8
isolated,rural,0.029052734375,-1.4427801370620728,8
ivy,moss,-1.7919921875,-1.208421230316162,8
jealous,selfish,1.4161376953125,0.23564402759075165,8
jobs,roads,0.95703125,-0.639402449131012,8
joy,power,0.5419921875,0.9448554515838623,8
joy,rest,3.2373046875,0.5002904534339905,8
joy,sadness,-2.814453125,-1.2061935663223267,8
joy,song,5.427734375,0.8050345182418823,8
joy,surprise,-1.81640625,-1.062666893005371,8
jumped,jumped,0.0,-0.13744643330574036,8
justice,reward,1.673828125,-0.20667685568332672,8
kind,patient,4.423828125,-3.653028726577759,8
kind,polite,-2.24609375,-1.8843318223953247,8
kind,righteous,-4.47998046875,-2.5146634578704834,8
kind,smart,-2.7734375,-3.451111078262329,8
kit,ropes,-3.1943359375,-0.6718005537986755,8
knew,respected,2.85888671875,0.07403473556041718,8
knew,suspected,3.574310302734375,0.23062877357006073,8
later,later,0.0,-0.13744643330574036,8
laughed,laughed,0.0,-0.13744643330574036,8
laughed,lay,2.185546875,-0.35145872831344604,8
laughed,scrapped,2.255615234375,-0.35567569732666016,8
laughed,stopped,-3.8974609375,-1.8991800546646118,8
laughing,laughing,0.0,-0.13744643330574036,8
laughing,lengthened,-7.1473388671875,1.2026283740997314,8
laughing,nonsense,-2.693359375,0.307763934135437,8
laughing,pointing,4.083984375,0.9415953159332275,8
laughing,snorting,1.605865478515625,1.128049373626709,8
laughing,tickled,-9.1512451171875,1.0088603496551514,8
laughing,yelling,-1.1048698425292969,0.9850893020629883,8
laws,rules,4.60546875,0.18811531364917755,8
laws,theories,1.5087890625,0.8208746910095215,8
leave,need,-11.314453125,0.34157800674438477,8
left,left,0.0,-0.13744643330574036,8
legendary,mythical,1.959381103515625,0.6678709983825684,8
lemon,oil,-2.443359375,-0.9346908330917358,8
lesser,lesser,0.0,-0.13744643330574036,8
little,naughty,2.794921875,1.2425103187561035,8
little,twiggy,2.720703125,0.9896776676177979,8
little,young,-4.5244140625,-0.5649386644363403,8
littler,littler,0.0,-0.13744643330574036,8
lizards,spiders,-1.57183837890625,0.1694190353155136,8
lnfluence,power,4.4453125,0.812691330909729,8
losses,reward,-0.005859375,-0.5588856935501099,8
lots,lots,0.0,-0.13744643330574036,8
lunatic,silly,5.5908203125,-0.8212315440177917,8
massages,yoga,-1.19921875,-0.6177899837493896,8
mechanics,use,1.05859375,1.9286587238311768,8
mighty,unmistakable,-9.050872802734375,2.4052255153656006,8
mime,nonverbals,2.2978515625,0.6214680671691895,8
mime,pointing,0.501953125,0.9121907949447632,8
minutes,minutes,0.0,-0.13744643330574036,8
miserly,squalid,0.041748046875,-0.059688836336135864,8
moss,tussocks,-1.333984375,0.5927225351333618,8
mother,mother,0.0,-0.13744643330574036,8
mother,sons,3.703125,-1.2429510354995728,8
motorways,roads,-1.2099609375,-1.0998560190200806,8
mystical,prophetic,4.470703125,-0.14534498751163483,8
naive,young,-3.530029296875,-2.547882556915283,8
naughty,wilful,2.828857421875,0.7639663815498352,8
nearer,nearer,0.0,-0.13744643330574036,8
nearer,possible,2.810546875,2.5838098526000977,8
neat,petite,1.4482421875,1.7176408767700195,8
neat,smart,-0.6171875,-0.3498515486717224,8
neat,tidy,2.05517578125,0.8958489894866943,8
notebook,pencil,0.6865234375,-0.678725004196167,8
novel,pleasing,1.8388671875,2.671684741973877,8
novel,striking,-1.3603515625,1.2923245429992676,8
nuggets,nuggets,0.0,-0.13744643330574036,8
oil,pitch,1.736328125,-0.028406202793121338,8
ones,zeroes,0.4296875,-1.4445745944976807,8
ones,zeros,-1.3046875,-1.587352991104126,8
orgies,perversions,-1.2705078125,0.14021162688732147,8
passing,passing,0.0,-0.13744643330574036,8
patching,patching,0.0,-0.13744643330574036,8
pencil,slate,-1.56640625,1.507225751876831,8
perceptive,rational,1.08984375,-1.6869592666625977,8
peril,toil,2.9193115234375,-0.6237108111381531,8
perplexed,worried,-1.152491569519043,-0.7614917755126953,8
personable,young,-3.34765625,-2.551792860031128,8
pie,potatoes,0.13671875,-0.6817529201507568,8
plants,protista,-0.61328125,2.0778229236602783,8
plants,protists,0.97265625,2.1581408977508545,8
plants,relatives,5.83441162109375,2.1358070373535156,8
poems,sayings,3.498046875,2.109166383743286,8
poems,tales,-1.379150390625,-0.22460594773292542,8
potatoes,stew,1.46484375,2.6542584896087646,8
pour,stir,-1.3125,-1.1523387432098389,8
power,power,0.0,-0.13744643330574036,8
preteens,teenagers,-4.203033447265625,-1.2594523429870605,8
programs,protocols,-1.132537841796875,-0.489254891872406,8
protesting,rioting,-1.999542236328125,0.013425856828689575,8
puking,shock,-0.83203125,0.11725257337093353,8
purtier,purtier,0.0,-0.13744643330574036,8
quake,shake,-0.8984375,-0.19034384191036224,8
quicksand,swamp,-0.833984375,0.09259550273418427,8
rasping,scraping,1.099365234375,-0.18083231151103973,8
rational,smart,-2.623046875,-1.820816993713379,8
realistic,striking,-1.15771484375,1.2371470928192139,8
rebelling,rioting,-0.0321044921875,-0.28148502111434937,8
recover,rest,-2.0858154296875,-0.2552393674850464,8
refreshing,rest,0.551025390625,-0.9591224789619446,8
refreshing,unmistakable,1.66845703125,-1.107361912727356,8
rehab,rest,-1.8262939453125,-0.5143861770629883,8
rehydrate,rest,-1.179840087890625,0.08278445899486542,8
rein,whip,-3.16015625,-1.3057866096496582,8
replenish,rest,-2.954345703125,-1.2028710842132568,8
restarted,stopped,-2.164093017578125,-1.9272005558013916,8
rhyme,rune,6.0107421875,1.3583753108978271,8
rigging,sails,-4.7958984375,-1.4273415803909302,8
rigging,spars,0.052734375,0.7164437174797058,8
rolling,wheeled,2.587890625,-0.0942211002111435,8
rolling,yelling,0.5694580078125,-0.18771089613437653,8
ropes,sails,0.35205078125,0.03237709403038025,8
ropes,spars,-0.42822265625,1.8060126304626465,8
rows,rows,0.0,-0.13744643330574036,8
rub,rub,0.0,-0.13744643330574036,8
rustling,snuffling,1.150390625,0.774086058139801,8
sadness,stillness,-0.9013671875,0.5475033521652222,8
sandstorms,whirlwinds,1.26953125,0.1086333841085434,8
saved,saved,0.0,-0.13744643330574036,8
scold,scold,0.0,-0.13744643330574036,8
scratched,scratched,0.0,-0.13744643330574036,8
screw,struggle,-1.873046875,-0.8300249576568604,8
seedy,stressful,0.87255859375,0.5472604036331177,8
seesaw,swing,-5.294921875,-1.6350688934326172,8
selfish,wilful,-2.6435546875,0.2882425785064697,8
sharp,spirited,2.08154296875,1.8478457927703857,8
shipping,transport,2.0302734375,0.5921792387962341,8
sin,wickedness,2.17578125,1.294495940208435,8
smart,young,-4.201171875,-1.5792624950408936,8
smiled,smiled,0.0,-0.13744643330574036,8
smiled,stared,1.1832275390625,-0.9431443214416504,8
sorrowful,stolen,-3.916259765625,1.865990161895752,8
spies,traitors,1.056732177734375,-0.02588634192943573,8
sporadic,weird,0.85546875,-0.040867432951927185,8
spread,spread,0.0,-0.13744643330574036,8
stalwart,vigorous,-0.700439453125,-0.27574142813682556,8
stared,stared,0.0,-0.13744643330574036,8
stared,stopped,-7.495361328125,-0.609958291053772,8
stopped,wheeled,2.0343589782714844,1.5567145347595215,8
stunning,young,-1.8837890625,-2.7604784965515137,8
sucking,sucking,0.0,-0.13744643330574036,8
superficial,superficial,0.0,-0.13744643330574036,8
swing,swing,0.0,-0.13744643330574036,8
third,third,0.0,-0.13744643330574036,8
thus,thus,0.0,-0.13744643330574036,8
tolerance,unity,1.095703125,0.3049635887145996,8
tourists,vagrants,-2.8343048095703125,1.5903427600860596,8
tourists,visitors,-1.46875,-0.6536335945129395,8
untrained,unwarlike,-2.346435546875,-0.15475672483444214,8
untrained,young,-1.806396484375,-3.0578548908233643,8
untried,young,-2.234375,-2.9784324169158936,8
use,washing,-0.451171875,-1.9654724597930908,8
use,yardage,-3.828125,-2.9614479541778564,8
vigorous,young,-6.275634765625,-2.547361373901367,8
viral,young,-3.15234375,-3.0233027935028076,8
watches,websites,0.0191650390625,-1.3593727350234985,8
waving,yelling,-1.6552734375,-0.7077019810676575,8
wondered,wondered,0.0,-0.13744643330574036,8
wuss,wuss,0.0,-0.13744643330574036,8
aboriginal,natural,-0.3079376220703125,-0.5531874895095825,9
absolute,real,-2.060546875,-2.6303489208221436,9
absolute,rich,4.744140625,-2.460442543029785,9
acquired,natural,-1.4736328125,-1.2415767908096313,9
actual,real,-2.40625,-2.7062056064605713,9
admirable,exciting,1.1142578125,-0.6360100507736206,9
admirable,fine,-3.044921875,-1.2145766019821167,9
admiration,respect,-0.316680908203125,-0.38268953561782837,9
admiration,wonder,-1.2623748779296875,-0.6814179420471191,9
adventurers,explorers,0.43798828125,0.15423491597175598,9
affirmative,negative,1.623504638671875,-0.06285159289836884,9
affrighted,fled,4.66021728515625,-2.247204065322876,9
affrighted,trembling,-3.1624832153320312,-2.229637861251831,9
ages,ages,0.0,-0.03218861669301987,9
aggression,appeasement,-1.42822265625,0.10871513187885284,9
aggression,kindness,-1.23828125,0.0986739918589592,9
aging,frail,-0.076171875,-1.2142049074172974,9
ambulances,generators,-3.926513671875,0.2253376692533493,9
amusing,exciting,2.2958984375,-0.8210021257400513,9
ancient,due,0.3125,2.632697582244873,9
ancient,rich,-4.330078125,-0.8227951526641846,9
antibacterial,antiviral,-1.21875,0.08352674543857574,9
arabesques,sprigs,-2.482421875,1.359570860862732,9
armenian,jewish,-1.0858154296875,-0.7068206071853638,9
arms,breasts,-0.110595703125,1.3086813688278198,9
arthritis,psoriasis,2.565765380859375,-0.4302714467048645,9
artifacts,attributes,2.89703369140625,-0.5762684345245361,9
asian,asian,0.0,-0.03218861669301987,9
asian,portuguese,1.1971282958984375,0.8373843431472778,9
asian,shit,5.3515625,1.2961996793746948,9
aunt,grandmamma,-0.54705810546875,1.2366660833358765,9
axe,knife,-2.857421875,-1.0355110168457031,9
babbling,noises,-5.90576171875,-0.4822441637516022,9
bacteria,parasites,4.36553955078125,0.639005720615387,9
baked,crumbling,-1.27734375,0.4688798189163208,9
balloons,kites,1.470458984375,-0.19604386389255524,9
bananas,plantains,1.1986083984375,-1.152809977531433,9
banding,convection,-0.80078125,0.5784284472465515,9
bats,slings,-2.620849609375,0.12674640119075775,9
bayou,forest,1.02734375,-1.1139013767242432,9
beams,boards,-3.361328125,0.006427510641515255,9
beef,gravy,4.7646484375,1.027752161026001,9
befurbelowed,beruffled,-2.27734375,-0.5250873565673828,9
behaviour,effort,0.937591552734375,-0.7042226195335388,9
behold,despair,5.691650390625,-0.9660252332687378,9
beneficial,safe,-1.9619140625,-1.6887973546981812,9
berries,drupes,0.01611328125,1.4724756479263306,9
berries,fruits,2.0167236328125,-0.2922099530696869,9
berries,leaves,1.7203369140625,-0.1628369837999344,9
berries,orange,0.03045654296875,-0.3396948277950287,9
berries,seeds,0.9591064453125,-0.07701609283685684,9
beryls,turquoises,1.9775390625,0.02936992049217224,9
bitten,transformed,5.50146484375,1.7895652055740356,9
bizarre,genuine,-4.127410888671875,-1.1054946184158325,9
blight,sickness,0.7939453125,-0.8658224940299988,9
blotches,pimples,1.1474609375,0.663648247718811,9
blundering,sinning,-0.4588623046875,-0.40435168147087097,9
blushes,smiles,-5.5234375,-1.3723220825195312,9
botany,zoology,-0.4323883056640625,-0.8127489686012268,9
boughs,leaves,-0.720703125,-0.5910001993179321,9
bounty,luck,2.1416015625,0.6978442668914795,9
brooks,hills,0.017822265625,-0.43104398250579834,9
broom,ponytail,-0.10595703125,-0.01153560820966959,9
brotherly,sisterly,3.994140625,-0.2013644129037857,9
bubble,froth,-1.51708984375,-0.24234415590763092,9
bubble,melt,1.699462890625,0.32487753033638,9
burglars,tramps,1.0738525390625,0.1605633646249771,9
by,by,0.0,-0.03218861669301987,9
cables,switches,-1.0654296875,0.6413357853889465,9
cajole,push,-0.580078125,-0.4561353921890259,9
calming,cooling,1.435546875,-0.8776615262031555,9
capelin,launce,4.56640625,0.11806783825159073,9
carefully,cautiously,1.52978515625,0.7246799468994141,9
carelessly,innocently,2.7005786895751953,-0.46452459692955017,9
censure,reproach,2.419677734375,0.8368668556213379,9
cha,mot,0.46875,-0.1454913169145584,9
chair,cover,0.234375,0.7951520681381226,9
chair,cowboy,0.37353515625,1.5192556381225586,9
chair,door,-2.560546875,-0.06865314394235611,9
chairs,settees,1.166015625,1.552113652229309,9
charcoal,wire,0.01531982421875,-0.7878251671791077,9
charity,kindness,1.09765625,0.33542370796203613,9
cheaply,easily,1.2109375,0.9093824028968811,9
chewing,swallowing,-0.5419921875,0.39864563941955566,9
chill,gloom,-1.3441162109375,0.12675349414348602,9
chill,penetrating,-0.8037185668945312,-0.008609571494162083,9
chilling,hard,-1.80712890625,-0.15504156053066254,9
chips,sausage,-3.15234375,0.27379119396209717,9
choke,cough,-1.064697265625,-0.748719334602356,9
cigarettes,coffee,1.2481403350830078,-1.396058201789856,9
circled,circled,0.0,-0.03218861669301987,9
cj,vf,4.396728515625,2.7898871898651123,9
cleanse,purify,-1.34033203125,0.1346191167831421,9
clouds,convection,1.3859405517578125,1.10430109500885,9
clouds,mist,0.7041015625,-0.42117592692375183,9
clouds,surf,7.625732421875,0.62279212474823,9
coatings,semiconductors,0.87548828125,0.6752402782440186,9
coffee,conversation,3.8330078125,1.4659651517868042,9
coffee,cookies,0.8056640625,2.0440404415130615,9
coffee,more,5.744140625,3.6258866786956787,9
coffee,shit,4.65234375,3.1324455738067627,9
coke,shit,3.04296875,1.660546898841858,9
collected,cool,-2.52447509765625,-2.091485023498535,9
collected,correlated,0.07344818115234375,-0.5597931146621704,9
color,shape,-0.7421875,0.7249011993408203,9
color,warmth,-2.023193359375,0.4426642656326294,9
combustion,corrosion,0.607666015625,-0.7331953048706055,9
combustion,respiration,0.5406532287597656,0.40752583742141724,9
complications,mortality,-0.47662353515625,-1.0508360862731934,9
computered,transcribed,2.763671875,0.5357533693313599,9
concerts,nightclubs,-1.9532470703125,-0.41696488857269287,9
condensed,distilled,-0.26348876953125,-0.2031797617673874,9
confessed,killed,1.8016357421875,-1.598044991493225,9
confiding,tender,-1.830078125,-2.053788185119629,9
conspiracies,plots,-0.6326828002929688,-0.05529094487428665,9
constantly,hard,-2.43505859375,-1.7504971027374268,9
contented,happy,0.57208251953125,-2.0382421016693115,9
contented,thankful,0.40234375,-0.10056055337190628,9
contrary,ungrateful,0.9695320129394531,-0.49102747440338135,9
controlled,natural,-0.46533203125,-1.739895224571228,9
cool,cool,0.0,-0.03218861669301987,9
cool,hard,0.1904296875,-0.18440783023834229,9
cool,harden,1.2294921875,0.3047146797180176,9
cool,lovely,-2.587890625,-0.2724143862724304,9
cool,shadowy,3.0400390625,0.8845420479774475,9
cool,short,0.126953125,-0.9324952363967896,9
cool,warm,0.064453125,-0.5751082897186279,9
cool,wetting,-1.5078125,1.3673791885375977,9
cordial,warm,-1.18212890625,-2.454362630844116,9
corrosion,electrochemistry,-0.0592041015625,0.2328709214925766,9
corrupted,rich,-4.3095703125,-2.834144353866577,9
cough,cough,0.0,-0.03218861669301987,9
cowed,trembling,2.535829544067383,-0.13510626554489136,9
crabs,periwinkles,0.0057373046875,0.7989811897277832,9
created,destroyed,0.14453125,0.9094986319541931,9
created,directed,0.109375,0.20876102149486542,9
cries,cries,0.0,-0.03218861669301987,9
cries,falls,1.73828125,-0.3332594037055969,9
cries,jeers,1.349609375,-1.0779058933258057,9
cries,noises,-3.5703125,-0.18106572329998016,9
crumbling,dirty,2.189453125,-1.0497325658798218,9
crumbs,water,-0.2568359375,-0.7974638938903809,9
dams,railroads,-0.617462158203125,0.38697904348373413,9
dbottle,teapot,-1.5966682434082031,-1.1953147649765015,9
decorating,unpacking,-2.098876953125,0.05082719773054123,9
dedicated,hard,-0.4697265625,-2.3774192333221436,9
dedicated,talented,-1.778564453125,-0.7375742793083191,9
deepest,finest,-0.28887939453125,0.839777946472168,9
defiled,killed,-1.4169921875,-1.4806602001190186,9
deliberation,skill,-0.294921875,0.20975179970264435,9
demeanor,speech,-3.166015625,-1.8876773118972778,9
deposed,fled,2.654296875,-1.6324723958969116,9
designs,prototypes,0.1337890625,-0.7039130330085754,9
desk,door,0.1005859375,1.0248489379882812,9
desolate,pitiful,-2.315185546875,0.33841830492019653,9
despair,gloom,0.1229248046875,0.7331700921058655,9
despair,weariness,0.98345947265625,0.45063382387161255,9
destroyed,plundered,-0.225799560546875,-0.04252610355615616,9
die,go,-2.478515625,-1.1371402740478516,9
die,live,-0.091796875,-0.7284435629844666,9
die,overheat,-2.71875,1.1567866802215576,9
die,pine,0.8984375,0.15407206118106842,9
die,sicken,1.169921875,0.5556362867355347,9
dimms,processors,0.880859375,0.5714607238769531,9
dipping,lifting,-1.609130859375,-0.5764930844306946,9
directed,founded,-3.27734375,-0.4516078233718872,9
dirtiest,hardest,-2.938720703125,-0.06516066938638687,9
dirty,dirty,0.0,-0.03218861669301987,9
dirty,dumpy,0.39453125,0.10741494596004486,9
dirty,filthy,-0.023529052734375,0.38221585750579834,9
dirty,hard,-0.11328125,-0.12842334806919098,9
dirty,mane,-1.0546875,0.6264970898628235,9
disappear,evaporate,0.6201171875,0.7680264711380005,9
displeased,grieved,0.2765617370605469,-0.8193660378456116,9
displeased,mortified,-0.83209228515625,0.732861340045929,9
donkey,shrek,0.23779296875,1.762865662574768,9
door,wall,0.28125,-0.09817322343587875,9
due,proper,0.33203125,-0.3557940125465393,9
dumpy,listless,-0.98828125,-1.0197867155075073,9
dumpy,short,-0.734375,-2.2747128009796143,9
dwarves,elves,-0.3759765625,0.5928479433059692,9
dwarves,midgets,-1.31591796875,-0.07492216676473618,9
dying,wounded,0.359375,-0.7944228649139404,9
easily,naturally,0.578125,-1.4225572347640991,9
eels,soles,-5.513671875,-0.7534945011138916,9
elastic,sticky,-3.6566162109375,0.7528104186058044,9
elated,happy,0.7255859375,-1.438690423965454,9
elves,gnomes,2.7275390625,0.48272505402565,9
embalming,mummification,2.017578125,-2.5271871089935303,9
engaging,speaking,-1.22265625,-0.49076008796691895,9
enterprising,hard,1.576416015625,-2.2591941356658936,9
erases,sponge,-2.01953125,-1.5389052629470825,9
escape,flight,3.623046875,-1.0112632513046265,9
escape,return,2.39453125,-0.21175776422023773,9
escape,safety,0.16796875,-2.246931314468384,9
evidence,procedure,1.06396484375,-0.8728476762771606,9
exchanged,recycled,-2.9595794677734375,-0.7130905985832214,9
exciting,hard,1.06640625,-1.2658089399337769,9
exciting,severe,-2.203125,-0.0001530880108475685,9
exile,poverty,-1.5531444549560547,-1.0859220027923584,9
existing,projected,2.721923828125,0.2559199035167694,9
explore,go,-4.341796875,-2.036890983581543,9
explorers,sailors,-1.29058837890625,-0.3319215476512909,9
faint,indistinct,4.41961669921875,2.1222944259643555,9
faint,lovely,-1.955078125,0.36881351470947266,9
faithless,perverse,1.470703125,0.45121949911117554,9
falls,trips,-1.5244140625,0.0779023990035057,9
favour,kindness,0.03076171875,-1.3314625024795532,9
feasts,sake,-1.09423828125,-0.006112971343100071,9
fences,sheds,-0.5087890625,0.21244041621685028,9
fertilizer,seeds,-5.392578125,-1.5193400382995605,9
few,scattering,-1.8876953125,-0.23216761648654938,9
few,short,-1.4375,-3.0380399227142334,9
fia,mot,-0.328125,-0.6805706024169922,9
fidelity,luck,-0.749267578125,0.11021053045988083,9
field,flood,0.169921875,0.8878424167633057,9
field,forest,1.841796875,-0.09825035184621811,9
figures,lights,-1.318359375,-0.8418585062026978,9
filthy,yonkers,-0.9755859375,-0.6960834264755249,9
finally,then,0.375,0.04667782038450241,9
fine,flyaway,4.478515625,0.6398894786834717,9
fine,lovely,2.822265625,-0.713515043258667,9
fine,loyal,2.0546875,0.472108393907547,9
fine,pretty,-0.791015625,-0.6986303925514221,9
fine,warm,-0.171875,-0.7752104997634888,9
finest,hardest,1.1829833984375,-0.4146037697792053,9
firm,hard,-0.251953125,-1.3595854043960571,9
firm,unyielding,-0.6424560546875,0.7946141362190247,9
fled,gone,1.048828125,-0.6626231074333191,9
flint,rubble,2.1429061889648438,0.29737675189971924,9
flint,stone,2.11328125,-1.0929871797561646,9
flow,flow,0.0,-0.03218861669301987,9
following,safety,-4.810546875,-3.3085029125213623,9
fondness,respect,-0.0751953125,0.3992260694503784,9
forbearance,patience,0.64599609375,0.07620353251695633,9
forest,plain,-0.05859375,-0.7525936365127563,9
forest,stream,2.3515625,1.3814142942428589,9
fornication,matchmaking,-3.9765625,1.0938999652862549,9
forward,return,-0.20703125,0.5016891956329346,9
frail,pretty,0.58984375,-1.9789042472839355,9
freckles,shit,2.9541015625,1.5243171453475952,9
fruits,leaves,1.9161376953125,-0.7915500402450562,9
fruits,seeds,0.190155029296875,-0.3204314410686493,9
frustration,research,-6.669921875,-0.3520064353942871,9
funnier,funnier,0.0,-0.03218861669301987,9
fussily,noisily,0.1234130859375,0.0003365902230143547,9
gasping,singed,0.60107421875,0.03706502169370651,9
gasping,trembling,2.242321014404297,-0.49381035566329956,9
gazed,gazed,0.0,-0.03218861669301987,9
gazed,sympathized,0.42085838317871094,0.8069150447845459,9
gentle,loyal,1.18359375,0.29939568042755127,9
gentle,pretty,1.2646484375,-0.5182651281356812,9
gentle,refined,2.48828125,2.298189401626587,9
gentle,safe,-5.2018585205078125,-0.49741458892822266,9
gentle,tender,1.162109375,0.8891258835792542,9
gentle,valiant,1.916015625,1.0721020698547363,9
gentle,warm,-2.82965087890625,-0.9514050483703613,9
gerken,leigh,2.00390625,1.296404480934143,9
gloom,unhappiness,-4.589935302734375,0.8759803771972656,9
gnomes,pixies,0.6939697265625,-0.7623727321624756,9
go,go,0.0,-0.03218861669301987,9
go,grumble,1.905059814453125,0.6136451363563538,9
go,inquire,5.11260986328125,2.296069383621216,9
go,live,8.166015625,0.05068887025117874,9
go,push,-0.10546875,1.6341948509216309,9
go,return,3.8568115234375,1.7387008666992188,9
go,sleep,4.21484375,0.733987033367157,9
go,switch,1.251953125,0.6499308347702026,9
goatees,tattoos,-4.546875,0.5743993520736694,9
golden,pink,-2.03125,-2.4182331562042236,9
golden,rosy,-1.48681640625,-1.2673474550247192,9
golden,warm,-4.26953125,-2.9074745178222656,9
gone,vanished,-0.809326171875,0.6858445405960083,9
grasslands,woodlands,-2.52392578125,0.4402303099632263,9
gravy,starch,-2.3681640625,0.39026302099227905,9
guitarist,keyboardist,-7.7014007568359375,1.3181594610214233,9
half,half,0.0,-0.03218861669301987,9
half,inch,-3.27734375,-0.49157899618148804,9
hall,saw,12.421875,1.9118397235870361,9
hammer,saw,1.357421875,2.873955488204956,9
hammer,screwdriver,0.6693038940429688,1.5111390352249146,9
happy,harmonious,-0.4140625,0.4561257064342499,9
happy,hurt,4.595703125,-0.20862700045108795,9
happy,natural,1.02734375,0.6807963252067566,9
happy,pretty,-2.294921875,-0.42388564348220825,9
happy,proper,3.11328125,1.1569669246673584,9
happy,rich,-1.982421875,-0.7607815265655518,9
happy,rosy,-2.33984375,0.5090273022651672,9
happy,safe,-0.505859375,-0.5199252367019653,9
happy,thankful,0.377197265625,1.0205061435699463,9
happy,there,0.16015625,0.48089978098869324,9
happy,warm,-0.3642578125,-0.8696531653404236,9
hard,harsh,3.1611328125,0.22046731412410736,9
hard,heartless,0.92578125,-0.2361115664243698,9
hard,painful,3.1982421875,0.8360077738761902,9
hard,severe,0.900390625,0.2511178255081177,9
hard,square,0.96484375,-0.3634193539619446,9
hard,tiresome,0.75,-0.01815706118941307,9
hard,trying,2.421875,0.3812730312347412,9
hard,unyielding,1.89892578125,1.653890609741211,9
harsh,unfair,0.1182861328125,0.6929444074630737,9
harsh,unpleasing,4.03076171875,1.0696276426315308,9
hawks,kites,3.232421875,-0.26879745721817017,9
hawks,owls,1.8050384521484375,0.9779074788093567,9
haze,mist,-2.763671875,0.422890841960907,9
hearing,speech,-0.701171875,-2.035102128982544,9
heartless,unsentimental,4.2607421875,0.9661682844161987,9
hills,lakes,1.734375,0.6825636625289917,9
hills,streams,1.3470458984375,0.9183799624443054,9
home,live,0.0546875,1.5337547063827515,9
home,safety,-1.732421875,0.39967745542526245,9
home,ship,1.517578125,1.4064854383468628,9
home,there,3.265625,1.485926628112793,9
homeless,wandering,4.071533203125,1.4244202375411987,9
hoots,jeers,1.8173828125,-1.0181978940963745,9
hoping,trying,-2.35546875,-1.1191233396530151,9
hoping,waiting,-4.048828125,-1.3970715999603271,9
hunted,hunted,0.0,-0.03218861669301987,9
hunted,rose,-2.970012664794922,-1.351690649986267,9
hurt,killed,0.765625,-0.14931996166706085,9
hurt,unhappiness,-2.184814453125,1.182173252105713,9
hurt,wounded,0.5478515625,-0.9323407411575317,9
hydrogen,rubidium,2.44677734375,0.049495063722133636,9
ignorance,poverty,0.3880796432495117,-0.9786489009857178,9
ignorance,sloth,0.630767822265625,0.040114626288414,9
inconsiderate,irresponsible,-2.07763671875,-0.6798657178878784,9
innocently,naturally,-4.1396484375,-1.1935735940933228,9
institutional,structural,-1.1259765625,0.8572839498519897,9
insubordination,treason,-0.24169921875,-0.03522402420639992,9
insurrection,treason,-0.85858154296875,-0.18263140320777893,9
intrapreneurial,startup,2.201171875,-0.5689319372177124,9
irresponsible,sadic,2.69580078125,-1.101230502128601,9
jewish,muslim,0.65234375,1.1553752422332764,9
jewish,polish,-0.05859375,1.075566053390503,9
judy,punch,3.0738525390625,0.2023550122976303,9
jumping,tossing,0.7938232421875,1.4522440433502197,9
killed,mutilated,0.0233154296875,0.7521017789840698,9
killed,trapped,-1.9229736328125,0.6686382293701172,9
killed,vanished,1.98388671875,-0.12117936462163925,9
killed,wounded,1.931640625,-1.1054686307907104,9
kilograms,pounds,-0.316650390625,0.2833027243614197,9
kindness,respect,0.47265625,-0.04792258143424988,9
kindness,teaching,1.572265625,-0.24439676105976105,9
kindness,understanding,-2.7005615234375,-0.2951377332210541,9
kisses,smiles,-2.47125244140625,-1.2967582941055298,9
knights,soldiers,2.4427032470703125,-0.8135236501693726,9
lakes,streams,-0.2668914794921875,0.8104999661445618,9
layers,layers,0.0,-0.03218861669301987,9
leagues,leagues,0.0,-0.03218861669301987,9
leaping,taunting,-0.71923828125,-0.4565792381763458,9
leaping,vaulting,-2.03289794921875,-0.0868990495800972,9
leaves,primroses,2.10089111328125,0.574802041053772,9
lecturing,teaching,-2.49609375,-0.4327864944934845,9
lifting,shaking,2.6248817443847656,-0.27947065234184265,9
lights,noises,2.900390625,-0.20343853533267975,9
lights,ornaments,1.7606735229492188,1.0980695486068726,9
listless,uninterested,0.0340423583984375,2.1849477291107178,9
literal,plain,-2.333984375,-1.778521180152893,9
live,sleep,2.75,1.030482292175293,9
lotions,splints,-3.783203125,-0.8321695327758789,9
lovable,lovely,-0.39483642578125,-1.3928042650222778,9
lovable,warm,-0.1204833984375,-1.7939363718032837,9
lovely,real,-2.58984375,0.6905193328857422,9
lovely,talented,-0.46484375,1.2160779237747192,9
lovely,tender,0.9248046875,1.935653805732727,9
lovely,warm,3.80078125,0.0388326570391655,9
lovingly,submissively,6.0808563232421875,-1.3253980875015259,9
lovingly,warmly,-1.43310546875,-2.0095226764678955,9
luck,skill,-1.564453125,0.4866545796394348,9
magic,wonder,0.5908203125,-1.087476134300232,9
main,orignal,-2.064453125,-1.3937782049179077,9
major,minor,2.49609375,0.4460587501525879,9
marches,protests,-1.1318359375,0.18803554773330688,9
medication,therapy,2.58050537109375,0.8795567750930786,9
microscopes,telescopes,-3.68084716796875,0.5156787633895874,9
miles,miles,0.0,-0.03218861669301987,9
misfortune,poverty,-1.5019969940185547,-0.9474977850914001,9
modifying,updating,0.851043701171875,-0.5432748198509216,9
mold,pat,-2.638671875,1.9993891716003418,9
monkeys,shit,4.923828125,0.9812867641448975,9
more,more,0.0,-0.03218861669301987,9
mortar,stone,-0.67333984375,-0.8832001686096191,9
mot,smiles,11.626953125,-0.765480101108551,9
motionless,prone,3.1225204467773438,1.3960068225860596,9
murder,treason,0.623046875,1.1131540536880493,9
name,shape,-2.48828125,-0.22747905552387238,9
narrower,shorter,-1.0263671875,0.8842657804489136,9
natural,proper,2.84375,0.5601154565811157,9
natural,safe,-2.89453125,-1.4775980710983276,9
natural,synthetic,-0.32861328125,0.008036809973418713,9
natural,unconcerned,3.3463134765625,1.0390429496765137,9
neater,neater,0.0,-0.03218861669301987,9
needles,silks,3.22784423828125,-1.062056064605713,9
needles,thimbles,-1.14727783203125,-0.8065758347511292,9
negative,positive,-4.1082763671875,-0.850854754447937,9
negative,substandard,5.8721923828125,-0.8876465559005737,9
night,sunlight,-3.2666015625,-0.8248928785324097,9
nouns,pronouns,-3.8127784729003906,0.39679205417633057,9
oblong,square,-2.650390625,-0.41891342401504517,9
olios,tarts,-1.58203125,-0.6223989129066467,9
orange,pineapple,-2.136016845703125,1.5621832609176636,9
orange,pink,1.140625,-0.6153880953788757,9
oranges,wine,2.220703125,-1.7348979711532593,9
ornaments,slides,-4.142208099365234,0.13424994051456451,9
override,unlock,4.07958984375,1.3954116106033325,9
painful,pitiful,1.4539794921875,0.231337770819664,9
painful,severe,0.66552734375,-0.5848106145858765,9
participation,victories,0.595458984375,-0.5801057815551758,9
pine,spruce,2.98248291015625,0.9262986183166504,9
plain,pretty,1.810546875,0.11175214499235153,9
plain,square,1.095703125,1.232812523841858,9
plain,unattractive,0.9033203125,2.3283579349517822,9
plenty,plenty,0.0,-0.03218861669301987,9
plenty,warmth,-1.77685546875,-2.0761351585388184,9
plotting,scheming,-1.5535888671875,-0.7697781324386597,9
policemen,reporters,5.323089599609375,0.4999861419200897,9
policemen,soldiers,-2.934478759765625,-1.9373923540115356,9
policies,procedures,1.309326171875,-0.18868395686149597,9
policies,programmes,2.08935546875,0.7590668201446533,9
pondered,pondered,0.0,-0.03218861669301987,9
pounds,pounds,0.0,-0.03218861669301987,9
pounds,throbs,-4.8515625,-0.7657313942909241,9
pretty,refined,2.544921875,2.067553997039795,9
pretty,safe,-0.919921875,-0.1599447876214981,9
prim,proper,-2.251953125,-0.028314955532550812,9
primed,waiting,1.91015625,-0.9918278455734253,9
procedure,structures,3.29248046875,0.8582573533058167,9
projects,texts,0.357666015625,0.11245573312044144,9
proper,safe,-1.5,-2.468540668487549,9
proposals,recommendations,0.54644775390625,-0.10700681805610657,9
protests,texts,1.58203125,-0.6884462833404541,9
prowess,skill,-3.80859375,-0.2666173279285431,9
pry,push,-4.36328125,-0.025636546313762665,9
pushback,taxi,-1.84375,0.5018112659454346,9
question,wonder,-1.91015625,-2.485281467437744,9
ragtags,scum,4.76953125,0.48705244064331055,9
railroads,utilities,-0.7420196533203125,-0.2519891560077667,9
real,symbolic,1.30712890625,1.592201828956604,9
real,valid,3.9501953125,1.246469259262085,9
rent,taxes,-1.849853515625,-0.2875733971595764,9
reproach,strife,-0.31353759765625,-0.2574794888496399,9
research,teaching,0.5419921875,0.6059608459472656,9
resinous,vitreous,-0.865234375,-0.320395827293396,9
respect,understanding,-2.42578125,-0.27135154604911804,9
results,scores,5.3885498046875,-0.572165846824646,9
return,sleep,-2.501953125,-0.45611676573753357,9
rich,rich,0.0,-0.03218861669301987,9
rich,warm,1.5703125,-0.5884459614753723,9
richer,richer,0.0,-0.03218861669301987,9
riflemen,soldiers,-0.07568359375,0.16374482214450836,9
rockholes,streams,-1.2518310546875,0.25460052490234375,9
roped,tied,3.353515625,0.8629982471466064,9
rose,rose,0.0,-0.03218861669301987,9
rose,waxed,2.5631103515625,0.45539382100105286,9
rosy,warm,0.494140625,-1.3289082050323486,9
rubble,spoil,2.69287109375,-0.0012192511931061745,9
sadder,sadder,0.0,-0.03218861669301987,9
safe,sheltered,1.02423095703125,1.7217340469360352,9
safe,warm,3.78125,-0.3139120638370514,9
safety,security,-0.205078125,0.35980913043022156,9
sailors,soldiers,-3.6123809814453125,-0.6230441331863403,9
savory,tender,0.8896484375,1.0103883743286133,9
saw,shrieked,-1.5581817626953125,-0.4494052827358246,9
scalded,smashed,0.4400634765625,-0.12013844400644302,9
scholars,soldiers,1.23779296875,-1.5017248392105103,9
scholars,sultans,-1.7401580810546875,-0.26107823848724365,9
seamen,soldiers,-2.82421875,-1.8148657083511353,9
seclusion,shyness,-2.3616485595703125,-1.1822237968444824,9
security,warmth,-0.861328125,0.14142616093158722,9
seeds,shit,3.3837890625,0.860641360282898,9
severe,unaccustomed,2.599987030029297,1.1600230932235718,9
shanties,sheds,1.20751953125,0.28919869661331177,9
short,snappish,2.515625,1.965208888053894,9
short,square,7.5,1.2938919067382812,9
short,stubby,2.125,1.0006691217422485,9
short,thickly,2.162109375,0.5750160217285156,9
shorter,shorter,0.0,-0.03218861669301987,9
silences,speech,2.822265625,0.008199132047593594,9
singly,then,8.240234375,0.8887778520584106,9
sinning,sinning,0.0,-0.03218861669301987,9
sister,twin,-2.45361328125,-0.13706742227077484,9
sleep,sleep,0.0,-0.03218861669301987,9
sleepier,sleepier,0.0,-0.03218861669301987,9
smiles,sobs,1.144775390625,0.4883364737033844,9
smiles,waves,2.5234375,0.40366271138191223,9
sniffed,sniffed,0.0,-0.03218861669301987,9
soap,water,2.009765625,0.13475729525089264,9
sole,undivided,5.1865997314453125,0.15799948573112488,9
sorry,thankful,-1.26873779296875,-0.14473599195480347,9
speech,swallowing,-0.15570068359375,2.2204372882843018,9
squeeze,squeeze,0.0,-0.03218861669301987,9
squirming,struggling,-0.249267578125,0.4909667670726776,9
sticky,warm,2.658935546875,-3.205305814743042,9
subjective,symbolic,-1.9022216796875,0.7472644448280334,9
sunlight,water,0.805419921875,-0.40249064564704895,9
swifter,swifter,0.0,-0.03218861669301987,9
then,then,0.0,-0.03218861669301987,9
then,there,-3.11328125,-1.370821475982666,9
there,there,0.0,-0.03218861669301987,9
tied,wrapped,-1.1211624145507812,-0.5231331586837769,9
tiresome,trite,5.178607940673828,0.649060070514679,9
tons,tons,0.0,-0.03218861669301987,9
trembling,twitching,0.9387960433959961,0.4083496332168579,9
trembling,waiting,1.9013185501098633,0.27941250801086426,9
trying,trying,0.0,-0.03218861669301987,9
twirled,twirled,0.0,-0.03218861669301987,9
vanished,vanishing,0.001953125,-0.4352341890335083,9
victual,water,-0.0595703125,-2.125282049179077,9
waiting,waiting,0.0,-0.03218861669301987,9
wall,water,0.41845703125,-0.34903383255004883,9
warm,welcoming,2.470703125,2.0410149097442627,9
water,water,0.0,-0.03218861669301987,9
water,wine,-5.3935546875,-0.5716944932937622,9
whiter,whiter,0.0,-0.03218861669301987,9
