word1,word2,preference,mlp_pred,fold
abetting,aiding,0.5780029296875,-0.07563123106956482,0
academic,parental,-2.1201171875,0.04249577224254608,0
acceptance,recognition,0.107421875,0.06046609580516815,0
acoustic,electric,-0.298828125,0.08921699225902557,0
adenine,guanine,-4.16015625,-0.6173535585403442,0
adjustment,haggling,-6.19384765625,-0.05946202576160431,0
adventures,pictures,5.02099609375,0.3800179064273834,0
affirmation,liberation,2.765625,0.06861808896064758,0
afloat,popular,-0.09918212890625,0.16337276995182037,0
agents,supplies,-2.541015625,0.09088493883609772,0
agreed,approved,4.978515625,0.1489882469177246,0
ahead,shiver,1.67529296875,-0.15101201832294464,0
airfields,factories,8.2314453125,0.14707371592521667,0
airfields,ports,-0.0830078125,0.053936973214149475,0
ands,ifs,2.65478515625,-0.25072771310806274,0
angrier,angrier,-5.416015625,-0.06337796151638031,0
annoyance,disappointment,-0.1796875,0.09294318407773972,0
annoyed,restless,-1.127197265625,-0.3291054964065552,0
anthropology,voice,-2.4676513671875,0.1064961701631546,0
apart,floor,3.7880859375,0.023359917104244232,0
apologize,stuff,0.966796875,-0.354544460773468,0
appalling,terrible,-0.04869842529296875,-0.002913862466812134,0
applauding,cheering,2.6356201171875,0.0967429056763649,0
aqueducts,sewers,-3.247314453125,0.09772944450378418,0
arm,arm,-1.677978515625,0.1152355968952179,0
aroused,irritated,0.805908203125,0.04053254425525665,0
arrogance,riches,1.59228515625,0.13390527665615082,0
arteries,veins,2.4599609375,0.046278052031993866,0
arums,mangroves,-1.448577880859375,0.17843209207057953,0
associate,supporting,-2.82568359375,-0.04435998201370239,0
attack,attack,3.263671875,0.2732880115509033,0
attack,defense,2.9171142578125,0.07498236745595932,0
attractions,television,-2.0482139587402344,0.16440755128860474,0
away,away,1.09326171875,0.18190117180347443,0
away,down,-0.8798828125,-0.11592890322208405,0
away,good,0.30576324462890625,0.20282642543315887,0
axes,scythes,-0.505859375,-0.11069352924823761,0
axes,shovels,-0.8500499725341797,0.18470411002635956,0
axes,spades,-2.6748046875,0.010880053043365479,0
bacon,bread,1.7421875,-0.11564584076404572,0
bacon,cornbread,-0.4656982421875,-0.05230318009853363,0
bald,stony,0.453643798828125,-0.18181242048740387,0
bald,toothless,-8.20703125,0.021434098482131958,0
bales,boxes,-0.10546875,-0.09171155095100403,0
banged,clattered,6.0234375,0.12276378273963928,0
barrows,shovels,-1.505859375,0.09117086231708527,0
bat,scull,3.49462890625,0.07973180711269379,0
beast,men,0.2109375,-0.08609724044799805,0
beige,green,5.5400390625,0.11003947257995605,0
beneficent,patriarchal,-1.54644775390625,0.09648078680038452,0
better,better,2.92138671875,0.08072833716869354,0
better,good,0.8801593780517578,-0.25263482332229614,0
better,popular,-0.8974609375,-0.0011512041091918945,0
better,worse,0.4739990234375,-0.2875540852546692,0
biblical,julian,1.2960205078125,0.10703659057617188,0
billboards,magazines,-0.755859375,0.07040224969387054,0
billions,billions,-3.556640625,-0.09301243722438812,0
blanket,coat,0.2635498046875,-0.03305120766162872,0
blanket,doll,-1.03594970703125,-0.06921175122261047,0
blanket,popbeads,-0.346954345703125,-0.1534241884946823,0
blindfold,plaintively,-1.45458984375,0.14542432129383087,0
blink,sit,2.0712890625,-0.11827550828456879,0
blistered,bloody,5.48388671875,-0.09726367890834808,0
blistered,burned,6.692626953125,-0.11130864918231964,0
bloody,guts,-1.2376708984375,0.13226978480815887,0
bloody,terrible,1.552734375,-0.12011842429637909,0
bloody,well,-0.83203125,-0.22815360128879547,0
bloomers,sneakers,5.5576171875,0.06169606000185013,0
blue,glowing,3.65863037109375,0.10681723058223724,0
blue,gold,-0.345703125,-0.10328485071659088,0
blue,green,1.124755859375,0.00033180415630340576,0
blue,restless,1.8102035522460938,-0.25048238039016724,0
bonnet,veil,-1.1966705322265625,-0.14955882728099823,0
bony,discoloured,-6.1878204345703125,-0.16984297335147858,0
boobs,pubes,-0.1748046875,0.01461164653301239,0
brains,pluck,-0.9954833984375,0.20382483303546906,0
bravely,unfalteringly,1.40625,-0.023416027426719666,0
bravely,well,-0.4911832809448242,-0.24494053423404694,0
bread,fishes,4.02734375,0.2837589383125305,0
bread,salami,2.340087890625,0.11911553144454956,0
bread,stuff,7.134765625,0.009457394480705261,0
brickdust,paraffin,-4.73828125,0.06362783908843994,0
brokenly,incoherently,-4.3818359375,0.22492778301239014,0
built,made,-2.82958984375,0.021927334368228912,0
burial,cremation,0.4765625,-0.005217060446739197,0
burned,burned,-3.126953125,-0.35784876346588135,0
burned,spluttered,-1.63671875,-0.1972798854112625,0
bustling,dynamic,2.03564453125,0.03198251128196716,0
calcified,hardened,-2.0503616333007812,-0.07418698072433472,0
calcium,oxygen,-3.08233642578125,-0.2521941661834717,0
calcium,phosphate,-2.919921875,-0.01120978593826294,0
calcium,plutonium,-1.03125,0.07298029214143753,0
caps,goals,-2.1943359375,0.10384948551654816,0
caps,nightgowns,-0.56640625,-0.04697486758232117,0
carriage,servants,-2.318359375,0.0932328999042511,0
ceiling,floor,1.5232696533203125,-0.09537306427955627,0
cement,sand,-1.14453125,0.09561941027641296,0
cement,steel,0.0,-0.2200058549642563,0
charts,pictures,-0.6748046875,0.017780840396881104,0
cheering,hooting,4.48046875,-0.09224636852741241,0
cigars,lemonade,-1.90673828125,0.12383611500263214,0
cinematography,photography,-0.79296875,0.23852288722991943,0
citizenship,history,1.738555908203125,0.17282530665397644,0
civil,commercial,0.04840087890625,0.21156743168830872,0
cleaning,repairing,-0.44549560546875,0.003305792808532715,0
cleaning,stuff,-2.2493667602539062,-0.0972994714975357,0
clever,good,2.1027297973632812,-0.11771972477436066,0
clever,honest,2.3648681640625,-0.0469469279050827,0
clever,industrious,4.5936279296875,0.05264250934123993,0
coat,hat,-2.923828125,0.11813737452030182,0
comedy,dancing,-0.908203125,-0.004657968878746033,0
comedy,songs,0.0,-0.3893078565597534,0
comfort,counsel,3.0966796875,0.005917087197303772,0
comfort,delight,6.392578125,0.0676216259598732,0
comfort,edification,1.46484375,0.07646620273590088,0
comfort,inspiration,-0.6884765625,0.040928855538368225,0
comfort,prosperity,-2.478515625,0.1283280849456787,0
comfort,riches,2.0078125,-0.2426994889974594,0
comfort,support,1.355682373046875,0.040400125086307526,0
commanding,distinct,1.421875,0.13096913695335388,0
commercial,corporate,2.9453125,0.10820639133453369,0
commercial,ferry,1.429443359375,0.12451526522636414,0
compliments,court,5.2578125,0.13529685139656067,0
comprehensiveness,depth,0.8154067993164062,0.09848976880311966,0
constitutionalism,economics,-2.6910400390625,0.20230437815189362,0
contemptuous,curt,-3.75390625,0.07306148111820221,0
contents,hat,0.9094924926757812,-0.0036401599645614624,0
contracts,licenses,-4.916015625,0.0130842924118042,0
copper,gold,-2.5859375,0.27235138416290283,0
copper,steel,-3.35699462890625,0.17668819427490234,0
corn,oysters,1.484375,0.048910900950431824,0
correct,correct,-0.630859375,-0.15021897852420807,0
correct,erase,5.2763671875,-0.4417378306388855,0
correct,present,-0.05623626708984375,-0.30408215522766113,0
corrected,typed,-0.33203125,0.2676548957824707,0
coughs,groans,1.68359375,-0.035178035497665405,0
coughs,sings,4.79296875,-0.08173207938671112,0
court,perjury,-2.46759033203125,0.10797585546970367,0
covert,ingenious,-1.54296875,0.10805816948413849,0
cowered,such,3.736328125,-0.2781630754470825,0
creaked,swerved,3.3369140625,-0.0576191246509552,0
crepuscular,diurnal,1.994140625,0.09284134209156036,0
cricket,football,0.272216796875,0.02152855694293976,0
crosser,crosser,-1.55328369140625,-0.14596106112003326,0
crows,poultry,-0.029296875,0.1752961277961731,0
cubes,triangles,-1.80859375,0.1811591535806656,0
danby,winter,1.4902877807617188,0.15862329304218292,0
dancers,wood,-2.7862548828125,0.3256751298904419,0
dancing,dinner,2.125,0.24412009119987488,0
dancing,drinking,1.712890625,0.25704604387283325,0
deaf,stupid,0.3514404296875,-0.5589444041252136,0
debauch,riot,-0.419921875,-0.04540513455867767,0
defector,stateless,2.294921875,0.07263289391994476,0
defense,offense,-4.31103515625,0.1677858978509903,0
dehydration,deprotonation,1.23187255859375,-0.0005380362272262573,0
delight,tenderness,-0.207550048828125,-0.01198028028011322,0
demonstrations,petitions,3.765625,0.04498802125453949,0
depth,diameter,-1.992919921875,0.09186466038227081,0
depth,information,0.234375,-0.16043449938297272,0
depth,soundness,-1.8779296875,0.12133949995040894,0
despised,poor,-0.2041015625,-0.3279303312301636,0
devils,witches,-1.6884765625,-0.07305300235748291,0
devious,ruthless,-1.044677734375,0.055060312151908875,0
dim,misty,-2.775390625,-0.37480223178863525,0
dim,threatening,-0.673828125,-0.3205503821372986,0
dinner,stuff,-0.278076171875,0.1129237711429596,0
disappointment,doubt,3.39208984375,-0.10037775337696075,0
disappointment,neglect,5.09478759765625,0.11931268870830536,0
disappointment,sorrow,-2.2109375,0.09140163660049438,0
disgraced,humiliated,0.6424560546875,-0.13488347828388214,0
dishonor,honor,4.9990234375,0.2588636875152588,0
disinherited,dispossessed,-1.03271484375,-0.03531984984874725,0
dispatches,dispatches,-3.75244140625,0.13532930612564087,0
do,good,0.204833984375,-0.1401958018541336,0
do,stuff,0.50439453125,-0.3515635132789612,0
do,undo,-3.2294921875,-0.020172715187072754,0
docile,industrious,2.48095703125,-0.08128775656223297,0
doll,hat,-2.6796875,0.07006852328777313,0
doll,popbeads,1.3095703125,-0.1287001520395279,0
dollhouse,men,4.079559326171875,-0.017740026116371155,0
doubt,speculation,3.97802734375,0.0025486499071121216,0
down,down,0.88671875,0.12529708445072174,0
down,under,0.1640625,0.19671694934368134,0
down,upstairs,-0.650634765625,-0.5348303318023682,0
down,wireless,-1.349609375,0.2450753152370453,0
dramatically,suddenly,-2.0252227783203125,-0.10029612481594086,0
dreadful,terrible,1.4351730346679688,-0.0976545512676239,0
drinking,drinking,-2.0338134765625,0.019211426377296448,0
drove,drove,7.8203125,-0.23447267711162567,0
economics,history,1.2672796249389648,-0.06220106780529022,0
edge,point,3.291015625,0.3721035122871399,0
efficiently,smoothly,0.3935546875,-0.1665412038564682,0
electric,gravitational,2.3940811157226562,0.11676471680402756,0
electric,hybrid,-5.5791015625,0.16780465841293335,0
electronics,vehicles,1.068359375,0.11809776723384857,0
eleventh,last,0.55078125,0.09503903985023499,0
embarrassed,humiliated,2.264801025390625,-0.18590067327022552,0
embarrassed,mad,0.1630859375,-0.36415714025497437,0
embarrassed,restless,-1.871246337890625,-0.4168091416358948,0
emeralds,gold,-0.56298828125,0.012608572840690613,0
enlargement,thickening,0.2615509033203125,0.02023676037788391,0
enthusiastic,excellent,5.595947265625,0.05882154405117035,0
enthusiastic,utensiles,-3.810546875,0.05567031353712082,0
equal,honest,1.48046875,-0.336958110332489,0
equal,opposite,1.52294921875,-0.03508521616458893,0
evening,morning,0.439453125,-0.055185139179229736,0
evil,good,-3.845703125,0.10593466460704803,0
evil,malicious,2.1908416748046875,-0.18335752189159393,0
evil,unlucky,-1.3050384521484375,0.07475928962230682,0
exactly,well,0.0,-0.12410928308963776,0
excellent,good,-2.1103515625,-0.17966730892658234,0
excesses,shortages,0.298828125,0.0961180180311203,0
exchanging,redeeming,1.00848388671875,0.1934341937303543,0
exclamation,interrogation,-0.48291015625,-0.08964160084724426,0
exhausting,futile,1.6748046875,0.14795364439487457,0
expand,freeze,-0.6205902099609375,-0.33121830224990845,0
fabric,quilting,-2.34765625,-0.05795291066169739,0
faces,people,-0.1302490234375,-0.17662806808948517,0
factoring,factorisation,2.3045654296875,0.15084214508533478,0
fascinating,noble,-5.728515625,0.039110928773880005,0
fathoms,fathoms,-7.14453125,0.0005433708429336548,0
fatter,fatter,-1.7510986328125,-0.16816599667072296,0
features,profiles,-3.458984375,0.09422072768211365,0
fed,housed,7.489082336425781,0.021763257682323456,0
feedstocks,ligands,1.21484375,-0.17540721595287323,0
felids,nimravids,-5.9609375,-0.03523652255535126,0
fielders,sluggers,-2.60931396484375,0.2843928337097168,0
figs,wasps,1.1787109375,-0.1127844899892807,0
files,information,1.5439453125,-0.18953968584537506,0
files,stuff,1.16015625,-0.03527273237705231,0
fishes,people,3.4471435546875,0.01325833797454834,0
flatter,flatter,-3.83203125,-0.08940577507019043,0
flatulence,shots,1.84375,0.08515937626361847,0
flourishing,green,1.3495569229125977,0.15003615617752075,0
forests,schools,1.0581436157226562,-0.023928895592689514,0
former,present,-1.99981689453125,0.5342799425125122,0
former,quarter,-2.4267578125,0.14084859192371368,0
forties,under,4.728515625,-0.1732637733221054,0
frazil,pancake,-1.1553993225097656,-0.2887996435165405,0
freeze,shiver,-1.577545166015625,0.07569463551044464,0
frequently,recently,0.9013671875,0.19228874146938324,0
friendlessly,homelessly,0.849365234375,-0.31868791580200195,0
frustrated,irritated,-1.638671875,-0.110028937458992,0
frustrated,whining,-2.5044288635253906,-0.008730664849281311,0
future,present,-2.173828125,0.24935537576675415,0
gala,rare,-2.923095703125,0.3015727400779724,0
gangsters,pimps,-1.5642547607421875,0.13595394790172577,0
geological,zoological,-5.322265625,0.011124968528747559,0
ghostly,good,6.974609375,-0.06470909714698792,0
gifts,supplies,1.5205078125,0.3127027750015259,0
gleaming,greedy,0.70306396484375,-0.051086798310279846,0
gloves,hat,-1.2800140380859375,0.22339075803756714,0
glowing,immaculate,-8.7080078125,0.11476436257362366,0
gold,green,1.5537109375,0.39142781496047974,0
gold,tangerine,2.212158203125,0.1516786366701126,0
gold,treasure,3.76953125,0.11836858093738556,0
good,green,2.3226318359375,0.0007456839084625244,0
good,honest,-1.1474609375,0.07438929378986359,0
good,honourable,-3.287109375,0.20703788101673126,0
good,informative,-0.841552734375,-0.020715191960334778,0
good,mad,-5.366178512573242,0.020051218569278717,0
good,merciful,-2.742860794067383,-0.07099412381649017,0
good,noble,-0.44140625,-0.09950028359889984,0
good,poor,-1.95458984375,0.024129465222358704,0
good,straightforward,-3.0634765625,0.11511992663145065,0
good,unconstrained,1.361083984375,-0.19408713281154633,0
good,well,0.0439453125,0.09771986305713654,0
gowns,slippers,-1.1591796875,-0.10729604959487915,0
grains,liquids,1.92578125,0.2503674626350403,0
graphics,photography,-0.830078125,0.13252675533294678,0
graphics,photos,-1.04296875,0.09942525625228882,0
grave,questioning,-2.826171875,0.03796222805976868,0
grave,terrible,2.69921875,-0.06387269496917725,0
grave,troubled,4.26171875,-0.4809619188308716,0
green,green,0.6241455078125,-0.059692755341529846,0
green,misty,-0.77880859375,-0.05038335919380188,0
green,rust,-2.0693359375,0.21124061942100525,0
green,violet,-0.28955078125,0.19103595614433289,0
green,wooded,0.6171875,0.021879181265830994,0
grows,grows,2.2682418823242188,-0.2071179300546646,0
grumbling,whining,6.0546875,0.1111912727355957,0
guile,wile,-6.2705078125,0.15765945613384247,0
haggard,troubled,-0.08409500122070312,-0.03194485604763031,0
handwritten,typed,-1.3741607666015625,0.05422443151473999,0
hardened,stabilised,1.7900390625,-0.17816196382045746,0
harps,songs,-1.87890625,-0.11379532516002655,0
heaviness,sorrow,0.921875,0.02744678407907486,0
history,mythology,-0.2891998291015625,0.3830374479293823,0
honest,honourable,5.546875,0.08407235145568848,0
honest,industrious,2.7958984375,-0.0027186423540115356,0
honest,poignant,2.87786865234375,0.05971372872591019,0
honest,straight,7.146598815917969,-0.14181555807590485,0
honest,straightforward,0.505859375,-0.11243946850299835,0
honor,manhood,3.41015625,-0.1362561136484146,0
honor,riches,-1.4471397399902344,-0.023752853274345398,0
honor,serve,-1.484375,-0.25963616371154785,0
honor,service,0.6346435546875,-0.08600263297557831,0
honor,truthfulness,-3.5,-0.066740021109581,0
honor,wisdom,-3.185546875,0.14908525347709656,0
honourable,merciful,-1.29296875,-0.10602274537086487,0
honourable,necessary,-0.02486419677734375,0.09413562715053558,0
honourable,poor,1.53515625,-0.10875244438648224,0
hopes,thoughts,-1.46875,0.1774609386920929,0
hormones,neurotransmitters,-0.5951480865478516,0.18990164995193481,0
hugged,kissed,1.2398338317871094,0.14182554185390472,0
humorously,jokingly,6.6357421875,-0.21175314486026764,0
hurting,terrifying,-1.36328125,0.17945252358913422,0
hydrocarbons,oxygen,1.1851806640625,-0.25208061933517456,0
hymns,songs,-2.0078125,-0.12388695776462555,0
inaccurate,lurid,-12.228515625,0.16811247169971466,0
indefensible,unjustified,-6.05322265625,-0.060897842049598694,0
indonesian,malaysian,-1.6142578125,0.24476763606071472,0
information,knowledge,1.1796875,0.0152101069688797,0
information,pictures,0.5485687255859375,0.207467183470726,0
information,services,0.541015625,0.18956783413887024,0
information,support,-2.22314453125,0.1312585175037384,0
information,tips,0.783203125,0.14378181099891663,0
injury,predation,1.358154296875,0.29783785343170166,0
inputs,microphones,-0.3411102294921875,0.036721520125865936,0
ins,outs,1.7841796875,0.10689704120159149,0
inside,under,2.93359375,-0.16910673677921295,0
insipid,poor,-1.37255859375,-0.27783846855163574,0
insipid,stupid,-0.88427734375,-0.28515946865081787,0
insisting,insisting,-1.86328125,0.11532778292894363,0
inspections,inspections,-1.134765625,0.1703796684741974,0
instructions,pictures,-1.84375,0.10920028388500214,0
inventors,scientists,-0.2578125,0.21487069129943848,0
irritated,nervous,4.706787109375,0.07215403020381927,0
jagged,uneven,-2.419921875,-0.04530970752239227,0
jammed,overheated,-1.119140625,0.13729903101921082,0
journals,magazines,-2.1171875,0.05823955684900284,0
joyfully,willingly,-4.984375,-0.34632354974746704,0
judgment,taste,-1.517578125,-0.1452406793832779,0
juggled,stuff,0.033203125,-0.2581896185874939,0
kid,mutton,-0.810546875,0.058420464396476746,0
knowledge,liberation,0.96612548828125,0.29361027479171753,0
knowledge,wisdom,0.60546875,-0.05619238317012787,0
lace,leather,2.28125,0.10045124590396881,0
lace,needlework,-0.8232192993164062,-0.1069411188364029,0
last,oldest,0.3193359375,0.0910862535238266,0
last,sixteenth,2.1796875,-0.36233407258987427,0
last,steepest,-1.5771484375,-0.15536297857761383,0
last,twentieth,1.50640869140625,0.08799642324447632,0
lefties,lefties,-5.28778076171875,-0.09649065136909485,0
legitimate,popular,1.147705078125,0.06290610879659653,0
lemonade,sandwiches,-1.6351318359375,0.059096790850162506,0
libel,slander,-1.4506683349609375,0.13041548430919647,0
liberation,practicality,-0.9987640380859375,0.2096552848815918,0
lifelike,vivid,0.7958984375,0.15955933928489685,0
lipsticks,skirts,-5.29833984375,0.23778000473976135,0
liquid,vapor,-3.189453125,0.07586561888456345,0
loads,loads,-2.953125,0.02090100198984146,0
longest,oldest,-3.026123046875,0.12115941941738129,0
longest,widest,0.650390625,-0.13749541342258453,0
look,manner,-5.3212890625,-0.018419161438941956,0
look,voice,-1.783203125,0.08613073825836182,0
loss,sorrow,-2.4375,-0.11847798526287079,0
lurid,threatening,2.146484375,0.23140457272529602,0
lysosomes,peroxisomes,0.611328125,-0.03919403254985809,0
made,sold,-1.18310546875,-0.08159075677394867,0
made,spent,-1.9736328125,-0.026491954922676086,0
majestically,silently,1.5126953125,-0.19224636256694794,0
malicious,stupid,5.140625,-0.23424138128757477,0
manner,voice,-5.1787109375,0.22920899093151093,0
maths,stuff,-1.3382453918457031,0.03262268006801605,0
meagre,unpalatable,0.0,0.01151953637599945,0
melodic,progressive,1.9169921875,0.140090674161911,0
men,men,3.6845703125,-0.09457796812057495,0
men,munition,-4.117834091186523,0.18163460493087769,0
men,people,4.43768310546875,-0.022626325488090515,0
men,planes,1.81146240234375,0.35758060216903687,0
men,secrets,0.0087890625,-0.38819634914398193,0
men,supplies,-5.56884765625,0.03635205328464508,0
mexican,vietnamese,-5.491458892822266,0.1196260154247284,0
mezcal,pulque,3.24609375,0.09546373784542084,0
millions,millions,-0.1845703125,-0.0998673290014267,0
miraculously,suddenly,-0.84130859375,-0.13410045206546783,0
motorcycles,quads,1.39453125,0.055351272225379944,0
mountainous,northern,-0.3623046875,0.10383793711662292,0
mourning,sorrow,-1.782444953918457,0.17221587896347046,0
nervous,poor,-4.2587890625,-0.11974425613880157,0
nervous,restless,-2.6603240966796875,-0.06022466719150543,0
nervous,shaky,1.3828125,-0.28396064043045044,0
nervous,weak,3.5931396484375,0.020293012261390686,0
nitric,sulphuric,-2.513427734375,0.052666544914245605,0
normal,normal,1.314453125,-0.27150607109069824,0
normal,well,0.9365234375,0.027954556047916412,0
notorious,puzzling,1.1170654296875,-0.1390501707792282,0
notorious,valuable,0.529296875,-0.2539491653442383,0
nut,washer,-7.486328125,-0.44633233547210693,0
offside,support,4.3085784912109375,0.07945357263088226,0
oxygen,sulphur,2.57373046875,0.05923987179994583,0
paints,pencils,-5.437857627868652,-0.1285717934370041,0
patiently,watchfully,-7.5703125,-0.24561364948749542,0
patiently,well,-2.333953857421875,-0.20522542297840118,0
peel,rot,1.9306640625,-0.13149024546146393,0
people,plywood,-5.0416259765625,0.03283281624317169,0
people,priest,-5.841796875,0.3821479082107544,0
people,producers,-0.5435943603515625,0.3590374290943146,0
people,rituals,-2.990234375,0.12562128901481628,0
people,servants,-3.631317138671875,-0.0021367669105529785,0
people,situations,-2.197265625,0.2890338599681854,0
people,stuff,4.2578125,-0.4782469868659973,0
people,supplies,-3.609375,0.1499696671962738,0
people,vehicles,-6.371673583984375,0.16045518219470978,0
petrochemical,pharmaceutical,-2.317333221435547,-0.1065065860748291,0
photography,videography,0.6328125,0.5955448150634766,0
picnics,such,-6.514068603515625,0.15497462451457977,0
pictures,stuff,-2.296875,-0.1743321567773819,0
pieces,tags,5.56591796875,0.04206185042858124,0
plaster,wood,-1.711944580078125,0.08833387494087219,0
play,want,-3.9886474609375,-0.15581317245960236,0
pluck,straight,2.404296875,-0.033991023898124695,0
polynesian,scandinavian,0.9642333984375,0.05859403312206268,0
poor,unnoticed,1.3955078125,-0.053626611828804016,0
poor,weak,-2.1484375,-0.3158532977104187,0
popular,saleable,-2.05078125,-0.07436917722225189,0
postnatal,prenatal,1.052734375,0.09964553266763687,0
practising,practising,-2.3948974609375,0.2257283478975296,0
prejudice,stereotypes,-0.689453125,-0.05355706810951233,0
profane,threatening,-1.0762064456939697,-0.17420949041843414,0
professors,scientists,3.6109619140625,0.18485571444034576,0
prosper,well,0.87109375,-0.20083235204219818,0
prosperity,welfare,-1.259765625,0.12472888827323914,0
psychological,terrible,-0.0498046875,-0.007952317595481873,0
publications,scientists,-1.333984375,0.31811589002609253,0
rabbit,sit,3.277099609375,0.11473028361797333,0
radium,sediments,2.18658447265625,-0.11642445623874664,0
rained,rained,0.89453125,-0.07783748209476471,0
rakes,spades,-1.8319435119628906,0.15273156762123108,0
rare,shameful,-2.0478515625,-0.31537556648254395,0
rare,uncommon,1.6541748046875,-0.5023945569992065,0
rare,valuable,-7.736328125,0.22551962733268738,0
rare,wicious,-1.80859375,0.16762042045593262,0
reformist,separatist,-0.74664306640625,0.22242382168769836,0
restless,troubled,3.169921875,-0.37401843070983887,0
reverently,silently,0.2236328125,-0.11568225920200348,0
reverently,tenderly,-1.2490234375,-0.11308620870113373,0
rides,sings,0.7698593139648438,0.08589870482683182,0
roll,roll,-0.64019775390625,-0.08847548067569733,0
runs,shrieks,2.650390625,-0.2599673271179199,0
sand,varnish,3.43756103515625,-0.363084614276886,0
sandwiches,stuff,-4.16015625,0.10730709135532379,0
satisfied,triumphant,-6.33203125,-0.05218400061130524,0
schools,schools,3.619140625,0.2123977541923523,0
schools,services,2.06689453125,0.1434306502342224,0
schools,situations,-2.131561279296875,0.6043077111244202,0
schools,staff,-0.69921875,0.4654841423034668,0
schools,stuff,0.9255790710449219,0.03606027364730835,0
seasons,weather,8.361328125,0.11533792316913605,0
servants,servants,5.498046875,-0.038010373711586,0
service,such,0.90032958984375,0.15739330649375916,0
services,support,5.8740234375,0.15938739478588104,0
shakes,twitches,-1.30078125,0.06138944625854492,0
shortsighted,weak,-3.203125,-0.3945949673652649,0
shovels,spades,0.32275390625,0.17737378180027008,0
shriller,shriller,0.79339599609375,-0.4221818447113037,0
silently,smoothly,-1.7241744995117188,-0.3037177324295044,0
silently,sorrowfully,-4.858097076416016,-0.19220568239688873,0
silently,suddenly,3.903076171875,-0.13583393394947052,0
sixteenth,twentieth,2.95526123046875,0.266973614692688,0
slave,slave,-0.390625,-0.23013897240161896,0
snot,stuff,2.00103759765625,-0.5098478198051453,0
sobbed,sobbed,2.7578125,-0.20137657225131989,0
sodomites,usurers,-2.449443817138672,-0.07499900460243225,0
sonatas,sonatinas,1.020751953125,0.18653897941112518,0
songs,stuff,0.16046142578125,0.16369502246379852,0
spent,weak,-0.31640625,-0.07276184856891632,0
stacks,stacks,-2.81591796875,0.03033512830734253,0
startling,terrible,-1.8583984375,-0.0631837397813797,0
steel,wood,0.56768798828125,0.18823155760765076,0
straight,sturdy,0.3701171875,-0.36800146102905273,0
strenuously,well,-5.43505859375,-0.02724616229534149,0
stuff,supplies,2.548992156982422,0.38523805141448975,0
stuff,wood,0.736328125,0.0802832543849945,0
stupid,tedious,-0.6025390625,-0.26741212606430054,0
stupid,weak,-2.491943359375,-0.2701069712638855,0
such,such,-11.929931640625,-0.0430043488740921,0
such,support,-0.9466552734375,0.11194093525409698,0
sunset,sunset,-2.9183349609375,0.20732231438159943,0
supplies,vehicles,-1.615234375,0.21663512289524078,0
support,support,-0.2197265625,-0.1473911553621292,0
taste,wisdom,0.07122802734375,0.07280465215444565,0
tomorrow,tomorrow,-3.291015625,0.08665041625499725,0
tomorrow,yesterday,-0.087890625,-0.17631323635578156,0
trolls,witches,-1.98773193359375,0.17090405523777008,0
twain,twain,-1.990234375,-0.08037272095680237,0
uninjured,well,2.0728759765625,-0.1047704666852951,0
varnish,wood,1.3662109375,0.24607591331005096,0
vulnerable,weak,-1.06005859375,0.2457990050315857,0
wave,wave,-3.135498046875,0.2872998118400574,0
worse,worse,2.53515625,-0.00721333920955658,0
worser,worser,1.484619140625,0.1242695301771164,0
accuracy,efficiency,-1.38330078125,-0.21815729141235352,1
accuracy,range,-1.2021484375,0.08225930482149124,1
acetone,ethanol,-2.8153762817382812,-0.0008295029401779175,1
across,across,-0.4375,-0.02088649570941925,1
admiringly,kindly,-5.88671875,-0.16340816020965576,1
aeronauts,workers,-0.892578125,-0.11845725774765015,1
affairs,infidelities,-1.6037750244140625,0.1958204209804535,1
affection,approval,0.298828125,0.3159467577934265,1
affection,impatience,-3.361328125,0.0776599869132042,1
afraid,lonely,2.742431640625,-0.17026713490486145,1
again,again,-0.755157470703125,0.24954460561275482,1
again,now,3.948871612548828,-0.20880535244941711,1
again,simply,-7.44140625,0.03573831170797348,1
again,so,0.432159423828125,-0.28368106484413147,1
agile,quick,1.8970489501953125,0.20954664051532745,1
airy,pleasant,1.1581573486328125,-0.20294633507728577,1
airy,wholesome,-1.9169921875,-0.0537426620721817,1
albanian,serbian,-1.35150146484375,0.0496983677148819,1
alcohol,cocaine,-1.978515625,0.07696322351694107,1
allowances,exemptions,2.55535888671875,0.17142361402511597,1
ample,comfortable,2.302734375,0.06081999093294144,1
amputation,castration,2.3037109375,0.04999581351876259,1
anglican,catholic,-1.0546875,0.12148728966712952,1
animals,games,3.943359375,0.03944756090641022,1
animals,giggles,-5.31787109375,-0.029023021459579468,1
animals,pets,-1.921875,-0.16057080030441284,1
animals,trees,2.4672679901123047,-0.7188444137573242,1
anxiety,impatience,1.073760986328125,0.153761625289917,1
anxiety,nervousness,-0.203125,0.2844477593898773,1
anxiety,paranoia,-0.08203125,0.028320416808128357,1
anxiety,terror,-0.732421875,-0.12894636392593384,1
anxiety,worry,-9.38623046875,0.34279999136924744,1
approval,discussion,-0.966796875,0.01428908109664917,1
approval,satisfaction,2.3987350463867188,0.28253990411758423,1
approve,listen,1.83984375,-0.19053295254707336,1
apps,games,0.9765625,0.01635226607322693,1
armed,resolute,2.3087615966796875,0.15266044437885284,1
armed,unarmed,-1.6845703125,0.22095054388046265,1
armor,horse,0.0083160400390625,0.14781412482261658,1
aspirin,sterno,-0.738037109375,0.09345915913581848,1
astonished,pained,0.62109375,0.1422743797302246,1
astonishing,disheartening,-0.078125,-0.1120186448097229,1
ate,ate,0.06787109375,0.3110840618610382,1
ate,talked,-1.5490875244140625,0.42135921120643616,1
athletics,games,-0.545928955078125,-0.24745002388954163,1
athletics,wrestling,3.8662109375,0.010734900832176208,1
atrocities,death,-1.791015625,-0.09154754877090454,1
avoid,try,2.2554473876953125,0.21839627623558044,1
awed,mute,6.7890625,0.05816003680229187,1
balks,leas,1.8984375,-0.4169025123119354,1
bands,performers,2.12109375,-0.07270607352256775,1
bare,barren,-0.23046875,-0.5977927446365356,1
bare,colder,-0.81494140625,-0.33445826172828674,1
bare,dusty,-0.75390625,-0.13883887231349945,1
bare,parched,-1.5625,-0.10564437508583069,1
bare,rugged,1.237518310546875,0.3096295893192291,1
bare,stark,-2.39349365234375,-0.33367201685905457,1
bare,wet,-0.279296875,0.11285972595214844,1
barns,fields,3.799579620361328,0.10152892768383026,1
barns,outbuildings,-2.3648681640625,-0.06182993948459625,1
barren,low,-0.93798828125,0.6438528299331665,1
barren,parched,-0.269256591796875,-0.09202958643436432,1
barren,rugged,-0.21923828125,0.3818109333515167,1
bars,bars,-2.533203125,0.03012024611234665,1
bars,bolts,-3.184967041015625,0.29262399673461914,1
bars,pubs,2.2354736328125,-0.21223491430282593,1
bears,catamounts,-1.59686279296875,-0.38857728242874146,1
beds,paths,0.43505859375,-0.3118874132633209,1
before,now,-0.946533203125,0.12911221385002136,1
before,since,1.6240234375,-0.20286962389945984,1
before,so,3.090747833251953,0.23039934039115906,1
before,whispered,6.31640625,0.02830888330936432,1
beheaded,condemned,1.5955352783203125,-0.20709851384162903,1
beheaded,flayed,0.5828208923339844,-0.3537185788154602,1
benevolently,kindly,-3.5469131469726562,-0.018776923418045044,1
beverages,food,0.5,-0.29439160227775574,1
billiards,pool,-6.064453125,-0.15537378191947937,1
biographical,critical,3.505859375,-0.0317099392414093,1
blogs,newspapers,0.9004592895507812,-0.08984240889549255,1
bloodshed,quarrels,-1.046875,-0.17820128798484802,1
borrowing,borrowing,1.732421875,-0.32272693514823914,1
bottle,glasses,-5.80078125,-0.22891053557395935,1
brave,intelligent,-1.2880859375,-0.19530269503593445,1
brave,resolute,-0.26171875,0.049198269844055176,1
brave,warlike,-9.255859375,-0.20051586627960205,1
breadth,height,0.793731689453125,0.025276243686676025,1
briefly,hurriedly,2.8221435546875,0.0048080310225486755,1
briefly,simply,-0.7890625,-0.12931115925312042,1
brightest,hottest,1.9716796875,0.33553972840309143,1
brightest,merriest,0.1796875,0.16525068879127502,1
brightest,wisest,-2.0615234375,0.1098746657371521,1
brushed,brushed,-0.75445556640625,0.4062722623348236,1
brushed,pressed,3.3925552368164062,-0.08147713541984558,1
brushed,wet,-2.2041015625,0.03550219535827637,1
buggies,horse,-4.28515625,0.16892486810684204,1
buildings,furniture,-0.615234375,-0.2322756052017212,1
buildings,land,-0.1123046875,-0.11255182325839996,1
buildings,towns,-2.662445068359375,0.07574191689491272,1
buildings,track,0.498046875,0.06372484564781189,1
buildings,trees,3.931884765625,0.22104060649871826,1
bull,cow,1.1864013671875,0.21082842350006104,1
bull,trident,-1.24609375,0.37923064827919006,1
bunny,horse,3.04052734375,0.2335377335548401,1
buttercups,clover,-3.3239822387695312,-0.16563358902931213,1
byzantine,roman,-0.525634765625,0.2533220052719116,1
calmness,equanimity,-0.1328125,0.12004980444908142,1
calvarium,face,-2.609882354736328,0.051619529724121094,1
canoes,skiffs,5.907958984375,-0.13238425552845,1
capacity,scaleability,3.74609375,-0.14108622074127197,1
cardiovascular,nerve,-5.06640625,0.2576589584350586,1
careless,pleasant,0.951171875,-0.3921898901462555,1
careless,reckless,-5.208984375,-0.3185122013092041,1
careless,shiftless,-0.58984375,0.01777668297290802,1
catholic,monarchical,-6.244140625,0.046035438776016235,1
cats,cows,1.984375,-0.16523322463035583,1
cats,stoats,-3.328125,0.026993095874786377,1
centre,front,6.7491455078125,0.09902650117874146,1
chafed,disappointed,-3.2176513671875,0.2486279308795929,1
chain,collar,0.916015625,-0.20562013983726501,1
charm,terror,2.353302001953125,-0.06117407977581024,1
charming,dusty,2.951171875,-0.13413596153259277,1
charming,genial,-1.759521484375,0.006029948592185974,1
charming,respectable,1.048828125,-0.1052752435207367,1
charming,seductive,-2.8427734375,0.3081764876842499,1
charms,witchcraft,1.4296875,0.09312613308429718,1
charred,naked,-0.583984375,0.30538272857666016,1
chatter,strut,3.0693359375,0.3873964250087738,1
chilli,onions,1.4432220458984375,-0.012858599424362183,1
chills,shivers,1.6123046875,-0.3130999803543091,1
chirruping,twittering,-1.47412109375,-0.0038024112582206726,1
cinders,smoke,5.11328125,-0.15834176540374756,1
circumcision,food,-1.091796875,0.21749773621559143,1
circumcision,scarification,-2.2041015625,-0.01576898992061615,1
class,gender,5.96484375,-0.16888031363487244,1
class,snobbery,1.268951416015625,-0.014032989740371704,1
clearly,simply,0.21875,0.04402925819158554,1
clearly,succinctly,-2.5615234375,-0.039872318506240845,1
click,tell,2.626190185546875,-0.25704333186149597,1
climb,climb,3.2177734375,-0.26286476850509644,1
climb,jump,1.18798828125,0.17242062091827393,1
club,fang,2.7412109375,-0.18266010284423828,1
club,lash,0.31640625,-0.4638015329837799,1
cocaine,heroine,2.412109375,-0.08348295092582703,1
colder,colder,-1.7677001953125,-0.07072021067142487,1
colder,wetter,-0.65667724609375,-0.21813300251960754,1
colourful,gorgeous,0.3671875,0.13731816411018372,1
comfortable,easy,-2.46484375,-0.46884068846702576,1
comfortable,jolly,1.8984222412109375,-0.23528864979743958,1
comfortable,low,-0.63623046875,0.04124206304550171,1
comfortable,pleasant,0.01611328125,-0.11174431443214417,1
comments,concern,-2.097137451171875,0.2384856641292572,1
commons,lords,2.8828125,0.5736892223358154,1
completeness,finality,-3.048828125,0.3797917068004608,1
condemned,tried,-0.9248046875,-0.1672927439212799,1
confusing,sad,-2.747833251953125,0.06271308660507202,1
considerable,effective,0.72479248046875,0.23651652038097382,1
contemporary,contemporary,-3.505859375,-0.05119585990905762,1
cooler,cooler,-2.457308769226074,-0.03540417551994324,1
cooler,fresher,2.584503173828125,0.23423874378204346,1
cooler,grayer,-3.5246658325195312,-0.27825137972831726,1
coolly,deliberately,2.522216796875,-0.13470061123371124,1
countermarch,march,2.1223068237304688,-0.2701757252216339,1
cows,girls,1.0634765625,0.13452132046222687,1
cows,goats,3.0958251953125,-0.21596971154212952,1
cried,cried,-1.3505859375,0.27218174934387207,1
cried,screamed,4.84967041015625,0.16021257638931274,1
cried,talked,-4.80859375,-0.07895949482917786,1
crisp,curly,0.6962890625,-0.07946224510669708,1
crisp,sunny,-2.173828125,0.04232403635978699,1
critical,dictatorial,-9.90234375,-0.1712474524974823,1
criticism,discussion,-1.60546875,0.021632015705108643,1
cultured,intelligent,-1.96875,-0.23644548654556274,1
cunninger,cunninger,4.271484375,-0.4190302789211273,1
cup,silverware,0.281005859375,-0.42321959137916565,1
curmudgeonly,cynical,-2.427734375,-0.10940204560756683,1
damnation,death,-0.919921875,-0.17720800638198853,1
darkened,deepened,-3.5872802734375,-0.07085242867469788,1
dearest,kindest,0.04132080078125,-0.17503011226654053,1
death,fugitive,-4.5052490234375,-0.21127602458000183,1
death,infamy,3.4697265625,0.5168431401252747,1
death,infection,0.1455078125,0.12842020392417908,1
death,prison,2.45361328125,-0.4179309904575348,1
death,terror,-1.2578125,-0.13531918823719025,1
death,thirst,1.960805892944336,-0.247086763381958,1
deep,deep,4.124050140380859,0.26474499702453613,1
deep,intelligent,2.483623504638672,0.2704768180847168,1
deep,lonely,-4.270263671875,-0.09599821269512177,1
deep,low,7.111328125,0.08504828810691833,1
deep,slow,0.3513031005859375,0.07840441167354584,1
deep,solitary,2.724853515625,-0.1497759222984314,1
deep,sullen,2.56640625,0.14383986592292786,1
deep,wide,-0.05767822265625,-0.011081457138061523,1
deepened,increased,2.3876953125,-0.03844203054904938,1
defiance,malediction,2.0244140625,-0.06644657254219055,1
delusion,witchcraft,-4.0556640625,-0.11207917332649231,1
details,subjects,-0.336944580078125,0.12234601378440857,1
dienes,polyenes,1.3671875,-0.380832701921463,1
differentiation,integration,-0.759765625,0.05556139349937439,1
dig,dig,4.61328125,0.09367670118808746,1
dining,sitting,0.4248046875,-0.04529285430908203,1
disappointed,puzzled,-1.6171875,-0.03770482540130615,1
disappointed,sad,0.32354736328125,0.08043989539146423,1
discipline,holy,-2.037841796875,0.16100935637950897,1
discipline,obedience,-3.48974609375,-0.022211074829101562,1
discipline,satisfaction,0.196533203125,0.034548066556453705,1
discriminating,just,-2.73828125,-0.2508476674556732,1
disenfranchised,lonely,-2.0077362060546875,0.07465706765651703,1
dive,dive,-1.7074737548828125,-0.08505882322788239,1
dive,jump,8.271484375,-0.019221127033233643,1
dragging,slow,-4.796875,-0.12301568686962128,1
drenched,shivering,-2.0421142578125,0.032270774245262146,1
dressed,washed,1.435546875,0.17226406931877136,1
drinkning,eating,-0.418243408203125,-0.18653354048728943,1
dukes,lords,1.0029296875,0.0445389449596405,1
dusty,withered,3.21435546875,-0.12068381905555725,1
dynasties,kings,-3.56640625,0.36619868874549866,1
easy,joyful,-1.09619140625,-0.027814581990242004,1
easy,pleasant,-3.876953125,0.015508316457271576,1
easy,quick,-4.902801513671875,0.21675871312618256,1
easy,slow,-4.345703125,0.010624080896377563,1
eating,eating,1.236328125,-0.09933111071586609,1
eating,food,0.2634258270263672,0.05522535368800163,1
eating,sitting,-0.0751953125,0.029730141162872314,1
eating,slurping,4.9866943359375,-0.09133557975292206,1
eating,thinking,-2.84356689453125,0.06864777207374573,1
economically,safely,-1.04364013671875,-0.06954911351203918,1
effective,quick,-3.843505859375,0.2822105884552002,1
effective,rugged,-0.34423828125,-0.006991833448410034,1
electrodes,filaments,3.388671875,0.08316804468631744,1
eloquent,grateful,9.0703125,0.42104852199554443,1
endothermic,homoeothermic,0.911376953125,-0.14338722825050354,1
enjoyments,surprises,3.44140625,-0.10560806095600128,1
exceeded,reached,-0.79754638671875,-0.007443457841873169,1
exist,move,1.6015625,0.13263864815235138,1
expensive,impractical,-2.701416015625,0.13094046711921692,1
expensive,just,6.82305908203125,-0.0765705406665802,1
expensive,showy,3.271484375,-0.31442520022392273,1
exporters,importers,-0.85791015625,0.03536257892847061,1
fatigue,terror,-0.427093505859375,0.07147814333438873,1
fearlessly,truly,0.83984375,-0.025219768285751343,1
feelings,thinking,-6.27734375,0.07038092613220215,1
fewer,fewer,0.32421875,0.02892187237739563,1
fibre,metal,3.408203125,0.0172061026096344,1
fields,fields,3.595703125,0.09187457710504532,1
fields,mountains,2.253650665283203,-0.039136409759521484,1
fields,trees,-5.0186309814453125,0.05739590525627136,1
fierce,resolute,1.759521484375,0.12481456995010376,1
films,musicals,-2.30029296875,-0.16992700099945068,1
finding,seeking,-3.646484375,0.4383116364479065,1
fingers,food,-6.53759765625,0.13623423874378204,1
fingers,gabbling,-0.91015625,0.04882420599460602,1
fingers,penguin,3.173828125,0.10094752162694931,1
firing,food,-1.225830078125,0.10086438804864883,1
flapping,flapping,2.796875,0.41065120697021484,1
flurry,worry,2.02001953125,-0.04856640100479126,1
food,horse,2.29443359375,-0.08927534520626068,1
food,material,3.907958984375,-0.31301286816596985,1
food,news,-1.0755615234375,-0.38776618242263794,1
food,newspapers,5.0018310546875,-0.025611579418182373,1
fools,weaklings,-1.8817596435546875,0.16313707828521729,1
forevermore,now,2.4677734375,-0.7926828861236572,1
forgotten,lonely,2.201171875,-0.29610344767570496,1
fought,fought,-2.9873046875,0.23761576414108276,1
front,hind,0.6734046936035156,0.11192703992128372,1
frozen,wet,-3.690185546875,-0.2786466181278229,1
frugality,industry,-0.7545166015625,-0.044804394245147705,1
furniture,interiors,0.2950439453125,0.036115020513534546,1
gaiters,smocks,-0.43359375,0.07247321307659149,1
gashed,gored,1.83544921875,0.1420537531375885,1
genial,pleasant,-1.01953125,-0.23507827520370483,1
geographic,magnetic,-4.84686279296875,0.02034676820039749,1
geographical,otherwise,2.80841064453125,0.2561120390892029,1
geology,mineralogy,1.30828857421875,-0.09032918512821198,1
ginger,sugar,-2.422119140625,0.0016770809888839722,1
girls,women,2.5986328125,0.07796953618526459,1
glitter,sequins,1.114013671875,0.43431323766708374,1
goats,knifes,-5.9467620849609375,0.13180382549762726,1
gorgeous,sunny,1.75244140625,0.31429237127304077,1
governments,militaries,-0.1967926025390625,0.09570273756980896,1
grab,try,-2.84765625,-0.13307097554206848,1
grain,wheat,-4.205078125,-0.043935805559158325,1
grateful,low,-1.140289306640625,0.08727356791496277,1
grateful,luxurious,0.90179443359375,-0.12462909519672394,1
grayer,grayer,1.798828125,-0.28661414980888367,1
greasing,loosening,-4.8994140625,-0.23108729720115662,1
guilty,uncomfortable,-0.55419921875,0.03275148570537567,1
gutters,trees,-0.0330810546875,0.4642467796802521,1
handshakes,photo,-1.162841796875,-0.2321127951145172,1
happily,safely,1.328125,-0.038710638880729675,1
harmless,pleasant,-0.919921875,0.2036338597536087,1
harmless,small,-4.404296875,0.0739564299583435,1
hate,hate,1.5771255493164062,0.0026171058416366577,1
hate,vengeance,-2.2322998046875,0.06195014715194702,1
healed,humbled,1.5853347778320312,-0.03689280152320862,1
herbalists,naturopaths,0.912017822265625,0.0934683308005333,1
heresy,schism,0.62432861328125,0.030061304569244385,1
herodotean,homeric,5.6976776123046875,-0.17354974150657654,1
hexagonal,monoclinic,-5.2857666015625,0.23549823462963104,1
hish,low,-5.080078125,0.38221168518066406,1
hither,yon,3.14453125,-0.00680193305015564,1
holy,just,-0.6611328125,0.3451796770095825,1
honestly,truly,-3.906005859375,-0.25318118929862976,1
horse,horse,-4.36279296875,-0.3993934094905853,1
imitations,sentences,-0.498046875,-0.17652341723442078,1
impatience,revolt,1.017578125,0.4282117187976837,1
impractical,uncomfortable,-3.0126953125,0.02227957546710968,1
increased,stimulated,1.638916015625,0.10357771813869476,1
industry,obedience,-1.0185546875,0.12371009588241577,1
infamy,shame,-0.521484375,0.34501177072525024,1
insincerity,treachery,-2.9747314453125,-0.18687954545021057,1
inspection,repair,-0.294921875,0.17544788122177124,1
intelligent,pleasant,-0.49609375,-0.08310101926326752,1
intelligent,superior,1.3978271484375,-0.24112167954444885,1
intelligent,unprejudiced,0.30908203125,0.15117916464805603,1
interested,kindly,1.2196044921875,-0.018781721591949463,1
interested,slow,-0.7359619140625,0.13750256597995758,1
interrupted,low,-3.66796875,0.27897414565086365,1
intimate,small,-3.06671142578125,0.4600110948085785,1
intimidate,try,0.83734130859375,0.005286067724227905,1
investments,pilgrimage,-4.7467041015625,-0.027195274829864502,1
just,pious,-1.255859375,-0.055830419063568115,1
just,rightful,6.710458755493164,0.46011364459991455,1
just,try,1.07421875,0.3770844042301178,1
kindest,wisest,2.2724609375,0.00533130019903183,1
kindly,philanthropic,0.58984375,0.07221444696187973,1
kindly,pious,-0.56640625,-0.13494864106178284,1
kindly,pleasant,-3.67578125,0.045342206954956055,1
kings,lords,6.857421875,0.3561103343963623,1
kiss,tell,1.1748046875,-0.27507948875427246,1
knock,try,-1.36328125,0.42471790313720703,1
labored,slow,-0.6533203125,0.2850112318992615,1
laces,stays,-0.0244140625,-0.20347386598587036,1
laconic,slow,2.0872039794921875,0.26105988025665283,1
land,mountains,-3.90673828125,0.049896031618118286,1
land,naval,5.84765625,0.6995841264724731,1
land,possessions,3.814453125,0.04124556481838226,1
land,seas,0.265167236328125,0.08197446167469025,1
land,try,2.8023681640625,0.14420387148857117,1
laxer,shaggier,0.608642578125,0.2734183669090271,1
lesbians,women,0.058287620544433594,-0.05152827501296997,1
lethality,range,-1.1884765625,-0.0025288015604019165,1
lettuce,radishes,9.160400390625,-0.12862129509449005,1
lie,lie,0.6044921875,0.10361948609352112,1
lie,shoot,-0.3983154296875,0.24446523189544678,1
listen,listen,-1.6943359375,0.05069250240921974,1
listen,pause,5.115478515625,0.10076820850372314,1
listen,try,1.127716064453125,-0.002034813165664673,1
literature,newspapers,2.198394775390625,0.03727750480175018,1
literature,religion,2.919921875,0.07638155668973923,1
lonely,sad,0.90283203125,-0.06481808423995972,1
lonely,sick,-0.90869140625,-0.30860596895217896,1
lonely,solitary,3.8046875,-0.12591023743152618,1
lonely,wet,-0.673828125,0.011738903820514679,1
lonely,wide,3.639862060546875,0.15241798758506775,1
low,lower,2.0411376953125,0.23298028111457825,1
low,primary,3.8134765625,0.2761526107788086,1
low,quick,-1.908203125,0.060490354895591736,1
low,rounded,2.9172210693359375,0.21478742361068726,1
low,sad,1.90625,0.1109342873096466,1
low,slow,1.060546875,-0.13333377242088318,1
low,wet,2.056753158569336,0.0027954131364822388,1
lower,lower,-4.8106842041015625,0.06602026522159576,1
lower,slower,-1.775390625,0.12075057625770569,1
lowriders,women,0.8896484375,0.2276388257741928,1
maimed,sick,-1.1670339107513428,0.007103681564331055,1
manacle,prison,-4.61328125,-0.49235281348228455,1
march,sing,4.37213134765625,0.14770804345607758,1
memorizing,remark,1.88671875,0.03467261791229248,1
mercury,mud,3.53515625,-0.11392854154109955,1
metal,woodwork,-1.236328125,0.10054180026054382,1
mid,small,-5.2159423828125,0.3766045570373535,1
moderator,panelist,1.0887908935546875,-0.3356967866420746,1
molecules,solids,-1.7578125,-0.21601033210754395,1
mom,pop,0.87109375,0.3904690742492676,1
momentum,position,-2.5653228759765625,0.15663555264472961,1
monstrous,terrific,0.767578125,-0.18160420656204224,1
morality,religion,1.9176712036132812,-0.09181137382984161,1
mortice,tenon,1.70361328125,-0.11281701922416687,1
mountains,plateaux,-5.029296875,0.1364450454711914,1
mountains,seas,1.810546875,-0.32431289553642273,1
mountains,trees,-0.3465576171875,-0.191815584897995,1
move,move,3.05206298828125,-0.22774216532707214,1
move,position,7.130859375,0.23525601625442505,1
mud,slime,4.578125,0.05099065601825714,1
mud,stones,-3.171875,0.05361773073673248,1
murdering,robbing,0.268798828125,0.11224083602428436,1
murkier,murkier,-1.91015625,-0.35970914363861084,1
naked,weaponless,2.35986328125,-0.21882790327072144,1
napkins,silverware,-6.1171875,0.05605404078960419,1
nervously,peevishly,3.302734375,-0.419448584318161,1
newies,townies,-2.484375,-0.08127722144126892,1
nicer,nicer,1.265625,0.03468520939350128,1
nights,nights,-0.6241302490234375,-0.2124217450618744,1
nodding,nodding,-2.2281494140625,0.08439368009567261,1
nodding,rocking,2.6179275512695312,0.25336185097694397,1
now,now,-4.060546875,-0.3132117688655853,1
now,so,-1.22265625,-0.37195906043052673,1
nursery,primary,0.163116455078125,0.5920482873916626,1
obedience,restraint,3.5849609375,0.17523430287837982,1
obedience,socialization,4.854248046875,-0.04948997497558594,1
obedience,terror,-0.91839599609375,-0.07066580653190613,1
office,wealth,1.1050615310668945,-0.049873337149620056,1
oftener,oftener,1.12109375,-0.10955595970153809,1
opens,slams,-0.0859375,0.015067487955093384,1
outbuildings,trees,0.222412109375,-0.1379850208759308,1
overalls,pigtails,1.2314453125,-0.2044501006603241,1
pans,tachos,-3.033203125,-0.08696950972080231,1
parched,uncomfortable,-0.689453125,0.08266758918762207,1
pauses,progresses,-1.322265625,-0.24249696731567383,1
peculiar,quick,2.720703125,0.1438107043504715,1
perishing,sickening,2.617431640625,-0.028616607189178467,1
petrol,petrol,-1.2218055725097656,-0.17195448279380798,1
pitched,unwound,-1.826171875,-0.2773313522338867,1
plainer,plainer,3.099609375,0.033329837024211884,1
planning,thinking,-4.9375,0.28192079067230225,1
pleasant,solitary,1.3203125,-0.1772679090499878,1
pleasant,wholesome,7.978515625,-0.045929282903671265,1
portly,princely,3.559326171875,0.006492882966995239,1
position,wealth,4.638671875,-0.48448511958122253,1
possessions,products,-1.9765625,-0.07157844305038452,1
pressed,trodden,-1.3720703125,0.15323354303836823,1
primitive,small,-2.962890625,0.1633402556180954,1
principle,purpose,-4.2548828125,0.0719623938202858,1
prison,psychiatrists,0.11126708984375,0.24360981583595276,1
processes,products,8.9091796875,-0.34892889857292175,1
processes,uses,-0.19921875,-0.3652649223804474,1
psychologists,sociologists,1.162109375,-0.0911439061164856,1
puffed,puffed,-2.3076171875,0.11117815226316452,1
puzzled,slow,1.078125,0.12465007603168488,1
quick,resolute,-0.146484375,0.08935879170894623,1
quick,skilful,-1.605010986328125,0.03929343819618225,1
quick,small,1.826171875,-0.023860350251197815,1
raining,raining,-2.2034912109375,-0.11958850920200348,1
rarer,rarer,-2.953125,-0.07066603004932404,1
reached,rounded,0.227783203125,-0.1841440498828888,1
read,read,2.314453125,0.05380509793758392,1
read,talked,-0.2195892333984375,0.26654908061027527,1
read,try,0.6171875,0.28956419229507446,1
realer,realer,2.626953125,-0.29063233733177185,1
realism,symbolism,-1.0712890625,0.11927521228790283,1
reared,whinnied,0.3079833984375,-0.054619431495666504,1
redder,redder,-0.1640625,-0.1088961660861969,1
ride,shoot,2.533203125,-0.18377652764320374,1
rounded,rugged,-4.1552734375,0.07870768010616302,1
rubies,sapphires,3.966064453125,-0.4760803282260895,1
rugged,small,0.1796875,0.20857110619544983,1
rugged,steep,-3.66876220703125,0.10072573274374008,1
rugged,thrifty,1.33074951171875,0.0652059018611908,1
ruthlessness,treachery,-3.6179046630859375,-0.05529046058654785,1
sad,sick,1.130859375,-0.3231479823589325,1
sad,solitary,0.91796875,0.08630569279193878,1
sad,sullen,-0.74609375,0.14160387217998505,1
safely,simply,-1.9561767578125,-0.15825039148330688,1
scowling,squinting,0.22265625,-0.023970812559127808,1
screamed,screamed,-1.7890090942382812,0.11109081655740738,1
secretive,vengeful,0.02557373046875,-0.30805665254592896,1
seductive,sexy,4.26171875,0.012755617499351501,1
selective,skilful,3.292724609375,0.014005407691001892,1
sepsis,thrombosis,4.4619140625,0.3658166229724884,1
serbian,yugoslav,-1.4866180419921875,0.2584884464740753,1
set,try,0.40692138671875,-0.3107433617115021,1
shale,stones,1.37359619140625,-0.30704742670059204,1
shell,shrapnel,-0.001953125,-0.046673327684402466,1
shoot,shoot,2.55859375,-0.30282342433929443,1
simply,strictly,-3.455078125,0.11667971312999725,1
slow,slower,0.0606689453125,-0.28721868991851807,1
slow,small,-0.114501953125,0.2741568684577942,1
slow,wearily,0.125,0.25061163306236267,1
slower,slower,-7.033203125,-0.18598780035972595,1
slower,surer,2.9291229248046875,-0.28934165835380554,1
small,uncomfortable,-3.2962646484375,-0.10998228192329407,1
small,unimportant,-2.140737533569336,-0.33149397373199463,1
snake,stool,0.349609375,-0.24471518397331238,1
so,so,0.1456298828125,-0.05552014708518982,1
stool,truck,-1.650390625,0.3951795995235443,1
stranger,stranger,4.264892578125,-0.10197204351425171,1
stretched,stretched,2.6572265625,0.412580668926239,1
stunned,stupefied,-0.09375,-0.31132349371910095,1
sullen,wrathful,2.0859375,0.25273507833480835,1
sun,sun,-3.83984375,0.12084345519542694,1
sunnier,sunnier,-1.37890625,0.2469855546951294,1
swiftest,wisest,3.803985595703125,-0.15814164280891418,1
talked,talked,-0.1969137191772461,-0.19664308428764343,1
talked,walked,0.3787689208984375,-0.05217769742012024,1
teaspoon,teaspoons,-5.8583984375,-0.3637023866176605,1
thinking,thinking,3.611328125,0.17842435836791992,1
thinking,wishing,0.7086181640625,-0.07870221138000488,1
thousands,thousands,2.337890625,0.1413450390100479,1
tighter,tighter,-3.177734375,-0.14609035849571228,1
trees,trees,0.9365234375,0.03267700970172882,1
trees,undergrowth,-0.91094970703125,0.39825543761253357,1
tried,tried,-4.8115234375,0.21747612953186035,1
try,try,2.786865234375,0.17419293522834778,1
walked,walked,-0.1103515625,-0.07211832702159882,1
weeps,weeps,-1.814453125,-0.11873996257781982,1
wetter,wetter,-1.0194091796875,0.004356972873210907,1
whispered,wore,-3.8623046875,0.10997481644153595,1
wishing,wishing,5.1394805908203125,-0.0860050618648529,1
younger,younger,-1.4649658203125,-0.046308696269989014,1
abloom,sweet,1.2353515625,0.0968635156750679,2
abuse,derision,0.07586669921875,0.12660562992095947,2
abuse,profanity,-1.21533203125,0.2659715712070465,2
abuse,violence,-0.9203262329101562,0.1722644865512848,2
aching,hot,-4.2183837890625,-0.019539035856723785,2
acrid,hot,-1.98016357421875,0.23691511154174805,2
acronyms,bits,1.56640625,-0.15095511078834534,2
addictive,dangerous,-1.046875,-0.003547199070453644,2
addresses,names,-0.8955078125,-0.2793008089065552,2
adorable,cute,4.100830078125,0.26274970173835754,2
age,dirt,3.40869140625,-0.18931588530540466,2
age,usage,-0.57421875,0.16897279024124146,2
algae,cyanobacteria,-0.92041015625,0.17831502854824066,2
algae,pondweed,-0.453125,0.026768602430820465,2
algae,salts,0.861328125,0.18158820271492004,2
always,always,0.570556640625,-0.12128891795873642,2
always,everywhere,-2.939453125,0.034255050122737885,2
amazed,furious,1.947265625,0.026346541941165924,2
amazed,screaming,-2.685546875,0.08290683478116989,2
amazed,terrified,-5.6361083984375,0.07927188277244568,2
amazed,utter,1.0,0.081436388194561,2
ambulance,police,0.99609375,0.16124828159809113,2
amending,improving,-6.125,0.141913503408432,2
amplifiers,loudspeakers,0.8236083984375,0.13169258832931519,2
analysis,commentary,2.09521484375,0.036354295909404755,2
analysis,presentation,-0.93359375,0.06245392560958862,2
analysis,remodeling,-0.157012939453125,-0.0730573758482933,2
animated,fresh,2.322021484375,-0.13359901309013367,2
antifreeze,polyester,-2.11944580078125,0.1915735900402069,2
arch,winsome,-2.4465484619140625,-0.05336368829011917,2
argue,debate,1.2802734375,0.07091298699378967,2
arrives,comes,0.071319580078125,0.18304793536663055,2
artificial,insincere,4.740447998046875,-0.09122652560472488,2
ascending,descending,0.99755859375,0.08650194108486176,2
ash,gas,-0.96875,0.23924702405929565,2
astrology,mathematics,-5.62255859375,0.14008048176765442,2
aviation,certification,-3.40625,0.3134597837924957,2
backing,veering,1.73828125,-0.0554630383849144,2
badminton,swimming,-0.998046875,-0.01099049299955368,2
banking,finance,0.0234375,-0.08385556191205978,2
banksia,eucalyptus,-0.81640625,-0.11125905066728592,2
bark,crow,-3.712890625,-0.11692299693822861,2
basophils,eosinophils,-2.807781219482422,0.10380811989307404,2
batteries,magnets,2.2630081176757812,-0.052452318370342255,2
beaded,embroidered,3.693359375,-0.06919025629758835,2
bearskins,deerskins,5.76171875,-0.07187440246343613,2
bedelia,sally,-1.3349609375,-0.20724520087242126,2
beetlebugs,caterpillars,-5.47186279296875,0.16087500751018524,2
begged,shivered,-3.310546875,0.38248541951179504,2
behaviourally,morphologically,-1.12432861328125,0.15501968562602997,2
bell,tentacles,-3.2845458984375,0.21512120962142944,2
bereavement,destruction,6.34375,-0.15226301550865173,2
bettering,education,-3.875,-0.033291347324848175,2
bias,discrimination,0.7320747375488281,0.24453198909759521,2
biggest,gravest,1.15234375,-0.07760816067457199,2
binding,lawful,0.193359375,-0.1446596086025238,2
bionic,hot,-0.634765625,0.31783419847488403,2
birds,dolls,1.7265625,-0.20156335830688477,2
birds,mammals,2.97320556640625,-0.3685659170150757,2
birds,mosquitoes,-1.4176025390625,-0.19993793964385986,2
bits,bits,-0.255859375,-0.2898452579975128,2
bits,dirt,2.9609375,-0.30670011043548584,2
bits,dust,-1.341796875,-0.3584851920604706,2
bits,strips,2.97265625,-0.1702541708946228,2
bitter,cloudy,1.919677734375,0.12321177124977112,2
bitter,furious,-0.5301895141601562,0.20207619667053223,2
bitter,hot,2.84112548828125,0.10338019579648972,2
bitter,malignant,2.4384765625,0.004831530153751373,2
bitter,proud,-0.5109481811523438,0.2932063937187195,2
bitter,repeated,3.06671142578125,0.1450015902519226,2
bitter,sanguinary,1.1796875,-0.08210580796003342,2
bland,innocent,3.851348876953125,0.12037023901939392,2
blankets,cushions,-0.970703125,-0.03803569823503494,2
blankets,dolls,-1.3291015625,-0.28278443217277527,2
bleed,bleed,3.12890625,0.16032224893569946,2
blinking,winking,-3.5234375,0.35140329599380493,2
blocks,box,0.0814208984375,-0.009917281568050385,2
blocks,rebounds,0.935791015625,-0.04742114990949631,2
blocks,toys,0.10205078125,-0.17856737971305847,2
blooming,fresh,-0.0851287841796875,0.15290774405002594,2
blotched,red,3.17724609375,0.08734597265720367,2
blotched,wrinkled,-1.990447998046875,0.30006659030914307,2
bluebells,cowslips,-8.015869140625,-0.0543019101023674,2
bondage,distress,-1.44073486328125,-0.001836925745010376,2
bone,muscle,3.47607421875,-0.054711245000362396,2
bored,impatient,-3.091796875,-0.02236294001340866,2
bored,neglected,2.55517578125,-0.15595394372940063,2
bored,tired,-1.444732666015625,-0.01535683125257492,2
bottles,bottles,3.2470703125,0.029822461307048798,2
bourbon,whiskey,4.60546875,0.13703331351280212,2
box,tape,2.702850341796875,0.09695862978696823,2
boxing,swimming,0.9118499755859375,-0.051053889095783234,2
brusque,businesslike,-1.14697265625,-0.05481448024511337,2
bulkhead,deck,1.96875,-0.12834039330482483,2
burgers,shrimp,1.8509941101074219,0.06415728479623795,2
burrows,feeds,-0.0333251953125,0.1195535734295845,2
calendar,email,-1.6772966384887695,0.05539988726377487,2
calms,storms,3.71875,0.01118554174900055,2
camaraderie,friendship,0.8515625,0.10636696219444275,2
came,listened,-2.056640625,0.1684303730726242,2
camels,donkeys,-0.45703125,-0.3318394124507904,2
camels,goods,-0.8446044921875,-0.17137068510055542,2
cameras,toys,-0.66259765625,-0.25028520822525024,2
candidacy,vote,-6.7918701171875,-0.17729580402374268,2
cantons,cantons,0.6171875,-0.10490613430738449,2
cap,weeping,0.7579116821289062,-0.011448852717876434,2
capability,lines,1.515625,-0.11207786947488785,2
catalysts,pigments,-4.0936279296875,-0.32421961426734924,2
categories,subcategories,-0.52392578125,0.24895969033241272,2
challenges,controversies,0.11328125,0.22913554310798645,2
chapters,chapters,5.6337890625,-0.08660653978586197,2
cheated,robbed,-1.30419921875,0.15695597231388092,2
cheerfulness,courage,-1.396484375,-0.017192594707012177,2
cheese,egg,2.125,-0.09122946113348007,2
cheese,garlic,2.27734375,-0.14472702145576477,2
cheese,meat,7.505859375,-0.36625975370407104,2
cheese,tomato,-1.0626296997070312,-0.04838796705007553,2
chemicals,heat,-2.296875,0.03450087457895279,2
chemicals,polymers,0.52630615234375,0.08812232315540314,2
chuckles,nods,1.99609375,0.1525210589170456,2
clandestine,immoderate,-0.93359375,-0.21596762537956238,2
clatter,clicks,3.9683837890625,-0.0383216068148613,2
clear,clear,2.587890625,-0.058398567140102386,2
clear,compelling,-6.931640625,0.02275335043668747,2
clear,composed,-2.466796875,-0.11049801856279373,2
clear,fresh,2.08172607421875,0.1730366349220276,2
clear,frosty,-0.2939453125,0.0013189241290092468,2
clear,full,0.05078125,-0.13704583048820496,2
clear,lighter,-3.15087890625,-0.16501909494400024,2
clear,limpid,1.0810546875,0.011748932301998138,2
clear,precise,5.068359375,-0.2663255035877228,2
clear,red,0.66796875,0.3603071868419647,2
clear,regular,4.51416015625,-0.07375457137823105,2
clear,smooth,-1.77813720703125,-0.0018519386649131775,2
clear,specific,-0.916015625,-0.03319183737039566,2
clear,starry,-0.6845703125,-0.12075427919626236,2
clear,sweet,-2.03515625,-0.024792365729808807,2
clear,true,0.58984375,-0.1650177240371704,2
clear,unhesitating,-1.3896484375,0.2046276330947876,2
clearer,clearer,-0.8291015625,0.12043046206235886,2
clearer,louder,-10.379165649414062,0.18043342232704163,2
climbed,climbed,1.4979248046875,-0.19464430212974548,2
climbed,scrambled,-0.22021484375,0.3220343589782715,2
closed,forbidding,-2.2266845703125,0.022522248327732086,2
closed,secured,-1.56591796875,0.17332985997200012,2
closets,pantry,-0.62109375,-0.13257673382759094,2
cloudy,gray,4.6962890625,0.1269788146018982,2
coarse,scanty,-2.375,-0.01508890837430954,2
coarse,tough,0.84033203125,0.25237300992012024,2
cobwebs,dirt,-3.5859375,-0.21576562523841858,2
cobwebs,dust,-0.05078125,-0.5618396401405334,2
coins,medals,-3.10400390625,-0.2042391002178192,2
coins,notes,-1.283203125,-0.0700809583067894,2
combat,demolition,2.021484375,-0.181350439786911,2
communicating,composition,-2.00030517578125,0.10631926357746124,2
company,tiffany,-0.796875,-0.14492303133010864,2
compare,contrast,-0.21484375,-0.05036342889070511,2
competitive,cultural,-1.35498046875,0.3736116290092468,2
complex,dangerous,-0.7191162109375,0.11297259479761124,2
complex,proud,-3.523681640625,0.27274882793426514,2
complex,unresolved,0.0185546875,0.07667282223701477,2
complex,vast,2.501556396484375,0.1747470647096634,2
composition,singing,-1.08349609375,-0.08619114011526108,2
computers,radio,1.236328125,0.19831669330596924,2
computers,science,-1.2488946914672852,0.13286902010440826,2
comradery,friendship,1.30810546875,0.09292663633823395,2
concordats,treaties,-1.8797607421875,-0.08411992341279984,2
conditions,standards,0.1748046875,0.09177719056606293,2
conferences,lectures,1.630859375,0.058746591210365295,2
confidence,courage,0.72265625,-0.22259414196014404,2
confidence,encouragement,0.0455474853515625,-0.3895408809185028,2
confidence,faith,-8.778045654296875,-0.22084030508995056,2
confidence,friendship,-1.4296875,-0.03350510448217392,2
confrontation,dissention,1.4429473876953125,0.21108074486255646,2
conscience,morals,-4.9111328125,-0.04078703373670578,2
conscience,reason,3.484619140625,-0.02713514119386673,2
consequentialism,deontology,-1.7972984313964844,0.01795775443315506,2
consistently,correctly,-1.29254150390625,-0.41902032494544983,2
convenience,friendship,-1.5751953125,0.014580480754375458,2
coordinated,disciplined,-2.771484375,-0.44176891446113586,2
corals,shells,-2.431640625,-0.3333543837070465,2
cordiality,friendship,1.232421875,0.08519862592220306,2
cormalite,limestone,1.5703125,0.1058502197265625,2
courage,dignity,-3.177734375,-0.06069337576627731,2
courage,discernment,-2.2040252685546875,-0.004482589662075043,2
courage,faith,1.184539794921875,-0.313846617937088,2
courage,optimism,1.53125,-0.13740727305412292,2
courage,strength,3.5791015625,0.12601611018180847,2
creamy,smooth,0.0,-0.04528596252202988,2
creamy,sweet,-0.9296875,-0.06177569180727005,2
creamy,thick,-2.965576171875,0.12555570900440216,2
criticized,unpopular,3.59765625,0.10500388592481613,2
crooked,dangerous,-1.377685546875,0.013094991445541382,2
crude,early,0.63671875,0.1173180490732193,2
cruelty,injustice,0.60009765625,0.0466579869389534,2
cruelty,oppression,-2.983154296875,0.03998182713985443,2
cruelty,selfishness,-1.107421875,0.1437130570411682,2
cruelty,violence,-1.080078125,0.13415101170539856,2
cultural,education,-0.69512939453125,0.19275951385498047,2
cultural,personal,0.730224609375,0.04937417060136795,2
cultural,physical,-0.12890625,0.13579042255878448,2
cultural,publicity,-2.6708984375,0.07957565784454346,2
cultural,sporting,-1.450927734375,0.29189759492874146,2
curiously,suspiciously,-1.771484375,0.045574694871902466,2
cushions,trucks,-1.5376787185668945,-0.21731311082839966,2
cute,innocent,0.15625,-0.3711177110671997,2
cute,sweet,-3.9872779846191406,-0.1089615598320961,2
cyanotic,unresponsive,3.234375,0.23246589303016663,2
cycling,swimming,0.30517578125,0.1418944150209427,2
damanes,trespass,-0.859375,0.026360057294368744,2
dangerous,hot,-3.03717041015625,0.22845083475112915,2
dangerous,miserable,1.3040771484375,-0.08952111750841141,2
dangerous,true,-1.0789794921875,0.10834216326475143,2
dangerous,unpopular,3.703125,0.10541871190071106,2
darkening,lightening,4.597686767578125,-0.12993216514587402,2
datebooks,pens,-0.6796875,0.11672890186309814,2
deceit,dishonesty,-1.4892578125,0.2916090190410614,2
deeds,documents,2.193115234375,-0.0767948254942894,2
deeds,notes,-0.6129150390625,0.06756016612052917,2
defeated,unpopular,0.40234375,0.15649312734603882,2
demolition,deterioration,0.5234375,0.09190239757299423,2
demolition,maintenance,0.572357177734375,0.22737501561641693,2
demonolatry,idolatry,-5.2451171875,0.13245372474193573,2
deportment,dignity,-0.541015625,0.043611131608486176,2
depraved,sinful,0.99462890625,0.15465950965881348,2
derision,drunkenness,-2.9051513671875,-0.1519622504711151,2
destruction,misery,-0.7333984375,-0.1659928858280182,2
destruction,rebirth,-1.4901123046875,0.22730517387390137,2
destruction,war,-3.144775390625,0.12222018837928772,2
developed,modern,1.934844970703125,-0.11227721720933914,2
dialogs,recitations,1.92578125,0.06839149445295334,2
dials,receiver,-2.3525390625,-0.03215574473142624,2
died,suffered,-0.7353515625,-0.047832243144512177,2
dignity,strength,-0.1220703125,0.00020420551300048828,2
dinosaur,lion,-1.3690223693847656,0.08427087217569351,2
dirt,dust,1.1380615234375,-0.1882704198360443,2
dirt,poisons,2.5444374084472656,-0.1454259753227234,2
disaster,failure,2.69482421875,0.16809922456741333,2
disciplined,regular,4.180419921875,0.06033162772655487,2
discrimination,fights,1.6357421875,0.22332525253295898,2
discrimination,slavery,-1.985595703125,0.32574737071990967,2
discrimination,violence,-0.025390625,0.09166878461837769,2
dishonesty,injustice,11.0537109375,-0.004301868379116058,2
disobedience,misery,-1.436767578125,0.07794186472892761,2
disobedience,negligence,1.5069580078125,0.07346820086240768,2
dispatch,neatness,-1.77734375,-0.18802481889724731,2
distress,misery,1.14910888671875,-0.13283565640449524,2
distress,privation,-0.54345703125,0.24915990233421326,2
dogs,dolls,-1.044921875,-0.2210041582584381,2
dogs,ferrets,1.62261962890625,-0.1408577561378479,2
dogs,pistols,-2.4736328125,-0.13744166493415833,2
dogs,poets,0.189453125,0.02880830317735672,2
dollars,dollars,3.1058177947998047,-0.12134215980768204,2
dolls,dolls,3.3375396728515625,-0.24460026621818542,2
dolls,pram,0.18306541442871094,-0.049836479127407074,2
dolls,toys,4.3203125,-0.16898617148399353,2
domestic,local,-2.30859375,0.01114063709974289,2
domestic,sexual,-2.126953125,-0.2419443130493164,2
dominant,official,-0.450439453125,0.045703060925006866,2
downhearted,gloomy,-1.40234375,0.1106216311454773,2
dozens,dozens,-3.09375,0.06385502219200134,2
draw,schedule,-0.868896484375,-0.07954327017068863,2
dreams,reality,-1.57373046875,-0.027341105043888092,2
dreams,stories,-1.4296875,0.09788605570793152,2
drongos,flycatchers,-4.8583984375,-0.11057805269956589,2
dug,dug,2.293701171875,-0.0752786323428154,2
dumplings,steam,-1.08984375,0.20613574981689453,2
dust,gas,4.01953125,-0.19953382015228271,2
dust,gravel,2.3564453125,-0.03543902188539505,2
dust,heat,-0.8907394409179688,0.025165550410747528,2
dust,waste,-13.89105224609375,0.06486143916845322,2
dweebs,geeks,-0.11419677734375,0.23059357702732086,2
dyers,weavers,-1.240234375,0.011357732117176056,2
early,extraordinary,-0.513671875,0.24098357558250427,2
early,personal,-1.36328125,-0.34489426016807556,2
earthworks,megaliths,0.90478515625,-0.15645712614059448,2
easier,easier,-2.091796875,0.24306756258010864,2
easier,lighter,-0.1024169921875,0.09589118510484695,2
easier,louder,-0.138916015625,-0.07068190723657608,2
eddied,swirled,-0.3549957275390625,0.0621037557721138,2
education,pedagogy,0.888671875,0.17031654715538025,2
education,science,0.4719696044921875,0.2090025544166565,2
egg,tongue,3.5634765625,-0.4265706241130829,2
elements,shapes,3.2653656005859375,-0.2071343958377838,2
embarrassment,pleasure,1.883056640625,0.1893130987882614,2
embeddings,manifolds,-1.6458740234375,-0.2943161427974701,2
emperors,empresses,6.72216796875,-0.007754705846309662,2
encouragement,praise,2.025390625,0.24941864609718323,2
encouragement,warning,2.35546875,-0.0698528066277504,2
enlarged,hollow,-1.224609375,0.04176468402147293,2
enlarged,reduced,-2.0390625,0.13516122102737427,2
enlarged,revised,0.393798828125,0.07278260588645935,2
enormous,majestic,1.666748046875,0.1303114891052246,2
enormous,powerful,0.19921875,0.24265073239803314,2
entertainments,parties,-0.8846092224121094,-0.0363212451338768,2
erect,fearless,3.600738525390625,-0.11152734607458115,2
erect,masterful,0.240966796875,0.2175212800502777,2
espresso,juice,1.542236328125,-0.2431131899356842,2
events,events,4.20703125,-0.2855032980442047,2
events,names,-0.205078125,-0.04816216975450516,2
events,relationships,2.8383331298828125,-0.056225039064884186,2
events,stories,2.734375,-0.28117305040359497,2
example,precept,3.01129150390625,0.12991350889205933,2
exhausted,hot,-0.9734992980957031,0.305509090423584,2
expound,reason,0.221282958984375,-0.0430096760392189,2
exterior,interior,-0.4375,0.11672191321849823,2
facts,myths,1.76953125,-0.07953444868326187,2
facts,names,1.54296875,-0.37394464015960693,2
faith,glory,-6.3702392578125,0.22002285718917847,2
faith,morals,-0.986328125,0.07631665468215942,2
faith,reason,-1.1396484375,0.13611280918121338,2
faith,science,0.45361328125,0.07633446902036667,2
faith,violence,-3.314453125,0.16152817010879517,2
fall,tumble,4.5251007080078125,0.16671043634414673,2
famous,hot,-2.92724609375,0.24543660879135132,2
farming,livestock,5.0419921875,0.25139233469963074,2
fast,febrile,1.1728515625,-0.22119688987731934,2
fast,furious,-0.00390625,0.180029034614563,2
fast,mushy,2.740234375,-0.23852106928825378,2
fast,powerful,1.7954940795898438,-0.05985858291387558,2
fast,steadily,-2.7049055099487305,-0.018191494047641754,2
fast,sure,-4.595703125,-0.1650770604610443,2
fast,thick,-0.35693359375,0.2519119083881378,2
fast,tough,-2.375,0.20367789268493652,2
fast,true,-2.08984375,0.21591922640800476,2
fearless,gallant,-3.174468994140625,0.14365048706531525,2
fights,war,3.146484375,0.18366339802742004,2
fits,starts,1.920684814453125,0.20059551298618317,2
flabby,wrinkled,0.65625,0.16007283329963684,2
flattery,persistence,2.0634765625,0.06890062987804413,2
flattery,pleasure,0.330078125,0.009288206696510315,2
flattery,servility,1.42913818359375,0.09039334207773209,2
flies,mosquitoes,-3.244140625,-0.03886548429727554,2
flippers,lungs,4.73046875,-0.08033811300992966,2
flopped,stumbled,1.8125,0.23557716608047485,2
flushed,hoarse,-0.931640625,0.02323145419359207,2
flushed,hot,-2.952972412109375,0.13278143107891083,2
flushed,impatient,4.0276336669921875,0.35929298400878906,2
flushed,radiant,0.3515625,0.32086560130119324,2
flushed,red,-0.6004657745361328,0.04607047140598297,2
flushed,tired,-0.2479705810546875,0.28859782218933105,2
flushed,unhappy,-6.918701171875,0.025806136429309845,2
fog,storms,-0.2108917236328125,0.07893657684326172,2
fog,wind,1.91015625,-0.12726524472236633,2
forage,gather,0.6097412109375,0.10951719433069229,2
foreboding,loneliness,1.2520751953125,0.05686569958925247,2
founding,full,-0.5260848999023438,0.0543472021818161,2
founding,prominent,5.8349609375,0.19615909457206726,2
freakier,freakier,-1.947021484375,0.3068920075893402,2
freight,luggage,-2.63037109375,0.10356222093105316,2
fresh,hot,-0.3203125,-0.2927107512950897,2
fresh,sweet,-0.50390625,-0.38501790165901184,2
fresh,unblemished,-1.171875,-0.14488378167152405,2
fresh,youthful,-2.2158203125,-0.2597830593585968,2
friendship,intimacy,-1.55487060546875,0.09646199643611908,2
friendship,loneliness,-1.896087646484375,-0.03281126171350479,2
frog,wombat,0.91015625,-0.029133133590221405,2
frosts,storms,-1.75390625,0.09704165160655975,2
fuel,heating,2.91259765625,-0.3364121615886688,2
full,immediate,-2.8857421875,0.14827623963356018,2
full,transcendent,1.5,-0.0872051790356636,2
full,true,-2.908203125,-0.3731786906719208,2
furious,hot,-3.3399810791015625,0.31745481491088867,2
furious,sputtering,-0.048828125,0.30394846200942993,2
galaxies,matter,3.8572845458984375,-0.009343825280666351,2
gallant,shrewd,0.06396484375,-0.012625463306903839,2
gallons,gallons,-4.094230651855469,-0.054765813052654266,2
gas,matter,-3.31005859375,0.27412518858909607,2
gas,steam,0.0,0.015929467976093292,2
gaunt,gray,0.705078125,-0.15973857045173645,2
gaunt,hollow,1.1801300048828125,-0.2235822081565857,2
gears,levers,-1.8564453125,-0.057794250547885895,2
gigantic,red,-0.829833984375,0.336458683013916,2
girl,goose,0.09225082397460938,0.33986207842826843,2
girl,stalking,-0.12939453125,0.11849597841501236,2
global,local,-1.09375,0.2838800847530365,2
gloomy,stern,3.041015625,0.190280944108963,2
gloomy,thick,0.142852783203125,0.034981198608875275,2
graduate,professional,6.247901916503906,0.4174025356769562,2
graduate,undergraduate,-1.1396484375,0.38975992798805237,2
grame,grief,-2.4677734375,0.16732770204544067,2
gray,grewsome,-1.3992919921875,0.23941844701766968,2
gray,red,-1.130859375,0.1891646683216095,2
gray,scanty,-1.588775634765625,-0.02800128608942032,2
gray,tired,2.25439453125,0.2617921829223633,2
gray,yellow,1.0205078125,0.31675103306770325,2
grey,red,1.394378662109375,0.1576387882232666,2
grief,horror,2.320281982421875,0.04452161490917206,2
grief,intrigue,-0.19921875,0.14598384499549866,2
grief,passion,-3.9794921875,0.032370857894420624,2
grief,rage,-2.95703125,0.11946597695350647,2
grinned,looked,1.0634765625,0.2906501889228821,2
harmonium,organ,-0.408203125,0.08579172939062119,2
hawed,himmed,0.699951171875,-0.008569739758968353,2
heaps,heaps,1.1005859375,-0.0046415552496910095,2
hearths,homes,-1.0894336700439453,-0.30363431572914124,2
heat,strength,-4.009765625,0.11040039360523224,2
heiress,owner,-3.0009765625,0.17488959431648254,2
heparin,histamine,4.0322265625,-0.023497648537158966,2
heretics,nonbelievers,1.869140625,0.02307688444852829,2
highlights,shadows,6.33203125,0.028918027877807617,2
hoarse,hollow,-2.8856658935546875,-0.05613230913877487,2
hollow,lightweight,-0.60565185546875,-0.041609399020671844,2
hollow,muffled,-0.787109375,0.015155017375946045,2
honeysuckles,jessamines,-1.5811004638671875,-0.07975826412439346,2
horrible,red,-1.41796875,0.2898058593273163,2
horrible,yellow,-1.2037353515625,-0.11754632741212845,2
horror,misery,-0.80657958984375,-0.037581346929073334,2
horror,rage,-3.5341796875,-0.028913579881191254,2
hot,mixed,-2.71240234375,0.26565197110176086,2
hot,red,-5.9615478515625,0.2846479117870331,2
hot,smoking,0.5615234375,0.1844707727432251,2
hot,steaming,-0.0587615966796875,0.01040283590555191,2
hot,sultry,-6.140625,-0.027386732399463654,2
hot,sweet,0.7793426513671875,0.0849803015589714,2
hot,tired,-0.9265670776367188,-0.14708703756332397,2
hushed,penetrated,2.7978515625,0.07631830871105194,2
illustrated,wrote,1.458984375,-0.13050836324691772,2
immediate,personal,0.98828125,0.23785734176635742,2
immediate,stern,0.330078125,0.184972882270813,2
impatient,tired,-1.252685546875,0.2352360486984253,2
increase,multiply,6.4326171875,0.08002736419439316,2
ingratitude,suspicion,-0.9931640625,0.08241508156061172,2
injustice,oppression,0.994140625,-0.08987794071435928,2
injustice,slavery,-2.762237548828125,-0.12912851572036743,2
injustice,violence,-4.25,-0.12251368910074234,2
innocent,leige,-4.1845703125,0.2278580665588379,2
innocent,sweet,1.0636978149414062,-0.09239304810762405,2
inquiringly,politely,-0.4302825927734375,0.08034301549196243,2
insincere,supercilious,-4.41693115234375,0.13668598234653473,2
insults,violence,-2.929248809814453,-0.2216503918170929,2
junior,professional,0.4017181396484375,0.036875270307064056,2
kinds,shapes,5.19140625,-0.11536528915166855,2
kinds,sorts,1.001953125,0.09049417078495026,2
leaking,patched,-0.48846435546875,0.20190012454986572,2
legos,lion,2.3471145629882812,-0.040483273565769196,2
leif,tarzan,-0.859375,0.18839320540428162,2
leukemia,lymphoma,1.9756150245666504,0.03994747996330261,2
lighter,lighter,1.790781021118164,-0.03883623331785202,2
lighter,thinner,0.0,-0.018860749900341034,2
like,talking,3.8006362915039062,-0.1437637209892273,2
limestone,marble,-1.78466796875,-0.20128878951072693,2
limped,stuttered,-3.317413330078125,0.042456209659576416,2
limpid,salutary,1.967041015625,-0.026673175394535065,2
listened,listened,1.30078125,-0.032508961856365204,2
listened,looked,-2.685791015625,0.22952020168304443,2
listened,watched,1.4118194580078125,0.028528794646263123,2
local,provincial,-1.75653076171875,0.19355568289756775,2
loneliness,misery,1.50701904296875,-0.18701520562171936,2
looked,looked,-2.37109375,0.2535676062107086,2
looked,smelt,6.6484375,0.04769004136323929,2
lost,loved,-3.193359375,0.48631444573402405,2
louder,louder,3.591796875,-0.17979583144187927,2
louder,repeated,-5.431640625,-0.26394739747047424,2
louder,sharper,-0.8046875,-0.40074780583381653,2
loyalists,unionists,-3.80584716796875,-0.10492487996816635,2
magisterial,police,4.8681640625,-0.08985098451375961,2
magnet,toys,1.16046142578125,-0.08360200375318527,2
magnificent,proud,-1.0829925537109375,0.4811263382434845,2
majestic,powerful,-6.0224609375,0.08401793986558914,2
majestic,soothing,-5.8202056884765625,0.14728979766368866,2
majestic,sublime,-0.2314453125,0.05149364471435547,2
malice,rage,-0.38330078125,-0.05646172910928726,2
marble,mosaic,0.2236328125,0.10201852023601532,2
maroon,red,-0.662109375,0.0026123449206352234,2
maroon,yellow,-0.021451473236083984,0.10577468574047089,2
mathematics,metamathematics,-2.75390625,0.3971903324127197,2
mathematics,science,2.373046875,0.26383909583091736,2
mathematics,statistics,1.12939453125,0.2063339203596115,2
matrimony,matrimony,2.3154296875,0.1261112540960312,2
mauve,red,-5.76904296875,0.28028783202171326,2
meaning,reason,-4.8463134765625,0.2930995225906372,2
meaning,richness,0.6053314208984375,-0.15192446112632751,2
meat,meat,5.87109375,-0.1318766176700592,2
meat,puddings,-3.09375,-0.23539689183235168,2
metasedimentary,sedimentary,0.0,0.006843678653240204,2
metres,metres,0.0,-0.25526997447013855,2
microprocessors,transistors,-0.870361328125,0.22345402836799622,2
mightiest,richest,-0.38089752197265625,0.14286544919013977,2
miserable,tired,-1.897613525390625,0.36200064420700073,2
miserable,unhappy,1.4747314453125,0.08689875900745392,2
miserable,weeping,0.9013671875,0.1233840361237526,2
missus,mister,2.884765625,-0.027456320822238922,2
modern,practical,4.753814697265625,-0.18241602182388306,2
muffled,thick,-0.998046875,0.13847073912620544,2
mushrooms,tomatoes,1.767333984375,-0.14232483506202698,2
necessity,urgency,1.56512451171875,0.027288399636745453,2
nestling,singing,1.857421875,0.022790290415287018,2
northwest,west,-0.94012451171875,-0.04206413775682449,2
official,royal,-0.583984375,0.1495678722858429,2
on,on,-2.00830078125,-0.08777671307325363,2
opponents,players,0.0,-0.07525359839200974,2
oppression,violence,3.1259765625,-0.003451131284236908,2
outsiders,students,-5.0360107421875,0.24712884426116943,2
outsiders,wives,-3.408203125,-0.13568630814552307,2
overweight,unhappy,0.1929931640625,0.29571759700775146,2
paler,paler,-1.795654296875,-0.06205495446920395,2
paler,thinner,-1.89013671875,-0.0943007692694664,2
paler,tired,-3.46209716796875,-0.09433447569608688,2
paperwork,signatures,1.71844482421875,-0.3796970546245575,2
passion,rage,-2.7711181640625,0.09430226683616638,2
personal,profanity,-0.41602325439453125,-0.022532351315021515,2
personal,professional,0.0,0.09135126322507858,2
phases,stages,3.435546875,-0.058436714112758636,2
photographs,sketches,-0.419921875,0.05549399554729462,2
physical,sexual,0.3193359375,-0.14477041363716125,2
pins,tape,-1.0289306640625,-0.05632808059453964,2
placid,smooth,3.947021484375,0.05731166899204254,2
pleasure,rejoicing,-3.825439453125,0.05001375824213028,2
poets,songwriters,1.123046875,-0.29485294222831726,2
powdery,smooth,-0.7724609375,-0.07217784970998764,2
powerful,precise,-1.369140625,-0.10995835810899734,2
powerful,stern,-4.8251953125,0.07375682145357132,2
powerful,vast,-3.58203125,-0.008790053427219391,2
praise,publicity,2.5712890625,-0.12506476044654846,2
prematurity,smoking,0.4784553050994873,-0.199275940656662,2
presentation,spelling,-5.4921875,-0.14951086044311523,2
principal,supervisor,2.7631378173828125,-0.05588526278734207,2
produced,wrote,-1.2318115234375,-0.12391739338636398,2
profanity,sanctity,2.07421875,0.24291598796844482,2
profanity,sexual,-2.197265625,0.1388528048992157,2
professional,student,-0.060516357421875,-0.13577917218208313,2
property,slaves,-1.5908203125,-0.1778949797153473,2
proud,stern,0.05633544921875,-0.1147889718413353,2
proud,swaggering,-2.73046875,-0.3677656352519989,2
proud,vain,-0.33880615234375,0.06641612201929092,2
pulled,pulled,2.81982421875,0.2765275239944458,2
radiant,red,-2.89453125,0.21840247511863708,2
radio,record,3.7176513671875,0.12422139942646027,2
rage,scorn,0.3382840156555176,0.08545830100774765,2
rage,war,-0.185546875,0.2252148687839508,2
rage,weeping,5.61767578125,-0.31790998578071594,2
rains,storms,-1.740234375,-0.025842703878879547,2
rampant,red,0.3572845458984375,-0.09287159889936447,2
randomness,statistics,-0.8212890625,0.06860168278217316,2
rapidly,steadily,1.781005859375,0.04553066939115524,2
reason,science,4.3162841796875,0.18531203269958496,2
reason,tradition,-0.9169921875,-0.024586550891399384,2
receiver,recorder,-2.448589324951172,-0.1076250746846199,2
recorder,tape,-0.6171875,-0.20209744572639465,2
red,red,2.2109375,0.224190354347229,2
red,thick,0.24609375,0.21975208818912506,2
red,wrinkled,-5.39453125,-0.054108284413814545,2
red,yellow,-0.10546875,0.27636510133743286,2
rehashed,revised,-2.9755935668945312,0.03157416731119156,2
repeated,sterner,2.12890625,-0.04058488458395004,2
rip,tip,-0.56982421875,-0.07232656329870224,2
rising,rising,3.8134765625,0.3871961534023285,2
run,run,-2.4796142578125,-0.0020786747336387634,2
run,shout,-0.83203125,0.06259697675704956,2
samoyedic,yeniseian,-1.3037109375,-0.14250174164772034,2
screaming,shouting,-0.81341552734375,-0.23797017335891724,2
secured,shut,7.607421875,0.06949369609355927,2
sexuality,violence,1.8046875,-0.15239781141281128,2
sharper,sharper,-1.50390625,-0.18255266547203064,2
shinyness,sunniness,1.5327301025390625,-0.17613941431045532,2
shivered,suffered,5.124755859375,-0.13971245288848877,2
shivered,watched,-1.294921875,0.10975073277950287,2
shouting,shrieking,0.27734375,0.1174049898982048,2
shouting,singing,0.897705078125,-0.10452643781900406,2
shouting,talking,-3.6044921875,-0.21343323588371277,2
shrimp,snails,6.198589324951172,-0.018027029931545258,2
singing,talking,-0.76171875,-0.3089148998260498,2
skirmishing,trading,1.484375,0.2363981306552887,2
sluggish,smooth,-0.3616905212402344,0.043953873217105865,2
smoking,steaming,1.78125,0.058262765407562256,2
smoking,talking,0.5869140625,-0.07149714976549149,2
smooth,sweet,3.80859375,-0.17587438225746155,2
smooth,thick,-6.35546875,-0.2211267054080963,2
spray,steam,-2.7677536010742188,-0.10401102155447006,2
spreading,spreading,1.29296875,0.015666089951992035,2
sputtering,sputtering,-0.3525390625,-0.17098963260650635,2
squak,squak,-3.60906982421875,0.03666941821575165,2
starved,tired,4.1962890625,0.12671545147895813,2
steeper,steeper,0.025390625,-0.13059714436531067,2
stem,stern,1.490234375,-0.02860044687986374,2
stifling,thick,1.9381103515625,0.2649505138397217,2
storms,wind,-0.2579326629638672,-0.14025506377220154,2
talking,talking,1.041015625,-0.10953205078840256,2
tamer,tamer,2.947265625,-0.16866007447242737,2
thick,tough,-5.8671875,0.21040195226669312,2
thick,yellow,-0.739501953125,-0.114608995616436,2
thinner,thinner,1.417266845703125,-0.03336317092180252,2
thumbs,toes,-0.7368011474609375,-0.16153699159622192,2
tired,unhappy,-0.361572265625,0.11267086863517761,2
tired,uninspired,1.818359375,0.20936045050621033,2
tradition,usage,-1.9919586181640625,0.01616237312555313,2
trains,trucks,5.2119140625,-0.07952339202165604,2
twice,twice,6.44921875,-0.25217097997665405,2
tylenol,zithromax,1.4248046875,0.4336117208003998,2
uncivilized,unlettered,-1.8681640625,0.17532353103160858,2
unhallowed,unwarranted,-1.8125,0.09703348577022552,2
unwinding,winding,2.492919921875,-0.09787838906049728,2
utter,vast,2.99072265625,0.29225829243659973,2
village,village,-0.74609375,0.08392655849456787,2
violence,war,0.2822265625,0.17621737718582153,2
wailings,weeping,-3.029296875,-0.1700366735458374,2
watched,watched,0.248046875,0.16892611980438232,2
weeks,weeks,1.3203125,-0.04801241308450699,2
wider,wider,-4.87158203125,-0.21504619717597961,2
wrastled,wrastled,-0.8951416015625,0.0380745455622673,2
wrinkled,yellow,0.6865234375,0.22926774621009827,2
wrote,wrote,-2.4765625,-0.2955861985683441,2
yards,yards,-0.908203125,-0.2702237069606781,2
yellow,yellow,-0.505859375,0.06411880254745483,2
yours,yours,-0.841796875,-0.09263397008180618,2
abjurer,nowhere,-0.993804931640625,-0.006410770118236542,3
above,around,1.021484375,0.02075352519750595,3
accidents,incidents,-4.6355438232421875,-0.19821220636367798,3
accidents,problems,-0.4423828125,-0.12651482224464417,3
acknowledge,state,-4.3516082763671875,-0.20455709099769592,3
actively,successfully,0.11181640625,-0.06436247378587723,3
acts,speaks,2.190253734588623,-0.09370354562997818,3
acts,talks,0.025390625,-0.10561207681894302,3
adoration,love,-2.5859375,-0.08376219123601913,3
aerial,ground,-1.2353515625,-0.42839309573173523,3
aimlessly,unconsciously,1.2529296875,-0.05169624090194702,3
along,along,1.69873046875,0.023211732506752014,3
along,watch,-1.7314453125,-0.06795016676187515,3
amused,rapid,-4.87646484375,0.25639471411705017,3
anarchy,license,2.025390625,0.13167524337768555,3
anguish,dejection,-0.23150634765625,0.15203216671943665,3
ants,earth,-0.7359619140625,-0.10688074678182602,3
ants,termites,1.449951171875,-0.29448455572128296,3
apologized,time,0.197601318359375,-0.1142362430691719,3
apologized,went,1.9853515625,-0.3524071276187897,3
apples,cake,-4.0693359375,0.3105473816394806,3
aquatic,other,3.720703125,-0.41642746329307556,3
arab,egyptian,0.1611328125,-0.05704350024461746,3
area,league,1.033447265625,0.03858382999897003,3
armies,battles,-1.4931640625,-0.021492518484592438,3
around,around,-0.845703125,-0.14694756269454956,3
arrivals,departures,1.3143310546875,0.1584053337574005,3
arrogant,hurtful,2.635498046875,-0.1101624146103859,3
arrogant,lying,1.5625,-0.349109411239624,3
arrogant,opinionated,-5.5625,-0.05127384513616562,3
arrogant,quarrelsome,0.380859375,0.04109242558479309,3
arrows,bow,1.404296875,-0.1457521915435791,3
arrows,chimales,-2.48291015625,0.13719609379768372,3
artists,cartoonists,-0.71875,-0.09732098132371902,3
artists,intellectuals,-4.726806640625,-0.11959544569253922,3
artists,things,-2.939453125,-0.11461720615625381,3
artists,writers,1.4284820556640625,-0.05297315865755081,3
ask,call,-0.5009765625,-0.054555006325244904,3
assassins,conspirators,-0.578125,0.20440751314163208,3
assassins,cutthroats,1.491424560546875,0.010193966329097748,3
assets,cash,1.8956298828125,0.05966869369149208,3
assets,exports,-1.2734375,0.015882518142461777,3
atheistic,materialistic,7.298828125,0.11023871600627899,3
attentive,ready,-1.9990234375,0.09725320339202881,3
audience,critics,2.1198978424072266,0.18745961785316467,3
babbled,babbled,-0.06683349609375,-0.23514467477798462,3
babied,petted,-0.712890625,-0.009831540286540985,3
babysit,come,1.72216796875,-0.7179854512214661,3
backed,backed,0.8701171875,0.05574588105082512,3
backed,pranced,2.6357421875,-0.034426815807819366,3
backward,sideways,1.350830078125,-0.08649957925081253,3
balloon,boy,-1.9453125,0.20440372824668884,3
barked,barked,1.46380615234375,0.07328715920448303,3
barleycorns,roots,2.95318603515625,0.06347746402025223,3
baskets,parcels,1.91326904296875,0.3877595365047455,3
battles,disputes,2.49664306640625,0.014060236513614655,3
battleships,cruisers,6.35546875,0.41935867071151733,3
beating,beating,1.31689453125,0.28810474276542664,3
beggars,churches,1.4052734375,-0.37317755818367004,3
belief,sentiment,2.434326171875,-0.31140798330307007,3
belief,thought,-2.01171875,0.08761971443891525,3
belief,unbelief,-4.0831298828125,-0.11594178527593613,3
berrid,dead,3.9814453125,-0.4636920988559723,3
bewildering,many,-0.3629150390625,0.06387250125408173,3
black,black,0.8527984619140625,0.12368358671665192,3
black,cold,1.0203857421875,-0.21986985206604004,3
black,dismal,-0.20001220703125,0.10953360050916672,3
black,gay,-0.5040283203125,0.04255690425634384,3
black,shiny,1.291015625,0.018097691237926483,3
blatant,officious,-1.5486373901367188,0.2055986225605011,3
bliss,suffering,-0.0345306396484375,0.009335093200206757,3
blows,blows,4.701171875,0.3498377799987793,3
board,keel,2.3115234375,0.03901508077979088,3
boars,deer,1.50927734375,0.22053629159927368,3
boars,oxen,0.482421875,-0.22071054577827454,3
bonnets,dresses,-0.82861328125,-0.3032297194004059,3
boots,clothing,-1.48828125,-0.0686383917927742,3
boots,coats,-3.673828125,0.16644643247127533,3
bow,slide,4.466796875,-0.14630571007728577,3
bowery,lofty,1.458984375,0.15953272581100464,3
boxed,wrestled,0.281494140625,0.18927085399627686,3
bravery,cowardice,0.443359375,0.009866654872894287,3
bravery,enterprise,0.17877197265625,0.06299014389514923,3
breakfast,lunch,5.1739044189453125,-0.07591668516397476,3
breakfast,supper,1.787109375,-0.31119200587272644,3
bribing,sleeping,-2.475311279296875,-0.24972543120384216,3
build,come,-2.783935546875,-0.8308115601539612,3
burn,split,-0.15625,-0.3236258924007416,3
cake,fruit,-0.96337890625,0.6041961908340454,3
cake,jelly,-3.0653076171875,0.29353880882263184,3
call,call,0.388671875,-0.11447969824075699,3
call,come,0.517578125,-0.351187527179718,3
camera,puzzle,0.251953125,0.055088527500629425,3
carry,cash,-2.2415313720703125,0.020116232335567474,3
cash,time,-0.461669921875,-0.04312989115715027,3
casseroles,things,0.2919921875,-0.1313028335571289,3
charitable,grand,1.7474365234375,-0.07072856277227402,3
cheat,steal,4.6092529296875,-0.3203220069408417,3
churches,minsters,-1.806640625,-0.19074532389640808,3
churches,monasteries,5.443603515625,-0.05171190947294235,3
cinematic,classical,-0.9716796875,-0.04813084751367569,3
circumstances,fate,-1.798126220703125,0.03171610087156296,3
circumstances,time,2.314178466796875,-0.6300090551376343,3
civilian,other,0.4228973388671875,0.24114534258842468,3
clairvoyance,mesmerism,-0.8125,0.13252466917037964,3
classical,quantum,-0.3248291015625,-0.08029621094465256,3
clergy,nobility,-1.97265625,-0.155299574136734,3
closer,closer,8.477294921875,-0.4170292317867279,3
closer,longer,-2.678680419921875,-0.23469433188438416,3
closer,warmer,1.62109375,-0.16354769468307495,3
clubs,societies,0.0,0.12385494261980057,3
clubs,things,-0.658203125,-0.1951400339603424,3
coats,dresses,-0.3125,0.17322716116905212,3
coats,scarves,-0.8408203125,0.17354564368724823,3
cold,cramp,-2.3565673828125,0.2371823489665985,3
cold,dead,-3.07647705078125,-0.7684109807014465,3
cold,dire,5.65576171875,-0.25967955589294434,3
cold,intellectual,-1.02734375,-0.2075674831867218,3
cold,lifeless,-2.28955078125,-0.0010395944118499756,3
cold,rain,1.494140625,-0.30979904532432556,3
cold,rainy,1.9171142578125,-0.2904370427131653,3
cold,silent,-1.2044992446899414,-0.34540534019470215,3
cold,snow,2.20703125,-0.02952403575181961,3
cold,snowing,-2.8330078125,-0.22600892186164856,3
cold,steady,-0.1639404296875,0.18496575951576233,3
cold,stiff,4.15496826171875,-0.12730929255485535,3
cold,undemonstrative,0.83599853515625,0.04234381392598152,3
cold,useless,2.75,-0.5083851218223572,3
collectivism,individualism,-1.140625,0.2550211250782013,3
college,private,6.20703125,0.09301941096782684,3
college,pro,0.66796875,0.19396144151687622,3
colleges,things,-0.142364501953125,0.04369398206472397,3
coloring,drawing,1.6298828125,0.3207710385322571,3
come,come,-0.001953125,-0.4248010814189911,3
come,dine,-0.3828125,-0.17169499397277832,3
come,hurry,4.74609375,-0.5882138013839722,3
come,take,1.4334716796875,-0.16943609714508057,3
come,watch,-2.2008895874023438,-0.14280983805656433,3
come,went,0.435546875,-0.33056017756462097,3
commitment,love,0.81103515625,-0.3068513572216034,3
committing,disciplining,-2.740234375,0.2406463325023651,3
communication,trade,-2.274169921875,-0.6070424318313599,3
companies,regiments,-4.90716552734375,-0.22699490189552307,3
conducting,finish,-1.4482421875,0.4393750727176666,3
congressional,public,0.541015625,0.3396344482898712,3
consent,order,-0.5634765625,0.38366037607192993,3
constrained,mysterious,-2.509765625,-0.10755590349435806,3
constrained,silent,1.3773193359375,-0.43972644209861755,3
cookie,napkin,0.1708984375,0.23299819231033325,3
cooking,pottery,0.7047958374023438,0.04995933175086975,3
cooking,residential,-2.238189697265625,-0.01213892549276352,3
coronation,inauguration,-1.3583984375,0.44614630937576294,3
courteous,friendly,4.232147216796875,-0.20015767216682434,3
cowardice,meanness,-4.15350341796875,-0.036455996334552765,3
cowardly,slurring,0.487548828125,0.2212314009666443,3
crew,passengers,0.5540065765380859,0.20573583245277405,3
critics,curators,2.9541015625,0.14194488525390625,3
critics,public,-7.1600341796875,0.2036759853363037,3
croaks,pneumonia,-1.4892578125,0.045273151248693466,3
crowded,noisy,3.544921875,0.04425849765539169,3
crypts,muslins,2.0660400390625,-0.0703459158539772,3
cunning,different,1.570159912109375,-0.2989847958087921,3
cunning,ready,0.553558349609375,0.21160656213760376,3
cunning,unscrupulous,2.4765625,-0.19445672631263733,3
currencies,problems,0.873046875,-0.26260140538215637,3
curses,howls,1.78515625,0.18061909079551697,3
curses,threats,-0.1943359375,-0.05178117752075195,3
daintiness,softness,4.16204833984375,-0.2356647551059723,3
dallied,dallied,-1.978515625,-0.4240896999835968,3
dampish,lonesome,0.005615234375,-0.2917647659778595,3
dates,eras,-3.3856201171875,-0.16202974319458008,3
dates,numbers,-1.46875,-0.4375658929347992,3
dates,things,-2.193359375,-0.31739747524261475,3
dates,time,2.3134679794311523,-0.4670398533344269,3
daycare,experiences,0.375,0.42447349429130554,3
dead,decaying,-0.9765625,0.31477952003479004,3
dead,stiff,3.167724609375,0.0017931535840034485,3
dead,useless,2.287109375,-0.3789725601673126,3
deed,thought,7.9007568359375,-0.011197157204151154,3
delightfully,truthfully,-5.4453125,0.04497087746858597,3
delivery,style,-3.109375,0.05566226691007614,3
desire,hope,-2.85546875,-0.33319392800331116,3
desire,love,1.223876953125,-0.07669361680746078,3
diesel,gasoline,5.7022705078125,0.33385393023490906,3
different,imaginative,-0.359375,-0.16195732355117798,3
dimmer,dimmer,-1.626953125,0.02641092985868454,3
diplomatic,trade,0.7646484375,0.07998961955308914,3
dirtier,dirtier,0.08984375,0.048457834869623184,3
discomfort,stress,1.433837890625,0.05462619662284851,3
discontentedly,idly,-3.25,-0.09668337553739548,3
discotheques,things,1.25390625,-0.025912754237651825,3
disease,fasting,4.0390625,0.11895053833723068,3
disease,stress,-0.7730712890625,0.013667676597833633,3
disease,suffering,-1.843017578125,-0.2476249635219574,3
disease,wars,-2.5263671875,0.1631472110748291,3
dishes,pots,1.0107421875,-0.026088334619998932,3
displaced,uprooted,-1.900390625,-0.1056821271777153,3
disturbances,wars,2.9505615234375,0.19056478142738342,3
dodge,kick,3.61328125,-0.2240026593208313,3
dotingly,fondly,0.9290847778320312,-0.17890551686286926,3
dresses,hose,2.9853515625,0.06037410348653793,3
drier,warmer,4.129676818847656,0.28823503851890564,3
drowsier,drowsier,1.666015625,-0.08099053055047989,3
drunk,drunk,4.19921875,0.06262479722499847,3
drunk,loaded,-0.08984375,-0.016499988734722137,3
drunk,merry,1.9022703170776367,-0.3624357283115387,3
duties,pleasures,-7.09686279296875,0.1255732774734497,3
duties,quotas,-0.33795166015625,-0.01719384640455246,3
duties,tariffs,-1.14794921875,-0.055485717952251434,3
duty,family,-2.27001953125,-0.09148449450731277,3
duty,inclination,1.1640625,0.10501187294721603,3
duty,love,5.630466461181641,-0.392702579498291,3
eagerly,quickly,0.9091796875,0.13909828662872314,3
earth,sods,1.0677871704101562,0.42000067234039307,3
edibles,fruit,1.9609375,-0.0016880407929420471,3
ejaculation,orgasm,-1.185546875,0.08643241971731186,3
elaborate,gay,5.099937438964844,-0.4715355336666107,3
elegancies,luxuries,1.22265625,-0.1514785885810852,3
embarrassing,inconvenient,0.2708015441894531,-0.4406866729259491,3
emergencies,wars,-5.0340118408203125,-0.17157268524169922,3
employment,income,-1.505859375,-0.24884694814682007,3
employment,industrial,2.819091796875,-0.181973397731781,3
enthusiastically,quickly,1.35711669921875,-0.5612871646881104,3
evenly,quickly,0.7568359375,0.028885751962661743,3
evidently,slowly,-2.085235595703125,0.11804790049791336,3
execrable,unclean,2.169921875,0.14945924282073975,3
executions,trials,-3.8212890625,-0.02890193462371826,3
explorer,martyr,-3.038494110107422,0.4162212014198303,3
extended,reworked,-2.178131103515625,-0.08356239646673203,3
extreme,rapid,-2.2296142578125,-0.019233770668506622,3
faded,shabby,0.06640625,-0.004949428141117096,3
family,inheritance,2.09375,-0.2914084494113922,3
family,love,3.470703125,-0.3856751322746277,3
family,tribal,-2.491485595703125,-0.23293203115463257,3
farmers,ranchers,0.982421875,0.023282580077648163,3
fat,protein,-1.504058837890625,0.05688435584306717,3
fatal,mysterious,-3.7117919921875,-0.26986777782440186,3
fatal,sinister,1.7734375,-0.20151439309120178,3
feminine,masculine,-5.50103759765625,-0.15923777222633362,3
fertility,love,-2.39178466796875,-0.11661029607057571,3
fiercer,other,1.797088623046875,-0.0430726483464241,3
finish,start,-1.1162109375,-0.10047102719545364,3
finished,released,-1.20068359375,-0.24180489778518677,3
first,goal,0.0,0.04509691894054413,3
first,ground,-1.387451171875,-0.09931343048810959,3
first,largest,1.832275390625,0.41903233528137207,3
first,notable,1.302001953125,0.33013835549354553,3
first,original,6.168212890625,0.10252764075994492,3
first,second,-2.179107666015625,-0.3355333209037781,3
first,sixth,-1.8990478515625,-0.24529698491096497,3
fixed,known,1.6181640625,-0.3735813498497009,3
fixed,running,-2.08544921875,-0.048832572996616364,3
fixed,steady,1.68359375,-0.06532394140958786,3
fixed,variable,-0.13397216796875,0.11603306233882904,3
flemish,german,2.1624755859375,0.07553844153881073,3
flips,things,4.072052001953125,-0.0955003872513771,3
flooded,lifeless,-1.3330078125,0.013509862124919891,3
foam,paper,-2.0321807861328125,-0.04219551384449005,3
fondly,foolishly,-0.818359375,-0.244610995054245,3
foolishness,inaccuracy,0.1214599609375,-0.13786378502845764,3
footsteps,voices,0.1639404296875,-0.12979823350906372,3
footsteps,whistling,2.890625,-0.4167763292789459,3
formulae,things,1.4345703125,0.5550914406776428,3
fossils,lithologies,-0.9384765625,-0.1066880151629448,3
fossils,minerals,-0.3984375,0.06591835618019104,3
fours,threes,2.80517578125,-0.322557657957077,3
friendly,frolicsome,-0.79296875,0.08009123802185059,3
friendly,sympathetic,-1.0706787109375,-0.3767354190349579,3
frolicsome,gay,-0.4310302734375,0.08037612587213516,3
fruit,sherbets,-0.4609375,0.3717266023159027,3
fruit,suet,-3.34814453125,-0.02229306846857071,3
further,further,1.6640625,-0.40160951018333435,3
fussing,grizzling,5.773875713348389,0.24646183848381042,3
gasoline,time,2.330810546875,0.18901939690113068,3
gasps,sundry,6.125,0.10197844356298447,3
gay,merry,0.53515625,-0.1745864748954773,3
gay,useless,4.7039794921875,-0.36523810029029846,3
gayer,gayer,-0.392578125,0.4477798044681549,3
given,taken,3.61962890625,0.1538013517856598,3
gladly,quickly,1.111328125,0.054881274700164795,3
glands,vessels,1.108154296875,0.15448534488677979,3
golder,phillipson,3.3134765625,-0.2827880084514618,3
goodness,love,-0.96484375,0.06905853748321533,3
goodness,sincerity,1.234375,0.18381673097610474,3
gracious,ready,-1.830078125,0.06767265498638153,3
grand,lofty,-4.0234375,0.1269906759262085,3
grand,useful,0.17755126953125,-0.013526640832424164,3
grandest,happiest,2.04638671875,-0.5040238499641418,3
grimaces,speaks,13.78125,0.046291328966617584,3
haltingly,slowly,-3.7474365234375,0.033633239567279816,3
handbags,jewelry,1.9111328125,-0.07897084206342697,3
hands,heels,-1.83056640625,0.061658427119255066,3
hanged,quartered,-4.3134765625,-0.21891829371452332,3
hanged,taken,0.22596359252929688,-0.17280149459838867,3
hardware,software,2.26171875,-0.3085952699184418,3
hasty,indifferent,-1.3828125,0.15374231338500977,3
heavier,heavier,0.509765625,0.2784348726272583,3
heavier,longer,3.82421875,-0.026944704353809357,3
heavier,second,-0.16961669921875,0.08896925300359726,3
hibernation,reproduction,1.236328125,0.2069666087627411,3
hissed,sputtered,3.3470458984375,-0.07952936738729477,3
homesick,lonesome,-1.68359375,-0.06648669391870499,3
honey,succotash,-4.976531982421875,-0.09233691543340683,3
honorable,useful,-2.5390625,-0.3675633668899536,3
hope,love,-3.99420166015625,0.45702609419822693,3
hope,pride,-1.203125,0.35400527715682983,3
hope,watch,2.10791015625,-0.009428538382053375,3
horses,oxen,0.197265625,-0.041355714201927185,3
horses,riders,-1.95220947265625,0.4684669077396393,3
horses,sheep,-2.75,-0.16380217671394348,3
horses,waggons,-7.03497314453125,-0.36698782444000244,3
human,saurian,-1.628662109375,-0.28295227885246277,3
hurry,preparation,3.81591796875,0.10296685993671417,3
husband,husband,-1.27593994140625,-0.22001174092292786,3
ideas,oratory,-3.497112274169922,-0.32147935032844543,3
ideas,things,-4.6129150390625,-0.2998405992984772,3
improper,odors,1.3228759765625,0.8713747262954712,3
inclination,time,-0.3046875,-0.3514370322227478,3
incredulously,slowly,1.244476318359375,-0.21606138348579407,3
indifferently,lazily,-0.78515625,-0.1490376591682434,3
individually,slowly,2.697265625,-0.4687788188457489,3
industrial,port,0.7481689453125,-0.25966283679008484,3
industrial,residential,-9.00830078125,0.2988879978656769,3
industrial,sectional,-1.244140625,-0.005673542618751526,3
industrial,tourist,-3.2255859375,-0.06332509964704514,3
industrial,trade,1.6640472412109375,-0.1992969512939453,3
ingredients,sauces,1.38671875,0.005782037973403931,3
ingredients,time,-4.3857421875,-0.36385080218315125,3
inscrutable,silent,-2.3935546875,0.2519491910934448,3
intense,laborious,-2.49658203125,-0.14264816045761108,3
intense,passionate,-4.982421875,-0.14609310030937195,3
intense,thrilling,3.044921875,-0.3653196096420288,3
invisible,silent,0.07916259765625,0.23674237728118896,3
island,town,-0.406494140625,0.0686555728316307,3
islands,jungles,-0.65625,0.13363230228424072,3
joys,tears,0.873046875,-0.5876599550247192,3
kick,plunge,-1.4781713485717773,0.07129918038845062,3
kindergarten,kindergarten,1.725341796875,-0.2082434892654419,3
lame,stiff,0.51171875,0.0969814881682396,3
lame,useless,0.63446044921875,-0.350337952375412,3
languages,learning,-1.619140625,0.32271242141723633,3
languages,scriptures,-0.4375,-0.08550082892179489,3
largest,newest,-0.7159652709960938,0.10311590135097504,3
law,order,0.6806640625,-0.05122905224561691,3
learning,love,-1.49945068359375,0.27525538206100464,3
legend,story,-0.956787109375,-0.41891714930534363,3
legislation,trade,2.869140625,-0.1332189440727234,3
less,less,2.79296875,-0.06662482768297195,3
loaded,ready,0.994140625,-0.020804300904273987,3
lofty,splendid,-1.693359375,0.3474811911582947,3
longer,longer,2.8397216796875,-0.23662331700325012,3
looking,looking,3.9476070404052734,0.12596386671066284,3
love,pride,-1.28125,0.4598655700683594,3
love,sincerity,1.8642578125,-0.03413950651884079,3
love,sympathy,-2.1773147583007812,0.1185268759727478,3
love,tears,1.05859375,0.4117920398712158,3
lumpier,lumpier,-2.255859375,-0.011670798063278198,3
lustily,together,-0.092041015625,-0.3458400070667267,3
mail,passengers,1.4033203125,0.6517236232757568,3
manufacturing,trade,1.28125,-0.07238473743200302,3
many,many,-1.1015625,-0.2571335732936859,3
merry,thriving,-1.81640625,-0.4866861402988434,3
minerals,protein,-1.087890625,-0.15234610438346863,3
miscellaneous,sundry,-1.34423828125,-0.25122177600860596,3
moans,pants,-3.86199951171875,-0.3181314170360565,3
moans,tears,1.30078125,0.045079365372657776,3
motor,perceptional,0.568359375,0.0728570744395256,3
mudpuppies,olms,-1.819091796875,0.1433265209197998,3
mysterious,obsessive,-4.029296875,-0.14212462306022644,3
nets,nets,1.1282958984375,0.060204826295375824,3
nets,rubbish,-1.400390625,0.2536254823207855,3
numbers,numbers,-3.3046875,0.041294269263744354,3
numbers,symbols,-2.3583984375,0.08636141568422318,3
nursing,residential,-2.18865966796875,0.039790816605091095,3
oaths,threats,-1.9871063232421875,-0.6850970983505249,3
observant,steady,2.284423828125,0.373348593711853,3
occidental,suggestion,0.7191777229309082,-0.26523348689079285,3
online,ready,7.5478515625,0.43904969096183777,3
opportunities,threats,-0.255859375,0.05536951869726181,3
oppressions,wars,-0.891937255859375,-0.4491402804851532,3
original,shocking,-4.696044921875,0.4991486370563507,3
original,simultaneous,-2.6171875,-0.025811336934566498,3
overwork,pneumonia,1.5106201171875,-0.017055727541446686,3
overwork,underfeeding,-3.10211181640625,0.11904498934745789,3
oxen,sheep,0.398681640625,-0.14319834113121033,3
packages,parcels,1.771484375,0.28072020411491394,3
packages,suitcases,0.164794921875,0.13757935166358948,3
pages,pages,3.056793212890625,0.37469029426574707,3
pants,shirts,-2.0341796875,0.2647843360900879,3
pants,vocalizes,-1.439453125,-0.017446033656597137,3
paper,points,1.18359375,0.6829438805580139,3
paper,pulp,4.15576171875,0.36039867997169495,3
paper,puzzle,-0.850341796875,0.3050972819328308,3
paper,rubbish,-2.5567474365234375,0.19054675102233887,3
paper,things,-2.548828125,0.27341145277023315,3
parish,public,0.729248046875,0.0018374845385551453,3
peas,strawberries,3.85546875,0.45636364817619324,3
peeping,spying,-3.746307373046875,0.2019154131412506,3
perilous,uncertain,0.943603515625,-0.42329874634742737,3
persecution,suffering,0.1511688232421875,-0.5005810856819153,3
persevering,plodding,-3.9814453125,-0.09199971705675125,3
persons,things,0.7216796875,-0.27389493584632874,3
picture,story,4.0419921875,0.3331691026687622,3
piles,piles,-1.30145263671875,0.39154568314552307,3
poorer,poorer,-4.838844299316406,-0.21688047051429749,3
pots,pots,-4.1259765625,0.23306670784950256,3
pottery,statues,1.272216796875,0.42592355608940125,3
powder,rifles,2.38916015625,-0.015627987682819366,3
prayed,prayed,2.76953125,-0.2950483560562134,3
preparation,study,-0.30078125,0.4108380973339081,3
preparation,thought,1.04296875,0.14329078793525696,3
pretend,pretend,-2.06640625,-0.26143157482147217,3
pride,prime,0.332763671875,-0.18150368332862854,3
pride,risk,-7.3199920654296875,0.3969978988170624,3
pride,vanity,-0.8071441650390625,-0.11065628379583359,3
private,public,0.365234375,-0.15350496768951416,3
private,retail,-0.67291259765625,0.06023423373699188,3
private,state,1.49072265625,-0.15711432695388794,3
private,tribal,3.94921875,-0.14751526713371277,3
problems,valium,4.638671875,-0.11120591312646866,3
problems,worries,-0.431640625,0.007583878934383392,3
public,state,11.080078125,-0.36713430285453796,3
public,wooden,-0.46484375,0.08978226035833359,3
put,take,-3.87451171875,-0.07554809004068375,3
put,went,1.19189453125,-0.21771612763404846,3
quality,quantity,-0.416046142578125,0.17553700506687164,3
quicker,quicker,-2.466064453125,0.14481697976589203,3
quickly,sharply,-1.5760421752929688,0.1430024802684784,3
quickly,slowly,4.619140625,0.022165365517139435,3
quickly,wisely,-0.598602294921875,0.18408387899398804,3
quotas,tariffs,1.150390625,0.139379620552063,3
rain,snow,1.3795547485351562,0.03185291215777397,3
rain,tears,-1.470703125,0.3683130741119385,3
rallies,talks,-2.828125,-0.5098018050193787,3
ran,ran,-2.44091796875,-0.45825037360191345,3
ready,silent,-3.312530517578125,-0.09926194697618484,3
ready,steady,0.86285400390625,0.040950797498226166,3
ready,willing,0.9101028442382812,-0.44842514395713806,3
really,really,-3.52001953125,0.20149701833724976,3
really,truthfully,0.6329345703125,-0.04801028221845627,3
rebellions,wars,-4.392578125,0.07965336740016937,3
rebo,things,0.240234375,0.14040160179138184,3
rented,went,-1.1180419921875,-0.13972172141075134,3
repossessions,restrictions,0.623046875,-0.20429489016532898,3
residential,retail,-3.30859375,0.0604950413107872,3
respectful,sympathetic,-1.45806884765625,-0.3394227921962738,3
rested,visited,0.9118385314941406,-0.6234219074249268,3
retail,trade,0.8226796388626099,0.13025996088981628,3
returned,taken,0.20697021484375,0.21950790286064148,3
rifles,shotguns,0.6014404296875,-0.1872735321521759,3
risk,uncertainty,-3.62109375,0.2071356475353241,3
roadways,sidewalks,-0.161407470703125,0.013144098222255707,3
romp,roughhouse,0.15628814697265625,0.05797377601265907,3
ruined,uninhabited,0.298828125,-0.14459890127182007,3
rung,rung,0.644775390625,-0.46334490180015564,3
running,running,-0.45703125,0.05303638428449631,3
running,stress,-2.49517822265625,0.25095146894454956,3
salted,smoked,0.390625,-0.13071390986442566,3
satellites,spacecraft,0.662109375,-0.0879238173365593,3
scarcer,scarcer,-0.60546875,0.10428183525800705,3
scarves,turtlenecks,2.79296875,-0.09738150984048843,3
schema,subschema,7.14453125,-0.23402538895606995,3
searchingly,slowly,0.6910419464111328,0.14452548325061798,3
serials,series,-3.314453125,0.1767093688249588,3
series,shows,-2.064453125,0.15134696662425995,3
share,share,-1.244140625,0.11943653970956802,3
shoplifting,things,-0.704345703125,-0.022795386612415314,3
shows,things,0.972015380859375,-0.06829684227705002,3
shudder,tremble,5.415924072265625,-0.11903182417154312,3
silent,stiff,-3.55615234375,0.22209295630455017,3
silent,tearful,5.63116455078125,-0.11440254002809525,3
sincere,thorough,2.0038909912109375,0.016857314854860306,3
skinnier,skinnier,-1.39453125,0.08672954142093658,3
skis,things,1.1279296875,-0.09075040370225906,3
sleeping,sleeping,0.46044921875,-0.3326849639415741,3
slowly,unconsciously,0.93359375,0.23856964707374573,3
slows,tires,-3.640625,0.2620851397514343,3
somehow,somewhere,-0.1513671875,-0.44859442114830017,3
sophistication,style,4.23046875,0.3166729509830475,3
speaks,turns,-0.28515625,0.3801884353160858,3
sponsor,witness,-2.2060546875,0.06984671950340271,3
springs,tension,-0.702880859375,0.0683455616235733,3
stalkier,stalkier,-2.0238037109375,0.012279264628887177,3
stamps,turns,0.8427734375,0.07314326614141464,3
start,tremble,-2.02734375,-0.19097304344177246,3
statues,things,4.1877288818359375,-0.17369505763053894,3
steady,stiff,-2.322265625,0.1948084831237793,3
stiller,stiller,3.66015625,-0.0828300192952156,3
stress,tension,4.53125,0.013433381915092468,3
study,thought,-2.2930908203125,-0.0329127237200737,3
subtle,wondrous,2.1756591796875,0.40752866864204407,3
suffering,time,2.3515625,-0.27770718932151794,3
surrounded,taken,1.107940673828125,-0.08111333101987839,3
suspense,uncertainty,4.546875,0.5068594217300415,3
sweeps,talks,-4.025390625,-0.17146730422973633,3
talkative,thoughtless,-0.3599853515625,-0.015547826886177063,3
talks,talks,1.09912109375,0.038220006972551346,3
talks,turns,0.65997314453125,0.07508423924446106,3
tap,tap,2.4233131408691406,-0.45487692952156067,3
territory,trade,-1.4635009765625,0.23327869176864624,3
things,things,-2.66796875,-0.2884237766265869,3
things,tires,2.66796875,-0.22658732533454895,3
thought,thought,-1.3125,-0.25797975063323975,3
thought,time,0.525390625,0.07839873433113098,3
time,time,4.7177886962890625,0.025294356048107147,3
time,ways,2.810546875,0.16414767503738403,3
useful,willing,0.075927734375,0.27127406001091003,3
vanquished,victor,-1.34375,-0.5810607671737671,3
vanquished,victors,-0.2236328125,-0.1755337417125702,3
voices,whistling,5.146484375,-0.04333461821079254,3
warmer,warmer,0.3997039794921875,0.08735467493534088,3
watch,watch,0.39886474609375,-0.10257966071367264,3
weaker,weaker,-4.31640625,-0.08762366324663162,3
went,went,3.97705078125,-0.2231937050819397,3
wilder,wilder,-1.8076171875,0.043878234922885895,3
absence,substitution,-1.7626953125,0.2978786826133728,4
absorbing,long,-0.12890625,-0.2617843747138977,4
acceleration,velocity,0.93212890625,0.27466636896133423,4
acquisition,opening,0.70135498046875,0.04280190169811249,4
act,looks,-0.625,0.1286412924528122,4
act,snort,0.3542022705078125,0.20176993310451508,4
admission,listing,1.68115234375,0.0030205994844436646,4
advantage,profit,2.072662353515625,-0.17230559885501862,4
agencies,officers,1.9375,0.05636174976825714,4
alasia,gabrielle,-1.029296875,0.2792203426361084,4
alms,largesse,-5.583282470703125,0.11343042552471161,4
amazement,inquiry,0.2109375,-0.013879239559173584,4
american,canadian,-4.2664794921875,-0.15624189376831055,4
american,confederate,-3.5556640625,0.16592435538768768,4
american,foreign,0.7032470703125,0.10056410729885101,4
american,french,-0.4453125,0.09481659531593323,4
american,irish,0.03662109375,-0.08715415000915527,4
anemone,roses,0.935546875,-0.10651135444641113,4
angle,distance,-5.39453125,-0.24183711409568787,4
angrily,loudly,0.7879638671875,0.01655419170856476,4
answered,considered,4.10986328125,0.07356451451778412,4
anxiously,long,7.619384765625,-0.12404781579971313,4
apparel,implements,-2.87158203125,0.20010881125926971,4
apparel,money,-1.193359375,0.024741753935813904,4
appetizing,nourishing,2.625,-0.11759563535451889,4
architecture,ceremonies,0.0,-0.05414661020040512,4
architecture,skyscrapers,-1.80859375,-0.11680153012275696,4
architecture,workmanship,0.4208984375,-0.01643531024456024,4
architecture,works,1.9921875,0.029980957508087158,4
arduously,long,-1.0303726196289062,-0.0277254655957222,4
artistic,general,-1.384765625,-0.21684530377388,4
artistic,international,5.0513916015625,-0.21190887689590454,4
artistic,social,4.34765625,-0.21545501053333282,4
artistic,technical,-3.05267333984375,-0.04982060194015503,4
ashamed,enraged,-0.6711883544921875,0.07628753781318665,4
ashamed,white,1.1104736328125,0.048774585127830505,4
asking,asking,2.9902963638305664,0.0450657457113266,4
atmospheric,solar,1.3592529296875,0.02522115409374237,4
authority,caution,-5.216796875,-0.2506469488143921,4
authority,responsibility,-1.485382080078125,0.07247291505336761,4
back,back,-5.614940643310547,0.09061363339424133,4
back,electrical,-0.28564453125,0.17317955195903778,4
back,everyth,-3.80908203125,-0.06371573358774185,4
back,open,-3.37841796875,0.1472328156232834,4
back,out,0.458984375,-0.03996119648218155,4
back,upper,-1.833984375,0.17915292084217072,4
back,work,-0.52685546875,0.28271299600601196,4
backup,medical,0.6796875,0.2938392758369446,4
bamboo,rice,2.125,0.008900895714759827,4
banana,lavender,2.34375,0.01756216585636139,4
banana,rice,-1.25390625,-0.4206550717353821,4
barracks,warehouses,2.1534423828125,-0.27711647748947144,4
bass,piano,2.0145263671875,0.1555625945329666,4
battle,host,2.30859375,0.048647090792655945,4
battle,work,-1.298828125,0.02991276979446411,4
beaten,bruised,0.30712890625,0.12878017127513885,4
beaten,dispersed,-2.638671875,-0.198241725564003,4
beaten,stabbed,-1.9884033203125,0.09353171288967133,4
bedevilment,confusion,3.4041748046875,0.11957530677318573,4
bees,beetles,-3.93768310546875,-0.2508048415184021,4
bees,lindens,-0.021484375,-0.0642242282629013,4
beetles,rats,-1.786376953125,-0.025554239749908447,4
behavior,habitats,3.2071151733398438,-0.03129097819328308,4
behavior,neurogenesis,0.625732421875,-0.008285418152809143,4
behavior,size,-3.818359375,0.07537339627742767,4
behind,behind,2.1328125,-0.16576386988162994,4
bellow,hook,1.501953125,0.056296080350875854,4
beloved,dear,0.70703125,0.008611813187599182,4
beloved,loving,0.62994384765625,0.23966367542743683,4
bigger,bigger,-2.5419921875,0.2032802551984787,4
bigger,faster,-0.419921875,-0.23497548699378967,4
bigger,newer,-2.347686767578125,0.09801889955997467,4
bigger,prettier,-0.124267578125,-0.028515562415122986,4
bison,cattle,-5.111328125,0.2787477374076843,4
bison,hybrids,-3.9970703125,0.15644364058971405,4
bleeding,bruised,1.8916015625,0.07912951707839966,4
blessed,dear,0.0,-0.207237109541893,4
block,ring,-2.82421875,-0.05721370130777359,4
blow,blow,-1.72021484375,0.19729210436344147,4
blow,bluster,5.578125,-0.07923272252082825,4
blow,howl,2.474609375,0.02494587004184723,4
blues,whites,0.61676025390625,-0.08965460956096649,4
bolder,bolder,3.77783203125,-0.061861783266067505,4
bouncing,bumping,0.27916717529296875,-0.1521196961402893,4
bowl,drinks,3.005859375,-0.03239722549915314,4
breathe,surface,0.0,0.1480843871831894,4
brethren,trust,-5.634765625,0.0031086206436157227,4
brie,butter,-2.51513671875,-0.1777545064687729,4
bright,cheerful,1.1787109375,0.18513239920139313,4
bright,fair,0.1181640625,0.05209285020828247,4
bright,glorious,-6.9619140625,-0.07105458527803421,4
bright,joyous,-4.629638671875,0.1418910175561905,4
bright,keen,1.37060546875,0.05736185610294342,4
bright,peaceful,5.91015625,-0.03882221877574921,4
bright,pure,2.4853515625,-0.004317447543144226,4
bright,smiling,-3.376708984375,0.2297086864709854,4
bright,snapping,0.263671875,0.054960355162620544,4
bright,still,-0.3359375,0.029461726546287537,4
bright,white,0.059352874755859375,-0.03552110493183136,4
brightness,size,0.17041015625,0.018454909324645996,4
brooches,goblets,-2.19140625,-0.04589518904685974,4
browned,healthy,-0.855133056640625,0.013074278831481934,4
bruised,jarred,-2.140625,-0.0385282039642334,4
bucks,saws,0.03772735595703125,-0.08384629338979721,4
building,building,0.8537769317626953,0.13535581529140472,4
building,development,1.21978759765625,-0.1167677715420723,4
buses,trams,-2.094024658203125,-0.28171664476394653,4
butter,experience,1.240234375,0.05737246572971344,4
butter,jam,-1.204345703125,-0.14300820231437683,4
cakes,candies,-1.10406494140625,-0.2199590802192688,4
cakes,doughnuts,-0.8570556640625,-0.40521496534347534,4
cakes,pastries,1.85150146484375,-0.020489543676376343,4
camps,cottages,2.814453125,0.021328017115592957,4
canadian,french,2.3193359375,-0.30255722999572754,4
canadian,international,-2.271270751953125,0.11902402341365814,4
careful,long,1.3236083984375,-0.11215652525424957,4
catalogs,essays,3.10546875,0.19847504794597626,4
cattle,farms,1.117919921875,0.05081820487976074,4
caution,delay,-4.4010009765625,-0.15960469841957092,4
caution,experience,-2.70361328125,-0.12955430150032043,4
caution,mystery,0.826171875,-0.016324952244758606,4
celebrity,related,-0.99609375,-0.11611463129520416,4
changeability,conformity,-3.4765625,-0.06380437314510345,4
changed,changed,-1.6326904296875,0.07392124831676483,4
charisma,money,1.21759033203125,-0.20612870156764984,4
cheerful,cozy,-0.0625,0.040506139397621155,4
cheerful,smiling,0.79541015625,0.14495913684368134,4
cheerful,surprised,2.32421875,-0.2558542490005493,4
chives,onion,0.37109375,0.11292232573032379,4
choicer,prettier,-1.798828125,0.03714290261268616,4
church,work,-1.91015625,0.23252733051776886,4
ciliates,radiolaria,-2.90625,0.1793772131204605,4
clay,lead,0.8984375,-0.2935801148414612,4
clay,logs,1.8870849609375,-0.15944303572177887,4
cleared,lined,4.115478515625,0.040126919746398926,4
cliffs,gorges,-4.2059783935546875,0.06368184089660645,4
cliffs,hillsides,-2.6763916015625,-0.060423657298088074,4
cliffs,riverbanks,1.802734375,-0.11888310313224792,4
clods,clumps,-0.56640625,0.1813911348581314,4
closing,opening,-3.24444580078125,0.3376666307449341,4
collapsed,melted,-3.2034912109375,-0.09657588601112366,4
colors,forms,2.70660400390625,-0.09071192145347595,4
colors,patterns,0.33349609375,0.293059766292572,4
community,voluntary,-4.236328125,-0.12840065360069275,4
concerted,concurrent,-4.26171875,0.1785673052072525,4
condemnation,sentence,-5.7093963623046875,-0.0958421528339386,4
confusion,misinformation,1.49810791015625,0.09253498911857605,4
confusion,panic,0.53814697265625,0.02450592815876007,4
confusion,rumors,2.28125,0.01082003116607666,4
considered,rejected,-4.1572265625,-0.1677643358707428,4
considered,still,-1.0859375,-0.07706214487552643,4
conspiracy,forgery,3.7890625,-0.04794207215309143,4
constant,loud,-0.318359375,0.007759466767311096,4
constant,perishable,2.103515625,-0.11893816292285919,4
continental,french,6.21844482421875,0.24049754440784454,4
copyrights,rights,-1.9321517944335938,0.21971715986728668,4
corruption,cultism,-2.7734375,-0.1259520798921585,4
cottages,houses,-7.1171875,-0.12896835803985596,4
country,kinship,1.07958984375,-0.14106352627277374,4
country,royalty,-5.2578125,0.11086706817150116,4
crackers,fudges,-2.5908203125,-0.09885706007480621,4
crackers,jam,0.76226806640625,-0.32209014892578125,4
cranes,warehouses,-0.828460693359375,-0.06300648301839828,4
creaks,squelches,0.64080810546875,-0.09151554107666016,4
criticize,denounce,1.67828369140625,0.11502797901630402,4
cross,disagreeable,1.02880859375,0.034004777669906616,4
cross,discontented,-1.336181640625,-0.09170174598693848,4
cross,fussy,4.80078125,-0.08404755592346191,4
cross,unkind,1.32666015625,0.08886878192424774,4
crowbars,picks,2.3046875,-0.07347413897514343,4
curled,curled,-1.426025390625,-0.016323566436767578,4
cytosine,thymine,-0.3955078125,0.11614485085010529,4
damp,keen,2.62005615234375,-0.0007923990488052368,4
damp,loathsome,0.2138671875,-0.00250457227230072,4
damp,long,-0.05255126953125,-0.13142982125282288,4
damp,thin,-0.625,-0.16165073215961456,4
damp,unwholesome,3.9634361267089844,-0.16239872574806213,4
dance,music,1.1015625,-0.15005618333816528,4
daring,heroic,-0.11767578125,-0.015528932213783264,4
daring,lateral,-13.607421875,0.11768887937068939,4
daring,marvellous,-5.74169921875,0.10961250960826874,4
daring,own,8.8603515625,0.2717081904411316,4
deafening,long,-0.5234375,-0.1375409960746765,4
dear,long,1.3916015625,0.04751710593700409,4
dear,loving,-1.1142578125,-0.019126757979393005,4
dear,thoughtful,-4.810272216796875,-0.23686698079109192,4
decorations,flags,-1.936614990234375,-0.07249758392572403,4
decorations,jewels,4.52545166015625,-0.10330329835414886,4
decorations,tints,3.6845703125,-0.08075626194477081,4
delighted,flustered,0.471435546875,0.04920148849487305,4
delighted,smiling,-1.7406005859375,0.0668817013502121,4
delighted,surprised,-1.41015625,-0.05818963050842285,4
denounce,preach,1.885467529296875,0.02989877760410309,4
detonators,fuses,0.1865234375,0.14817260205745697,4
development,production,-0.1240234375,-0.15102945268154144,4
development,testing,0.837890625,0.11586238443851471,4
diagrams,illustrations,-4.75390625,0.3671633005142212,4
dimpled,white,-1.4638671875,-0.11383071541786194,4
dismally,long,0.7802734375,0.042032524943351746,4
distance,size,5.662109375,-0.20265166461467743,4
distance,terrain,-1.173828125,0.08146616816520691,4
distinctly,loud,0.9368896484375,-0.2186000794172287,4
distinctly,loudly,1.3125,-0.11612700670957565,4
dizzy,nauseated,-1.34619140625,0.10624770820140839,4
drastic,long,7.8046875,0.005754023790359497,4
drinks,eats,1.859222412109375,0.02132958173751831,4
drinks,laughs,-1.2196044921875,0.0011086761951446533,4
dropped,sunk,-2.41796875,-0.10339294373989105,4
ducks,pelicans,1.3671875,-0.15611274540424347,4
dull,long,-2.2421875,-0.10330996662378311,4
dull,simple,-2.0565223693847656,-0.08798487484455109,4
dull,spiritless,0.9306640625,-0.13509707152843475,4
dwellings,shops,1.824798583984375,0.32634419202804565,4
dysentery,famine,2.19140625,0.23031608760356903,4
ecological,molecular,-6.1082763671875,0.2809874415397644,4
educated,scientific,-3.1000518798828125,-0.006504923105239868,4
egotistical,unrefined,-2.11328125,0.08360294997692108,4
endangered,endemic,3.334228515625,0.3332511782646179,4
endure,work,-1.3941650390625,-0.23052890598773956,4
energy,fire,-0.2265625,-0.1886747181415558,4
energy,stamina,1.0,-0.030624009668827057,4
energy,valour,-0.034832000732421875,0.08629462122917175,4
engineer,managerial,-0.0712890625,0.013726219534873962,4
entertainment,lodging,-2.8203125,0.06984762847423553,4
entertainment,music,0.857421875,-0.16179512441158295,4
entertainment,profit,-0.0272216796875,-0.12941573560237885,4
equality,freedom,7.7060546875,-0.07768452167510986,4
ermine,scarlet,-4.447265625,-0.20325317978858948,4
evade,evade,0.73638916015625,0.13563738763332367,4
everyday,simple,-0.7060546875,-0.20516586303710938,4
exclusive,significant,0.17046356201171875,-0.2428247630596161,4
exits,returns,1.0545654296875,0.16153542697429657,4
experience,observation,-6.09375,0.03838743269443512,4
experience,responsibility,0.132354736328125,-0.09573090076446533,4
experiments,observations,1.640625,0.005702659487724304,4
fagged,flustered,-3.5712890625,-0.1447654515504837,4
fair,frank,-3.06640625,-0.2588549256324768,4
fair,legible,-2.142578125,-0.13230392336845398,4
fair,peaceful,-2.22265625,-0.18103763461112976,4
fair,prosperous,-0.70574951171875,-0.17563897371292114,4
fair,pure,-3.453125,-0.02358369529247284,4
fair,still,2.072265625,-0.17719103395938873,4
farms,houses,-0.3330078125,0.15846876800060272,4
faster,faster,-0.39306640625,0.08571301400661469,4
fatiguing,long,1.984375,0.10935507714748383,4
feverish,ill,-0.9422607421875,-0.10524321347475052,4
fevers,malarias,-4.55078125,-0.02072211354970932,4
film,film,-2.38671875,-0.1369650959968567,4
film,music,0.82763671875,-0.21896973252296448,4
finches,larks,-0.021484375,0.0693187266588211,4
fire,lead,-2.68359375,0.007424980401992798,4
fire,load,0.9569091796875,0.22737286984920502,4
fire,tools,0.9463043212890625,-0.12572717666625977,4
fixedly,long,-2.4210147857666016,0.1185072511434555,4
flags,music,0.0,-0.12775760889053345,4
flash,loud,3.3887939453125,0.006170794367790222,4
fleecy,thin,-1.9716796875,0.01236012578010559,4
fleecy,white,0.66796875,0.10159555077552795,4
fly,fly,-0.493408203125,0.1800970584154129,4
foreign,international,2.525390625,-0.18819977343082428,4
foreign,tanned,-0.765625,0.17261569201946259,4
foreign,ukrainian,-3.14697265625,0.1991405338048935,4
forgives,relents,0.7398681640625,0.08779901266098022,4
frank,independent,5.468505859375,-0.10537292063236237,4
frank,offensive,-3.8955078125,0.20939476788043976,4
frank,open,-2.83203125,0.06830810010433197,4
freedoms,rights,-0.46673583984375,-0.08146511018276215,4
french,irish,-2.3681640625,-0.009400218725204468,4
french,music,-1.6328125,0.12553198635578156,4
freshman,sophomore,-0.83984375,-0.12758038938045502,4
friend,playfellow,0.7771759033203125,-0.26464879512786865,4
furs,implements,-2.182342529296875,-0.15767604112625122,4
fuss,squeal,-2.5606689453125,-0.16443604230880737,4
fuss,stamp,-3.762451171875,-0.1492331475019455,4
gaping,muttering,-2.7265625,0.13203628361225128,4
general,maddened,-1.3734016418457031,0.015705689787864685,4
general,technical,1.34765625,0.07975415885448456,4
generations,generations,5.46484375,0.047172144055366516,4
ghastly,long,2.0643310546875,0.04004290699958801,4
ghastly,unending,0.47900390625,0.05893419682979584,4
godless,violent,-3.89111328125,-0.11014411598443985,4
grandma,grandpa,-3.495645523071289,0.16105832159519196,4
guerilla,independent,0.876922607421875,-0.019279107451438904,4
gutturally,loudly,-2.58270263671875,-0.023548223078250885,4
hammering,hammering,3.2292938232421875,0.009067222476005554,4
hazelnut,raspberry,4.914337158203125,-0.015721023082733154,4
healthy,long,-2.990234375,-0.12517233192920685,4
healthy,obedient,1.811279296875,-0.09468083828687668,4
healthy,open,-4.09375,-0.17083704471588135,4
healthy,prosperous,3.7087106704711914,-0.24798204004764557,4
healthy,pure,-1.223388671875,-0.08123189955949783,4
heart,joints,1.6640625,-0.45082587003707886,4
heart,renal,-4.145294189453125,0.0856785923242569,4
heartfelt,traditional,3.6259765625,-0.2430589199066162,4
heartily,long,1.64453125,0.14224041998386383,4
hearty,loud,-0.7723388671875,-0.25664350390434265,4
hearty,loving,-2.5302734375,0.21047084033489227,4
hedonism,utilitarianism,0.5859375,-0.11413084715604782,4
helmsman,operator,-3.1337890625,0.20857243239879608,4
hoot,howl,-0.427734375,-0.13896092772483826,4
hop,squeal,-1.925872802734375,-0.03711797297000885,4
hopelessly,vaguely,1.134765625,-0.031526461243629456,4
hops,jumps,-7.234375,0.04237698018550873,4
horns,strings,-3.50439453125,0.36263424158096313,4
hoss,hoss,-1.0316162109375,0.03578130900859833,4
houses,houses,-0.08203125,-0.1351517140865326,4
houses,shops,-3.108154296875,-0.2704368531703949,4
houses,stores,-1.70849609375,0.13623778522014618,4
howl,howl,-5.236328125,0.08217734098434448,4
husk,sawdust,-0.4375,0.05325089395046234,4
ill,weary,2.66796875,0.3792477250099182,4
ill,white,-2.2041015625,0.019296541810035706,4
implements,tools,2.0712890625,-0.07081441581249237,4
incongruity,likeness,-2.8553466796875,0.08553804457187653,4
independent,savage,4.017578125,0.07081225514411926,4
independent,sovereign,0.818359375,-0.040161214768886566,4
independent,wealthy,-3.7265625,-0.08536358177661896,4
indoors,out,-3.02301025390625,-0.01871447265148163,4
infallible,sovereign,4.04833984375,-0.17924094200134277,4
innovation,technology,0.0,-0.23110659420490265,4
inquiring,thoughtful,0.0,0.05493082106113434,4
inquiry,observation,1.5107421875,0.12440125644207001,4
insulting,violent,1.4755859375,-0.22787514328956604,4
intricate,long,6.052978515625,-0.03719714283943176,4
involuntary,voluntary,0.7119140625,-0.029024489223957062,4
irish,nigerian,0.1749267578125,-0.14442381262779236,4
jewels,money,1.44921875,-0.1966334581375122,4
jib,jigger,5.91339111328125,0.2527368664741516,4
joking,smiling,-2.314453125,0.046968474984169006,4
journalists,officials,-3.12109375,-0.1652325987815857,4
joyous,loud,0.4725341796875,-0.09577855467796326,4
joyous,smiling,3.4482421875,-0.21607470512390137,4
keen,peaceful,-1.44921875,-0.2515207529067993,4
keener,keener,-0.244781494140625,0.1619107574224472,4
knowing,knowing,-1.84375,-0.19223541021347046,4
labor,money,-2.927734375,-0.14579468965530396,4
lasting,long,0.55859375,-0.04861804097890854,4
laughs,looks,0.9841461181640625,0.22197090089321136,4
laughs,yells,0.8352508544921875,-0.12016941606998444,4
lavender,white,0.255279541015625,-0.110822893679142,4
lessons,work,-0.8115234375,-0.25732558965682983,4
limping,lisping,-1.172607421875,0.13430456817150116,4
lived,struggled,-1.55810546875,-0.05592140555381775,4
lived,worked,-4.765625,-0.0026813894510269165,4
lives,looks,-3.0561981201171875,0.38203001022338867,4
lives,money,0.8369140625,-0.10864486545324326,4
lives,work,-0.8271484375,-0.15772786736488342,4
lives,works,2.0939369201660156,-0.18978212773799896,4
logical,simple,1.3592033386230469,0.04108099639415741,4
logs,stumps,-0.72265625,0.16336990892887115,4
lone,long,-2.5410404205322266,-0.059974148869514465,4
long,long,1.1337356567382812,0.044308871030807495,4
long,loud,-4.4775390625,0.10004425048828125,4
long,loudly,5.5380859375,0.08818690478801727,4
long,loving,0.48046875,0.16517148911952972,4
long,lucidly,3.666015625,0.09978780150413513,4
long,narrow,-1.96240234375,-0.1708444356918335,4
long,passionately,-2.0478515625,0.27064818143844604,4
long,peaceful,-1.97216796875,0.11087949573993683,4
long,pointed,-1.62109375,0.2728840708732605,4
long,prosperous,-3.77392578125,-0.24135112762451172,4
long,significant,-4.41796875,-0.2926991879940033,4
long,simple,2.723052978515625,0.03192324936389923,4
long,sinewy,0.181640625,-0.1252128630876541,4
long,slinking,-1.693359375,0.04052339494228363,4
long,softly,6.721183776855469,0.3042246103286743,4
long,storied,1.61285400390625,-0.05274190753698349,4
long,thin,0.98828125,-0.12153743207454681,4
long,thoughtfully,1.40234375,0.15431897342205048,4
long,untrimmed,-0.5546875,0.08723263442516327,4
long,varied,2.3583984375,0.0061608850955963135,4
long,violent,-1.390625,-0.3813255727291107,4
long,wearisome,-5.45068359375,-0.15686771273612976,4
long,weary,3.7578125,0.3253990411758423,4
long,white,0.86334228515625,0.01994289457798004,4
looks,moves,-1.7919158935546875,-0.09257660806179047,4
looks,works,-0.5026817321777344,0.1522618681192398,4
loud,repetitive,3.568359375,0.03448811173439026,4
loud,rowdy,-0.8564453125,0.014294520020484924,4
loud,sudden,0.04931640625,0.05504313111305237,4
loud,throaty,-0.6044921875,-0.16791966557502747,4
loud,unnatural,0.44356536865234375,-0.10942389816045761,4
loud,violent,1.00927734375,-0.17273595929145813,4
loving,pure,4.03759765625,-0.296538770198822,4
loving,simple,-1.05322265625,-0.16354234516620636,4
lutes,tambourines,-7.96484375,-0.1382325440645218,4
machinery,textiles,3.17626953125,0.02615216374397278,4
machines,technology,-4.848602294921875,-0.22139889001846313,4
machines,tools,-1.765625,-0.09495776146650314,4
madder,madder,1.1805419921875,0.0015138983726501465,4
mangrove,passionfruit,-3.0830078125,0.08549328148365021,4
marathons,ultramarathons,3.810546875,-0.20343267917633057,4
medical,scientific,-0.55908203125,-0.08538670837879181,4
medical,social,2.431640625,-0.17749391496181488,4
medical,technical,0.168731689453125,-0.08443745225667953,4
meditation,prayer,-0.97265625,-0.1318657249212265,4
merchants,workmen,1.17578125,-0.032903119921684265,4
midwest,southeastern,-1.02197265625,0.2240130752325058,4
mobile,social,-0.162841796875,-0.21135491132736206,4
money,production,0.20703125,-0.03335503488779068,4
money,records,-0.4900360107421875,-0.1442582905292511,4
money,spices,4.12890625,-0.047137632966041565,4
money,travelcards,1.998046875,0.2239110916852951,4
monsoonal,tropical,-1.2646484375,-0.17152023315429688,4
morose,unfriendly,3.3369140625,0.021876752376556396,4
mounted,stuffed,3.3952255249023438,0.3001769781112671,4
moves,uplifts,5.2431640625,-0.3225551247596741,4
music,music,2.257537841796875,-0.13604015111923218,4
music,philosophy,-1.14453125,0.09774504601955414,4
music,records,-1.6549072265625,0.04577679932117462,4
music,rhetorics,-0.81524658203125,-0.07827073335647583,4
music,static,-3.2333984375,-0.04338452219963074,4
music,table,-3.33984375,0.14729119837284088,4
music,work,-2.978459358215332,-0.06183035671710968,4
musically,philosophically,-2.31982421875,-0.0755096897482872,4
muttering,sobbing,-1.6640625,-0.03070707619190216,4
narrow,rakish,3.8935546875,-0.1660100668668747,4
narrow,triangular,1.123046875,0.18457533419132233,4
neck,neck,-0.828125,-0.18316633999347687,4
neighbors,travelers,-0.5986328125,0.07309421896934509,4
nephews,nieces,0.466064453125,-0.12518805265426636,4
observation,theory,3.3515625,-0.10623530298471451,4
offspring,parents,2.381244659423828,-0.006663903594017029,4
onward,out,1.7578125,-0.10603993386030197,4
open,open,2.7978515625,0.4823352098464966,4
open,violent,-0.9731292724609375,0.10318361222743988,4
opening,shutting,1.34375,0.2745239734649658,4
optimists,toppers,1.811279296875,-0.16758379340171814,4
oral,written,-1.618408203125,-0.22290483117103577,4
orders,returns,1.044921875,-0.19486619532108307,4
out,out,2.21875,0.35987842082977295,4
parents,visitor,1.8515625,0.11946319043636322,4
passionately,strangely,-2.905517578125,-0.11278950423002243,4
peaceful,prosperous,-0.13739013671875,-0.34936100244522095,4
peaceful,smiling,-1.322265625,0.04817371070384979,4
peaceful,still,0.1015625,0.05280502140522003,4
peaceful,unopposed,2.2392578125,-0.05586555600166321,4
perfect,poofy,0.998779296875,-0.29014867544174194,4
perfect,pure,1.4931640625,-0.02728208899497986,4
perfect,unbroken,-0.5190200805664062,-0.07892490923404694,4
pertly,promptly,-4.0693359375,-0.14659461379051208,4
philosophy,theology,-6.3623046875,-0.06786811351776123,4
piano,violin,5.0032958984375,-0.07225185632705688,4
pike,spear,4.38104248046875,0.27717530727386475,4
plans,preparations,-2.2802734375,-0.18343961238861084,4
plaprer,plaprer,0.3304443359375,0.03440280258655548,4
pointed,terse,1.4580078125,-0.17433030903339386,4
practise,practise,-2.330078125,-0.2927165627479553,4
prayer,thanksgiving,0.65673828125,-0.08169357478618622,4
prayer,worship,-1.067840576171875,0.11568523943424225,4
prettier,prettier,-2.030517578125,0.007567286491394043,4
production,technical,-1.3787841796875,0.16956670582294464,4
production,transportation,0.0,0.03651042282581329,4
project,technical,-1.305389404296875,-0.1274036020040512,4
projectors,televisions,3.235107421875,0.05878506600856781,4
punishment,rewards,-1.3603515625,-0.020389050245285034,4
pure,simple,-0.3246593475341797,-0.1664784550666809,4
pure,sober,-0.979736328125,-0.008914455771446228,4
pure,solid,1.1513671875,0.20713745057582855,4
pure,white,-0.303955078125,0.14854781329631805,4
queerer,queerer,-4.83447265625,-0.0966508612036705,4
quivering,white,-4.5,0.1241828054189682,4
rascals,shepherds,0.541290283203125,-0.039481066167354584,4
raved,stormed,0.0,0.04883238673210144,4
reading,studying,-2.5703125,0.027848660945892334,4
reports,rumors,0.849609375,0.13487054407596588,4
responsibility,work,-1.365234375,-0.23482224345207214,4
restaurants,shops,7.196533203125,-0.04854460060596466,4
rice,tallow,2.28759765625,-0.10386477410793304,4
ring,stacker,-1.845703125,0.17813201248645782,4
romantic,villainous,-0.9296875,-0.11082763224840164,4
rope,textiles,-0.428466796875,0.0504804402589798,4
salvage,vandalizing,4.025634765625,0.31222790479660034,4
satin,spotted,0.0,0.44528090953826904,4
savage,treacherous,1.7620849609375,0.10009603202342987,4
scarlet,white,1.62420654296875,-0.2529658377170563,4
scholarly,sober,-1.37054443359375,-0.08718379586935043,4
scientific,technical,-0.15087890625,0.21632201969623566,4
seals,walruses,-5.5595703125,0.1507243663072586,4
seasonal,tropical,-0.58416748046875,0.07296529412269592,4
sensitive,temperamental,2.755889892578125,-0.06439599394798279,4
settlement,transportation,2.263031005859375,0.4366745948791504,4
shaven,spotted,-1.60888671875,0.03978361189365387,4
significant,varied,0.3525390625,-0.01675376296043396,4
simple,slight,-3.862060546875,-0.13168776035308838,4
simple,touching,-2.2822265625,-0.08618330210447311,4
sleek,thoughtful,-0.65380859375,0.0801992118358612,4
slight,thin,-3.109375,0.09356333315372467,4
smiling,unhurried,-0.900909423828125,-0.22622887790203094,4
sober,thoughtful,2.105712890625,0.1407223492860794,4
social,technical,-1.76953125,0.03052276372909546,4
social,traditional,2.94140625,-0.03499777615070343,4
social,youth,3.119140625,-0.19271564483642578,4
softly,stealthily,0.71875,0.056935861706733704,4
solid,still,0.3515625,0.41253453493118286,4
solid,unbroken,-8.95703125,-0.12794837355613708,4
starched,white,-0.4296875,0.2013959139585495,4
still,thoughtful,2.977569580078125,0.051952898502349854,4
still,void,1.742919921875,-0.03552192449569702,4
still,white,-0.818359375,-0.03337414562702179,4
stores,warehouses,-3.9398422241210938,0.020231589674949646,4
stout,weatherly,-0.6728515625,-0.02228623628616333,4
strings,violin,1.3358154296875,0.1905357390642166,4
struggled,struggled,-0.392578125,-0.012484624981880188,4
stumps,walls,0.3125,-0.12690456211566925,4
sudden,tremendous,1.66522216796875,-0.0022078007459640503,4
sudden,unnatural,1.892547607421875,0.13580484688282013,4
sudden,violent,2.3507080078125,0.036034613847732544,4
swaying,swaying,1.73388671875,-0.009760528802871704,4
swaying,whirling,-1.96484375,0.1009310632944107,4
table,table,-0.126953125,-0.04467317461967468,4
thin,white,3.85205078125,0.09594018757343292,4
tickling,touching,-2.1515560150146484,-0.09555447101593018,4
treacherous,vile,3.8358154296875,0.021151795983314514,4
treacherous,villainous,0.0,0.002132222056388855,4
treacherous,wicked,-2.509765625,-0.03895285725593567,4
turned,turned,1.618896484375,0.121951624751091,4
unafraid,unashamed,-0.40966796875,-0.0727592408657074,4
unfriendly,unnatural,0.0,0.10891135036945343,4
ungoverned,violent,-0.5341796875,0.1392410844564438,4
unkind,wicked,2.5107421875,-0.04725463688373566,4
unshaved,unwashed,-7.3681640625,-0.21902814507484436,4
vindictive,violent,-1.6171875,0.026867181062698364,4
wanted,wanted,4.07470703125,0.09082381427288055,4
warfare,work,1.47265625,0.2595825791358948,4
wickeder,wickeder,1.11328125,-0.034678153693675995,4
work,work,-3.041015625,-0.12987962365150452,4
worked,worked,12.0791015625,-0.09807465225458145,4
worst,worst,1.2568359375,-0.017295047640800476,4
abject,dejected,2.160919189453125,-0.3219768702983856,5
acceptive,efficient,1.69482421875,0.3334898352622986,5
aches,pains,-0.09619140625,-0.160040482878685,5
acting,performing,-2.09039306640625,-0.310275137424469,5
adapt,survive,-6.0615234375,-0.8171676397323608,5
addition,deletions,-1.5608367919921875,-0.05668044090270996,5
advice,assistance,2.5078125,0.08043484389781952,5
advice,injunctions,-0.6875,0.014515116810798645,5
advice,training,1.9541015625,0.08398328721523285,5
affordable,cheap,3.1806640625,0.459399938583374,5
aft,knelt,-0.11431884765625,-0.014620676636695862,5
agitated,shocked,-1.564453125,-0.1090359091758728,5
agnostic,liberal,-0.19482421875,0.09616343677043915,5
ahing,umming,2.2535552978515625,0.029083356261253357,5
alien,strange,-8.0185546875,0.3803998827934265,5
alternatively,secondarily,-0.4013671875,0.3058539032936096,5
anecdotes,gossip,0.4453125,-0.26230043172836304,5
anklets,bracelets,2.6025390625,0.38714152574539185,5
anklets,wristlets,0.9072265625,0.15320880711078644,5
annoying,childish,-2.862060546875,-0.2071102410554886,5
annoying,strange,-3.1953125,-0.14054502546787262,5
anticipation,intercourse,-1.081298828125,-0.13982482254505157,5
apartments,cars,4.5927734375,0.07205326855182648,5
apologizing,crying,1.572265625,-0.3094105124473572,5
appreciation,gratitude,0.0,-0.14844045042991638,5
appropriately,directly,2.587158203125,-0.2245415896177292,5
arepas,cachapas,0.6624755859375,-0.037171006202697754,5
argued,argued,2.4560546875,-0.025193676352500916,5
arrested,injured,-2.64599609375,0.10979582369327545,5
arrested,punished,-0.32861328125,0.04962538182735443,5
arrested,shot,8.5810546875,0.09045787155628204,5
arrested,tortured,-1.7973785400390625,-0.5976072549819946,5
articles,books,-2.0734024047851562,0.04798673093318939,5
articles,interviews,2.16796875,-0.637342631816864,5
asleep,quieted,6.28515625,0.19975487887859344,5
asleep,snoring,-0.1962890625,0.10877488553524017,5
assistant,doorkeeper,0.353515625,0.2822415232658386,5
astonishment,fright,1.890380859375,-0.12149728834629059,5
astonishment,incredulity,-3.2429962158203125,0.27348995208740234,5
astrophysical,geophysical,-2.58935546875,0.006927058100700378,5
attractive,instructive,-0.8515625,-0.06220075488090515,5
attractive,interesting,1.314453125,-0.24573032557964325,5
attractive,proven,0.33642578125,-0.09304828941822052,5
attractive,serviceable,0.8125,0.7155576944351196,5
attractive,unique,1.650390625,0.5837393403053284,5
attractive,viable,2.576934814453125,-0.3553599715232849,5
awe,reverence,-0.3076171875,0.2775011658668518,5
awful,profound,2.3154296875,0.4481409192085266,5
awful,strange,-0.768341064453125,0.18508844077587128,5
awkwardly,heavily,-1.3920783996582031,0.1242636889219284,5
balmy,mild,-0.490234375,-0.12836772203445435,5
banquets,cheers,-1.6640625,-0.39525312185287476,5
barbarians,pirates,-0.2891845703125,0.6259884834289551,5
bargains,coffins,5.50439453125,0.32765573263168335,5
basketball,tennis,-7.45703125,-0.47716325521469116,5
beardless,handsome,-0.88775634765625,-0.35114890336990356,5
behavioural,cognitive,-2.0859375,-0.16722756624221802,5
behavioural,mental,4.873046875,0.05630563199520111,5
best,best,4.1630401611328125,-0.15277360379695892,5
best,darlingest,-2.181396484375,0.3642297387123108,5
best,noblest,3.462890625,-0.07050098478794098,5
best,quickest,0.89697265625,-0.3812766671180725,5
best,smartest,-3.68231201171875,-0.3230517506599426,5
best,soundest,-0.9375,-1.0238028764724731,5
biological,historical,4.29296875,-0.13383160531520844,5
blunt,rough,-0.087890625,0.13292931020259857,5
boastful,cheating,-2.9892578125,-0.40295618772506714,5
boisterous,rude,-1.7486572265625,0.2401760071516037,5
bollards,cars,0.5742530822753906,0.22735930979251862,5
books,happenings,-1.66015625,0.31359076499938965,5
books,letters,-1.017578125,0.21725581586360931,5
books,movies,3.6328125,-0.543707549571991,5
books,pamphlets,4.2353515625,0.30226022005081177,5
books,postage,-0.14670181274414062,0.3227383494377136,5
books,studies,-1.80078125,0.04595284163951874,5
books,theater,-2.76953125,-0.27027833461761475,5
bosses,budgets,-0.872894287109375,-0.363852322101593,5
bosses,enemies,-0.833984375,-0.18246184289455414,5
boulders,rocks,-0.373046875,-0.023645758628845215,5
bounds,training,-0.25390625,0.2737817168235779,5
bowling,tennis,-0.38629913330078125,-1.080430507659912,5
boyish,free,0.439453125,-0.853515625,5
breathless,panting,-2.88671875,0.08702848851680756,5
brighter,brighter,-1.14453125,0.3113483786582947,5
brighter,content,-2.916015625,0.7549191117286682,5
brighter,merrier,-1.59423828125,-0.3282809257507324,5
british,iraqi,1.205322265625,0.02400974929332733,5
british,scottish,5.858306884765625,-0.37798011302948,5
british,spanish,0.7724609375,-0.28759336471557617,5
british,yank,0.1484375,-0.17378000915050507,5
broad,eclectic,0.468505859375,-0.439796507358551,5
broad,glittering,-4.8125,0.12953303754329681,5
broad,handcuffed,-1.82421875,0.21076534688472748,5
broad,leathery,-2.22271728515625,0.4505414366722107,5
broad,level,-0.646484375,0.13356725871562958,5
broadcasting,journalism,0.0,-0.12938979268074036,5
broke,rotten,-2.640625,-0.2583111822605133,5
bugs,fleas,2.052398681640625,0.06245608627796173,5
bumps,tracks,2.939453125,-0.043902263045310974,5
calls,letters,-1.7620925903320312,0.23098279535770416,5
cans,forks,1.9515380859375,-0.20031167566776276,5
capacities,powers,3.587890625,-0.1624295711517334,5
capital,financial,2.828125,0.18812750279903412,5
capital,government,-3.35986328125,-0.06423519551753998,5
carotenoids,chlorophyll,-2.7548828125,0.2989049553871155,5
carpets,rugs,1.2086181640625,0.027949392795562744,5
cars,hats,-0.51275634765625,0.443886935710907,5
cars,lorries,-3.8134765625,0.013926580548286438,5
casual,playful,0.603515625,-0.05258221924304962,5
cat,dog,0.078125,-0.17974664270877838,5
cat,puppy,0.9192733764648438,0.15456382930278778,5
catch,tame,-1.796875,-0.1821388155221939,5
catch,toss,-0.82421875,0.4024353623390198,5
caverns,rocks,-0.2254638671875,0.03354896605014801,5
caverns,tunnels,-0.673828125,-0.05819883942604065,5
cedar,yew,1.3519363403320312,0.007849141955375671,5
cereals,toast,2.853515625,-0.0538652241230011,5
cereals,tobacco,4.3336181640625,-0.38162368535995483,5
change,decay,-2.390625,-0.5752463936805725,5
changes,changes,-2.56640625,0.24237467348575592,5
character,comic,-1.703125,-0.0872700959444046,5
character,form,1.423828125,0.20582328736782074,5
characteristic,interesting,0.66015625,0.05138005316257477,5
characteristic,unique,-0.31658935546875,0.00481770932674408,5
characters,letters,-1.5546875,-0.053921014070510864,5
characters,movies,-0.48046875,0.1842278391122818,5
chattering,laughter,0.05908203125,0.12920717895030975,5
cheap,nice,2.337890625,0.8491950631141663,5
cheap,plentiful,1.7623291015625,0.043830230832099915,5
cheerfully,pleasantly,2.84375,-0.18854311108589172,5
cheerfully,regularly,-1.483154296875,0.2762109637260437,5
cheers,laughter,-1.4708251953125,-0.3533546030521393,5
cheers,merriment,0.359375,-0.7853009104728699,5
chemically,physically,-0.641510009765625,0.07462723553180695,5
chivalry,courtesy,4.076171875,-0.16702041029930115,5
chivalry,right,-3.822845458984375,-0.3380798101425171,5
christian,faithful,4.6387939453125,-0.36559027433395386,5
city,metropolitan,-3.16796875,0.31095707416534424,5
clapping,laughter,-0.62353515625,0.11697135865688324,5
clean,nice,-5.454612731933594,0.8584029078483582,5
clean,painted,-1.033203125,0.4942389130592346,5
clean,roomy,-1.548828125,0.2543572783470154,5
clean,shaved,2.7247314453125,0.2438623458147049,5
clean,trig,-2.5859375,-0.6806722283363342,5
cliff,ray,0.6298828125,-0.9549855589866638,5
clothe,make,-3.571044921875,0.18982400000095367,5
coaches,lorries,-0.42578125,-0.18822014331817627,5
coal,peat,-0.4723052978515625,-0.09663835167884827,5
coal,salt,0.4609375,-0.44254663586616516,5
colloquially,officially,-2.8509521484375,-0.5342553853988647,5
colour,form,-1.283203125,0.12001003324985504,5
colour,movement,-1.16796875,-0.41936182975769043,5
colour,scent,3.0498046875,0.18227307498455048,5
colours,sizes,0.49267578125,0.3080233335494995,5
communications,media,-0.245361328125,0.23487024009227753,5
communications,training,2.161865234375,-0.21731238067150116,5
compact,graceful,4.269561767578125,-0.49888771772384644,5
compass,rule,1.08984375,0.09155802428722382,5
complacence,sense,-0.86181640625,0.0243731290102005,5
complete,unabridged,0.9990234375,0.06023643910884857,5
components,systems,0.89080810546875,0.541519820690155,5
conflicts,dramas,1.0986328125,-0.3599991202354431,5
connected,conscious,-5.419921875,-0.4237138628959656,5
conscientious,reliable,-4.366304397583008,-0.25835859775543213,5
consistency,endurance,10.962890625,0.06898601353168488,5
constellations,stars,-4.699530601501465,-0.22284343838691711,5
constraint,distrust,4.802734375,-0.10707606375217438,5
content,gratitude,-1.515625,0.25371044874191284,5
content,peace,1.412109375,-0.4610086679458618,5
content,romance,2.1904296875,-0.7111817598342896,5
contentious,inefficient,-0.908203125,-0.1843281090259552,5
cooked,cooked,1.73046875,0.33175116777420044,5
corporeal,spiritual,-0.4697265625,0.14992724359035492,5
corridors,tunnels,-2.735595703125,-0.22276996076107025,5
cotton,groundnut,2.479691505432129,0.036709800362586975,5
cotton,tobacco,-1.10882568359375,-0.48103880882263184,5
countries,nations,-0.515625,0.13770459592342377,5
countries,others,-3.14404296875,-0.36235058307647705,5
courtesy,reverence,-1.8648529052734375,0.23419629037380219,5
courtesy,sense,-0.314453125,-0.5015031695365906,5
craggy,handsome,-0.068359375,0.2395794838666916,5
crinkly,nice,4.379638671875,0.8698228001594543,5
crowed,prattled,2.003662109375,-0.25326991081237793,5
cruising,crying,0.3377685546875,-0.4653695225715637,5
crying,crying,2.3803863525390625,-0.13864129781723022,5
crying,kissing,1.494140625,-0.6033245921134949,5
crying,pleading,-2.6034469604492188,-0.4090980887413025,5
crying,scared,-1.23602294921875,0.1460249274969101,5
curiouser,curiouser,1.447265625,-0.11642710864543915,5
cut,foin,-1.6826171875,-0.05909763276576996,5
cutest,sexiest,4.71484375,0.18196146190166473,5
damaging,widespread,-1.9287109375,-0.2477717399597168,5
day,twilight,2.0416259765625,0.17126886546611786,5
debris,rocks,-1.351806640625,0.6089850068092346,5
decay,renewal,-4.0501708984375,0.22999213635921478,5
defenses,equipment,1.503662109375,0.08485274016857147,5
defensive,difficult,3.167236328125,0.40112459659576416,5
defensive,militant,3.037792205810547,-0.40257543325424194,5
defined,used,-3.79296875,-0.2655108571052551,5
dejected,distressed,-2.310546875,-0.45554256439208984,5
dejected,inconsolable,2.673095703125,-0.16704103350639343,5
dejected,sore,-4.23870849609375,0.23533819615840912,5
difficult,rough,3.2958984375,-0.5802102088928223,5
dignified,remarkable,0.0166015625,-0.4656583070755005,5
dignified,solemn,-8.3818359375,-0.5971077680587769,5
disbanded,scattered,0.029296875,0.4667850136756897,5
disconcerted,glum,-0.500823974609375,0.3717796802520752,5
disputing,quarrelling,0.49609375,0.13318370282649994,5
dissipated,free,-4.055107116699219,-0.07610957324504852,5
distant,strange,0.75390625,0.39953213930130005,5
distracted,lawless,-1.75018310546875,-0.17190954089164734,5
distressing,humiliating,-4.8599853515625,0.012531742453575134,5
diverse,liberal,1.599609375,-0.15093867480754852,5
diverse,vibrant,-4.302925109863281,0.5040336847305298,5
dog,man,1.751953125,0.05874989926815033,5
dog,master,0.5849609375,0.8112753033638,5
done,done,0.0828857421875,0.010131105780601501,5
done,opened,-0.5595703125,-0.04560239613056183,5
done,over,0.322265625,-0.0312202125787735,5
done,said,4.18414306640625,-0.5535022616386414,5
done,seen,-1.5428390502929688,-0.25961002707481384,5
doze,dream,-0.4228515625,-0.571144163608551,5
dramas,movies,-4.031402587890625,0.1173083633184433,5
drawn,painted,8.3515625,0.35397762060165405,5
drill,training,4.81640625,0.2618213891983032,5
driving,driving,-4.40234375,-0.7575743198394775,5
driving,steroids,0.3564453125,0.0025776028633117676,5
drowned,shot,-0.063385009765625,0.47598469257354736,5
durable,viable,2.8203125,-0.17997227609157562,5
east,middle,-0.1884765625,0.3487962484359741,5
ecclesiastic,moral,0.66217041015625,-0.23868036270141602,5
eerie,ominous,-4.0972900390625,-0.12708018720149994,5
efficient,reliable,0.61895751953125,0.0516137033700943,5
eggs,flour,0.720703125,0.6904147863388062,5
eggs,game,-0.837646484375,-0.07142426073551178,5
eggs,toast,1.9418792724609375,0.4815344214439392,5
eigenvalues,eigenvectors,-1.55078125,0.38843458890914917,5
elbow,scream,0.703857421875,-0.3694302439689636,5
elegant,graceful,-0.50390625,0.7289952635765076,5
elsewhere,here,-1.04541015625,0.152369424700737,5
emaciation,weakness,-2.6767578125,-0.41655978560447693,5
emerged,proliferated,-5.025909423828125,-0.1446390151977539,5
empowerment,engagement,1.966796875,-0.3068770468235016,5
entreating,menacing,1.575927734375,-0.1421620100736618,5
equipment,toy,-0.85394287109375,0.2734121084213257,5
equipment,training,-4.05078125,0.09005044400691986,5
ethology,sociobiology,-4.765625,0.6503727436065674,5
even,nice,0.474700927734375,0.6249475479125977,5
even,odd,-2.67822265625,-0.22089940309524536,5
exhaustion,hunger,3.595703125,0.1562812775373459,5
exposure,hunger,-1.625,-0.4231768250465393,5
expressly,purely,5.390625,-0.13260550796985626,5
fainter,fainter,-0.12213134765625,-0.5286043286323547,5
faithful,spiritual,-0.453125,-0.22336839139461517,5
faithful,trusty,0.713623046875,-0.29611343145370483,5
familiar,nice,-1.3363037109375,0.7464147210121155,5
feces,urine,1.151519775390625,0.08466185629367828,5
fictional,historical,0.158203125,0.29208236932754517,5
filtered,zoned,0.8984375,-0.03385394811630249,5
financial,governmental,-5.8046875,-0.1562897264957428,5
financial,moral,-0.06640625,-0.8399604558944702,5
fishermen,millers,-2.8974609375,0.43913698196411133,5
fishermen,pirates,2.41015625,0.30889254808425903,5
fitted,painted,1.701171875,-0.024370193481445312,5
flour,mincemeat,1.642578125,-0.6863128542900085,5
forcible,racy,1.85247802734375,-0.031290724873542786,5
form,line,10.1676025390625,0.24396912753582,5
form,survive,-1.90625,-0.4753153324127197,5
fragile,rude,2.35125732421875,0.6477462649345398,5
frantic,scattered,-0.20556640625,0.254666268825531,5
free,free,-4.91357421875,0.09471254050731659,5
free,scattered,1.037109375,0.1736762970685959,5
free,spontaneous,-2.74609375,0.046740010380744934,5
fright,weakness,1.662790298461914,-0.3104666769504547,5
frogs,rabbits,-4.1248779296875,0.9130961298942566,5
funeral,save,-3.82958984375,0.10700677335262299,5
gambling,spending,2.845703125,-0.38321399688720703,5
game,pot,-2.9605712890625,0.08847515285015106,5
gamesters,runners,-0.2783203125,-0.13676105439662933,5
gasp,kissing,3.85107421875,0.44058161973953247,5
gasp,scream,-1.375,-0.005994811654090881,5
gasp,stare,-3.384765625,0.22787638008594513,5
gayety,laughter,0.06884765625,0.19519178569316864,5
gayety,merriment,-2.859375,-0.10083363950252533,5
gayety,mirth,-3.8438720703125,-0.6303049921989441,5
gently,immediately,-1.2716827392578125,1.0481750965118408,5
gently,nice,-0.5625,0.7624322175979614,5
glans,prepuce,1.1063232421875,-0.06022307276725769,5
glum,solemn,-3.6231689453125,-0.0406544953584671,5
gods,others,-0.52734375,-0.39425644278526306,5
government,medicine,1.681304931640625,-0.23961405456066132,5
government,opposition,4.1240234375,0.24210681021213531,5
government,rule,-1.185546875,-0.25855058431625366,5
graceful,unique,1.2696800231933594,0.5693163871765137,5
grew,grew,-0.0384521484375,-0.44815593957901,5
grocers,millers,-3.875244140625,0.007591918110847473,5
grotesque,satire,0.630859375,-0.03423430025577545,5
grotesque,strange,-2.0234375,-0.2432946264743805,5
grunted,squealed,0.863067626953125,0.3931831121444702,5
hairy,rough,-4.251953125,0.4563172459602356,5
hand,hand,-2.759765625,-0.09180928766727448,5
handsome,soldierly,-1.7789306640625,-0.14631527662277222,5
handsome,taller,0.4580078125,0.1928190141916275,5
harder,harder,3.345703125,0.2680060863494873,5
harder,thicker,-1.4600143432617188,-0.04873034358024597,5
hardships,heroism,-2.2197265625,-0.005756676197052002,5
harmful,strange,0.22381591796875,-0.21453095972537994,5
hats,robes,-2.44140625,0.20600812137126923,5
heathen,remote,-12.10546875,0.419849693775177,5
helicopters,paratroopers,5.9040985107421875,0.16874317824840546,5
here,here,0.34375,0.1148635596036911,5
here,hereafter,-1.1064453125,-0.6182829141616821,5
historical,spiritual,-2.126953125,0.4652615189552307,5
homo,porno,-0.0654296875,-0.32217228412628174,5
hooks,rods,0.68505859375,-0.049916282296180725,5
hospitable,interesting,11.263671875,0.2711024880409241,5
hospitalised,injured,2.38702392578125,-0.5069640874862671,5
hours,hours,1.9725704193115234,-0.06303711235523224,5
hub,spoke,2.144683837890625,-0.8140907287597656,5
ice,rocks,0.70263671875,-0.149064838886261,5
illuminated,spiritual,2.70458984375,0.02958594262599945,5
imaging,optical,1.551748275756836,0.22023065388202667,5
impulsive,rude,2.44921875,-0.1798035055398941,5
incident,romance,-2.4994077682495117,-0.0421416312456131,5
indented,numbered,0.0,0.08050952851772308,5
indistinguishable,strange,3.934326171875,-0.38254672288894653,5
initial,initial,-0.01513671875,0.5771827101707458,5
injunctions,messages,-4.337890625,-0.04959116876125336,5
injured,shot,0.88671875,0.5546884536743164,5
injured,woeful,1.3631591796875,-0.11914913356304169,5
insolent,rebellious,-2.701171875,0.23322425782680511,5
inspiring,profound,4.5618133544921875,0.326707661151886,5
instantaneously,unseen,2.7434844970703125,0.32596856355667114,5
instructive,interesting,1.45703125,0.7646238803863525,5
instructive,moral,0.208984375,0.03305359184741974,5
intercourse,training,0.55767822265625,-0.0791717916727066,5
interesting,quaint,2.365424156188965,0.6075099110603333,5
interesting,remarkable,-2.162109375,0.5448320508003235,5
interesting,strange,1.2559318542480469,-0.10163529217243195,5
interesting,surprising,-1.0849609375,-0.07107707858085632,5
interesting,unique,8.068359375,-0.11069516837596893,5
invaders,pirates,-0.32958984375,0.0004339069128036499,5
jests,laughter,-2.5654296875,-0.2660401463508606,5
kicked,kicked,0.056640625,-0.2960551977157593,5
kids,mortgages,-1.022705078125,0.1590820699930191,5
kids,starving,0.73046875,0.05585779249668121,5
kids,teen,-1.6143798828125,-0.48874062299728394,5
ladder,man,-5.9140625,0.28204935789108276,5
laugh,laugh,3.158203125,-0.006520107388496399,5
laugh,scream,1.1298828125,-0.8471496105194092,5
laughter,merriment,0.11477851867675781,-0.991326630115509,5
laughter,noise,-2.675081253051758,-0.445483922958374,5
laughter,peace,0.662109375,-0.07979708909988403,5
lawless,rough,-0.6053123474121094,-0.15790902078151703,5
lawless,uncontrolled,-4.3810272216796875,-0.24426765739917755,5
letters,messages,-0.861328125,0.28394097089767456,5
letters,presents,-0.142578125,-0.03621135652065277,5
letters,scrolls,2.67864990234375,0.1093439906835556,5
lime,salt,-0.64581298828125,-0.0013522058725357056,5
linen,silver,1.86328125,0.5996977686882019,5
looting,vandalism,0.5498046875,-0.12765786051750183,5
lorries,said,0.25439453125,-0.3678685426712036,5
lumber,timbers,-0.41796875,0.36143648624420166,5
luxury,privilege,-2.60546875,-0.7074114680290222,5
luxury,refinement,-1.85546875,-0.828811764717102,5
machine,man,-3.029296875,-0.3050081729888916,5
magnesium,potassium,-0.8206787109375,0.11382938921451569,5
man,man,-2.087890625,0.09305496513843536,5
man,master,-1.23046875,0.1359304040670395,5
man,prey,-2.6893386840820312,0.03939296305179596,5
manned,trained,-1.818359375,0.047531530261039734,5
marked,numbered,5.52520751953125,0.25468218326568604,5
master,missis,0.501953125,0.60001540184021,5
mates,prey,2.08203125,-0.02194131910800934,5
matured,mellowed,-2.47900390625,-0.38417354226112366,5
medicine,treatment,-3.2294921875,0.2994890809059143,5
medicine,treatments,-0.169921875,-0.2644651532173157,5
meek,mild,3.0546875,-0.3343474566936493,5
mental,moral,2.884765625,-0.0914376974105835,5
mental,spiritual,-3.35693359375,0.699076771736145,5
merriment,mirth,-1.1328125,-0.5438657999038696,5
merriment,noise,-1.7604522705078125,0.24989132583141327,5
messages,sightings,0.7358322143554688,0.2131737321615219,5
mild,nice,2.917999267578125,0.6057713627815247,5
mild,windless,-1.6728515625,-0.09896193444728851,5
milked,sugared,-1.2978515625,-0.7870453596115112,5
mirth,peace,3.31787109375,-0.3124462366104126,5
mistrustful,uncanny,0.8076171875,0.01457175612449646,5
moist,nice,0.732421875,-0.35384097695350647,5
molluscs,vertebrates,1.91015625,-0.00580480694770813,5
moons,moons,-2.15985107421875,0.13883547484874725,5
moons,suns,2.015625,0.20281361043453217,5
moral,spiritual,0.16796875,-0.016622379422187805,5
mothers,teachers,0.652587890625,-0.12403230369091034,5
mothers,toddlers,-1.9453125,-0.15960170328617096,5
movement,noise,-4.099853515625,0.146482452750206,5
movies,opera,0.794921875,-0.678446888923645,5
movies,theater,-1.154296875,-0.4409148097038269,5
movies,tv,-0.7679901123046875,-0.18918567895889282,5
moving,up,6.2713623046875,0.08013014495372772,5
moving,wound,4.998291015625,0.31162554025650024,5
nations,tribes,-1.4267578125,0.06663407385349274,5
near,nice,3.0390625,1.001920223236084,5
near,remote,-0.54583740234375,-0.1633070707321167,5
next,next,2.9306640625,0.48637574911117554,5
nice,relaxed,0.26473522186279297,-0.18636007606983185,5
nice,roasted,-7.876579284667969,-0.12741677463054657,5
nice,snug,1.1654052734375,0.9574059844017029,5
nice,spooky,2.7900390625,-0.07097329199314117,5
nice,unselfish,-0.471435546875,-0.10530813038349152,5
noise,unintelligible,0.63763427734375,-0.8361617922782898,5
nurses,nurses,4.200996398925781,-0.08830605447292328,5
nurses,orderlies,0.0179443359375,0.24154071509838104,5
nurses,teachers,-0.68603515625,-0.4212942123413086,5
oblations,prayers,0.0703125,-0.3552185297012329,5
odd,spooky,0.852783203125,-0.5684810876846313,5
odd,unique,2.74554443359375,0.6030871868133545,5
older,older,-0.74609375,-0.4119492769241333,5
older,taller,0.21435546875,-0.42281877994537354,5
older,tougher,7.273399353027344,-0.537933886051178,5
older,wiser,1.224609375,-0.03459303081035614,5
ominous,threatened,0.60284423828125,-0.49637407064437866,5
others,volunteers,1.389068603515625,-0.11913298070430756,5
outdated,rough,0.4921875,0.11114136874675751,5
outfit,wagons,-0.76953125,0.007339611649513245,5
outgunned,outnumbered,-0.990234375,0.22085832059383392,5
outposts,patrols,0.630859375,-0.09959260374307632,5
over,over,1.87646484375,-0.2944149672985077,5
over,up,1.08453369140625,-0.01190398633480072,5
paratroopers,peasants,-8.77569580078125,-0.17363175749778748,5
paused,said,-1.55914306640625,0.40448689460754395,5
peace,purity,-2.5268325805664062,-0.10463090240955353,5
peace,relaxation,-1.784576416015625,0.32114386558532715,5
pearl,silver,0.39306640625,0.5343896746635437,5
peep,see,0.96875,0.11769317090511322,5
penalties,prizes,-1.260162353515625,0.15166665613651276,5
penner,skupin,-0.0205078125,-0.17091956734657288,5
penultimate,thirteenth,-0.2626953125,-0.48660367727279663,5
permanent,substantial,-1.7216796875,0.35300880670547485,5
permanent,suitable,0.49609375,-0.06329663097858429,5
ph,temperature,2.302734375,-0.04009850323200226,5
picturesque,quaint,-0.5211181640625,0.0029336512088775635,5
picturesque,sleepy,-1.5078125,0.12079770863056183,5
pillage,tribute,1.2724952697753906,-0.4075770378112793,5
pirates,pirates,1.0260009765625,0.5834416747093201,5
pirates,smugglers,-2.09295654296875,0.4053767919540405,5
pirates,wenches,-11.303268432617188,-0.11266861855983734,5
plantation,slabes,-2.7860488891601562,0.6063313484191895,5
plate,spoon,1.269866943359375,-0.2952736020088196,5
pot,spoon,-1.16015625,-0.18876878917217255,5
potassium,sodium,-1.435546875,-0.1225709468126297,5
powers,principalities,3.2652740478515625,0.3816952109336853,5
presence,putrification,-0.1572265625,0.2763374447822571,5
pressure,temperature,0.0,0.4999734163284302,5
previous,subsequent,-6.029296875,0.11106203496456146,5
profound,remarkable,5.0074462890625,0.17130540311336517,5
profound,resolved,9.18939208984375,-0.25420117378234863,5
profound,surprising,1.421875,-0.2337167114019394,5
pronounce,spell,-0.4365234375,-0.21444882452487946,5
queue,unique,0.0751953125,-0.028627261519432068,5
rabbits,rodents,0.64453125,0.4465433955192566,5
ragged,tawdry,-0.2567138671875,0.4595080018043518,5
raped,tortured,1.634765625,-0.38777875900268555,5
reels,rods,0.573883056640625,-0.17011767625808716,5
registered,verified,2.2958984375,-0.098258838057518,5
rehabilitation,treatment,-2.36279296875,-0.2843817472457886,5
reliable,supervised,-3.625,0.2812308073043823,5
reliable,trusty,1.00732421875,-0.10910440981388092,5
remarkable,strange,-0.74609375,0.26513904333114624,5
remarkable,unique,-9.509231567382812,-0.000431254506111145,5
resorts,villages,-0.01171875,-0.012235626578330994,5
revolting,strange,-1.7140655517578125,0.6191607713699341,5
rocks,wilds,0.0,0.07701064646244049,5
rocks,woods,6.69140625,0.20730702579021454,5
romance,satire,-2.5419921875,0.0926920622587204,5
rough,rude,0.7731742858886719,0.32838934659957886,5
safer,supervised,5.24267578125,0.06335191428661346,5
said,saluted,-2.9443359375,0.09428782761096954,5
salt,vinegar,-0.953125,-0.0515722781419754,5
scared,scream,1.1953125,0.14424173533916473,5
scared,shy,3.68798828125,0.23371954262256622,5
scared,strange,-0.6083984375,0.39480888843536377,5
see,touch,-0.580078125,0.23912803828716278,5
seen,seen,-4.7734375,-0.1559402495622635,5
seen,understood,3.166015625,-0.11340735107660294,5
shy,strange,-2.360107421875,0.11889855563640594,5
smaller,smaller,4.542236328125,0.05787976086139679,5
smaller,thicker,-2.640625,-0.1623251885175705,5
sorrier,wiser,1.754547119140625,0.08117280900478363,5
speak,swim,-4.23187255859375,-0.17320699989795685,5
special,unique,2.130126953125,-0.1969546228647232,5
special,urgent,-1.2890625,-0.3721041679382324,5
spectacular,unique,-1.656494140625,0.053171560168266296,5
spicy,strange,-2.03515625,-0.08393053710460663,5
spiritual,temporal,-2.3814697265625,-0.25863581895828247,5
squealed,squealed,1.564453125,0.22941680252552032,5
stable,unique,-1.80078125,0.6058449149131775,5
stare,stop,-2.318756103515625,-0.26920637488365173,5
stouter,stouter,1.2578125,-0.3324461579322815,5
strengthened,strengthened,4.73553466796875,0.33424192667007446,5
stretch,stretch,-1.3414306640625,0.12179283797740936,5
subtlety,timing,-1.3792724609375,0.09442336857318878,5
swim,swim,-0.558258056640625,0.40733540058135986,5
taboos,totems,6.8349609375,-0.34821051359176636,5
taller,taller,2.3440322875976562,0.43336784839630127,5
taught,used,-1.901153564453125,-0.15584170818328857,5
ten,twoscore,-1.51171875,0.33397501707077026,5
thicker,thicker,1.087890625,0.30474382638931274,5
through,through,-1.5186767578125,-0.2532455027103424,5
togs,whatnot,-5.14453125,0.10339324176311493,5
toy,toy,1.65283203125,0.36905765533447266,5
trained,trusty,-3.6162109375,-0.8450810313224792,5
tribes,tribes,-3.97802734375,0.35114002227783203,5
turbid,zaburlit,-3.2109375,-0.10788871347904205,5
unmoved,unobtrusive,-1.36383056640625,0.30178678035736084,5
up,up,1.236328125,-0.29661744832992554,5
valk,valk,-0.0995025634765625,-0.2708839774131775,5
value,value,-2.755859375,0.37219393253326416,5
waited,waited,2.62890625,-0.16880127787590027,5
walks,walks,-2.42822265625,-0.1563432514667511,5
wept,wept,-0.6575927734375,-0.22087956964969635,5
whales,whaling,4.70703125,-0.013382241129875183,5
whistle,whittle,0.62890625,-0.5146082043647766,5
wigwagging,woodcraft,2.3530731201171875,-0.10081668198108673,5
wilds,woods,2.44873046875,0.09005694091320038,5
yet,yet,3.1560211181640625,-0.31647270917892456,5
accomplished,amiable,-2.740966796875,0.11985358595848083,6
accurate,strong,4.484916687011719,0.3543791174888611,6
action,adventure,-2.0390625,-0.047200292348861694,6
action,evolution,-2.48583984375,0.0005512088537216187,6
action,excitement,0.06396484375,0.008655726909637451,6
action,grace,-2.3515625,-0.10797840356826782,6
active,curious,-0.89971923828125,0.09571806341409683,6
active,strong,-1.50335693359375,-0.3376460671424866,6
activities,gestures,-3.26995849609375,0.19110533595085144,6
added,new,-4.9140625,0.2615622580051422,6
adventure,excitement,-0.496337890625,-0.10066741704940796,6
adventure,poetry,5.185546875,0.09871672093868256,6
adventure,sport,-0.99151611328125,-0.2102344036102295,6
adventure,voyage,2.23828125,0.11447758227586746,6
aerodromes,radar,-1.458984375,0.07953925430774689,6
agriculture,crafts,1.4743432998657227,-0.14163795113563538,6
agriculture,forestry,-2.7001953125,-0.05251973867416382,6
agriculture,gardening,-4.70166015625,-0.025100380182266235,6
agriculture,hunting,-0.775390625,-0.04364889860153198,6
ai,nao,0.90625,-0.2916019558906555,6
alarm,excitement,-0.35433149337768555,-0.13296091556549072,6
alarm,perplexity,2.9436798095703125,-0.3006577491760254,6
alarm,triumph,0.94140625,0.07454924285411835,6
alcoholics,homosexuals,-5.7894287109375,-0.12542656064033508,6
alone,far,3.35931396484375,0.2182168811559677,6
alone,unobserved,-3.6661376953125,0.2524569630622864,6
ambition,conquest,2.568359375,-0.009988173842430115,6
ambition,opulence,0.0,0.0036754608154296875,6
ambition,vainglory,-1.306640625,0.00016874074935913086,6
ammeters,voltmeters,-6.2745361328125,0.04084526002407074,6
amusement,diversion,1.455078125,-0.1496810019016266,6
amusement,excitement,-0.8359375,-0.22338613867759705,6
anger,excitement,3.275390625,-0.0627795159816742,6
anger,hatred,0.1650390625,-0.01776975393295288,6
anger,hostility,-3.5498046875,0.06560863554477692,6
anger,humiliation,0.500732421875,-0.11947616934776306,6
anger,jealousy,0.180908203125,-0.24145948886871338,6
anger,trouble,1.1591796875,0.03277771174907684,6
angry,anxious,-4.4959716796875,0.04757198691368103,6
angry,bewildered,-5.84765625,0.016175150871276855,6
angry,dark,-0.7578125,-0.04791539907455444,6
angry,frightened,3.236663818359375,-0.23497173190116882,6
angry,grim,2.904296875,0.35008329153060913,6
angry,grudging,-1.9290771484375,-0.05678337812423706,6
angry,insubordinate,-0.81646728515625,0.20023921132087708,6
angry,mean,-1.2197265625,-0.1414586901664734,6
angry,pale,3.6324005126953125,0.14936500787734985,6
angry,shrill,-1.056640625,-0.07106465101242065,6
angry,suspicious,-5.4652099609375,-0.2710481286048889,6
angry,upset,2.2491455078125,0.2595904469490051,6
annual,maximum,0.134033203125,-0.23059943318367004,6
antidepressants,cholesterol,0.7447118759155273,-0.007896572351455688,6
antiques,artwork,3.31640625,-0.217810720205307,6
anxious,eager,0.626953125,0.25315195322036743,6
anxious,frightened,0.4326171875,0.023016542196273804,6
anxious,pale,-4.869140625,-0.06900006532669067,6
anxious,shuddering,6.65234375,-0.01148223876953125,6
aristocracy,feudalism,0.41827392578125,-0.030453816056251526,6
artillery,guns,-0.33642578125,0.0403292179107666,6
artillery,motorization,1.65234375,-0.1485746204853058,6
artillery,troops,-0.447265625,0.06745420396327972,6
arts,crafts,-3.078125,-0.2942401170730591,6
arts,sciences,0.81475830078125,-0.06717213988304138,6
arts,sports,-1.616729736328125,-0.22229242324829102,6
artworks,objects,1.72265625,-0.05746740102767944,6
attention,care,-1.782928466796875,0.2628070116043091,6
attention,eyes,2.9269142150878906,0.42276692390441895,6
attention,zeal,-4.4619140625,0.15999436378479004,6
autocrat,emperor,3.42578125,0.09183673560619354,6
automobiles,clothes,2.013671875,0.283969908952713,6
baby,daddy,-2.201171875,-0.04964450001716614,6
baby,father,3.87890625,0.2603871822357178,6
baby,louise,-0.35302734375,-0.4143887758255005,6
badass,big,7.41650390625,0.02373272180557251,6
balls,pegs,-0.802734375,0.48462292551994324,6
baritone,clarinet,0.5859375,-0.16409379243850708,6
barks,ships,-5.598224639892578,-0.1095443069934845,6
barley,rye,-2.53125,0.23051190376281738,6
barred,locked,5.551055908203125,-0.04719182848930359,6
basket,loaf,-2.37548828125,0.13789451122283936,6
basket,scissors,9.2109375,0.19821318984031677,6
battered,dilapidated,0.455322265625,-0.09831026196479797,6
believe,think,4.759765625,-0.4639127254486084,6
believed,hiding,0.248046875,0.058242082595825195,6
bewildered,confused,1.4423828125,0.10921921581029892,6
bewildered,dismayed,-2.085205078125,0.08717289566993713,6
bewildered,frightened,-9.00634765625,0.23703376948833466,6
big,curious,2.201171875,0.2577815055847168,6
big,dark,0.1220703125,0.06249736249446869,6
big,direct,3.87890625,0.3072088956832886,6
big,high,3.0196380615234375,-0.2050502896308899,6
big,important,-4.79443359375,0.05301378667354584,6
big,mellow,1.53125,0.15360292792320251,6
big,new,1.1971969604492188,0.24839764833450317,6
big,round,0.6762924194335938,-0.2280789613723755,6
big,strong,2.111328125,-0.21664243936538696,6
big,successful,1.37109375,0.17897480726242065,6
big,wonderful,0.75726318359375,0.1418001651763916,6
biggerer,clumsier,-2.5458984375,-0.22559353709220886,6
bigotry,intolerance,-1.109375,0.1029406487941742,6
biscuit,tea,2.82958984375,0.26198825240135193,6
blaze,curl,-2.616943359375,0.23068900406360626,6
bleak,raw,1.033203125,0.35984963178634644,6
blood,darkness,-2.0537109375,-0.13715535402297974,6
blood,filth,-4.97552490234375,0.06159588694572449,6
blood,fluid,-4.267578125,0.19821351766586304,6
blood,grease,3.55859375,-0.09117451310157776,6
blood,soil,-1.283203125,-0.14972206950187683,6
bloodless,pale,-3.4371414184570312,-0.0008759647607803345,6
boating,riding,-0.5458984375,0.05799427628517151,6
bold,cautious,-2.189361572265625,-0.3170868158340454,6
bold,new,-0.0703125,0.22242572903633118,6
bold,round,9.91015625,0.3050704002380371,6
bold,successful,5.3505859375,-0.16420584917068481,6
bolt,eat,8.13671875,-0.06844267249107361,6
bonds,stocks,-0.3142242431640625,0.1770849972963333,6
brake,marsh,-6.435546875,0.00985071063041687,6
bravest,strongest,-0.91357421875,0.03399297595024109,6
brawny,strong,-6.468017578125,0.06719490885734558,6
brilliancy,dash,-3.372589111328125,0.2913101017475128,6
brother,father,2.0498046875,0.3630591630935669,6
brother,slept,0.0,-0.12619301676750183,6
brushwood,rock,0.41015625,0.08885103464126587,6
buckets,ladders,3.5547637939453125,0.1737878918647766,6
bundles,wraps,0.400390625,0.2550455927848816,6
burning,slaying,-0.67315673828125,0.31934553384780884,6
busier,busier,-2.08984375,-0.00019851326942443848,6
buying,going,-4.4896240234375,-0.19229274988174438,6
cabbage,carrot,2.28515625,0.076526939868927,6
campaign,political,0.1454315185546875,0.049360811710357666,6
cancer,depression,0.2633056640625,0.01906418800354004,6
capable,strong,2.125,-0.05608609318733215,6
capitalism,feudalism,-0.8075408935546875,-0.20271062850952148,6
captured,shown,-0.23583984375,0.36226627230644226,6
carbon,iron,0.61004638671875,0.1300763338804245,6
carbon,nitrogen,0.6751708984375,0.3290095627307892,6
carded,cleaned,-3.74609375,0.17350545525550842,6
care,cleanliness,-2.14892578125,-0.10376298427581787,6
care,harm,3.69775390625,0.03316301107406616,6
care,mind,5.3515625,-0.14161136746406555,6
castles,cities,-0.80352783203125,0.015180140733718872,6
castles,fortresses,0.364013671875,0.10903280228376389,6
centuries,centuries,1.86328125,-0.19043812155723572,6
cf,kf,-0.6551513671875,0.28507348895072937,6
chains,darkness,3.13671875,-0.39328229427337646,6
chains,locks,-0.1513671875,0.10740047693252563,6
chains,mobiles,-0.798828125,-0.04991990327835083,6
champagne,flowers,0.5286407470703125,0.11454159021377563,6
changing,working,-0.1396484375,-0.4873560070991516,6
chatted,chatted,-1.27587890625,0.10786440223455429,6
cheered,shouted,-1.0302734375,0.06778964400291443,6
chintz,silk,0.65625,0.09933771193027496,6
chocolate,tea,0.3193359375,-0.08660662174224854,6
cities,municipalities,0.826171875,-0.06533098220825195,6
cities,streets,-2.130413055419922,0.0995965301990509,6
classic,formal,-1.1751708984375,-0.04975968599319458,6
clatters,dinging,2.927734375,0.08899670839309692,6
clatters,rings,-1.68634033203125,0.2609909176826477,6
cleaned,dripped,1.421875,-0.07091224193572998,6
cleaned,restored,0.9163818359375,0.18260443210601807,6
climatology,meteorology,-0.829681396484375,-0.19101274013519287,6
clock,rubber,1.37646484375,-0.07570576667785645,6
close,dark,0.3134765625,-0.053092390298843384,6
close,grasping,1.6162109375,0.10091305524110794,6
close,monitoring,1.312255859375,-0.06843006610870361,6
close,swift,2.1484375,0.23251526057720184,6
close,tight,-0.1953125,-0.09715017676353455,6
clothes,eyes,1.747894287109375,0.4194270372390747,6
clothes,gardens,1.447265625,-0.26578712463378906,6
clothes,mind,0.83251953125,0.21449688076972961,6
clothes,shopping,0.0,0.10564698278903961,6
coals,iron,1.84375,0.06468172371387482,6
colorful,dark,-0.626953125,-0.24512600898742676,6
colorful,unusual,-5.2135772705078125,0.11327549815177917,6
coming,coming,-1.787109375,-0.19591641426086426,6
coming,falling,4.130859375,-0.03395161032676697,6
coming,going,0.8232421875,-0.2440948188304901,6
compassion,help,-3.9375,0.4321422576904297,6
compete,fight,-2.6640625,-0.20271766185760498,6
complexity,evolution,-3.16796875,-0.0573594868183136,6
confident,strong,0.470550537109375,-0.00455513596534729,6
confused,detected,-1.15771484375,0.2208368331193924,6
confused,frightened,0.48193359375,-0.054681599140167236,6
confused,upset,1.2113895416259766,0.08124537765979767,6
conquest,triumph,-0.7176513671875,0.02872443199157715,6
consular,passport,-2.30078125,-0.4195844531059265,6
contempt,contempt,-0.719482421875,-0.27225255966186523,6
contempt,hatred,1.0546875,-0.3250085115432739,6
contributors,supporters,1.48541259765625,-0.1076059341430664,6
conviction,trial,1.6572265625,-0.2088400423526764,6
cook,eat,-1.44140625,0.10123467445373535,6
costume,makeup,0.915374755859375,-0.15626615285873413,6
cowboys,frontiersmen,2.413482666015625,-0.0510522723197937,6
crafts,industries,3.54248046875,-0.01969805359840393,6
cranberry,turkey,-0.6171875,0.11344464868307114,6
creased,stained,0.93994140625,0.42380237579345703,6
criminalised,persecuted,1.219970703125,0.13375669717788696,6
crossly,pettishly,1.095703125,0.18288370966911316,6
crustaceans,insects,-1.71484375,-0.008278921246528625,6
cumin,pepper,-2.4580078125,0.33272024989128113,6
curious,new,2.259765625,0.02310881018638611,6
curious,strong,0.29296875,0.4631602168083191,6
curious,wonderful,-0.48046875,0.03259599208831787,6
daddy,mummy,8.141326904296875,0.5324316024780273,6
dark,dense,0.783203125,-0.41989099979400635,6
dark,dreary,5.506072998046875,0.11239169538021088,6
dark,fearful,-2.533203125,-0.19599708914756775,6
dark,high,-0.734375,-0.16416341066360474,6
dark,melancholy,1.74072265625,0.025340214371681213,6
dark,secret,-1.9705810546875,-0.10009509325027466,6
dark,starlight,3.861642837524414,-0.019228920340538025,6
dark,swollen,3.19403076171875,0.2172713577747345,6
dark,tangled,1.2099609375,-0.23783403635025024,6
dark,twisted,1.95947265625,-0.015789568424224854,6
dark,ugly,-0.873046875,-0.11085101962089539,6
dark,unforgiving,-1.05224609375,0.28376245498657227,6
dark,unshaven,-1.369140625,0.28985875844955444,6
darker,darker,-1.43359375,-0.00541311502456665,6
darker,denser,-0.369873046875,0.10364843904972076,6
darkness,disappearance,2.150390625,-0.07776767015457153,6
darkness,silence,0.3553466796875,0.017706483602523804,6
darkness,solitude,-0.515594482421875,-0.10883933305740356,6
darter,madame,-2.9990234375,-0.1887589693069458,6
dash,enthusiasm,-0.97265625,0.13273051381111145,6
decades,decades,-1.6318359375,0.19845451414585114,6
decayed,inexpensive,2.81689453125,0.1118960753083229,6
degree,removal,2.484375,0.017932012677192688,6
delicate,lazy,2.234130859375,-0.17438644170761108,6
delicate,pale,-2.0458984375,0.06645254790782928,6
delicate,slender,-2.66973876953125,0.3895210921764374,6
delightedly,largely,-3.2451171875,-0.02725304663181305,6
democratic,political,-0.8782806396484375,0.32975226640701294,6
dense,frequent,-3.068359375,0.07156017422676086,6
dense,massive,3.6973876953125,0.13225990533828735,6
denser,denser,0.0859375,0.02011464536190033,6
depression,humiliation,0.290771484375,0.032707974314689636,6
desertion,silence,1.497314453125,-0.05343371629714966,6
detected,exposed,-0.23974609375,0.14331930875778198,6
detected,pursued,1.81756591796875,0.19835729897022247,6
devastating,massive,0.1025390625,0.370547354221344,6
devastating,tragic,0.0,0.009937107563018799,6
dialect,vernacular,-1.1767578125,-0.24319735169410706,6
dice,slice,-0.923828125,0.16551291942596436,6
diligent,responsible,-0.22021484375,0.16674810647964478,6
direct,interactive,2.8980712890625,-0.302823007106781,6
direct,strong,-4.1806640625,0.05111062526702881,6
direct,write,7.1875,0.07873652875423431,6
disciples,friends,-4.680908203125,-0.04974338412284851,6
disciples,interpreter,-1.361328125,0.03976720571517944,6
disgrace,humiliation,3.00390625,0.118878573179245,6
disgusting,gross,-0.1382579803466797,0.20251065492630005,6
disgusting,impetuous,5.0015974044799805,0.12888622283935547,6
dismayed,pale,-1.0510101318359375,0.12833625078201294,6
disobedient,unruly,6.595703125,0.010713070631027222,6
disposition,sale,-0.76513671875,0.048290520906448364,6
disposition,trial,0.991607666015625,-0.10606944561004639,6
disrespectful,insubordinate,0.661285400390625,0.07823681831359863,6
disrespectful,untamed,8.5882568359375,0.13949882984161377,6
dissident,political,5.3173828125,0.046592503786087036,6
doctors,priests,-0.2734375,0.22668248414993286,6
dominican,haitian,-2.353515625,0.022343814373016357,6
dousings,leaps,-4.8056640625,0.04797065258026123,6
downforce,traction,-0.743194580078125,-0.14773210883140564,6
drowsy,languid,-1.1630859375,-0.11505657434463501,6
drywall,paint,-1.813018798828125,-0.092161625623703,6
dumfounded,quaking,1.14111328125,0.24539609253406525,6
dunked,soaked,-2.14276123046875,-0.04614284634590149,6
dynastic,political,-8.022491455078125,0.0658690333366394,6
eager,rapt,4.193359375,0.0028163641691207886,6
eager,shrill,0.43359375,-0.3608350157737732,6
eager,wondering,-0.22728538513183594,0.022605419158935547,6
earthly,heavenly,-3.0626220703125,0.10461706668138504,6
eastern,south,-0.26025390625,0.026268869638442993,6
eat,eat,-2.16796875,0.15471713244915009,6
eat,loaf,0.2734375,0.030140280723571777,6
eat,rise,-5.0400390625,0.0864764153957367,6
eat,stay,-7.240234375,-0.08845549821853638,6
eaten,gathered,0.0977783203125,0.08383791148662567,6
eaten,slept,-2.42529296875,0.035870641469955444,6
educational,entertaining,-2.765625,-0.05047091841697693,6
educational,political,0.048004150390625,-0.22573471069335938,6
educational,religious,1.68359375,-0.14252546429634094,6
efflorescences,encrustations,-1.436767578125,-0.01642709970474243,6
elegance,grace,-11.4892578125,0.34856879711151123,6
emperor,king,-4.39453125,0.09986899048089981,6
empires,leaders,1.919921875,0.22698408365249634,6
entertaining,new,0.5068359375,0.15000972151756287,6
enthusiasm,excitement,2.5439453125,-0.16434121131896973,6
enthusiasm,pep,3.14404296875,0.1061880812048912,6
enthusiasm,triumph,-0.359771728515625,0.0033443868160247803,6
entirely,fully,1.669921875,0.10610561072826385,6
entirely,thoroughly,2.1015625,0.24742446839809418,6
eternal,strong,-0.66796875,0.342047780752182,6
eventful,harassing,-4.346923828125,-0.17295295000076294,6
eventful,new,-0.733642578125,0.23044100403785706,6
excitement,exertion,1.62841796875,0.09125817567110062,6
excitement,triumph,-1.09698486328125,-0.10696941614151001,6
excitement,trouble,-0.591796875,-0.16347557306289673,6
executive,regulatory,-7.2003173828125,-0.4642125964164734,6
extensive,new,-7.019287109375,0.09203663468360901,6
extensive,strong,-1.652099609375,0.28138330578804016,6
extent,speed,2.267578125,-0.002834692597389221,6
faggots,straw,-2.21875,0.22624030709266663,6
falling,flying,1.40625,-0.30864012241363525,6
false,groundless,4.37225341796875,0.27074509859085083,6
false,wrong,11.3258056640625,0.3348412811756134,6
far,far,-0.85003662109375,0.30003541707992554,6
far,high,1.875,0.09217874705791473,6
far,unused,-1.686248779296875,0.23453286290168762,6
farder,farder,-2.5199737548828125,-0.08512598276138306,6
farmer,wife,-1.693359375,0.12541180849075317,6
father,father,-4.1259765625,-0.06379210948944092,6
father,grandmother,2.439453125,-0.13047438859939575,6
father,jm,-0.853515625,0.3706001043319702,6
father,son,-0.20703125,0.24751579761505127,6
fearful,unknown,3.509521484375,0.19619016349315643,6
fearful,wonderful,0.09765625,0.21762743592262268,6
fifth,smallest,0.0107421875,-0.11800339818000793,6
fight,hunt,-4.7314453125,0.18178611993789673,6
fight,overcome,-5.77734375,0.1254948079586029,6
fight,stand,-0.3828125,-0.1505669355392456,6
fight,stay,4.125,0.20762108266353607,6
fight,wait,-1.2548179626464844,-0.1433194875717163,6
fighting,hunting,-2.02197265625,0.11556638032197952,6
fighting,watching,0.35009765625,0.2502830922603607,6
fighting,working,1.168426513671875,-0.07182478904724121,6
fills,fills,-0.6937255859375,-0.2146313488483429,6
find,seek,-0.1326751708984375,-0.2042877972126007,6
fish,hunt,2.452880859375,0.3113827705383301,6
fish,insects,3.748046875,0.04606398940086365,6
fish,loaves,4.869140625,0.054338544607162476,6
fish,plant,-0.1884765625,0.25514596700668335,6
fish,squid,-11.849853515625,0.15159887075424194,6
fish,vegetables,3.912109375,-0.022691309452056885,6
flamingoes,mustard,-1.10711669921875,-0.10388591885566711,6
flatly,instantly,-2.489990234375,0.010231241583824158,6
flew,flew,1.383544921875,-0.18203026056289673,6
flew,fluttered,1.4674072265625,-0.009607553482055664,6
flexible,flexuous,0.8203125,0.254593163728714,6
flexible,slender,1.12109375,0.17602796852588654,6
flowers,gardens,0.40126800537109375,-0.09029895067214966,6
flowers,insects,0.7431640625,-0.2330913245677948,6
flowers,streamers,0.1328125,0.12257127463817596,6
flowers,vegetables,-3.001953125,0.18154624104499817,6
flowers,wines,1.412109375,-0.04798033833503723,6
fluttered,fluttered,4.5869140625,-0.0502399206161499,6
fonder,fonder,8.909133911132812,-0.10275214910507202,6
fox,geese,-2.3755931854248047,-0.17558664083480835,6
frequent,prolonged,1.0595703125,0.07364736497402191,6
friends,lovers,2.01318359375,0.1367899775505066,6
friends,owners,-1.5478515625,0.20850123465061188,6
frightened,pale,1.59765625,0.08976677060127258,6
frightened,unmanageable,0.2265625,0.1585915982723236,6
frightened,wondering,-1.6802978515625,-0.2634201943874359,6
fruitful,important,-0.658203125,0.18658657371997833,6
ganders,geese,-4.88671875,-0.17623692750930786,6
gentleness,kindliness,1.796875,-0.1768244504928589,6
gentleness,magnanimity,1.93994140625,0.15581151843070984,6
geocaching,letterboxing,0.0509033203125,0.18231309950351715,6
geography,religious,0.47412109375,-0.3499680161476135,6
gestures,sounds,-0.21484375,0.21700450778007507,6
gestures,swipes,1.5717315673828125,-0.05072021484375,6
gigglings,whisperings,-4.96484375,0.033028215169906616,6
gladness,refreshment,-1.5703125,0.031024158000946045,6
going,going,-0.209228515625,-0.11202263832092285,6
going,motivated,-2.267578125,-0.29736244678497314,6
grace,majesty,-1.490234375,0.09445607662200928,6
grace,swiftness,-0.215576171875,0.09190285205841064,6
grace,truth,-0.4383544921875,0.008489325642585754,6
grace,virulence,-4.5732421875,0.0958167165517807,6
gratin,pasta,0.552734375,-0.025470778346061707,6
gravity,silence,2.638671875,-0.1587725579738617,6
gravity,years,-6.06854248046875,0.0487682968378067,6
grease,paint,-5.91827392578125,0.0696801245212555,6
greater,greater,-3.072265625,0.03160300850868225,6
greater,new,1.1862220764160156,0.1445803940296173,6
greater,stronger,2.9374542236328125,-0.05847856402397156,6
greatest,strongest,2.2554855346679688,-0.04124259948730469,6
grim,rocky,0.7076416015625,0.1678868532180786,6
grim,tense,5.76513671875,0.25408053398132324,6
grim,ugly,0.18603515625,0.3322180211544037,6
grizzled,sparse,3.550048828125,0.12515868246555328,6
groaned,swayed,-0.18243408203125,0.14239373803138733,6
gross,wiggly,-6.298828125,-0.046174824237823486,6
grumpy,religious,0.0,-0.02734719216823578,6
guarded,locked,-0.89453125,0.19573664665222168,6
guarded,protective,-0.67388916015625,-0.06171882152557373,6
guarded,suspicious,-1.790283203125,0.06559185683727264,6
guns,rockets,-1.66796875,-0.1263488233089447,6
guns,shades,-2.7449951171875,0.16177287697792053,6
guns,ships,-2.9498214721679688,0.2566215395927429,6
guns,sticks,5.402313232421875,0.21973274648189545,6
halloaed,shouted,-2.7373046875,0.2249157875776291,6
hallucinations,paralysis,-3.0361328125,-0.19268912076950073,6
hammers,iron,-4.381591796875,0.2034745216369629,6
handy,new,-1.7919921875,0.16995154321193695,6
handy,strong,2.87109375,-0.25701454281806946,6
harassed,pale,0.33203125,-0.07493764162063599,6
harmonic,rhythmic,-0.65576171875,-0.030849799513816833,6
hateful,mean,-0.7744140625,-0.3908034563064575,6
hatred,jealousy,-2.211181640625,-0.2513381838798523,6
heir,son,0.453857421875,0.32671433687210083,6
help,hold,0.7268142700195312,0.2307872325181961,6
help,shelter,0.77197265625,0.10760762542486191,6
help,stay,-1.966796875,-0.033368855714797974,6
hide,seek,-3.99609375,0.019607365131378174,6
hiding,watching,0.3681640625,0.1311516910791397,6
high,intermediate,1.48870849609375,-0.054937273263931274,6
high,rocky,-0.25634765625,0.2352798730134964,6
high,shrill,-4.0185546875,-0.08644670248031616,6
high,strong,2.5958251953125,0.20067237317562103,6
high,tight,-1.7314453125,-0.07380294799804688,6
high,tower,-1.576171875,-0.03944593667984009,6
hoarser,rougher,-1.327392578125,0.033952221274375916,6
hockey,soccer,3.664154052734375,-0.14056819677352905,6
hold,pull,-2.474151611328125,-0.06822174787521362,6
honesty,truth,2.146484375,0.06024131178855896,6
honeyeater,thornbill,-2.3779296875,0.06260219216346741,6
hostility,intolerance,0.494140625,0.17787250876426697,6
house,trance,-1.9365234375,-0.1251794695854187,6
howled,howled,-2.2433395385742188,0.15626928210258484,6
howled,shouted,1.18719482421875,0.15406042337417603,6
howled,whined,0.0,0.38685718178749084,6
humans,pigs,-2.9375,0.07231903076171875,6
humans,spirits,1.3046875,-0.02761182188987732,6
humiliation,rejection,0.18359375,0.05086153745651245,6
hums,plays,0.462890625,-0.036742210388183594,6
hums,writes,-3.2020263671875,0.16965064406394958,6
hungrier,hungrier,3.8671875,0.1631985455751419,6
hunt,sport,-4.386962890625,-0.5175590515136719,6
hunt,transform,1.06787109375,0.03762315213680267,6
images,sounds,-0.228515625,-0.05024653673171997,6
impertinent,troublesome,0.645904541015625,-0.16604194045066833,6
impertinent,ugly,3.0009765625,0.06705249845981598,6
import,sale,-3.25,-0.16770753264427185,6
important,new,-0.20608901977539062,0.09073536098003387,6
important,unpleasant,1.23828125,0.05991820991039276,6
impotent,indecisive,3.380720615386963,0.04797418415546417,6
independence,triumph,-2.0374755859375,-0.16704124212265015,6
industries,mines,0.66015625,-0.25936245918273926,6
infertile,rocky,-1.5224609375,-0.24519342184066772,6
inflamed,swollen,-3.120361328125,0.09580447524785995,6
innocence,truth,-0.11181640625,-0.1616065502166748,6
instantly,neatly,-4.90234375,0.007560804486274719,6
instrumental,religious,2.113525390625,-0.36016905307769775,6
invasions,troubles,-3.701171875,0.10455169528722763,6
iron,rock,1.5087890625,-0.05298352241516113,6
iron,vitamins,4.669921875,0.2447771430015564,6
ironic,tragic,-0.025390625,-0.051914483308792114,6
iy,wonderful,1.3447265625,0.1188526377081871,6
jealousies,troubles,-0.320556640625,-0.24094340205192566,6
judicial,legal,-1.4728851318359375,-0.11587318778038025,6
labour,plant,9.086456298828125,0.10184571892023087,6
lagged,lagged,-0.6318359375,-0.04071095585823059,6
lake,river,2.71240234375,-0.0811866819858551,6
languid,pale,-0.68524169921875,-0.3143458366394043,6
lazy,somnolent,3.8369140625,-0.11756262183189392,6
legal,political,3.59490966796875,0.19633841514587402,6
legal,regulatory,1.696080207824707,-0.23710420727729797,6
legal,religious,0.26116943359375,-0.2863032817840576,6
ligaments,muscles,1.1611328125,0.06862017512321472,6
linguistic,religious,0.02734375,0.08811278641223907,6
lively,new,-6.1243743896484375,-0.01239176094532013,6
lively,tight,-4.4931640625,0.3446044921875,6
living,shop,1.4267578125,0.005608052015304565,6
living,working,3.3043212890625,-0.3691259026527405,6
locked,strong,0.587158203125,0.03247077763080597,6
loyalty,truth,-0.404296875,-0.024104073643684387,6
manipulated,tricked,1.782562255859375,0.18400922417640686,6
materials,objects,-0.966796875,0.3294910192489624,6
mayo,mustard,1.77734375,0.23280614614486694,6
meal,vegetables,6.753791809082031,0.30364900827407837,6
mean,nasty,-1.22265625,-0.05308842658996582,6
mean,ugly,-0.779296875,0.24570819735527039,6
melodious,strong,-0.04571533203125,0.2441316694021225,6
merrily,swiftly,0.05621337890625,0.011553734540939331,6
military,political,1.83203125,-0.10132771730422974,6
military,politics,-0.7705078125,-0.33378440141677856,6
military,religious,-4.85546875,-0.011755168437957764,6
military,space,1.21905517578125,-0.1550980806350708,6
mines,quarries,2.50555419921875,-0.07182714343070984,6
mines,torpedoes,3.576171875,-0.33857250213623047,6
months,months,4.7332763671875,-0.07377523183822632,6
months,years,6.123046875,0.15729360282421112,6
mummy,mummy,-0.1026611328125,-0.0582527220249176,6
murdered,skinned,5.33544921875,0.3963046669960022,6
narcissism,narcissism,1.8754158020019531,-0.057566702365875244,6
nasty,ugly,0.283050537109375,-0.26388025283813477,6
nasty,unpleasant,1.1081085205078125,-0.04699549078941345,6
national,political,2.7939453125,-0.04908791184425354,6
national,regional,-3.427734375,-0.14239716529846191,6
national,religious,0.8330078125,-0.15067827701568604,6
neatly,swiftly,0.119140625,0.07251991331577301,6
neoendemism,paleoendemism,2.61474609375,0.16985811293125153,6
never,off,-0.103515625,0.22003686428070068,6
new,pioneering,-2.21331787109375,-0.24709734320640564,6
new,precious,-1.751953125,0.06877242028713226,6
new,strong,-2.3642578125,-0.03851813077926636,6
new,successful,-1.1378936767578125,0.21276473999023438,6
new,ugly,-2.79296875,0.012416407465934753,6
new,unusual,0.84619140625,0.07848069071769714,6
new,wonderful,-0.8359375,0.00817650556564331,6
nobles,princes,-5.289680480957031,-0.012095749378204346,6
nodded,swayed,-4.71168327331543,0.052717894315719604,6
north,south,6.033203125,0.24680113792419434,6
novelized,sung,6.173828125,-0.07435452938079834,6
numbness,tingling,2.87298583984375,0.06352251768112183,6
ober,ober,-1.4180374145507812,0.20146167278289795,6
oppressive,unpleasant,1.05328369140625,0.15376420319080353,6
oracular,sacred,-3.3779296875,-0.04101768136024475,6
organization,rank,-2.9873046875,0.07413026690483093,6
ounces,ounces,-0.5712890625,-0.15110883116722107,6
owl,raven,-0.3095436096191406,0.249068021774292,6
packing,riding,4.4453125,-0.04435449838638306,6
paint,paint,-0.4443359375,-0.03398182988166809,6
painting,poetry,-1.429931640625,0.06081625819206238,6
pale,sickly,-5.65625,0.07535794377326965,6
pale,veiny,2.466796875,-0.02408483624458313,6
pant,stand,1.080322265625,-0.22732332348823547,6
parliamentary,political,-6.30126953125,0.14853829145431519,6
parliamentary,presidential,0.634765625,0.2197788804769516,6
passwords,usernames,-0.302734375,0.11196742951869965,6
penniless,ugly,1.24407958984375,0.08597028255462646,6
perch,suckers,1.7619705200195312,-0.026523739099502563,6
perplexity,trouble,-1.46649169921875,-0.07761722803115845,6
plant,sow,-7.984375,0.08154800534248352,6
plaques,tangles,-0.6522731781005859,0.06845894455909729,6
plasters,weights,4.6385498046875,0.18090932071208954,6
plates,spoons,0.125,0.1205766350030899,6
plates,utensils,-1.874725341796875,0.2114132195711136,6
plays,poetry,-5.52001953125,0.14234277606010437,6
poetry,sports,0.355133056640625,0.09185873717069626,6
poetry,wit,-3.5924072265625,0.09533005207777023,6
poke,pull,-1.7255859375,0.2924741804599762,6
political,political,3.23828125,0.11934329569339752,6
political,religious,-0.31689453125,-0.3253247141838074,6
pray,wait,0.194091796875,0.1905195564031601,6
precious,round,3.43182373046875,0.1740770787000656,6
pressors,volume,2.9375,0.11983703076839447,6
profitable,reasonable,9.7373046875,0.1309429407119751,6
prolonged,searching,2.1123046875,0.3165336549282074,6
pronunciation,tones,-1.5625,-0.11968851089477539,6
protective,strong,0.216796875,0.10297875106334686,6
prussian,russian,-0.279296875,0.04621702432632446,6
publish,write,2.279296875,0.12497597932815552,6
pumping,pumping,-1.4678573608398438,-0.058736175298690796,6
pushed,pushed,-3.4544677734375,-0.08750355243682861,6
ranks,species,-0.4384765625,-0.17327362298965454,6
recharged,reused,1.061767578125,0.022907227277755737,6
reefed,stowed,3.8802490234375,0.5731197595596313,6
refreshment,repose,-2.0455322265625,0.2379344254732132,6
regional,school,0.57763671875,-0.5579073429107666,6
religious,sports,-0.888671875,-0.05861365795135498,6
remarried,reneged,-0.7900390625,0.05910627543926239,6
repose,shelter,2.2145004272460938,-0.023804783821105957,6
rescue,search,0.626373291015625,-0.4298238754272461,6
resting,working,-1.986328125,-0.31677788496017456,6
rhythmic,symmetrical,4.89306640625,0.02265860140323639,6
rings,sounds,1.6064453125,0.3405519127845764,6
rise,spring,-3.46234130859375,-0.07655411958694458,6
rites,symbolisms,3.67095947265625,0.1285080462694168,6
rock,soil,0.72265625,0.07858714461326599,6
rock,thicket,-0.755859375,-0.046056002378463745,6
rocky,tangled,0.6962890625,0.16694530844688416,6
rolls,rolls,-2.0390625,-0.022804945707321167,6
rooms,rooms,-5.8505859375,0.08197878301143646,6
round,round,-6.4803924560546875,-0.3214333653450012,6
round,strong,-0.26605224609375,-0.20003122091293335,6
rounder,rounder,1.032470703125,0.22123117744922638,6
rubber,wool,4.265625,0.27990931272506714,6
russian,swedish,-3.352874755859375,0.3881404399871826,6
russian,yiddish,-2.0634765625,-0.1231141984462738,6
sacred,secret,2.79052734375,-0.11795023083686829,6
sagacity,wit,-0.583984375,0.1248558908700943,6
savages,unintelligent,-3.1826171875,0.2863314747810364,6
sea,shore,1.310546875,-0.08491450548171997,6
searched,searched,2.704833984375,0.04204528033733368,6
searching,searching,2.00732421875,-0.02889302372932434,6
secret,wrong,-0.5859375,0.1155051589012146,6
seeded,unseeded,-0.072265625,0.05800139904022217,6
ships,shore,0.01708984375,0.008840814232826233,6
ships,troops,1.072265625,-0.10120618343353271,6
shook,shook,5.32232666015625,-0.2115025520324707,6
shopping,sunbathing,5.363014221191406,-0.24393749237060547,6
shrank,swelled,-1.8935546875,0.13819698989391327,6
shrill,unpleasant,-0.32366943359375,0.08106423914432526,6
silence,solitude,-0.17036914825439453,-0.06753355264663696,6
silk,tea,-1.2835693359375,-0.1024312973022461,6
sinks,toilets,0.4619140625,0.021655648946762085,6
slept,slept,0.609375,-0.07319709658622742,6
soaked,swollen,-1.1337890625,0.18701045215129852,6
somewhat,thoroughly,7.1898193359375,0.14209681749343872,6
sounds,sounds,-0.17578125,0.4204290509223938,6
south,south,3.2861328125,0.03749766945838928,6
sprightly,strong,1.47332763671875,0.040558069944381714,6
squatting,thrusting,4.78857421875,0.031667619943618774,6
stand,stand,3.07666015625,0.10997895896434784,6
stand,wait,1.2109375,0.14286687970161438,6
stately,strong,0.842803955078125,0.00975772738456726,6
stay,stay,-2.557861328125,-0.23223161697387695,6
stay,think,1.078125,0.002384498715400696,6
stops,thinks,-1.2890625,-0.40263497829437256,6
streets,streets,-2.50872802734375,0.1841949224472046,6
strong,successful,0.262664794921875,0.11125358939170837,6
strong,swift,3.478515625,-0.24936148524284363,6
strong,tight,1.21484375,0.0921361893415451,6
strong,tyrannous,3.903076171875,0.06873741745948792,6
strong,unusual,2.61328125,-0.018384695053100586,6
stronger,stronger,3.08697509765625,0.2485269010066986,6
sullenly,unwillingly,0.8514404296875,0.15127380192279816,6
sunsets,tea,-2.87884521484375,0.08317713439464569,6
suspicious,wondering,3.598388671875,0.00399993360042572,6
sympathize,understand,0.310791015625,-0.1282893419265747,6
think,think,1.0859375,0.056119680404663086,6
think,wait,0.02734375,-0.2323932647705078,6
thoroughly,vigorously,-0.1386566162109375,0.07089263200759888,6
trial,tribulations,0.29296875,-0.00745883584022522,6
trial,trouble,-1.070068359375,0.036719322204589844,6
turkey,vegetables,-1.05859375,0.04481083154678345,6
turn,turn,4.547813415527344,0.14431968331336975,6
twos,twos,-1.419921875,-0.2505580484867096,6
uglier,uglier,0.509765625,0.29924458265304565,6
understand,write,0.41015625,0.1126466915011406,6
unhumanized,untamed,0.3511962890625,0.17512193322181702,6
unknowable,unknown,0.02734375,0.2946211099624634,6
vigorously,wrong,2.107177734375,0.03909355401992798,6
wait,wait,-2.315673828125,0.12259341031312943,6
waking,watching,0.03125,0.02568359673023224,6
weights,widths,0.9963016510009766,-0.0009628236293792725,6
wondering,wondering,-0.8446044921875,-0.026196882128715515,6
working,working,2.928466796875,-0.19994127750396729,6
years,years,-1.60546875,0.31955987215042114,6
abandoned,old,-4.61328125,-0.08015361428260803,7
acres,acres,-1.75390625,0.04548344016075134,7
activity,eagerness,-1.74853515625,0.41964974999427795,7
activity,life,-0.793212890625,-0.014010205864906311,7
addiction,overdose,-2.11328125,-0.15111708641052246,7
adult,child,0.0,0.22214961051940918,7
adult,children,1.92578125,-0.10393700003623962,7
advanced,brightened,-2.76123046875,-0.30532941222190857,7
advertising,marketing,-1.36328125,-0.3399680554866791,7
agony,fear,3.7373046875,0.15996003150939941,7
air,light,-3.60546875,-0.2877424359321594,7
algerian,moroccan,1.0390625,0.22061720490455627,7
aloes,euphorbias,-1.50390625,-0.024780869483947754,7
ambitious,worldly,-0.7091064453125,-0.18121200799942017,7
ammunition,bombs,-0.852294921875,0.0015808939933776855,7
ammunition,weapons,2.53125,0.3097552955150604,7
ammunitions,weapons,2.96630859375,0.020585864782333374,7
amuse,interest,-3.14892578125,-0.2524545192718506,7
anatomy,morphology,1.939453125,0.16790643334388733,7
antisemitic,nationalist,2.46453857421875,0.049861982464790344,7
anus,urogenital,-1.57574462890625,0.2137589007616043,7
asked,blushed,5.9853515625,0.07261684536933899,7
assault,robbery,1.4365234375,-0.4058649241924286,7
assured,final,6.44921875,0.10542246699333191,7
attentively,gravely,1.8808364868164062,-0.10839617252349854,7
autos,carriages,-0.16796875,-0.1692509949207306,7
bags,purses,-3.026611328125,-0.2145073413848877,7
balanced,benign,-2.970703125,0.03783661127090454,7
ballets,operas,0.92431640625,-0.182561457157135,7
barriers,queries,0.0,0.0711146891117096,7
bearer,flag,5.559505462646484,0.1126181036233902,7
bedraggled,desperate,3.7955322265625,0.31659507751464844,7
bedraggled,soiled,2.287109375,0.22686290740966797,7
belgian,dutch,0.63671875,0.08590865135192871,7
belgian,moroccan,3.51171875,0.1128910705447197,7
bent,cramped,0.6719207763671875,-0.21674922108650208,7
bent,old,-0.71942138671875,0.4334488809108734,7
bent,worn,0.3515625,0.2284141331911087,7
billeting,orientation,2.142578125,-0.022465065121650696,7
biology,genetics,-1.0,0.22482196986675262,7
bittersweet,milk,-1.73681640625,-0.013590231537818909,7
blabbing,tattling,-5.6307373046875,-0.02567872405052185,7
blind,cruel,-0.47998046875,0.04054887592792511,7
blind,helpless,-1.94140625,0.05100107192993164,7
blind,old,-3.184814453125,0.34902673959732056,7
blind,vague,-1.712890625,0.2889616787433624,7
bloating,pain,-1.77752685546875,0.06293877959251404,7
blossoms,herbs,0.0,0.25422143936157227,7
blowing,blowing,-1.64453125,0.04632440209388733,7
blowing,spitting,-2.3450927734375,0.010853499174118042,7
blustering,rollicking,0.5,-0.20617124438285828,7
blustering,wild,4.8184814453125,-0.20954284071922302,7
boast,brag,-1.3506698608398438,0.4036775231361389,7
bombs,revolution,-0.3330078125,-0.15407133102416992,7
bombs,rowdies,-1.6328125,0.21661150455474854,7
bombs,weapons,-0.96826171875,0.022987455129623413,7
bones,flesh,-0.4083251953125,0.4478994905948639,7
bones,organs,-2.621307373046875,0.24026170372962952,7
bones,skeleton,0.21142578125,0.11048486083745956,7
bones,skin,0.23046875,0.34392404556274414,7
bows,buckles,0.0,-0.11435708403587341,7
bragged,bragged,-3.331787109375,-0.0010153204202651978,7
bribery,extortion,-3.5755615234375,0.13977468013763428,7
bribery,promises,2.60894775390625,0.0515991747379303,7
bribes,promises,-2.08984375,0.0323667973279953,7
brisk,light,-1.0098876953125,-0.25664186477661133,7
bromides,iodides,0.4404296875,-0.507042407989502,7
bronchitis,scabies,-1.1395301818847656,0.10406053066253662,7
brush,grass,-5.69244384765625,-0.06574282050132751,7
brush,poles,2.62890625,0.2987312376499176,7
bucked,roared,-2.06005859375,0.1813003420829773,7
bulletproof,tactical,1.5859375,0.09870091080665588,7
bushels,bushels,1.3197021484375,0.08971482515335083,7
bushes,grass,3.01953125,-0.4005540907382965,7
bushes,thorns,-0.036865234375,0.03472532331943512,7
businesses,citizens,-0.44921875,-0.2435561716556549,7
businesses,colonies,3.5328216552734375,-0.1861814260482788,7
businesses,properties,-2.6171875,-0.33420488238334656,7
butlers,sex,-3.9345703125,-0.2594190537929535,7
calculated,deliberate,-0.9280929565429688,-0.08030930161476135,7
calm,deadly,-1.426025390625,0.18343636393547058,7
calm,delightful,-2.2158203125,-0.17849168181419373,7
calm,light,-0.206298828125,0.25827378034591675,7
calm,quiet,-4.865478515625,0.1063203513622284,7
calm,sedate,0.251953125,-0.18620380759239197,7
calm,stability,2.32012939453125,-0.003080606460571289,7
calm,sunshine,0.1240234375,0.14828886091709137,7
canons,statutes,1.8828125,-0.10317656397819519,7
carefulness,indifference,-3.8620223999023438,-0.22291409969329834,7
carriages,motorcars,-2.984619140625,-0.08688274025917053,7
cart,harness,-0.6552734375,0.42214435338974,7
cases,casks,-4.0788421630859375,-0.05901741981506348,7
cases,complaints,-3.3720703125,-0.043489426374435425,7
cases,presses,3.56494140625,-0.3032546937465668,7
caught,kept,-1.107421875,-0.14152377843856812,7
celebrate,drink,4.7177734375,0.13376954197883606,7
central,large,-0.556640625,0.18177220225334167,7
charabancs,charabancs,-1.24609375,-0.01134847104549408,7
cheapest,easiest,-0.669921875,0.07419953495264053,7
chess,rugby,1.5009765625,-0.06713463366031647,7
child,child,-3.2080078125,0.2093229442834854,7
children,gum,-4.5401611328125,-0.14635249972343445,7
children,hens,-4.42523193359375,0.2243172526359558,7
children,ladies,0.15673828125,-0.09840193390846252,7
children,milk,0.07534027099609375,0.733375072479248,7
children,pensioners,2.048828125,-0.12480178475379944,7
children,substitute,-1.62353515625,0.15960031747817993,7
citizens,musicians,-0.733001708984375,-0.19501623511314392,7
citronellol,geraniol,-0.195587158203125,0.25785204768180847,7
civilians,warriors,-4.1123046875,-0.19838657975196838,7
clapped,clapped,-1.556640625,-0.03898456692695618,7
clapped,roared,2.419921875,0.06937491148710251,7
claws,legs,-0.23040771484375,-0.13414713740348816,7
clinopyroxene,nepheline,0.380859375,-0.295171856880188,7
clues,criminals,-2.62890625,-0.10323196649551392,7
clues,maps,-4.505859375,-0.025939390063285828,7
cockroackes,temites,-0.03515625,0.01314699649810791,7
collectors,museums,0.47686767578125,0.226806178689003,7
concentrated,deliberate,-4.0283203125,0.23150283098220825,7
cones,tapes,-0.673828125,-0.024694085121154785,7
confined,insane,1.2562255859375,0.07230731099843979,7
connoisseurs,ladies,-0.65625,0.1617349088191986,7
contamination,pollution,-2.3076171875,-0.12599697709083557,7
contradictory,vague,-3.390625,0.3102577328681946,7
convenient,large,-1.21484375,0.18093973398208618,7
convenient,serious,-3.467529296875,-0.2300409972667694,7
copied,remembered,-4.412109375,0.07111324369907379,7
cornflakes,milk,-0.100128173828125,-0.20966631174087524,7
courageous,old,4.755859375,0.1165715903043747,7
cower,shrink,0.977020263671875,-0.045747309923172,7
crackled,glowed,0.8359375,-0.08676627278327942,7
crackled,roared,-1.337158203125,0.05746114253997803,7
crashing,crashing,1.6181640625,0.3198550343513489,7
crashing,thudding,1.90875244140625,0.03512066602706909,7
creepy,impressive,2.26416015625,0.14210215210914612,7
crime,drugs,-2.10498046875,-0.2820185124874115,7
crime,sex,-0.9407958984375,0.0049370527267456055,7
criminality,hardship,-1.1572265625,0.027226075530052185,7
criminals,dungeons,0.4312744140625,0.2147810161113739,7
criminals,thieves,0.3046875,0.12240326404571533,7
criminals,vagabonds,-3.4036865234375,-0.05375361442565918,7
crops,harvest,-1.439208984375,0.09773316979408264,7
crops,properties,3.3955078125,0.1960829645395279,7
crossness,meddling,-6.2890625,-0.0006664693355560303,7
cruel,disastrous,2.03515625,-0.0934552252292633,7
cruel,envious,-2.091796875,0.35791611671447754,7
cruel,inconceivable,2.908203125,0.19156724214553833,7
cruel,paranoid,1.0673828125,0.1806621253490448,7
cruel,stormy,1.81243896484375,0.14019617438316345,7
cruel,wasteful,-7.166259765625,0.2052459865808487,7
cruel,wild,-4.14532470703125,-0.016241297125816345,7
curiosity,eagerness,-3.849609375,0.6576799154281616,7
curiosity,interest,-1.295654296875,-0.3167344927787781,7
curiosity,pain,-1.9261474609375,-0.18209615349769592,7
currently,formerly,-2.867830276489258,0.15690094232559204,7
curtsy,smile,4.16064453125,0.45473363995552063,7
dainty,particular,0.755859375,0.2984541654586792,7
dainty,soft,0.70166015625,0.2685752511024475,7
danced,sang,-0.94140625,0.2245093286037445,7
deliberate,mock,1.040771484375,-0.051319509744644165,7
deliberated,sat,-0.0439453125,0.19023346900939941,7
delightful,generous,-0.443359375,-0.004731327295303345,7
delightful,quiet,-6.361328125,0.03856118023395538,7
deliverance,guidance,-3.02734375,0.45250698924064636,7
demandingly,harshly,-0.902099609375,-0.21599352359771729,7
democracy,socialism,-0.25,-0.1563434898853302,7
dental,vision,7.7864990234375,-0.25709375739097595,7
depressed,quiet,-1.2565269470214844,-0.2795441150665283,7
depressed,uneasy,1.5068359375,-0.0418468713760376,7
desolation,woe,1.36328125,0.5143121480941772,7
despatch,ease,1.2431640625,-0.178993821144104,7
desperate,disorganized,-0.138671875,-0.16762283444404602,7
destiny,life,-1.06640625,-0.043749868869781494,7
destiny,vision,-0.1790924072265625,0.003667593002319336,7
dialogues,fugues,0.7178955078125,-0.04492238163948059,7
differences,resemblances,-7.67578125,0.1572462022304535,7
differences,variations,0.299560546875,0.12081319093704224,7
discovered,mined,1.913818359375,-0.153045654296875,7
discussions,meetings,2.56494140625,-0.3274780809879303,7
diseases,genetics,3.078125,-0.2552243173122406,7
diseases,viruses,-0.2333984375,0.2224353402853012,7
disheveled,wild,-0.6640625,-0.06663210690021515,7
displayed,stored,-0.19921875,0.024488627910614014,7
displays,exhibits,0.4979686737060547,-0.07749417424201965,7
dissolute,idle,1.6875,-0.01777508854866028,7
distributed,versioned,0.513916015625,-0.17475399374961853,7
drama,satirical,0.080841064453125,0.38193249702453613,7
dread,eagerness,3.60101318359375,0.25523388385772705,7
dread,fear,-0.2763671875,0.35978472232818604,7
dreamless,drugged,-0.078125,0.19746840000152588,7
dress,jewellery,0.42578125,-0.09546047449111938,7
dress,talk,-0.416015625,-0.34108486771583557,7
dress,towel,1.4628124237060547,0.16952520608901978,7
drink,drugs,-0.38671875,-0.16820302605628967,7
drink,sail,-1.03125,-0.22641399502754211,7
drink,smile,1.5386962890625,-0.01388503611087799,7
drink,talk,-0.1640625,0.2434839904308319,7
driven,tugged,0.50537109375,0.1591457724571228,7
drugs,homelessness,2.45703125,0.2606116831302643,7
drugs,sex,-0.48797607421875,-0.19350561499595642,7
drugs,weapons,0.18359375,-0.23811087012290955,7
duck,squash,1.8232421875,-0.2236480712890625,7
dutch,english,2.458984375,0.28358274698257446,7
eachother,nature,-5.37158203125,-0.10681971907615662,7
eagerness,exultation,-1.1845703125,-0.18898281455039978,7
eagerness,regret,2.4681477546691895,0.11060821264982224,7
earthquakes,tornadoes,-2.158203125,-0.16961902379989624,7
earthquakes,volcanoes,3.958984375,0.03708432614803314,7
ease,quiet,1.6803436279296875,0.2450484037399292,7
economic,environmental,4.16986083984375,-0.042068541049957275,7
editing,writing,-3.64453125,-0.03007887303829193,7
egoistic,inflexible,0.123046875,0.3211481273174286,7
enabling,enabling,3.12890625,-0.278001070022583,7
engineers,physicists,-2.2586669921875,-0.11172273755073547,7
english,italian,1.2119140625,0.5821088552474976,7
epilepsy,schizophrenia,-1.0576171875,0.18156450986862183,7
erm,fertile,-8.5751953125,0.19097240269184113,7
erm,revolution,2.72509765625,0.09281697869300842,7
erm,talk,0.6318359375,-0.17126664519309998,7
erm,weight,0.1298828125,0.3247969150543213,7
ever,ever,-0.53515625,-0.30521219968795776,7
ever,forever,-3.478515625,0.013314604759216309,7
evildoers,murderers,1.12109375,0.1488817036151886,7
excited,hysterical,1.94287109375,-0.07125052809715271,7
excited,irritable,3.9609375,0.0713493674993515,7
excited,large,1.0390625,0.1792062520980835,7
excited,pleased,0.154296875,-0.2703646421432495,7
excited,wild,11.43359375,0.05284523963928223,7
excited,wise,-3.765289306640625,0.1710580438375473,7
exhibits,papers,-1.5625,-0.04378819465637207,7
exhibits,sales,1.30859375,-0.12283578515052795,7
experienced,old,-2.474609375,-0.29586276412010193,7
experienced,wise,1.0625,-0.07997047901153564,7
expression,feeling,3.330078125,0.22706785798072815,7
expression,spirit,2.025390625,0.1404576599597931,7
extravagant,wasteful,1.166015625,-0.3150978982448578,7
fear,fury,-2.462890625,-0.003708958625793457,7
fear,indignation,5.056396484375,0.03711198270320892,7
fear,pain,-0.861328125,-0.032822102308273315,7
feathered,furry,3.4111785888671875,0.03265996277332306,7
feeling,life,-0.550537109375,-0.6079546213150024,7
fertile,populous,1.807861328125,0.16636860370635986,7
final,forth,-1.703125,0.2638458013534546,7
final,fourth,-4.842926025390625,0.01972883939743042,7
flag,streamer,1.6446151733398438,-0.34509000182151794,7
flat,large,4.8203125,-0.06435573101043701,7
flat,sandy,5.590679168701172,-0.37493273615837097,7
flesh,flesh,1.025390625,-0.00020107626914978027,7
fluorescence,ionization,-1.1513252258300781,-0.1087489128112793,7
folktales,legends,-0.36590576171875,0.1642003059387207,7
forever,forever,2.0322265625,-0.013496816158294678,7
forever,once,0.94140625,-0.07005733251571655,7
formality,legality,0.8056640625,-0.26318737864494324,7
fourth,only,3.962158203125,0.1700061559677124,7
fructose,glucose,1.4229736328125,-0.32900121808052063,7
fuller,fuller,-0.380859375,-0.34268131852149963,7
fuller,higher,-2.490478515625,0.047584205865859985,7
furry,soft,-12.58544921875,0.23096179962158203,7
fury,pain,-1.7333984375,-0.0813540518283844,7
fury,sound,-1.755859375,0.011826574802398682,7
garrulous,italian,2.85113525390625,0.35964715480804443,7
generous,large,2.5755615234375,0.16281583905220032,7
generous,sportsmanlike,0.359375,-0.3326064646244049,7
generous,virtuous,4.2802734375,0.11712871491909027,7
gin,sex,1.50732421875,-0.3120938837528229,7
glad,lightsome,-1.56500244140625,-0.436271995306015,7
globalisation,imperialism,1.162109375,0.10250671207904816,7
globalisation,industrialisation,2.16949462890625,-0.036658018827438354,7
gradually,irregularly,-0.96435546875,0.2263520061969757,7
grammar,words,2.1475601196289062,0.17960985004901886,7
grass,hay,-1.4332275390625,-0.2874365746974945,7
grasses,herbs,1.3525390625,0.278124064207077,7
grasses,sedges,-0.292236328125,0.07060644775629044,7
grit,spirit,0.6805419921875,0.1684778481721878,7
growling,growling,1.048828125,-0.023313716053962708,7
growling,grunting,-0.5780553817749023,0.05991491675376892,7
growling,snarling,-3.4359130859375,0.04976722598075867,7
growly,raspy,0.400390625,0.13972291350364685,7
grunting,straining,-0.9014892578125,0.03488226234912872,7
grunts,shouts,-1.6005859375,-0.1943323314189911,7
grunts,sighs,-1.339599609375,0.20404210686683655,7
guitar,keyboards,0.11328125,0.17137515544891357,7
habit,instinct,-0.7258682250976562,0.18687818944454193,7
hacking,stealing,-1.68310546875,0.1732829213142395,7
hardship,pain,-2.693164825439453,0.3594699501991272,7
harshly,unjustly,-2.640625,-0.0115756094455719,7
haughty,imperious,0.376953125,0.263288676738739,7
haughty,pompous,-0.806640625,0.4460814297199249,7
healthcare,hospitals,1.505859375,-0.11810475587844849,7
hear,obey,4.74835205078125,0.3656395375728607,7
hear,talk,-6.873104095458984,-0.1771242320537567,7
helpless,ignorant,0.658203125,0.08130654692649841,7
herbs,perfumes,-5.16796875,-0.23262923955917358,7
higher,higher,-1.4296875,0.34205037355422974,7
higher,hotter,0.873046875,-0.297605961561203,7
hoed,hoed,0.046875,-0.1806013584136963,7
hospitals,hostels,0.05657958984375,-0.05697116255760193,7
hotter,hotter,-2.276611328125,-0.0069269537925720215,7
hovels,palaces,-3.7099609375,-0.006742745637893677,7
huge,influential,-3.69012451171875,-0.01355995237827301,7
huge,unexpected,1.919921875,0.046988293528556824,7
humor,spirit,2.84228515625,-0.03387655317783356,7
humor,words,0.0341796875,0.17973893880844116,7
hurrahs,shouts,0.66015625,-0.21227261424064636,7
hurried,unconnected,-1.9332275390625,0.015992596745491028,7
idle,ignorant,2.99609375,0.20362049341201782,7
ignorant,laughable,0.7587890625,0.17108823359012604,7
ignorant,wild,-3.3291015625,-0.2739788293838501,7
inclusive,pragmatic,-1.3128662109375,0.1889573037624359,7
indirect,vague,3.00830078125,0.08088882267475128,7
individual,mine,-2.236328125,-0.33938440680503845,7
influential,large,-0.20806884765625,-0.33687517046928406,7
insinuating,soft,0.44775390625,0.42005038261413574,7
instruments,themes,0.353515625,-0.34868142008781433,7
interest,life,3.115234375,-0.23265528678894043,7
iranian,islamic,2.38671875,0.15145358443260193,7
iranian,persian,4.08648681640625,0.05713074654340744,7
islamic,nationalist,-1.935302734375,0.11185598373413086,7
jounces,jounces,3.289794921875,-0.19414296746253967,7
kicking,rearing,-0.37890625,-0.030865654349327087,7
kicking,scrambling,3.95849609375,0.17232930660247803,7
kill,torture,0.6728515625,0.3511047959327698,7
knotty,large,-2.955078125,0.2883513569831848,7
kurdish,turkish,1.468414306640625,0.5901079773902893,7
lady,monkey,-6.451164245605469,-0.2152334749698639,7
language,region,0.544921875,-0.018933415412902832,7
language,words,-1.54498291015625,0.38697201013565063,7
large,larger,2.78125,-0.06400461494922638,7
large,quiet,4.3017578125,-0.6208467483520508,7
large,ripe,2.2821044921875,-0.36218783259391785,7
large,scenic,0.73828125,-0.06459751725196838,7
large,selected,-0.0508575439453125,-0.05150368809700012,7
large,staring,-3.36962890625,0.05724591761827469,7
large,variegated,2.25,0.020974576473236084,7
large,wavy,-0.2529296875,0.28714677691459656,7
large,woolly,0.90679931640625,-0.06803540885448456,7
larger,larger,-1.40655517578125,-0.020887523889541626,7
laughable,pathetic,-2.484375,0.09983097016811371,7
leadership,ownership,-0.888671875,-0.26848044991493225,7
leadership,tactical,1.43359375,-0.19948849081993103,7
lean,tall,-1.2578125,0.11192357540130615,7
leisure,means,-2.2109375,0.19491806626319885,7
liberty,life,2.3789291381835938,-0.050404950976371765,7
life,light,-0.9224967956542969,0.2365110069513321,7
life,nature,-3.638671875,-0.34607937932014465,7
life,quickness,-5.244140625,0.3218657970428467,7
life,spirit,-0.37939453125,0.3694574236869812,7
life,substance,0.71435546875,0.25601857900619507,7
light,queer,5.85546875,-0.17217639088630676,7
light,room,7.87451171875,-0.1963237226009369,7
light,sound,0.02734375,-0.01706664264202118,7
light,sunshine,-4.4345703125,-0.379589706659317,7
light,varying,-0.104248046875,-0.2042042315006256,7
light,woolly,-2.43682861328125,-0.1554071605205536,7
lists,maps,-5.1184844970703125,-0.10703253746032715,7
lithium,risperidone,1.0229415893554688,-0.06940637528896332,7
lordly,tall,-7.137603759765625,0.042165085673332214,7
maintaining,writing,-3.74896240234375,-0.13109570741653442,7
maps,papers,1.01171875,-0.10365313291549683,7
marshland,meadow,-1.4038848876953125,0.27572163939476013,7
masterless,wretched,0.6567134857177734,0.530439019203186,7
masters,monks,-2.9700331687927246,0.21637526154518127,7
medicinal,vegetable,2.7294921875,-0.012837141752243042,7
members,stewards,-3.296142578125,-0.15967988967895508,7
menopausal,old,1.1196229457855225,0.08058580756187439,7
metaphorically,poetically,-4.134765625,0.07513020187616348,7
mine,mine,-2.32470703125,0.09188617765903473,7
mine,thine,1.9296875,-0.07024407386779785,7
moaning,sleepless,-1.3480224609375,-0.04303237795829773,7
morally,spiritually,0.6279296875,-0.08141553401947021,7
moroccan,turkish,-0.6405029296875,0.08741401880979538,7
mortification,pain,1.404733657836914,-0.11832642555236816,7
mortification,regret,3.2509117126464844,0.06387349963188171,7
muddy,sandy,-1.556640625,0.3008599877357483,7
muddy,soft,-1.1796875,0.2918442487716675,7
murderers,thieves,-1.7509765625,0.1992906630039215,7
musicians,singers,3.412109375,4.997849464416504e-05,7
mutinous,sulky,0.353515625,0.19254259765148163,7
mutual,spatial,2.8056640625,0.5453158617019653,7
nails,twine,3.32427978515625,-0.1365925669670105,7
niggardly,stingy,-2.29510498046875,-0.3454952538013458,7
oceans,rivers,-1.555908203125,0.6558098793029785,7
offerings,sacrifice,-0.928070068359375,0.09446536004543304,7
often,often,-1.0048828125,-0.12576505541801453,7
old,seasoned,0.0234375,-0.24173107743263245,7
old,senile,-1.591278076171875,-0.09895741939544678,7
old,unsure,-0.1865234375,-0.15946811437606812,7
old,wise,-7.1796875,0.23829716444015503,7
old,worn,1.18359375,0.09160730242729187,7
once,once,-1.59173583984375,-0.35640016198158264,7
orchestra,singers,-1.7035751342773438,0.034475699067115784,7
organs,skin,-0.51953125,0.4493638873100281,7
packed,strapped,-3.25341796875,0.09139673411846161,7
paddled,rowed,1.6483917236328125,-0.24279192090034485,7
pain,regret,0.5673828125,0.26395517587661743,7
pain,torture,-1.993072509765625,-0.016381680965423584,7
pain,weight,3.154296875,0.18055564165115356,7
paintings,sculptures,-1.92596435546875,0.02402767539024353,7
pastures,rivers,0.114990234375,-0.009642928838729858,7
pathological,physiological,2.085693359375,-0.06492701172828674,7
peritoneal,subdural,1.3182601928710938,0.026353418827056885,7
persian,purple,0.3857421875,0.3080791234970093,7
persian,turkish,8.46875,0.2195706069469452,7
pierced,punctured,1.1822829246520996,-0.20024684071540833,7
pilgrims,traders,1.9021377563476562,0.35311180353164673,7
pinioned,shackled,5.486328125,0.16570313274860382,7
pirut,pup,-1.0614013671875,0.10758419334888458,7
pitted,scarred,-1.11309814453125,0.11200565099716187,7
places,rivers,0.347137451171875,-0.11782893538475037,7
planters,traders,0.500640869140625,-0.3645457327365875,7
playing,playing,-0.32421875,0.15867915749549866,7
plucky,quiet,3.7830848693847656,-0.12146452069282532,7
plump,tall,-3.9296875,-0.04256652295589447,7
polluting,toxic,-3.9056396484375,-0.12499433755874634,7
practice,practice,-1.962890625,-0.44145962595939636,7
practice,prescription,0.556640625,0.051732927560806274,7
progress,stability,-0.5234375,-0.054041773080825806,7
progress,weight,2.73388671875,-0.033005282282829285,7
purse,sword,0.7236328125,0.15247006714344025,7
quiet,reputable,5.203125,0.28690671920776367,7
quiet,reserved,1.930908203125,-0.38225170969963074,7
quiet,restful,-2.067626953125,-0.1048109233379364,7
quiet,soft,0.73681640625,0.9881894588470459,7
quiet,wild,1.95703125,0.4555519223213196,7
quietly,subtly,5.677001953125,-0.20844829082489014,7
rifle,shotgun,1.1386184692382812,-0.15890797972679138,7
riflebirds,sicklebills,3.1298828125,0.16667842864990234,7
sail,sail,-1.636566162109375,-0.06614340841770172,7
sang,sang,0.6090087890625,0.14999866485595703,7
scarred,worn,-0.61376953125,0.051792293787002563,7
serious,unexpected,-4.1611328125,0.3367701768875122,7
serious,wise,1.26904296875,0.2760891020298004,7
shouts,sound,1.164306640625,-0.5865921974182129,7
shouts,trills,-10.404296875,-0.11395260691642761,7
sights,sights,3.9287109375,0.20066779851913452,7
signification,signs,-1.9833984375,-0.01947970688343048,7
signs,words,4.4802093505859375,0.07753756642341614,7
simplified,simplistic,-0.33203125,-0.26868736743927,7
skinny,tall,-3.98663330078125,0.3145290017127991,7
smell,sound,-1.7081298828125,-0.40395668148994446,7
smell,vision,-0.279296875,-0.03393273055553436,7
smile,smile,-0.55218505859375,-0.09568455815315247,7
smile,talk,-3.072265625,-0.13962453603744507,7
snarling,spitting,-5.03125,0.29951173067092896,7
snarling,underhanded,-2.2742919921875,-0.2197563350200653,7
soft,tall,-1.908203125,0.16546431183815002,7
soft,wavy,1.342529296875,-0.10858669877052307,7
soft,woolly,0.626307487487793,-0.07135626673698425,7
soiled,thumbed,-2.6919097900390625,-0.20461639761924744,7
solidarity,subsidiarity,-1.2099609375,-0.039144814014434814,7
sound,visibility,-0.39404296875,-0.21316370368003845,7
sparkled,widened,3.28515625,0.01379510760307312,7
specially,symbolically,0.401611328125,-0.21352270245552063,7
splashed,tugged,-2.536376953125,-0.010709941387176514,7
staring,wild,0.986328125,-0.15579333901405334,7
storm,sunshine,-0.0704345703125,-0.20355260372161865,7
strawberry,strawberry,-1.873046875,0.1281585395336151,7
syrup,tar,-1.140625,-0.033957645297050476,7
talk,talk,-1.2022705078125,-0.17093870043754578,7
tall,weight,-3.3828125,-0.3938653767108917,7
tugged,tugged,-2.4013671875,-0.1797415316104889,7
uneasy,wretched,-0.54046630859375,-0.013614058494567871,7
unexpected,unwelcome,0.8515625,0.04410453140735626,7
unloaded,unsaddled,-2.1484375,0.1351999044418335,7
vague,woolly,-0.9970703125,0.07768715918064117,7
verses,words,3.861083984375,-0.26657864451408386,7
wavier,wavier,-1.51806640625,-0.08403745293617249,7
wild,woolly,1.0,0.30176451802253723,7
wild,wooly,-0.189453125,0.5726172924041748,7
xxx,xxx,-5.169921875,0.10706815123558044,7
ability,determination,0.830078125,-0.1176581084728241,8
abort,miscarry,10.75390625,-0.12413039803504944,8
aboyne,called,-1.0371551513671875,0.19530022144317627,8
absolutely,wholeheartedly,1.953125,-0.12964802980422974,8
acid,alkali,-2.6693649291992188,-0.23211795091629028,8
actress,comedian,-4.96875,0.07214361429214478,8
acute,earnest,-0.314453125,-0.10905241966247559,8
administrative,business,1.25909423828125,0.031401827931404114,8
administrative,territorial,-4.565185546875,0.01512935757637024,8
aged,feeble,-1.2685546875,-0.26126691699028015,8
aged,hungry,-6.2255859375,0.09185341000556946,8
aged,infirm,5.64453125,0.07751123607158661,8
aid,grant,0.3291015625,-0.24091050028800964,8
alertness,power,0.0,-0.0749959722161293,8
alive,beautiful,-0.19593429565429688,0.12917041778564453,8
alive,brilliant,-4.11962890625,-0.10961201786994934,8
alive,sharp,0.5665283203125,0.4155377149581909,8
alive,unharmed,-2.70458984375,0.03313210606575012,8
alive,whole,4.095787048339844,0.38775938749313354,8
amantadine,rimantadine,-0.5407333374023438,-0.04580827057361603,8
anarchic,unpredictable,-1.00775146484375,0.09154242277145386,8
anarchist,communist,-3.2845458984375,0.1622619330883026,8
angels,demons,1.32421875,-0.14095625281333923,8
apologies,lies,0.0,-0.31524762511253357,8
apologies,surprise,1.6806640625,0.010076791048049927,8
apologies,thanks,0.87890625,-0.24927711486816406,8
appeal,fortrial,-0.05078125,0.006405502557754517,8
appearance,function,-3.3466796875,-0.11523935198783875,8
appearance,functionality,-1.1588134765625,0.06989580392837524,8
appearance,rigging,-2.960247039794922,0.1131930947303772,8
applauded,laughed,0.854705810546875,0.06680330634117126,8
aristocrats,conservatives,-3.86328125,0.3028472363948822,8
art,business,-1.291015625,0.06802493333816528,8
art,culture,0.0,-0.10460216552019119,8
art,femininity,5.79296875,0.11768347024917603,8
art,poems,1.232269287109375,0.1022508293390274,8
art,power,-7.038421630859375,0.04916226863861084,8
ascendancy,power,-0.72686767578125,-0.1693558543920517,8
aspects,epithets,2.2192535400390625,-0.0020037293434143066,8
astronomy,math,-1.7877197265625,-0.2591261565685272,8
autopsy,identification,-2.0234375,-0.3440919518470764,8
babies,boys,3.53125,-0.3625663220882416,8
backpackers,climbers,-2.67138671875,0.1742979884147644,8
ballrooms,hotels,2.71337890625,-0.08614841103553772,8
banksias,woodland,-0.47021484375,-0.025047942996025085,8
barges,boats,-2.068359375,-0.0010440349578857422,8
bearded,brown,4.546875,-0.22327612340450287,8
beautiful,brilliant,-2.5477294921875,0.020204678177833557,8
beautiful,busy,3.656494140625,-0.3571399450302124,8
beautiful,carefree,2.4444351196289062,-0.35234612226486206,8
beautiful,foolish,5.8681640625,-0.6907583475112915,8
beautiful,great,2.24853515625,-0.052627719938755035,8
beautiful,historic,-1.3955078125,-0.006585434079170227,8
beautiful,kind,-0.748046875,-0.2539536952972412,8
beautiful,neat,-3.326171875,-0.03785671293735504,8
beautiful,rational,-1.6878509521484375,-0.25211086869239807,8
beautiful,serene,-1.666015625,-0.011394485831260681,8
beautiful,shining,-1.302734375,-0.3091278076171875,8
beautiful,smart,-7.4580078125,-0.2759871482849121,8
beautiful,young,3.3515625,-0.19634675979614258,8
beauty,happiness,-4.046875,-0.447032630443573,8
beauty,health,-3.65625,-0.02701330929994583,8
beauty,joy,-6.0698394775390625,-0.027495771646499634,8
beauty,placability,4.3544921875,0.06707179546356201,8
beauty,rest,-1.45703125,-0.12197485566139221,8
beauty,ugliness,-12.98046875,0.1846289038658142,8
beg,beg,-0.685546875,0.0899992436170578,8
beg,cry,-1.3680419921875,0.145700603723526,8
behaves,interacts,-0.26953125,0.19325238466262817,8
beliefs,rules,-0.7733154296875,-0.04990909993648529,8
belonging,unity,-4.2060546875,0.05118677020072937,8
belt,car,-0.5185546875,0.03849957883358002,8
bile,lies,0.48681640625,-0.10346142947673798,8
biscuits,nuts,-0.5568580627441406,-0.16853009164333344,8
biscuits,shortcake,-2.18408203125,-0.2510897219181061,8
blast,damn,1.862548828125,0.10468496382236481,8
bleaker,bleaker,-0.70703125,0.020997285842895508,8
blew,blew,-1.2247314453125,0.3593965470790863,8
blinked,gasped,-0.6826171875,0.02890653908252716,8
boats,sails,-0.09039306640625,0.18475967645645142,8
boats,shipping,-2.49609375,-0.05185818672180176,8
bodies,minds,-2.882080078125,-0.2881724536418915,8
body,head,-1.911421775817871,0.19369930028915405,8
body,limbs,0.9453125,0.09456786513328552,8
body,soul,-1.52734375,-0.22674421966075897,8
boiled,bubbled,-5.1552734375,0.30564525723457336,8
boiled,pounded,-1.359375,0.25912177562713623,8
boiling,evaporation,-2.30859375,-0.0005046725273132324,8
boldness,unconcern,-10.58984375,-0.049128785729408264,8
bookplates,trademarks,-1.79205322265625,-0.10974973440170288,8
boredom,disgust,0.37360382080078125,-0.041095614433288574,8
bounces,imitates,1.055908203125,0.27567270398139954,8
bowls,cups,-2.7841796875,-0.17435431480407715,8
boys,boys,-0.95556640625,-0.1541864573955536,8
boys,cooks,7.22314453125,-0.05525166541337967,8
boys,mother,-1.32208251953125,-0.02010643482208252,8
boys,quarry,5.75,0.037231773138046265,8
brick,glass,0.421875,-0.018631428480148315,8
brilliant,brown,1.25836181640625,-0.0733264908194542,8
brilliant,striking,-3.2421875,0.010845988988876343,8
broken,empty,0.404296875,0.3158259093761444,8
broken,gnarled,-4.30029296875,0.4377771019935608,8
broken,sharp,-0.638671875,-0.15176212787628174,8
bronze,brown,1.90924072265625,0.3779434561729431,8
brown,dry,-1.959228515625,0.17712649703025818,8
brown,juicy,-1.56982421875,-0.364152193069458,8
brown,kind,-0.36328125,-0.10085354745388031,8
brown,russet,-5.148193359375,0.40979665517807007,8
brown,shining,-1.5928802490234375,0.04585587978363037,8
bruising,scars,-6.0660247802734375,-0.1266118586063385,8
brushing,rustling,0.132568359375,0.13566365838050842,8
brushing,washing,1.16845703125,-0.14819683134555817,8
bubbles,dimple,-0.183349609375,0.0907280296087265,8
bubbles,oil,-1.970703125,-0.2823830544948578,8
bulkiest,heaviest,3.076171875,0.007984727621078491,8
bullwinkle,julia,-1.52392578125,-0.19398677349090576,8
business,fun,1.1884765625,-0.15596766769886017,8
bustle,stir,-7.09375,0.08436751365661621,8
caesium,thallium,1.18701171875,-0.09686136245727539,8
called,called,-1.6822509765625,0.0030006766319274902,8
called,stopped,-2.1728515625,0.2661136984825134,8
callers,visitors,-2.072265625,-0.3176705241203308,8
calling,calling,2.114715576171875,0.05542033910751343,8
calling,laughing,-0.4306640625,0.10150626301765442,8
candles,pizza,0.3893280029296875,-0.030361369252204895,8
candles,ropes,2.177734375,0.01060439646244049,8
cannibals,drunkards,1.68359375,-0.06931868940591812,8
car,mother,-1.3620376586914062,-0.07457832992076874,8
car,pitcher,-0.331298828125,0.12476569414138794,8
car,watches,1.144622802734375,-0.07175418734550476,8
carol,song,-1.69921875,0.09676967561244965,8
cartridges,cassettes,1.59765625,0.12577247619628906,8
cells,organisms,2.451171875,0.12096980214118958,8
ceramics,glass,-1.53125,0.16160225868225098,8
ceramics,metals,-1.577392578125,0.09060713648796082,8
changeable,unpredictable,1.2764892578125,-0.08101698756217957,8
charismatic,pentecostal,-0.560546875,0.19697880744934082,8
chat,rest,2.054931640625,0.1778767704963684,8
chatting,greeting,-2.174560546875,0.21270158886909485,8
chatting,laughing,-1.6582437753677368,0.08532273769378662,8
cheaper,divided,-0.48046875,0.23406386375427246,8
cheep,stir,-1.22967529296875,0.08909158408641815,8
cheer,cheer,-4.41217041015625,0.07580411434173584,8
cheer,happiness,0.08203125,-0.5395452976226807,8
cheer,shorten,0.45086669921875,0.26716768741607666,8
cheery,helpful,0.61083984375,0.020781487226486206,8
cheery,soul,4.9052734375,-0.3366892635822296,8
chicken,mushroom,1.09375,-0.2018982321023941,8
chicken,potatoes,-2.86328125,-0.29446941614151,8
chicken,waffles,1.4090576171875,-0.08589083701372147,8
chink,daub,1.5986328125,0.2790880799293518,8
chocolates,sweets,-2.6298828125,-0.015179798007011414,8
choky,little,-0.4090728759765625,0.09224064648151398,8
clicking,rustling,4.93359375,0.09937669336795807,8
clicking,scraping,0.788731575012207,0.07018730044364929,8
coally,tom,2.96875,-0.11583803594112396,8
commandant,syndic,1.66015625,-0.2004031091928482,8
commandments,laws,2.07568359375,-0.4544048607349396,8
common,european,-3.890625,-0.25336235761642456,8
common,indubitable,-0.25335693359375,-0.04282987862825394,8
common,silly,-2.75390625,-0.5516658425331116,8
concluding,third,-0.357421875,0.20216724276542664,8
condescension,patronizing,-0.8343238830566406,-0.19231337308883667,8
consideration,honour,0.26708984375,-0.18836143612861633,8
console,pity,3.3046875,-0.01465839147567749,8
consternation,surprise,-0.39208984375,-0.008751124143600464,8
contact,separate,1.601806640625,0.4274384379386902,8
convex,discrete,-0.138671875,-0.1030932068824768,8
courses,programs,-0.916015625,-0.11852431297302246,8
crayfish,spiders,-0.58935546875,0.11666254699230194,8
crazy,feeble,4.501953125,0.014050453901290894,8
crazy,fun,-1.9375,-0.18794958293437958,8
crazy,funny,1.1953125,-0.030315585434436798,8
crazy,kinky,1.56640625,-0.3348196744918823,8
crazy,silly,0.943359375,-0.37793874740600586,8
crippled,thief,-0.1507568359375,-0.1065155416727066,8
crossdisciplinarity,multidisciplinarity,-3.37109375,0.01894816756248474,8
cry,cry,-3.908203125,0.09766191244125366,8
cry,fret,-4.653564453125,0.2525486648082733,8
cry,mourn,4.8310546875,0.5811586976051331,8
cry,pout,-7.2236328125,0.2024223506450653,8
culture,health,-4.75201416015625,-0.04066700488328934,8
culture,laws,-0.587890625,-0.015245914459228516,8
culture,liberality,-1.855224609375,0.009204521775245667,8
cups,pitcher,2.156005859375,0.019370362162590027,8
cups,saucers,4.6015625,0.03479766845703125,8
cursing,raving,1.244140625,0.30116868019104004,8
cursing,yelling,0.7554950714111328,0.33790940046310425,8
daisies,heather,-1.0302734375,-0.10062874853610992,8
dances,torches,3.4643478393554688,-0.04578789323568344,8
days,days,1.47265625,0.19538313150405884,8
dearer,nearer,5.591680526733398,-0.011836513876914978,8
deeper,deeper,-0.5219573974609375,0.352647066116333,8
delicious,juicy,0.2276611328125,-0.123003751039505,8
delicious,supple,-1.203125,-0.02204468846321106,8
demons,dragons,-4.45703125,0.1494661569595337,8
depressions,sinkholes,-0.4970703125,-0.1277329921722412,8
deserted,empty,-0.3046875,0.02445100247859955,8
deserters,refugees,0.759765625,-0.10196562111377716,8
detergent,oil,0.0,-0.16266368329524994,8
determination,resolution,0.010662078857421875,0.1819881796836853,8
determined,young,5.082763671875,0.13720887899398804,8
dg,mother,-2.19482421875,0.06650388240814209,8
dipped,dipped,-1.20855712890625,0.2680298089981079,8
disappeared,failed,-4.861328125,0.11154186725616455,8
disappeared,passed,3.47998046875,0.06539715826511383,8
discouragement,toil,-4.6787109375,0.10206378996372223,8
discovery,exploration,-4.9765625,0.05860814452171326,8
discretion,tact,-0.77593994140625,0.04010617733001709,8
disgust,surprise,2.298095703125,0.18662461638450623,8
distinctions,honours,-1.211029052734375,-0.49770039319992065,8
distraught,moody,2.5950021743774414,0.12246289849281311,8
disturbed,perturbed,6.341796875,0.09786450862884521,8
divorced,married,7.88671875,0.04668235778808594,8
doctor,patient,-0.0445098876953125,-0.04190494865179062,8
double,triple,-2.849609375,-0.09210431575775146,8
drank,drank,-2.7119140625,0.4033249020576477,8
drawings,engravings,3.24346923828125,0.0171031653881073,8
dreamed,heard,-1.240234375,-0.18241749703884125,8
dried,uncovered,0.897216796875,0.23954430222511292,8
dripping,torn,-1.8536376953125,0.05210511386394501,8
drops,drops,2.9150390625,-0.23755282163619995,8
dry,rustling,-0.51483154296875,0.2728407382965088,8
dry,shining,1.9603118896484375,0.41324371099472046,8
dye,tool,2.0859375,-0.04087159037590027,8
earlier,earlier,0.0307464599609375,0.3971824049949646,8
earlier,later,0.56396484375,0.2303992509841919,8
earnest,sharp,-1.7718505859375,0.40782105922698975,8
earnestly,fiercely,5.05126953125,-0.08994265645742416,8
earnestly,vehemently,1.40924072265625,0.24297595024108887,8
ears,head,1.867431640625,0.19383913278579712,8
ears,noses,-2.3675537109375,0.11676289141178131,8
eastbound,westbound,3.4788818359375,-0.09604239463806152,8
easter,easter,-0.796875,-0.4092281460762024,8
electricity,magnetism,2.0315093994140625,-0.2674627900123596,8
electricity,oil,-0.6953125,0.03154647350311279,8
electricity,power,-2.2373046875,-0.17422878742218018,8
emotional,rational,-2.552337646484375,0.0664430558681488,8
empty,forlorn,2.787109375,0.057936519384384155,8
empty,hungry,0.8203125,-0.5068373680114746,8
enjoyment,fun,-0.66357421875,-0.1750076413154602,8
enjoyment,laughing,-2.399383544921875,-0.1262565702199936,8
european,japanese,1.3055419921875,-0.24083778262138367,8
european,negro,-1.7109375,0.29576730728149414,8
evaporation,transpiration,-3.4063720703125,-0.29528579115867615,8
exact,truthful,3.27734375,0.06572990119457245,8
exasperated,rasping,-2.6497840881347656,0.0022827088832855225,8
exercise,exercise,-0.447601318359375,0.04088924825191498,8
exercise,fun,1.18402099609375,-0.027908720076084137,8
experimentor,mother,-0.5546875,-0.040318526327610016,8
exploration,travel,-1.20062255859375,-0.37462759017944336,8
explosives,flamethrowers,-0.554718017578125,-0.11979389190673828,8
extracts,tales,3.0432510375976562,-0.009079255163669586,8
fabulous,unreal,1.2130126953125,-0.18803782761096954,8
failed,failed,-5.074493408203125,0.08481262624263763,8
faintly,spasmodically,-0.8828125,0.2248152494430542,8
fairer,happier,1.3075103759765625,-0.03531986474990845,8
fallen,sorrowful,-9.73046875,0.26067131757736206,8
farther,farther,-4.1192626953125,-0.004278406500816345,8
fathers,sons,-6.163330078125,-0.2804515063762665,8
fats,oils,-1.173828125,-0.02602390944957733,8
females,young,-6.7080078125,0.13212904334068298,8
fern,moss,3.7998046875,-0.015529409050941467,8
ferns,moss,0.8896484375,-0.1207660436630249,8
fluids,rest,-2.078125,-0.19014471769332886,8
focused,sharp,-2.27294921875,0.008428961038589478,8
foggy,foul,2.9453125,0.2766016721725464,8
foolish,headstrong,0.0,0.07173116505146027,8
foolish,naughty,-3.07659912109375,-0.4113638401031494,8
foolish,rash,-1.5632519721984863,0.00018227100372314453,8
foolish,silly,-4.548095703125,-0.44455137848854065,8
foolish,young,-3.830078125,-0.058252573013305664,8
forgiving,patient,4.30712890625,-0.11925651133060455,8
found,stopped,-3.623046875,0.016299337148666382,8
frankly,freely,0.9449462890625,0.09903755784034729,8
friendships,laughing,-0.609375,-0.6209875345230103,8
frills,frills,1.3359375,0.04862332344055176,8
fruitsome,great,-0.013092041015625,-0.16629281640052795,8
fun,funny,-5.6319580078125,-0.10754865407943726,8
fun,happiness,0.47021484375,-0.4120377004146576,8
fun,joy,2.1787109375,-0.06473493576049805,8
fun,laughing,-1.09765625,-0.33470726013183594,8
fun,loose,-2.53662109375,-0.013990171253681183,8
fun,mischief,2.5740833282470703,0.10211411118507385,8
funny,laughing,1.697998046875,-0.4187973141670227,8
funny,rural,3.6749267578125,-0.08957472443580627,8
funny,smart,-0.2964439392089844,-0.09039439260959625,8
funny,spirited,-2.37890625,-0.02709122747182846,8
funny,weird,0.322265625,-0.028973370790481567,8
gabble,nonsense,1.0718460083007812,-0.07829765975475311,8
gallows,whip,-4.23870849609375,-0.02909758687019348,8
gaped,stared,2.3004150390625,0.14676234126091003,8
gasped,laughed,-0.41015625,0.13432252407073975,8
gasped,sprayed,0.158203125,0.06935389339923859,8
gasped,stared,0.1375732421875,0.1430845558643341,8
gasped,wheezed,-5.203125,0.26093485951423645,8
gentlest,meekest,4.119140625,0.023875877261161804,8
glass,pour,0.48541259765625,-0.09714202582836151,8
glee,happiness,-3.061279296875,-0.2395818531513214,8
glee,joy,3.0126953125,-0.18459028005599976,8
grandmere,mother,-2.09765625,0.19848138093948364,8
grapes,ham,2.412109375,-0.4590766429901123,8
grassland,redwood,3.2783203125,-0.07585744559764862,8
grassland,woodland,2.14324951171875,-0.021072737872600555,8
greasiness,thickness,-2.46875,0.07032725214958191,8
great,kind,2.184722900390625,0.19588130712509155,8
great,little,-3.46484375,-0.17818769812583923,8
great,mighty,-2.3359375,-0.2961784899234772,8
great,mystical,-1.62890625,-0.28080540895462036,8
great,novel,3.4619140625,-0.35379457473754883,8
great,shining,6.255859375,-0.5929971933364868,8
great,ultimate,-0.322265625,-0.20023557543754578,8
greener,greener,2.033203125,0.26945769786834717,8
gripped,powerless,0.419921875,0.20080074667930603,8
groups,individuals,-0.915283203125,-0.3118661642074585,8
grow,grow,-3.41015625,0.013139724731445312,8
grow,implant,-2.55859375,-0.07886146008968353,8
grow,spread,7.566520690917969,-0.089588463306427,8
growing,growing,-2.1611328125,-0.5124239921569824,8
growing,young,-0.4287109375,-0.11306099593639374,8
growth,jobs,-0.980712890625,-0.17979562282562256,8
guilt,sin,-2.5352630615234375,-0.16294905543327332,8
gullets,lies,2.3203125,-0.050523675978183746,8
gumbo,jambalaya,-1.12890625,-0.12590351700782776,8
ham,mushroom,0.32674407958984375,-0.001354128122329712,8
happiness,health,-1.5810546875,-0.14847730100154877,8
happiness,joy,3.008819580078125,-0.1899455189704895,8
happiness,sadness,0.057952880859375,-0.8314322233200073,8
hardy,vigorous,1.66796875,-0.07617606222629547,8
hardy,young,3.03173828125,-0.027675732970237732,8
harshness,unkindness,1.240234375,-0.4066636264324188,8
hasidic,mystical,1.338247299194336,0.16899937391281128,8
head,shoulders,-3.277099609375,-0.09650296717882156,8
headstrong,rash,-1.565338134765625,-0.17660316824913025,8
headstrong,wilful,0.5615234375,-0.019041866064071655,8
health,illness,1.9130935668945312,-0.2375500202178955,8
heard,knew,-1.0584716796875,0.30849719047546387,8
heard,laughed,0.816497802734375,0.229556143283844,8
heard,recognised,0.0625,0.23273080587387085,8
heard,smiled,-2.5018153190612793,0.2750256359577179,8
heavy,layered,3.69140625,0.35670363903045654,8
heavy,pugnacious,-2.60205078125,0.5326200127601624,8
heavy,sharp,-3.1787109375,0.2975636422634125,8
heavy,unsteady,5.8359375,-0.33105456829071045,8
helpful,kind,-2.6845703125,0.05562731623649597,8
heterogeneous,homogeneous,4.927734375,0.09890143573284149,8
holly,ivy,1.203125,0.33773183822631836,8
homogeneous,isotropic,1.1248779296875,-0.08924657106399536,8
hoped,hoped,-3.3984375,-0.10128716379404068,8
humble,serene,-1.2319183349609375,-0.08739666640758514,8
humble,sorrowful,-3.72723388671875,-0.1745910942554474,8
hundreds,hundreds,1.826171875,-0.06333306431770325,8
hungry,needy,2.33203125,-0.12007522583007812,8
hungry,young,-4.40234375,-0.2729693055152893,8
illness,surgery,-2.2784423828125,-0.2060670256614685,8
illogical,rambling,2.926084041595459,-0.031107544898986816,8
imagininary,self,-5.8935546875,-0.13979676365852356,8
indigenous,territorial,2.02734375,0.018767282366752625,8
individuals,institutions,-3.095703125,-0.05343106389045715,8
inexperience,shortcomings,-3.344697952270508,-0.0026194602251052856,8
inexperienced,young,1.728424072265625,0.11476469039916992,8
influence,power,-0.04296875,-0.09092484414577484,8
ink,oil,0.0,-0.17047737538814545,8
inquiries,reminiscences,-0.4130859375,0.18787920475006104,8
institutions,power,1.25775146484375,-0.1435038447380066,8
institutions,pupils,0.611328125,0.032913267612457275,8
iodine,tyrosine,-2.15869140625,0.003853842616081238,8
isolated,rural,-5.214942932128906,-0.35589468479156494,8
ivy,moss,2.719146728515625,-0.045206353068351746,8
jealous,selfish,0.5517578125,-0.04962298274040222,8
jobs,roads,-0.45703125,-0.05998971313238144,8
joy,power,-0.16015625,-0.05214165896177292,8
joy,rest,-0.94921875,-0.0734037458896637,8
joy,sadness,-2.546875,-0.29068809747695923,8
joy,song,-0.7646484375,-0.08978226780891418,8
joy,surprise,1.732421875,-0.08328452706336975,8
jumped,jumped,1.5263671875,0.15020078420639038,8
justice,reward,2.46533203125,0.26839011907577515,8
kind,patient,-2.7055206298828125,-0.2846962511539459,8
kind,polite,-3.288818359375,-0.16797471046447754,8
kind,righteous,-0.625,-0.21460460126399994,8
kind,smart,-1.1873779296875,-0.5276248455047607,8
kit,ropes,-5.130859375,0.27793365716934204,8
knew,respected,-0.2109375,-0.2564750909805298,8
knew,suspected,3.6788330078125,-0.044709138572216034,8
later,later,1.431640625,0.29902786016464233,8
laughed,laughed,-0.9716796875,0.1843326985836029,8
laughed,lay,-1.306640625,0.334606409072876,8
laughed,scrapped,4.185546875,0.49186480045318604,8
laughed,stopped,4.80859375,0.3009468615055084,8
laughing,laughing,1.25390625,-0.13141225278377533,8
laughing,lengthened,-0.78125,0.3732922077178955,8
laughing,nonsense,0.444549560546875,-0.13999557495117188,8
laughing,pointing,2.083343505859375,0.17287468910217285,8
laughing,snorting,4.417724609375,0.21206152439117432,8
laughing,tickled,1.12109375,0.05069270730018616,8
laughing,yelling,-3.1114654541015625,0.29050785303115845,8
laws,rules,-0.3879051208496094,-0.13683369755744934,8
laws,theories,2.5860595703125,-0.2287028431892395,8
leave,need,-0.076416015625,-0.044107481837272644,8
left,left,3.021484375,-0.3547646403312683,8
legendary,mythical,-1.06103515625,0.09987339377403259,8
lemon,oil,-3.96875,-0.09751859307289124,8
lesser,lesser,7.915771484375,0.13332688808441162,8
little,naughty,3.37109375,-0.3174225986003876,8
little,twiggy,3.8214111328125,0.07744204998016357,8
little,young,-3.80316162109375,0.06688068807125092,8
littler,littler,1.94921875,0.08340714871883392,8
lizards,spiders,2.108795166015625,-0.06421338021755219,8
lnfluence,power,1.459716796875,0.005861759185791016,8
losses,reward,-4.368915557861328,-0.08067292720079422,8
lots,lots,0.22940921783447266,-0.2921667695045471,8
lunatic,silly,1.6689453125,-0.23694157600402832,8
massages,yoga,-1.25,-0.1881275773048401,8
mechanics,use,-4.7158203125,-0.08996568620204926,8
mighty,unmistakable,-2.6845703125,-0.010573163628578186,8
mime,nonverbals,-1.0546875,0.026827439665794373,8
mime,pointing,1.672607421875,-0.10290677100419998,8
minutes,minutes,-3.861328125,-0.10674059391021729,8
miserly,squalid,3.2618789672851562,0.042418062686920166,8
moss,tussocks,-3.451171875,-0.044709667563438416,8
mother,mother,1.877471923828125,0.11613985896110535,8
mother,sons,-0.7410888671875,-0.21928998827934265,8
motorways,roads,4.25830078125,-0.04089467227458954,8
mystical,prophetic,-1.4150390625,-0.0005271434783935547,8
naive,young,4.834228515625,0.06292591989040375,8
naughty,wilful,-1.342789649963379,-0.13980357348918915,8
nearer,nearer,-2.6914215087890625,-0.3530673086643219,8
nearer,possible,-1.34375,0.09588691592216492,8
neat,petite,2.9583740234375,-0.5481792688369751,8
neat,smart,-4.527091979980469,-0.01802864670753479,8
neat,tidy,1.7422866821289062,-0.186309352517128,8
notebook,pencil,-4.0478515625,0.18433749675750732,8
novel,pleasing,-4.708984375,0.05787092447280884,8
novel,striking,-1.94970703125,-0.029690593481063843,8
nuggets,nuggets,1.6080703735351562,0.2536090612411499,8
oil,pitch,3.001953125,-0.08667103946208954,8
ones,zeroes,-0.08837890625,0.16364887356758118,8
ones,zeros,-2.1978836059570312,0.15507790446281433,8
orgies,perversions,-0.899169921875,-0.16648897528648376,8
passing,passing,-0.392578125,0.30657222867012024,8
patching,patching,0.067626953125,0.4039917588233948,8
pencil,slate,2.236083984375,0.019728422164916992,8
perceptive,rational,4.1240234375,0.060115084052085876,8
peril,toil,4.72265625,-0.30960845947265625,8
perplexed,worried,-0.15170526504516602,-0.00801771879196167,8
personable,young,4.0284423828125,0.007736295461654663,8
pie,potatoes,-5.5634765625,-0.11300615966320038,8
plants,protista,-0.66015625,0.040627866983413696,8
plants,protists,1.248779296875,-0.11291193962097168,8
plants,relatives,-1.205078125,0.3318656086921692,8
poems,sayings,0.8345565795898438,-0.2080148607492447,8
poems,tales,2.054309368133545,-0.3716222047805786,8
potatoes,stew,0.0988311767578125,-0.3387123942375183,8
pour,stir,-4.8800048828125,0.0628892034292221,8
power,power,-7.57244873046875,-0.3721374273300171,8
preteens,teenagers,4.234375,0.03479325771331787,8
programs,protocols,-3.630859375,0.139723539352417,8
protesting,rioting,2.5302734375,0.031177639961242676,8
puking,shock,-1.7602081298828125,-0.2804551124572754,8
purtier,purtier,1.513671875,-0.43834584951400757,8
quake,shake,1.3984375,0.17416393756866455,8
quicksand,swamp,12.53125,-0.23437784612178802,8
rasping,scraping,1.2951889038085938,0.2553260326385498,8
rational,smart,-0.24609375,-0.19713479280471802,8
realistic,striking,-2.310546875,0.046420857310295105,8
rebelling,rioting,8.866241455078125,0.12279275059700012,8
recover,rest,1.0595703125,0.3672793209552765,8
refreshing,rest,1.65478515625,-0.13172298669815063,8
refreshing,unmistakable,5.176212310791016,-0.02704499661922455,8
rehab,rest,-4.42657470703125,0.3967001438140869,8
rehydrate,rest,0.52978515625,0.3423379063606262,8
rein,whip,-0.939453125,0.12180337309837341,8
replenish,rest,-2.86328125,0.17416822910308838,8
restarted,stopped,5.59476375579834,0.011555016040802002,8
rhyme,rune,3.5819778442382812,-0.23217704892158508,8
rigging,sails,-2.4755859375,0.03325359523296356,8
rigging,spars,-3.275390625,0.06926241517066956,8
rolling,wheeled,-4.443359375,0.014016583561897278,8
rolling,yelling,0.8828125,0.19047477841377258,8
ropes,sails,-0.2781839370727539,-0.047386638820171356,8
ropes,spars,-5.337890625,0.17311540246009827,8
rows,rows,-1.78515625,-0.09142257273197174,8
rub,rub,-4.180908203125,0.24601712822914124,8
rustling,snuffling,-2.099609375,-0.06690867245197296,8
sadness,stillness,2.0009765625,-0.20835235714912415,8
sandstorms,whirlwinds,-1.57281494140625,-0.17837615311145782,8
saved,saved,-0.1171875,0.42393016815185547,8
scold,scold,2.240234375,0.6768342852592468,8
scratched,scratched,-1.72802734375,0.48861777782440186,8
screw,struggle,-1.50732421875,0.31916385889053345,8
seedy,stressful,0.1983642578125,-0.057271942496299744,8
seesaw,swing,4.083984375,0.10435594618320465,8
selfish,wilful,-3.3922882080078125,-0.09187297523021698,8
sharp,spirited,-1.9655113220214844,-0.0992184430360794,8
shipping,transport,1.8624267578125,0.12005963921546936,8
sin,wickedness,2.4971923828125,-0.512843132019043,8
smart,young,-0.494140625,-0.1862117201089859,8
smiled,smiled,-1.072265625,0.03032912313938141,8
smiled,stared,-1.54296875,0.17900410294532776,8
sorrowful,stolen,0.16015625,0.1847933530807495,8
spies,traitors,-0.7747802734375,-0.2779708206653595,8
sporadic,weird,1.1796875,-0.20931166410446167,8
spread,spread,-2.533203125,0.013473540544509888,8
stalwart,vigorous,2.279296875,0.03997214138507843,8
stared,stared,-0.06005859375,0.41092807054519653,8
stared,stopped,0.800048828125,0.38973820209503174,8
stopped,wheeled,-3.4395217895507812,0.15047192573547363,8
stunning,young,0.01025390625,0.010844290256500244,8
sucking,sucking,-3.935546875,-0.013586565852165222,8
superficial,superficial,-1.0654296875,-0.21844667196273804,8
swing,swing,3.20703125,0.15917745232582092,8
third,third,-0.3408203125,0.056491583585739136,8
thus,thus,-3.350433349609375,0.3301505446434021,8
tolerance,unity,-2.791015625,0.12214496731758118,8
tourists,vagrants,3.958984375,0.044624507427215576,8
tourists,visitors,2.498046875,0.08533498644828796,8
untrained,unwarlike,1.55181884765625,-0.0721803680062294,8
untrained,young,2.27587890625,0.011674419045448303,8
untried,young,-0.265625,-0.04606714844703674,8
use,washing,1.708892822265625,0.08627602458000183,8
use,yardage,-2.119140625,-0.011234477162361145,8
vigorous,young,5.72393798828125,-0.024576328694820404,8
viral,young,0.27197265625,-0.038341209292411804,8
watches,websites,-3.482421875,-0.039473384618759155,8
waving,yelling,1.998046875,0.2381255328655243,8
wondered,wondered,3.283203125,0.05518558621406555,8
wuss,wuss,-3.505859375,0.2668665051460266,8
aboriginal,natural,1.80322265625,-0.01400671899318695,9
absolute,real,1.4279899597167969,-0.14932720363140106,9
absolute,rich,-0.1640625,0.05798913538455963,9
acquired,natural,0.283203125,-0.11103470623493195,9
actual,real,-1.2982177734375,-0.24939186871051788,9
admirable,exciting,-2.666015625,-0.28344595432281494,9
admirable,fine,1.86328125,-0.15543323755264282,9
admiration,respect,0.673828125,-0.03580392897129059,9
admiration,wonder,0.26416015625,-0.05311603099107742,9
adventurers,explorers,2.513275146484375,0.3798093795776367,9
affirmative,negative,-6.42919921875,-0.11693991720676422,9
affrighted,fled,-0.5792236328125,-0.2751970887184143,9
affrighted,trembling,0.146484375,-0.16679836809635162,9
ages,ages,-0.6990395784378052,0.07912935316562653,9
aggression,appeasement,-1.9779739379882812,0.09719200432300568,9
aggression,kindness,-1.2666015625,-0.007356233894824982,9
aging,frail,-5.2294921875,0.0024110227823257446,9
ambulances,generators,0.947265625,0.3215599060058594,9
amusing,exciting,0.57275390625,0.0017056912183761597,9
ancient,due,-1.35546875,-0.11418433487415314,9
ancient,rich,1.083892822265625,0.18126261234283447,9
antibacterial,antiviral,-0.8268489837646484,-0.12305490672588348,9
arabesques,sprigs,0.470428466796875,0.24205537140369415,9
armenian,jewish,0.291015625,0.10162441432476044,9
arms,breasts,3.1744384765625,0.29298073053359985,9
arthritis,psoriasis,-0.8428875207901001,-0.1882750242948532,9
artifacts,attributes,-1.943359375,-0.08010925352573395,9
asian,asian,-5.25821590423584,-0.005001373589038849,9
asian,portuguese,1.138671875,-0.42857658863067627,9
asian,shit,-2.363800048828125,-0.08581326901912689,9
aunt,grandmamma,0.989227294921875,0.010799780488014221,9
axe,knife,-2.2822265625,0.09589323401451111,9
babbling,noises,-1.34130859375,-0.3617357611656189,9
bacteria,parasites,-0.98773193359375,-0.14580050110816956,9
baked,crumbling,-0.9541492462158203,0.0004076361656188965,9
balloons,kites,-0.69921875,-0.0757480263710022,9
bananas,plantains,-1.50390625,-0.12410277128219604,9
banding,convection,3.251953125,0.07455792278051376,9
bats,slings,1.3613166809082031,-0.1361604481935501,9
bayou,forest,-0.802734375,0.04861690104007721,9
beams,boards,-2.31640625,0.256774365901947,9
beef,gravy,-3.7421875,-0.06394271552562714,9
befurbelowed,beruffled,-0.115234375,0.0022221654653549194,9
behaviour,effort,2.953125,-0.2544030547142029,9
behold,despair,1.67919921875,-0.09518419206142426,9
beneficial,safe,-3.119140625,0.023696254938840866,9
berries,drupes,-2.33203125,0.09149076789617538,9
berries,fruits,0.74609375,0.3653402328491211,9
berries,leaves,-2.14453125,0.15864451229572296,9
berries,orange,2.51953125,0.21276737749576569,9
berries,seeds,-1.751953125,0.4190313220024109,9
beryls,turquoises,7.788970947265625,0.029581546783447266,9
bitten,transformed,0.68798828125,0.01278657466173172,9
bizarre,genuine,-10.4278564453125,0.06403191387653351,9
blight,sickness,-1.887939453125,-0.09063348174095154,9
blotches,pimples,-3.22119140625,-0.05833028256893158,9
blundering,sinning,2.358963966369629,-0.29391390085220337,9
blushes,smiles,0.0,-0.12110273540019989,9
botany,zoology,-1.3115234375,0.017282187938690186,9
boughs,leaves,-0.05859375,-0.20389224588871002,9
bounty,luck,-1.582855224609375,-0.10376016795635223,9
brooks,hills,4.16796875,0.36036068201065063,9
broom,ponytail,2.7525634765625,-0.09990505874156952,9
brotherly,sisterly,3.1363525390625,-0.12208138406276703,9
bubble,froth,-3.283203125,-0.2272072285413742,9
bubble,melt,-2.1860504150390625,-0.2544538974761963,9
burglars,tramps,-4.958984375,0.1940247267484665,9
by,by,2.0927734375,-0.19582603871822357,9
cables,switches,4.488252639770508,0.09373098611831665,9
cajole,push,-4.17578125,0.08740469813346863,9
calming,cooling,-2.388671875,0.021854236721992493,9
capelin,launce,-2.59771728515625,0.14927175641059875,9
carefully,cautiously,-0.929718017578125,0.13849107921123505,9
carelessly,innocently,-5.96484375,-0.08800554275512695,9
censure,reproach,-1.16015625,-0.08372558653354645,9
cha,mot,-0.9454345703125,-0.11001743376255035,9
chair,cover,0.232421875,-0.4777236580848694,9
chair,cowboy,2.5576171875,-0.129089817404747,9
chair,door,0.2265625,-0.500137209892273,9
chairs,settees,8.0546875,0.055516764521598816,9
charcoal,wire,5.271484375,0.0012976303696632385,9
charity,kindness,0.19054794311523438,0.17988333106040955,9
cheaply,easily,-1.313720703125,0.11541025340557098,9
chewing,swallowing,4.69127082824707,-0.02038368582725525,9
chill,gloom,-1.26171875,-0.025126293301582336,9
chill,penetrating,-2.416748046875,-0.0030838847160339355,9
chilling,hard,-2.429443359375,-0.11947618424892426,9
chips,sausage,5.3076171875,0.05054289847612381,9
choke,cough,-1.2265625,0.03545493632555008,9
cigarettes,coffee,1.138671875,0.08635041117668152,9
circled,circled,-0.2872428894042969,0.04777239263057709,9
cj,vf,0.658203125,-0.11548322439193726,9
cleanse,purify,-0.1328125,-0.1997641772031784,9
clouds,convection,-1.889404296875,0.35107421875,9
clouds,mist,2.21282958984375,0.08334650099277496,9
clouds,surf,-4.69873046875,-0.13071013987064362,9
coatings,semiconductors,0.674285888671875,-0.081212118268013,9
coffee,conversation,2.23486328125,0.019770018756389618,9
coffee,cookies,-1.076171875,-0.1416778713464737,9
coffee,more,-2.359130859375,0.02648685872554779,9
coffee,shit,0.888671875,-0.06320406496524811,9
coke,shit,-2.9267578125,-0.028042256832122803,9
collected,cool,2.0546875,0.08872232586145401,9
collected,correlated,-1.1904296875,0.0906694084405899,9
color,shape,-3.10888671875,-0.007750943303108215,9
color,warmth,-0.6389865875244141,-0.25678038597106934,9
combustion,corrosion,-4.818115234375,-0.12381836771965027,9
combustion,respiration,1.955078125,-0.18486575782299042,9
complications,mortality,4.88433837890625,-0.16937869787216187,9
computered,transcribed,-1.78125,0.07113206386566162,9
concerts,nightclubs,-1.220489501953125,0.18668624758720398,9
condensed,distilled,2.08154296875,-0.10113026201725006,9
confessed,killed,-2.328125,-0.2714715003967285,9
confiding,tender,-3.1522216796875,0.235678032040596,9
conspiracies,plots,-2.37109375,0.05914049595594406,9
constantly,hard,2.5797119140625,0.048052094876766205,9
contented,happy,3.08642578125,0.08154185116291046,9
contented,thankful,-0.55029296875,0.1977832168340683,9
contrary,ungrateful,0.8317451477050781,-0.10955680906772614,9
controlled,natural,1.005859375,-0.04453723132610321,9
cool,cool,2.93359375,0.13395464420318604,9
cool,hard,-0.022705078125,0.07296857237815857,9
cool,harden,5.119140625,-0.13525737822055817,9
cool,lovely,0.4833984375,0.09106171131134033,9
cool,shadowy,0.83221435546875,0.06845340132713318,9
cool,short,-2.5029296875,0.07147306203842163,9
cool,warm,6.13043212890625,0.09823715686798096,9
cool,wetting,1.7448348999023438,0.0727711170911789,9
cordial,warm,-2.470703125,-0.09428247809410095,9
corrosion,electrochemistry,-1.1209373474121094,-0.03231818974018097,9
corrupted,rich,-8.4327392578125,0.14864853024482727,9
cough,cough,2.919921875,0.17883186042308807,9
cowed,trembling,1.29833984375,-0.3048393726348877,9
crabs,periwinkles,-1.6494827270507812,0.08897315710783005,9
created,destroyed,0.388671875,0.12174516916275024,9
created,directed,6.75390625,-0.039150260388851166,9
cries,cries,0.0791015625,-0.01369456946849823,9
cries,falls,-2.1953125,-0.29027295112609863,9
cries,jeers,-2.243499755859375,0.11864471435546875,9
cries,noises,3.6689453125,0.08540645241737366,9
crumbling,dirty,0.42572021484375,-0.14524225890636444,9
crumbs,water,0.5980224609375,-0.18108437955379486,9
dams,railroads,4.8285017013549805,0.21741870045661926,9
dbottle,teapot,2.4703369140625,-0.41782718896865845,9
decorating,unpacking,-0.46044921875,0.2251148670911789,9
dedicated,hard,0.27099609375,0.06901530176401138,9
dedicated,talented,1.0097198486328125,0.14762051403522491,9
deepest,finest,2.912109375,-0.023840539157390594,9
defiled,killed,1.211181640625,0.1990746408700943,9
deliberation,skill,-0.564453125,0.10951834172010422,9
demeanor,speech,1.1013011932373047,-0.2529146075248718,9
deposed,fled,-3.31103515625,0.17706787586212158,9
designs,prototypes,5.046875,0.14583918452262878,9
desk,door,0.0965576171875,-0.4236036539077759,9
desolate,pitiful,-3.4076385498046875,-0.1709187626838684,9
despair,gloom,2.1917724609375,0.2594913840293884,9
despair,weariness,-6.435546875,0.042311519384384155,9
destroyed,plundered,-0.3277263641357422,0.004642367362976074,9
die,go,1.34619140625,0.21538083255290985,9
die,live,5.180152893066406,-0.08917014300823212,9
die,overheat,2.466796875,-0.16034747660160065,9
die,pine,-0.765625,0.03620325028896332,9
die,sicken,-0.0947265625,0.11506831645965576,9
dimms,processors,-0.4556846618652344,0.01641116663813591,9
dipping,lifting,-0.3251953125,0.15161408483982086,9
directed,founded,6.130859375,0.2713099420070648,9
dirtiest,hardest,0.35546875,0.022973477840423584,9
dirty,dirty,-2.6474609375,0.16741760075092316,9
dirty,dumpy,-1.16748046875,0.05258072912693024,9
dirty,filthy,-2.98248291015625,0.05832308530807495,9
dirty,hard,2.255859375,-0.03885221481323242,9
dirty,mane,0.76416015625,-0.07685038447380066,9
disappear,evaporate,1.263671875,0.19878286123275757,9
displeased,grieved,-0.8671875,0.11143055558204651,9
displeased,mortified,0.5450439453125,0.036009252071380615,9
donkey,shrek,-4.2421875,0.09895937889814377,9
door,wall,-0.9703826904296875,-0.2085336595773697,9
due,proper,-0.519775390625,0.015960611402988434,9
dumpy,listless,7.30078125,0.08775390684604645,9
dumpy,short,-0.3125,0.07435852289199829,9
dwarves,elves,2.403076171875,0.33814114332199097,9
dwarves,midgets,4.056640625,-0.13815145194530487,9
dying,wounded,-4.951171875,-0.10709799826145172,9
easily,naturally,4.6640625,0.23713594675064087,9
eels,soles,2.4599609375,-0.07756008207798004,9
elastic,sticky,-0.794921875,-0.4894043803215027,9
elated,happy,1.007080078125,0.19045668840408325,9
elves,gnomes,-1.7460670471191406,0.301312118768692,9
embalming,mummification,5.72796630859375,0.05984155833721161,9
engaging,speaking,1.22802734375,0.026512205600738525,9
enterprising,hard,-4.61328125,0.1244804784655571,9
erases,sponge,0.451171875,-0.23478995263576508,9
escape,flight,0.91796875,0.40828073024749756,9
escape,return,-0.0185546875,0.04997408390045166,9
escape,safety,1.1829833984375,0.3483603000640869,9
evidence,procedure,-0.88671875,-0.07853774726390839,9
exchanged,recycled,-1.56201171875,0.05663272738456726,9
exciting,hard,-5.340362548828125,0.12426847964525223,9
exciting,severe,-0.4434623718261719,0.09629437327384949,9
exile,poverty,2.583984375,-0.06691223382949829,9
existing,projected,-1.00537109375,0.20897988975048065,9
explore,go,1.6318359375,0.30608469247817993,9
explorers,sailors,0.068359375,0.4128647446632385,9
faint,indistinct,3.25433349609375,-0.03313499689102173,9
faint,lovely,-0.265625,0.05075681954622269,9
faithless,perverse,1.40234375,0.012369751930236816,9
falls,trips,2.634765625,-0.14822742342948914,9
favour,kindness,-1.300537109375,-0.06435753405094147,9
feasts,sake,6.4150390625,0.35355234146118164,9
fences,sheds,3.1962890625,-0.03034031391143799,9
fertilizer,seeds,6.16949462890625,0.1411297470331192,9
few,scattering,0.66802978515625,0.19829203188419342,9
few,short,-1.32470703125,0.27055925130844116,9
fia,mot,1.7265625,-0.09636880457401276,9
fidelity,luck,0.869140625,-0.19811208546161652,9
field,flood,0.546875,-0.18565617501735687,9
field,forest,-1.3642578125,-0.06531274318695068,9
figures,lights,2.951629638671875,-0.18530045449733734,9
filthy,yonkers,0.594482421875,0.3233872056007385,9
finally,then,-3.1235694885253906,0.08286529034376144,9
fine,flyaway,0.505859375,0.009077392518520355,9
fine,lovely,-0.618927001953125,0.007997065782546997,9
fine,loyal,-8.9384765625,0.006393961608409882,9
fine,pretty,4.015625,0.18533261120319366,9
fine,warm,-3.513671875,-0.11406426131725311,9
finest,hardest,0.93359375,-0.008211880922317505,9
firm,hard,0.9900016784667969,-0.020551472902297974,9
firm,unyielding,-1.595703125,-0.08210082352161407,9
fled,gone,5.8203125,0.010731551796197891,9
flint,rubble,-2.840348243713379,-0.04476255178451538,9
flint,stone,-1.998046875,-0.12592165172100067,9
flow,flow,0.744140625,0.12479580193758011,9
following,safety,-0.703369140625,0.15519621968269348,9
fondness,respect,1.0537948608398438,0.12120015919208527,9
forbearance,patience,0.43646240234375,0.1467878520488739,9
forest,plain,2.34130859375,0.17967261373996735,9
forest,stream,-2.03826904296875,0.39535075426101685,9
fornication,matchmaking,0.0380859375,0.354560911655426,9
forward,return,-4.623779296875,0.3601726293563843,9
frail,pretty,0.110595703125,0.19287623465061188,9
freckles,shit,-7.364990234375,0.1071069985628128,9
fruits,leaves,-0.15350341796875,-0.15574337542057037,9
fruits,seeds,-0.169921875,-0.05168743431568146,9
frustration,research,-2.99102783203125,-0.0314582884311676,9
funnier,funnier,-3.03173828125,-0.07625278830528259,9
fussily,noisily,-2.60064697265625,0.15553677082061768,9
gasping,singed,4.70654296875,0.08333005011081696,9
gasping,trembling,0.283203125,-0.04405823349952698,9
gazed,gazed,0.9208984375,-0.20640410482883453,9
gazed,sympathized,-2.013671875,0.051532551646232605,9
gentle,loyal,-1.1492767333984375,-0.14946703612804413,9
gentle,pretty,-2.4784436225891113,0.061377812176942825,9
gentle,refined,-0.094970703125,0.0011945292353630066,9
gentle,safe,0.630859375,-0.05032888054847717,9
gentle,tender,5.24267578125,0.05656062811613083,9
gentle,valiant,1.81842041015625,-0.2300940304994583,9
gentle,warm,0.0,-0.10011669993400574,9
gerken,leigh,-5.845703125,0.10822784900665283,9
gloom,unhappiness,0.0380859375,-0.20940203964710236,9
gnomes,pixies,-1.7794189453125,0.16327007114887238,9
go,go,0.378173828125,0.014797329902648926,9
go,grumble,-0.323486328125,-0.008191309869289398,9
go,inquire,-6.406137466430664,0.07971197366714478,9
go,live,-0.365234375,-0.0023343712091445923,9
go,push,-2.58984375,0.09897357225418091,9
go,return,1.46484375,0.12422764301300049,9
go,sleep,-1.9873046875,-0.025476522743701935,9
go,switch,5.548828125,0.23501093685626984,9
goatees,tattoos,6.263671875,0.34516966342926025,9
golden,pink,-0.10791015625,0.008536100387573242,9
golden,rosy,1.0026092529296875,-0.19705848395824432,9
golden,warm,1.37652587890625,0.0209612175822258,9
gone,vanished,2.4921875,0.42394429445266724,9
grasslands,woodlands,4.365791320800781,0.09402590990066528,9
gravy,starch,1.33984375,-0.34608566761016846,9
guitarist,keyboardist,1.13671875,0.032262787222862244,9
half,half,-0.4443359375,-0.12024697661399841,9
half,inch,0.8254585266113281,-0.14118660986423492,9
hall,saw,-2.09765625,0.3283921480178833,9
hammer,saw,-0.2529296875,-0.4211873412132263,9
hammer,screwdriver,-3.0807809829711914,-0.38565635681152344,9
happy,harmonious,-1.216827392578125,0.060942135751247406,9
happy,hurt,0.5810546875,0.05143532156944275,9
happy,natural,3.533203125,-0.2067326158285141,9
happy,pretty,2.97265625,-0.01051241159439087,9
happy,proper,-1.501953125,-0.01337587833404541,9
happy,rich,-1.310302734375,0.23366810381412506,9
happy,rosy,-5.248268127441406,-0.2116789072751999,9
happy,safe,-0.273895263671875,0.03933635726571083,9
happy,thankful,-0.5703125,0.09752090275287628,9
happy,there,-3.3847808837890625,-0.13563984632492065,9
happy,warm,-3.4375,0.01480202004313469,9
hard,harsh,3.1416015625,-0.14768089354038239,9
hard,heartless,1.740234375,-0.0600387305021286,9
hard,painful,2.5802001953125,5.445629358291626e-05,9
hard,severe,2.4677734375,0.014880292117595673,9
hard,square,0.41796875,0.13716822862625122,9
hard,tiresome,-2.5595703125,0.053954172879457474,9
hard,trying,-2.27496337890625,0.06585567444562912,9
hard,unyielding,0.3289937973022461,-0.1975572556257248,9
harsh,unfair,-0.6083984375,-0.3707990050315857,9
harsh,unpleasing,2.9560394287109375,-0.034682996571063995,9
hawks,kites,-1.2568359375,-0.051105841994285583,9
hawks,owls,1.80859375,0.25913363695144653,9
haze,mist,1.587890625,-0.19708453118801117,9
hearing,speech,2.1292724609375,0.15141361951828003,9
heartless,unsentimental,-1.251220703125,-0.17528973519802094,9
hills,lakes,-2.20751953125,0.22130967676639557,9
hills,streams,-1.739501953125,0.33681660890579224,9
home,live,4.0546875,-0.15135784447193146,9
home,safety,2.08984375,0.08405861258506775,9
home,ship,-3.5146484375,-0.2596227526664734,9
home,there,-3.123046875,0.03745307773351669,9
homeless,wandering,0.0,0.02849660813808441,9
hoots,jeers,-1.5810546875,0.11936365067958832,9
hoping,trying,0.0,0.28995323181152344,9
hoping,waiting,-5.376953125,0.05433297157287598,9
hunted,hunted,1.2202835083007812,0.06226140260696411,9
hunted,rose,-4.018646240234375,0.1347154825925827,9
hurt,killed,-1.2236328125,0.5351088643074036,9
hurt,unhappiness,-2.4252471923828125,-0.18798322975635529,9
hurt,wounded,-2.515625,0.2413610816001892,9
hydrogen,rubidium,-0.842559814453125,0.07337772101163864,9
ignorance,poverty,1.41796875,0.035305455327034,9
ignorance,sloth,1.1626739501953125,-0.24803529679775238,9
inconsiderate,irresponsible,0.92626953125,-0.13157980144023895,9
innocently,naturally,-3.0908203125,-0.007078602910041809,9
institutional,structural,-1.083984375,-0.13603109121322632,9
insubordination,treason,0.0306396484375,-0.06157432496547699,9
insurrection,treason,-3.64453125,-0.23690281808376312,9
intrapreneurial,startup,0.40753173828125,-0.1784496158361435,9
irresponsible,sadic,-3.841796875,-0.11117364466190338,9
jewish,muslim,1.228515625,-0.1796731799840927,9
jewish,polish,0.07252240180969238,0.1452922224998474,9
judy,punch,3.70703125,0.0036031752824783325,9
jumping,tossing,0.8929901123046875,0.031936392188072205,9
killed,mutilated,3.587158203125,0.339413046836853,9
killed,trapped,0.7568359375,0.41500324010849,9
killed,vanished,-0.048828125,0.2881659269332886,9
killed,wounded,2.3935546875,-0.0630919337272644,9
kilograms,pounds,2.205078125,-0.0525086373090744,9
kindness,respect,3.8805389404296875,0.1567165106534958,9
kindness,teaching,3.537109375,-0.11385028064250946,9
kindness,understanding,-0.498046875,-0.04935825616121292,9
kisses,smiles,3.0234375,0.24902524054050446,9
knights,soldiers,-1.04052734375,0.19986021518707275,9
lakes,streams,-8.9453125,0.2746036648750305,9
layers,layers,5.2265625,0.3225521445274353,9
leagues,leagues,-1.4853515625,0.20386983454227448,9
leaping,taunting,-0.75146484375,-0.142038494348526,9
leaping,vaulting,0.90704345703125,-0.2408878654241562,9
leaves,primroses,1.27734375,0.03685470670461655,9
lecturing,teaching,2.1904296875,0.2849712371826172,9
lifting,shaking,0.423828125,-0.08738373219966888,9
lights,noises,2.64453125,0.25942933559417725,9
lights,ornaments,-0.5125732421875,0.2712165415287018,9
listless,uninterested,-2.19873046875,-0.1228765994310379,9
literal,plain,-1.13140869140625,-0.2732086181640625,9
live,sleep,-2.213958740234375,0.08006453514099121,9
lotions,splints,3.36083984375,-0.062426209449768066,9
lovable,lovely,0.900390625,0.05239307880401611,9
lovable,warm,1.107421875,-0.16118285059928894,9
lovely,real,0.42315673828125,-0.22109444439411163,9
lovely,talented,-1.423828125,-0.07039757072925568,9
lovely,tender,5.974609375,0.026776984333992004,9
lovely,warm,3.5078125,-0.029532983899116516,9
lovingly,submissively,-1.923828125,0.06396971642971039,9
lovingly,warmly,-3.6534423828125,-0.10791835188865662,9
luck,skill,-5.015625,0.22411847114562988,9
magic,wonder,3.296875,-0.09481535851955414,9
main,orignal,0.857269287109375,0.025143805891275406,9
major,minor,3.185455322265625,-0.058634042739868164,9
marches,protests,0.3502197265625,-0.010340504348278046,9
medication,therapy,-0.916015625,-0.06260286271572113,9
microscopes,telescopes,-4.80859375,0.01905064284801483,9
miles,miles,6.772591590881348,0.1609857678413391,9
misfortune,poverty,1.509765625,0.0709562823176384,9
modifying,updating,4.9609375,-0.0495457723736763,9
mold,pat,-0.0689697265625,0.013399317860603333,9
monkeys,shit,-1.11102294921875,-0.07596199214458466,9
more,more,2.1865234375,0.04176873713731766,9
mortar,stone,-1.716796875,0.14424513280391693,9
mot,smiles,1.34307861328125,-0.11212100088596344,9
motionless,prone,-1.88787841796875,0.058993831276893616,9
murder,treason,-7.1015625,0.02129991725087166,9
name,shape,2.09893798828125,0.29490843415260315,9
narrower,shorter,0.96014404296875,0.09447580575942993,9
natural,proper,0.7484130859375,-0.019555799663066864,9
natural,safe,0.400390625,-0.3150221109390259,9
natural,synthetic,-0.4921875,-0.08053119480609894,9
natural,unconcerned,2.091796875,0.04869316890835762,9
neater,neater,1.77392578125,-0.01572480797767639,9
needles,silks,3.3125,0.010898888111114502,9
needles,thimbles,-2.54296875,0.058252617716789246,9
negative,positive,-0.41290283203125,-0.1242976039648056,9
negative,substandard,3.82421875,0.05233696848154068,9
night,sunlight,5.302734375,0.3825855851173401,9
nouns,pronouns,-0.791015625,0.03706713020801544,9
oblong,square,1.2073974609375,0.03729589283466339,9
olios,tarts,-3.5693359375,0.3345996141433716,9
orange,pineapple,0.61309814453125,-0.1403128057718277,9
orange,pink,1.587890625,0.1064452975988388,9
oranges,wine,0.5498046875,0.24977536499500275,9
ornaments,slides,-0.4375,-0.17961297929286957,9
override,unlock,3.63671875,-0.13662327826023102,9
painful,pitiful,-0.625,-0.07859961688518524,9
painful,severe,3.893280029296875,0.05391751602292061,9
participation,victories,-2.29412841796875,-0.19320981204509735,9
pine,spruce,-2.685546875,0.031065139919519424,9
plain,pretty,0.0615234375,-0.12144714593887329,9
plain,square,2.49041748046875,-0.05904147028923035,9
plain,unattractive,1.227325439453125,-0.08012901246547699,9
plenty,plenty,-2.031494140625,-0.06329149007797241,9
plenty,warmth,1.52978515625,0.09508899599313736,9
plotting,scheming,1.48046875,0.1759122610092163,9
policemen,reporters,-3.9677734375,0.2688383460044861,9
policemen,soldiers,-0.8824462890625,0.2842848300933838,9
policies,procedures,-0.962890625,-0.13218025863170624,9
policies,programmes,-2.7744140625,0.08446437120437622,9
pondered,pondered,6.1955718994140625,0.39505839347839355,9
pounds,pounds,0.3832235336303711,-0.1381443738937378,9
pounds,throbs,-0.76171875,-0.04737016558647156,9
pretty,refined,2.846923828125,-0.03806886821985245,9
pretty,safe,1.959259033203125,-0.12129698693752289,9
prim,proper,0.250244140625,0.04415705054998398,9
primed,waiting,0.8712158203125,-0.311496376991272,9
procedure,structures,-5.03515625,-0.1277909278869629,9
projects,texts,0.04296875,0.30122074484825134,9
proper,safe,-1.55322265625,0.09681537002325058,9
proposals,recommendations,2.271484375,0.1698993742465973,9
protests,texts,0.05322265625,0.11606603860855103,9
prowess,skill,2.47265625,0.16624870896339417,9
pry,push,-2.308013916015625,0.12683367729187012,9
pushback,taxi,-0.695068359375,0.28756463527679443,9
question,wonder,-1.53515625,0.04746156185865402,9
ragtags,scum,7.704132080078125,0.18932054936885834,9
railroads,utilities,1.78515625,0.23160740733146667,9
real,symbolic,0.1025390625,0.10078831762075424,9
real,valid,-0.5910530090332031,-0.27103954553604126,9
rent,taxes,1.064453125,0.17192980647087097,9
reproach,strife,1.0159912109375,-0.24066726863384247,9
research,teaching,1.919952392578125,0.44241654872894287,9
resinous,vitreous,0.8817138671875,0.00334785133600235,9
respect,understanding,-0.375,0.18451526761054993,9
results,scores,-3.727513313293457,0.02872774377465248,9
return,sleep,0.3621826171875,0.14209392666816711,9
rich,rich,-4.939453125,0.07769869267940521,9
rich,warm,-0.055988311767578125,-0.023828499019145966,9
richer,richer,3.548828125,-0.018271982669830322,9
riflemen,soldiers,1.787109375,0.27649062871932983,9
rockholes,streams,3.470794677734375,0.045247115194797516,9
roped,tied,2.5377044677734375,-0.13412275910377502,9
rose,rose,0.63525390625,-0.10902626812458038,9
rose,waxed,-0.529296875,-0.3781638741493225,9
rosy,warm,-3.685546875,-0.16241711378097534,9
rubble,spoil,-0.037841796875,0.28126758337020874,9
sadder,sadder,-1.857421875,-0.10442394018173218,9
safe,sheltered,12.05255126953125,0.1970054805278778,9
safe,warm,-0.28079986572265625,0.12034213542938232,9
safety,security,-1.796875,-0.0909498929977417,9
sailors,soldiers,2.0692138671875,0.26999300718307495,9
savory,tender,-2.001953125,0.0395493321120739,9
saw,shrieked,-2.753204345703125,0.18852059543132782,9
scalded,smashed,0.341796875,0.029474645853042603,9
scholars,soldiers,-2.720703125,0.4609794020652771,9
scholars,sultans,0.2744140625,0.1604764312505722,9
seamen,soldiers,3.216796875,0.1877802312374115,9
seclusion,shyness,2.0052642822265625,-0.058822840452194214,9
security,warmth,0.322265625,0.44861793518066406,9
seeds,shit,2.86767578125,0.09664614498615265,9
severe,unaccustomed,-1.294921875,-0.1684076488018036,9
shanties,sheds,0.46533203125,-0.253929078578949,9
short,snappish,1.747314453125,0.040895238518714905,9
short,square,-2.3287353515625,0.10399596393108368,9
short,stubby,-1.27362060546875,-0.14611893892288208,9
short,thickly,-4.8671875,0.260494589805603,9
shorter,shorter,0.58062744140625,0.04699007421731949,9
silences,speech,2.268310546875,0.13901033997535706,9
singly,then,-0.9677734375,0.11293481290340424,9
sinning,sinning,-2.1806640625,-0.08391612768173218,9
sister,twin,-1.14306640625,-0.12804120779037476,9
sleep,sleep,3.2232666015625,0.20019757747650146,9
sleepier,sleepier,-2.049072265625,0.07951296120882034,9
smiles,sobs,0.837890625,-0.31536298990249634,9
smiles,waves,0.884765625,-0.30347275733947754,9
sniffed,sniffed,-1.359375,0.10528378188610077,9
soap,water,-1.421875,-0.09859953820705414,9
sole,undivided,-1.361572265625,-0.12364694476127625,9
sorry,thankful,-1.8807373046875,-0.07060062885284424,9
speech,swallowing,0.86279296875,0.24308589100837708,9
squeeze,squeeze,1.58203125,-0.11782455444335938,9
squirming,struggling,3.300933837890625,0.1738864630460739,9
sticky,warm,-1.7275390625,-0.1588367372751236,9
subjective,symbolic,4.1640625,0.08858241140842438,9
sunlight,water,0.021484375,0.3095504641532898,9
swifter,swifter,-1.44049072265625,-0.25399136543273926,9
then,then,0.2742767333984375,0.20285850763320923,9
then,there,1.0859375,0.18949593603610992,9
there,there,-2.576171875,0.17433486878871918,9
tied,wrapped,4.310417175292969,-0.02517065405845642,9
tiresome,trite,-1.7114410400390625,0.07804148644208908,9
tons,tons,5.239501953125,0.2670576274394989,9
trembling,twitching,1.521484375,-0.04883795231580734,9
trembling,waiting,-5.478515625,0.1892300844192505,9
trying,trying,-6.177734375,0.14786048233509064,9
twirled,twirled,-0.3808441162109375,-0.012318797409534454,9
vanished,vanishing,1.96484375,0.44528818130493164,9
victual,water,-3.03466796875,-0.06600214540958405,9
waiting,waiting,-4.024505615234375,-0.007393330335617065,9
wall,water,-0.1591796875,0.04073716700077057,9
warm,welcoming,2.4066162109375,0.031142398715019226,9
water,water,7.896484375,-0.2503562569618225,9
water,wine,-3.59765625,-0.03713356703519821,9
whiter,whiter,-1.3880615234375,-0.184962198138237,9
