holdout,n_train,n_test,r,r2
freq>20,48552,398,0.55739,0.310684
freq>5,46985,1965,0.544343,0.296309
freq>1,34867,14083,0.47079,0.221643
