fold,n_train,n_test,train_r,train_r2,test_r,test_r2,test_rho
0,48950,340042,0.757445,0.573722,0.172783,0.029854,0.165446
