fold,n_train,n_test,train_r,train_r2,test_r,test_r2,test_rho
0,48950,340042,0.7271,0.528675,0.242304,0.058711,0.221127
