k_folds,k_pls,n,cv_r,cv_r2,cv_rho
10,15,340042,0.447218,0.200004,0.388667
