condition,layer,mode,split,k,mean_r2,sd_r2
default,0,mean_pooled,pair_novel,1,0.183262,0.003346
default,0,mean_pooled,pair_novel,2,0.256776,0.005445
default,0,mean_pooled,pair_novel,3,0.279968,0.005505
default,0,mean_pooled,pair_novel,4,0.290608,0.005533
default,0,mean_pooled,pair_novel,5,0.295272,0.005464
default,0,mean_pooled,pair_novel,6,0.29735,0.005742
default,0,mean_pooled,pair_novel,7,0.298325,0.005889
default,0,mean_pooled,pair_novel,8,0.298801,0.005908
default,0,mean_pooled,pair_novel,9,0.299028,0.005849
default,0,mean_pooled,pair_novel,10,0.299128,0.005846
default,0,mean_pooled,pair_novel,11,0.299178,0.005874
default,0,mean_pooled,pair_novel,12,0.299218,0.005877
default,0,mean_pooled,pair_novel,13,0.299238,0.005888
default,0,mean_pooled,pair_novel,14,0.299255,0.005872
default,0,mean_pooled,pair_novel,15,0.299267,0.005863
default,0,mean_pooled,word_novel,1,0.175544,0.018757
default,0,mean_pooled,word_novel,2,0.233115,0.01858
default,0,mean_pooled,word_novel,3,0.244409,0.020727
default,0,mean_pooled,word_novel,4,0.242047,0.02004
default,0,mean_pooled,word_novel,5,0.237829,0.018872
default,0,mean_pooled,word_novel,6,0.235032,0.019165
default,0,mean_pooled,word_novel,7,0.232823,0.020061
default,0,mean_pooled,word_novel,8,0.231431,0.020312
default,0,mean_pooled,word_novel,9,0.230597,0.020304
default,0,mean_pooled,word_novel,10,0.230284,0.020455
default,0,mean_pooled,word_novel,11,0.23014,0.020545
default,0,mean_pooled,word_novel,12,0.230094,0.020615
default,0,mean_pooled,word_novel,13,0.230053,0.020509
default,0,mean_pooled,word_novel,14,0.230036,0.020471
default,0,mean_pooled,word_novel,15,0.229999,0.020322
default,0,words_only,pair_novel,1,0.128484,0.002341
default,0,words_only,pair_novel,2,0.201088,0.00357
default,0,words_only,pair_novel,3,0.229102,0.003623
default,0,words_only,pair_novel,4,0.238838,0.003472
default,0,words_only,pair_novel,5,0.242413,0.003538
default,0,words_only,pair_novel,6,0.244192,0.00359
default,0,words_only,pair_novel,7,0.245057,0.00359
default,0,words_only,pair_novel,8,0.24548,0.00359
default,0,words_only,pair_novel,9,0.245717,0.003643
default,0,words_only,pair_novel,10,0.245855,0.003671
default,0,words_only,pair_novel,11,0.245921,0.003651
default,0,words_only,pair_novel,12,0.245967,0.003624
default,0,words_only,pair_novel,13,0.245994,0.00362
default,0,words_only,pair_novel,14,0.246021,0.003586
default,0,words_only,pair_novel,15,0.246044,0.003577
default,0,words_only,word_novel,1,0.117384,0.025209
default,0,words_only,word_novel,2,0.180817,0.020505
default,0,words_only,word_novel,3,0.199568,0.02268
default,0,words_only,word_novel,4,0.203611,0.025154
default,0,words_only,word_novel,5,0.203596,0.023031
default,0,words_only,word_novel,6,0.203214,0.024906
default,0,words_only,word_novel,7,0.202368,0.024494
default,0,words_only,word_novel,8,0.201933,0.02452
default,0,words_only,word_novel,9,0.201958,0.024628
default,0,words_only,word_novel,10,0.202145,0.024885
default,0,words_only,word_novel,11,0.20224,0.024838
default,0,words_only,word_novel,12,0.202341,0.024925
default,0,words_only,word_novel,13,0.202464,0.024916
default,0,words_only,word_novel,14,0.202551,0.024862
default,0,words_only,word_novel,15,0.202652,0.02486
default,1,mean_pooled,pair_novel,1,0.229985,0.003058
default,1,mean_pooled,pair_novel,2,0.281176,0.00481
default,1,mean_pooled,pair_novel,3,0.307463,0.005568
default,1,mean_pooled,pair_novel,4,0.320842,0.006017
default,1,mean_pooled,pair_novel,5,0.329396,0.006257
default,1,mean_pooled,pair_novel,6,0.334019,0.005996
default,1,mean_pooled,pair_novel,7,0.336935,0.005636
default,1,mean_pooled,pair_novel,8,0.338964,0.005758
default,1,mean_pooled,pair_novel,9,0.340534,0.005774
default,1,mean_pooled,pair_novel,10,0.341647,0.005713
default,1,mean_pooled,pair_novel,11,0.342441,0.005566
default,1,mean_pooled,pair_novel,12,0.343074,0.005701
default,1,mean_pooled,pair_novel,13,0.343531,0.005673
default,1,mean_pooled,pair_novel,14,0.343876,0.005643
default,1,mean_pooled,pair_novel,15,0.344152,0.005562
default,1,mean_pooled,word_novel,1,0.226548,0.025531
default,1,mean_pooled,word_novel,2,0.268638,0.023179
default,1,mean_pooled,word_novel,3,0.286615,0.023213
default,1,mean_pooled,word_novel,4,0.297248,0.025354
default,1,mean_pooled,word_novel,5,0.299586,0.026634
default,1,mean_pooled,word_novel,6,0.298947,0.026141
default,1,mean_pooled,word_novel,7,0.297745,0.026069
default,1,mean_pooled,word_novel,8,0.296479,0.027114
default,1,mean_pooled,word_novel,9,0.295211,0.026065
default,1,mean_pooled,word_novel,10,0.295077,0.026398
default,1,mean_pooled,word_novel,11,0.295083,0.027198
default,1,mean_pooled,word_novel,12,0.294634,0.026724
default,1,mean_pooled,word_novel,13,0.294632,0.02659
default,1,mean_pooled,word_novel,14,0.294808,0.026412
default,1,mean_pooled,word_novel,15,0.294883,0.026175
default,1,words_only,pair_novel,1,0.226001,0.00309
default,1,words_only,pair_novel,2,0.28501,0.00423
default,1,words_only,pair_novel,3,0.308799,0.00453
default,1,words_only,pair_novel,4,0.318917,0.004083
default,1,words_only,pair_novel,5,0.323755,0.003896
default,1,words_only,pair_novel,6,0.3271,0.004147
default,1,words_only,pair_novel,7,0.329616,0.004193
default,1,words_only,pair_novel,8,0.331272,0.004132
default,1,words_only,pair_novel,9,0.332587,0.00428
default,1,words_only,pair_novel,10,0.333469,0.004383
default,1,words_only,pair_novel,11,0.334116,0.004338
default,1,words_only,pair_novel,12,0.334602,0.004364
default,1,words_only,pair_novel,13,0.334933,0.004339
default,1,words_only,pair_novel,14,0.33518,0.004368
default,1,words_only,pair_novel,15,0.335377,0.004322
default,1,words_only,word_novel,1,0.220426,0.027003
default,1,words_only,word_novel,2,0.274603,0.023756
default,1,words_only,word_novel,3,0.289321,0.020789
default,1,words_only,word_novel,4,0.292464,0.020443
default,1,words_only,word_novel,5,0.294645,0.024314
default,1,words_only,word_novel,6,0.295992,0.024366
default,1,words_only,word_novel,7,0.296938,0.023993
default,1,words_only,word_novel,8,0.297277,0.025102
default,1,words_only,word_novel,9,0.297975,0.024906
default,1,words_only,word_novel,10,0.298717,0.02497
default,1,words_only,word_novel,11,0.299737,0.025263
default,1,words_only,word_novel,12,0.300448,0.025713
default,1,words_only,word_novel,13,0.300679,0.025497
default,1,words_only,word_novel,14,0.301018,0.025576
default,1,words_only,word_novel,15,0.301018,0.025806
default,2,mean_pooled,pair_novel,1,0.253204,0.003964
default,2,mean_pooled,pair_novel,2,0.31513,0.006298
default,2,mean_pooled,pair_novel,3,0.33886,0.006827
default,2,mean_pooled,pair_novel,4,0.353672,0.006433
default,2,mean_pooled,pair_novel,5,0.360682,0.006521
default,2,mean_pooled,pair_novel,6,0.365125,0.006249
default,2,mean_pooled,pair_novel,7,0.36788,0.006152
default,2,mean_pooled,pair_novel,8,0.369481,0.006216
default,2,mean_pooled,pair_novel,9,0.370664,0.006233
default,2,mean_pooled,pair_novel,10,0.371318,0.006332
default,2,mean_pooled,pair_novel,11,0.371747,0.006349
default,2,mean_pooled,pair_novel,12,0.371992,0.006343
default,2,mean_pooled,pair_novel,13,0.372149,0.00637
default,2,mean_pooled,pair_novel,14,0.372273,0.006359
default,2,mean_pooled,pair_novel,15,0.372357,0.006326
default,2,mean_pooled,word_novel,1,0.25092,0.022726
default,2,mean_pooled,word_novel,2,0.299423,0.022411
default,2,mean_pooled,word_novel,3,0.317653,0.022383
default,2,mean_pooled,word_novel,4,0.326882,0.026746
default,2,mean_pooled,word_novel,5,0.3284,0.02693
default,2,mean_pooled,word_novel,6,0.329188,0.025501
default,2,mean_pooled,word_novel,7,0.329446,0.024115
default,2,mean_pooled,word_novel,8,0.329552,0.023974
default,2,mean_pooled,word_novel,9,0.329345,0.024148
default,2,mean_pooled,word_novel,10,0.329587,0.023648
default,2,mean_pooled,word_novel,11,0.329651,0.023399
default,2,mean_pooled,word_novel,12,0.32982,0.023272
default,2,mean_pooled,word_novel,13,0.329813,0.023258
default,2,mean_pooled,word_novel,14,0.330169,0.023208
default,2,mean_pooled,word_novel,15,0.33014,0.022939
default,2,words_only,pair_novel,1,0.24765,0.004015
default,2,words_only,pair_novel,2,0.301305,0.00484
default,2,words_only,pair_novel,3,0.32304,0.005059
default,2,words_only,pair_novel,4,0.333634,0.005033
default,2,words_only,pair_novel,5,0.339511,0.004911
default,2,words_only,pair_novel,6,0.342864,0.004806
default,2,words_only,pair_novel,7,0.344971,0.004847
default,2,words_only,pair_novel,8,0.34615,0.004786
default,2,words_only,pair_novel,9,0.34692,0.00483
default,2,words_only,pair_novel,10,0.347386,0.004959
default,2,words_only,pair_novel,11,0.347706,0.004951
default,2,words_only,pair_novel,12,0.347919,0.004921
default,2,words_only,pair_novel,13,0.348054,0.004963
default,2,words_only,pair_novel,14,0.348144,0.004965
default,2,words_only,pair_novel,15,0.348213,0.004983
default,2,words_only,word_novel,1,0.241622,0.024591
default,2,words_only,word_novel,2,0.288422,0.021592
default,2,words_only,word_novel,3,0.304147,0.025604
default,2,words_only,word_novel,4,0.310463,0.024161
default,2,words_only,word_novel,5,0.313381,0.027332
default,2,words_only,word_novel,6,0.314823,0.028523
default,2,words_only,word_novel,7,0.315782,0.027719
default,2,words_only,word_novel,8,0.31592,0.028292
default,2,words_only,word_novel,9,0.315668,0.027935
default,2,words_only,word_novel,10,0.316147,0.028042
default,2,words_only,word_novel,11,0.31658,0.027897
default,2,words_only,word_novel,12,0.316864,0.027912
default,2,words_only,word_novel,13,0.316898,0.027897
default,2,words_only,word_novel,14,0.317061,0.027798
default,2,words_only,word_novel,15,0.317112,0.027686
default,3,mean_pooled,pair_novel,1,0.261497,0.003715
default,3,mean_pooled,pair_novel,2,0.325625,0.00502
default,3,mean_pooled,pair_novel,3,0.349665,0.005215
default,3,mean_pooled,pair_novel,4,0.364029,0.004761
default,3,mean_pooled,pair_novel,5,0.369772,0.004714
default,3,mean_pooled,pair_novel,6,0.37408,0.005105
default,3,mean_pooled,pair_novel,7,0.376265,0.005092
default,3,mean_pooled,pair_novel,8,0.377548,0.004983
default,3,mean_pooled,pair_novel,9,0.378373,0.005017
default,3,mean_pooled,pair_novel,10,0.378809,0.004968
default,3,mean_pooled,pair_novel,11,0.379125,0.00512
default,3,mean_pooled,pair_novel,12,0.379304,0.005209
default,3,mean_pooled,pair_novel,13,0.379423,0.005172
default,3,mean_pooled,pair_novel,14,0.37951,0.005196
default,3,mean_pooled,pair_novel,15,0.379568,0.00518
default,3,mean_pooled,word_novel,1,0.26008,0.023838
default,3,mean_pooled,word_novel,2,0.313876,0.026688
default,3,mean_pooled,word_novel,3,0.329823,0.02497
default,3,mean_pooled,word_novel,4,0.336974,0.026086
default,3,mean_pooled,word_novel,5,0.338627,0.026397
default,3,mean_pooled,word_novel,6,0.340709,0.026638
default,3,mean_pooled,word_novel,7,0.340996,0.026271
default,3,mean_pooled,word_novel,8,0.341299,0.024855
default,3,mean_pooled,word_novel,9,0.341303,0.025303
default,3,mean_pooled,word_novel,10,0.341406,0.025602
default,3,mean_pooled,word_novel,11,0.341372,0.025132
default,3,mean_pooled,word_novel,12,0.341559,0.025176
default,3,mean_pooled,word_novel,13,0.34159,0.024684
default,3,mean_pooled,word_novel,14,0.341728,0.024538
default,3,mean_pooled,word_novel,15,0.341826,0.024502
default,3,words_only,pair_novel,1,0.249267,0.00394
default,3,words_only,pair_novel,2,0.30855,0.004349
default,3,words_only,pair_novel,3,0.330587,0.004245
default,3,words_only,pair_novel,4,0.343304,0.004147
default,3,words_only,pair_novel,5,0.348915,0.004534
default,3,words_only,pair_novel,6,0.351739,0.004621
default,3,words_only,pair_novel,7,0.353521,0.004631
default,3,words_only,pair_novel,8,0.354397,0.004632
default,3,words_only,pair_novel,9,0.354877,0.004647
default,3,words_only,pair_novel,10,0.355111,0.004651
default,3,words_only,pair_novel,11,0.355262,0.004601
default,3,words_only,pair_novel,12,0.355359,0.004629
default,3,words_only,pair_novel,13,0.355424,0.004642
default,3,words_only,pair_novel,14,0.355466,0.004646
default,3,words_only,pair_novel,15,0.355493,0.004653
default,3,words_only,word_novel,1,0.244054,0.022671
default,3,words_only,word_novel,2,0.296772,0.021884
default,3,words_only,word_novel,3,0.311712,0.02624
default,3,words_only,word_novel,4,0.319059,0.024195
default,3,words_only,word_novel,5,0.322346,0.026896
default,3,words_only,word_novel,6,0.324012,0.028133
default,3,words_only,word_novel,7,0.325385,0.027507
default,3,words_only,word_novel,8,0.325231,0.028081
default,3,words_only,word_novel,9,0.324748,0.027574
default,3,words_only,word_novel,10,0.325109,0.027773
default,3,words_only,word_novel,11,0.325389,0.027371
default,3,words_only,word_novel,12,0.325673,0.027334
default,3,words_only,word_novel,13,0.325579,0.027469
default,3,words_only,word_novel,14,0.325555,0.027385
default,3,words_only,word_novel,15,0.325567,0.027284
default,4,mean_pooled,pair_novel,1,0.259464,0.005826
default,4,mean_pooled,pair_novel,2,0.335963,0.006177
default,4,mean_pooled,pair_novel,3,0.364811,0.005867
default,4,mean_pooled,pair_novel,4,0.381299,0.005112
default,4,mean_pooled,pair_novel,5,0.387827,0.00508
default,4,mean_pooled,pair_novel,6,0.391781,0.005405
default,4,mean_pooled,pair_novel,7,0.394579,0.005292
default,4,mean_pooled,pair_novel,8,0.39605,0.005293
default,4,mean_pooled,pair_novel,9,0.397069,0.005216
default,4,mean_pooled,pair_novel,10,0.397732,0.005256
default,4,mean_pooled,pair_novel,11,0.398088,0.005343
default,4,mean_pooled,pair_novel,12,0.398323,0.005457
default,4,mean_pooled,pair_novel,13,0.398474,0.005509
default,4,mean_pooled,pair_novel,14,0.398581,0.005514
default,4,mean_pooled,pair_novel,15,0.39865,0.005544
default,4,mean_pooled,word_novel,1,0.258707,0.028582
default,4,mean_pooled,word_novel,2,0.326217,0.031398
default,4,mean_pooled,word_novel,3,0.348893,0.028014
default,4,mean_pooled,word_novel,4,0.359792,0.027557
default,4,mean_pooled,word_novel,5,0.362727,0.02682
default,4,mean_pooled,word_novel,6,0.36368,0.028047
default,4,mean_pooled,word_novel,7,0.364421,0.026793
default,4,mean_pooled,word_novel,8,0.36469,0.027471
default,4,mean_pooled,word_novel,9,0.364372,0.027323
default,4,mean_pooled,word_novel,10,0.364488,0.026922
default,4,mean_pooled,word_novel,11,0.364555,0.027136
default,4,mean_pooled,word_novel,12,0.36501,0.027146
default,4,mean_pooled,word_novel,13,0.3649,0.02724
default,4,mean_pooled,word_novel,14,0.36504,0.02734
default,4,mean_pooled,word_novel,15,0.365102,0.027273
default,4,words_only,pair_novel,1,0.257258,0.006151
default,4,words_only,pair_novel,2,0.332543,0.005715
default,4,words_only,pair_novel,3,0.354031,0.005332
default,4,words_only,pair_novel,4,0.364467,0.004997
default,4,words_only,pair_novel,5,0.37261,0.005454
default,4,words_only,pair_novel,6,0.376325,0.005358
default,4,words_only,pair_novel,7,0.378517,0.005446
default,4,words_only,pair_novel,8,0.379665,0.005463
default,4,words_only,pair_novel,9,0.38035,0.005563
default,4,words_only,pair_novel,10,0.380756,0.005491
default,4,words_only,pair_novel,11,0.381005,0.005448
default,4,words_only,pair_novel,12,0.381148,0.005491
default,4,words_only,pair_novel,13,0.381264,0.005474
default,4,words_only,pair_novel,14,0.381338,0.005522
default,4,words_only,pair_novel,15,0.381378,0.005513
default,4,words_only,word_novel,1,0.256138,0.028132
default,4,words_only,word_novel,2,0.322041,0.027576
default,4,words_only,word_novel,3,0.340016,0.028038
default,4,words_only,word_novel,4,0.346697,0.030006
default,4,words_only,word_novel,5,0.351203,0.032538
default,4,words_only,word_novel,6,0.353323,0.031568
default,4,words_only,word_novel,7,0.355027,0.031808
default,4,words_only,word_novel,8,0.35511,0.033141
default,4,words_only,word_novel,9,0.355273,0.032241
default,4,words_only,word_novel,10,0.355383,0.032444
default,4,words_only,word_novel,11,0.355451,0.031995
default,4,words_only,word_novel,12,0.35569,0.031969
default,4,words_only,word_novel,13,0.355866,0.031851
default,4,words_only,word_novel,14,0.355959,0.03199
default,4,words_only,word_novel,15,0.355887,0.031904
default,5,mean_pooled,pair_novel,1,0.258493,0.005695
default,5,mean_pooled,pair_novel,2,0.352106,0.005763
default,5,mean_pooled,pair_novel,3,0.381905,0.005317
default,5,mean_pooled,pair_novel,4,0.393959,0.00479
default,5,mean_pooled,pair_novel,5,0.402742,0.004733
default,5,mean_pooled,pair_novel,6,0.407383,0.004738
default,5,mean_pooled,pair_novel,7,0.410789,0.005119
default,5,mean_pooled,pair_novel,8,0.412945,0.005132
default,5,mean_pooled,pair_novel,9,0.41428,0.004948
default,5,mean_pooled,pair_novel,10,0.415241,0.004847
default,5,mean_pooled,pair_novel,11,0.415737,0.004773
default,5,mean_pooled,pair_novel,12,0.416042,0.004758
default,5,mean_pooled,pair_novel,13,0.416221,0.004774
default,5,mean_pooled,pair_novel,14,0.416324,0.004718
default,5,mean_pooled,pair_novel,15,0.416415,0.004719
default,5,mean_pooled,word_novel,1,0.259036,0.027834
default,5,mean_pooled,word_novel,2,0.343903,0.031399
default,5,mean_pooled,word_novel,3,0.367326,0.027707
default,5,mean_pooled,word_novel,4,0.376078,0.029271
default,5,mean_pooled,word_novel,5,0.382304,0.030064
default,5,mean_pooled,word_novel,6,0.384183,0.027927
default,5,mean_pooled,word_novel,7,0.385974,0.028504
default,5,mean_pooled,word_novel,8,0.386297,0.028751
default,5,mean_pooled,word_novel,9,0.386781,0.02912
default,5,mean_pooled,word_novel,10,0.387173,0.030024
default,5,mean_pooled,word_novel,11,0.387462,0.02985
default,5,mean_pooled,word_novel,12,0.387507,0.030057
default,5,mean_pooled,word_novel,13,0.387601,0.029971
default,5,mean_pooled,word_novel,14,0.387567,0.029793
default,5,mean_pooled,word_novel,15,0.387526,0.029778
default,5,words_only,pair_novel,1,0.246875,0.005708
default,5,words_only,pair_novel,2,0.338222,0.005716
default,5,words_only,pair_novel,3,0.363373,0.005747
default,5,words_only,pair_novel,4,0.377193,0.005037
default,5,words_only,pair_novel,5,0.387776,0.005208
default,5,words_only,pair_novel,6,0.392389,0.005429
default,5,words_only,pair_novel,7,0.395083,0.005389
default,5,words_only,pair_novel,8,0.396467,0.005561
default,5,words_only,pair_novel,9,0.397369,0.005602
default,5,words_only,pair_novel,10,0.397939,0.005532
default,5,words_only,pair_novel,11,0.398289,0.005419
default,5,words_only,pair_novel,12,0.398485,0.005413
default,5,words_only,pair_novel,13,0.398654,0.005317
default,5,words_only,pair_novel,14,0.398766,0.00534
default,5,words_only,pair_novel,15,0.398838,0.005417
default,5,words_only,word_novel,1,0.246609,0.026341
default,5,words_only,word_novel,2,0.329723,0.027715
default,5,words_only,word_novel,3,0.351824,0.027189
default,5,words_only,word_novel,4,0.361236,0.027919
default,5,words_only,word_novel,5,0.368477,0.032214
default,5,words_only,word_novel,6,0.372492,0.031201
default,5,words_only,word_novel,7,0.37488,0.032413
default,5,words_only,word_novel,8,0.375712,0.031964
default,5,words_only,word_novel,9,0.375612,0.03153
default,5,words_only,word_novel,10,0.375778,0.031237
default,5,words_only,word_novel,11,0.375676,0.031309
default,5,words_only,word_novel,12,0.375921,0.031294
default,5,words_only,word_novel,13,0.376227,0.031369
default,5,words_only,word_novel,14,0.376418,0.031371
default,5,words_only,word_novel,15,0.376512,0.03154
default,6,mean_pooled,pair_novel,1,0.20836,0.005523
default,6,mean_pooled,pair_novel,2,0.335165,0.004504
default,6,mean_pooled,pair_novel,3,0.383152,0.004789
default,6,mean_pooled,pair_novel,4,0.403396,0.003901
default,6,mean_pooled,pair_novel,5,0.413262,0.004171
default,6,mean_pooled,pair_novel,6,0.420072,0.003916
default,6,mean_pooled,pair_novel,7,0.424683,0.00386
default,6,mean_pooled,pair_novel,8,0.427761,0.003535
default,6,mean_pooled,pair_novel,9,0.430117,0.003617
default,6,mean_pooled,pair_novel,10,0.431857,0.003601
default,6,mean_pooled,pair_novel,11,0.433016,0.003628
default,6,mean_pooled,pair_novel,12,0.434036,0.003654
default,6,mean_pooled,pair_novel,13,0.434809,0.003681
default,6,mean_pooled,pair_novel,14,0.435331,0.003735
default,6,mean_pooled,pair_novel,15,0.435823,0.003801
default,6,mean_pooled,word_novel,1,0.209125,0.024133
default,6,mean_pooled,word_novel,2,0.328961,0.03019
default,6,mean_pooled,word_novel,3,0.373967,0.031737
default,6,mean_pooled,word_novel,4,0.39212,0.031852
default,6,mean_pooled,word_novel,5,0.400227,0.033305
default,6,mean_pooled,word_novel,6,0.40446,0.034617
default,6,mean_pooled,word_novel,7,0.40763,0.033876
default,6,mean_pooled,word_novel,8,0.409104,0.033292
default,6,mean_pooled,word_novel,9,0.410255,0.034746
default,6,mean_pooled,word_novel,10,0.410869,0.032969
default,6,mean_pooled,word_novel,11,0.411857,0.033578
default,6,mean_pooled,word_novel,12,0.412748,0.033608
default,6,mean_pooled,word_novel,13,0.413423,0.033718
default,6,mean_pooled,word_novel,14,0.414224,0.033582
default,6,mean_pooled,word_novel,15,0.414609,0.033871
default,6,words_only,pair_novel,1,0.206017,0.005534
default,6,words_only,pair_novel,2,0.318788,0.005725
default,6,words_only,pair_novel,3,0.356423,0.005736
default,6,words_only,pair_novel,4,0.374335,0.005312
default,6,words_only,pair_novel,5,0.389136,0.005562
default,6,words_only,pair_novel,6,0.395983,0.005883
default,6,words_only,pair_novel,7,0.400623,0.005927
default,6,words_only,pair_novel,8,0.403574,0.005739
default,6,words_only,pair_novel,9,0.40546,0.005661
default,6,words_only,pair_novel,10,0.406879,0.005814
default,6,words_only,pair_novel,11,0.407761,0.005725
default,6,words_only,pair_novel,12,0.408539,0.005817
default,6,words_only,pair_novel,13,0.409064,0.005765
default,6,words_only,pair_novel,14,0.409525,0.005845
default,6,words_only,pair_novel,15,0.40983,0.005935
default,6,words_only,word_novel,1,0.206774,0.02385
default,6,words_only,word_novel,2,0.312261,0.024179
default,6,words_only,word_novel,3,0.34723,0.024948
default,6,words_only,word_novel,4,0.361727,0.026654
default,6,words_only,word_novel,5,0.374562,0.030495
default,6,words_only,word_novel,6,0.380358,0.028985
default,6,words_only,word_novel,7,0.385382,0.031618
default,6,words_only,word_novel,8,0.38801,0.031211
default,6,words_only,word_novel,9,0.389368,0.032288
default,6,words_only,word_novel,10,0.390904,0.03284
default,6,words_only,word_novel,11,0.391577,0.033003
default,6,words_only,word_novel,12,0.392382,0.03349
default,6,words_only,word_novel,13,0.392964,0.033203
default,6,words_only,word_novel,14,0.393265,0.0332
default,6,words_only,word_novel,15,0.39359,0.033289
default,7,mean_pooled,pair_novel,1,0.209547,0.005524
default,7,mean_pooled,pair_novel,2,0.339965,0.004584
default,7,mean_pooled,pair_novel,3,0.399717,0.004637
default,7,mean_pooled,pair_novel,4,0.421047,0.004678
default,7,mean_pooled,pair_novel,5,0.431278,0.004096
default,7,mean_pooled,pair_novel,6,0.439033,0.004221
default,7,mean_pooled,pair_novel,7,0.444801,0.003859
default,7,mean_pooled,pair_novel,8,0.448061,0.003783
default,7,mean_pooled,pair_novel,9,0.450219,0.003916
default,7,mean_pooled,pair_novel,10,0.452327,0.004018
default,7,mean_pooled,pair_novel,11,0.453634,0.004162
default,7,mean_pooled,pair_novel,12,0.454538,0.004151
default,7,mean_pooled,pair_novel,13,0.455371,0.004168
default,7,mean_pooled,pair_novel,14,0.455908,0.004146
default,7,mean_pooled,pair_novel,15,0.456377,0.00433
default,7,mean_pooled,word_novel,1,0.210204,0.023716
default,7,mean_pooled,word_novel,2,0.334555,0.030358
default,7,mean_pooled,word_novel,3,0.389608,0.024793
default,7,mean_pooled,word_novel,4,0.411282,0.029147
default,7,mean_pooled,word_novel,5,0.419618,0.029401
default,7,mean_pooled,word_novel,6,0.425875,0.031947
default,7,mean_pooled,word_novel,7,0.428548,0.032855
default,7,mean_pooled,word_novel,8,0.430393,0.031938
default,7,mean_pooled,word_novel,9,0.431403,0.031882
default,7,mean_pooled,word_novel,10,0.432201,0.031765
default,7,mean_pooled,word_novel,11,0.432914,0.032379
default,7,mean_pooled,word_novel,12,0.433567,0.031816
default,7,mean_pooled,word_novel,13,0.43431,0.032959
default,7,mean_pooled,word_novel,14,0.43485,0.032694
default,7,mean_pooled,word_novel,15,0.435037,0.0317
default,7,words_only,pair_novel,1,0.206411,0.005533
default,7,words_only,pair_novel,2,0.321381,0.005564
default,7,words_only,pair_novel,3,0.363408,0.005886
default,7,words_only,pair_novel,4,0.383083,0.005176
default,7,words_only,pair_novel,5,0.397892,0.005227
default,7,words_only,pair_novel,6,0.405099,0.005425
default,7,words_only,pair_novel,7,0.410095,0.005278
default,7,words_only,pair_novel,8,0.413088,0.005092
default,7,words_only,pair_novel,9,0.415063,0.005333
default,7,words_only,pair_novel,10,0.416546,0.005501
default,7,words_only,pair_novel,11,0.417516,0.005422
default,7,words_only,pair_novel,12,0.418386,0.00548
default,7,words_only,pair_novel,13,0.419036,0.005348
default,7,words_only,pair_novel,14,0.419527,0.005289
default,7,words_only,pair_novel,15,0.419882,0.005292
default,7,words_only,word_novel,1,0.207233,0.023984
default,7,words_only,word_novel,2,0.315506,0.023732
default,7,words_only,word_novel,3,0.354357,0.025639
default,7,words_only,word_novel,4,0.370403,0.027135
default,7,words_only,word_novel,5,0.383645,0.032535
default,7,words_only,word_novel,6,0.389704,0.029495
default,7,words_only,word_novel,7,0.39464,0.03031
default,7,words_only,word_novel,8,0.397029,0.029668
default,7,words_only,word_novel,9,0.398762,0.030975
default,7,words_only,word_novel,10,0.399887,0.030608
default,7,words_only,word_novel,11,0.40052,0.030734
default,7,words_only,word_novel,12,0.401365,0.030973
default,7,words_only,word_novel,13,0.401931,0.030743
default,7,words_only,word_novel,14,0.402353,0.031243
default,7,words_only,word_novel,15,0.402704,0.031234
default,8,mean_pooled,pair_novel,1,0.208508,0.005557
default,8,mean_pooled,pair_novel,2,0.350714,0.004875
default,8,mean_pooled,pair_novel,3,0.414594,0.004279
default,8,mean_pooled,pair_novel,4,0.435037,0.004174
default,8,mean_pooled,pair_novel,5,0.445342,0.003605
default,8,mean_pooled,pair_novel,6,0.452725,0.003702
default,8,mean_pooled,pair_novel,7,0.458802,0.003637
default,8,mean_pooled,pair_novel,8,0.462198,0.003457
default,8,mean_pooled,pair_novel,9,0.464749,0.003426
default,8,mean_pooled,pair_novel,10,0.466886,0.003438
default,8,mean_pooled,pair_novel,11,0.468285,0.003529
default,8,mean_pooled,pair_novel,12,0.46938,0.003698
default,8,mean_pooled,pair_novel,13,0.470258,0.003809
default,8,mean_pooled,pair_novel,14,0.470821,0.004
default,8,mean_pooled,pair_novel,15,0.471315,0.004069
default,8,mean_pooled,word_novel,1,0.209266,0.023834
default,8,mean_pooled,word_novel,2,0.344543,0.031612
default,8,mean_pooled,word_novel,3,0.404722,0.027429
default,8,mean_pooled,word_novel,4,0.425795,0.031587
default,8,mean_pooled,word_novel,5,0.433562,0.030667
default,8,mean_pooled,word_novel,6,0.439798,0.031698
default,8,mean_pooled,word_novel,7,0.44223,0.032488
default,8,mean_pooled,word_novel,8,0.444143,0.031484
default,8,mean_pooled,word_novel,9,0.445948,0.031773
default,8,mean_pooled,word_novel,10,0.447242,0.031409
default,8,mean_pooled,word_novel,11,0.447852,0.032012
default,8,mean_pooled,word_novel,12,0.448676,0.031813
default,8,mean_pooled,word_novel,13,0.449738,0.032236
default,8,mean_pooled,word_novel,14,0.450334,0.032678
default,8,mean_pooled,word_novel,15,0.450832,0.031727
default,8,words_only,pair_novel,1,0.206542,0.005541
default,8,words_only,pair_novel,2,0.318149,0.005522
default,8,words_only,pair_novel,3,0.365142,0.005839
default,8,words_only,pair_novel,4,0.385683,0.00495
default,8,words_only,pair_novel,5,0.401745,0.004724
default,8,words_only,pair_novel,6,0.41,0.004733
default,8,words_only,pair_novel,7,0.415365,0.004615
default,8,words_only,pair_novel,8,0.418769,0.004426
default,8,words_only,pair_novel,9,0.42126,0.004467
default,8,words_only,pair_novel,10,0.423235,0.004778
default,8,words_only,pair_novel,11,0.424531,0.004708
default,8,words_only,pair_novel,12,0.425577,0.004807
default,8,words_only,pair_novel,13,0.426388,0.004929
default,8,words_only,pair_novel,14,0.426997,0.004855
default,8,words_only,pair_novel,15,0.427516,0.004837
default,8,words_only,word_novel,1,0.207357,0.023913
default,8,words_only,word_novel,2,0.312553,0.023125
default,8,words_only,word_novel,3,0.356777,0.025109
default,8,words_only,word_novel,4,0.37463,0.026671
default,8,words_only,word_novel,5,0.389254,0.032116
default,8,words_only,word_novel,6,0.39624,0.0292
default,8,words_only,word_novel,7,0.401872,0.03008
default,8,words_only,word_novel,8,0.404779,0.030351
default,8,words_only,word_novel,9,0.406606,0.030818
default,8,words_only,word_novel,10,0.408728,0.030602
default,8,words_only,word_novel,11,0.409439,0.030557
default,8,words_only,word_novel,12,0.410661,0.031384
default,8,words_only,word_novel,13,0.411589,0.031482
default,8,words_only,word_novel,14,0.412221,0.031613
default,8,words_only,word_novel,15,0.412779,0.031528
default,9,mean_pooled,pair_novel,1,0.208977,0.005538
default,9,mean_pooled,pair_novel,2,0.357727,0.00392
default,9,mean_pooled,pair_novel,3,0.427731,0.003044
default,9,mean_pooled,pair_novel,4,0.451314,0.003046
default,9,mean_pooled,pair_novel,5,0.464052,0.002991
default,9,mean_pooled,pair_novel,6,0.472037,0.002987
default,9,mean_pooled,pair_novel,7,0.477065,0.002885
default,9,mean_pooled,pair_novel,8,0.479811,0.003135
default,9,mean_pooled,pair_novel,9,0.482203,0.00315
default,9,mean_pooled,pair_novel,10,0.484264,0.003401
default,9,mean_pooled,pair_novel,11,0.485542,0.003471
default,9,mean_pooled,pair_novel,12,0.486594,0.003643
default,9,mean_pooled,pair_novel,13,0.487502,0.00368
default,9,mean_pooled,pair_novel,14,0.488173,0.003727
default,9,mean_pooled,pair_novel,15,0.488697,0.003751
default,9,mean_pooled,word_novel,1,0.209786,0.02364
default,9,mean_pooled,word_novel,2,0.350118,0.033011
default,9,mean_pooled,word_novel,3,0.41565,0.030329
default,9,mean_pooled,word_novel,4,0.438977,0.03418
default,9,mean_pooled,word_novel,5,0.449679,0.0357
default,9,mean_pooled,word_novel,6,0.455354,0.036809
default,9,mean_pooled,word_novel,7,0.457575,0.03711
default,9,mean_pooled,word_novel,8,0.459736,0.037092
default,9,mean_pooled,word_novel,9,0.461234,0.036349
default,9,mean_pooled,word_novel,10,0.462111,0.036305
default,9,mean_pooled,word_novel,11,0.462992,0.037815
default,9,mean_pooled,word_novel,12,0.464059,0.03735
default,9,mean_pooled,word_novel,13,0.464947,0.037562
default,9,mean_pooled,word_novel,14,0.465804,0.03753
default,9,mean_pooled,word_novel,15,0.465982,0.037169
default,9,words_only,pair_novel,1,0.207504,0.005555
default,9,words_only,pair_novel,2,0.321078,0.005354
default,9,words_only,pair_novel,3,0.373991,0.005853
default,9,words_only,pair_novel,4,0.395724,0.004715
default,9,words_only,pair_novel,5,0.411046,0.004762
default,9,words_only,pair_novel,6,0.419757,0.004859
default,9,words_only,pair_novel,7,0.425196,0.004706
default,9,words_only,pair_novel,8,0.42886,0.004687
default,9,words_only,pair_novel,9,0.431363,0.004686
default,9,words_only,pair_novel,10,0.433561,0.004842
default,9,words_only,pair_novel,11,0.434977,0.004793
default,9,words_only,pair_novel,12,0.436111,0.00481
default,9,words_only,pair_novel,13,0.436976,0.004859
default,9,words_only,pair_novel,14,0.437624,0.00481
default,9,words_only,pair_novel,15,0.438132,0.004817
default,9,words_only,word_novel,1,0.208346,0.023791
default,9,words_only,word_novel,2,0.316151,0.024462
default,9,words_only,word_novel,3,0.366581,0.028477
default,9,words_only,word_novel,4,0.385831,0.028642
default,9,words_only,word_novel,5,0.399597,0.034526
default,9,words_only,word_novel,6,0.406164,0.031895
default,9,words_only,word_novel,7,0.411083,0.031441
default,9,words_only,word_novel,8,0.414371,0.031537
default,9,words_only,word_novel,9,0.415737,0.032259
default,9,words_only,word_novel,10,0.417942,0.032113
default,9,words_only,word_novel,11,0.418709,0.032236
default,9,words_only,word_novel,12,0.42006,0.032523
default,9,words_only,word_novel,13,0.420628,0.032948
default,9,words_only,word_novel,14,0.421388,0.033165
default,9,words_only,word_novel,15,0.421941,0.032826
default,10,mean_pooled,pair_novel,1,0.210584,0.005568
default,10,mean_pooled,pair_novel,2,0.354774,0.004137
default,10,mean_pooled,pair_novel,3,0.423735,0.00408
default,10,mean_pooled,pair_novel,4,0.457172,0.003832
default,10,mean_pooled,pair_novel,5,0.468697,0.003879
default,10,mean_pooled,pair_novel,6,0.47844,0.003885
default,10,mean_pooled,pair_novel,7,0.484788,0.003994
default,10,mean_pooled,pair_novel,8,0.488847,0.004059
default,10,mean_pooled,pair_novel,9,0.491794,0.004318
default,10,mean_pooled,pair_novel,10,0.494079,0.004165
default,10,mean_pooled,pair_novel,11,0.495335,0.00436
default,10,mean_pooled,pair_novel,12,0.496795,0.004197
default,10,mean_pooled,pair_novel,13,0.497593,0.004221
default,10,mean_pooled,pair_novel,14,0.498497,0.004205
default,10,mean_pooled,pair_novel,15,0.49928,0.004326
default,10,mean_pooled,word_novel,1,0.211146,0.023399
default,10,mean_pooled,word_novel,2,0.348733,0.029895
default,10,mean_pooled,word_novel,3,0.412225,0.030192
default,10,mean_pooled,word_novel,4,0.444276,0.032874
default,10,mean_pooled,word_novel,5,0.455664,0.031567
default,10,mean_pooled,word_novel,6,0.461963,0.034225
default,10,mean_pooled,word_novel,7,0.467578,0.033863
default,10,mean_pooled,word_novel,8,0.470033,0.033552
default,10,mean_pooled,word_novel,9,0.472298,0.033272
default,10,mean_pooled,word_novel,10,0.473181,0.032334
default,10,mean_pooled,word_novel,11,0.474317,0.032475
default,10,mean_pooled,word_novel,12,0.474934,0.032192
default,10,mean_pooled,word_novel,13,0.475543,0.032781
default,10,mean_pooled,word_novel,14,0.476347,0.034008
default,10,mean_pooled,word_novel,15,0.476545,0.033052
default,10,words_only,pair_novel,1,0.207499,0.005568
default,10,words_only,pair_novel,2,0.320126,0.005195
default,10,words_only,pair_novel,3,0.374233,0.005418
default,10,words_only,pair_novel,4,0.397595,0.004538
default,10,words_only,pair_novel,5,0.413978,0.004803
default,10,words_only,pair_novel,6,0.423738,0.004904
default,10,words_only,pair_novel,7,0.429383,0.005079
default,10,words_only,pair_novel,8,0.432987,0.005213
default,10,words_only,pair_novel,9,0.435807,0.005356
default,10,words_only,pair_novel,10,0.438275,0.005555
default,10,words_only,pair_novel,11,0.439807,0.005568
default,10,words_only,pair_novel,12,0.440865,0.005467
default,10,words_only,pair_novel,13,0.441675,0.005463
default,10,words_only,pair_novel,14,0.442343,0.005373
default,10,words_only,pair_novel,15,0.442847,0.005356
default,10,words_only,word_novel,1,0.208267,0.02376
default,10,words_only,word_novel,2,0.314573,0.02364
default,10,words_only,word_novel,3,0.365509,0.026738
default,10,words_only,word_novel,4,0.385289,0.027359
default,10,words_only,word_novel,5,0.400158,0.032829
default,10,words_only,word_novel,6,0.40897,0.030433
default,10,words_only,word_novel,7,0.414072,0.03161
default,10,words_only,word_novel,8,0.417318,0.032025
default,10,words_only,word_novel,9,0.419316,0.03306
default,10,words_only,word_novel,10,0.421578,0.033104
default,10,words_only,word_novel,11,0.423019,0.033592
default,10,words_only,word_novel,12,0.424227,0.03378
default,10,words_only,word_novel,13,0.425134,0.034463
default,10,words_only,word_novel,14,0.425678,0.033935
default,10,words_only,word_novel,15,0.426491,0.033909
default,11,mean_pooled,pair_novel,1,0.210178,0.005579
default,11,mean_pooled,pair_novel,2,0.342719,0.004453
default,11,mean_pooled,pair_novel,3,0.419005,0.004415
default,11,mean_pooled,pair_novel,4,0.449952,0.004534
default,11,mean_pooled,pair_novel,5,0.46602,0.004428
default,11,mean_pooled,pair_novel,6,0.478145,0.004487
default,11,mean_pooled,pair_novel,7,0.485158,0.004568
default,11,mean_pooled,pair_novel,8,0.489104,0.004885
default,11,mean_pooled,pair_novel,9,0.49258,0.005023
default,11,mean_pooled,pair_novel,10,0.495226,0.004961
default,11,mean_pooled,pair_novel,11,0.496655,0.005169
default,11,mean_pooled,pair_novel,12,0.498143,0.005
default,11,mean_pooled,pair_novel,13,0.499101,0.005122
default,11,mean_pooled,pair_novel,14,0.499882,0.005102
default,11,mean_pooled,pair_novel,15,0.50059,0.005148
default,11,mean_pooled,word_novel,1,0.21084,0.023325
default,11,mean_pooled,word_novel,2,0.3378,0.028142
default,11,mean_pooled,word_novel,3,0.409167,0.029237
default,11,mean_pooled,word_novel,4,0.439159,0.033544
default,11,mean_pooled,word_novel,5,0.454487,0.032718
default,11,mean_pooled,word_novel,6,0.46275,0.034909
default,11,mean_pooled,word_novel,7,0.468509,0.034318
default,11,mean_pooled,word_novel,8,0.471578,0.035068
default,11,mean_pooled,word_novel,9,0.473601,0.033069
default,11,mean_pooled,word_novel,10,0.475085,0.031366
default,11,mean_pooled,word_novel,11,0.476889,0.031947
default,11,mean_pooled,word_novel,12,0.477837,0.032233
default,11,mean_pooled,word_novel,13,0.478668,0.032491
default,11,mean_pooled,word_novel,14,0.479244,0.03316
default,11,mean_pooled,word_novel,15,0.479623,0.032386
default,11,words_only,pair_novel,1,0.206756,0.005535
default,11,words_only,pair_novel,2,0.316533,0.005141
default,11,words_only,pair_novel,3,0.370543,0.005551
default,11,words_only,pair_novel,4,0.395315,0.004654
default,11,words_only,pair_novel,5,0.411608,0.005051
default,11,words_only,pair_novel,6,0.422293,0.005229
default,11,words_only,pair_novel,7,0.428722,0.005248
default,11,words_only,pair_novel,8,0.43254,0.005279
default,11,words_only,pair_novel,9,0.435662,0.00523
default,11,words_only,pair_novel,10,0.43814,0.005335
default,11,words_only,pair_novel,11,0.439818,0.005366
default,11,words_only,pair_novel,12,0.44089,0.005353
default,11,words_only,pair_novel,13,0.441839,0.005249
default,11,words_only,pair_novel,14,0.442543,0.005127
default,11,words_only,pair_novel,15,0.443101,0.005147
default,11,words_only,word_novel,1,0.207464,0.023784
default,11,words_only,word_novel,2,0.311036,0.021954
default,11,words_only,word_novel,3,0.361559,0.024664
default,11,words_only,word_novel,4,0.381697,0.024896
default,11,words_only,word_novel,5,0.395807,0.030318
default,11,words_only,word_novel,6,0.405499,0.028372
default,11,words_only,word_novel,7,0.411381,0.029628
default,11,words_only,word_novel,8,0.414493,0.029989
default,11,words_only,word_novel,9,0.4168,0.030654
default,11,words_only,word_novel,10,0.419621,0.030974
default,11,words_only,word_novel,11,0.421316,0.031684
default,11,words_only,word_novel,12,0.422637,0.031209
default,11,words_only,word_novel,13,0.423124,0.03166
default,11,words_only,word_novel,14,0.423811,0.031235
default,11,words_only,word_novel,15,0.424898,0.031641
default,12,mean_pooled,pair_novel,1,0.209645,0.005529
default,12,mean_pooled,pair_novel,2,0.35135,0.004346
default,12,mean_pooled,pair_novel,3,0.423226,0.003648
default,12,mean_pooled,pair_novel,4,0.45161,0.004315
default,12,mean_pooled,pair_novel,5,0.466854,0.003942
default,12,mean_pooled,pair_novel,6,0.476821,0.00437
default,12,mean_pooled,pair_novel,7,0.484144,0.004566
default,12,mean_pooled,pair_novel,8,0.487625,0.004848
default,12,mean_pooled,pair_novel,9,0.490709,0.004838
default,12,mean_pooled,pair_novel,10,0.493096,0.005108
default,12,mean_pooled,pair_novel,11,0.494819,0.004937
default,12,mean_pooled,pair_novel,12,0.496038,0.004874
default,12,mean_pooled,pair_novel,13,0.497085,0.005015
default,12,mean_pooled,pair_novel,14,0.49806,0.005191
default,12,mean_pooled,pair_novel,15,0.498645,0.005203
default,12,mean_pooled,word_novel,1,0.209997,0.023104
default,12,mean_pooled,word_novel,2,0.344745,0.02597
default,12,mean_pooled,word_novel,3,0.409366,0.029888
default,12,mean_pooled,word_novel,4,0.437059,0.034492
default,12,mean_pooled,word_novel,5,0.449505,0.034927
default,12,mean_pooled,word_novel,6,0.459276,0.034312
default,12,mean_pooled,word_novel,7,0.464448,0.035951
default,12,mean_pooled,word_novel,8,0.467363,0.034482
default,12,mean_pooled,word_novel,9,0.469701,0.034082
default,12,mean_pooled,word_novel,10,0.470741,0.034503
default,12,mean_pooled,word_novel,11,0.47163,0.033872
default,12,mean_pooled,word_novel,12,0.472406,0.033487
default,12,mean_pooled,word_novel,13,0.473296,0.033757
default,12,mean_pooled,word_novel,14,0.474054,0.033852
default,12,mean_pooled,word_novel,15,0.474432,0.033736
default,12,words_only,pair_novel,1,0.205872,0.005554
default,12,words_only,pair_novel,2,0.315963,0.004997
default,12,words_only,pair_novel,3,0.370681,0.005451
default,12,words_only,pair_novel,4,0.395887,0.004595
default,12,words_only,pair_novel,5,0.411469,0.00508
default,12,words_only,pair_novel,6,0.421639,0.005301
default,12,words_only,pair_novel,7,0.428085,0.005192
default,12,words_only,pair_novel,8,0.43204,0.005056
default,12,words_only,pair_novel,9,0.43508,0.005048
default,12,words_only,pair_novel,10,0.437313,0.005161
default,12,words_only,pair_novel,11,0.43891,0.005259
default,12,words_only,pair_novel,12,0.440122,0.005214
default,12,words_only,pair_novel,13,0.441087,0.00521
default,12,words_only,pair_novel,14,0.44192,0.0051
default,12,words_only,pair_novel,15,0.442461,0.00508
default,12,words_only,word_novel,1,0.206489,0.023695
default,12,words_only,word_novel,2,0.311341,0.02104
default,12,words_only,word_novel,3,0.362523,0.024334
default,12,words_only,word_novel,4,0.38357,0.026598
default,12,words_only,word_novel,5,0.397575,0.033524
default,12,words_only,word_novel,6,0.406345,0.031506
default,12,words_only,word_novel,7,0.411843,0.032919
default,12,words_only,word_novel,8,0.414926,0.033481
default,12,words_only,word_novel,9,0.416762,0.034388
default,12,words_only,word_novel,10,0.418897,0.034143
default,12,words_only,word_novel,11,0.420405,0.034795
default,12,words_only,word_novel,12,0.421542,0.034316
default,12,words_only,word_novel,13,0.422207,0.034516
default,12,words_only,word_novel,14,0.422741,0.034597
default,12,words_only,word_novel,15,0.423717,0.034413
default,13,mean_pooled,pair_novel,1,0.209368,0.005545
default,13,mean_pooled,pair_novel,2,0.35474,0.004584
default,13,mean_pooled,pair_novel,3,0.419311,0.004152
default,13,mean_pooled,pair_novel,4,0.448264,0.004619
default,13,mean_pooled,pair_novel,5,0.464431,0.004221
default,13,mean_pooled,pair_novel,6,0.474692,0.004595
default,13,mean_pooled,pair_novel,7,0.480983,0.004681
default,13,mean_pooled,pair_novel,8,0.484607,0.005012
default,13,mean_pooled,pair_novel,9,0.488119,0.005265
default,13,mean_pooled,pair_novel,10,0.490483,0.005344
default,13,mean_pooled,pair_novel,11,0.492001,0.005423
default,13,mean_pooled,pair_novel,12,0.493333,0.005253
default,13,mean_pooled,pair_novel,13,0.49438,0.00541
default,13,mean_pooled,pair_novel,14,0.49515,0.005446
default,13,mean_pooled,pair_novel,15,0.495756,0.005586
default,13,mean_pooled,word_novel,1,0.209781,0.023626
default,13,mean_pooled,word_novel,2,0.347193,0.027425
default,13,mean_pooled,word_novel,3,0.405791,0.029948
default,13,mean_pooled,word_novel,4,0.433981,0.033846
default,13,mean_pooled,word_novel,5,0.448135,0.033092
default,13,mean_pooled,word_novel,6,0.458184,0.031902
default,13,mean_pooled,word_novel,7,0.462281,0.032629
default,13,mean_pooled,word_novel,8,0.465629,0.03157
default,13,mean_pooled,word_novel,9,0.468994,0.030324
default,13,mean_pooled,word_novel,10,0.470306,0.030821
default,13,mean_pooled,word_novel,11,0.471164,0.030468
default,13,mean_pooled,word_novel,12,0.471921,0.029753
default,13,mean_pooled,word_novel,13,0.472633,0.030093
default,13,mean_pooled,word_novel,14,0.473075,0.029666
default,13,mean_pooled,word_novel,15,0.473518,0.02917
default,13,words_only,pair_novel,1,0.206197,0.00556
default,13,words_only,pair_novel,2,0.315657,0.004891
default,13,words_only,pair_novel,3,0.369204,0.005206
default,13,words_only,pair_novel,4,0.395503,0.004566
default,13,words_only,pair_novel,5,0.410912,0.004934
default,13,words_only,pair_novel,6,0.420741,0.005071
default,13,words_only,pair_novel,7,0.426994,0.00509
default,13,words_only,pair_novel,8,0.43104,0.005023
default,13,words_only,pair_novel,9,0.434234,0.004919
default,13,words_only,pair_novel,10,0.436432,0.00513
default,13,words_only,pair_novel,11,0.438068,0.005124
default,13,words_only,pair_novel,12,0.439345,0.005143
default,13,words_only,pair_novel,13,0.440357,0.005161
default,13,words_only,pair_novel,14,0.4411,0.005039
default,13,words_only,pair_novel,15,0.441646,0.005115
default,13,words_only,word_novel,1,0.206853,0.023789
default,13,words_only,word_novel,2,0.311143,0.020331
default,13,words_only,word_novel,3,0.360439,0.025582
default,13,words_only,word_novel,4,0.382408,0.027124
default,13,words_only,word_novel,5,0.396622,0.032633
default,13,words_only,word_novel,6,0.405692,0.03097
default,13,words_only,word_novel,7,0.410827,0.031897
default,13,words_only,word_novel,8,0.414361,0.032376
default,13,words_only,word_novel,9,0.416045,0.032833
default,13,words_only,word_novel,10,0.418106,0.032875
default,13,words_only,word_novel,11,0.419899,0.033788
default,13,words_only,word_novel,12,0.421176,0.034203
default,13,words_only,word_novel,13,0.422086,0.034123
default,13,words_only,word_novel,14,0.42264,0.033937
default,13,words_only,word_novel,15,0.423452,0.034057
default,14,mean_pooled,pair_novel,1,0.207564,0.005463
default,14,mean_pooled,pair_novel,2,0.315944,0.00594
default,14,mean_pooled,pair_novel,3,0.377998,0.004584
default,14,mean_pooled,pair_novel,4,0.425039,0.004696
default,14,mean_pooled,pair_novel,5,0.4472,0.005092
default,14,mean_pooled,pair_novel,6,0.462581,0.005112
default,14,mean_pooled,pair_novel,7,0.471985,0.004692
default,14,mean_pooled,pair_novel,8,0.478428,0.005103
default,14,mean_pooled,pair_novel,9,0.482551,0.005121
default,14,mean_pooled,pair_novel,10,0.484987,0.005348
default,14,mean_pooled,pair_novel,11,0.48722,0.005258
default,14,mean_pooled,pair_novel,12,0.488853,0.005249
default,14,mean_pooled,pair_novel,13,0.490089,0.005397
default,14,mean_pooled,pair_novel,14,0.490912,0.005442
default,14,mean_pooled,pair_novel,15,0.49147,0.005546
default,14,mean_pooled,word_novel,1,0.207904,0.023681
default,14,mean_pooled,word_novel,2,0.310029,0.024867
default,14,mean_pooled,word_novel,3,0.368056,0.028603
default,14,mean_pooled,word_novel,4,0.409977,0.02909
default,14,mean_pooled,word_novel,5,0.431226,0.032975
default,14,mean_pooled,word_novel,6,0.444354,0.029974
default,14,mean_pooled,word_novel,7,0.452261,0.02897
default,14,mean_pooled,word_novel,8,0.457173,0.029535
default,14,mean_pooled,word_novel,9,0.460343,0.028488
default,14,mean_pooled,word_novel,10,0.462765,0.028084
default,14,mean_pooled,word_novel,11,0.463553,0.02848
default,14,mean_pooled,word_novel,12,0.464795,0.026964
default,14,mean_pooled,word_novel,13,0.465582,0.027617
default,14,mean_pooled,word_novel,14,0.466422,0.027455
default,14,mean_pooled,word_novel,15,0.467026,0.026776
default,14,words_only,pair_novel,1,0.206586,0.005524
default,14,words_only,pair_novel,2,0.311636,0.004514
default,14,words_only,pair_novel,3,0.355038,0.004853
default,14,words_only,pair_novel,4,0.383787,0.004331
default,14,words_only,pair_novel,5,0.404612,0.004561
default,14,words_only,pair_novel,6,0.414979,0.004946
default,14,words_only,pair_novel,7,0.422626,0.004905
default,14,words_only,pair_novel,8,0.428157,0.00499
default,14,words_only,pair_novel,9,0.431625,0.004847
default,14,words_only,pair_novel,10,0.43399,0.004927
default,14,words_only,pair_novel,11,0.43572,0.005068
default,14,words_only,pair_novel,12,0.437078,0.005033
default,14,words_only,pair_novel,13,0.438156,0.005045
default,14,words_only,pair_novel,14,0.438855,0.004939
default,14,words_only,pair_novel,15,0.439427,0.004994
default,14,words_only,word_novel,1,0.207233,0.023886
default,14,words_only,word_novel,2,0.306713,0.02003
default,14,words_only,word_novel,3,0.348005,0.025113
default,14,words_only,word_novel,4,0.372861,0.024913
default,14,words_only,word_novel,5,0.390091,0.030966
default,14,words_only,word_novel,6,0.400594,0.031133
default,14,words_only,word_novel,7,0.406472,0.029812
default,14,words_only,word_novel,8,0.411228,0.031181
default,14,words_only,word_novel,9,0.412984,0.032251
default,14,words_only,word_novel,10,0.414809,0.032657
default,14,words_only,word_novel,11,0.416783,0.033328
default,14,words_only,word_novel,12,0.418108,0.033538
default,14,words_only,word_novel,13,0.419193,0.033335
default,14,words_only,word_novel,14,0.419745,0.033845
default,14,words_only,word_novel,15,0.420584,0.03383
default,15,mean_pooled,pair_novel,1,0.208627,0.005506
default,15,mean_pooled,pair_novel,2,0.338327,0.005215
default,15,mean_pooled,pair_novel,3,0.40467,0.004648
default,15,mean_pooled,pair_novel,4,0.436049,0.004738
default,15,mean_pooled,pair_novel,5,0.456295,0.005612
default,15,mean_pooled,pair_novel,6,0.4669,0.005063
default,15,mean_pooled,pair_novel,7,0.474828,0.005042
default,15,mean_pooled,pair_novel,8,0.479171,0.005048
default,15,mean_pooled,pair_novel,9,0.482632,0.005033
default,15,mean_pooled,pair_novel,10,0.485351,0.005003
default,15,mean_pooled,pair_novel,11,0.487385,0.005051
default,15,mean_pooled,pair_novel,12,0.488608,0.004816
default,15,mean_pooled,pair_novel,13,0.489499,0.00486
default,15,mean_pooled,pair_novel,14,0.490215,0.004917
default,15,mean_pooled,pair_novel,15,0.490729,0.004989
default,15,mean_pooled,word_novel,1,0.208982,0.023533
default,15,mean_pooled,word_novel,2,0.330965,0.028186
default,15,mean_pooled,word_novel,3,0.391646,0.025568
default,15,mean_pooled,word_novel,4,0.41962,0.030197
default,15,mean_pooled,word_novel,5,0.438177,0.03167
default,15,mean_pooled,word_novel,6,0.446753,0.029691
default,15,mean_pooled,word_novel,7,0.453386,0.030158
default,15,mean_pooled,word_novel,8,0.456163,0.030225
default,15,mean_pooled,word_novel,9,0.459639,0.02912
default,15,mean_pooled,word_novel,10,0.461403,0.030128
default,15,mean_pooled,word_novel,11,0.462589,0.029061
default,15,mean_pooled,word_novel,12,0.463244,0.028934
default,15,mean_pooled,word_novel,13,0.463659,0.029466
default,15,mean_pooled,word_novel,14,0.464395,0.029615
default,15,mean_pooled,word_novel,15,0.465457,0.029235
default,15,words_only,pair_novel,1,0.205887,0.005571
default,15,words_only,pair_novel,2,0.313685,0.004612
default,15,words_only,pair_novel,3,0.365712,0.004419
default,15,words_only,pair_novel,4,0.387321,0.004216
default,15,words_only,pair_novel,5,0.405799,0.004708
default,15,words_only,pair_novel,6,0.415138,0.004782
default,15,words_only,pair_novel,7,0.421456,0.004737
default,15,words_only,pair_novel,8,0.426557,0.00498
default,15,words_only,pair_novel,9,0.429665,0.0048
default,15,words_only,pair_novel,10,0.431979,0.005053
default,15,words_only,pair_novel,11,0.433577,0.005192
default,15,words_only,pair_novel,12,0.434773,0.005157
default,15,words_only,pair_novel,13,0.435739,0.005174
default,15,words_only,pair_novel,14,0.436441,0.005027
default,15,words_only,pair_novel,15,0.437,0.005087
default,15,words_only,word_novel,1,0.206569,0.023658
default,15,words_only,word_novel,2,0.309021,0.020293
default,15,words_only,word_novel,3,0.35695,0.02483
default,15,words_only,word_novel,4,0.375232,0.023862
default,15,words_only,word_novel,5,0.391304,0.029354
default,15,words_only,word_novel,6,0.400131,0.02807
default,15,words_only,word_novel,7,0.404754,0.027381
default,15,words_only,word_novel,8,0.408993,0.028935
default,15,words_only,word_novel,9,0.410289,0.030343
default,15,words_only,word_novel,10,0.412416,0.031239
default,15,words_only,word_novel,11,0.414025,0.031867
default,15,words_only,word_novel,12,0.415149,0.032301
default,15,words_only,word_novel,13,0.415983,0.031959
default,15,words_only,word_novel,14,0.416346,0.03209
default,15,words_only,word_novel,15,0.416959,0.032016
default,16,mean_pooled,pair_novel,1,0.210205,0.0055
default,16,mean_pooled,pair_novel,2,0.341818,0.004926
default,16,mean_pooled,pair_novel,3,0.410267,0.004333
default,16,mean_pooled,pair_novel,4,0.436405,0.004632
default,16,mean_pooled,pair_novel,5,0.457676,0.005585
default,16,mean_pooled,pair_novel,6,0.468055,0.005144
default,16,mean_pooled,pair_novel,7,0.47545,0.005257
default,16,mean_pooled,pair_novel,8,0.479896,0.00527
default,16,mean_pooled,pair_novel,9,0.483025,0.005215
default,16,mean_pooled,pair_novel,10,0.48542,0.005328
default,16,mean_pooled,pair_novel,11,0.487191,0.005485
default,16,mean_pooled,pair_novel,12,0.488417,0.005488
default,16,mean_pooled,pair_novel,13,0.48911,0.005524
default,16,mean_pooled,pair_novel,14,0.48972,0.005442
default,16,mean_pooled,pair_novel,15,0.490215,0.005538
default,16,mean_pooled,word_novel,1,0.210555,0.023612
default,16,mean_pooled,word_novel,2,0.332872,0.027161
default,16,mean_pooled,word_novel,3,0.395802,0.026324
default,16,mean_pooled,word_novel,4,0.419555,0.031635
default,16,mean_pooled,word_novel,5,0.44031,0.03067
default,16,mean_pooled,word_novel,6,0.44811,0.029959
default,16,mean_pooled,word_novel,7,0.454779,0.029882
default,16,mean_pooled,word_novel,8,0.458177,0.030544
default,16,mean_pooled,word_novel,9,0.460924,0.029654
default,16,mean_pooled,word_novel,10,0.462259,0.030479
default,16,mean_pooled,word_novel,11,0.463358,0.029647
default,16,mean_pooled,word_novel,12,0.463488,0.029986
default,16,mean_pooled,word_novel,13,0.463748,0.030051
default,16,mean_pooled,word_novel,14,0.464287,0.029576
default,16,mean_pooled,word_novel,15,0.464847,0.029997
default,16,words_only,pair_novel,1,0.205975,0.005549
default,16,words_only,pair_novel,2,0.312499,0.004338
default,16,words_only,pair_novel,3,0.362217,0.004215
default,16,words_only,pair_novel,4,0.388646,0.003927
default,16,words_only,pair_novel,5,0.406533,0.004429
default,16,words_only,pair_novel,6,0.415544,0.004442
default,16,words_only,pair_novel,7,0.421696,0.004505
default,16,words_only,pair_novel,8,0.4259,0.004678
default,16,words_only,pair_novel,9,0.428495,0.00448
default,16,words_only,pair_novel,10,0.430487,0.004577
default,16,words_only,pair_novel,11,0.431922,0.004885
default,16,words_only,pair_novel,12,0.432962,0.004916
default,16,words_only,pair_novel,13,0.433718,0.004931
default,16,words_only,pair_novel,14,0.434301,0.00475
default,16,words_only,pair_novel,15,0.434746,0.004813
default,16,words_only,word_novel,1,0.206812,0.023801
default,16,words_only,word_novel,2,0.307969,0.020172
default,16,words_only,word_novel,3,0.353958,0.025031
default,16,words_only,word_novel,4,0.376931,0.0244
default,16,words_only,word_novel,5,0.391995,0.028633
default,16,words_only,word_novel,6,0.400302,0.02741
default,16,words_only,word_novel,7,0.404966,0.027297
default,16,words_only,word_novel,8,0.408282,0.028461
default,16,words_only,word_novel,9,0.409123,0.029015
default,16,words_only,word_novel,10,0.410765,0.029446
default,16,words_only,word_novel,11,0.412373,0.029601
default,16,words_only,word_novel,12,0.413338,0.029827
default,16,words_only,word_novel,13,0.414054,0.030315
default,16,words_only,word_novel,14,0.414481,0.029944
default,16,words_only,word_novel,15,0.41482,0.029805
default,17,mean_pooled,pair_novel,1,0.209575,0.00556
default,17,mean_pooled,pair_novel,2,0.340993,0.005137
default,17,mean_pooled,pair_novel,3,0.399932,0.005357
default,17,mean_pooled,pair_novel,4,0.42996,0.005285
default,17,mean_pooled,pair_novel,5,0.450434,0.006235
default,17,mean_pooled,pair_novel,6,0.459903,0.006125
default,17,mean_pooled,pair_novel,7,0.468493,0.00613
default,17,mean_pooled,pair_novel,8,0.474245,0.006296
default,17,mean_pooled,pair_novel,9,0.477291,0.006267
default,17,mean_pooled,pair_novel,10,0.479875,0.006198
default,17,mean_pooled,pair_novel,11,0.481197,0.006416
default,17,mean_pooled,pair_novel,12,0.482448,0.006528
default,17,mean_pooled,pair_novel,13,0.483345,0.006594
default,17,mean_pooled,pair_novel,14,0.483939,0.006563
default,17,mean_pooled,pair_novel,15,0.484425,0.006639
default,17,mean_pooled,word_novel,1,0.209952,0.023408
default,17,mean_pooled,word_novel,2,0.332186,0.027309
default,17,mean_pooled,word_novel,3,0.386243,0.025929
default,17,mean_pooled,word_novel,4,0.41352,0.030936
default,17,mean_pooled,word_novel,5,0.432748,0.031579
default,17,mean_pooled,word_novel,6,0.440234,0.030162
default,17,mean_pooled,word_novel,7,0.447663,0.03017
default,17,mean_pooled,word_novel,8,0.452602,0.030139
default,17,mean_pooled,word_novel,9,0.454804,0.029386
default,17,mean_pooled,word_novel,10,0.455717,0.03075
default,17,mean_pooled,word_novel,11,0.456369,0.031055
default,17,mean_pooled,word_novel,12,0.456957,0.031843
default,17,mean_pooled,word_novel,13,0.457789,0.032221
default,17,mean_pooled,word_novel,14,0.458637,0.031969
default,17,mean_pooled,word_novel,15,0.459276,0.03156
default,17,words_only,pair_novel,1,0.206287,0.005543
default,17,words_only,pair_novel,2,0.295271,0.004371
default,17,words_only,pair_novel,3,0.353663,0.004487
default,17,words_only,pair_novel,4,0.385025,0.003969
default,17,words_only,pair_novel,5,0.404338,0.004096
default,17,words_only,pair_novel,6,0.411554,0.004276
default,17,words_only,pair_novel,7,0.418534,0.004161
default,17,words_only,pair_novel,8,0.42345,0.00427
default,17,words_only,pair_novel,9,0.42603,0.004208
default,17,words_only,pair_novel,10,0.428121,0.004154
default,17,words_only,pair_novel,11,0.429772,0.004428
default,17,words_only,pair_novel,12,0.431037,0.004517
default,17,words_only,pair_novel,13,0.431854,0.004523
default,17,words_only,pair_novel,14,0.432501,0.004509
default,17,words_only,pair_novel,15,0.432905,0.004459
default,17,words_only,word_novel,1,0.207166,0.023859
default,17,words_only,word_novel,2,0.292946,0.020748
default,17,words_only,word_novel,3,0.346012,0.025366
default,17,words_only,word_novel,4,0.373501,0.025684
default,17,words_only,word_novel,5,0.390132,0.027689
default,17,words_only,word_novel,6,0.397265,0.028402
default,17,words_only,word_novel,7,0.40335,0.027396
default,17,words_only,word_novel,8,0.407343,0.028372
default,17,words_only,word_novel,9,0.409211,0.02937
default,17,words_only,word_novel,10,0.410051,0.030125
default,17,words_only,word_novel,11,0.411789,0.029837
default,17,words_only,word_novel,12,0.412469,0.03014
default,17,words_only,word_novel,13,0.413463,0.02974
default,17,words_only,word_novel,14,0.413686,0.030193
default,17,words_only,word_novel,15,0.414276,0.029924
default,18,mean_pooled,pair_novel,1,0.21043,0.005551
default,18,mean_pooled,pair_novel,2,0.332571,0.005486
default,18,mean_pooled,pair_novel,3,0.388503,0.005921
default,18,mean_pooled,pair_novel,4,0.42479,0.005432
default,18,mean_pooled,pair_novel,5,0.439368,0.006205
default,18,mean_pooled,pair_novel,6,0.448547,0.006242
default,18,mean_pooled,pair_novel,7,0.458904,0.005941
default,18,mean_pooled,pair_novel,8,0.46503,0.006134
default,18,mean_pooled,pair_novel,9,0.468489,0.006095
default,18,mean_pooled,pair_novel,10,0.471241,0.006182
default,18,mean_pooled,pair_novel,11,0.473314,0.006042
default,18,mean_pooled,pair_novel,12,0.474809,0.006175
default,18,mean_pooled,pair_novel,13,0.475926,0.006022
default,18,mean_pooled,pair_novel,14,0.476565,0.006031
default,18,mean_pooled,pair_novel,15,0.477083,0.006067
default,18,mean_pooled,word_novel,1,0.210776,0.023511
default,18,mean_pooled,word_novel,2,0.32392,0.025755
default,18,mean_pooled,word_novel,3,0.376008,0.025733
default,18,mean_pooled,word_novel,4,0.407535,0.030394
default,18,mean_pooled,word_novel,5,0.422155,0.029904
default,18,mean_pooled,word_novel,6,0.430435,0.031129
default,18,mean_pooled,word_novel,7,0.438361,0.03028
default,18,mean_pooled,word_novel,8,0.444476,0.028202
default,18,mean_pooled,word_novel,9,0.446998,0.028206
default,18,mean_pooled,word_novel,10,0.448861,0.029736
default,18,mean_pooled,word_novel,11,0.450013,0.029221
default,18,mean_pooled,word_novel,12,0.450825,0.029965
default,18,mean_pooled,word_novel,13,0.451303,0.029541
default,18,mean_pooled,word_novel,14,0.452142,0.029671
default,18,mean_pooled,word_novel,15,0.452693,0.029646
default,18,words_only,pair_novel,1,0.209348,0.005498
default,18,words_only,pair_novel,2,0.278781,0.004371
default,18,words_only,pair_novel,3,0.337051,0.004441
default,18,words_only,pair_novel,4,0.377917,0.004127
default,18,words_only,pair_novel,5,0.399714,0.004535
default,18,words_only,pair_novel,6,0.406625,0.004498
default,18,words_only,pair_novel,7,0.412921,0.004493
default,18,words_only,pair_novel,8,0.417628,0.004599
default,18,words_only,pair_novel,9,0.420234,0.00461
default,18,words_only,pair_novel,10,0.422156,0.004417
default,18,words_only,pair_novel,11,0.423884,0.00454
default,18,words_only,pair_novel,12,0.425037,0.004636
default,18,words_only,pair_novel,13,0.425855,0.004701
default,18,words_only,pair_novel,14,0.426397,0.00454
default,18,words_only,pair_novel,15,0.42678,0.004498
default,18,words_only,word_novel,1,0.210495,0.024348
default,18,words_only,word_novel,2,0.277124,0.022689
default,18,words_only,word_novel,3,0.330561,0.024263
default,18,words_only,word_novel,4,0.367062,0.025213
default,18,words_only,word_novel,5,0.385427,0.028797
default,18,words_only,word_novel,6,0.391814,0.027979
default,18,words_only,word_novel,7,0.397081,0.027478
default,18,words_only,word_novel,8,0.400323,0.027419
default,18,words_only,word_novel,9,0.402412,0.028184
default,18,words_only,word_novel,10,0.403231,0.028742
default,18,words_only,word_novel,11,0.404722,0.028949
default,18,words_only,word_novel,12,0.4056,0.029487
default,18,words_only,word_novel,13,0.406397,0.029206
default,18,words_only,word_novel,14,0.406794,0.029288
default,18,words_only,word_novel,15,0.407195,0.029207
default,19,mean_pooled,pair_novel,1,0.209307,0.005496
default,19,mean_pooled,pair_novel,2,0.310685,0.005889
default,19,mean_pooled,pair_novel,3,0.359025,0.005231
default,19,mean_pooled,pair_novel,4,0.395128,0.005552
default,19,mean_pooled,pair_novel,5,0.424345,0.00581
default,19,mean_pooled,pair_novel,6,0.437023,0.006555
default,19,mean_pooled,pair_novel,7,0.447054,0.006234
default,19,mean_pooled,pair_novel,8,0.453972,0.006196
default,19,mean_pooled,pair_novel,9,0.457747,0.006074
default,19,mean_pooled,pair_novel,10,0.461123,0.005829
default,19,mean_pooled,pair_novel,11,0.463528,0.005902
default,19,mean_pooled,pair_novel,12,0.464894,0.006098
default,19,mean_pooled,pair_novel,13,0.466205,0.006015
default,19,mean_pooled,pair_novel,14,0.466936,0.006
default,19,mean_pooled,pair_novel,15,0.467406,0.006066
default,19,mean_pooled,word_novel,1,0.210094,0.023872
default,19,mean_pooled,word_novel,2,0.301813,0.026502
default,19,mean_pooled,word_novel,3,0.348336,0.027685
default,19,mean_pooled,word_novel,4,0.381091,0.027299
default,19,mean_pooled,word_novel,5,0.408017,0.030314
default,19,mean_pooled,word_novel,6,0.419195,0.030185
default,19,mean_pooled,word_novel,7,0.427771,0.030063
default,19,mean_pooled,word_novel,8,0.434034,0.028141
default,19,mean_pooled,word_novel,9,0.436904,0.027283
default,19,mean_pooled,word_novel,10,0.440094,0.028508
default,19,mean_pooled,word_novel,11,0.441516,0.027474
default,19,mean_pooled,word_novel,12,0.441939,0.028343
default,19,mean_pooled,word_novel,13,0.442842,0.027674
default,19,mean_pooled,word_novel,14,0.443633,0.027696
default,19,mean_pooled,word_novel,15,0.444057,0.027995
default,19,words_only,pair_novel,1,0.208997,0.005415
default,19,words_only,pair_novel,2,0.295162,0.004034
default,19,words_only,pair_novel,3,0.323888,0.00459
default,19,words_only,pair_novel,4,0.369566,0.004232
default,19,words_only,pair_novel,5,0.388143,0.004634
default,19,words_only,pair_novel,6,0.399963,0.004924
default,19,words_only,pair_novel,7,0.406276,0.004898
default,19,words_only,pair_novel,8,0.411052,0.004868
default,19,words_only,pair_novel,9,0.414179,0.004821
default,19,words_only,pair_novel,10,0.416398,0.004798
default,19,words_only,pair_novel,11,0.418181,0.004674
default,19,words_only,pair_novel,12,0.419173,0.004792
default,19,words_only,pair_novel,13,0.419997,0.004818
default,19,words_only,pair_novel,14,0.420588,0.004835
default,19,words_only,pair_novel,15,0.420998,0.004719
default,19,words_only,word_novel,1,0.210578,0.02463
default,19,words_only,word_novel,2,0.290617,0.021669
default,19,words_only,word_novel,3,0.317526,0.022567
default,19,words_only,word_novel,4,0.358714,0.026689
default,19,words_only,word_novel,5,0.374679,0.028093
default,19,words_only,word_novel,6,0.384831,0.028824
default,19,words_only,word_novel,7,0.389669,0.028842
default,19,words_only,word_novel,8,0.393836,0.028222
default,19,words_only,word_novel,9,0.395885,0.028329
default,19,words_only,word_novel,10,0.398202,0.029156
default,19,words_only,word_novel,11,0.399171,0.029622
default,19,words_only,word_novel,12,0.400037,0.029656
default,19,words_only,word_novel,13,0.40062,0.029646
default,19,words_only,word_novel,14,0.401101,0.030118
default,19,words_only,word_novel,15,0.401674,0.029888
default,20,mean_pooled,pair_novel,1,0.205047,0.005384
default,20,mean_pooled,pair_novel,2,0.304943,0.005802
default,20,mean_pooled,pair_novel,3,0.344372,0.004824
default,20,mean_pooled,pair_novel,4,0.381066,0.005211
default,20,mean_pooled,pair_novel,5,0.407955,0.004965
default,20,mean_pooled,pair_novel,6,0.420831,0.005291
default,20,mean_pooled,pair_novel,7,0.432394,0.005949
default,20,mean_pooled,pair_novel,8,0.439971,0.005508
default,20,mean_pooled,pair_novel,9,0.445381,0.005577
default,20,mean_pooled,pair_novel,10,0.448997,0.005316
default,20,mean_pooled,pair_novel,11,0.451895,0.005342
default,20,mean_pooled,pair_novel,12,0.453767,0.005506
default,20,mean_pooled,pair_novel,13,0.454988,0.005356
default,20,mean_pooled,pair_novel,14,0.455979,0.005245
default,20,mean_pooled,pair_novel,15,0.456578,0.005266
default,20,mean_pooled,word_novel,1,0.206219,0.024109
default,20,mean_pooled,word_novel,2,0.295617,0.024239
default,20,mean_pooled,word_novel,3,0.333125,0.026991
default,20,mean_pooled,word_novel,4,0.367462,0.025743
default,20,mean_pooled,word_novel,5,0.391363,0.029033
default,20,mean_pooled,word_novel,6,0.403531,0.027617
default,20,mean_pooled,word_novel,7,0.412723,0.02933
default,20,mean_pooled,word_novel,8,0.419469,0.027847
default,20,mean_pooled,word_novel,9,0.424698,0.025651
default,20,mean_pooled,word_novel,10,0.427552,0.027374
default,20,mean_pooled,word_novel,11,0.430334,0.027722
default,20,mean_pooled,word_novel,12,0.430362,0.027631
default,20,mean_pooled,word_novel,13,0.430901,0.028021
default,20,mean_pooled,word_novel,14,0.431634,0.028
default,20,mean_pooled,word_novel,15,0.431931,0.027654
default,20,words_only,pair_novel,1,0.208571,0.005483
default,20,words_only,pair_novel,2,0.285885,0.004469
default,20,words_only,pair_novel,3,0.313903,0.004563
default,20,words_only,pair_novel,4,0.356714,0.004302
default,20,words_only,pair_novel,5,0.369998,0.004406
default,20,words_only,pair_novel,6,0.383246,0.004578
default,20,words_only,pair_novel,7,0.395483,0.0048
default,20,words_only,pair_novel,8,0.401461,0.004723
default,20,words_only,pair_novel,9,0.405549,0.004553
default,20,words_only,pair_novel,10,0.408729,0.00459
default,20,words_only,pair_novel,11,0.410475,0.004276
default,20,words_only,pair_novel,12,0.411716,0.004312
default,20,words_only,pair_novel,13,0.412488,0.004421
default,20,words_only,pair_novel,14,0.413161,0.004495
default,20,words_only,pair_novel,15,0.413649,0.004295
default,20,words_only,word_novel,1,0.210371,0.024092
default,20,words_only,word_novel,2,0.282321,0.021982
default,20,words_only,word_novel,3,0.308432,0.02454
default,20,words_only,word_novel,4,0.346303,0.026201
default,20,words_only,word_novel,5,0.357593,0.026616
default,20,words_only,word_novel,6,0.369333,0.027294
default,20,words_only,word_novel,7,0.379054,0.029515
default,20,words_only,word_novel,8,0.384693,0.029515
default,20,words_only,word_novel,9,0.38756,0.028723
default,20,words_only,word_novel,10,0.390348,0.02854
default,20,words_only,word_novel,11,0.391258,0.029415
default,20,words_only,word_novel,12,0.391943,0.030445
default,20,words_only,word_novel,13,0.392673,0.030168
default,20,words_only,word_novel,14,0.393176,0.030463
default,20,words_only,word_novel,15,0.393767,0.030456
default,21,mean_pooled,pair_novel,1,0.20309,0.005192
default,21,mean_pooled,pair_novel,2,0.268448,0.006235
default,21,mean_pooled,pair_novel,3,0.331636,0.004822
default,21,mean_pooled,pair_novel,4,0.374462,0.004983
default,21,mean_pooled,pair_novel,5,0.405687,0.004537
default,21,mean_pooled,pair_novel,6,0.418197,0.004964
default,21,mean_pooled,pair_novel,7,0.426084,0.005001
default,21,mean_pooled,pair_novel,8,0.432008,0.004826
default,21,mean_pooled,pair_novel,9,0.437786,0.004964
default,21,mean_pooled,pair_novel,10,0.441391,0.004838
default,21,mean_pooled,pair_novel,11,0.444325,0.004873
default,21,mean_pooled,pair_novel,12,0.445972,0.004998
default,21,mean_pooled,pair_novel,13,0.447127,0.004862
default,21,mean_pooled,pair_novel,14,0.448069,0.004748
default,21,mean_pooled,pair_novel,15,0.448678,0.004723
default,21,mean_pooled,word_novel,1,0.204636,0.023717
default,21,mean_pooled,word_novel,2,0.262443,0.020757
default,21,mean_pooled,word_novel,3,0.320838,0.027575
default,21,mean_pooled,word_novel,4,0.360498,0.027382
default,21,mean_pooled,word_novel,5,0.386928,0.026363
default,21,mean_pooled,word_novel,6,0.398807,0.027243
default,21,mean_pooled,word_novel,7,0.403929,0.028258
default,21,mean_pooled,word_novel,8,0.410168,0.027824
default,21,mean_pooled,word_novel,9,0.415677,0.025786
default,21,mean_pooled,word_novel,10,0.418425,0.027787
default,21,mean_pooled,word_novel,11,0.421274,0.028288
default,21,mean_pooled,word_novel,12,0.421377,0.027679
default,21,mean_pooled,word_novel,13,0.421969,0.027609
default,21,mean_pooled,word_novel,14,0.422611,0.027845
default,21,mean_pooled,word_novel,15,0.422969,0.027726
default,21,words_only,pair_novel,1,0.205418,0.005559
default,21,words_only,pair_novel,2,0.285486,0.004731
default,21,words_only,pair_novel,3,0.33863,0.004374
default,21,words_only,pair_novel,4,0.350937,0.00402
default,21,words_only,pair_novel,5,0.369366,0.004424
default,21,words_only,pair_novel,6,0.376682,0.004265
default,21,words_only,pair_novel,7,0.387671,0.004273
default,21,words_only,pair_novel,8,0.393478,0.004247
default,21,words_only,pair_novel,9,0.397885,0.003985
default,21,words_only,pair_novel,10,0.401199,0.004152
default,21,words_only,pair_novel,11,0.40287,0.003967
default,21,words_only,pair_novel,12,0.404235,0.003706
default,21,words_only,pair_novel,13,0.405032,0.003826
default,21,words_only,pair_novel,14,0.405589,0.003902
default,21,words_only,pair_novel,15,0.406016,0.003884
default,21,words_only,word_novel,1,0.207364,0.023347
default,21,words_only,word_novel,2,0.282592,0.024257
default,21,words_only,word_novel,3,0.330994,0.024079
default,21,words_only,word_novel,4,0.344436,0.023236
default,21,words_only,word_novel,5,0.357106,0.02586
default,21,words_only,word_novel,6,0.364054,0.025991
default,21,words_only,word_novel,7,0.372828,0.027526
default,21,words_only,word_novel,8,0.378506,0.027836
default,21,words_only,word_novel,9,0.381435,0.027998
default,21,words_only,word_novel,10,0.384355,0.026594
default,21,words_only,word_novel,11,0.385936,0.027637
default,21,words_only,word_novel,12,0.386671,0.028415
default,21,words_only,word_novel,13,0.387656,0.028671
default,21,words_only,word_novel,14,0.388135,0.028394
default,21,words_only,word_novel,15,0.388535,0.028577
default,22,mean_pooled,pair_novel,1,0.204853,0.004964
default,22,mean_pooled,pair_novel,2,0.265786,0.006195
default,22,mean_pooled,pair_novel,3,0.32963,0.004506
default,22,mean_pooled,pair_novel,4,0.366213,0.004411
default,22,mean_pooled,pair_novel,5,0.398308,0.00432
default,22,mean_pooled,pair_novel,6,0.412069,0.004755
default,22,mean_pooled,pair_novel,7,0.420297,0.0049
default,22,mean_pooled,pair_novel,8,0.426283,0.005321
default,22,mean_pooled,pair_novel,9,0.4309,0.005124
default,22,mean_pooled,pair_novel,10,0.433934,0.005183
default,22,mean_pooled,pair_novel,11,0.43596,0.00529
default,22,mean_pooled,pair_novel,12,0.437335,0.00538
default,22,mean_pooled,pair_novel,13,0.438297,0.005216
default,22,mean_pooled,pair_novel,14,0.43914,0.00515
default,22,mean_pooled,pair_novel,15,0.439631,0.005219
default,22,mean_pooled,word_novel,1,0.206054,0.023204
default,22,mean_pooled,word_novel,2,0.259915,0.021553
default,22,mean_pooled,word_novel,3,0.318778,0.025658
default,22,mean_pooled,word_novel,4,0.35186,0.026218
default,22,mean_pooled,word_novel,5,0.381236,0.023994
default,22,mean_pooled,word_novel,6,0.391741,0.026612
default,22,mean_pooled,word_novel,7,0.39857,0.02749
default,22,mean_pooled,word_novel,8,0.404444,0.025726
default,22,mean_pooled,word_novel,9,0.408222,0.025893
default,22,mean_pooled,word_novel,10,0.411492,0.027294
default,22,mean_pooled,word_novel,11,0.413018,0.028011
default,22,mean_pooled,word_novel,12,0.413063,0.027119
default,22,mean_pooled,word_novel,13,0.413489,0.027685
default,22,mean_pooled,word_novel,14,0.41393,0.026815
default,22,mean_pooled,word_novel,15,0.414371,0.026939
default,22,words_only,pair_novel,1,0.20589,0.005401
default,22,words_only,pair_novel,2,0.261922,0.004806
default,22,words_only,pair_novel,3,0.296282,0.004739
default,22,words_only,pair_novel,4,0.341819,0.004551
default,22,words_only,pair_novel,5,0.365476,0.004212
default,22,words_only,pair_novel,6,0.37725,0.004074
default,22,words_only,pair_novel,7,0.384463,0.003973
default,22,words_only,pair_novel,8,0.388365,0.003666
default,22,words_only,pair_novel,9,0.39141,0.003578
default,22,words_only,pair_novel,10,0.394402,0.003839
default,22,words_only,pair_novel,11,0.395784,0.003578
default,22,words_only,pair_novel,12,0.396763,0.003616
default,22,words_only,pair_novel,13,0.397286,0.003659
default,22,words_only,pair_novel,14,0.397697,0.003652
default,22,words_only,pair_novel,15,0.397969,0.003577
default,22,words_only,word_novel,1,0.207623,0.022212
default,22,words_only,word_novel,2,0.260827,0.02269
default,22,words_only,word_novel,3,0.291798,0.025189
default,22,words_only,word_novel,4,0.332061,0.023927
default,22,words_only,word_novel,5,0.353348,0.024192
default,22,words_only,word_novel,6,0.363315,0.026718
default,22,words_only,word_novel,7,0.370675,0.02732
default,22,words_only,word_novel,8,0.373687,0.027165
default,22,words_only,word_novel,9,0.375613,0.027983
default,22,words_only,word_novel,10,0.378053,0.027575
default,22,words_only,word_novel,11,0.379114,0.028858
default,22,words_only,word_novel,12,0.379505,0.029592
default,22,words_only,word_novel,13,0.379862,0.029154
default,22,words_only,word_novel,14,0.3803,0.029284
default,22,words_only,word_novel,15,0.380783,0.029309
default,23,mean_pooled,pair_novel,1,0.210246,0.005201
default,23,mean_pooled,pair_novel,2,0.277846,0.005836
default,23,mean_pooled,pair_novel,3,0.326927,0.004121
default,23,mean_pooled,pair_novel,4,0.362191,0.005062
default,23,mean_pooled,pair_novel,5,0.382734,0.004914
default,23,mean_pooled,pair_novel,6,0.400241,0.004937
default,23,mean_pooled,pair_novel,7,0.410826,0.005119
default,23,mean_pooled,pair_novel,8,0.417536,0.00545
default,23,mean_pooled,pair_novel,9,0.421374,0.00544
default,23,mean_pooled,pair_novel,10,0.42411,0.005249
default,23,mean_pooled,pair_novel,11,0.425948,0.005431
default,23,mean_pooled,pair_novel,12,0.427248,0.005485
default,23,mean_pooled,pair_novel,13,0.428314,0.00573
default,23,mean_pooled,pair_novel,14,0.429113,0.005525
default,23,mean_pooled,pair_novel,15,0.429629,0.005443
default,23,mean_pooled,word_novel,1,0.210438,0.023266
default,23,mean_pooled,word_novel,2,0.269924,0.022373
default,23,mean_pooled,word_novel,3,0.315642,0.025152
default,23,mean_pooled,word_novel,4,0.348821,0.024456
default,23,mean_pooled,word_novel,5,0.366609,0.024713
default,23,mean_pooled,word_novel,6,0.381298,0.024185
default,23,mean_pooled,word_novel,7,0.389788,0.025593
default,23,mean_pooled,word_novel,8,0.395193,0.026498
default,23,mean_pooled,word_novel,9,0.398453,0.024905
default,23,mean_pooled,word_novel,10,0.400913,0.025858
default,23,mean_pooled,word_novel,11,0.403443,0.026671
default,23,mean_pooled,word_novel,12,0.404238,0.027035
default,23,mean_pooled,word_novel,13,0.404265,0.027102
default,23,mean_pooled,word_novel,14,0.404528,0.02671
default,23,mean_pooled,word_novel,15,0.404998,0.027178
default,23,words_only,pair_novel,1,0.213406,0.005583
default,23,words_only,pair_novel,2,0.24866,0.005181
default,23,words_only,pair_novel,3,0.288874,0.005059
default,23,words_only,pair_novel,4,0.32957,0.004255
default,23,words_only,pair_novel,5,0.357542,0.003904
default,23,words_only,pair_novel,6,0.367506,0.004051
default,23,words_only,pair_novel,7,0.376147,0.0036
default,23,words_only,pair_novel,8,0.381425,0.003506
default,23,words_only,pair_novel,9,0.38534,0.00328
default,23,words_only,pair_novel,10,0.387105,0.003224
default,23,words_only,pair_novel,11,0.389232,0.003595
default,23,words_only,pair_novel,12,0.390379,0.003492
default,23,words_only,pair_novel,13,0.391199,0.003621
default,23,words_only,pair_novel,14,0.391597,0.003664
default,23,words_only,pair_novel,15,0.391841,0.003695
default,23,words_only,word_novel,1,0.215275,0.022474
default,23,words_only,word_novel,2,0.248364,0.025138
default,23,words_only,word_novel,3,0.283375,0.02752
default,23,words_only,word_novel,4,0.321079,0.023695
default,23,words_only,word_novel,5,0.345707,0.025252
default,23,words_only,word_novel,6,0.354461,0.026704
default,23,words_only,word_novel,7,0.361438,0.027236
default,23,words_only,word_novel,8,0.366917,0.027482
default,23,words_only,word_novel,9,0.369591,0.028166
default,23,words_only,word_novel,10,0.370877,0.027396
default,23,words_only,word_novel,11,0.372762,0.027848
default,23,words_only,word_novel,12,0.373589,0.028406
default,23,words_only,word_novel,13,0.374613,0.028829
default,23,words_only,word_novel,14,0.374923,0.028489
default,23,words_only,word_novel,15,0.375597,0.028478
default,24,mean_pooled,pair_novel,1,0.255043,0.005058
default,24,mean_pooled,pair_novel,2,0.300233,0.005374
default,24,mean_pooled,pair_novel,3,0.348434,0.004657
default,24,mean_pooled,pair_novel,4,0.375422,0.004336
default,24,mean_pooled,pair_novel,5,0.388613,0.004416
default,24,mean_pooled,pair_novel,6,0.396914,0.004997
default,24,mean_pooled,pair_novel,7,0.401567,0.005465
default,24,mean_pooled,pair_novel,8,0.405149,0.005417
default,24,mean_pooled,pair_novel,9,0.407071,0.005266
default,24,mean_pooled,pair_novel,10,0.408788,0.00561
default,24,mean_pooled,pair_novel,11,0.410028,0.005678
default,24,mean_pooled,pair_novel,12,0.410882,0.00579
default,24,mean_pooled,pair_novel,13,0.411431,0.005829
default,24,mean_pooled,pair_novel,14,0.411856,0.005701
default,24,mean_pooled,pair_novel,15,0.412124,0.005679
default,24,mean_pooled,word_novel,1,0.248578,0.03057
default,24,mean_pooled,word_novel,2,0.292266,0.031294
default,24,mean_pooled,word_novel,3,0.33794,0.028043
default,24,mean_pooled,word_novel,4,0.361608,0.027124
default,24,mean_pooled,word_novel,5,0.372029,0.027858
default,24,mean_pooled,word_novel,6,0.379008,0.030191
default,24,mean_pooled,word_novel,7,0.382953,0.029988
default,24,mean_pooled,word_novel,8,0.385442,0.028105
default,24,mean_pooled,word_novel,9,0.386772,0.028118
default,24,mean_pooled,word_novel,10,0.388054,0.028851
default,24,mean_pooled,word_novel,11,0.388935,0.029723
default,24,mean_pooled,word_novel,12,0.388946,0.030023
default,24,mean_pooled,word_novel,13,0.389671,0.03001
default,24,mean_pooled,word_novel,14,0.389618,0.029083
default,24,mean_pooled,word_novel,15,0.389878,0.029669
default,24,words_only,pair_novel,1,0.183886,0.002868
default,24,words_only,pair_novel,2,0.280932,0.00478
default,24,words_only,pair_novel,3,0.314706,0.00514
default,24,words_only,pair_novel,4,0.342827,0.005073
default,24,words_only,pair_novel,5,0.360069,0.004156
default,24,words_only,pair_novel,6,0.372413,0.003999
default,24,words_only,pair_novel,7,0.376986,0.003918
default,24,words_only,pair_novel,8,0.381122,0.003954
default,24,words_only,pair_novel,9,0.383187,0.004231
default,24,words_only,pair_novel,10,0.384714,0.004249
default,24,words_only,pair_novel,11,0.38574,0.004242
default,24,words_only,pair_novel,12,0.38653,0.004399
default,24,words_only,pair_novel,13,0.38699,0.004459
default,24,words_only,pair_novel,14,0.387355,0.00446
default,24,words_only,pair_novel,15,0.387603,0.004439
default,24,words_only,word_novel,1,0.18192,0.025111
default,24,words_only,word_novel,2,0.278931,0.026651
default,24,words_only,word_novel,3,0.312786,0.028921
default,24,words_only,word_novel,4,0.336261,0.02771
default,24,words_only,word_novel,5,0.350449,0.028828
default,24,words_only,word_novel,6,0.359743,0.02827
default,24,words_only,word_novel,7,0.362482,0.030001
default,24,words_only,word_novel,8,0.364558,0.030433
default,24,words_only,word_novel,9,0.365595,0.031228
default,24,words_only,word_novel,10,0.366157,0.031671
default,24,words_only,word_novel,11,0.367057,0.031783
default,24,words_only,word_novel,12,0.367643,0.031342
default,24,words_only,word_novel,13,0.368037,0.031674
default,24,words_only,word_novel,14,0.368582,0.032097
default,24,words_only,word_novel,15,0.369044,0.031897
attn_zeroed,0,mean_pooled,pair_novel,1,0.202904,0.004384
attn_zeroed,0,mean_pooled,pair_novel,2,0.275879,0.005686
attn_zeroed,0,mean_pooled,pair_novel,3,0.300083,0.005402
attn_zeroed,0,mean_pooled,pair_novel,4,0.311476,0.00629
attn_zeroed,0,mean_pooled,pair_novel,5,0.316585,0.00618
attn_zeroed,0,mean_pooled,pair_novel,6,0.318792,0.006417
attn_zeroed,0,mean_pooled,pair_novel,7,0.319841,0.006656
attn_zeroed,0,mean_pooled,pair_novel,8,0.320364,0.006707
attn_zeroed,0,mean_pooled,pair_novel,9,0.320599,0.006685
attn_zeroed,0,mean_pooled,pair_novel,10,0.320711,0.006749
attn_zeroed,0,mean_pooled,pair_novel,11,0.320759,0.006786
attn_zeroed,0,mean_pooled,pair_novel,12,0.320798,0.006807
attn_zeroed,0,mean_pooled,pair_novel,13,0.320814,0.006797
attn_zeroed,0,mean_pooled,pair_novel,14,0.320829,0.006793
attn_zeroed,0,mean_pooled,pair_novel,15,0.320841,0.006775
attn_zeroed,0,mean_pooled,word_novel,1,0.190393,0.021649
attn_zeroed,0,mean_pooled,word_novel,2,0.244392,0.022402
attn_zeroed,0,mean_pooled,word_novel,3,0.253789,0.02027
attn_zeroed,0,mean_pooled,word_novel,4,0.250846,0.01891
attn_zeroed,0,mean_pooled,word_novel,5,0.246191,0.015726
attn_zeroed,0,mean_pooled,word_novel,6,0.242642,0.016353
attn_zeroed,0,mean_pooled,word_novel,7,0.240494,0.017175
attn_zeroed,0,mean_pooled,word_novel,8,0.239184,0.017795
attn_zeroed,0,mean_pooled,word_novel,9,0.238328,0.018084
attn_zeroed,0,mean_pooled,word_novel,10,0.237977,0.018314
attn_zeroed,0,mean_pooled,word_novel,11,0.237771,0.018587
attn_zeroed,0,mean_pooled,word_novel,12,0.237676,0.018811
attn_zeroed,0,mean_pooled,word_novel,13,0.237653,0.018781
attn_zeroed,0,mean_pooled,word_novel,14,0.237605,0.018817
attn_zeroed,0,mean_pooled,word_novel,15,0.237553,0.018774
attn_zeroed,0,words_only,pair_novel,1,0.121004,0.002733
attn_zeroed,0,words_only,pair_novel,2,0.205243,0.003796
attn_zeroed,0,words_only,pair_novel,3,0.235736,0.003973
attn_zeroed,0,words_only,pair_novel,4,0.246756,0.003805
attn_zeroed,0,words_only,pair_novel,5,0.251259,0.003799
attn_zeroed,0,words_only,pair_novel,6,0.253613,0.003911
attn_zeroed,0,words_only,pair_novel,7,0.254739,0.003941
attn_zeroed,0,words_only,pair_novel,8,0.255269,0.004053
attn_zeroed,0,words_only,pair_novel,9,0.255569,0.004001
attn_zeroed,0,words_only,pair_novel,10,0.255739,0.004042
attn_zeroed,0,words_only,pair_novel,11,0.255814,0.00398
attn_zeroed,0,words_only,pair_novel,12,0.255859,0.003976
attn_zeroed,0,words_only,pair_novel,13,0.25588,0.003987
attn_zeroed,0,words_only,pair_novel,14,0.2559,0.003971
attn_zeroed,0,words_only,pair_novel,15,0.255917,0.003978
attn_zeroed,0,words_only,word_novel,1,0.111369,0.019334
attn_zeroed,0,words_only,word_novel,2,0.184901,0.018739
attn_zeroed,0,words_only,word_novel,3,0.206561,0.018082
attn_zeroed,0,words_only,word_novel,4,0.212074,0.020291
attn_zeroed,0,words_only,word_novel,5,0.211266,0.018609
attn_zeroed,0,words_only,word_novel,6,0.210738,0.020657
attn_zeroed,0,words_only,word_novel,7,0.210024,0.020421
attn_zeroed,0,words_only,word_novel,8,0.209824,0.020031
attn_zeroed,0,words_only,word_novel,9,0.21003,0.020081
attn_zeroed,0,words_only,word_novel,10,0.210162,0.020198
attn_zeroed,0,words_only,word_novel,11,0.21026,0.020326
attn_zeroed,0,words_only,word_novel,12,0.210316,0.020441
attn_zeroed,0,words_only,word_novel,13,0.210373,0.020377
attn_zeroed,0,words_only,word_novel,14,0.210416,0.020396
attn_zeroed,0,words_only,word_novel,15,0.210459,0.02037
attn_zeroed,1,mean_pooled,pair_novel,1,0.26696,0.004909
attn_zeroed,1,mean_pooled,pair_novel,2,0.317654,0.007262
attn_zeroed,1,mean_pooled,pair_novel,3,0.346893,0.006736
attn_zeroed,1,mean_pooled,pair_novel,4,0.35757,0.007174
attn_zeroed,1,mean_pooled,pair_novel,5,0.364253,0.007385
attn_zeroed,1,mean_pooled,pair_novel,6,0.367799,0.007554
attn_zeroed,1,mean_pooled,pair_novel,7,0.370108,0.007432
attn_zeroed,1,mean_pooled,pair_novel,8,0.371713,0.007521
attn_zeroed,1,mean_pooled,pair_novel,9,0.372758,0.007561
attn_zeroed,1,mean_pooled,pair_novel,10,0.373667,0.007784
attn_zeroed,1,mean_pooled,pair_novel,11,0.374246,0.007733
attn_zeroed,1,mean_pooled,pair_novel,12,0.374651,0.007818
attn_zeroed,1,mean_pooled,pair_novel,13,0.374972,0.007882
attn_zeroed,1,mean_pooled,pair_novel,14,0.375209,0.007913
attn_zeroed,1,mean_pooled,pair_novel,15,0.375403,0.007955
attn_zeroed,1,mean_pooled,word_novel,1,0.261568,0.014934
attn_zeroed,1,mean_pooled,word_novel,2,0.302802,0.013751
attn_zeroed,1,mean_pooled,word_novel,3,0.319344,0.014903
attn_zeroed,1,mean_pooled,word_novel,4,0.323283,0.018495
attn_zeroed,1,mean_pooled,word_novel,5,0.323439,0.019526
attn_zeroed,1,mean_pooled,word_novel,6,0.322306,0.018569
attn_zeroed,1,mean_pooled,word_novel,7,0.320762,0.018552
attn_zeroed,1,mean_pooled,word_novel,8,0.320204,0.018803
attn_zeroed,1,mean_pooled,word_novel,9,0.319988,0.018505
attn_zeroed,1,mean_pooled,word_novel,10,0.32008,0.018958
attn_zeroed,1,mean_pooled,word_novel,11,0.320098,0.018472
attn_zeroed,1,mean_pooled,word_novel,12,0.320437,0.018423
attn_zeroed,1,mean_pooled,word_novel,13,0.320848,0.018317
attn_zeroed,1,mean_pooled,word_novel,14,0.321099,0.018446
attn_zeroed,1,mean_pooled,word_novel,15,0.321299,0.018586
attn_zeroed,1,words_only,pair_novel,1,0.233985,0.00435
attn_zeroed,1,words_only,pair_novel,2,0.297473,0.005856
attn_zeroed,1,words_only,pair_novel,3,0.322471,0.005768
attn_zeroed,1,words_only,pair_novel,4,0.332961,0.005796
attn_zeroed,1,words_only,pair_novel,5,0.33876,0.005598
attn_zeroed,1,words_only,pair_novel,6,0.342181,0.005705
attn_zeroed,1,words_only,pair_novel,7,0.344829,0.005824
attn_zeroed,1,words_only,pair_novel,8,0.346608,0.006044
attn_zeroed,1,words_only,pair_novel,9,0.347948,0.00596
attn_zeroed,1,words_only,pair_novel,10,0.34882,0.006056
attn_zeroed,1,words_only,pair_novel,11,0.349515,0.00595
attn_zeroed,1,words_only,pair_novel,12,0.350023,0.00607
attn_zeroed,1,words_only,pair_novel,13,0.350378,0.00608
attn_zeroed,1,words_only,pair_novel,14,0.35065,0.006127
attn_zeroed,1,words_only,pair_novel,15,0.350856,0.006177
attn_zeroed,1,words_only,word_novel,1,0.229601,0.015306
attn_zeroed,1,words_only,word_novel,2,0.28779,0.018095
attn_zeroed,1,words_only,word_novel,3,0.30406,0.0162
attn_zeroed,1,words_only,word_novel,4,0.307004,0.016752
attn_zeroed,1,words_only,word_novel,5,0.30959,0.020323
attn_zeroed,1,words_only,word_novel,6,0.310067,0.021055
attn_zeroed,1,words_only,word_novel,7,0.311565,0.020378
attn_zeroed,1,words_only,word_novel,8,0.3127,0.020415
attn_zeroed,1,words_only,word_novel,9,0.313471,0.020415
attn_zeroed,1,words_only,word_novel,10,0.31402,0.020524
attn_zeroed,1,words_only,word_novel,11,0.314841,0.02105
attn_zeroed,1,words_only,word_novel,12,0.315475,0.021754
attn_zeroed,1,words_only,word_novel,13,0.315866,0.021684
attn_zeroed,1,words_only,word_novel,14,0.316137,0.021666
attn_zeroed,1,words_only,word_novel,15,0.316143,0.021952
attn_zeroed,2,mean_pooled,pair_novel,1,0.284061,0.005428
attn_zeroed,2,mean_pooled,pair_novel,2,0.338935,0.006802
attn_zeroed,2,mean_pooled,pair_novel,3,0.367959,0.006744
attn_zeroed,2,mean_pooled,pair_novel,4,0.380043,0.006395
attn_zeroed,2,mean_pooled,pair_novel,5,0.385589,0.006438
attn_zeroed,2,mean_pooled,pair_novel,6,0.388813,0.006373
attn_zeroed,2,mean_pooled,pair_novel,7,0.391429,0.006068
attn_zeroed,2,mean_pooled,pair_novel,8,0.393275,0.006225
attn_zeroed,2,mean_pooled,pair_novel,9,0.394208,0.006285
attn_zeroed,2,mean_pooled,pair_novel,10,0.394785,0.006437
attn_zeroed,2,mean_pooled,pair_novel,11,0.395231,0.00651
attn_zeroed,2,mean_pooled,pair_novel,12,0.395486,0.006506
attn_zeroed,2,mean_pooled,pair_novel,13,0.39565,0.006487
attn_zeroed,2,mean_pooled,pair_novel,14,0.395775,0.006504
attn_zeroed,2,mean_pooled,pair_novel,15,0.395857,0.006466
attn_zeroed,2,mean_pooled,word_novel,1,0.278868,0.013481
attn_zeroed,2,mean_pooled,word_novel,2,0.321275,0.01938
attn_zeroed,2,mean_pooled,word_novel,3,0.336438,0.023165
attn_zeroed,2,mean_pooled,word_novel,4,0.339337,0.02592
attn_zeroed,2,mean_pooled,word_novel,5,0.341773,0.026355
attn_zeroed,2,mean_pooled,word_novel,6,0.341686,0.026093
attn_zeroed,2,mean_pooled,word_novel,7,0.342149,0.024615
attn_zeroed,2,mean_pooled,word_novel,8,0.341686,0.024187
attn_zeroed,2,mean_pooled,word_novel,9,0.342233,0.024498
attn_zeroed,2,mean_pooled,word_novel,10,0.342226,0.024191
attn_zeroed,2,mean_pooled,word_novel,11,0.342638,0.024498
attn_zeroed,2,mean_pooled,word_novel,12,0.342721,0.024705
attn_zeroed,2,mean_pooled,word_novel,13,0.343086,0.024738
attn_zeroed,2,mean_pooled,word_novel,14,0.342999,0.025035
attn_zeroed,2,mean_pooled,word_novel,15,0.343139,0.025203
attn_zeroed,2,words_only,pair_novel,1,0.259361,0.005291
attn_zeroed,2,words_only,pair_novel,2,0.31612,0.00642
attn_zeroed,2,words_only,pair_novel,3,0.33777,0.006129
attn_zeroed,2,words_only,pair_novel,4,0.350138,0.006136
attn_zeroed,2,words_only,pair_novel,5,0.35663,0.005975
attn_zeroed,2,words_only,pair_novel,6,0.360114,0.005933
attn_zeroed,2,words_only,pair_novel,7,0.362499,0.00598
attn_zeroed,2,words_only,pair_novel,8,0.363919,0.006038
attn_zeroed,2,words_only,pair_novel,9,0.364793,0.005996
attn_zeroed,2,words_only,pair_novel,10,0.365372,0.006054
attn_zeroed,2,words_only,pair_novel,11,0.365753,0.006022
attn_zeroed,2,words_only,pair_novel,12,0.366047,0.006034
attn_zeroed,2,words_only,pair_novel,13,0.36623,0.006069
attn_zeroed,2,words_only,pair_novel,14,0.366351,0.006022
attn_zeroed,2,words_only,pair_novel,15,0.36645,0.006044
attn_zeroed,2,words_only,word_novel,1,0.25377,0.013878
attn_zeroed,2,words_only,word_novel,2,0.303402,0.016192
attn_zeroed,2,words_only,word_novel,3,0.319735,0.021246
attn_zeroed,2,words_only,word_novel,4,0.326411,0.021248
attn_zeroed,2,words_only,word_novel,5,0.33031,0.024346
attn_zeroed,2,words_only,word_novel,6,0.331979,0.02554
attn_zeroed,2,words_only,word_novel,7,0.333228,0.024206
attn_zeroed,2,words_only,word_novel,8,0.33407,0.023525
attn_zeroed,2,words_only,word_novel,9,0.334276,0.023483
attn_zeroed,2,words_only,word_novel,10,0.334776,0.023795
attn_zeroed,2,words_only,word_novel,11,0.335214,0.023925
attn_zeroed,2,words_only,word_novel,12,0.335508,0.023831
attn_zeroed,2,words_only,word_novel,13,0.335555,0.023879
attn_zeroed,2,words_only,word_novel,14,0.335729,0.023788
attn_zeroed,2,words_only,word_novel,15,0.335702,0.023699
attn_zeroed,3,mean_pooled,pair_novel,1,0.28057,0.005264
attn_zeroed,3,mean_pooled,pair_novel,2,0.347665,0.005879
attn_zeroed,3,mean_pooled,pair_novel,3,0.375639,0.005529
attn_zeroed,3,mean_pooled,pair_novel,4,0.38624,0.005507
attn_zeroed,3,mean_pooled,pair_novel,5,0.394247,0.00512
attn_zeroed,3,mean_pooled,pair_novel,6,0.399742,0.005596
attn_zeroed,3,mean_pooled,pair_novel,7,0.40222,0.005636
attn_zeroed,3,mean_pooled,pair_novel,8,0.403571,0.005715
attn_zeroed,3,mean_pooled,pair_novel,9,0.404393,0.005706
attn_zeroed,3,mean_pooled,pair_novel,10,0.404902,0.005734
attn_zeroed,3,mean_pooled,pair_novel,11,0.405152,0.005811
attn_zeroed,3,mean_pooled,pair_novel,12,0.405323,0.005857
attn_zeroed,3,mean_pooled,pair_novel,13,0.405406,0.005814
attn_zeroed,3,mean_pooled,pair_novel,14,0.405481,0.005786
attn_zeroed,3,mean_pooled,pair_novel,15,0.405513,0.005791
attn_zeroed,3,mean_pooled,word_novel,1,0.276421,0.016056
attn_zeroed,3,mean_pooled,word_novel,2,0.331481,0.023092
attn_zeroed,3,mean_pooled,word_novel,3,0.346617,0.026018
attn_zeroed,3,mean_pooled,word_novel,4,0.351257,0.025099
attn_zeroed,3,mean_pooled,word_novel,5,0.354401,0.026783
attn_zeroed,3,mean_pooled,word_novel,6,0.356119,0.026973
attn_zeroed,3,mean_pooled,word_novel,7,0.356737,0.026806
attn_zeroed,3,mean_pooled,word_novel,8,0.356643,0.026776
attn_zeroed,3,mean_pooled,word_novel,9,0.356631,0.027445
attn_zeroed,3,mean_pooled,word_novel,10,0.356725,0.026855
attn_zeroed,3,mean_pooled,word_novel,11,0.35678,0.026739
attn_zeroed,3,mean_pooled,word_novel,12,0.356875,0.02683
attn_zeroed,3,mean_pooled,word_novel,13,0.35684,0.026973
attn_zeroed,3,mean_pooled,word_novel,14,0.356814,0.026912
attn_zeroed,3,mean_pooled,word_novel,15,0.356701,0.026767
attn_zeroed,3,words_only,pair_novel,1,0.258502,0.005104
attn_zeroed,3,words_only,pair_novel,2,0.323633,0.006107
attn_zeroed,3,words_only,pair_novel,3,0.345586,0.00568
attn_zeroed,3,words_only,pair_novel,4,0.360604,0.00597
attn_zeroed,3,words_only,pair_novel,5,0.367381,0.006409
attn_zeroed,3,words_only,pair_novel,6,0.370413,0.006419
attn_zeroed,3,words_only,pair_novel,7,0.372347,0.006401
attn_zeroed,3,words_only,pair_novel,8,0.373411,0.006455
attn_zeroed,3,words_only,pair_novel,9,0.373983,0.006428
attn_zeroed,3,words_only,pair_novel,10,0.374273,0.006387
attn_zeroed,3,words_only,pair_novel,11,0.374464,0.006335
attn_zeroed,3,words_only,pair_novel,12,0.374591,0.00633
attn_zeroed,3,words_only,pair_novel,13,0.374683,0.006332
attn_zeroed,3,words_only,pair_novel,14,0.374746,0.006281
attn_zeroed,3,words_only,pair_novel,15,0.374788,0.006291
attn_zeroed,3,words_only,word_novel,1,0.254695,0.013267
attn_zeroed,3,words_only,word_novel,2,0.314154,0.01769
attn_zeroed,3,words_only,word_novel,3,0.329494,0.021977
attn_zeroed,3,words_only,word_novel,4,0.337037,0.021623
attn_zeroed,3,words_only,word_novel,5,0.341319,0.025579
attn_zeroed,3,words_only,word_novel,6,0.343272,0.02617
attn_zeroed,3,words_only,word_novel,7,0.344695,0.025569
attn_zeroed,3,words_only,word_novel,8,0.344914,0.025761
attn_zeroed,3,words_only,word_novel,9,0.344951,0.025846
attn_zeroed,3,words_only,word_novel,10,0.345408,0.026308
attn_zeroed,3,words_only,word_novel,11,0.34566,0.026209
attn_zeroed,3,words_only,word_novel,12,0.346039,0.025983
attn_zeroed,3,words_only,word_novel,13,0.346033,0.026067
attn_zeroed,3,words_only,word_novel,14,0.346024,0.025952
attn_zeroed,3,words_only,word_novel,15,0.345968,0.025955
attn_zeroed,4,mean_pooled,pair_novel,1,0.267894,0.007073
attn_zeroed,4,mean_pooled,pair_novel,2,0.34497,0.006776
attn_zeroed,4,mean_pooled,pair_novel,3,0.373705,0.006961
attn_zeroed,4,mean_pooled,pair_novel,4,0.391906,0.006359
attn_zeroed,4,mean_pooled,pair_novel,5,0.403588,0.006334
attn_zeroed,4,mean_pooled,pair_novel,6,0.40904,0.006315
attn_zeroed,4,mean_pooled,pair_novel,7,0.41175,0.006544
attn_zeroed,4,mean_pooled,pair_novel,8,0.413279,0.006571
attn_zeroed,4,mean_pooled,pair_novel,9,0.414408,0.006394
attn_zeroed,4,mean_pooled,pair_novel,10,0.415019,0.006469
attn_zeroed,4,mean_pooled,pair_novel,11,0.415395,0.006453
attn_zeroed,4,mean_pooled,pair_novel,12,0.415638,0.006409
attn_zeroed,4,mean_pooled,pair_novel,13,0.415793,0.006449
attn_zeroed,4,mean_pooled,pair_novel,14,0.415897,0.0064
attn_zeroed,4,mean_pooled,pair_novel,15,0.415963,0.0064
attn_zeroed,4,mean_pooled,word_novel,1,0.265771,0.018287
attn_zeroed,4,mean_pooled,word_novel,2,0.32904,0.019587
attn_zeroed,4,mean_pooled,word_novel,3,0.348622,0.020512
attn_zeroed,4,mean_pooled,word_novel,4,0.358891,0.023553
attn_zeroed,4,mean_pooled,word_novel,5,0.365766,0.024255
attn_zeroed,4,mean_pooled,word_novel,6,0.366972,0.024767
attn_zeroed,4,mean_pooled,word_novel,7,0.367457,0.024441
attn_zeroed,4,mean_pooled,word_novel,8,0.367592,0.02612
attn_zeroed,4,mean_pooled,word_novel,9,0.36759,0.025863
attn_zeroed,4,mean_pooled,word_novel,10,0.367415,0.026445
attn_zeroed,4,mean_pooled,word_novel,11,0.367249,0.026001
attn_zeroed,4,mean_pooled,word_novel,12,0.367253,0.026284
attn_zeroed,4,mean_pooled,word_novel,13,0.367003,0.026591
attn_zeroed,4,mean_pooled,word_novel,14,0.36727,0.026405
attn_zeroed,4,mean_pooled,word_novel,15,0.36741,0.026229
attn_zeroed,4,words_only,pair_novel,1,0.269631,0.007187
attn_zeroed,4,words_only,pair_novel,2,0.351367,0.006382
attn_zeroed,4,words_only,pair_novel,3,0.375488,0.006566
attn_zeroed,4,words_only,pair_novel,4,0.385869,0.005912
attn_zeroed,4,words_only,pair_novel,5,0.393005,0.006435
attn_zeroed,4,words_only,pair_novel,6,0.396913,0.006291
attn_zeroed,4,words_only,pair_novel,7,0.399127,0.006469
attn_zeroed,4,words_only,pair_novel,8,0.400747,0.006493
attn_zeroed,4,words_only,pair_novel,9,0.40163,0.00659
attn_zeroed,4,words_only,pair_novel,10,0.402121,0.00665
attn_zeroed,4,words_only,pair_novel,11,0.40244,0.006613
attn_zeroed,4,words_only,pair_novel,12,0.40263,0.006597
attn_zeroed,4,words_only,pair_novel,13,0.40277,0.006606
attn_zeroed,4,words_only,pair_novel,14,0.402852,0.006638
attn_zeroed,4,words_only,pair_novel,15,0.40291,0.006687
attn_zeroed,4,words_only,word_novel,1,0.267792,0.018537
attn_zeroed,4,words_only,word_novel,2,0.342194,0.022632
attn_zeroed,4,words_only,word_novel,3,0.361211,0.023086
attn_zeroed,4,words_only,word_novel,4,0.367899,0.024679
attn_zeroed,4,words_only,word_novel,5,0.371356,0.027111
attn_zeroed,4,words_only,word_novel,6,0.373644,0.02708
attn_zeroed,4,words_only,word_novel,7,0.375452,0.026659
attn_zeroed,4,words_only,word_novel,8,0.376532,0.027397
attn_zeroed,4,words_only,word_novel,9,0.377015,0.026642
attn_zeroed,4,words_only,word_novel,10,0.37724,0.026692
attn_zeroed,4,words_only,word_novel,11,0.37724,0.026633
attn_zeroed,4,words_only,word_novel,12,0.377524,0.026719
attn_zeroed,4,words_only,word_novel,13,0.377743,0.026813
attn_zeroed,4,words_only,word_novel,14,0.377885,0.026775
attn_zeroed,4,words_only,word_novel,15,0.377934,0.026656
attn_zeroed,5,mean_pooled,pair_novel,1,0.255655,0.006376
attn_zeroed,5,mean_pooled,pair_novel,2,0.349052,0.007129
attn_zeroed,5,mean_pooled,pair_novel,3,0.382612,0.006876
attn_zeroed,5,mean_pooled,pair_novel,4,0.403035,0.006019
attn_zeroed,5,mean_pooled,pair_novel,5,0.414976,0.005146
attn_zeroed,5,mean_pooled,pair_novel,6,0.420816,0.00513
attn_zeroed,5,mean_pooled,pair_novel,7,0.424934,0.005374
attn_zeroed,5,mean_pooled,pair_novel,8,0.428052,0.005171
attn_zeroed,5,mean_pooled,pair_novel,9,0.429928,0.005281
attn_zeroed,5,mean_pooled,pair_novel,10,0.431128,0.005419
attn_zeroed,5,mean_pooled,pair_novel,11,0.431766,0.00544
attn_zeroed,5,mean_pooled,pair_novel,12,0.432129,0.005559
attn_zeroed,5,mean_pooled,pair_novel,13,0.432427,0.005518
attn_zeroed,5,mean_pooled,pair_novel,14,0.432612,0.005626
attn_zeroed,5,mean_pooled,pair_novel,15,0.432757,0.005626
attn_zeroed,5,mean_pooled,word_novel,1,0.254679,0.020015
attn_zeroed,5,mean_pooled,word_novel,2,0.339101,0.02265
attn_zeroed,5,mean_pooled,word_novel,3,0.364958,0.020271
attn_zeroed,5,mean_pooled,word_novel,4,0.378839,0.02755
attn_zeroed,5,mean_pooled,word_novel,5,0.386163,0.029318
attn_zeroed,5,mean_pooled,word_novel,6,0.388326,0.027834
attn_zeroed,5,mean_pooled,word_novel,7,0.388891,0.028096
attn_zeroed,5,mean_pooled,word_novel,8,0.389368,0.028075
attn_zeroed,5,mean_pooled,word_novel,9,0.390061,0.028595
attn_zeroed,5,mean_pooled,word_novel,10,0.390259,0.028829
attn_zeroed,5,mean_pooled,word_novel,11,0.391033,0.028062
attn_zeroed,5,mean_pooled,word_novel,12,0.390683,0.028039
attn_zeroed,5,mean_pooled,word_novel,13,0.390889,0.028333
attn_zeroed,5,mean_pooled,word_novel,14,0.390855,0.028632
attn_zeroed,5,mean_pooled,word_novel,15,0.390861,0.028466
attn_zeroed,5,words_only,pair_novel,1,0.260828,0.006388
attn_zeroed,5,words_only,pair_novel,2,0.356653,0.006145
attn_zeroed,5,words_only,pair_novel,3,0.384963,0.007123
attn_zeroed,5,words_only,pair_novel,4,0.397449,0.006366
attn_zeroed,5,words_only,pair_novel,5,0.409402,0.006328
attn_zeroed,5,words_only,pair_novel,6,0.415128,0.006556
attn_zeroed,5,words_only,pair_novel,7,0.418226,0.006502
attn_zeroed,5,words_only,pair_novel,8,0.419844,0.006483
attn_zeroed,5,words_only,pair_novel,9,0.420821,0.006565
attn_zeroed,5,words_only,pair_novel,10,0.4215,0.006549
attn_zeroed,5,words_only,pair_novel,11,0.421934,0.006587
attn_zeroed,5,words_only,pair_novel,12,0.422233,0.00653
attn_zeroed,5,words_only,pair_novel,13,0.422478,0.00651
attn_zeroed,5,words_only,pair_novel,14,0.422648,0.006494
attn_zeroed,5,words_only,pair_novel,15,0.422753,0.006541
attn_zeroed,5,words_only,word_novel,1,0.258713,0.019422
attn_zeroed,5,words_only,word_novel,2,0.35013,0.02269
attn_zeroed,5,words_only,word_novel,3,0.374348,0.025251
attn_zeroed,5,words_only,word_novel,4,0.383085,0.024243
attn_zeroed,5,words_only,word_novel,5,0.390462,0.030459
attn_zeroed,5,words_only,word_novel,6,0.394608,0.029983
attn_zeroed,5,words_only,word_novel,7,0.397124,0.030103
attn_zeroed,5,words_only,word_novel,8,0.397986,0.030385
attn_zeroed,5,words_only,word_novel,9,0.39849,0.030229
attn_zeroed,5,words_only,word_novel,10,0.398647,0.030371
attn_zeroed,5,words_only,word_novel,11,0.398955,0.03046
attn_zeroed,5,words_only,word_novel,12,0.399157,0.030433
attn_zeroed,5,words_only,word_novel,13,0.399592,0.030577
attn_zeroed,5,words_only,word_novel,14,0.399846,0.030482
attn_zeroed,5,words_only,word_novel,15,0.399973,0.030435
attn_zeroed,6,mean_pooled,pair_novel,1,0.216911,0.005781
attn_zeroed,6,mean_pooled,pair_novel,2,0.303801,0.006317
attn_zeroed,6,mean_pooled,pair_novel,3,0.361661,0.00628
attn_zeroed,6,mean_pooled,pair_novel,4,0.39516,0.006078
attn_zeroed,6,mean_pooled,pair_novel,5,0.411593,0.006071
attn_zeroed,6,mean_pooled,pair_novel,6,0.423535,0.005679
attn_zeroed,6,mean_pooled,pair_novel,7,0.429059,0.005595
attn_zeroed,6,mean_pooled,pair_novel,8,0.434528,0.005874
attn_zeroed,6,mean_pooled,pair_novel,9,0.43849,0.005909
attn_zeroed,6,mean_pooled,pair_novel,10,0.440958,0.005702
attn_zeroed,6,mean_pooled,pair_novel,11,0.442718,0.005649
attn_zeroed,6,mean_pooled,pair_novel,12,0.443974,0.005818
attn_zeroed,6,mean_pooled,pair_novel,13,0.445223,0.005705
attn_zeroed,6,mean_pooled,pair_novel,14,0.44609,0.00571
attn_zeroed,6,mean_pooled,pair_novel,15,0.446737,0.00576
attn_zeroed,6,mean_pooled,word_novel,1,0.214378,0.018978
attn_zeroed,6,mean_pooled,word_novel,2,0.29259,0.024103
attn_zeroed,6,mean_pooled,word_novel,3,0.346605,0.022253
attn_zeroed,6,mean_pooled,word_novel,4,0.374115,0.025081
attn_zeroed,6,mean_pooled,word_novel,5,0.388248,0.025838
attn_zeroed,6,mean_pooled,word_novel,6,0.395712,0.024868
attn_zeroed,6,mean_pooled,word_novel,7,0.398234,0.024271
attn_zeroed,6,mean_pooled,word_novel,8,0.401047,0.023338
attn_zeroed,6,mean_pooled,word_novel,9,0.404046,0.024676
attn_zeroed,6,mean_pooled,word_novel,10,0.405159,0.025057
attn_zeroed,6,mean_pooled,word_novel,11,0.406788,0.024749
attn_zeroed,6,mean_pooled,word_novel,12,0.406893,0.024327
attn_zeroed,6,mean_pooled,word_novel,13,0.407661,0.02417
attn_zeroed,6,mean_pooled,word_novel,14,0.408617,0.024147
attn_zeroed,6,mean_pooled,word_novel,15,0.409382,0.024383
attn_zeroed,6,words_only,pair_novel,1,0.217101,0.005685
attn_zeroed,6,words_only,pair_novel,2,0.335389,0.005825
attn_zeroed,6,words_only,pair_novel,3,0.379485,0.007143
attn_zeroed,6,words_only,pair_novel,4,0.399206,0.006275
attn_zeroed,6,words_only,pair_novel,5,0.411931,0.006803
attn_zeroed,6,words_only,pair_novel,6,0.419999,0.006973
attn_zeroed,6,words_only,pair_novel,7,0.425335,0.006807
attn_zeroed,6,words_only,pair_novel,8,0.42908,0.00668
attn_zeroed,6,words_only,pair_novel,9,0.431503,0.00651
attn_zeroed,6,words_only,pair_novel,10,0.433157,0.006392
attn_zeroed,6,words_only,pair_novel,11,0.434236,0.006233
attn_zeroed,6,words_only,pair_novel,12,0.435227,0.006382
attn_zeroed,6,words_only,pair_novel,13,0.435866,0.006142
attn_zeroed,6,words_only,pair_novel,14,0.436372,0.006165
attn_zeroed,6,words_only,pair_novel,15,0.436723,0.006132
attn_zeroed,6,words_only,word_novel,1,0.214858,0.018944
attn_zeroed,6,words_only,word_novel,2,0.327821,0.020687
attn_zeroed,6,words_only,word_novel,3,0.367725,0.020072
attn_zeroed,6,words_only,word_novel,4,0.383845,0.022225
attn_zeroed,6,words_only,word_novel,5,0.394586,0.026788
attn_zeroed,6,words_only,word_novel,6,0.401314,0.027342
attn_zeroed,6,words_only,word_novel,7,0.406377,0.028092
attn_zeroed,6,words_only,word_novel,8,0.40917,0.02826
attn_zeroed,6,words_only,word_novel,9,0.410516,0.028956
attn_zeroed,6,words_only,word_novel,10,0.412306,0.029004
attn_zeroed,6,words_only,word_novel,11,0.413107,0.028862
attn_zeroed,6,words_only,word_novel,12,0.414684,0.029492
attn_zeroed,6,words_only,word_novel,13,0.41527,0.02966
attn_zeroed,6,words_only,word_novel,14,0.415649,0.030065
attn_zeroed,6,words_only,word_novel,15,0.416127,0.029903
attn_zeroed,7,mean_pooled,pair_novel,1,0.216626,0.005773
attn_zeroed,7,mean_pooled,pair_novel,2,0.31269,0.006074
attn_zeroed,7,mean_pooled,pair_novel,3,0.37293,0.006128
attn_zeroed,7,mean_pooled,pair_novel,4,0.405859,0.005898
attn_zeroed,7,mean_pooled,pair_novel,5,0.423807,0.005683
attn_zeroed,7,mean_pooled,pair_novel,6,0.434815,0.004993
attn_zeroed,7,mean_pooled,pair_novel,7,0.442852,0.004725
attn_zeroed,7,mean_pooled,pair_novel,8,0.44884,0.00479
attn_zeroed,7,mean_pooled,pair_novel,9,0.452531,0.004711
attn_zeroed,7,mean_pooled,pair_novel,10,0.455228,0.00475
attn_zeroed,7,mean_pooled,pair_novel,11,0.457452,0.004808
attn_zeroed,7,mean_pooled,pair_novel,12,0.45904,0.004752
attn_zeroed,7,mean_pooled,pair_novel,13,0.460399,0.004687
attn_zeroed,7,mean_pooled,pair_novel,14,0.461318,0.004853
attn_zeroed,7,mean_pooled,pair_novel,15,0.461962,0.004713
attn_zeroed,7,mean_pooled,word_novel,1,0.213942,0.018932
attn_zeroed,7,mean_pooled,word_novel,2,0.301817,0.023746
attn_zeroed,7,mean_pooled,word_novel,3,0.357877,0.019722
attn_zeroed,7,mean_pooled,word_novel,4,0.385326,0.021288
attn_zeroed,7,mean_pooled,word_novel,5,0.402672,0.023167
attn_zeroed,7,mean_pooled,word_novel,6,0.410232,0.020928
attn_zeroed,7,mean_pooled,word_novel,7,0.415461,0.019735
attn_zeroed,7,mean_pooled,word_novel,8,0.418862,0.019197
attn_zeroed,7,mean_pooled,word_novel,9,0.420913,0.019255
attn_zeroed,7,mean_pooled,word_novel,10,0.423256,0.021355
attn_zeroed,7,mean_pooled,word_novel,11,0.425294,0.023205
attn_zeroed,7,mean_pooled,word_novel,12,0.42671,0.023228
attn_zeroed,7,mean_pooled,word_novel,13,0.427394,0.022956
attn_zeroed,7,mean_pooled,word_novel,14,0.427805,0.023446
attn_zeroed,7,mean_pooled,word_novel,15,0.428115,0.023579
attn_zeroed,7,words_only,pair_novel,1,0.217094,0.005672
attn_zeroed,7,words_only,pair_novel,2,0.339114,0.005294
attn_zeroed,7,words_only,pair_novel,3,0.385484,0.006942
attn_zeroed,7,words_only,pair_novel,4,0.404405,0.005837
attn_zeroed,7,words_only,pair_novel,5,0.420567,0.005731
attn_zeroed,7,words_only,pair_novel,6,0.429309,0.005567
attn_zeroed,7,words_only,pair_novel,7,0.434811,0.005172
attn_zeroed,7,words_only,pair_novel,8,0.438333,0.00518
attn_zeroed,7,words_only,pair_novel,9,0.440849,0.005108
attn_zeroed,7,words_only,pair_novel,10,0.44261,0.005043
attn_zeroed,7,words_only,pair_novel,11,0.443837,0.004872
attn_zeroed,7,words_only,pair_novel,12,0.444918,0.004849
attn_zeroed,7,words_only,pair_novel,13,0.445743,0.004656
attn_zeroed,7,words_only,pair_novel,14,0.446329,0.00457
attn_zeroed,7,words_only,pair_novel,15,0.44673,0.004427
attn_zeroed,7,words_only,word_novel,1,0.214787,0.018836
attn_zeroed,7,words_only,word_novel,2,0.331858,0.020262
attn_zeroed,7,words_only,word_novel,3,0.373646,0.02048
attn_zeroed,7,words_only,word_novel,4,0.389432,0.021539
attn_zeroed,7,words_only,word_novel,5,0.403622,0.027865
attn_zeroed,7,words_only,word_novel,6,0.411352,0.027557
attn_zeroed,7,words_only,word_novel,7,0.416496,0.026671
attn_zeroed,7,words_only,word_novel,8,0.419014,0.027447
attn_zeroed,7,words_only,word_novel,9,0.420667,0.027883
attn_zeroed,7,words_only,word_novel,10,0.422194,0.027824
attn_zeroed,7,words_only,word_novel,11,0.422695,0.0279
attn_zeroed,7,words_only,word_novel,12,0.423916,0.028553
attn_zeroed,7,words_only,word_novel,13,0.424635,0.028612
attn_zeroed,7,words_only,word_novel,14,0.425373,0.029023
attn_zeroed,7,words_only,word_novel,15,0.425481,0.028709
attn_zeroed,8,mean_pooled,pair_novel,1,0.216036,0.00576
attn_zeroed,8,mean_pooled,pair_novel,2,0.30091,0.005994
attn_zeroed,8,mean_pooled,pair_novel,3,0.375121,0.005524
attn_zeroed,8,mean_pooled,pair_novel,4,0.409289,0.005412
attn_zeroed,8,mean_pooled,pair_novel,5,0.428932,0.005816
attn_zeroed,8,mean_pooled,pair_novel,6,0.443005,0.005694
attn_zeroed,8,mean_pooled,pair_novel,7,0.453438,0.004859
attn_zeroed,8,mean_pooled,pair_novel,8,0.459848,0.00501
attn_zeroed,8,mean_pooled,pair_novel,9,0.4647,0.005082
attn_zeroed,8,mean_pooled,pair_novel,10,0.467535,0.005192
attn_zeroed,8,mean_pooled,pair_novel,11,0.470168,0.005344
attn_zeroed,8,mean_pooled,pair_novel,12,0.472156,0.005255
attn_zeroed,8,mean_pooled,pair_novel,13,0.47385,0.005398
attn_zeroed,8,mean_pooled,pair_novel,14,0.474867,0.005609
attn_zeroed,8,mean_pooled,pair_novel,15,0.475816,0.005623
attn_zeroed,8,mean_pooled,word_novel,1,0.213366,0.018932
attn_zeroed,8,mean_pooled,word_novel,2,0.290747,0.02279
attn_zeroed,8,mean_pooled,word_novel,3,0.361268,0.018537
attn_zeroed,8,mean_pooled,word_novel,4,0.389223,0.017929
attn_zeroed,8,mean_pooled,word_novel,5,0.407472,0.021202
attn_zeroed,8,mean_pooled,word_novel,6,0.41892,0.019429
attn_zeroed,8,mean_pooled,word_novel,7,0.425511,0.01858
attn_zeroed,8,mean_pooled,word_novel,8,0.430299,0.018897
attn_zeroed,8,mean_pooled,word_novel,9,0.433291,0.019513
attn_zeroed,8,mean_pooled,word_novel,10,0.435605,0.020935
attn_zeroed,8,mean_pooled,word_novel,11,0.437223,0.022508
attn_zeroed,8,mean_pooled,word_novel,12,0.438702,0.022306
attn_zeroed,8,mean_pooled,word_novel,13,0.439205,0.022657
attn_zeroed,8,mean_pooled,word_novel,14,0.439611,0.022693
attn_zeroed,8,mean_pooled,word_novel,15,0.440137,0.022692
attn_zeroed,8,words_only,pair_novel,1,0.217043,0.005657
attn_zeroed,8,words_only,pair_novel,2,0.336029,0.004891
attn_zeroed,8,words_only,pair_novel,3,0.386982,0.006607
attn_zeroed,8,words_only,pair_novel,4,0.406878,0.005603
attn_zeroed,8,words_only,pair_novel,5,0.424631,0.005111
attn_zeroed,8,words_only,pair_novel,6,0.434834,0.005031
attn_zeroed,8,words_only,pair_novel,7,0.441104,0.004962
attn_zeroed,8,words_only,pair_novel,8,0.445189,0.00504
attn_zeroed,8,words_only,pair_novel,9,0.448645,0.004855
attn_zeroed,8,words_only,pair_novel,10,0.450546,0.004832
attn_zeroed,8,words_only,pair_novel,11,0.451819,0.00482
attn_zeroed,8,words_only,pair_novel,12,0.452903,0.004983
attn_zeroed,8,words_only,pair_novel,13,0.453814,0.004897
attn_zeroed,8,words_only,pair_novel,14,0.454473,0.004808
attn_zeroed,8,words_only,pair_novel,15,0.455024,0.004701
attn_zeroed,8,words_only,word_novel,1,0.21468,0.018793
attn_zeroed,8,words_only,word_novel,2,0.328261,0.018798
attn_zeroed,8,words_only,word_novel,3,0.375188,0.019133
attn_zeroed,8,words_only,word_novel,4,0.39267,0.019694
attn_zeroed,8,words_only,word_novel,5,0.408723,0.02485
attn_zeroed,8,words_only,word_novel,6,0.41749,0.024504
attn_zeroed,8,words_only,word_novel,7,0.423763,0.023062
attn_zeroed,8,words_only,word_novel,8,0.426343,0.024564
attn_zeroed,8,words_only,word_novel,9,0.429777,0.024523
attn_zeroed,8,words_only,word_novel,10,0.430744,0.024114
attn_zeroed,8,words_only,word_novel,11,0.432406,0.024506
attn_zeroed,8,words_only,word_novel,12,0.433245,0.025653
attn_zeroed,8,words_only,word_novel,13,0.434182,0.025722
attn_zeroed,8,words_only,word_novel,14,0.434828,0.026033
attn_zeroed,8,words_only,word_novel,15,0.435479,0.025705
attn_zeroed,9,mean_pooled,pair_novel,1,0.216037,0.005785
attn_zeroed,9,mean_pooled,pair_novel,2,0.314027,0.006185
attn_zeroed,9,mean_pooled,pair_novel,3,0.394838,0.005047
attn_zeroed,9,mean_pooled,pair_novel,4,0.432353,0.006194
attn_zeroed,9,mean_pooled,pair_novel,5,0.448249,0.006431
attn_zeroed,9,mean_pooled,pair_novel,6,0.461857,0.005966
attn_zeroed,9,mean_pooled,pair_novel,7,0.471517,0.005863
attn_zeroed,9,mean_pooled,pair_novel,8,0.477341,0.005726
attn_zeroed,9,mean_pooled,pair_novel,9,0.481617,0.005632
attn_zeroed,9,mean_pooled,pair_novel,10,0.484727,0.00595
attn_zeroed,9,mean_pooled,pair_novel,11,0.487315,0.005765
attn_zeroed,9,mean_pooled,pair_novel,12,0.489137,0.005857
attn_zeroed,9,mean_pooled,pair_novel,13,0.490507,0.00583
attn_zeroed,9,mean_pooled,pair_novel,14,0.491471,0.005828
attn_zeroed,9,mean_pooled,pair_novel,15,0.492319,0.006017
attn_zeroed,9,mean_pooled,word_novel,1,0.213553,0.018949
attn_zeroed,9,mean_pooled,word_novel,2,0.301631,0.021591
attn_zeroed,9,mean_pooled,word_novel,3,0.378507,0.01807
attn_zeroed,9,mean_pooled,word_novel,4,0.410943,0.02026
attn_zeroed,9,mean_pooled,word_novel,5,0.426936,0.02331
attn_zeroed,9,mean_pooled,word_novel,6,0.437291,0.021334
attn_zeroed,9,mean_pooled,word_novel,7,0.443344,0.020159
attn_zeroed,9,mean_pooled,word_novel,8,0.447293,0.019774
attn_zeroed,9,mean_pooled,word_novel,9,0.450251,0.021255
attn_zeroed,9,mean_pooled,word_novel,10,0.452739,0.021978
attn_zeroed,9,mean_pooled,word_novel,11,0.454687,0.022908
attn_zeroed,9,mean_pooled,word_novel,12,0.4563,0.022986
attn_zeroed,9,mean_pooled,word_novel,13,0.457194,0.02292
attn_zeroed,9,mean_pooled,word_novel,14,0.458129,0.023139
attn_zeroed,9,mean_pooled,word_novel,15,0.458631,0.022933
attn_zeroed,9,words_only,pair_novel,1,0.217583,0.005675
attn_zeroed,9,words_only,pair_novel,2,0.340611,0.004438
attn_zeroed,9,words_only,pair_novel,3,0.397299,0.005982
attn_zeroed,9,words_only,pair_novel,4,0.419291,0.0048
attn_zeroed,9,words_only,pair_novel,5,0.436629,0.004799
attn_zeroed,9,words_only,pair_novel,6,0.447721,0.004995
attn_zeroed,9,words_only,pair_novel,7,0.45484,0.004869
attn_zeroed,9,words_only,pair_novel,8,0.459507,0.00499
attn_zeroed,9,words_only,pair_novel,9,0.462568,0.004757
attn_zeroed,9,words_only,pair_novel,10,0.464894,0.004597
attn_zeroed,9,words_only,pair_novel,11,0.466396,0.00444
attn_zeroed,9,words_only,pair_novel,12,0.467789,0.004491
attn_zeroed,9,words_only,pair_novel,13,0.468819,0.004404
attn_zeroed,9,words_only,pair_novel,14,0.469598,0.00433
attn_zeroed,9,words_only,pair_novel,15,0.470151,0.004319
attn_zeroed,9,words_only,word_novel,1,0.21525,0.018702
attn_zeroed,9,words_only,word_novel,2,0.333481,0.020162
attn_zeroed,9,words_only,word_novel,3,0.386491,0.021503
attn_zeroed,9,words_only,word_novel,4,0.406277,0.022205
attn_zeroed,9,words_only,word_novel,5,0.422072,0.027565
attn_zeroed,9,words_only,word_novel,6,0.43129,0.026653
attn_zeroed,9,words_only,word_novel,7,0.437415,0.024346
attn_zeroed,9,words_only,word_novel,8,0.440786,0.025725
attn_zeroed,9,words_only,word_novel,9,0.44346,0.026059
attn_zeroed,9,words_only,word_novel,10,0.445691,0.025703
attn_zeroed,9,words_only,word_novel,11,0.446498,0.025362
attn_zeroed,9,words_only,word_novel,12,0.448102,0.025967
attn_zeroed,9,words_only,word_novel,13,0.449245,0.026274
attn_zeroed,9,words_only,word_novel,14,0.450169,0.026667
attn_zeroed,9,words_only,word_novel,15,0.450783,0.026372
attn_zeroed,10,mean_pooled,pair_novel,1,0.216885,0.005811
attn_zeroed,10,mean_pooled,pair_novel,2,0.297092,0.006435
attn_zeroed,10,mean_pooled,pair_novel,3,0.399812,0.004899
attn_zeroed,10,mean_pooled,pair_novel,4,0.435813,0.006621
attn_zeroed,10,mean_pooled,pair_novel,5,0.453972,0.007008
attn_zeroed,10,mean_pooled,pair_novel,6,0.467421,0.006422
attn_zeroed,10,mean_pooled,pair_novel,7,0.477675,0.006229
attn_zeroed,10,mean_pooled,pair_novel,8,0.483912,0.005935
attn_zeroed,10,mean_pooled,pair_novel,9,0.488481,0.005652
attn_zeroed,10,mean_pooled,pair_novel,10,0.492046,0.005961
attn_zeroed,10,mean_pooled,pair_novel,11,0.495068,0.005944
attn_zeroed,10,mean_pooled,pair_novel,12,0.496998,0.005887
attn_zeroed,10,mean_pooled,pair_novel,13,0.49823,0.006176
attn_zeroed,10,mean_pooled,pair_novel,14,0.499227,0.00615
attn_zeroed,10,mean_pooled,pair_novel,15,0.500024,0.006148
attn_zeroed,10,mean_pooled,word_novel,1,0.214265,0.019023
attn_zeroed,10,mean_pooled,word_novel,2,0.285702,0.019406
attn_zeroed,10,mean_pooled,word_novel,3,0.381963,0.01626
attn_zeroed,10,mean_pooled,word_novel,4,0.413385,0.016953
attn_zeroed,10,mean_pooled,word_novel,5,0.431356,0.019051
attn_zeroed,10,mean_pooled,word_novel,6,0.443258,0.018089
attn_zeroed,10,mean_pooled,word_novel,7,0.449791,0.015553
attn_zeroed,10,mean_pooled,word_novel,8,0.45306,0.015031
attn_zeroed,10,mean_pooled,word_novel,9,0.455503,0.017459
attn_zeroed,10,mean_pooled,word_novel,10,0.457895,0.018171
attn_zeroed,10,mean_pooled,word_novel,11,0.46037,0.01778
attn_zeroed,10,mean_pooled,word_novel,12,0.462404,0.018518
attn_zeroed,10,mean_pooled,word_novel,13,0.462831,0.018343
attn_zeroed,10,mean_pooled,word_novel,14,0.464308,0.01897
attn_zeroed,10,mean_pooled,word_novel,15,0.464712,0.018864
attn_zeroed,10,words_only,pair_novel,1,0.217573,0.005675
attn_zeroed,10,words_only,pair_novel,2,0.341105,0.00422
attn_zeroed,10,words_only,pair_novel,3,0.398942,0.005772
attn_zeroed,10,words_only,pair_novel,4,0.421669,0.004716
attn_zeroed,10,words_only,pair_novel,5,0.43983,0.004906
attn_zeroed,10,words_only,pair_novel,6,0.45129,0.00524
attn_zeroed,10,words_only,pair_novel,7,0.458307,0.005227
attn_zeroed,10,words_only,pair_novel,8,0.46298,0.005395
attn_zeroed,10,words_only,pair_novel,9,0.466275,0.005335
attn_zeroed,10,words_only,pair_novel,10,0.469107,0.005066
attn_zeroed,10,words_only,pair_novel,11,0.47087,0.005068
attn_zeroed,10,words_only,pair_novel,12,0.472286,0.005108
attn_zeroed,10,words_only,pair_novel,13,0.473397,0.004916
attn_zeroed,10,words_only,pair_novel,14,0.474143,0.004854
attn_zeroed,10,words_only,pair_novel,15,0.47468,0.004838
attn_zeroed,10,words_only,word_novel,1,0.21527,0.018794
attn_zeroed,10,words_only,word_novel,2,0.333562,0.020496
attn_zeroed,10,words_only,word_novel,3,0.387164,0.020534
attn_zeroed,10,words_only,word_novel,4,0.40717,0.019959
attn_zeroed,10,words_only,word_novel,5,0.423685,0.024349
attn_zeroed,10,words_only,word_novel,6,0.434088,0.023612
attn_zeroed,10,words_only,word_novel,7,0.439821,0.021572
attn_zeroed,10,words_only,word_novel,8,0.44372,0.022904
attn_zeroed,10,words_only,word_novel,9,0.446225,0.024814
attn_zeroed,10,words_only,word_novel,10,0.449088,0.023938
attn_zeroed,10,words_only,word_novel,11,0.450488,0.02449
attn_zeroed,10,words_only,word_novel,12,0.452409,0.024542
attn_zeroed,10,words_only,word_novel,13,0.453628,0.0248
attn_zeroed,10,words_only,word_novel,14,0.45447,0.025013
attn_zeroed,10,words_only,word_novel,15,0.455155,0.025034
attn_zeroed,11,mean_pooled,pair_novel,1,0.217866,0.005834
attn_zeroed,11,mean_pooled,pair_novel,2,0.278856,0.006455
attn_zeroed,11,mean_pooled,pair_novel,3,0.387853,0.005166
attn_zeroed,11,mean_pooled,pair_novel,4,0.416516,0.006285
attn_zeroed,11,mean_pooled,pair_novel,5,0.444447,0.007137
attn_zeroed,11,mean_pooled,pair_novel,6,0.461167,0.006344
attn_zeroed,11,mean_pooled,pair_novel,7,0.473721,0.006156
attn_zeroed,11,mean_pooled,pair_novel,8,0.480632,0.005808
attn_zeroed,11,mean_pooled,pair_novel,9,0.484704,0.005614
attn_zeroed,11,mean_pooled,pair_novel,10,0.488263,0.005591
attn_zeroed,11,mean_pooled,pair_novel,11,0.491417,0.005701
attn_zeroed,11,mean_pooled,pair_novel,12,0.493539,0.005418
attn_zeroed,11,mean_pooled,pair_novel,13,0.494927,0.005461
attn_zeroed,11,mean_pooled,pair_novel,14,0.496191,0.005555
attn_zeroed,11,mean_pooled,pair_novel,15,0.497071,0.005571
attn_zeroed,11,mean_pooled,word_novel,1,0.215119,0.019059
attn_zeroed,11,mean_pooled,word_novel,2,0.270245,0.018246
attn_zeroed,11,mean_pooled,word_novel,3,0.370546,0.01723
attn_zeroed,11,mean_pooled,word_novel,4,0.394123,0.017221
attn_zeroed,11,mean_pooled,word_novel,5,0.419655,0.019612
attn_zeroed,11,mean_pooled,word_novel,6,0.433599,0.021645
attn_zeroed,11,mean_pooled,word_novel,7,0.441984,0.019464
attn_zeroed,11,mean_pooled,word_novel,8,0.445537,0.019559
attn_zeroed,11,mean_pooled,word_novel,9,0.448961,0.020487
attn_zeroed,11,mean_pooled,word_novel,10,0.451584,0.020212
attn_zeroed,11,mean_pooled,word_novel,11,0.454043,0.019296
attn_zeroed,11,mean_pooled,word_novel,12,0.456797,0.019825
attn_zeroed,11,mean_pooled,word_novel,13,0.457474,0.019412
attn_zeroed,11,mean_pooled,word_novel,14,0.458844,0.019657
attn_zeroed,11,mean_pooled,word_novel,15,0.459935,0.020135
attn_zeroed,11,words_only,pair_novel,1,0.216845,0.005642
attn_zeroed,11,words_only,pair_novel,2,0.339573,0.003958
attn_zeroed,11,words_only,pair_novel,3,0.398082,0.005689
attn_zeroed,11,words_only,pair_novel,4,0.420832,0.004802
attn_zeroed,11,words_only,pair_novel,5,0.438271,0.005111
attn_zeroed,11,words_only,pair_novel,6,0.450506,0.00524
attn_zeroed,11,words_only,pair_novel,7,0.45823,0.004931
attn_zeroed,11,words_only,pair_novel,8,0.463124,0.005156
attn_zeroed,11,words_only,pair_novel,9,0.46691,0.005027
attn_zeroed,11,words_only,pair_novel,10,0.469607,0.004822
attn_zeroed,11,words_only,pair_novel,11,0.471637,0.004848
attn_zeroed,11,words_only,pair_novel,12,0.473143,0.004976
attn_zeroed,11,words_only,pair_novel,13,0.474394,0.004853
attn_zeroed,11,words_only,pair_novel,14,0.475204,0.00477
attn_zeroed,11,words_only,pair_novel,15,0.475832,0.004776
attn_zeroed,11,words_only,word_novel,1,0.214383,0.018817
attn_zeroed,11,words_only,word_novel,2,0.331638,0.018568
attn_zeroed,11,words_only,word_novel,3,0.385436,0.018688
attn_zeroed,11,words_only,word_novel,4,0.405163,0.018478
attn_zeroed,11,words_only,word_novel,5,0.421246,0.022363
attn_zeroed,11,words_only,word_novel,6,0.432659,0.022204
attn_zeroed,11,words_only,word_novel,7,0.439435,0.020279
attn_zeroed,11,words_only,word_novel,8,0.443076,0.022071
attn_zeroed,11,words_only,word_novel,9,0.445733,0.023688
attn_zeroed,11,words_only,word_novel,10,0.448567,0.023089
attn_zeroed,11,words_only,word_novel,11,0.450159,0.023683
attn_zeroed,11,words_only,word_novel,12,0.451831,0.02312
attn_zeroed,11,words_only,word_novel,13,0.45272,0.023278
attn_zeroed,11,words_only,word_novel,14,0.453731,0.02376
attn_zeroed,11,words_only,word_novel,15,0.454622,0.023934
attn_zeroed,12,mean_pooled,pair_novel,1,0.21797,0.005819
attn_zeroed,12,mean_pooled,pair_novel,2,0.283243,0.00662
attn_zeroed,12,mean_pooled,pair_novel,3,0.389186,0.00509
attn_zeroed,12,mean_pooled,pair_novel,4,0.419273,0.005628
attn_zeroed,12,mean_pooled,pair_novel,5,0.448277,0.006168
attn_zeroed,12,mean_pooled,pair_novel,6,0.462487,0.005416
attn_zeroed,12,mean_pooled,pair_novel,7,0.474733,0.005101
attn_zeroed,12,mean_pooled,pair_novel,8,0.481809,0.004949
attn_zeroed,12,mean_pooled,pair_novel,9,0.486379,0.00477
attn_zeroed,12,mean_pooled,pair_novel,10,0.489007,0.004805
attn_zeroed,12,mean_pooled,pair_novel,11,0.491829,0.004535
attn_zeroed,12,mean_pooled,pair_novel,12,0.493674,0.004395
attn_zeroed,12,mean_pooled,pair_novel,13,0.495127,0.004361
attn_zeroed,12,mean_pooled,pair_novel,14,0.496335,0.004455
attn_zeroed,12,mean_pooled,pair_novel,15,0.497125,0.004521
attn_zeroed,12,mean_pooled,word_novel,1,0.215125,0.018902
attn_zeroed,12,mean_pooled,word_novel,2,0.27464,0.017945
attn_zeroed,12,mean_pooled,word_novel,3,0.371452,0.01748
attn_zeroed,12,mean_pooled,word_novel,4,0.39609,0.018394
attn_zeroed,12,mean_pooled,word_novel,5,0.423207,0.020459
attn_zeroed,12,mean_pooled,word_novel,6,0.435848,0.021227
attn_zeroed,12,mean_pooled,word_novel,7,0.445634,0.019638
attn_zeroed,12,mean_pooled,word_novel,8,0.449882,0.021202
attn_zeroed,12,mean_pooled,word_novel,9,0.453374,0.020631
attn_zeroed,12,mean_pooled,word_novel,10,0.455455,0.021144
attn_zeroed,12,mean_pooled,word_novel,11,0.457885,0.02088
attn_zeroed,12,mean_pooled,word_novel,12,0.459491,0.01981
attn_zeroed,12,mean_pooled,word_novel,13,0.460617,0.019653
attn_zeroed,12,mean_pooled,word_novel,14,0.461637,0.019762
attn_zeroed,12,mean_pooled,word_novel,15,0.462036,0.019899
attn_zeroed,12,words_only,pair_novel,1,0.216115,0.00568
attn_zeroed,12,words_only,pair_novel,2,0.336244,0.004128
attn_zeroed,12,words_only,pair_novel,3,0.394992,0.00576
attn_zeroed,12,words_only,pair_novel,4,0.420556,0.004718
attn_zeroed,12,words_only,pair_novel,5,0.437087,0.005018
attn_zeroed,12,words_only,pair_novel,6,0.448992,0.00493
attn_zeroed,12,words_only,pair_novel,7,0.456122,0.004506
attn_zeroed,12,words_only,pair_novel,8,0.461158,0.004557
attn_zeroed,12,words_only,pair_novel,9,0.464923,0.004601
attn_zeroed,12,words_only,pair_novel,10,0.467386,0.004527
attn_zeroed,12,words_only,pair_novel,11,0.469482,0.004649
attn_zeroed,12,words_only,pair_novel,12,0.471034,0.004741
attn_zeroed,12,words_only,pair_novel,13,0.472212,0.00467
attn_zeroed,12,words_only,pair_novel,14,0.473166,0.004578
attn_zeroed,12,words_only,pair_novel,15,0.473805,0.004563
attn_zeroed,12,words_only,word_novel,1,0.21361,0.018845
attn_zeroed,12,words_only,word_novel,2,0.329188,0.017098
attn_zeroed,12,words_only,word_novel,3,0.383463,0.01646
attn_zeroed,12,words_only,word_novel,4,0.406257,0.018084
attn_zeroed,12,words_only,word_novel,5,0.421411,0.023526
attn_zeroed,12,words_only,word_novel,6,0.432285,0.02337
attn_zeroed,12,words_only,word_novel,7,0.437976,0.022035
attn_zeroed,12,words_only,word_novel,8,0.44203,0.023763
attn_zeroed,12,words_only,word_novel,9,0.444549,0.024851
attn_zeroed,12,words_only,word_novel,10,0.44656,0.023522
attn_zeroed,12,words_only,word_novel,11,0.448196,0.024211
attn_zeroed,12,words_only,word_novel,12,0.449651,0.023813
attn_zeroed,12,words_only,word_novel,13,0.450485,0.024017
attn_zeroed,12,words_only,word_novel,14,0.451509,0.024491
attn_zeroed,12,words_only,word_novel,15,0.45233,0.024505
attn_zeroed,13,mean_pooled,pair_novel,1,0.217544,0.005879
attn_zeroed,13,mean_pooled,pair_novel,2,0.289466,0.006623
attn_zeroed,13,mean_pooled,pair_novel,3,0.391983,0.004672
attn_zeroed,13,mean_pooled,pair_novel,4,0.417496,0.005215
attn_zeroed,13,mean_pooled,pair_novel,5,0.443307,0.005999
attn_zeroed,13,mean_pooled,pair_novel,6,0.459757,0.005142
attn_zeroed,13,mean_pooled,pair_novel,7,0.472119,0.004858
attn_zeroed,13,mean_pooled,pair_novel,8,0.478297,0.004602
attn_zeroed,13,mean_pooled,pair_novel,9,0.482879,0.004477
attn_zeroed,13,mean_pooled,pair_novel,10,0.486514,0.004626
attn_zeroed,13,mean_pooled,pair_novel,11,0.489348,0.004351
attn_zeroed,13,mean_pooled,pair_novel,12,0.490907,0.00444
attn_zeroed,13,mean_pooled,pair_novel,13,0.492463,0.004549
attn_zeroed,13,mean_pooled,pair_novel,14,0.493485,0.004533
attn_zeroed,13,mean_pooled,pair_novel,15,0.49411,0.004438
attn_zeroed,13,mean_pooled,word_novel,1,0.214832,0.019005
attn_zeroed,13,mean_pooled,word_novel,2,0.281385,0.017341
attn_zeroed,13,mean_pooled,word_novel,3,0.376175,0.01812
attn_zeroed,13,mean_pooled,word_novel,4,0.396465,0.018073
attn_zeroed,13,mean_pooled,word_novel,5,0.420427,0.019709
attn_zeroed,13,mean_pooled,word_novel,6,0.434998,0.020869
attn_zeroed,13,mean_pooled,word_novel,7,0.443914,0.019575
attn_zeroed,13,mean_pooled,word_novel,8,0.44738,0.021002
attn_zeroed,13,mean_pooled,word_novel,9,0.450388,0.022134
attn_zeroed,13,mean_pooled,word_novel,10,0.452638,0.02238
attn_zeroed,13,mean_pooled,word_novel,11,0.45561,0.022005
attn_zeroed,13,mean_pooled,word_novel,12,0.456704,0.022066
attn_zeroed,13,mean_pooled,word_novel,13,0.458139,0.021789
attn_zeroed,13,mean_pooled,word_novel,14,0.458624,0.022085
attn_zeroed,13,mean_pooled,word_novel,15,0.45947,0.022347
attn_zeroed,13,words_only,pair_novel,1,0.21607,0.005699
attn_zeroed,13,words_only,pair_novel,2,0.337496,0.004076
attn_zeroed,13,words_only,pair_novel,3,0.394063,0.005402
attn_zeroed,13,words_only,pair_novel,4,0.420375,0.004456
attn_zeroed,13,words_only,pair_novel,5,0.435447,0.004945
attn_zeroed,13,words_only,pair_novel,6,0.446351,0.005183
attn_zeroed,13,words_only,pair_novel,7,0.453686,0.004768
attn_zeroed,13,words_only,pair_novel,8,0.45891,0.004705
attn_zeroed,13,words_only,pair_novel,9,0.462774,0.004795
attn_zeroed,13,words_only,pair_novel,10,0.465214,0.004773
attn_zeroed,13,words_only,pair_novel,11,0.467222,0.004737
attn_zeroed,13,words_only,pair_novel,12,0.468589,0.004913
attn_zeroed,13,words_only,pair_novel,13,0.469683,0.004843
attn_zeroed,13,words_only,pair_novel,14,0.470507,0.004728
attn_zeroed,13,words_only,pair_novel,15,0.471162,0.004734
attn_zeroed,13,words_only,word_novel,1,0.213589,0.018865
attn_zeroed,13,words_only,word_novel,2,0.330642,0.017554
attn_zeroed,13,words_only,word_novel,3,0.381766,0.017914
attn_zeroed,13,words_only,word_novel,4,0.405024,0.019275
attn_zeroed,13,words_only,word_novel,5,0.419471,0.023405
attn_zeroed,13,words_only,word_novel,6,0.430968,0.023686
attn_zeroed,13,words_only,word_novel,7,0.435998,0.0221
attn_zeroed,13,words_only,word_novel,8,0.440117,0.023193
attn_zeroed,13,words_only,word_novel,9,0.442945,0.024288
attn_zeroed,13,words_only,word_novel,10,0.445209,0.023436
attn_zeroed,13,words_only,word_novel,11,0.447206,0.024142
attn_zeroed,13,words_only,word_novel,12,0.448409,0.024915
attn_zeroed,13,words_only,word_novel,13,0.449595,0.024672
attn_zeroed,13,words_only,word_novel,14,0.45037,0.025295
attn_zeroed,13,words_only,word_novel,15,0.451128,0.025331
attn_zeroed,14,mean_pooled,pair_novel,1,0.218099,0.005878
attn_zeroed,14,mean_pooled,pair_novel,2,0.283274,0.006468
attn_zeroed,14,mean_pooled,pair_novel,3,0.390404,0.004182
attn_zeroed,14,mean_pooled,pair_novel,4,0.413134,0.004661
attn_zeroed,14,mean_pooled,pair_novel,5,0.43883,0.005358
attn_zeroed,14,mean_pooled,pair_novel,6,0.454846,0.004598
attn_zeroed,14,mean_pooled,pair_novel,7,0.463529,0.004574
attn_zeroed,14,mean_pooled,pair_novel,8,0.472436,0.00425
attn_zeroed,14,mean_pooled,pair_novel,9,0.478489,0.00403
attn_zeroed,14,mean_pooled,pair_novel,10,0.481314,0.004203
attn_zeroed,14,mean_pooled,pair_novel,11,0.48422,0.004244
attn_zeroed,14,mean_pooled,pair_novel,12,0.486189,0.004072
attn_zeroed,14,mean_pooled,pair_novel,13,0.487952,0.004237
attn_zeroed,14,mean_pooled,pair_novel,14,0.489232,0.004446
attn_zeroed,14,mean_pooled,pair_novel,15,0.490157,0.004549
attn_zeroed,14,mean_pooled,word_novel,1,0.215484,0.018662
attn_zeroed,14,mean_pooled,word_novel,2,0.276588,0.016212
attn_zeroed,14,mean_pooled,word_novel,3,0.373677,0.018878
attn_zeroed,14,mean_pooled,word_novel,4,0.392254,0.020887
attn_zeroed,14,mean_pooled,word_novel,5,0.417222,0.020899
attn_zeroed,14,mean_pooled,word_novel,6,0.431475,0.021307
attn_zeroed,14,mean_pooled,word_novel,7,0.438556,0.02204
attn_zeroed,14,mean_pooled,word_novel,8,0.444139,0.021943
attn_zeroed,14,mean_pooled,word_novel,9,0.447315,0.022694
attn_zeroed,14,mean_pooled,word_novel,10,0.448423,0.023157
attn_zeroed,14,mean_pooled,word_novel,11,0.450467,0.021757
attn_zeroed,14,mean_pooled,word_novel,12,0.452297,0.022372
attn_zeroed,14,mean_pooled,word_novel,13,0.453934,0.022385
attn_zeroed,14,mean_pooled,word_novel,14,0.454673,0.02171
attn_zeroed,14,mean_pooled,word_novel,15,0.454884,0.022336
attn_zeroed,14,words_only,pair_novel,1,0.215886,0.005702
attn_zeroed,14,words_only,pair_novel,2,0.330137,0.004042
attn_zeroed,14,words_only,pair_novel,3,0.387564,0.004807
attn_zeroed,14,words_only,pair_novel,4,0.40678,0.00502
attn_zeroed,14,words_only,pair_novel,5,0.428339,0.004637
attn_zeroed,14,words_only,pair_novel,6,0.440299,0.005025
attn_zeroed,14,words_only,pair_novel,7,0.448351,0.004556
attn_zeroed,14,words_only,pair_novel,8,0.454345,0.004477
attn_zeroed,14,words_only,pair_novel,9,0.458385,0.004499
attn_zeroed,14,words_only,pair_novel,10,0.461074,0.004456
attn_zeroed,14,words_only,pair_novel,11,0.463038,0.004458
attn_zeroed,14,words_only,pair_novel,12,0.464394,0.004571
attn_zeroed,14,words_only,pair_novel,13,0.465508,0.004424
attn_zeroed,14,words_only,pair_novel,14,0.466268,0.004286
attn_zeroed,14,words_only,pair_novel,15,0.466946,0.004256
attn_zeroed,14,words_only,word_novel,1,0.21347,0.018862
attn_zeroed,14,words_only,word_novel,2,0.322932,0.017094
attn_zeroed,14,words_only,word_novel,3,0.375457,0.017316
attn_zeroed,14,words_only,word_novel,4,0.392205,0.019484
attn_zeroed,14,words_only,word_novel,5,0.411057,0.022203
attn_zeroed,14,words_only,word_novel,6,0.423078,0.023695
attn_zeroed,14,words_only,word_novel,7,0.428986,0.021513
attn_zeroed,14,words_only,word_novel,8,0.433769,0.021884
attn_zeroed,14,words_only,word_novel,9,0.436699,0.023954
attn_zeroed,14,words_only,word_novel,10,0.43863,0.023401
attn_zeroed,14,words_only,word_novel,11,0.440204,0.024496
attn_zeroed,14,words_only,word_novel,12,0.441188,0.024721
attn_zeroed,14,words_only,word_novel,13,0.442441,0.024814
attn_zeroed,14,words_only,word_novel,14,0.442982,0.025686
attn_zeroed,14,words_only,word_novel,15,0.443607,0.025797
attn_zeroed,15,mean_pooled,pair_novel,1,0.217683,0.005826
attn_zeroed,15,mean_pooled,pair_novel,2,0.286301,0.006511
attn_zeroed,15,mean_pooled,pair_novel,3,0.389422,0.004057
attn_zeroed,15,mean_pooled,pair_novel,4,0.416938,0.00468
attn_zeroed,15,mean_pooled,pair_novel,5,0.442013,0.005196
attn_zeroed,15,mean_pooled,pair_novel,6,0.454432,0.004501
attn_zeroed,15,mean_pooled,pair_novel,7,0.466067,0.004392
attn_zeroed,15,mean_pooled,pair_novel,8,0.471779,0.004128
attn_zeroed,15,mean_pooled,pair_novel,9,0.47619,0.004356
attn_zeroed,15,mean_pooled,pair_novel,10,0.478682,0.004513
attn_zeroed,15,mean_pooled,pair_novel,11,0.481841,0.004511
attn_zeroed,15,mean_pooled,pair_novel,12,0.48348,0.004583
attn_zeroed,15,mean_pooled,pair_novel,13,0.484604,0.004721
attn_zeroed,15,mean_pooled,pair_novel,14,0.485607,0.005036
attn_zeroed,15,mean_pooled,pair_novel,15,0.486299,0.005127
attn_zeroed,15,mean_pooled,word_novel,1,0.214982,0.019024
attn_zeroed,15,mean_pooled,word_novel,2,0.279106,0.016196
attn_zeroed,15,mean_pooled,word_novel,3,0.373998,0.0175
attn_zeroed,15,mean_pooled,word_novel,4,0.39754,0.01834
attn_zeroed,15,mean_pooled,word_novel,5,0.421874,0.020199
attn_zeroed,15,mean_pooled,word_novel,6,0.433026,0.022308
attn_zeroed,15,mean_pooled,word_novel,7,0.441191,0.023264
attn_zeroed,15,mean_pooled,word_novel,8,0.444136,0.025133
attn_zeroed,15,mean_pooled,word_novel,9,0.446462,0.024444
attn_zeroed,15,mean_pooled,word_novel,10,0.447009,0.024406
attn_zeroed,15,mean_pooled,word_novel,11,0.44923,0.024482
attn_zeroed,15,mean_pooled,word_novel,12,0.450418,0.024692
attn_zeroed,15,mean_pooled,word_novel,13,0.451454,0.024602
attn_zeroed,15,mean_pooled,word_novel,14,0.451324,0.024495
attn_zeroed,15,mean_pooled,word_novel,15,0.451781,0.025425
attn_zeroed,15,words_only,pair_novel,1,0.216148,0.005675
attn_zeroed,15,words_only,pair_novel,2,0.325747,0.003916
attn_zeroed,15,words_only,pair_novel,3,0.386557,0.004225
attn_zeroed,15,words_only,pair_novel,4,0.410931,0.004765
attn_zeroed,15,words_only,pair_novel,5,0.429776,0.004595
attn_zeroed,15,words_only,pair_novel,6,0.441262,0.004816
attn_zeroed,15,words_only,pair_novel,7,0.448075,0.004384
attn_zeroed,15,words_only,pair_novel,8,0.453216,0.004438
attn_zeroed,15,words_only,pair_novel,9,0.456749,0.004522
attn_zeroed,15,words_only,pair_novel,10,0.459416,0.004638
attn_zeroed,15,words_only,pair_novel,11,0.461157,0.00471
attn_zeroed,15,words_only,pair_novel,12,0.462456,0.004861
attn_zeroed,15,words_only,pair_novel,13,0.463456,0.004785
attn_zeroed,15,words_only,pair_novel,14,0.46422,0.004754
attn_zeroed,15,words_only,pair_novel,15,0.464812,0.004744
attn_zeroed,15,words_only,word_novel,1,0.213747,0.018781
attn_zeroed,15,words_only,word_novel,2,0.318628,0.016855
attn_zeroed,15,words_only,word_novel,3,0.373665,0.016782
attn_zeroed,15,words_only,word_novel,4,0.394941,0.01852
attn_zeroed,15,words_only,word_novel,5,0.412936,0.021319
attn_zeroed,15,words_only,word_novel,6,0.423852,0.022821
attn_zeroed,15,words_only,word_novel,7,0.428252,0.020952
attn_zeroed,15,words_only,word_novel,8,0.432471,0.022535
attn_zeroed,15,words_only,word_novel,9,0.434908,0.024734
attn_zeroed,15,words_only,word_novel,10,0.436904,0.024587
attn_zeroed,15,words_only,word_novel,11,0.438068,0.025331
attn_zeroed,15,words_only,word_novel,12,0.438866,0.026088
attn_zeroed,15,words_only,word_novel,13,0.439793,0.025991
attn_zeroed,15,words_only,word_novel,14,0.440366,0.026769
attn_zeroed,15,words_only,word_novel,15,0.440852,0.026972
attn_zeroed,16,mean_pooled,pair_novel,1,0.218503,0.005829
attn_zeroed,16,mean_pooled,pair_novel,2,0.29276,0.006485
attn_zeroed,16,mean_pooled,pair_novel,3,0.396443,0.004009
attn_zeroed,16,mean_pooled,pair_novel,4,0.424362,0.004423
attn_zeroed,16,mean_pooled,pair_novel,5,0.446765,0.00488
attn_zeroed,16,mean_pooled,pair_novel,6,0.457825,0.004232
attn_zeroed,16,mean_pooled,pair_novel,7,0.468127,0.004307
attn_zeroed,16,mean_pooled,pair_novel,8,0.473469,0.004088
attn_zeroed,16,mean_pooled,pair_novel,9,0.478035,0.004238
attn_zeroed,16,mean_pooled,pair_novel,10,0.481346,0.004595
attn_zeroed,16,mean_pooled,pair_novel,11,0.483444,0.004513
attn_zeroed,16,mean_pooled,pair_novel,12,0.484989,0.004617
attn_zeroed,16,mean_pooled,pair_novel,13,0.486236,0.004881
attn_zeroed,16,mean_pooled,pair_novel,14,0.487188,0.00495
attn_zeroed,16,mean_pooled,pair_novel,15,0.48773,0.004904
attn_zeroed,16,mean_pooled,word_novel,1,0.215684,0.018947
attn_zeroed,16,mean_pooled,word_novel,2,0.285188,0.017578
attn_zeroed,16,mean_pooled,word_novel,3,0.380819,0.018846
attn_zeroed,16,mean_pooled,word_novel,4,0.406193,0.019588
attn_zeroed,16,mean_pooled,word_novel,5,0.428412,0.020973
attn_zeroed,16,mean_pooled,word_novel,6,0.437321,0.022663
attn_zeroed,16,mean_pooled,word_novel,7,0.444285,0.023337
attn_zeroed,16,mean_pooled,word_novel,8,0.446865,0.024934
attn_zeroed,16,mean_pooled,word_novel,9,0.449683,0.023888
attn_zeroed,16,mean_pooled,word_novel,10,0.450665,0.023378
attn_zeroed,16,mean_pooled,word_novel,11,0.452786,0.023914
attn_zeroed,16,mean_pooled,word_novel,12,0.45363,0.024311
attn_zeroed,16,mean_pooled,word_novel,13,0.454204,0.024356
attn_zeroed,16,mean_pooled,word_novel,14,0.454635,0.024839
attn_zeroed,16,mean_pooled,word_novel,15,0.455116,0.025142
attn_zeroed,16,words_only,pair_novel,1,0.216662,0.005655
attn_zeroed,16,words_only,pair_novel,2,0.333822,0.003537
attn_zeroed,16,words_only,pair_novel,3,0.391831,0.004101
attn_zeroed,16,words_only,pair_novel,4,0.421054,0.003747
attn_zeroed,16,words_only,pair_novel,5,0.432763,0.004019
attn_zeroed,16,words_only,pair_novel,6,0.442019,0.003976
attn_zeroed,16,words_only,pair_novel,7,0.448741,0.003795
attn_zeroed,16,words_only,pair_novel,8,0.453384,0.003836
attn_zeroed,16,words_only,pair_novel,9,0.456439,0.003861
attn_zeroed,16,words_only,pair_novel,10,0.458598,0.003922
attn_zeroed,16,words_only,pair_novel,11,0.460099,0.003946
attn_zeroed,16,words_only,pair_novel,12,0.461196,0.004037
attn_zeroed,16,words_only,pair_novel,13,0.462013,0.003936
attn_zeroed,16,words_only,pair_novel,14,0.46265,0.00379
attn_zeroed,16,words_only,pair_novel,15,0.463114,0.003769
attn_zeroed,16,words_only,word_novel,1,0.21434,0.018731
attn_zeroed,16,words_only,word_novel,2,0.326547,0.018216
attn_zeroed,16,words_only,word_novel,3,0.378738,0.018108
attn_zeroed,16,words_only,word_novel,4,0.403893,0.01899
attn_zeroed,16,words_only,word_novel,5,0.414978,0.021792
attn_zeroed,16,words_only,word_novel,6,0.424049,0.022141
attn_zeroed,16,words_only,word_novel,7,0.42838,0.02078
attn_zeroed,16,words_only,word_novel,8,0.431675,0.02145
attn_zeroed,16,words_only,word_novel,9,0.433659,0.023097
attn_zeroed,16,words_only,word_novel,10,0.435419,0.023066
attn_zeroed,16,words_only,word_novel,11,0.436744,0.023101
attn_zeroed,16,words_only,word_novel,12,0.437704,0.024085
attn_zeroed,16,words_only,word_novel,13,0.438554,0.024368
attn_zeroed,16,words_only,word_novel,14,0.439284,0.024891
attn_zeroed,16,words_only,word_novel,15,0.439661,0.024818
attn_zeroed,17,mean_pooled,pair_novel,1,0.21879,0.005824
attn_zeroed,17,mean_pooled,pair_novel,2,0.288154,0.005602
attn_zeroed,17,mean_pooled,pair_novel,3,0.376506,0.003743
attn_zeroed,17,mean_pooled,pair_novel,4,0.413735,0.00439
attn_zeroed,17,mean_pooled,pair_novel,5,0.438281,0.004926
attn_zeroed,17,mean_pooled,pair_novel,6,0.452447,0.004496
attn_zeroed,17,mean_pooled,pair_novel,7,0.461032,0.004383
attn_zeroed,17,mean_pooled,pair_novel,8,0.466778,0.004354
attn_zeroed,17,mean_pooled,pair_novel,9,0.470582,0.004217
attn_zeroed,17,mean_pooled,pair_novel,10,0.473221,0.004593
attn_zeroed,17,mean_pooled,pair_novel,11,0.476129,0.004574
attn_zeroed,17,mean_pooled,pair_novel,12,0.477731,0.004716
attn_zeroed,17,mean_pooled,pair_novel,13,0.478931,0.004676
attn_zeroed,17,mean_pooled,pair_novel,14,0.479929,0.004968
attn_zeroed,17,mean_pooled,pair_novel,15,0.480588,0.005133
attn_zeroed,17,mean_pooled,word_novel,1,0.215927,0.018951
attn_zeroed,17,mean_pooled,word_novel,2,0.279759,0.020529
attn_zeroed,17,mean_pooled,word_novel,3,0.359134,0.021525
attn_zeroed,17,mean_pooled,word_novel,4,0.397271,0.01911
attn_zeroed,17,mean_pooled,word_novel,5,0.419869,0.019814
attn_zeroed,17,mean_pooled,word_novel,6,0.432031,0.020134
attn_zeroed,17,mean_pooled,word_novel,7,0.4368,0.023821
attn_zeroed,17,mean_pooled,word_novel,8,0.441598,0.024824
attn_zeroed,17,mean_pooled,word_novel,9,0.44277,0.024732
attn_zeroed,17,mean_pooled,word_novel,10,0.444705,0.023935
attn_zeroed,17,mean_pooled,word_novel,11,0.446606,0.024003
attn_zeroed,17,mean_pooled,word_novel,12,0.447231,0.024102
attn_zeroed,17,mean_pooled,word_novel,13,0.448085,0.024917
attn_zeroed,17,mean_pooled,word_novel,14,0.448311,0.024751
attn_zeroed,17,mean_pooled,word_novel,15,0.448563,0.025229
attn_zeroed,17,words_only,pair_novel,1,0.217408,0.005662
attn_zeroed,17,words_only,pair_novel,2,0.318091,0.003636
attn_zeroed,17,words_only,pair_novel,3,0.373242,0.003881
attn_zeroed,17,words_only,pair_novel,4,0.407864,0.003821
attn_zeroed,17,words_only,pair_novel,5,0.428037,0.004191
attn_zeroed,17,words_only,pair_novel,6,0.437598,0.004211
attn_zeroed,17,words_only,pair_novel,7,0.444843,0.004146
attn_zeroed,17,words_only,pair_novel,8,0.449371,0.003846
attn_zeroed,17,words_only,pair_novel,9,0.452804,0.003948
attn_zeroed,17,words_only,pair_novel,10,0.455589,0.003941
attn_zeroed,17,words_only,pair_novel,11,0.457556,0.00407
attn_zeroed,17,words_only,pair_novel,12,0.458932,0.004262
attn_zeroed,17,words_only,pair_novel,13,0.459923,0.004322
attn_zeroed,17,words_only,pair_novel,14,0.460619,0.004294
attn_zeroed,17,words_only,pair_novel,15,0.461119,0.004236
attn_zeroed,17,words_only,word_novel,1,0.215102,0.018681
attn_zeroed,17,words_only,word_novel,2,0.312639,0.021012
attn_zeroed,17,words_only,word_novel,3,0.361917,0.019849
attn_zeroed,17,words_only,word_novel,4,0.392937,0.018307
attn_zeroed,17,words_only,word_novel,5,0.411464,0.02003
attn_zeroed,17,words_only,word_novel,6,0.421075,0.021161
attn_zeroed,17,words_only,word_novel,7,0.426948,0.021562
attn_zeroed,17,words_only,word_novel,8,0.429809,0.020826
attn_zeroed,17,words_only,word_novel,9,0.432891,0.022247
attn_zeroed,17,words_only,word_novel,10,0.43461,0.02406
attn_zeroed,17,words_only,word_novel,11,0.436355,0.023677
attn_zeroed,17,words_only,word_novel,12,0.437248,0.024466
attn_zeroed,17,words_only,word_novel,13,0.437999,0.024558
attn_zeroed,17,words_only,word_novel,14,0.438695,0.025411
attn_zeroed,17,words_only,word_novel,15,0.439077,0.025733
attn_zeroed,18,mean_pooled,pair_novel,1,0.222088,0.005667
attn_zeroed,18,mean_pooled,pair_novel,2,0.282941,0.004849
attn_zeroed,18,mean_pooled,pair_novel,3,0.372632,0.003536
attn_zeroed,18,mean_pooled,pair_novel,4,0.406308,0.004552
attn_zeroed,18,mean_pooled,pair_novel,5,0.432431,0.005004
attn_zeroed,18,mean_pooled,pair_novel,6,0.44398,0.005117
attn_zeroed,18,mean_pooled,pair_novel,7,0.451672,0.004925
attn_zeroed,18,mean_pooled,pair_novel,8,0.460852,0.004319
attn_zeroed,18,mean_pooled,pair_novel,9,0.465489,0.004507
attn_zeroed,18,mean_pooled,pair_novel,10,0.468716,0.004443
attn_zeroed,18,mean_pooled,pair_novel,11,0.47027,0.004694
attn_zeroed,18,mean_pooled,pair_novel,12,0.471508,0.004543
attn_zeroed,18,mean_pooled,pair_novel,13,0.472317,0.004572
attn_zeroed,18,mean_pooled,pair_novel,14,0.473112,0.004779
attn_zeroed,18,mean_pooled,pair_novel,15,0.473694,0.004978
attn_zeroed,18,mean_pooled,word_novel,1,0.219048,0.019252
attn_zeroed,18,mean_pooled,word_novel,2,0.274831,0.020354
attn_zeroed,18,mean_pooled,word_novel,3,0.353239,0.021307
attn_zeroed,18,mean_pooled,word_novel,4,0.388305,0.018094
attn_zeroed,18,mean_pooled,word_novel,5,0.411288,0.018249
attn_zeroed,18,mean_pooled,word_novel,6,0.422493,0.017882
attn_zeroed,18,mean_pooled,word_novel,7,0.427023,0.0205
attn_zeroed,18,mean_pooled,word_novel,8,0.433475,0.023588
attn_zeroed,18,mean_pooled,word_novel,9,0.435349,0.022908
attn_zeroed,18,mean_pooled,word_novel,10,0.438002,0.022727
attn_zeroed,18,mean_pooled,word_novel,11,0.438316,0.022882
attn_zeroed,18,mean_pooled,word_novel,12,0.439168,0.023272
attn_zeroed,18,mean_pooled,word_novel,13,0.439606,0.023486
attn_zeroed,18,mean_pooled,word_novel,14,0.440039,0.022959
attn_zeroed,18,mean_pooled,word_novel,15,0.439991,0.023344
attn_zeroed,18,words_only,pair_novel,1,0.219618,0.005575
attn_zeroed,18,words_only,pair_novel,2,0.312115,0.003335
attn_zeroed,18,words_only,pair_novel,3,0.354549,0.00372
attn_zeroed,18,words_only,pair_novel,4,0.398915,0.003439
attn_zeroed,18,words_only,pair_novel,5,0.418437,0.004014
attn_zeroed,18,words_only,pair_novel,6,0.430892,0.003903
attn_zeroed,18,words_only,pair_novel,7,0.439562,0.003986
attn_zeroed,18,words_only,pair_novel,8,0.444887,0.003667
attn_zeroed,18,words_only,pair_novel,9,0.448593,0.00381
attn_zeroed,18,words_only,pair_novel,10,0.451058,0.003775
attn_zeroed,18,words_only,pair_novel,11,0.453134,0.003896
attn_zeroed,18,words_only,pair_novel,12,0.454433,0.004009
attn_zeroed,18,words_only,pair_novel,13,0.455291,0.004097
attn_zeroed,18,words_only,pair_novel,14,0.45584,0.004069
attn_zeroed,18,words_only,pair_novel,15,0.456227,0.004067
attn_zeroed,18,words_only,word_novel,1,0.217545,0.018967
attn_zeroed,18,words_only,word_novel,2,0.306438,0.021658
attn_zeroed,18,words_only,word_novel,3,0.345313,0.019222
attn_zeroed,18,words_only,word_novel,4,0.385711,0.019139
attn_zeroed,18,words_only,word_novel,5,0.40379,0.019869
attn_zeroed,18,words_only,word_novel,6,0.415611,0.021552
attn_zeroed,18,words_only,word_novel,7,0.423402,0.022075
attn_zeroed,18,words_only,word_novel,8,0.426327,0.020445
attn_zeroed,18,words_only,word_novel,9,0.429374,0.02121
attn_zeroed,18,words_only,word_novel,10,0.431377,0.022429
attn_zeroed,18,words_only,word_novel,11,0.433317,0.022335
attn_zeroed,18,words_only,word_novel,12,0.434257,0.022471
attn_zeroed,18,words_only,word_novel,13,0.434758,0.022373
attn_zeroed,18,words_only,word_novel,14,0.435256,0.022877
attn_zeroed,18,words_only,word_novel,15,0.435678,0.022973
attn_zeroed,19,mean_pooled,pair_novel,1,0.224602,0.005389
attn_zeroed,19,mean_pooled,pair_novel,2,0.270187,0.004472
attn_zeroed,19,mean_pooled,pair_novel,3,0.380445,0.004569
attn_zeroed,19,mean_pooled,pair_novel,4,0.410464,0.005086
attn_zeroed,19,mean_pooled,pair_novel,5,0.422998,0.004627
attn_zeroed,19,mean_pooled,pair_novel,6,0.439151,0.005497
attn_zeroed,19,mean_pooled,pair_novel,7,0.448099,0.004905
attn_zeroed,19,mean_pooled,pair_novel,8,0.454471,0.005298
attn_zeroed,19,mean_pooled,pair_novel,9,0.457479,0.005352
attn_zeroed,19,mean_pooled,pair_novel,10,0.460006,0.005333
attn_zeroed,19,mean_pooled,pair_novel,11,0.462803,0.005622
attn_zeroed,19,mean_pooled,pair_novel,12,0.464268,0.005417
attn_zeroed,19,mean_pooled,pair_novel,13,0.465324,0.005596
attn_zeroed,19,mean_pooled,pair_novel,14,0.465942,0.005621
attn_zeroed,19,mean_pooled,pair_novel,15,0.466506,0.005778
attn_zeroed,19,mean_pooled,word_novel,1,0.221361,0.019957
attn_zeroed,19,mean_pooled,word_novel,2,0.263205,0.020017
attn_zeroed,19,mean_pooled,word_novel,3,0.361075,0.017687
attn_zeroed,19,mean_pooled,word_novel,4,0.391808,0.016116
attn_zeroed,19,mean_pooled,word_novel,5,0.401895,0.017322
attn_zeroed,19,mean_pooled,word_novel,6,0.416671,0.017929
attn_zeroed,19,mean_pooled,word_novel,7,0.421608,0.020368
attn_zeroed,19,mean_pooled,word_novel,8,0.425105,0.021426
attn_zeroed,19,mean_pooled,word_novel,9,0.426713,0.021467
attn_zeroed,19,mean_pooled,word_novel,10,0.429209,0.020256
attn_zeroed,19,mean_pooled,word_novel,11,0.42982,0.020326
attn_zeroed,19,mean_pooled,word_novel,12,0.430668,0.020904
attn_zeroed,19,mean_pooled,word_novel,13,0.431045,0.020893
attn_zeroed,19,mean_pooled,word_novel,14,0.431473,0.021251
attn_zeroed,19,mean_pooled,word_novel,15,0.431481,0.02119
attn_zeroed,19,words_only,pair_novel,1,0.2172,0.005485
attn_zeroed,19,words_only,pair_novel,2,0.31197,0.00542
attn_zeroed,19,words_only,pair_novel,3,0.344748,0.003416
attn_zeroed,19,words_only,pair_novel,4,0.395713,0.004096
attn_zeroed,19,words_only,pair_novel,5,0.41925,0.004932
attn_zeroed,19,words_only,pair_novel,6,0.428827,0.004624
attn_zeroed,19,words_only,pair_novel,7,0.435133,0.00464
attn_zeroed,19,words_only,pair_novel,8,0.439932,0.004475
attn_zeroed,19,words_only,pair_novel,9,0.443478,0.004546
attn_zeroed,19,words_only,pair_novel,10,0.445359,0.004374
attn_zeroed,19,words_only,pair_novel,11,0.447152,0.004536
attn_zeroed,19,words_only,pair_novel,12,0.448239,0.004351
attn_zeroed,19,words_only,pair_novel,13,0.44921,0.004488
attn_zeroed,19,words_only,pair_novel,14,0.449826,0.00458
attn_zeroed,19,words_only,pair_novel,15,0.450269,0.004624
attn_zeroed,19,words_only,word_novel,1,0.215274,0.019329
attn_zeroed,19,words_only,word_novel,2,0.304908,0.01848
attn_zeroed,19,words_only,word_novel,3,0.336702,0.019254
attn_zeroed,19,words_only,word_novel,4,0.382404,0.020087
attn_zeroed,19,words_only,word_novel,5,0.403164,0.021508
attn_zeroed,19,words_only,word_novel,6,0.412605,0.021998
attn_zeroed,19,words_only,word_novel,7,0.417314,0.022948
attn_zeroed,19,words_only,word_novel,8,0.420662,0.021259
attn_zeroed,19,words_only,word_novel,9,0.424619,0.021838
attn_zeroed,19,words_only,word_novel,10,0.42575,0.022809
attn_zeroed,19,words_only,word_novel,11,0.427702,0.023406
attn_zeroed,19,words_only,word_novel,12,0.428427,0.022646
attn_zeroed,19,words_only,word_novel,13,0.429464,0.022891
attn_zeroed,19,words_only,word_novel,14,0.42994,0.023284
attn_zeroed,19,words_only,word_novel,15,0.430537,0.023422
attn_zeroed,20,mean_pooled,pair_novel,1,0.22513,0.005219
attn_zeroed,20,mean_pooled,pair_novel,2,0.26708,0.004485
attn_zeroed,20,mean_pooled,pair_novel,3,0.368732,0.003759
attn_zeroed,20,mean_pooled,pair_novel,4,0.388389,0.004451
attn_zeroed,20,mean_pooled,pair_novel,5,0.409532,0.00494
attn_zeroed,20,mean_pooled,pair_novel,6,0.424564,0.005565
attn_zeroed,20,mean_pooled,pair_novel,7,0.434801,0.005025
attn_zeroed,20,mean_pooled,pair_novel,8,0.440039,0.005639
attn_zeroed,20,mean_pooled,pair_novel,9,0.444416,0.005951
attn_zeroed,20,mean_pooled,pair_novel,10,0.448424,0.00594
attn_zeroed,20,mean_pooled,pair_novel,11,0.451511,0.005761
attn_zeroed,20,mean_pooled,pair_novel,12,0.45321,0.005985
attn_zeroed,20,mean_pooled,pair_novel,13,0.454581,0.005828
attn_zeroed,20,mean_pooled,pair_novel,14,0.455367,0.005868
attn_zeroed,20,mean_pooled,pair_novel,15,0.456003,0.005925
attn_zeroed,20,mean_pooled,word_novel,1,0.222016,0.019682
attn_zeroed,20,mean_pooled,word_novel,2,0.261032,0.016661
attn_zeroed,20,mean_pooled,word_novel,3,0.348999,0.018073
attn_zeroed,20,mean_pooled,word_novel,4,0.370128,0.014847
attn_zeroed,20,mean_pooled,word_novel,5,0.388285,0.015766
attn_zeroed,20,mean_pooled,word_novel,6,0.401278,0.015806
attn_zeroed,20,mean_pooled,word_novel,7,0.407615,0.018801
attn_zeroed,20,mean_pooled,word_novel,8,0.410465,0.018715
attn_zeroed,20,mean_pooled,word_novel,9,0.414743,0.019899
attn_zeroed,20,mean_pooled,word_novel,10,0.415632,0.01912
attn_zeroed,20,mean_pooled,word_novel,11,0.418597,0.018875
attn_zeroed,20,mean_pooled,word_novel,12,0.419254,0.019196
attn_zeroed,20,mean_pooled,word_novel,13,0.420197,0.019791
attn_zeroed,20,mean_pooled,word_novel,14,0.420451,0.01983
attn_zeroed,20,mean_pooled,word_novel,15,0.420893,0.019736
attn_zeroed,20,words_only,pair_novel,1,0.214928,0.00546
attn_zeroed,20,words_only,pair_novel,2,0.305639,0.005079
attn_zeroed,20,words_only,pair_novel,3,0.336132,0.003467
attn_zeroed,20,words_only,pair_novel,4,0.371486,0.003241
attn_zeroed,20,words_only,pair_novel,5,0.393013,0.004104
attn_zeroed,20,words_only,pair_novel,6,0.409564,0.004869
attn_zeroed,20,words_only,pair_novel,7,0.420685,0.004609
attn_zeroed,20,words_only,pair_novel,8,0.428449,0.004682
attn_zeroed,20,words_only,pair_novel,9,0.432975,0.004624
attn_zeroed,20,words_only,pair_novel,10,0.436343,0.004683
attn_zeroed,20,words_only,pair_novel,11,0.438182,0.004674
attn_zeroed,20,words_only,pair_novel,12,0.439775,0.004536
attn_zeroed,20,words_only,pair_novel,13,0.440663,0.00466
attn_zeroed,20,words_only,pair_novel,14,0.441304,0.004788
attn_zeroed,20,words_only,pair_novel,15,0.441779,0.004781
attn_zeroed,20,words_only,word_novel,1,0.213212,0.01944
attn_zeroed,20,words_only,word_novel,2,0.299234,0.018994
attn_zeroed,20,words_only,word_novel,3,0.328586,0.019703
attn_zeroed,20,words_only,word_novel,4,0.360328,0.018243
attn_zeroed,20,words_only,word_novel,5,0.379191,0.018688
attn_zeroed,20,words_only,word_novel,6,0.394896,0.019102
attn_zeroed,20,words_only,word_novel,7,0.403971,0.021282
attn_zeroed,20,words_only,word_novel,8,0.410767,0.022521
attn_zeroed,20,words_only,word_novel,9,0.413822,0.02095
attn_zeroed,20,words_only,word_novel,10,0.417368,0.020724
attn_zeroed,20,words_only,word_novel,11,0.418905,0.02189
attn_zeroed,20,words_only,word_novel,12,0.419627,0.022026
attn_zeroed,20,words_only,word_novel,13,0.420714,0.021629
attn_zeroed,20,words_only,word_novel,14,0.421213,0.021689
attn_zeroed,20,words_only,word_novel,15,0.421983,0.022086
attn_zeroed,21,mean_pooled,pair_novel,1,0.223766,0.005067
attn_zeroed,21,mean_pooled,pair_novel,2,0.268115,0.00513
attn_zeroed,21,mean_pooled,pair_novel,3,0.347468,0.004653
attn_zeroed,21,mean_pooled,pair_novel,4,0.376727,0.003815
attn_zeroed,21,mean_pooled,pair_novel,5,0.39877,0.005146
attn_zeroed,21,mean_pooled,pair_novel,6,0.412036,0.005816
attn_zeroed,21,mean_pooled,pair_novel,7,0.422621,0.005559
attn_zeroed,21,mean_pooled,pair_novel,8,0.43004,0.005615
attn_zeroed,21,mean_pooled,pair_novel,9,0.436896,0.005621
attn_zeroed,21,mean_pooled,pair_novel,10,0.441213,0.005926
attn_zeroed,21,mean_pooled,pair_novel,11,0.443895,0.005604
attn_zeroed,21,mean_pooled,pair_novel,12,0.446222,0.005725
attn_zeroed,21,mean_pooled,pair_novel,13,0.447594,0.005773
attn_zeroed,21,mean_pooled,pair_novel,14,0.448496,0.005829
attn_zeroed,21,mean_pooled,pair_novel,15,0.449263,0.00595
attn_zeroed,21,mean_pooled,word_novel,1,0.22031,0.018924
attn_zeroed,21,mean_pooled,word_novel,2,0.262399,0.014429
attn_zeroed,21,mean_pooled,word_novel,3,0.330686,0.018408
attn_zeroed,21,mean_pooled,word_novel,4,0.356422,0.015884
attn_zeroed,21,mean_pooled,word_novel,5,0.379586,0.014008
attn_zeroed,21,mean_pooled,word_novel,6,0.390626,0.015186
attn_zeroed,21,mean_pooled,word_novel,7,0.397687,0.017178
attn_zeroed,21,mean_pooled,word_novel,8,0.404607,0.01797
attn_zeroed,21,mean_pooled,word_novel,9,0.409045,0.019297
attn_zeroed,21,mean_pooled,word_novel,10,0.411441,0.019244
attn_zeroed,21,mean_pooled,word_novel,11,0.413755,0.018372
attn_zeroed,21,mean_pooled,word_novel,12,0.415344,0.018379
attn_zeroed,21,mean_pooled,word_novel,13,0.415821,0.018917
attn_zeroed,21,mean_pooled,word_novel,14,0.41658,0.019359
attn_zeroed,21,mean_pooled,word_novel,15,0.416977,0.019245
attn_zeroed,21,words_only,pair_novel,1,0.212433,0.005306
attn_zeroed,21,words_only,pair_novel,2,0.285768,0.005713
attn_zeroed,21,words_only,pair_novel,3,0.324035,0.00408
attn_zeroed,21,words_only,pair_novel,4,0.367138,0.003175
attn_zeroed,21,words_only,pair_novel,5,0.387697,0.004462
attn_zeroed,21,words_only,pair_novel,6,0.402135,0.004875
attn_zeroed,21,words_only,pair_novel,7,0.413902,0.004683
attn_zeroed,21,words_only,pair_novel,8,0.42135,0.004782
attn_zeroed,21,words_only,pair_novel,9,0.425736,0.004634
attn_zeroed,21,words_only,pair_novel,10,0.429308,0.004733
attn_zeroed,21,words_only,pair_novel,11,0.431357,0.004652
attn_zeroed,21,words_only,pair_novel,12,0.43294,0.004595
attn_zeroed,21,words_only,pair_novel,13,0.433741,0.004515
attn_zeroed,21,words_only,pair_novel,14,0.434434,0.004744
attn_zeroed,21,words_only,pair_novel,15,0.434986,0.004867
attn_zeroed,21,words_only,word_novel,1,0.21108,0.019644
attn_zeroed,21,words_only,word_novel,2,0.280075,0.018969
attn_zeroed,21,words_only,word_novel,3,0.317515,0.020557
attn_zeroed,21,words_only,word_novel,4,0.356423,0.017818
attn_zeroed,21,words_only,word_novel,5,0.374694,0.018133
attn_zeroed,21,words_only,word_novel,6,0.388114,0.017669
attn_zeroed,21,words_only,word_novel,7,0.398488,0.019958
attn_zeroed,21,words_only,word_novel,8,0.405436,0.021992
attn_zeroed,21,words_only,word_novel,9,0.408043,0.022203
attn_zeroed,21,words_only,word_novel,10,0.411378,0.02096
attn_zeroed,21,words_only,word_novel,11,0.413276,0.021949
attn_zeroed,21,words_only,word_novel,12,0.414575,0.022559
attn_zeroed,21,words_only,word_novel,13,0.415055,0.02246
attn_zeroed,21,words_only,word_novel,14,0.415898,0.02184
attn_zeroed,21,words_only,word_novel,15,0.416566,0.021789
attn_zeroed,22,mean_pooled,pair_novel,1,0.225218,0.005013
attn_zeroed,22,mean_pooled,pair_novel,2,0.269048,0.004298
attn_zeroed,22,mean_pooled,pair_novel,3,0.339473,0.005345
attn_zeroed,22,mean_pooled,pair_novel,4,0.377446,0.004431
attn_zeroed,22,mean_pooled,pair_novel,5,0.398907,0.005715
attn_zeroed,22,mean_pooled,pair_novel,6,0.40898,0.006129
attn_zeroed,22,mean_pooled,pair_novel,7,0.416186,0.006395
attn_zeroed,22,mean_pooled,pair_novel,8,0.424979,0.005805
attn_zeroed,22,mean_pooled,pair_novel,9,0.430432,0.006029
attn_zeroed,22,mean_pooled,pair_novel,10,0.434398,0.005821
attn_zeroed,22,mean_pooled,pair_novel,11,0.43663,0.005783
attn_zeroed,22,mean_pooled,pair_novel,12,0.43835,0.005831
attn_zeroed,22,mean_pooled,pair_novel,13,0.439641,0.005809
attn_zeroed,22,mean_pooled,pair_novel,14,0.440338,0.005887
attn_zeroed,22,mean_pooled,pair_novel,15,0.440901,0.005863
attn_zeroed,22,mean_pooled,word_novel,1,0.222047,0.020036
attn_zeroed,22,mean_pooled,word_novel,2,0.262772,0.016799
attn_zeroed,22,mean_pooled,word_novel,3,0.325278,0.019065
attn_zeroed,22,mean_pooled,word_novel,4,0.359102,0.015606
attn_zeroed,22,mean_pooled,word_novel,5,0.377312,0.015862
attn_zeroed,22,mean_pooled,word_novel,6,0.388354,0.014993
attn_zeroed,22,mean_pooled,word_novel,7,0.395892,0.016726
attn_zeroed,22,mean_pooled,word_novel,8,0.401066,0.020014
attn_zeroed,22,mean_pooled,word_novel,9,0.405015,0.020236
attn_zeroed,22,mean_pooled,word_novel,10,0.407295,0.020672
attn_zeroed,22,mean_pooled,word_novel,11,0.409318,0.020262
attn_zeroed,22,mean_pooled,word_novel,12,0.410379,0.020117
attn_zeroed,22,mean_pooled,word_novel,13,0.411235,0.020238
attn_zeroed,22,mean_pooled,word_novel,14,0.411261,0.020432
attn_zeroed,22,mean_pooled,word_novel,15,0.411743,0.020309
attn_zeroed,22,words_only,pair_novel,1,0.211222,0.005183
attn_zeroed,22,words_only,pair_novel,2,0.295006,0.005321
attn_zeroed,22,words_only,pair_novel,3,0.318327,0.00404
attn_zeroed,22,words_only,pair_novel,4,0.364611,0.003024
attn_zeroed,22,words_only,pair_novel,5,0.390938,0.004295
attn_zeroed,22,words_only,pair_novel,6,0.404006,0.004322
attn_zeroed,22,words_only,pair_novel,7,0.412081,0.004135
attn_zeroed,22,words_only,pair_novel,8,0.417077,0.004273
attn_zeroed,22,words_only,pair_novel,9,0.420259,0.004191
attn_zeroed,22,words_only,pair_novel,10,0.423439,0.004266
attn_zeroed,22,words_only,pair_novel,11,0.425008,0.004076
attn_zeroed,22,words_only,pair_novel,12,0.426111,0.003953
attn_zeroed,22,words_only,pair_novel,13,0.426732,0.003896
attn_zeroed,22,words_only,pair_novel,14,0.427261,0.003993
attn_zeroed,22,words_only,pair_novel,15,0.42762,0.004037
attn_zeroed,22,words_only,word_novel,1,0.209684,0.018919
attn_zeroed,22,words_only,word_novel,2,0.28804,0.017935
attn_zeroed,22,words_only,word_novel,3,0.311054,0.021048
attn_zeroed,22,words_only,word_novel,4,0.352898,0.01832
attn_zeroed,22,words_only,word_novel,5,0.377613,0.016887
attn_zeroed,22,words_only,word_novel,6,0.389078,0.019061
attn_zeroed,22,words_only,word_novel,7,0.397603,0.020354
attn_zeroed,22,words_only,word_novel,8,0.401994,0.021755
attn_zeroed,22,words_only,word_novel,9,0.403587,0.021655
attn_zeroed,22,words_only,word_novel,10,0.406689,0.020686
attn_zeroed,22,words_only,word_novel,11,0.407779,0.021907
attn_zeroed,22,words_only,word_novel,12,0.408251,0.022193
attn_zeroed,22,words_only,word_novel,13,0.408789,0.022055
attn_zeroed,22,words_only,word_novel,14,0.409272,0.021607
attn_zeroed,22,words_only,word_novel,15,0.409885,0.021872
attn_zeroed,23,mean_pooled,pair_novel,1,0.226958,0.005203
attn_zeroed,23,mean_pooled,pair_novel,2,0.303182,0.004177
attn_zeroed,23,mean_pooled,pair_novel,3,0.347491,0.004564
attn_zeroed,23,mean_pooled,pair_novel,4,0.370404,0.004105
attn_zeroed,23,mean_pooled,pair_novel,5,0.390083,0.004689
attn_zeroed,23,mean_pooled,pair_novel,6,0.40248,0.005557
attn_zeroed,23,mean_pooled,pair_novel,7,0.413463,0.005952
attn_zeroed,23,mean_pooled,pair_novel,8,0.420423,0.005475
attn_zeroed,23,mean_pooled,pair_novel,9,0.42487,0.005462
attn_zeroed,23,mean_pooled,pair_novel,10,0.427823,0.005505
attn_zeroed,23,mean_pooled,pair_novel,11,0.430114,0.005386
attn_zeroed,23,mean_pooled,pair_novel,12,0.431889,0.005489
attn_zeroed,23,mean_pooled,pair_novel,13,0.432797,0.00542
attn_zeroed,23,mean_pooled,pair_novel,14,0.433508,0.005558
attn_zeroed,23,mean_pooled,pair_novel,15,0.434116,0.005545
attn_zeroed,23,mean_pooled,word_novel,1,0.22391,0.020285
attn_zeroed,23,mean_pooled,word_novel,2,0.29254,0.021358
attn_zeroed,23,mean_pooled,word_novel,3,0.332702,0.019594
attn_zeroed,23,mean_pooled,word_novel,4,0.353718,0.015472
attn_zeroed,23,mean_pooled,word_novel,5,0.370098,0.013352
attn_zeroed,23,mean_pooled,word_novel,6,0.38224,0.014233
attn_zeroed,23,mean_pooled,word_novel,7,0.392603,0.016031
attn_zeroed,23,mean_pooled,word_novel,8,0.39617,0.018066
attn_zeroed,23,mean_pooled,word_novel,9,0.400261,0.018034
attn_zeroed,23,mean_pooled,word_novel,10,0.401347,0.017831
attn_zeroed,23,mean_pooled,word_novel,11,0.403469,0.017589
attn_zeroed,23,mean_pooled,word_novel,12,0.404471,0.017072
attn_zeroed,23,mean_pooled,word_novel,13,0.405163,0.017251
attn_zeroed,23,mean_pooled,word_novel,14,0.40556,0.017085
attn_zeroed,23,mean_pooled,word_novel,15,0.406066,0.016868
attn_zeroed,23,words_only,pair_novel,1,0.21504,0.005491
attn_zeroed,23,words_only,pair_novel,2,0.276799,0.005024
attn_zeroed,23,words_only,pair_novel,3,0.317754,0.004761
attn_zeroed,23,words_only,pair_novel,4,0.349844,0.003109
attn_zeroed,23,words_only,pair_novel,5,0.383994,0.004171
attn_zeroed,23,words_only,pair_novel,6,0.395089,0.004734
attn_zeroed,23,words_only,pair_novel,7,0.404123,0.004648
attn_zeroed,23,words_only,pair_novel,8,0.409999,0.004712
attn_zeroed,23,words_only,pair_novel,9,0.414349,0.004511
attn_zeroed,23,words_only,pair_novel,10,0.416417,0.004788
attn_zeroed,23,words_only,pair_novel,11,0.418821,0.004742
attn_zeroed,23,words_only,pair_novel,12,0.420031,0.004659
attn_zeroed,23,words_only,pair_novel,13,0.420934,0.004553
attn_zeroed,23,words_only,pair_novel,14,0.421411,0.004615
attn_zeroed,23,words_only,pair_novel,15,0.421727,0.004657
attn_zeroed,23,words_only,word_novel,1,0.213779,0.018525
attn_zeroed,23,words_only,word_novel,2,0.270456,0.024218
attn_zeroed,23,words_only,word_novel,3,0.308991,0.019682
attn_zeroed,23,words_only,word_novel,4,0.340753,0.019123
attn_zeroed,23,words_only,word_novel,5,0.370576,0.018948
attn_zeroed,23,words_only,word_novel,6,0.380808,0.019077
attn_zeroed,23,words_only,word_novel,7,0.389069,0.020656
attn_zeroed,23,words_only,word_novel,8,0.395099,0.021269
attn_zeroed,23,words_only,word_novel,9,0.398113,0.02183
attn_zeroed,23,words_only,word_novel,10,0.400115,0.021619
attn_zeroed,23,words_only,word_novel,11,0.401906,0.021775
attn_zeroed,23,words_only,word_novel,12,0.402973,0.022393
attn_zeroed,23,words_only,word_novel,13,0.403573,0.022585
attn_zeroed,23,words_only,word_novel,14,0.404367,0.022436
attn_zeroed,23,words_only,word_novel,15,0.404628,0.022234
attn_zeroed,24,mean_pooled,pair_novel,1,0.246746,0.005772
attn_zeroed,24,mean_pooled,pair_novel,2,0.330295,0.006258
attn_zeroed,24,mean_pooled,pair_novel,3,0.373402,0.005702
attn_zeroed,24,mean_pooled,pair_novel,4,0.391701,0.005489
attn_zeroed,24,mean_pooled,pair_novel,5,0.409015,0.005505
attn_zeroed,24,mean_pooled,pair_novel,6,0.416419,0.005113
attn_zeroed,24,mean_pooled,pair_novel,7,0.420641,0.005312
attn_zeroed,24,mean_pooled,pair_novel,8,0.425839,0.005673
attn_zeroed,24,mean_pooled,pair_novel,9,0.428073,0.005574
attn_zeroed,24,mean_pooled,pair_novel,10,0.429634,0.005699
attn_zeroed,24,mean_pooled,pair_novel,11,0.430849,0.005811
attn_zeroed,24,mean_pooled,pair_novel,12,0.431798,0.005694
attn_zeroed,24,mean_pooled,pair_novel,13,0.432403,0.005832
attn_zeroed,24,mean_pooled,pair_novel,14,0.432746,0.005792
attn_zeroed,24,mean_pooled,pair_novel,15,0.432969,0.005794
attn_zeroed,24,mean_pooled,word_novel,1,0.241685,0.015576
attn_zeroed,24,mean_pooled,word_novel,2,0.319429,0.016564
attn_zeroed,24,mean_pooled,word_novel,3,0.360454,0.014991
attn_zeroed,24,mean_pooled,word_novel,4,0.377462,0.015731
attn_zeroed,24,mean_pooled,word_novel,5,0.390705,0.01683
attn_zeroed,24,mean_pooled,word_novel,6,0.395363,0.017023
attn_zeroed,24,mean_pooled,word_novel,7,0.399421,0.018027
attn_zeroed,24,mean_pooled,word_novel,8,0.401884,0.01805
attn_zeroed,24,mean_pooled,word_novel,9,0.402736,0.01821
attn_zeroed,24,mean_pooled,word_novel,10,0.403915,0.0172
attn_zeroed,24,mean_pooled,word_novel,11,0.404308,0.01724
attn_zeroed,24,mean_pooled,word_novel,12,0.404657,0.017077
attn_zeroed,24,mean_pooled,word_novel,13,0.405102,0.017572
attn_zeroed,24,mean_pooled,word_novel,14,0.405436,0.017556
attn_zeroed,24,mean_pooled,word_novel,15,0.405688,0.017226
attn_zeroed,24,words_only,pair_novel,1,0.197407,0.003735
attn_zeroed,24,words_only,pair_novel,2,0.295545,0.006101
attn_zeroed,24,words_only,pair_novel,3,0.334708,0.005874
attn_zeroed,24,words_only,pair_novel,4,0.362109,0.006094
attn_zeroed,24,words_only,pair_novel,5,0.382646,0.005178
attn_zeroed,24,words_only,pair_novel,6,0.398201,0.005412
attn_zeroed,24,words_only,pair_novel,7,0.403707,0.005084
attn_zeroed,24,words_only,pair_novel,8,0.408972,0.005479
attn_zeroed,24,words_only,pair_novel,9,0.411714,0.005861
attn_zeroed,24,words_only,pair_novel,10,0.413848,0.005881
attn_zeroed,24,words_only,pair_novel,11,0.414979,0.005938
attn_zeroed,24,words_only,pair_novel,12,0.415841,0.005876
attn_zeroed,24,words_only,pair_novel,13,0.416428,0.005914
attn_zeroed,24,words_only,pair_novel,14,0.416896,0.005817
attn_zeroed,24,words_only,pair_novel,15,0.417221,0.005785
attn_zeroed,24,words_only,word_novel,1,0.191766,0.018711
attn_zeroed,24,words_only,word_novel,2,0.291201,0.018285
attn_zeroed,24,words_only,word_novel,3,0.330065,0.020172
attn_zeroed,24,words_only,word_novel,4,0.353704,0.019188
attn_zeroed,24,words_only,word_novel,5,0.370439,0.021583
attn_zeroed,24,words_only,word_novel,6,0.382504,0.022616
attn_zeroed,24,words_only,word_novel,7,0.385995,0.024471
attn_zeroed,24,words_only,word_novel,8,0.389525,0.02575
attn_zeroed,24,words_only,word_novel,9,0.390825,0.02576
attn_zeroed,24,words_only,word_novel,10,0.39232,0.026123
attn_zeroed,24,words_only,word_novel,11,0.393646,0.025947
attn_zeroed,24,words_only,word_novel,12,0.394177,0.025563
attn_zeroed,24,words_only,word_novel,13,0.39497,0.025477
attn_zeroed,24,words_only,word_novel,14,0.395563,0.025828
attn_zeroed,24,words_only,word_novel,15,0.396191,0.025787
