holdout,n_train,n_test,r,r2
freq>20,211530,1416,0.561159,0.3149
freq>5,205576,7370,0.599914,0.359897
freq>1,168938,44008,0.612705,0.375407
